
Note: Compatibility modes selected: hs a


Circuit: * environment: bounce {'mvpp': 30} code 16

Doing analysis at TEMP = 27.000000 and TNOM = 27.000000

Using SPARSE 1.3 as Direct Linear Solver

Initial Transient Solution
--------------------------

Node                                   Voltage
----                                   -------
vpwr                                       1.2
code[0]                                 -0.015
gb                                      -0.015
code[1]                                 -0.015
code[2]                                 -0.015
code[3]                                 -0.015
code[4]                                    1.2
code[5]                                 -0.015
code[6]                                 -0.015
code[7]                                 -0.015
enable                                     1.2
xdut.vbp                              0.744019
clk_out                              0.0173455
xdut.b1                               0.703158
xdut.s3                                0.61218
xdut.s2                                0.61218
xdut.n_126                             1.09369
xdut.s1                                0.61218
xdut.n_125                             1.09369
xdut.s10                              0.595382
xdut.s6                                0.61218
xdut.s5                                0.61218
xdut.n_128                             1.09369
xdut.s9                               0.613066
xdut.n_133                             1.09374
xdut.s4                                0.61218
xdut.n_129                             1.09369
xdut.s8                               0.612133
xdut.n_132                             1.09369
xdut.s7                               0.612183
xdut.n_130                             1.09369
xdut.n_127                             1.09369
xdut.n_131                             1.09369
xdut.s0                                0.61218
xdut.n_124                             1.09369
xdut.n_71                             0.108816
xdut.n_72                             0.108816
xdut.n_70                             0.108816
xdut.n_77                             0.108816
xdut.n_75                             0.108816
xdut.n_73                             0.108816
xdut.n_67                             0.108748
xdut.n_76                             0.108816
xdut.n_69                             0.108819
xdut.n_74                             0.108816
xdut.n_122                             1.08101
xdut.n_i1005                          0.130304
xdut.n_68                             0.128771
xdut.vbn                              0.338152
vgb#branch                         8.06557e-05
ven#branch                        -7.39571e-12
vc7#branch                         4.28172e-12
vc6#branch                         2.14046e-12
vc5#branch                         1.07026e-12
vc4#branch                        -7.23555e-09
vc3#branch                         2.67565e-13
vc2#branch                         1.33783e-13
vc1#branch                         6.68918e-14
vc0#branch                         3.34459e-14
vdd#branch                        -8.06557e-05

 Reference value :  0.00000e+00
 Reference value :  1.42500e-09
 Reference value :  3.32500e-09
 Reference value :  4.67500e-09
 Reference value :  6.07500e-09
 Reference value :  7.52500e-09
 Reference value :  8.92500e-09
 Reference value :  1.03250e-08
 Reference value :  1.18250e-08
 Reference value :  1.32250e-08
 Reference value :  1.46750e-08
 Reference value :  1.61750e-08
 Reference value :  1.76250e-08
 Reference value :  1.89750e-08
 Reference value :  2.02750e-08
 Reference value :  2.15750e-08
 Reference value :  2.30250e-08
 Reference value :  2.45250e-08
 Reference value :  2.58250e-08
 Reference value :  2.71750e-08
 Reference value :  2.85250e-08
 Reference value :  2.99250e-08
 Reference value :  3.11250e-08
 Reference value :  3.27250e-08
 Reference value :  3.41250e-08
 Reference value :  3.54750e-08
 Reference value :  3.71250e-08
 Reference value :  3.85250e-08
 Reference value :  3.99250e-08
 Reference value :  4.14250e-08
 Reference value :  4.28250e-08
 Reference value :  4.42250e-08
 Reference value :  4.56250e-08
 Reference value :  4.70250e-08
 Reference value :  4.84250e-08
 Reference value :  4.98250e-08
 Reference value :  5.10150e-08
 Reference value :  5.25250e-08
 Reference value :  5.38250e-08
 Reference value :  5.50750e-08
 Reference value :  5.64250e-08
 Reference value :  5.77750e-08
 Reference value :  5.91750e-08
 Reference value :  6.06250e-08
 Reference value :  6.19750e-08
 Reference value :  6.33250e-08
 Reference value :  6.46750e-08
 Reference value :  6.60750e-08
 Reference value :  6.74250e-08
 Reference value :  6.90750e-08
 Reference value :  7.06750e-08
 Reference value :  7.20750e-08
 Reference value :  7.34750e-08
 Reference value :  7.48250e-08
 Reference value :  7.61750e-08
 Reference value :  7.75250e-08
 Reference value :  7.88750e-08
 Reference value :  8.01250e-08
 Reference value :  8.13750e-08
 Reference value :  8.27750e-08
 Reference value :  8.41750e-08
 Reference value :  8.56250e-08
 Reference value :  8.70250e-08
 Reference value :  8.84750e-08
 Reference value :  8.98750e-08
 Reference value :  9.12250e-08
 Reference value :  9.26250e-08
 Reference value :  9.39750e-08
 Reference value :  9.53250e-08
 Reference value :  9.67250e-08
 Reference value :  9.79750e-08
 Reference value :  9.91750e-08
 Reference value :  1.00275e-07
 Reference value :  1.01475e-07
 Reference value :  1.02725e-07
 Reference value :  1.03975e-07
 Reference value :  1.05225e-07
 Reference value :  1.06425e-07
 Reference value :  1.07675e-07
 Reference value :  1.08875e-07
 Reference value :  1.10035e-07
 Reference value :  1.11125e-07
 Reference value :  1.12375e-07
 Reference value :  1.13625e-07
 Reference value :  1.14875e-07
 Reference value :  1.16275e-07
 Reference value :  1.17825e-07
 Reference value :  1.19225e-07
 Reference value :  1.20775e-07
 Reference value :  1.22025e-07
 Reference value :  1.23375e-07
 Reference value :  1.24775e-07
 Reference value :  1.26175e-07
 Reference value :  1.27575e-07
 Reference value :  1.28975e-07
 Reference value :  1.30225e-07
 Reference value :  1.31475e-07
 Reference value :  1.32875e-07
 Reference value :  1.34375e-07
 Reference value :  1.35775e-07
 Reference value :  1.37175e-07
 Reference value :  1.38575e-07
 Reference value :  1.40015e-07
 Reference value :  1.41375e-07
 Reference value :  1.42775e-07
 Reference value :  1.44175e-07
 Reference value :  1.45525e-07
 Reference value :  1.46775e-07
 Reference value :  1.48025e-07
 Reference value :  1.49225e-07
 Reference value :  1.50525e-07
 Reference value :  1.51825e-07
 Reference value :  1.53025e-07
 Reference value :  1.54275e-07
 Reference value :  1.55525e-07
 Reference value :  1.56675e-07
 Reference value :  1.57875e-07
 Reference value :  1.59125e-07
 Reference value :  1.60325e-07
 Reference value :  1.61475e-07
 Reference value :  1.62725e-07
 Reference value :  1.63975e-07
 Reference value :  1.65225e-07
 Reference value :  1.66475e-07
 Reference value :  1.67725e-07
 Reference value :  1.68975e-07
 Reference value :  1.70125e-07
 Reference value :  1.71275e-07
 Reference value :  1.72525e-07
 Reference value :  1.73775e-07
 Reference value :  1.75025e-07
 Reference value :  1.76325e-07
 Reference value :  1.77625e-07
 Reference value :  1.78925e-07
 Reference value :  1.80075e-07
 Reference value :  1.81475e-07
 Reference value :  1.82875e-07
 Reference value :  1.84125e-07
 Reference value :  1.85325e-07
 Reference value :  1.86525e-07
 Reference value :  1.87775e-07
 Reference value :  1.89025e-07
 Reference value :  1.90175e-07
 Reference value :  1.91325e-07
 Reference value :  1.92575e-07
 Reference value :  1.93825e-07
 Reference value :  1.95075e-07
 Reference value :  1.96325e-07
 Reference value :  1.97625e-07
 Reference value :  1.98875e-07
 Reference value :  2.00005e-07
 Reference value :  2.01125e-07
 Reference value :  2.02475e-07
 Reference value :  2.03725e-07
 Reference value :  2.04975e-07
 Reference value :  2.06275e-07
 Reference value :  2.07525e-07
 Reference value :  2.08775e-07
 Reference value :  2.09963e-07
 Reference value :  2.11000e-07
 Reference value :  2.12025e-07
 Reference value :  2.13225e-07
 Reference value :  2.14425e-07
 Reference value :  2.15625e-07
 Reference value :  2.16775e-07
 Reference value :  2.17975e-07
 Reference value :  2.19175e-07
 Reference value :  2.20275e-07
 Reference value :  2.21325e-07
 Reference value :  2.22625e-07
 Reference value :  2.23975e-07
 Reference value :  2.25375e-07
 Reference value :  2.26775e-07
 Reference value :  2.28175e-07
 Reference value :  2.29575e-07
 Reference value :  2.30925e-07
 Reference value :  2.32125e-07
 Reference value :  2.33325e-07
 Reference value :  2.34575e-07
 Reference value :  2.35825e-07
 Reference value :  2.37075e-07
 Reference value :  2.38375e-07
 Reference value :  2.39625e-07
 Reference value :  2.40775e-07
 Reference value :  2.41925e-07
 Reference value :  2.43175e-07
 Reference value :  2.44375e-07
 Reference value :  2.45525e-07
 Reference value :  2.46725e-07
 Reference value :  2.48025e-07
 Reference value :  2.49375e-07
 Reference value :  2.50675e-07
 Reference value :  2.52025e-07
 Reference value :  2.53425e-07
 Reference value :  2.54775e-07
 Reference value :  2.56025e-07
 Reference value :  2.57375e-07
 Reference value :  2.58775e-07
 Reference value :  2.60075e-07
 Reference value :  2.61625e-07
 Reference value :  2.63075e-07
 Reference value :  2.64425e-07
 Reference value :  2.65875e-07
 Reference value :  2.67225e-07
 Reference value :  2.68575e-07
 Reference value :  2.69925e-07
 Reference value :  2.71125e-07
 Reference value :  2.72525e-07
 Reference value :  2.73825e-07
 Reference value :  2.75025e-07
 Reference value :  2.76225e-07
 Reference value :  2.77575e-07
 Reference value :  2.78925e-07
 Reference value :  2.80175e-07
 Reference value :  2.81425e-07
 Reference value :  2.82775e-07
 Reference value :  2.84125e-07
 Reference value :  2.85475e-07
 Reference value :  2.86825e-07
 Reference value :  2.88175e-07
 Reference value :  2.89525e-07
 Reference value :  2.90963e-07
 Reference value :  2.92225e-07
 Reference value :  2.93625e-07
 Reference value :  2.94975e-07
 Reference value :  2.96375e-07
 Reference value :  2.97775e-07
 Reference value :  2.99125e-07
 Reference value :  3.00375e-07
 Reference value :  3.01575e-07
 Reference value :  3.02975e-07
 Reference value :  3.04325e-07
 Reference value :  3.05725e-07
 Reference value :  3.07125e-07
 Reference value :  3.08525e-07
 Reference value :  3.09925e-07
 Reference value :  3.11125e-07
 Reference value :  3.12525e-07
 Reference value :  3.13925e-07
 Reference value :  3.15325e-07
 Reference value :  3.16725e-07
 Reference value :  3.18125e-07
 Reference value :  3.19525e-07
 Reference value :  3.20825e-07
 Reference value :  3.22125e-07
 Reference value :  3.23525e-07
 Reference value :  3.24925e-07
 Reference value :  3.26325e-07
 Reference value :  3.27725e-07
 Reference value :  3.29125e-07
 Reference value :  3.30425e-07
 Reference value :  3.31725e-07
 Reference value :  3.33125e-07
 Reference value :  3.34675e-07
 Reference value :  3.36075e-07
 Reference value :  3.37525e-07
 Reference value :  3.38925e-07
 Reference value :  3.40175e-07
 Reference value :  3.41475e-07
 Reference value :  3.42925e-07
 Reference value :  3.44325e-07
 Reference value :  3.45725e-07
 Reference value :  3.47125e-07
 Reference value :  3.48475e-07
 Reference value :  3.49825e-07
 Reference value :  3.51015e-07
 Reference value :  3.52375e-07
 Reference value :  3.53725e-07
 Reference value :  3.55075e-07
 Reference value :  3.56475e-07
 Reference value :  3.57875e-07
 Reference value :  3.59275e-07
 Reference value :  3.60575e-07
 Reference value :  3.61875e-07
 Reference value :  3.63225e-07
 Reference value :  3.64575e-07
 Reference value :  3.65975e-07
 Reference value :  3.67375e-07
 Reference value :  3.68775e-07
 Reference value :  3.70035e-07
 Reference value :  3.71225e-07
 Reference value :  3.72925e-07
 Reference value :  3.74325e-07
 Reference value :  3.75675e-07
 Reference value :  3.77025e-07
 Reference value :  3.78325e-07
 Reference value :  3.79675e-07
 Reference value :  3.81005e-07
 Reference value :  3.82325e-07
 Reference value :  3.83675e-07
 Reference value :  3.85075e-07
 Reference value :  3.86425e-07
 Reference value :  3.87775e-07
 Reference value :  3.89125e-07
 Reference value :  3.90325e-07
 Reference value :  3.91575e-07
 Reference value :  3.92925e-07
 Reference value :  3.94275e-07
 Reference value :  3.95625e-07
 Reference value :  3.96975e-07
 Reference value :  3.98275e-07
 Reference value :  3.99675e-07
 Reference value :  4.01075e-07
 Reference value :  4.02425e-07
 Reference value :  4.03775e-07
 Reference value :  4.05125e-07
 Reference value :  4.06475e-07
 Reference value :  4.07825e-07
 Reference value :  4.09275e-07
 Reference value :  4.10675e-07
 Reference value :  4.12075e-07
 Reference value :  4.13475e-07
 Reference value :  4.14875e-07
 Reference value :  4.16275e-07
 Reference value :  4.17675e-07
 Reference value :  4.19025e-07
 Reference value :  4.20425e-07
 Reference value :  4.21875e-07
 Reference value :  4.23275e-07
 Reference value :  4.24725e-07
 Reference value :  4.26125e-07
 Reference value :  4.27525e-07
 Reference value :  4.28975e-07
 Reference value :  4.30275e-07
 Reference value :  4.31525e-07
 Reference value :  4.32875e-07
 Reference value :  4.34325e-07
 Reference value :  4.35825e-07
 Reference value :  4.37325e-07
 Reference value :  4.38775e-07
 Reference value :  4.40075e-07
 Reference value :  4.41425e-07
 Reference value :  4.42775e-07
 Reference value :  4.44225e-07
 Reference value :  4.45625e-07
 Reference value :  4.47025e-07
 Reference value :  4.48425e-07
 Reference value :  4.49825e-07
 Reference value :  4.51015e-07
 Reference value :  4.52375e-07
 Reference value :  4.53775e-07
 Reference value :  4.55175e-07
 Reference value :  4.56575e-07
 Reference value :  4.57975e-07
 Reference value :  4.59425e-07
 Reference value :  4.60725e-07
 Reference value :  4.62075e-07
 Reference value :  4.63425e-07
 Reference value :  4.64775e-07
 Reference value :  4.66125e-07
 Reference value :  4.67525e-07
 Reference value :  4.68925e-07
 Reference value :  4.70275e-07
 Reference value :  4.71575e-07
 Reference value :  4.72975e-07
 Reference value :  4.74375e-07
 Reference value :  4.75775e-07
 Reference value :  4.77175e-07
 Reference value :  4.78575e-07
 Reference value :  4.79963e-07
 Reference value :  4.81175e-07
 Reference value :  4.82625e-07
 Reference value :  4.84175e-07
 Reference value :  4.85575e-07
 Reference value :  4.86975e-07
 Reference value :  4.88325e-07
 Reference value :  4.89625e-07
 Reference value :  4.90775e-07
 Reference value :  4.91925e-07
 Reference value :  4.93175e-07
 Reference value :  4.94325e-07
 Reference value :  4.95525e-07
 Reference value :  4.96675e-07
 Reference value :  4.97825e-07
 Reference value :  4.99025e-07
 Reference value :  5.00125e-07
 Reference value :  5.01225e-07
 Reference value :  5.02425e-07
 Reference value :  5.03675e-07
 Reference value :  5.04925e-07
 Reference value :  5.06175e-07
 Reference value :  5.07375e-07
 Reference value :  5.08575e-07
 Reference value :  5.09725e-07
 Reference value :  5.11035e-07
 Reference value :  5.12275e-07
 Reference value :  5.13525e-07
 Reference value :  5.14775e-07
 Reference value :  5.16025e-07
 Reference value :  5.17225e-07
 Reference value :  5.18425e-07
 Reference value :  5.19625e-07
 Reference value :  5.20675e-07
 Reference value :  5.21725e-07
 Reference value :  5.22925e-07
 Reference value :  5.24175e-07
 Reference value :  5.25525e-07
 Reference value :  5.26775e-07
 Reference value :  5.27975e-07
 Reference value :  5.29325e-07
 Reference value :  5.30625e-07
 Reference value :  5.31875e-07
 Reference value :  5.33575e-07
 Reference value :  5.34975e-07
 Reference value :  5.36325e-07
 Reference value :  5.37725e-07
 Reference value :  5.39175e-07
 Reference value :  5.40525e-07
 Reference value :  5.41925e-07
 Reference value :  5.43325e-07
 Reference value :  5.44675e-07
 Reference value :  5.46075e-07
 Reference value :  5.47475e-07
 Reference value :  5.48775e-07
 Reference value :  5.50000e-07
 Reference value :  5.51225e-07
 Reference value :  5.52475e-07
 Reference value :  5.53725e-07
 Reference value :  5.55025e-07
 Reference value :  5.56275e-07
 Reference value :  5.57525e-07
 Reference value :  5.58775e-07
 Reference value :  5.60000e-07
 Reference value :  5.61075e-07
 Reference value :  5.62325e-07
 Reference value :  5.63575e-07
 Reference value :  5.64825e-07
 Reference value :  5.66075e-07
 Reference value :  5.67325e-07
 Reference value :  5.68575e-07
 Reference value :  5.69825e-07
 Reference value :  5.71015e-07
 Reference value :  5.72225e-07
 Reference value :  5.73525e-07
 Reference value :  5.74775e-07
 Reference value :  5.76025e-07
 Reference value :  5.77275e-07
 Reference value :  5.78475e-07
 Reference value :  5.79775e-07
 Reference value :  5.81075e-07
 Reference value :  5.82325e-07
 Reference value :  5.83625e-07
 Reference value :  5.85025e-07
 Reference value :  5.86425e-07
 Reference value :  5.87875e-07
 Reference value :  5.89275e-07
 Reference value :  5.90575e-07
 Reference value :  5.91825e-07
 Reference value :  5.93225e-07
 Reference value :  5.94675e-07
 Reference value :  5.96075e-07
 Reference value :  5.97475e-07
 Reference value :  5.98825e-07
 Reference value :  6.00125e-07
 Reference value :  6.01375e-07
 Reference value :  6.02775e-07
 Reference value :  6.04125e-07
 Reference value :  6.05475e-07
 Reference value :  6.06825e-07
 Reference value :  6.08175e-07
 Reference value :  6.09575e-07
 Reference value :  6.11015e-07
 Reference value :  6.12425e-07
 Reference value :  6.13925e-07
 Reference value :  6.15425e-07
 Reference value :  6.16775e-07
 Reference value :  6.18125e-07
 Reference value :  6.19525e-07
 Reference value :  6.21015e-07
 Reference value :  6.22575e-07
 Reference value :  6.23975e-07
 Reference value :  6.25375e-07
 Reference value :  6.26775e-07
 Reference value :  6.28175e-07
 Reference value :  6.29575e-07
 Reference value :  6.30875e-07
 Reference value :  6.32175e-07
 Reference value :  6.33575e-07
 Reference value :  6.34975e-07
 Reference value :  6.36375e-07
 Reference value :  6.37775e-07
 Reference value :  6.39175e-07
 Reference value :  6.40625e-07
 Reference value :  6.42025e-07
 Reference value :  6.43525e-07
 Reference value :  6.44925e-07
 Reference value :  6.46275e-07
 Reference value :  6.47675e-07
 Reference value :  6.49125e-07
 Reference value :  6.50675e-07
 Reference value :  6.52075e-07
 Reference value :  6.53525e-07
 Reference value :  6.54875e-07
 Reference value :  6.56275e-07
 Reference value :  6.57675e-07
 Reference value :  6.59075e-07
 Reference value :  6.60375e-07
 Reference value :  6.61675e-07
 Reference value :  6.62925e-07
 Reference value :  6.64125e-07
 Reference value :  6.65325e-07
 Reference value :  6.66475e-07
 Reference value :  6.67675e-07
 Reference value :  6.68925e-07
 Reference value :  6.70035e-07
 Reference value :  6.71225e-07
 Reference value :  6.72475e-07
 Reference value :  6.73775e-07
 Reference value :  6.75025e-07
 Reference value :  6.76425e-07
 Reference value :  6.77825e-07
 Reference value :  6.79225e-07
 Reference value :  6.80625e-07
 Reference value :  6.82025e-07
 Reference value :  6.83375e-07
 Reference value :  6.84775e-07
 Reference value :  6.86225e-07
 Reference value :  6.87675e-07
 Reference value :  6.89125e-07
 Reference value :  6.90575e-07
 Reference value :  6.91925e-07
 Reference value :  6.93325e-07
 Reference value :  6.94725e-07
 Reference value :  6.96125e-07
 Reference value :  6.97525e-07
 Reference value :  6.98925e-07
 Reference value :  7.00225e-07
 Reference value :  7.01475e-07
 Reference value :  7.02875e-07
 Reference value :  7.04275e-07
 Reference value :  7.05725e-07
 Reference value :  7.07125e-07
 Reference value :  7.08575e-07
 Reference value :  7.09925e-07
 Reference value :  7.11225e-07
 Reference value :  7.12625e-07
 Reference value :  7.14025e-07
 Reference value :  7.15425e-07
 Reference value :  7.16825e-07
 Reference value :  7.18225e-07
 Reference value :  7.19775e-07
 Reference value :  7.21175e-07
 Reference value :  7.22575e-07
 Reference value :  7.23925e-07
 Reference value :  7.25275e-07
 Reference value :  7.26625e-07
 Reference value :  7.27975e-07
 Reference value :  7.29325e-07
 Reference value :  7.30575e-07
 Reference value :  7.31825e-07
 Reference value :  7.33325e-07
 Reference value :  7.34725e-07
 Reference value :  7.36125e-07
 Reference value :  7.37575e-07
 Reference value :  7.38975e-07
 Reference value :  7.40275e-07
 Reference value :  7.41575e-07
 Reference value :  7.42925e-07
 Reference value :  7.44275e-07
 Reference value :  7.45625e-07
 Reference value :  7.47025e-07
 Reference value :  7.48425e-07
 Reference value :  7.49925e-07
 Reference value :  7.51275e-07
 Reference value :  7.52675e-07
 Reference value :  7.54075e-07
 Reference value :  7.55475e-07
 Reference value :  7.56875e-07
 Reference value :  7.58275e-07
 Reference value :  7.59675e-07
 Reference value :  7.61005e-07
 Reference value :  7.62375e-07
 Reference value :  7.63825e-07
 Reference value :  7.65225e-07
 Reference value :  7.66625e-07
 Reference value :  7.67875e-07
 Reference value :  7.69125e-07
 Reference value :  7.70275e-07
 Reference value :  7.71375e-07
 Reference value :  7.72575e-07
 Reference value :  7.73775e-07
 Reference value :  7.74975e-07
 Reference value :  7.76175e-07
 Reference value :  7.77425e-07
 Reference value :  7.78675e-07
 Reference value :  7.79925e-07
 Reference value :  7.81175e-07
 Reference value :  7.82425e-07
 Reference value :  7.83725e-07
 Reference value :  7.85025e-07
 Reference value :  7.86325e-07
 Reference value :  7.87575e-07
 Reference value :  7.88925e-07
 Reference value :  7.90225e-07
 Reference value :  7.91625e-07
 Reference value :  7.93075e-07
 Reference value :  7.94475e-07
 Reference value :  7.95875e-07
 Reference value :  7.97275e-07
 Reference value :  7.98675e-07
 Reference value :  8.00015e-07
 Reference value :  8.01325e-07
 Reference value :  8.02775e-07
 Reference value :  8.04225e-07
 Reference value :  8.05575e-07
 Reference value :  8.06925e-07
 Reference value :  8.08325e-07
 Reference value :  8.09675e-07
 Reference value :  8.11125e-07
 Reference value :  8.12525e-07
 Reference value :  8.13925e-07
 Reference value :  8.15325e-07
 Reference value :  8.16675e-07
 Reference value :  8.18025e-07
 Reference value :  8.19375e-07
 Reference value :  8.20625e-07
 Reference value :  8.21925e-07
 Reference value :  8.23325e-07
 Reference value :  8.24725e-07
 Reference value :  8.26125e-07
 Reference value :  8.27425e-07
 Reference value :  8.28725e-07
 Reference value :  8.30035e-07
 Reference value :  8.31325e-07
 Reference value :  8.32725e-07
 Reference value :  8.34075e-07
 Reference value :  8.35425e-07
 Reference value :  8.36775e-07
 Reference value :  8.38125e-07
 Reference value :  8.39475e-07
 Reference value :  8.40875e-07
 Reference value :  8.42175e-07
 Reference value :  8.43725e-07
 Reference value :  8.45125e-07
 Reference value :  8.46625e-07
 Reference value :  8.48025e-07
 Reference value :  8.49325e-07
 Reference value :  8.50625e-07
 Reference value :  8.51875e-07
 Reference value :  8.53225e-07
 Reference value :  8.54625e-07
 Reference value :  8.55975e-07
 Reference value :  8.57375e-07
 Reference value :  8.58775e-07
 Reference value :  8.60075e-07
 Reference value :  8.61375e-07
 Reference value :  8.62775e-07
 Reference value :  8.64175e-07
 Reference value :  8.65525e-07
 Reference value :  8.66875e-07
 Reference value :  8.68075e-07
 Reference value :  8.69275e-07
 Reference value :  8.70475e-07
 Reference value :  8.71725e-07
 Reference value :  8.72925e-07
 Reference value :  8.74225e-07
 Reference value :  8.75575e-07
 Reference value :  8.76975e-07
 Reference value :  8.78375e-07
 Reference value :  8.79775e-07
 Reference value :  8.81035e-07
 Reference value :  8.82275e-07
 Reference value :  8.83525e-07
 Reference value :  8.84775e-07
 Reference value :  8.86075e-07
 Reference value :  8.87475e-07
 Reference value :  8.88875e-07
 Reference value :  8.90175e-07
 Reference value :  8.91625e-07
 Reference value :  8.92975e-07
 Reference value :  8.94325e-07
 Reference value :  8.95725e-07
 Reference value :  8.97075e-07
 Reference value :  8.98425e-07
 Reference value :  8.99825e-07
 Reference value :  9.01275e-07
 Reference value :  9.02825e-07
 Reference value :  9.04225e-07
 Reference value :  9.05775e-07
 Reference value :  9.07125e-07
 Reference value :  9.08525e-07
 Reference value :  9.09925e-07
 Reference value :  9.11175e-07
 Reference value :  9.12625e-07
 Reference value :  9.14075e-07
 Reference value :  9.15525e-07
 Reference value :  9.16925e-07
 Reference value :  9.18325e-07
 Reference value :  9.19675e-07
 Reference value :  9.21035e-07
 Reference value :  9.22375e-07
 Reference value :  9.23775e-07
 Reference value :  9.25175e-07
 Reference value :  9.26675e-07
 Reference value :  9.28075e-07
 Reference value :  9.29475e-07
 Reference value :  9.30775e-07
 Reference value :  9.32025e-07
 Reference value :  9.33475e-07
 Reference value :  9.34925e-07
 Reference value :  9.36375e-07
 Reference value :  9.37825e-07
 Reference value :  9.39225e-07
 Reference value :  9.40525e-07
 Reference value :  9.41775e-07
 Reference value :  9.43175e-07
 Reference value :  9.44575e-07
 Reference value :  9.45975e-07
 Reference value :  9.47375e-07
 Reference value :  9.48775e-07
 Reference value :  9.50005e-07
 Reference value :  9.51425e-07
 Reference value :  9.52725e-07
 Reference value :  9.54025e-07
 Reference value :  9.55275e-07
 Reference value :  9.56525e-07
 Reference value :  9.57825e-07
 Reference value :  9.59075e-07
 Reference value :  9.60275e-07
 Reference value :  9.61525e-07
 Reference value :  9.62775e-07
 Reference value :  9.64075e-07
 Reference value :  9.65325e-07
 Reference value :  9.66625e-07
 Reference value :  9.67825e-07
 Reference value :  9.69025e-07
 Reference value :  9.70175e-07
 Reference value :  9.71275e-07
 Reference value :  9.72525e-07
 Reference value :  9.73725e-07
 Reference value :  9.74975e-07
 Reference value :  9.76275e-07
 Reference value :  9.77575e-07
 Reference value :  9.78875e-07
 Reference value :  9.80075e-07
 Reference value :  9.81625e-07
 Reference value :  9.82875e-07
 Reference value :  9.84125e-07
 Reference value :  9.85375e-07
 Reference value :  9.86625e-07
 Reference value :  9.87925e-07
 Reference value :  9.89225e-07
 Reference value :  9.90425e-07
 Reference value :  9.91525e-07
 Reference value :  9.92725e-07
 Reference value :  9.93925e-07
 Reference value :  9.95075e-07
 Reference value :  9.96275e-07
 Reference value :  9.97475e-07
 Reference value :  9.98675e-07
 Reference value :  9.99875e-07
 Reference value :  1.00100e-06
 Reference value :  1.00217e-06
 Reference value :  1.00342e-06
 Reference value :  1.00467e-06
 Reference value :  1.00592e-06
 Reference value :  1.00717e-06
 Reference value :  1.00842e-06
 Reference value :  1.00967e-06
 Reference value :  1.01096e-06
 Reference value :  1.01212e-06
 Reference value :  1.01352e-06
 Reference value :  1.01472e-06
 Reference value :  1.01597e-06
 Reference value :  1.01722e-06
 Reference value :  1.01852e-06
 Reference value :  1.01987e-06
 Reference value :  1.02103e-06
 Reference value :  1.02237e-06
 Reference value :  1.02382e-06
 Reference value :  1.02517e-06
 Reference value :  1.02652e-06
 Reference value :  1.02787e-06
 Reference value :  1.02927e-06
 Reference value :  1.03062e-06
 Reference value :  1.03192e-06
 Reference value :  1.03332e-06
 Reference value :  1.03472e-06
 Reference value :  1.03612e-06
 Reference value :  1.03757e-06
 Reference value :  1.03897e-06
 Reference value :  1.04027e-06
 Reference value :  1.04137e-06
 Reference value :  1.04257e-06
 Reference value :  1.04397e-06
 Reference value :  1.04547e-06
 Reference value :  1.04692e-06
 Reference value :  1.04832e-06
 Reference value :  1.04967e-06
 Reference value :  1.05096e-06
 Reference value :  1.05227e-06
 Reference value :  1.05367e-06
 Reference value :  1.05507e-06
 Reference value :  1.05647e-06
 Reference value :  1.05787e-06
 Reference value :  1.05932e-06
 Reference value :  1.06072e-06
 Reference value :  1.06207e-06
 Reference value :  1.06397e-06
 Reference value :  1.06567e-06
 Reference value :  1.06712e-06
 Reference value :  1.06852e-06
 Reference value :  1.06992e-06
 Reference value :  1.07112e-06
 Reference value :  1.07252e-06
 Reference value :  1.07397e-06
 Reference value :  1.07537e-06
 Reference value :  1.07677e-06
 Reference value :  1.07817e-06
 Reference value :  1.07957e-06
 Reference value :  1.08087e-06
 Reference value :  1.08222e-06
 Reference value :  1.08367e-06
 Reference value :  1.08512e-06
 Reference value :  1.08652e-06
 Reference value :  1.08792e-06
 Reference value :  1.08932e-06
 Reference value :  1.09062e-06
 Reference value :  1.09202e-06
 Reference value :  1.09342e-06
 Reference value :  1.09482e-06
 Reference value :  1.09617e-06
 Reference value :  1.09757e-06
 Reference value :  1.09897e-06
 Reference value :  1.10037e-06
 Reference value :  1.10162e-06
 Reference value :  1.10302e-06
 Reference value :  1.10442e-06
 Reference value :  1.10582e-06
 Reference value :  1.10722e-06
 Reference value :  1.10862e-06
 Reference value :  1.11000e-06
 Reference value :  1.11122e-06
 Reference value :  1.11262e-06
 Reference value :  1.11402e-06
 Reference value :  1.11537e-06
 Reference value :  1.11672e-06
 Reference value :  1.11807e-06
 Reference value :  1.11942e-06
 Reference value :  1.12087e-06
 Reference value :  1.12217e-06
 Reference value :  1.12362e-06
 Reference value :  1.12502e-06
 Reference value :  1.12647e-06
 Reference value :  1.12792e-06
 Reference value :  1.12932e-06
 Reference value :  1.13072e-06
 Reference value :  1.13197e-06
 Reference value :  1.13337e-06
 Reference value :  1.13482e-06
 Reference value :  1.13622e-06
 Reference value :  1.13762e-06
 Reference value :  1.13902e-06
 Reference value :  1.14032e-06
 Reference value :  1.14162e-06
 Reference value :  1.14302e-06
 Reference value :  1.14442e-06
 Reference value :  1.14582e-06
 Reference value :  1.14732e-06
 Reference value :  1.14877e-06
 Reference value :  1.15012e-06
 Reference value :  1.15142e-06
 Reference value :  1.15282e-06
 Reference value :  1.15427e-06
 Reference value :  1.15567e-06
 Reference value :  1.15712e-06
 Reference value :  1.15857e-06
 Reference value :  1.15996e-06
 Reference value :  1.16113e-06
 Reference value :  1.16237e-06
 Reference value :  1.16362e-06
 Reference value :  1.16487e-06
 Reference value :  1.16612e-06
 Reference value :  1.16737e-06
 Reference value :  1.16862e-06
 Reference value :  1.16992e-06
 Reference value :  1.17102e-06
 Reference value :  1.17222e-06
 Reference value :  1.17362e-06
 Reference value :  1.17497e-06
 Reference value :  1.17632e-06
 Reference value :  1.17767e-06
 Reference value :  1.17897e-06
 Reference value :  1.18008e-06
 Reference value :  1.18122e-06
 Reference value :  1.18242e-06
 Reference value :  1.18362e-06
 Reference value :  1.18487e-06
 Reference value :  1.18612e-06
 Reference value :  1.18737e-06
 Reference value :  1.18862e-06
 Reference value :  1.18987e-06
 Reference value :  1.19100e-06
 Reference value :  1.19217e-06
 Reference value :  1.19342e-06
 Reference value :  1.19467e-06
 Reference value :  1.19592e-06
 Reference value :  1.19717e-06
 Reference value :  1.19847e-06
 Reference value :  1.19972e-06
 Reference value :  1.20087e-06
 Reference value :  1.20217e-06
 Reference value :  1.20357e-06
 Reference value :  1.20482e-06
 Reference value :  1.20607e-06
 Reference value :  1.20732e-06
 Reference value :  1.20852e-06
 Reference value :  1.20977e-06
 Reference value :  1.21092e-06
 Reference value :  1.21212e-06
 Reference value :  1.21337e-06
 Reference value :  1.21462e-06
 Reference value :  1.21587e-06
 Reference value :  1.21712e-06
 Reference value :  1.21832e-06
 Reference value :  1.21957e-06
 Reference value :  1.22072e-06
 Reference value :  1.22187e-06
 Reference value :  1.22317e-06
 Reference value :  1.22442e-06
 Reference value :  1.22572e-06
 Reference value :  1.22697e-06
 Reference value :  1.22822e-06
 Reference value :  1.22942e-06
 Reference value :  1.23077e-06
 Reference value :  1.23192e-06
 Reference value :  1.23317e-06
 Reference value :  1.23447e-06
 Reference value :  1.23572e-06
 Reference value :  1.23697e-06
 Reference value :  1.23827e-06
 Reference value :  1.23952e-06
 Reference value :  1.24067e-06
 Reference value :  1.24182e-06
 Reference value :  1.24307e-06
 Reference value :  1.24432e-06
 Reference value :  1.24557e-06
 Reference value :  1.24677e-06
 Reference value :  1.24797e-06
 Reference value :  1.24917e-06
 Reference value :  1.25032e-06
 Reference value :  1.25142e-06
 Reference value :  1.25267e-06
 Reference value :  1.25387e-06
 Reference value :  1.25512e-06
 Reference value :  1.25637e-06
 Reference value :  1.25767e-06
 Reference value :  1.25897e-06
 Reference value :  1.26017e-06
 Reference value :  1.26132e-06
 Reference value :  1.26252e-06
 Reference value :  1.26367e-06
 Reference value :  1.26487e-06
 Reference value :  1.26612e-06
 Reference value :  1.26752e-06
 Reference value :  1.26892e-06
 Reference value :  1.27032e-06
 Reference value :  1.27172e-06
 Reference value :  1.27307e-06
 Reference value :  1.27447e-06
 Reference value :  1.27587e-06
 Reference value :  1.27722e-06
 Reference value :  1.27842e-06
 Reference value :  1.27967e-06
 Reference value :  1.28082e-06
 Reference value :  1.28197e-06
 Reference value :  1.28322e-06
 Reference value :  1.28447e-06
 Reference value :  1.28577e-06
 Reference value :  1.28702e-06
 Reference value :  1.28827e-06
 Reference value :  1.28952e-06
 Reference value :  1.29072e-06
 Reference value :  1.29192e-06
 Reference value :  1.29317e-06
 Reference value :  1.29447e-06
 Reference value :  1.29577e-06
 Reference value :  1.29707e-06
 Reference value :  1.29837e-06
 Reference value :  1.29967e-06
 Reference value :  1.30096e-06
 Reference value :  1.30217e-06
 Reference value :  1.30347e-06
 Reference value :  1.30477e-06
 Reference value :  1.30607e-06
 Reference value :  1.30737e-06
 Reference value :  1.30867e-06
 Reference value :  1.30996e-06
 Reference value :  1.31103e-06
 Reference value :  1.31232e-06
 Reference value :  1.31362e-06
 Reference value :  1.31492e-06
 Reference value :  1.31617e-06
 Reference value :  1.31742e-06
 Reference value :  1.31867e-06
 Reference value :  1.31996e-06
 Reference value :  1.32108e-06
 Reference value :  1.32237e-06
 Reference value :  1.32367e-06
 Reference value :  1.32497e-06
 Reference value :  1.32627e-06
 Reference value :  1.32757e-06
 Reference value :  1.32887e-06
 Reference value :  1.33003e-06
 Reference value :  1.33112e-06
 Reference value :  1.33232e-06
 Reference value :  1.33357e-06
 Reference value :  1.33482e-06
 Reference value :  1.33602e-06
 Reference value :  1.33727e-06
 Reference value :  1.33852e-06
 Reference value :  1.33977e-06
 Reference value :  1.34117e-06
 Reference value :  1.34247e-06
 Reference value :  1.34372e-06
 Reference value :  1.34497e-06
 Reference value :  1.34622e-06
 Reference value :  1.34747e-06
 Reference value :  1.34872e-06
 Reference value :  1.34996e-06
 Reference value :  1.35112e-06
 Reference value :  1.35252e-06
 Reference value :  1.35392e-06
 Reference value :  1.35532e-06
 Reference value :  1.35672e-06
 Reference value :  1.35812e-06
 Reference value :  1.35937e-06
 Reference value :  1.36057e-06
 Reference value :  1.36172e-06
 Reference value :  1.36297e-06
 Reference value :  1.36422e-06
 Reference value :  1.36547e-06
 Reference value :  1.36672e-06
 Reference value :  1.36797e-06
 Reference value :  1.36927e-06
 Reference value :  1.37052e-06
 Reference value :  1.37182e-06
 Reference value :  1.37322e-06
 Reference value :  1.37457e-06
 Reference value :  1.37597e-06
 Reference value :  1.37737e-06
 Reference value :  1.37882e-06
 Reference value :  1.38027e-06
 Reference value :  1.38177e-06
 Reference value :  1.38332e-06
 Reference value :  1.38492e-06
 Reference value :  1.38632e-06
 Reference value :  1.38772e-06
 Reference value :  1.38907e-06
 Reference value :  1.39037e-06
 Reference value :  1.39162e-06
 Reference value :  1.39302e-06
 Reference value :  1.39437e-06
 Reference value :  1.39577e-06
 Reference value :  1.39722e-06
 Reference value :  1.39862e-06
 Reference value :  1.40001e-06
 Reference value :  1.40142e-06
 Reference value :  1.40287e-06
 Reference value :  1.40432e-06
 Reference value :  1.40572e-06
 Reference value :  1.40712e-06
 Reference value :  1.40852e-06
 Reference value :  1.40996e-06
 Reference value :  1.41127e-06
 Reference value :  1.41252e-06
 Reference value :  1.41377e-06
 Reference value :  1.41502e-06
 Reference value :  1.41627e-06
 Reference value :  1.41752e-06
 Reference value :  1.41882e-06
 Reference value :  1.42001e-06
 Reference value :  1.42112e-06
 Reference value :  1.42237e-06
 Reference value :  1.42362e-06
 Reference value :  1.42492e-06
 Reference value :  1.42617e-06
 Reference value :  1.42742e-06
 Reference value :  1.42867e-06
 Reference value :  1.42992e-06
 Reference value :  1.43100e-06
 Reference value :  1.43207e-06
 Reference value :  1.43327e-06
 Reference value :  1.43447e-06
 Reference value :  1.43567e-06
 Reference value :  1.43687e-06
 Reference value :  1.43807e-06
 Reference value :  1.43927e-06
 Reference value :  1.44057e-06
 Reference value :  1.44172e-06
 Reference value :  1.44297e-06
 Reference value :  1.44422e-06
 Reference value :  1.44547e-06
 Reference value :  1.44667e-06
 Reference value :  1.44787e-06
 Reference value :  1.44907e-06
 Reference value :  1.45012e-06
 Reference value :  1.45122e-06
 Reference value :  1.45267e-06
 Reference value :  1.45387e-06
 Reference value :  1.45507e-06
 Reference value :  1.45637e-06
 Reference value :  1.45757e-06
 Reference value :  1.45882e-06
 Reference value :  1.46001e-06
 Reference value :  1.46112e-06
 Reference value :  1.46242e-06
 Reference value :  1.46372e-06
 Reference value :  1.46502e-06
 Reference value :  1.46627e-06
 Reference value :  1.46752e-06
 Reference value :  1.46877e-06
 Reference value :  1.47000e-06
 Reference value :  1.47132e-06
 Reference value :  1.47257e-06
 Reference value :  1.47382e-06
 Reference value :  1.47507e-06
 Reference value :  1.47632e-06
 Reference value :  1.47757e-06
 Reference value :  1.47892e-06
 Reference value :  1.48022e-06
 Reference value :  1.48162e-06
 Reference value :  1.48302e-06
 Reference value :  1.48442e-06
 Reference value :  1.48582e-06
 Reference value :  1.48727e-06
 Reference value :  1.48862e-06
 Reference value :  1.49001e-06
 Reference value :  1.49122e-06
 Reference value :  1.49257e-06
 Reference value :  1.49392e-06
 Reference value :  1.49527e-06
 Reference value :  1.49662e-06
 Reference value :  1.49797e-06
 Reference value :  1.49937e-06
 Reference value :  1.50072e-06
 Reference value :  1.50197e-06
 Reference value :  1.50337e-06
 Reference value :  1.50477e-06
 Reference value :  1.50617e-06
 Reference value :  1.50757e-06
 Reference value :  1.50897e-06
 Reference value :  1.51022e-06
 Reference value :  1.51162e-06
 Reference value :  1.51287e-06
 Reference value :  1.51412e-06
 Reference value :  1.51542e-06
 Reference value :  1.51662e-06
 Reference value :  1.51782e-06
 Reference value :  1.51902e-06
 Reference value :  1.52012e-06
 Reference value :  1.52137e-06
 Reference value :  1.52282e-06
 Reference value :  1.52422e-06
 Reference value :  1.52562e-06
 Reference value :  1.52712e-06
 Reference value :  1.52872e-06
 Reference value :  1.53017e-06
 Reference value :  1.53167e-06
 Reference value :  1.53307e-06
 Reference value :  1.53447e-06
 Reference value :  1.53587e-06
 Reference value :  1.53722e-06
 Reference value :  1.53857e-06
 Reference value :  1.54002e-06
 Reference value :  1.54127e-06
 Reference value :  1.54257e-06
 Reference value :  1.54382e-06
 Reference value :  1.54507e-06
 Reference value :  1.54642e-06
 Reference value :  1.54782e-06
 Reference value :  1.54917e-06
 Reference value :  1.55047e-06
 Reference value :  1.55192e-06
 Reference value :  1.55352e-06
 Reference value :  1.55557e-06
 Reference value :  1.55697e-06
 Reference value :  1.55837e-06
 Reference value :  1.55977e-06
 Reference value :  1.56104e-06
 Reference value :  1.56277e-06
 Reference value :  1.56417e-06
 Reference value :  1.56552e-06
 Reference value :  1.56692e-06
 Reference value :  1.56832e-06
 Reference value :  1.56977e-06
 Reference value :  1.57102e-06
 Reference value :  1.57237e-06
 Reference value :  1.57377e-06
 Reference value :  1.57517e-06
 Reference value :  1.57657e-06
 Reference value :  1.57797e-06
 Reference value :  1.57942e-06
 Reference value :  1.58087e-06
 Reference value :  1.58222e-06
 Reference value :  1.58362e-06
 Reference value :  1.58502e-06
 Reference value :  1.58642e-06
 Reference value :  1.58782e-06
 Reference value :  1.58922e-06
 Reference value :  1.59077e-06
 Reference value :  1.59207e-06
 Reference value :  1.59347e-06
 Reference value :  1.59482e-06
 Reference value :  1.59612e-06
 Reference value :  1.59737e-06
 Reference value :  1.59877e-06
 Reference value :  1.60008e-06
 Reference value :  1.60137e-06
 Reference value :  1.60277e-06
 Reference value :  1.60417e-06
 Reference value :  1.60557e-06
 Reference value :  1.60697e-06
 Reference value :  1.60842e-06
 Reference value :  1.60982e-06
 Reference value :  1.61122e-06
 Reference value :  1.61277e-06
 Reference value :  1.61417e-06
 Reference value :  1.61582e-06
 Reference value :  1.61757e-06
 Reference value :  1.61902e-06
 Reference value :  1.62032e-06
 Reference value :  1.62197e-06
 Reference value :  1.62342e-06
 Reference value :  1.62482e-06
 Reference value :  1.62617e-06
 Reference value :  1.62752e-06
 Reference value :  1.62887e-06
 Reference value :  1.63017e-06
 Reference value :  1.63142e-06
 Reference value :  1.63282e-06
 Reference value :  1.63422e-06
 Reference value :  1.63562e-06
 Reference value :  1.63702e-06
 Reference value :  1.63842e-06
 Reference value :  1.63982e-06
 Reference value :  1.64117e-06
 Reference value :  1.64252e-06
 Reference value :  1.64387e-06
 Reference value :  1.64527e-06
 Reference value :  1.64662e-06
 Reference value :  1.64797e-06
 Reference value :  1.64937e-06
 Reference value :  1.65067e-06
 Reference value :  1.65197e-06
 Reference value :  1.65342e-06
 Reference value :  1.65487e-06
 Reference value :  1.65627e-06
 Reference value :  1.65767e-06
 Reference value :  1.65907e-06
 Reference value :  1.66037e-06
 Reference value :  1.66167e-06
 Reference value :  1.66312e-06
 Reference value :  1.66477e-06
 Reference value :  1.66622e-06
 Reference value :  1.66762e-06
 Reference value :  1.66902e-06
 Reference value :  1.67037e-06
 Reference value :  1.67152e-06
 Reference value :  1.67287e-06
 Reference value :  1.67427e-06
 Reference value :  1.67567e-06
 Reference value :  1.67712e-06
 Reference value :  1.67852e-06
 Reference value :  1.67992e-06
 Reference value :  1.68112e-06
 Reference value :  1.68247e-06
 Reference value :  1.68387e-06
 Reference value :  1.68522e-06
 Reference value :  1.68657e-06
 Reference value :  1.68792e-06
 Reference value :  1.68927e-06
 Reference value :  1.69057e-06
 Reference value :  1.69167e-06
 Reference value :  1.69292e-06
 Reference value :  1.69417e-06
 Reference value :  1.69542e-06
 Reference value :  1.69672e-06
 Reference value :  1.69797e-06
 Reference value :  1.69937e-06
 Reference value :  1.70082e-06
 Reference value :  1.70197e-06
 Reference value :  1.70317e-06
 Reference value :  1.70437e-06
 Reference value :  1.70567e-06
 Reference value :  1.70687e-06
 Reference value :  1.70817e-06
 Reference value :  1.70937e-06
 Reference value :  1.71047e-06
 Reference value :  1.71157e-06
 Reference value :  1.71292e-06
 Reference value :  1.71432e-06
 Reference value :  1.71567e-06
 Reference value :  1.71707e-06
 Reference value :  1.71837e-06
 Reference value :  1.71957e-06
 Reference value :  1.72067e-06
 Reference value :  1.72192e-06
 Reference value :  1.72312e-06
 Reference value :  1.72437e-06
 Reference value :  1.72562e-06
 Reference value :  1.72682e-06
 Reference value :  1.72807e-06
 Reference value :  1.72927e-06
 Reference value :  1.73042e-06
 Reference value :  1.73152e-06
 Reference value :  1.73292e-06
 Reference value :  1.73417e-06
 Reference value :  1.73542e-06
 Reference value :  1.73667e-06
 Reference value :  1.73792e-06
 Reference value :  1.73912e-06
 Reference value :  1.74022e-06
 Reference value :  1.74137e-06
 Reference value :  1.74257e-06
 Reference value :  1.74377e-06
 Reference value :  1.74497e-06
 Reference value :  1.74617e-06
 Reference value :  1.74737e-06
 Reference value :  1.74857e-06
 Reference value :  1.74977e-06
 Reference value :  1.75092e-06
 Reference value :  1.75202e-06
 Reference value :  1.75327e-06
 Reference value :  1.75452e-06
 Reference value :  1.75582e-06
 Reference value :  1.75712e-06
 Reference value :  1.75842e-06
 Reference value :  1.75967e-06
 Reference value :  1.76082e-06
 Reference value :  1.76192e-06
 Reference value :  1.76322e-06
 Reference value :  1.76447e-06
 Reference value :  1.76572e-06
 Reference value :  1.76697e-06
 Reference value :  1.76822e-06
 Reference value :  1.76947e-06
 Reference value :  1.77057e-06
 Reference value :  1.77167e-06
 Reference value :  1.77292e-06
 Reference value :  1.77412e-06
 Reference value :  1.77542e-06
 Reference value :  1.77672e-06
 Reference value :  1.77802e-06
 Reference value :  1.77932e-06
 Reference value :  1.78067e-06
 Reference value :  1.78187e-06
 Reference value :  1.78307e-06
 Reference value :  1.78427e-06
 Reference value :  1.78547e-06
 Reference value :  1.78667e-06
 Reference value :  1.78792e-06
 Reference value :  1.78917e-06
 Reference value :  1.79037e-06
 Reference value :  1.79152e-06
 Reference value :  1.79282e-06
 Reference value :  1.79412e-06
 Reference value :  1.79537e-06
 Reference value :  1.79662e-06
 Reference value :  1.79792e-06
 Reference value :  1.79922e-06
 Reference value :  1.80037e-06
 Reference value :  1.80152e-06
 Reference value :  1.80277e-06
 Reference value :  1.80402e-06
 Reference value :  1.80527e-06
 Reference value :  1.80657e-06
 Reference value :  1.80782e-06
 Reference value :  1.80907e-06
 Reference value :  1.81027e-06
 Reference value :  1.81157e-06
 Reference value :  1.81282e-06
 Reference value :  1.81402e-06
 Reference value :  1.81522e-06
 Reference value :  1.81642e-06
 Reference value :  1.81762e-06
 Reference value :  1.81882e-06
 Reference value :  1.82001e-06
 Reference value :  1.82112e-06
 Reference value :  1.82237e-06
 Reference value :  1.82362e-06
 Reference value :  1.82487e-06
 Reference value :  1.82612e-06
 Reference value :  1.82742e-06
 Reference value :  1.82867e-06
 Reference value :  1.82992e-06
 Reference value :  1.83103e-06
 Reference value :  1.83232e-06
 Reference value :  1.83362e-06
 Reference value :  1.83487e-06
 Reference value :  1.83622e-06
 Reference value :  1.83762e-06
 Reference value :  1.83902e-06
 Reference value :  1.84032e-06
 Reference value :  1.84177e-06
 Reference value :  1.84327e-06
 Reference value :  1.84462e-06
 Reference value :  1.84587e-06
 Reference value :  1.84717e-06
 Reference value :  1.84847e-06
 Reference value :  1.84977e-06
 Reference value :  1.85112e-06
 Reference value :  1.85262e-06
 Reference value :  1.85402e-06
 Reference value :  1.85542e-06
 Reference value :  1.85682e-06
 Reference value :  1.85827e-06
 Reference value :  1.85967e-06
 Reference value :  1.86100e-06
 Reference value :  1.86227e-06
 Reference value :  1.86367e-06
 Reference value :  1.86507e-06
 Reference value :  1.86647e-06
 Reference value :  1.86792e-06
 Reference value :  1.86932e-06
 Reference value :  1.87062e-06
 Reference value :  1.87187e-06
 Reference value :  1.87327e-06
 Reference value :  1.87467e-06
 Reference value :  1.87602e-06
 Reference value :  1.87742e-06
 Reference value :  1.87882e-06
 Reference value :  1.88012e-06
 Reference value :  1.88142e-06
 Reference value :  1.88292e-06
 Reference value :  1.88432e-06
 Reference value :  1.88572e-06
 Reference value :  1.88722e-06
 Reference value :  1.88862e-06
 Reference value :  1.89000e-06
 Reference value :  1.89122e-06
 Reference value :  1.89262e-06
 Reference value :  1.89402e-06
 Reference value :  1.89542e-06
 Reference value :  1.89682e-06
 Reference value :  1.89822e-06
 Reference value :  1.89962e-06
 Reference value :  1.90092e-06
 Reference value :  1.90222e-06
 Reference value :  1.90357e-06
 Reference value :  1.90497e-06
 Reference value :  1.90637e-06
 Reference value :  1.90777e-06
 Reference value :  1.90917e-06
 Reference value :  1.91053e-06
 Reference value :  1.91183e-06
 Reference value :  1.91328e-06
 Reference value :  1.91463e-06
 Reference value :  1.91598e-06
 Reference value :  1.91738e-06
 Reference value :  1.91873e-06
 Reference value :  1.92001e-06
 Reference value :  1.92133e-06
 Reference value :  1.92298e-06
 Reference value :  1.92438e-06
 Reference value :  1.92578e-06
 Reference value :  1.92718e-06
 Reference value :  1.92853e-06
 Reference value :  1.93000e-06
 Reference value :  1.93128e-06
 Reference value :  1.93273e-06
 Reference value :  1.93413e-06
 Reference value :  1.93558e-06
 Reference value :  1.93698e-06
 Reference value :  1.93833e-06
 Reference value :  1.93968e-06
 Reference value :  1.94096e-06
 Reference value :  1.94223e-06
 Reference value :  1.94358e-06
 Reference value :  1.94498e-06
 Reference value :  1.94638e-06
 Reference value :  1.94778e-06
 Reference value :  1.94918e-06
 Reference value :  1.95068e-06
 Reference value :  1.95208e-06
 Reference value :  1.95348e-06
 Reference value :  1.95488e-06
 Reference value :  1.95638e-06
 Reference value :  1.95778e-06
 Reference value :  1.95903e-06
 Reference value :  1.96017e-06
 Reference value :  1.96143e-06
 Reference value :  1.96283e-06
 Reference value :  1.96423e-06
 Reference value :  1.96563e-06
 Reference value :  1.96703e-06
 Reference value :  1.96843e-06
 Reference value :  1.96983e-06
 Reference value :  1.97103e-06
 Reference value :  1.97243e-06
 Reference value :  1.97383e-06
 Reference value :  1.97523e-06
 Reference value :  1.97663e-06
 Reference value :  1.97808e-06
 Reference value :  1.97943e-06
 Reference value :  1.98058e-06
 Reference value :  1.98173e-06
 Reference value :  1.98298e-06
 Reference value :  1.98423e-06
 Reference value :  1.98548e-06
 Reference value :  1.98673e-06
 Reference value :  1.98798e-06
 Reference value :  1.98923e-06
 Reference value :  1.99043e-06
 Reference value :  1.99158e-06
 Reference value :  1.99298e-06
 Reference value :  1.99438e-06
 Reference value :  1.99578e-06
 Reference value :  1.99713e-06
 Reference value :  1.99848e-06
 Reference value :  1.99983e-06
 Reference value :  2.00103e-06
 Reference value :  2.00248e-06
 Reference value :  2.00388e-06
 Reference value :  2.00528e-06
 Reference value :  2.00668e-06
 Reference value :  2.00808e-06
 Reference value :  2.00948e-06
 Reference value :  2.01083e-06
 Reference value :  2.01218e-06
 Reference value :  2.01363e-06
 Reference value :  2.01503e-06
 Reference value :  2.01643e-06
 Reference value :  2.01783e-06
 Reference value :  2.01923e-06
 Reference value :  2.02058e-06
 Reference value :  2.02183e-06
 Reference value :  2.02323e-06
 Reference value :  2.02463e-06
 Reference value :  2.02603e-06
 Reference value :  2.02743e-06
 Reference value :  2.02878e-06
 Reference value :  2.03007e-06
 Reference value :  2.03133e-06
 Reference value :  2.03278e-06
 Reference value :  2.03418e-06
 Reference value :  2.03553e-06
 Reference value :  2.03693e-06
 Reference value :  2.03823e-06
 Reference value :  2.03958e-06
 Reference value :  2.04093e-06
 Reference value :  2.04223e-06
 Reference value :  2.04363e-06
 Reference value :  2.04498e-06
 Reference value :  2.04633e-06
 Reference value :  2.04768e-06
 Reference value :  2.04903e-06
 Reference value :  2.05028e-06
 Reference value :  2.05148e-06
 Reference value :  2.05268e-06
 Reference value :  2.05388e-06
 Reference value :  2.05508e-06
 Reference value :  2.05623e-06
 Reference value :  2.05743e-06
 Reference value :  2.05863e-06
 Reference value :  2.05983e-06
 Reference value :  2.06107e-06
 Reference value :  2.06233e-06
 Reference value :  2.06358e-06
 Reference value :  2.06488e-06
 Reference value :  2.06613e-06
 Reference value :  2.06738e-06
 Reference value :  2.06863e-06
 Reference value :  2.06993e-06
 Reference value :  2.07101e-06
 Reference value :  2.07218e-06
 Reference value :  2.07338e-06
 Reference value :  2.07458e-06
 Reference value :  2.07578e-06
 Reference value :  2.07698e-06
 Reference value :  2.07818e-06
 Reference value :  2.07938e-06
 Reference value :  2.08048e-06
 Reference value :  2.08168e-06
 Reference value :  2.08293e-06
 Reference value :  2.08413e-06
 Reference value :  2.08533e-06
 Reference value :  2.08653e-06
 Reference value :  2.08773e-06
 Reference value :  2.08893e-06
 Reference value :  2.09007e-06
 Reference value :  2.09123e-06
 Reference value :  2.09243e-06
 Reference value :  2.09358e-06
 Reference value :  2.09483e-06
 Reference value :  2.09608e-06
 Reference value :  2.09733e-06
 Reference value :  2.09858e-06
 Reference value :  2.09983e-06
 Reference value :  2.10104e-06
 Reference value :  2.10228e-06
 Reference value :  2.10353e-06
 Reference value :  2.10478e-06
 Reference value :  2.10603e-06
 Reference value :  2.10728e-06
 Reference value :  2.10853e-06
 Reference value :  2.10978e-06
 Reference value :  2.11093e-06
 Reference value :  2.11208e-06
 Reference value :  2.11333e-06
 Reference value :  2.11458e-06
 Reference value :  2.11583e-06
 Reference value :  2.11708e-06
 Reference value :  2.11833e-06
 Reference value :  2.11958e-06
 Reference value :  2.12083e-06
 Reference value :  2.12203e-06
 Reference value :  2.12333e-06
 Reference value :  2.12463e-06
 Reference value :  2.12593e-06
 Reference value :  2.12723e-06
 Reference value :  2.12853e-06
 Reference value :  2.12968e-06
 Reference value :  2.13096e-06
 Reference value :  2.13218e-06
 Reference value :  2.13348e-06
 Reference value :  2.13478e-06
 Reference value :  2.13603e-06
 Reference value :  2.13728e-06
 Reference value :  2.13853e-06
 Reference value :  2.13978e-06
 Reference value :  2.14096e-06
 Reference value :  2.14213e-06
 Reference value :  2.14338e-06
 Reference value :  2.14458e-06
 Reference value :  2.14578e-06
 Reference value :  2.14698e-06
 Reference value :  2.14818e-06
 Reference value :  2.14933e-06
 Reference value :  2.15043e-06
 Reference value :  2.15148e-06
 Reference value :  2.15268e-06
 Reference value :  2.15388e-06
 Reference value :  2.15508e-06
 Reference value :  2.15628e-06
 Reference value :  2.15748e-06
 Reference value :  2.15868e-06
 Reference value :  2.15988e-06
 Reference value :  2.16101e-06
 Reference value :  2.16208e-06
 Reference value :  2.16328e-06
 Reference value :  2.16448e-06
 Reference value :  2.16568e-06
 Reference value :  2.16693e-06
 Reference value :  2.16818e-06
 Reference value :  2.16938e-06
 Reference value :  2.17048e-06
 Reference value :  2.17178e-06
 Reference value :  2.17313e-06
 Reference value :  2.17448e-06
 Reference value :  2.17588e-06
 Reference value :  2.17723e-06
 Reference value :  2.17858e-06
 Reference value :  2.17993e-06
 Reference value :  2.18107e-06
 Reference value :  2.18243e-06
 Reference value :  2.18428e-06
 Reference value :  2.18583e-06
 Reference value :  2.18718e-06
 Reference value :  2.18873e-06
 Reference value :  2.19027e-06
 Reference value :  2.19148e-06
 Reference value :  2.19283e-06
 Reference value :  2.19418e-06
 Reference value :  2.19553e-06
 Reference value :  2.19688e-06
 Reference value :  2.19823e-06
 Reference value :  2.19963e-06
 Reference value :  2.20101e-06
 Reference value :  2.20233e-06
 Reference value :  2.20383e-06
 Reference value :  2.20513e-06
 Reference value :  2.20643e-06
 Reference value :  2.20778e-06
 Reference value :  2.20913e-06
 Reference value :  2.21038e-06
 Reference value :  2.21173e-06
 Reference value :  2.21308e-06
 Reference value :  2.21443e-06
 Reference value :  2.21578e-06
 Reference value :  2.21713e-06
 Reference value :  2.21848e-06
 Reference value :  2.21983e-06
 Reference value :  2.22100e-06
 Reference value :  2.22218e-06
 Reference value :  2.22338e-06
 Reference value :  2.22458e-06
 Reference value :  2.22583e-06
 Reference value :  2.22703e-06
 Reference value :  2.22823e-06
 Reference value :  2.22958e-06
 Reference value :  2.23100e-06
 Reference value :  2.23228e-06
 Reference value :  2.23363e-06
 Reference value :  2.23488e-06
 Reference value :  2.23608e-06
 Reference value :  2.23728e-06
 Reference value :  2.23848e-06
 Reference value :  2.23968e-06
 Reference value :  2.24083e-06
 Reference value :  2.24193e-06
 Reference value :  2.24313e-06
 Reference value :  2.24433e-06
 Reference value :  2.24558e-06
 Reference value :  2.24693e-06
 Reference value :  2.24838e-06
 Reference value :  2.24978e-06
 Reference value :  2.25100e-06
 Reference value :  2.25223e-06
 Reference value :  2.25358e-06
 Reference value :  2.25493e-06
 Reference value :  2.25623e-06
 Reference value :  2.25763e-06
 Reference value :  2.25898e-06
 Reference value :  2.26023e-06
 Reference value :  2.26148e-06
 Reference value :  2.26283e-06
 Reference value :  2.26418e-06
 Reference value :  2.26553e-06
 Reference value :  2.26668e-06
 Reference value :  2.26803e-06
 Reference value :  2.26933e-06
 Reference value :  2.27058e-06
 Reference value :  2.27193e-06
 Reference value :  2.27328e-06
 Reference value :  2.27463e-06
 Reference value :  2.27598e-06
 Reference value :  2.27733e-06
 Reference value :  2.27868e-06
 Reference value :  2.28000e-06
 Reference value :  2.28128e-06
 Reference value :  2.28298e-06
 Reference value :  2.28433e-06
 Reference value :  2.28568e-06
 Reference value :  2.28703e-06
 Reference value :  2.28838e-06
 Reference value :  2.28978e-06
 Reference value :  2.29101e-06
 Reference value :  2.29238e-06
 Reference value :  2.29378e-06
 Reference value :  2.29518e-06
 Reference value :  2.29658e-06
 Reference value :  2.29798e-06
 Reference value :  2.29938e-06
 Reference value :  2.30093e-06
 Reference value :  2.30218e-06
 Reference value :  2.30353e-06
 Reference value :  2.30493e-06
 Reference value :  2.30633e-06
 Reference value :  2.30773e-06
 Reference value :  2.30913e-06
 Reference value :  2.31058e-06
 Reference value :  2.31188e-06
 Reference value :  2.31328e-06
 Reference value :  2.31463e-06
 Reference value :  2.31598e-06
 Reference value :  2.31728e-06
 Reference value :  2.31868e-06
 Reference value :  2.32001e-06
 Reference value :  2.32123e-06
 Reference value :  2.32253e-06
 Reference value :  2.32383e-06
 Reference value :  2.32508e-06
 Reference value :  2.32633e-06
 Reference value :  2.32758e-06
 Reference value :  2.32883e-06
 Reference value :  2.33000e-06
 Reference value :  2.33107e-06
 Reference value :  2.33228e-06
 Reference value :  2.33348e-06
 Reference value :  2.33468e-06
 Reference value :  2.33588e-06
 Reference value :  2.33708e-06
 Reference value :  2.33833e-06
 Reference value :  2.33958e-06
 Reference value :  2.34100e-06
 Reference value :  2.34228e-06
 Reference value :  2.34353e-06
 Reference value :  2.34478e-06
 Reference value :  2.34603e-06
 Reference value :  2.34728e-06
 Reference value :  2.34853e-06
 Reference value :  2.34978e-06
 Reference value :  2.35096e-06
 Reference value :  2.35218e-06
 Reference value :  2.35348e-06
 Reference value :  2.35478e-06
 Reference value :  2.35608e-06
 Reference value :  2.35738e-06
 Reference value :  2.35868e-06
 Reference value :  2.35993e-06
 Reference value :  2.36112e-06
 Reference value :  2.36238e-06
 Reference value :  2.36363e-06
 Reference value :  2.36488e-06
 Reference value :  2.36608e-06
 Reference value :  2.36728e-06
 Reference value :  2.36848e-06
 Reference value :  2.36968e-06
 Reference value :  2.37088e-06
 Reference value :  2.37203e-06
 Reference value :  2.37323e-06
 Reference value :  2.37448e-06
 Reference value :  2.37573e-06
 Reference value :  2.37698e-06
 Reference value :  2.37823e-06
 Reference value :  2.37948e-06
 Reference value :  2.38063e-06
 Reference value :  2.38188e-06
 Reference value :  2.38313e-06
 Reference value :  2.38433e-06
 Reference value :  2.38548e-06
 Reference value :  2.38663e-06
 Reference value :  2.38783e-06
 Reference value :  2.38898e-06
 Reference value :  2.39007e-06
 Reference value :  2.39112e-06
 Reference value :  2.39243e-06
 Reference value :  2.39383e-06
 Reference value :  2.39523e-06
 Reference value :  2.39668e-06
 Reference value :  2.39808e-06
 Reference value :  2.39948e-06
 Reference value :  2.40078e-06
 Reference value :  2.40203e-06
 Reference value :  2.40343e-06
 Reference value :  2.40483e-06
 Reference value :  2.40618e-06
 Reference value :  2.40753e-06
 Reference value :  2.40888e-06
 Reference value :  2.41012e-06
 Reference value :  2.41143e-06
 Reference value :  2.41283e-06
 Reference value :  2.41423e-06
 Reference value :  2.41558e-06
 Reference value :  2.41698e-06
 Reference value :  2.41838e-06
 Reference value :  2.41973e-06
 Reference value :  2.42128e-06
 Reference value :  2.42263e-06
 Reference value :  2.42403e-06
 Reference value :  2.42538e-06
 Reference value :  2.42653e-06
 Reference value :  2.42778e-06
 Reference value :  2.42903e-06
 Reference value :  2.43017e-06
 Reference value :  2.43123e-06
 Reference value :  2.43243e-06
 Reference value :  2.43368e-06
 Reference value :  2.43493e-06
 Reference value :  2.43618e-06
 Reference value :  2.43738e-06
 Reference value :  2.43858e-06
 Reference value :  2.43973e-06
 Reference value :  2.44103e-06
 Reference value :  2.44233e-06
 Reference value :  2.44363e-06
 Reference value :  2.44493e-06
 Reference value :  2.44623e-06
 Reference value :  2.44758e-06
 Reference value :  2.44898e-06
 Reference value :  2.45028e-06
 Reference value :  2.45158e-06
 Reference value :  2.45313e-06
 Reference value :  2.45453e-06
 Reference value :  2.45598e-06
 Reference value :  2.45738e-06
 Reference value :  2.45878e-06
 Reference value :  2.46007e-06
 Reference value :  2.46133e-06
 Reference value :  2.46293e-06
 Reference value :  2.46503e-06
 Reference value :  2.46643e-06
 Reference value :  2.46783e-06
 Reference value :  2.46923e-06
 Reference value :  2.47053e-06
 Reference value :  2.47198e-06
 Reference value :  2.47338e-06
 Reference value :  2.47473e-06
 Reference value :  2.47608e-06
 Reference value :  2.47743e-06
 Reference value :  2.47883e-06
 Reference value :  2.48012e-06
 Reference value :  2.48143e-06
 Reference value :  2.48283e-06
 Reference value :  2.48423e-06
 Reference value :  2.48563e-06
 Reference value :  2.48703e-06
 Reference value :  2.48843e-06
 Reference value :  2.48983e-06
 Reference value :  2.49103e-06
 Reference value :  2.49243e-06
 Reference value :  2.49383e-06
 Reference value :  2.49523e-06
 Reference value :  2.49658e-06
 Reference value :  2.49793e-06
 Reference value :  2.49928e-06
 Reference value :  2.50073e-06
 Reference value :  2.50193e-06
 Reference value :  2.50333e-06
 Reference value :  2.50473e-06
 Reference value :  2.50608e-06
 Reference value :  2.50743e-06
 Reference value :  2.50878e-06
 Reference value :  2.51001e-06
 Reference value :  2.51128e-06
 Reference value :  2.51268e-06
 Reference value :  2.51408e-06
 Reference value :  2.51543e-06
 Reference value :  2.51678e-06
 Reference value :  2.51828e-06
 Reference value :  2.51948e-06
 Reference value :  2.52058e-06
 Reference value :  2.52168e-06
 Reference value :  2.52288e-06
 Reference value :  2.52413e-06
 Reference value :  2.52538e-06
 Reference value :  2.52663e-06
 Reference value :  2.52788e-06
 Reference value :  2.52918e-06
 Reference value :  2.53048e-06
 Reference value :  2.53188e-06
 Reference value :  2.53313e-06
 Reference value :  2.53438e-06
 Reference value :  2.53558e-06
 Reference value :  2.53678e-06
 Reference value :  2.53803e-06
 Reference value :  2.53928e-06
 Reference value :  2.54048e-06
 Reference value :  2.54178e-06
 Reference value :  2.54318e-06
 Reference value :  2.54463e-06
 Reference value :  2.54603e-06
 Reference value :  2.54743e-06
 Reference value :  2.54883e-06
 Reference value :  2.55012e-06
 Reference value :  2.55143e-06
 Reference value :  2.55283e-06
 Reference value :  2.55423e-06
 Reference value :  2.55563e-06
 Reference value :  2.55703e-06
 Reference value :  2.55843e-06
 Reference value :  2.55978e-06
 Reference value :  2.56118e-06
 Reference value :  2.56273e-06
 Reference value :  2.56413e-06
 Reference value :  2.56553e-06
 Reference value :  2.56693e-06
 Reference value :  2.56838e-06
 Reference value :  2.56983e-06
 Reference value :  2.57103e-06
 Reference value :  2.57243e-06
 Reference value :  2.57383e-06
 Reference value :  2.57523e-06
 Reference value :  2.57668e-06
 Reference value :  2.57808e-06
 Reference value :  2.57953e-06
 Reference value :  2.58083e-06
 Reference value :  2.58223e-06
 Reference value :  2.58363e-06
 Reference value :  2.58503e-06
 Reference value :  2.58648e-06
 Reference value :  2.58788e-06
 Reference value :  2.58928e-06
 Reference value :  2.59053e-06
 Reference value :  2.59173e-06
 Reference value :  2.59313e-06
 Reference value :  2.59453e-06
 Reference value :  2.59603e-06
 Reference value :  2.59743e-06
 Reference value :  2.59878e-06
 Reference value :  2.60003e-06
 Reference value :  2.60128e-06
 Reference value :  2.60268e-06
 Reference value :  2.60408e-06
 Reference value :  2.60548e-06
 Reference value :  2.60683e-06
 Reference value :  2.60818e-06
 Reference value :  2.60953e-06
 Reference value :  2.61093e-06
 Reference value :  2.61228e-06
 Reference value :  2.61373e-06
 Reference value :  2.61518e-06
 Reference value :  2.61658e-06
 Reference value :  2.61803e-06
 Reference value :  2.61943e-06
 Reference value :  2.62073e-06
 Reference value :  2.62213e-06
 Reference value :  2.62358e-06
 Reference value :  2.62528e-06
 Reference value :  2.62668e-06
 Reference value :  2.62813e-06
 Reference value :  2.62958e-06
 Reference value :  2.63093e-06
 Reference value :  2.63223e-06
 Reference value :  2.63363e-06
 Reference value :  2.63508e-06
 Reference value :  2.63653e-06
 Reference value :  2.63798e-06
 Reference value :  2.63938e-06
 Reference value :  2.64083e-06
 Reference value :  2.64238e-06
 Reference value :  2.64378e-06
 Reference value :  2.64523e-06
 Reference value :  2.64663e-06
 Reference value :  2.64798e-06
 Reference value :  2.64953e-06
 Reference value :  2.65107e-06
 Reference value :  2.65248e-06
 Reference value :  2.65388e-06
 Reference value :  2.65528e-06
 Reference value :  2.65678e-06
 Reference value :  2.65838e-06
 Reference value :  2.65963e-06
 Reference value :  2.66133e-06
 Reference value :  2.66283e-06
 Reference value :  2.66428e-06
 Reference value :  2.66573e-06
 Reference value :  2.66718e-06
 Reference value :  2.66868e-06
 Reference value :  2.67003e-06
 Reference value :  2.67158e-06
 Reference value :  2.67308e-06
 Reference value :  2.67458e-06
 Reference value :  2.67598e-06
 Reference value :  2.67743e-06
 Reference value :  2.67888e-06
 Reference value :  2.68017e-06
 Reference value :  2.68138e-06
 Reference value :  2.68268e-06
 Reference value :  2.68398e-06
 Reference value :  2.68528e-06
 Reference value :  2.68658e-06
 Reference value :  2.68788e-06
 Reference value :  2.68918e-06
 Reference value :  2.69038e-06
 Reference value :  2.69153e-06
 Reference value :  2.69283e-06
 Reference value :  2.69413e-06
 Reference value :  2.69543e-06
 Reference value :  2.69673e-06
 Reference value :  2.69803e-06
 Reference value :  2.69928e-06
 Reference value :  2.70048e-06
 Reference value :  2.70168e-06
 Reference value :  2.70293e-06
 Reference value :  2.70423e-06
 Reference value :  2.70553e-06
 Reference value :  2.70678e-06
 Reference value :  2.70813e-06
 Reference value :  2.70973e-06
 Reference value :  2.71103e-06
 Reference value :  2.71283e-06
 Reference value :  2.71453e-06
 Reference value :  2.71598e-06
 Reference value :  2.71743e-06
 Reference value :  2.71888e-06
 Reference value :  2.72022e-06
 Reference value :  2.72163e-06
 Reference value :  2.72343e-06
 Reference value :  2.72543e-06
 Reference value :  2.72723e-06
 Reference value :  2.72923e-06
 Reference value :  2.73100e-06
 Reference value :  2.73293e-06
 Reference value :  2.73498e-06
 Reference value :  2.73698e-06
 Reference value :  2.73893e-06
 Reference value :  2.74043e-06
 Reference value :  2.74153e-06
 Reference value :  2.74273e-06
 Reference value :  2.74398e-06
 Reference value :  2.74528e-06
 Reference value :  2.74658e-06
 Reference value :  2.74793e-06
 Reference value :  2.74928e-06
 Reference value :  2.75048e-06
 Reference value :  2.75173e-06
 Reference value :  2.75398e-06
 Reference value :  2.75618e-06
 Reference value :  2.75828e-06
 Reference value :  2.76028e-06
 Reference value :  2.76238e-06
 Reference value :  2.76443e-06
 Reference value :  2.76658e-06
 Reference value :  2.76868e-06
 Reference value :  2.77063e-06
 Reference value :  2.77263e-06
 Reference value :  2.77473e-06
 Reference value :  2.77688e-06
 Reference value :  2.77888e-06
 Reference value :  2.78101e-06
 Reference value :  2.78278e-06
 Reference value :  2.78493e-06
 Reference value :  2.78713e-06
 Reference value :  2.78928e-06
 Reference value :  2.79138e-06
 Reference value :  2.79328e-06
 Reference value :  2.79463e-06
 Reference value :  2.79598e-06
 Reference value :  2.79733e-06
 Reference value :  2.79868e-06
 Reference value :  2.80000e-06
 Reference value :  2.80123e-06
 Reference value :  2.80258e-06
 Reference value :  2.80393e-06
 Reference value :  2.80523e-06
 Reference value :  2.80653e-06
 Reference value :  2.80783e-06
 Reference value :  2.80908e-06
 Reference value :  2.81033e-06
 Reference value :  2.81153e-06
 Reference value :  2.81278e-06
 Reference value :  2.81413e-06
 Reference value :  2.81543e-06
 Reference value :  2.81678e-06
 Reference value :  2.81813e-06
 Reference value :  2.81948e-06
 Reference value :  2.82083e-06
 Reference value :  2.82208e-06
 Reference value :  2.82343e-06
 Reference value :  2.82478e-06
 Reference value :  2.82693e-06
 Reference value :  2.82908e-06
 Reference value :  2.83088e-06
 Reference value :  2.83283e-06
 Reference value :  2.83478e-06
 Reference value :  2.83698e-06
 Reference value :  2.83913e-06
 Reference value :  2.84101e-06
 Reference value :  2.84308e-06
 Reference value :  2.84503e-06
 Reference value :  2.84723e-06
 Reference value :  2.84928e-06
 Reference value :  2.85122e-06
 Reference value :  2.85333e-06
 Reference value :  2.85528e-06
 Reference value :  2.85738e-06
 Reference value :  2.85928e-06
 Reference value :  2.86128e-06
 Reference value :  2.86353e-06
 Reference value :  2.86543e-06
 Reference value :  2.86753e-06
 Reference value :  2.86958e-06
 Reference value :  2.87153e-06
 Reference value :  2.87353e-06
 Reference value :  2.87568e-06
 Reference value :  2.87788e-06
 Reference value :  2.87993e-06
 Reference value :  2.88183e-06
 Reference value :  2.88398e-06
 Reference value :  2.88623e-06
 Reference value :  2.88843e-06
 Reference value :  2.89048e-06
 Reference value :  2.89288e-06
 Reference value :  2.89483e-06
 Reference value :  2.89713e-06
 Reference value :  2.89943e-06
 Reference value :  2.90153e-06
 Reference value :  2.90383e-06
 Reference value :  2.90613e-06
 Reference value :  2.90833e-06
 Reference value :  2.91048e-06
 Reference value :  2.91258e-06
 Reference value :  2.91498e-06
 Reference value :  2.91728e-06
 Reference value :  2.91963e-06
 Reference value :  2.92183e-06
 Reference value :  2.92413e-06
 Reference value :  2.92653e-06
 Reference value :  2.92883e-06
 Reference value :  2.93117e-06
 Reference value :  2.93348e-06
 Reference value :  2.93588e-06
 Reference value :  2.93823e-06
 Reference value :  2.94043e-06
 Reference value :  2.94263e-06
 Reference value :  2.94498e-06
 Reference value :  2.94728e-06
 Reference value :  2.94963e-06
 Reference value :  2.95188e-06
 Reference value :  2.95423e-06
 Reference value :  2.95653e-06
 Reference value :  2.95888e-06
 Reference value :  2.96123e-06
 Reference value :  2.96353e-06
 Reference value :  2.96583e-06
 Reference value :  2.96783e-06
 Reference value :  2.97001e-06
 Reference value :  2.97193e-06
 Reference value :  2.97423e-06
 Reference value :  2.97623e-06
 Reference value :  2.97843e-06
 Reference value :  2.98048e-06
 Reference value :  2.98248e-06
 Reference value :  2.98448e-06
 Reference value :  2.98583e-06
 Reference value :  2.98718e-06
 Reference value :  2.98938e-06
 Reference value :  2.99102e-06
 Reference value :  2.99253e-06
 Reference value :  2.99418e-06
 Reference value :  2.99628e-06
 Reference value :  2.99823e-06
 Reference value :  3.00012e-06
 Reference value :  3.00253e-06
 Reference value :  3.00443e-06
 Reference value :  3.00663e-06
 Reference value :  3.00868e-06
 Reference value :  3.01068e-06
 Reference value :  3.01268e-06
 Reference value :  3.01423e-06
 Reference value :  3.01603e-06
 Reference value :  3.01818e-06
 Reference value :  3.02028e-06
 Reference value :  3.02238e-06
 Reference value :  3.02448e-06
 Reference value :  3.02658e-06
 Reference value :  3.02853e-06
 Reference value :  3.03053e-06
 Reference value :  3.03253e-06
 Reference value :  3.03438e-06
 Reference value :  3.03623e-06
 Reference value :  3.03823e-06
 Reference value :  3.04007e-06
 Reference value :  3.04198e-06
 Reference value :  3.04363e-06
 Reference value :  3.04548e-06
 Reference value :  3.04738e-06
 Reference value :  3.04928e-06
 Reference value :  3.05112e-06
 Reference value :  3.05283e-06
 Reference value :  3.05433e-06
 Reference value :  3.05583e-06
 Reference value :  3.05733e-06
 Reference value :  3.05938e-06
 Reference value :  3.06153e-06
 Reference value :  3.06363e-06
 Reference value :  3.06558e-06
 Reference value :  3.06763e-06
 Reference value :  3.06953e-06
 Reference value :  3.07122e-06
 Reference value :  3.07313e-06
 Reference value :  3.07503e-06
 Reference value :  3.07713e-06
 Reference value :  3.07908e-06
 Reference value :  3.08102e-06
 Reference value :  3.08263e-06
 Reference value :  3.08413e-06
 Reference value :  3.08578e-06
 Reference value :  3.08758e-06
 Reference value :  3.08923e-06
 Reference value :  3.09073e-06
 Reference value :  3.09208e-06
 Reference value :  3.09358e-06
 Reference value :  3.09503e-06
 Reference value :  3.09653e-06
 Reference value :  3.09808e-06
 Reference value :  3.10028e-06
 Reference value :  3.10233e-06
 Reference value :  3.10383e-06
 Reference value :  3.10553e-06
 Reference value :  3.10743e-06
 Reference value :  3.10948e-06
 Reference value :  3.11128e-06
 Reference value :  3.11318e-06
 Reference value :  3.11523e-06
 Reference value :  3.11723e-06
 Reference value :  3.11928e-06
 Reference value :  3.12104e-06
 Reference value :  3.12323e-06
 Reference value :  3.12528e-06
 Reference value :  3.12733e-06
 Reference value :  3.12958e-06
 Reference value :  3.13158e-06
 Reference value :  3.13368e-06
 Reference value :  3.13568e-06
 Reference value :  3.13783e-06
 Reference value :  3.14000e-06
 Reference value :  3.14193e-06
 Reference value :  3.14403e-06
 Reference value :  3.14593e-06
 Reference value :  3.14793e-06
 Reference value :  3.14983e-06
 Reference value :  3.15158e-06
 Reference value :  3.15378e-06
 Reference value :  3.15583e-06
 Reference value :  3.15773e-06
 Reference value :  3.15983e-06
 Reference value :  3.16158e-06
 Reference value :  3.16363e-06
 Reference value :  3.16563e-06
 Reference value :  3.16758e-06
 Reference value :  3.16958e-06
 Reference value :  3.17138e-06
 Reference value :  3.17338e-06
 Reference value :  3.17528e-06
 Reference value :  3.17713e-06
 Reference value :  3.17903e-06
 Reference value :  3.18088e-06
 Reference value :  3.18278e-06
 Reference value :  3.18468e-06
 Reference value :  3.18628e-06
 Reference value :  3.18838e-06
 Reference value :  3.19007e-06
 Reference value :  3.19203e-06
 Reference value :  3.19353e-06
 Reference value :  3.19508e-06
 Reference value :  3.19658e-06
 Reference value :  3.19808e-06
 Reference value :  3.19958e-06
 Reference value :  3.20093e-06
 Reference value :  3.20233e-06
 Reference value :  3.20383e-06
 Reference value :  3.20533e-06
 Reference value :  3.20678e-06
 Reference value :  3.20828e-06
 Reference value :  3.20978e-06
 Reference value :  3.21107e-06
 Reference value :  3.21258e-06
 Reference value :  3.21408e-06
 Reference value :  3.21558e-06
 Reference value :  3.21708e-06
 Reference value :  3.21858e-06
 Reference value :  3.22000e-06
 Reference value :  3.22143e-06
 Reference value :  3.22308e-06
 Reference value :  3.22458e-06
 Reference value :  3.22618e-06
 Reference value :  3.22823e-06
 Reference value :  3.23017e-06
 Reference value :  3.23208e-06
 Reference value :  3.23403e-06
 Reference value :  3.23613e-06
 Reference value :  3.23818e-06
 Reference value :  3.24007e-06
 Reference value :  3.24203e-06
 Reference value :  3.24398e-06
 Reference value :  3.24618e-06
 Reference value :  3.24838e-06
 Reference value :  3.24996e-06
 Reference value :  3.25193e-06
 Reference value :  3.25343e-06
 Reference value :  3.25528e-06
 Reference value :  3.25698e-06
 Reference value :  3.25853e-06
 Reference value :  3.26000e-06
 Reference value :  3.26163e-06
 Reference value :  3.26368e-06
 Reference value :  3.26573e-06
 Reference value :  3.26763e-06
 Reference value :  3.26958e-06
 Reference value :  3.27148e-06
 Reference value :  3.27358e-06
 Reference value :  3.27553e-06
 Reference value :  3.27728e-06
 Reference value :  3.27878e-06
 Reference value :  3.28023e-06
 Reference value :  3.28193e-06
 Reference value :  3.28353e-06
 Reference value :  3.28503e-06
 Reference value :  3.28653e-06
 Reference value :  3.28803e-06
 Reference value :  3.28953e-06
 Reference value :  3.29088e-06
 Reference value :  3.29228e-06
 Reference value :  3.29378e-06
 Reference value :  3.29528e-06
 Reference value :  3.29678e-06
 Reference value :  3.29828e-06
 Reference value :  3.29978e-06
 Reference value :  3.30128e-06
 Reference value :  3.30278e-06
 Reference value :  3.30428e-06
 Reference value :  3.30578e-06
 Reference value :  3.30728e-06
 Reference value :  3.30878e-06
 Reference value :  3.31018e-06
 Reference value :  3.31153e-06
 Reference value :  3.31303e-06
 Reference value :  3.31453e-06
 Reference value :  3.31603e-06
 Reference value :  3.31753e-06
 Reference value :  3.31903e-06
 Reference value :  3.32058e-06
 Reference value :  3.32198e-06
 Reference value :  3.32348e-06
 Reference value :  3.32498e-06
 Reference value :  3.32648e-06
 Reference value :  3.32778e-06
 Reference value :  3.32913e-06
 Reference value :  3.33043e-06
 Reference value :  3.33183e-06
 Reference value :  3.33318e-06
 Reference value :  3.33453e-06
 Reference value :  3.33588e-06
 Reference value :  3.33723e-06
 Reference value :  3.33858e-06
 Reference value :  3.33988e-06
 Reference value :  3.34104e-06
 Reference value :  3.34233e-06
 Reference value :  3.34368e-06
 Reference value :  3.34503e-06
 Reference value :  3.34633e-06
 Reference value :  3.34763e-06
 Reference value :  3.34893e-06
 Reference value :  3.35012e-06
 Reference value :  3.35128e-06
 Reference value :  3.35263e-06
 Reference value :  3.35398e-06
 Reference value :  3.35528e-06
 Reference value :  3.35658e-06
 Reference value :  3.35788e-06
 Reference value :  3.35923e-06
 Reference value :  3.36068e-06
 Reference value :  3.36203e-06
 Reference value :  3.36338e-06
 Reference value :  3.36468e-06
 Reference value :  3.36603e-06
 Reference value :  3.36733e-06
 Reference value :  3.36863e-06
 Reference value :  3.36993e-06
 Reference value :  3.37103e-06
 Reference value :  3.37238e-06
 Reference value :  3.37373e-06
 Reference value :  3.37508e-06
 Reference value :  3.37643e-06
 Reference value :  3.37773e-06
 Reference value :  3.37898e-06
 Reference value :  3.38012e-06
 Reference value :  3.38133e-06
 Reference value :  3.38268e-06
 Reference value :  3.38398e-06
 Reference value :  3.38533e-06
 Reference value :  3.38663e-06
 Reference value :  3.38793e-06
 Reference value :  3.38928e-06
 Reference value :  3.39058e-06
 Reference value :  3.39178e-06
 Reference value :  3.39323e-06
 Reference value :  3.39453e-06
 Reference value :  3.39583e-06
 Reference value :  3.39718e-06
 Reference value :  3.39853e-06
 Reference value :  3.39988e-06
 Reference value :  3.40104e-06
 Reference value :  3.40233e-06
 Reference value :  3.40368e-06
 Reference value :  3.40498e-06
 Reference value :  3.40628e-06
 Reference value :  3.40763e-06
 Reference value :  3.40898e-06
 Reference value :  3.41023e-06
 Reference value :  3.41143e-06
 Reference value :  3.41278e-06
 Reference value :  3.41413e-06
 Reference value :  3.41543e-06
 Reference value :  3.41678e-06
 Reference value :  3.41813e-06
 Reference value :  3.41943e-06
 Reference value :  3.42063e-06
 Reference value :  3.42178e-06
 Reference value :  3.42313e-06
 Reference value :  3.42443e-06
 Reference value :  3.42578e-06
 Reference value :  3.42708e-06
 Reference value :  3.42843e-06
 Reference value :  3.42973e-06
 Reference value :  3.43088e-06
 Reference value :  3.43208e-06
 Reference value :  3.43338e-06
 Reference value :  3.43468e-06
 Reference value :  3.43598e-06
 Reference value :  3.43728e-06
 Reference value :  3.43853e-06
 Reference value :  3.43978e-06
 Reference value :  3.44118e-06
 Reference value :  3.44248e-06
 Reference value :  3.44383e-06
 Reference value :  3.44513e-06
 Reference value :  3.44643e-06
 Reference value :  3.44778e-06
 Reference value :  3.44908e-06
 Reference value :  3.45033e-06
 Reference value :  3.45153e-06
 Reference value :  3.45288e-06
 Reference value :  3.45423e-06
 Reference value :  3.45553e-06
 Reference value :  3.45688e-06
 Reference value :  3.45818e-06
 Reference value :  3.45953e-06
 Reference value :  3.46078e-06
 Reference value :  3.46203e-06
 Reference value :  3.46333e-06
 Reference value :  3.46463e-06
 Reference value :  3.46593e-06
 Reference value :  3.46723e-06
 Reference value :  3.46853e-06
 Reference value :  3.46988e-06
 Reference value :  3.47100e-06
 Reference value :  3.47243e-06
 Reference value :  3.47373e-06
 Reference value :  3.47503e-06
 Reference value :  3.47638e-06
 Reference value :  3.47763e-06
 Reference value :  3.47893e-06
 Reference value :  3.48017e-06
 Reference value :  3.48143e-06
 Reference value :  3.48273e-06
 Reference value :  3.48403e-06
 Reference value :  3.48538e-06
 Reference value :  3.48668e-06
 Reference value :  3.48803e-06
 Reference value :  3.48933e-06
 Reference value :  3.49058e-06
 Reference value :  3.49178e-06
 Reference value :  3.49308e-06
 Reference value :  3.49438e-06
 Reference value :  3.49573e-06
 Reference value :  3.49708e-06
 Reference value :  3.49838e-06
 Reference value :  3.49973e-06
 Reference value :  3.50107e-06
 Reference value :  3.50238e-06
 Reference value :  3.50378e-06
 Reference value :  3.50508e-06
 Reference value :  3.50643e-06
 Reference value :  3.50778e-06
 Reference value :  3.50913e-06
 Reference value :  3.51043e-06
 Reference value :  3.51158e-06
 Reference value :  3.51293e-06
 Reference value :  3.51423e-06
 Reference value :  3.51553e-06
 Reference value :  3.51688e-06
 Reference value :  3.51818e-06
 Reference value :  3.51953e-06
 Reference value :  3.52073e-06
 Reference value :  3.52188e-06
 Reference value :  3.52323e-06
 Reference value :  3.52453e-06
 Reference value :  3.52583e-06
 Reference value :  3.52718e-06
 Reference value :  3.52853e-06
 Reference value :  3.52983e-06
 Reference value :  3.53101e-06
 Reference value :  3.53223e-06
 Reference value :  3.53348e-06
 Reference value :  3.53478e-06
 Reference value :  3.53613e-06
 Reference value :  3.53748e-06
 Reference value :  3.53883e-06
 Reference value :  3.54001e-06
 Reference value :  3.54118e-06
 Reference value :  3.54248e-06
 Reference value :  3.54378e-06
 Reference value :  3.54508e-06
 Reference value :  3.54638e-06
 Reference value :  3.54768e-06
 Reference value :  3.54898e-06
 Reference value :  3.55022e-06
 Reference value :  3.55138e-06
 Reference value :  3.55273e-06
 Reference value :  3.55408e-06
 Reference value :  3.55533e-06
 Reference value :  3.55663e-06
 Reference value :  3.55798e-06
 Reference value :  3.55933e-06
 Reference value :  3.56058e-06
 Reference value :  3.56183e-06
 Reference value :  3.56313e-06
 Reference value :  3.56443e-06
 Reference value :  3.56573e-06
 Reference value :  3.56708e-06
 Reference value :  3.56843e-06
 Reference value :  3.56978e-06
 Reference value :  3.57100e-06
 Reference value :  3.57223e-06
 Reference value :  3.57358e-06
 Reference value :  3.57493e-06
 Reference value :  3.57628e-06
 Reference value :  3.57758e-06
 Reference value :  3.57888e-06
 Reference value :  3.58012e-06
 Reference value :  3.58138e-06
 Reference value :  3.58293e-06
 Reference value :  3.58428e-06
 Reference value :  3.58558e-06
 Reference value :  3.58688e-06
 Reference value :  3.58818e-06
 Reference value :  3.58953e-06
 Reference value :  3.59078e-06
 Reference value :  3.59203e-06
 Reference value :  3.59338e-06
 Reference value :  3.59473e-06
 Reference value :  3.59603e-06
 Reference value :  3.59728e-06
 Reference value :  3.59858e-06
 Reference value :  3.59988e-06
 Reference value :  3.60102e-06
 Reference value :  3.60228e-06
 Reference value :  3.60358e-06
 Reference value :  3.60488e-06
 Reference value :  3.60618e-06
 Reference value :  3.60748e-06
 Reference value :  3.60878e-06
 Reference value :  3.61000e-06
 Reference value :  3.61138e-06
 Reference value :  3.61258e-06
 Reference value :  3.61378e-06
 Reference value :  3.61513e-06
 Reference value :  3.61643e-06
 Reference value :  3.61773e-06
 Reference value :  3.61908e-06
 Reference value :  3.62028e-06
 Reference value :  3.62148e-06
 Reference value :  3.62283e-06
 Reference value :  3.62418e-06
 Reference value :  3.62553e-06
 Reference value :  3.62683e-06
 Reference value :  3.62818e-06
 Reference value :  3.62943e-06
 Reference value :  3.63068e-06
 Reference value :  3.63193e-06
 Reference value :  3.63328e-06
 Reference value :  3.63463e-06
 Reference value :  3.63598e-06
 Reference value :  3.63733e-06
 Reference value :  3.63873e-06
 Reference value :  3.64000e-06
 Reference value :  3.64117e-06
 Reference value :  3.64248e-06
 Reference value :  3.64368e-06
 Reference value :  3.64498e-06
 Reference value :  3.64623e-06
 Reference value :  3.64758e-06
 Reference value :  3.64888e-06
 Reference value :  3.65017e-06
 Reference value :  3.65153e-06
 Reference value :  3.65288e-06
 Reference value :  3.65418e-06
 Reference value :  3.65548e-06
 Reference value :  3.65683e-06
 Reference value :  3.65818e-06
 Reference value :  3.65953e-06
 Reference value :  3.66073e-06
 Reference value :  3.66193e-06
 Reference value :  3.66328e-06
 Reference value :  3.66458e-06
 Reference value :  3.66593e-06
 Reference value :  3.66728e-06
 Reference value :  3.66863e-06
 Reference value :  3.66996e-06
 Reference value :  3.67118e-06
 Reference value :  3.67253e-06
 Reference value :  3.67388e-06
 Reference value :  3.67523e-06
 Reference value :  3.67658e-06
 Reference value :  3.67793e-06
 Reference value :  3.67928e-06
 Reference value :  3.68063e-06
 Reference value :  3.68188e-06
 Reference value :  3.68318e-06
 Reference value :  3.68453e-06
 Reference value :  3.68588e-06
 Reference value :  3.68723e-06
 Reference value :  3.68858e-06
 Reference value :  3.68993e-06
 Reference value :  3.69103e-06
 Reference value :  3.69238e-06
 Reference value :  3.69378e-06
 Reference value :  3.69513e-06
 Reference value :  3.69648e-06
 Reference value :  3.69783e-06
 Reference value :  3.69913e-06
 Reference value :  3.70038e-06
 Reference value :  3.70163e-06
 Reference value :  3.70293e-06
 Reference value :  3.70428e-06
 Reference value :  3.70563e-06
 Reference value :  3.70698e-06
 Reference value :  3.70833e-06
 Reference value :  3.70968e-06
 Reference value :  3.71093e-06
 Reference value :  3.71213e-06
 Reference value :  3.71348e-06
 Reference value :  3.71483e-06
 Reference value :  3.71618e-06
 Reference value :  3.71753e-06
 Reference value :  3.71883e-06
 Reference value :  3.72012e-06
 Reference value :  3.72168e-06
 Reference value :  3.72298e-06
 Reference value :  3.72433e-06
 Reference value :  3.72568e-06
 Reference value :  3.72703e-06
 Reference value :  3.72833e-06
 Reference value :  3.72968e-06
 Reference value :  3.73093e-06
 Reference value :  3.73213e-06
 Reference value :  3.73348e-06
 Reference value :  3.73478e-06
 Reference value :  3.73613e-06
 Reference value :  3.73748e-06
 Reference value :  3.73918e-06
 Reference value :  3.74102e-06
 Reference value :  3.74293e-06
 Reference value :  3.74488e-06
 Reference value :  3.74683e-06
 Reference value :  3.74888e-06
 Reference value :  3.75083e-06
 Reference value :  3.75273e-06
 Reference value :  3.75463e-06
 Reference value :  3.75653e-06
 Reference value :  3.75843e-06
 Reference value :  3.76017e-06
 Reference value :  3.76223e-06
 Reference value :  3.76453e-06
 Reference value :  3.76648e-06
 Reference value :  3.76878e-06
 Reference value :  3.77078e-06
 Reference value :  3.77293e-06
 Reference value :  3.77498e-06
 Reference value :  3.77693e-06
 Reference value :  3.77888e-06
 Reference value :  3.78078e-06
 Reference value :  3.78253e-06
 Reference value :  3.78443e-06
 Reference value :  3.78638e-06
 Reference value :  3.78833e-06
 Reference value :  3.79012e-06
 Reference value :  3.79203e-06
 Reference value :  3.79388e-06
 Reference value :  3.79558e-06
 Reference value :  3.79743e-06
 Reference value :  3.79918e-06
 Reference value :  3.80104e-06
 Reference value :  3.80303e-06
 Reference value :  3.80493e-06
 Reference value :  3.80683e-06
 Reference value :  3.80868e-06
 Reference value :  3.81038e-06
 Reference value :  3.81203e-06
 Reference value :  3.81398e-06
 Reference value :  3.81588e-06
 Reference value :  3.81778e-06
 Reference value :  3.81973e-06
 Reference value :  3.82158e-06
 Reference value :  3.82343e-06
 Reference value :  3.82543e-06
 Reference value :  3.82738e-06
 Reference value :  3.82943e-06
 Reference value :  3.83123e-06
 Reference value :  3.83353e-06
 Reference value :  3.83543e-06
 Reference value :  3.83738e-06
 Reference value :  3.83933e-06
 Reference value :  3.84113e-06
 Reference value :  3.84333e-06
 Reference value :  3.84533e-06
 Reference value :  3.84753e-06
 Reference value :  3.84948e-06
 Reference value :  3.85168e-06
 Reference value :  3.85388e-06
 Reference value :  3.85558e-06
 Reference value :  3.85703e-06
 Reference value :  3.85848e-06
 Reference value :  3.85996e-06
 Reference value :  3.86138e-06
 Reference value :  3.86288e-06
 Reference value :  3.86433e-06
 Reference value :  3.86578e-06
 Reference value :  3.86723e-06
 Reference value :  3.86873e-06
 Reference value :  3.87013e-06
 Reference value :  3.87153e-06
 Reference value :  3.87303e-06
 Reference value :  3.87453e-06
 Reference value :  3.87603e-06
 Reference value :  3.87753e-06
 Reference value :  3.87903e-06
 Reference value :  3.88048e-06
 Reference value :  3.88183e-06
 Reference value :  3.88333e-06
 Reference value :  3.88483e-06
 Reference value :  3.88633e-06
 Reference value :  3.88783e-06
 Reference value :  3.88933e-06
 Reference value :  3.89073e-06
 Reference value :  3.89228e-06
 Reference value :  3.89378e-06
 Reference value :  3.89528e-06
 Reference value :  3.89678e-06
 Reference value :  3.89828e-06
 Reference value :  3.89978e-06
 Reference value :  3.90107e-06
 Reference value :  3.90263e-06
 Reference value :  3.90413e-06
 Reference value :  3.90563e-06
 Reference value :  3.90713e-06
 Reference value :  3.90863e-06
 Reference value :  3.91003e-06
 Reference value :  3.91138e-06
 Reference value :  3.91288e-06
 Reference value :  3.91438e-06
 Reference value :  3.91588e-06
 Reference value :  3.91743e-06
 Reference value :  3.91893e-06
 Reference value :  3.92033e-06
 Reference value :  3.92173e-06
 Reference value :  3.92323e-06
 Reference value :  3.92473e-06
 Reference value :  3.92618e-06
 Reference value :  3.92768e-06
 Reference value :  3.92918e-06
 Reference value :  3.93058e-06
 Reference value :  3.93213e-06
 Reference value :  3.93363e-06
 Reference value :  3.93513e-06
 Reference value :  3.93663e-06
 Reference value :  3.93813e-06
 Reference value :  3.93963e-06
 Reference value :  3.94102e-06
 Reference value :  3.94283e-06
 Reference value :  3.94433e-06
 Reference value :  3.94588e-06
 Reference value :  3.94738e-06
 Reference value :  3.94888e-06
 Reference value :  3.95078e-06
 Reference value :  3.95288e-06
 Reference value :  3.95518e-06
 Reference value :  3.95728e-06
 Reference value :  3.95948e-06
 Reference value :  3.96168e-06
 Reference value :  3.96378e-06
 Reference value :  3.96603e-06
 Reference value :  3.96798e-06
 Reference value :  3.97023e-06
 Reference value :  3.97223e-06
 Reference value :  3.97418e-06
 Reference value :  3.97608e-06
 Reference value :  3.97808e-06
 Reference value :  3.98018e-06
 Reference value :  3.98208e-06
 Reference value :  3.98393e-06
 Reference value :  3.98583e-06
 Reference value :  3.98773e-06
 Reference value :  3.98963e-06
 Reference value :  3.99158e-06
 Reference value :  3.99383e-06
 Reference value :  3.99603e-06
 Reference value :  3.99813e-06
 Reference value :  4.00023e-06
 Reference value :  4.00238e-06
 Reference value :  4.00453e-06
 Reference value :  4.00663e-06
 Reference value :  4.00858e-06
 Reference value :  4.01058e-06
 Reference value :  4.01248e-06
 Reference value :  4.01473e-06
 Reference value :  4.01678e-06
 Reference value :  4.01903e-06
 Reference value :  4.02108e-06
 Reference value :  4.02313e-06
 Reference value :  4.02543e-06
 Reference value :  4.02748e-06
 Reference value :  4.02973e-06
 Reference value :  4.03168e-06
 Reference value :  4.03373e-06
 Reference value :  4.03598e-06
 Reference value :  4.03818e-06
 Reference value :  4.04028e-06
 Reference value :  4.04228e-06
 Reference value :  4.04453e-06
 Reference value :  4.04673e-06
 Reference value :  4.04868e-06
 Reference value :  4.05093e-06
 Reference value :  4.05293e-06
 Reference value :  4.05518e-06
 Reference value :  4.05728e-06
 Reference value :  4.05923e-06
 Reference value :  4.06113e-06
 Reference value :  4.06308e-06
 Reference value :  4.06518e-06
 Reference value :  4.06733e-06
 Reference value :  4.06943e-06
 Reference value :  4.07133e-06
 Reference value :  4.07338e-06
 Reference value :  4.07528e-06
 Reference value :  4.07728e-06
 Reference value :  4.07933e-06
 Reference value :  4.08163e-06
 Reference value :  4.08373e-06
 Reference value :  4.08573e-06
 Reference value :  4.08753e-06
 Reference value :  4.08948e-06
 Reference value :  4.09133e-06
 Reference value :  4.09298e-06
 Reference value :  4.09488e-06
 Reference value :  4.09688e-06
 Reference value :  4.09893e-06
 Reference value :  4.10088e-06
 Reference value :  4.10283e-06
 Reference value :  4.10483e-06
 Reference value :  4.10683e-06
 Reference value :  4.10878e-06
 Reference value :  4.11078e-06
 Reference value :  4.11278e-06
 Reference value :  4.11483e-06
 Reference value :  4.11673e-06
 Reference value :  4.11873e-06
 Reference value :  4.12058e-06
 Reference value :  4.12263e-06
 Reference value :  4.12468e-06
 Reference value :  4.12653e-06
 Reference value :  4.12858e-06
 Reference value :  4.13048e-06
 Reference value :  4.13243e-06
 Reference value :  4.13453e-06
 Reference value :  4.13638e-06
 Reference value :  4.13788e-06
 Reference value :  4.13963e-06
 Reference value :  4.14153e-06
 Reference value :  4.14373e-06
 Reference value :  4.14588e-06
 Reference value :  4.14788e-06
 Reference value :  4.14983e-06
 Reference value :  4.15188e-06
 Reference value :  4.15383e-06
 Reference value :  4.15568e-06
 Reference value :  4.15773e-06
 Reference value :  4.15978e-06
 Reference value :  4.16188e-06
 Reference value :  4.16378e-06
 Reference value :  4.16593e-06
 Reference value :  4.16818e-06
 Reference value :  4.17002e-06
 Reference value :  4.17213e-06
 Reference value :  4.17408e-06
 Reference value :  4.17628e-06
 Reference value :  4.17853e-06
 Reference value :  4.18033e-06
 Reference value :  4.18228e-06
 Reference value :  4.18423e-06
 Reference value :  4.18643e-06
 Reference value :  4.18858e-06
 Reference value :  4.19063e-06
 Reference value :  4.19298e-06
 Reference value :  4.19503e-06
 Reference value :  4.19713e-06
 Reference value :  4.19913e-06
 Reference value :  4.20096e-06
 Reference value :  4.20283e-06
 Reference value :  4.20488e-06
 Reference value :  4.20698e-06
 Reference value :  4.20908e-06
 Reference value :  4.21104e-06
 Reference value :  4.21313e-06
 Reference value :  4.21523e-06
 Reference value :  4.21743e-06
 Reference value :  4.21948e-06
 Reference value :  4.22163e-06
 Reference value :  4.22393e-06
 Reference value :  4.22578e-06
 Reference value :  4.22768e-06
 Reference value :  4.22958e-06
 Reference value :  4.23096e-06
 Reference value :  4.23248e-06
 Reference value :  4.23458e-06
 Reference value :  4.23673e-06
 Reference value :  4.23868e-06
 Reference value :  4.24048e-06
 Reference value :  4.24218e-06
 Reference value :  4.24398e-06
 Reference value :  4.24593e-06
 Reference value :  4.24793e-06
 Reference value :  4.24993e-06
 Reference value :  4.25168e-06
 Reference value :  4.25368e-06
 Reference value :  4.25573e-06
 Reference value :  4.25768e-06
 Reference value :  4.25988e-06
 Reference value :  4.26163e-06
 Reference value :  4.26358e-06
 Reference value :  4.26548e-06
 Reference value :  4.26738e-06
 Reference value :  4.26933e-06
 Reference value :  4.27108e-06
 Reference value :  4.27308e-06
 Reference value :  4.27503e-06
 Reference value :  4.27693e-06
 Reference value :  4.27893e-06
 Reference value :  4.28068e-06
 Reference value :  4.28253e-06
 Reference value :  4.28448e-06
 Reference value :  4.28628e-06
 Reference value :  4.28818e-06
 Reference value :  4.29000e-06
 Reference value :  4.29178e-06
 Reference value :  4.29373e-06
 Reference value :  4.29578e-06
 Reference value :  4.29778e-06
 Reference value :  4.29973e-06
 Reference value :  4.30168e-06
 Reference value :  4.30378e-06
 Reference value :  4.30588e-06
 Reference value :  4.30788e-06
 Reference value :  4.30993e-06
 Reference value :  4.31188e-06
 Reference value :  4.31393e-06
 Reference value :  4.31608e-06
 Reference value :  4.31813e-06
 Reference value :  4.32028e-06
 Reference value :  4.32218e-06
 Reference value :  4.32418e-06
 Reference value :  4.32628e-06
 Reference value :  4.32833e-06
 Reference value :  4.33028e-06
 Reference value :  4.33233e-06
 Reference value :  4.33438e-06
 Reference value :  4.33638e-06
 Reference value :  4.33833e-06
 Reference value :  4.34018e-06
 Reference value :  4.34198e-06
 Reference value :  4.34398e-06
 Reference value :  4.34593e-06
 Reference value :  4.34773e-06
 Reference value :  4.34968e-06
 Reference value :  4.35133e-06
 Reference value :  4.35333e-06
 Reference value :  4.35543e-06
 Reference value :  4.35768e-06
 Reference value :  4.35983e-06
 Reference value :  4.36158e-06
 Reference value :  4.36353e-06
 Reference value :  4.36508e-06
 Reference value :  4.36658e-06
 Reference value :  4.36808e-06
 Reference value :  4.37000e-06
 Reference value :  4.37203e-06
 Reference value :  4.37408e-06
 Reference value :  4.37613e-06
 Reference value :  4.37833e-06
 Reference value :  4.38028e-06
 Reference value :  4.38238e-06
 Reference value :  4.38448e-06
 Reference value :  4.38663e-06
 Reference value :  4.38888e-06
 Reference value :  4.39102e-06
 Reference value :  4.39323e-06
 Reference value :  4.39528e-06
 Reference value :  4.39748e-06
 Reference value :  4.39958e-06
 Reference value :  4.40148e-06
 Reference value :  4.40353e-06
 Reference value :  4.40578e-06
 Reference value :  4.40783e-06
 Reference value :  4.40983e-06
 Reference value :  4.41183e-06
 Reference value :  4.41418e-06
 Reference value :  4.41628e-06
 Reference value :  4.41838e-06
 Reference value :  4.42018e-06
 Reference value :  4.42228e-06
 Reference value :  4.42438e-06
 Reference value :  4.42643e-06
 Reference value :  4.42828e-06
 Reference value :  4.43018e-06
 Reference value :  4.43218e-06
 Reference value :  4.43428e-06
 Reference value :  4.43628e-06
 Reference value :  4.43853e-06
 Reference value :  4.44063e-06
 Reference value :  4.44283e-06
 Reference value :  4.44493e-06
 Reference value :  4.44718e-06
 Reference value :  4.44943e-06
 Reference value :  4.45123e-06
 Reference value :  4.45303e-06
 Reference value :  4.45453e-06
 Reference value :  4.45603e-06
 Reference value :  4.45753e-06
 Reference value :  4.45903e-06
 Reference value :  4.46043e-06
 Reference value :  4.46183e-06
 Reference value :  4.46333e-06
 Reference value :  4.46483e-06
 Reference value :  4.46633e-06
 Reference value :  4.46788e-06
 Reference value :  4.46943e-06
 Reference value :  4.47093e-06
 Reference value :  4.47233e-06
 Reference value :  4.47378e-06
 Reference value :  4.47533e-06
 Reference value :  4.47683e-06
 Reference value :  4.47838e-06
 Reference value :  4.47988e-06
 Reference value :  4.48138e-06
 Reference value :  4.48293e-06
 Reference value :  4.48443e-06
 Reference value :  4.48598e-06
 Reference value :  4.48748e-06
 Reference value :  4.48898e-06
 Reference value :  4.49038e-06
 Reference value :  4.49183e-06
 Reference value :  4.49338e-06
 Reference value :  4.49488e-06
 Reference value :  4.49643e-06
 Reference value :  4.49793e-06
 Reference value :  4.49943e-06
 Reference value :  4.50093e-06
 Reference value :  4.50213e-06
 Reference value :  4.50343e-06
 Reference value :  4.50478e-06
 Reference value :  4.50613e-06
 Reference value :  4.50748e-06
 Reference value :  4.50883e-06
 Reference value :  4.51018e-06
 Reference value :  4.51178e-06
 Reference value :  4.51333e-06
 Reference value :  4.51488e-06
 Reference value :  4.51638e-06
 Reference value :  4.51788e-06
 Reference value :  4.51938e-06
 Reference value :  4.52083e-06
 Reference value :  4.52228e-06
 Reference value :  4.52383e-06
 Reference value :  4.52533e-06
 Reference value :  4.52683e-06
 Reference value :  4.52838e-06
 Reference value :  4.52983e-06
 Reference value :  4.53113e-06
 Reference value :  4.53263e-06
 Reference value :  4.53403e-06
 Reference value :  4.53533e-06
 Reference value :  4.53663e-06
 Reference value :  4.53808e-06
 Reference value :  4.53953e-06
 Reference value :  4.54073e-06
 Reference value :  4.54188e-06
 Reference value :  4.54318e-06
 Reference value :  4.54443e-06
 Reference value :  4.54568e-06
 Reference value :  4.54698e-06
 Reference value :  4.54823e-06
 Reference value :  4.54948e-06
 Reference value :  4.55068e-06
 Reference value :  4.55208e-06
 Reference value :  4.55338e-06
 Reference value :  4.55463e-06
 Reference value :  4.55603e-06
 Reference value :  4.55733e-06
 Reference value :  4.55868e-06
 Reference value :  4.56000e-06
 Reference value :  4.56108e-06
 Reference value :  4.56238e-06
 Reference value :  4.56373e-06
 Reference value :  4.56503e-06
 Reference value :  4.56638e-06
 Reference value :  4.56773e-06
 Reference value :  4.56903e-06
 Reference value :  4.57028e-06
 Reference value :  4.57148e-06
 Reference value :  4.57278e-06
 Reference value :  4.57413e-06
 Reference value :  4.57543e-06
 Reference value :  4.57678e-06
 Reference value :  4.57813e-06
 Reference value :  4.57953e-06
 Reference value :  4.58093e-06
 Reference value :  4.58218e-06
 Reference value :  4.58348e-06
 Reference value :  4.58473e-06
 Reference value :  4.58603e-06
 Reference value :  4.58738e-06
 Reference value :  4.58868e-06
 Reference value :  4.59000e-06
 Reference value :  4.59128e-06
 Reference value :  4.59263e-06
 Reference value :  4.59398e-06
 Reference value :  4.59533e-06
 Reference value :  4.59658e-06
 Reference value :  4.59788e-06
 Reference value :  4.59918e-06
 Reference value :  4.60038e-06
 Reference value :  4.60153e-06
 Reference value :  4.60283e-06
 Reference value :  4.60413e-06
 Reference value :  4.60548e-06
 Reference value :  4.60683e-06
 Reference value :  4.60823e-06
 Reference value :  4.61033e-06
 Reference value :  4.61238e-06
 Reference value :  4.61463e-06
 Reference value :  4.61693e-06
 Reference value :  4.61883e-06
 Reference value :  4.62100e-06
 Reference value :  4.62288e-06
 Reference value :  4.62518e-06
 Reference value :  4.62738e-06
 Reference value :  4.62943e-06
 Reference value :  4.63104e-06
 Reference value :  4.63278e-06
 Reference value :  4.63493e-06
 Reference value :  4.63698e-06
 Reference value :  4.63893e-06
 Reference value :  4.64078e-06
 Reference value :  4.64258e-06
 Reference value :  4.64488e-06
 Reference value :  4.64683e-06
 Reference value :  4.64888e-06
 Reference value :  4.65096e-06
 Reference value :  4.65288e-06
 Reference value :  4.65493e-06
 Reference value :  4.65688e-06
 Reference value :  4.65888e-06
 Reference value :  4.66083e-06
 Reference value :  4.66303e-06
 Reference value :  4.66528e-06
 Reference value :  4.66738e-06
 Reference value :  4.66963e-06
 Reference value :  4.67158e-06
 Reference value :  4.67358e-06
 Reference value :  4.67588e-06
 Reference value :  4.67793e-06
 Reference value :  4.68000e-06
 Reference value :  4.68213e-06
 Reference value :  4.68428e-06
 Reference value :  4.68633e-06
 Reference value :  4.68818e-06
 Reference value :  4.69008e-06
 Reference value :  4.69198e-06
 Reference value :  4.69403e-06
 Reference value :  4.69603e-06
 Reference value :  4.69788e-06
 Reference value :  4.69988e-06
 Reference value :  4.70163e-06
 Reference value :  4.70353e-06
 Reference value :  4.70533e-06
 Reference value :  4.70723e-06
 Reference value :  4.70918e-06
 Reference value :  4.71108e-06
 Reference value :  4.71323e-06
 Reference value :  4.71533e-06
 Reference value :  4.71738e-06
 Reference value :  4.71943e-06
 Reference value :  4.72143e-06
 Reference value :  4.72368e-06
 Reference value :  4.72578e-06
 Reference value :  4.72743e-06
 Reference value :  4.72878e-06
 Reference value :  4.73000e-06
 Reference value :  4.73123e-06
 Reference value :  4.73258e-06
 Reference value :  4.73388e-06
 Reference value :  4.73523e-06
 Reference value :  4.73658e-06
 Reference value :  4.73793e-06
 Reference value :  4.73923e-06
 Reference value :  4.74053e-06
 Reference value :  4.74178e-06
 Reference value :  4.74308e-06
 Reference value :  4.74438e-06
 Reference value :  4.74573e-06
 Reference value :  4.74703e-06
 Reference value :  4.74838e-06
 Reference value :  4.74973e-06
 Reference value :  4.75101e-06
 Reference value :  4.75228e-06
 Reference value :  4.75363e-06
 Reference value :  4.75493e-06
 Reference value :  4.75628e-06
 Reference value :  4.75763e-06
 Reference value :  4.75898e-06
 Reference value :  4.76023e-06
 Reference value :  4.76153e-06
 Reference value :  4.76288e-06
 Reference value :  4.76423e-06
 Reference value :  4.76558e-06
 Reference value :  4.76693e-06
 Reference value :  4.76828e-06
 Reference value :  4.76963e-06
 Reference value :  4.77088e-06
 Reference value :  4.77208e-06
 Reference value :  4.77348e-06
 Reference value :  4.77483e-06
 Reference value :  4.77618e-06
 Reference value :  4.77753e-06
 Reference value :  4.77883e-06
 Reference value :  4.78003e-06
 Reference value :  4.78123e-06
 Reference value :  4.78258e-06
 Reference value :  4.78383e-06
 Reference value :  4.78508e-06
 Reference value :  4.78633e-06
 Reference value :  4.78763e-06
 Reference value :  4.78893e-06
 Reference value :  4.79013e-06
 Reference value :  4.79138e-06
 Reference value :  4.79268e-06
 Reference value :  4.79388e-06
 Reference value :  4.79508e-06
 Reference value :  4.79628e-06
 Reference value :  4.79748e-06
 Reference value :  4.79868e-06
 Reference value :  4.79988e-06
 Reference value :  4.80128e-06
 Reference value :  4.80253e-06
 Reference value :  4.80378e-06
 Reference value :  4.80503e-06
 Reference value :  4.80623e-06
 Reference value :  4.80748e-06
 Reference value :  4.80878e-06
 Reference value :  4.81001e-06
 Reference value :  4.81113e-06
 Reference value :  4.81243e-06
 Reference value :  4.81373e-06
 Reference value :  4.81508e-06
 Reference value :  4.81638e-06
 Reference value :  4.81773e-06
 Reference value :  4.81908e-06
 Reference value :  4.82043e-06
 Reference value :  4.82173e-06
 Reference value :  4.82303e-06
 Reference value :  4.82438e-06
 Reference value :  4.82573e-06
 Reference value :  4.82708e-06
 Reference value :  4.82843e-06
 Reference value :  4.82973e-06
 Reference value :  4.83093e-06
 Reference value :  4.83233e-06
 Reference value :  4.83363e-06
 Reference value :  4.83493e-06
 Reference value :  4.83628e-06
 Reference value :  4.83758e-06
 Reference value :  4.83893e-06
 Reference value :  4.84013e-06
 Reference value :  4.84133e-06
 Reference value :  4.84268e-06
 Reference value :  4.84398e-06
 Reference value :  4.84533e-06
 Reference value :  4.84663e-06
 Reference value :  4.84793e-06
 Reference value :  4.84923e-06
 Reference value :  4.85048e-06
 Reference value :  4.85183e-06
 Reference value :  4.85318e-06
 Reference value :  4.85448e-06
 Reference value :  4.85583e-06
 Reference value :  4.85718e-06
 Reference value :  4.85848e-06
 Reference value :  4.85983e-06
 Reference value :  4.86101e-06
 Reference value :  4.86228e-06
 Reference value :  4.86363e-06
 Reference value :  4.86498e-06
 Reference value :  4.86633e-06
 Reference value :  4.86768e-06
 Reference value :  4.86898e-06
 Reference value :  4.87023e-06
 Reference value :  4.87143e-06
 Reference value :  4.87273e-06
 Reference value :  4.87408e-06
 Reference value :  4.87543e-06
 Reference value :  4.87678e-06
 Reference value :  4.87808e-06
 Reference value :  4.87943e-06
 Reference value :  4.88088e-06
 Reference value :  4.88208e-06
 Reference value :  4.88348e-06
 Reference value :  4.88473e-06
 Reference value :  4.88603e-06
 Reference value :  4.88733e-06
 Reference value :  4.88858e-06
 Reference value :  4.88988e-06
 Reference value :  4.89102e-06
 Reference value :  4.89233e-06
 Reference value :  4.89368e-06
 Reference value :  4.89498e-06
 Reference value :  4.89628e-06
 Reference value :  4.89763e-06
 Reference value :  4.89898e-06
 Reference value :  4.90023e-06
 Reference value :  4.90143e-06
 Reference value :  4.90278e-06
 Reference value :  4.90413e-06
 Reference value :  4.90548e-06
 Reference value :  4.90683e-06
 Reference value :  4.90813e-06
 Reference value :  4.90943e-06
 Reference value :  4.91088e-06
 Reference value :  4.91213e-06
 Reference value :  4.91343e-06
 Reference value :  4.91473e-06
 Reference value :  4.91598e-06
 Reference value :  4.91728e-06
 Reference value :  4.91858e-06
 Reference value :  4.91988e-06
 Reference value :  4.92101e-06
 Reference value :  4.92223e-06
 Reference value :  4.92353e-06
 Reference value :  4.92483e-06
 Reference value :  4.92613e-06
 Reference value :  4.92748e-06
 Reference value :  4.92898e-06
 Reference value :  4.93018e-06
 Reference value :  4.93138e-06
 Reference value :  4.93268e-06
 Reference value :  4.93398e-06
 Reference value :  4.93528e-06
 Reference value :  4.93658e-06
 Reference value :  4.93793e-06
 Reference value :  4.93923e-06
 Reference value :  4.94053e-06
 Reference value :  4.94188e-06
 Reference value :  4.94333e-06
 Reference value :  4.94463e-06
 Reference value :  4.94593e-06
 Reference value :  4.94728e-06
 Reference value :  4.94858e-06
 Reference value :  4.94988e-06
 Reference value :  4.95118e-06
 Reference value :  4.95343e-06
 Reference value :  4.95548e-06
 Reference value :  4.95768e-06
 Reference value :  4.95988e-06
 Reference value :  4.96143e-06
 Reference value :  4.96298e-06
 Reference value :  4.96448e-06
 Reference value :  4.96598e-06
 Reference value :  4.96753e-06
 Reference value :  4.96903e-06
 Reference value :  4.97043e-06
 Reference value :  4.97173e-06
 Reference value :  4.97348e-06
 Reference value :  4.97558e-06
 Reference value :  4.97758e-06
 Reference value :  4.97953e-06
 Reference value :  4.98117e-06
 Reference value :  4.98308e-06
 Reference value :  4.98508e-06
 Reference value :  4.98713e-06
 Reference value :  4.98858e-06
 Reference value :  4.99000e-06
 Reference value :  4.99143e-06
 Reference value :  4.99293e-06
 Reference value :  4.99443e-06
 Reference value :  4.99593e-06
 Reference value :  4.99743e-06
 Reference value :  4.99898e-06
 Reference value :  5.00033e-06
 Reference value :  5.00178e-06
 Reference value :  5.00328e-06
 Reference value :  5.00478e-06
 Reference value :  5.00628e-06
 Reference value :  5.00778e-06
 Reference value :  5.00928e-06
 Reference value :  5.01068e-06
 Reference value :  5.01208e-06
 Reference value :  5.01363e-06
 Reference value :  5.01513e-06
 Reference value :  5.01663e-06
 Reference value :  5.01808e-06
 Reference value :  5.02000e-06
 Reference value :  5.02153e-06
 Reference value :  5.02308e-06
 Reference value :  5.02463e-06
 Reference value :  5.02613e-06
 Reference value :  5.02758e-06
 Reference value :  5.02908e-06
 Reference value :  5.03053e-06
 Reference value :  5.03198e-06
 Reference value :  5.03348e-06
 Reference value :  5.03503e-06
 Reference value :  5.03653e-06
 Reference value :  5.03818e-06
 Reference value :  5.04013e-06
 Reference value :  5.04198e-06
 Reference value :  5.04408e-06
 Reference value :  5.04613e-06
 Reference value :  5.04823e-06
 Reference value :  5.05023e-06
 Reference value :  5.05213e-06
 Reference value :  5.05408e-06
 Reference value :  5.05593e-06
 Reference value :  5.05788e-06
 Reference value :  5.05983e-06
 Reference value :  5.06168e-06
 Reference value :  5.06368e-06
 Reference value :  5.06558e-06
 Reference value :  5.06743e-06
 Reference value :  5.06918e-06
 Reference value :  5.07108e-06
 Reference value :  5.07328e-06
 Reference value :  5.07533e-06
 Reference value :  5.07718e-06
 Reference value :  5.07893e-06
 Reference value :  5.08101e-06
 Reference value :  5.08313e-06
 Reference value :  5.08518e-06
 Reference value :  5.08748e-06
 Reference value :  5.08958e-06
 Reference value :  5.09153e-06
 Reference value :  5.09368e-06
 Reference value :  5.09563e-06
 Reference value :  5.09763e-06
 Reference value :  5.09958e-06
 Reference value :  5.10143e-06
 Reference value :  5.10353e-06
 Reference value :  5.10558e-06
 Reference value :  5.10753e-06
 Reference value :  5.10948e-06
 Reference value :  5.11128e-06
 Reference value :  5.11323e-06
 Reference value :  5.11518e-06
 Reference value :  5.11713e-06
 Reference value :  5.11928e-06
 Reference value :  5.12133e-06
 Reference value :  5.12348e-06
 Reference value :  5.12578e-06
 Reference value :  5.12788e-06
 Reference value :  5.12993e-06
 Reference value :  5.13183e-06
 Reference value :  5.13398e-06
 Reference value :  5.13613e-06
 Reference value :  5.13813e-06
 Reference value :  5.14003e-06
 Reference value :  5.14203e-06
 Reference value :  5.14393e-06
 Reference value :  5.14573e-06
 Reference value :  5.14758e-06
 Reference value :  5.14943e-06
 Reference value :  5.15104e-06
 Reference value :  5.15298e-06
 Reference value :  5.15498e-06
 Reference value :  5.15698e-06
 Reference value :  5.15908e-06
 Reference value :  5.16107e-06
 Reference value :  5.16323e-06
 Reference value :  5.16538e-06
 Reference value :  5.16723e-06
 Reference value :  5.16908e-06
 Reference value :  5.17093e-06
 Reference value :  5.17273e-06
 Reference value :  5.17468e-06
 Reference value :  5.17643e-06
 Reference value :  5.17833e-06
 Reference value :  5.18012e-06
 Reference value :  5.18193e-06
 Reference value :  5.18378e-06
 Reference value :  5.18568e-06
 Reference value :  5.18793e-06
 Reference value :  5.18993e-06
 Reference value :  5.19163e-06
 Reference value :  5.19363e-06
 Reference value :  5.19548e-06
 Reference value :  5.19743e-06
 Reference value :  5.19933e-06
 Reference value :  5.20108e-06
 Reference value :  5.20298e-06
 Reference value :  5.20493e-06
 Reference value :  5.20693e-06
 Reference value :  5.20888e-06
 Reference value :  5.21073e-06
 Reference value :  5.21258e-06
 Reference value :  5.21448e-06
 Reference value :  5.21628e-06
 Reference value :  5.21823e-06
 Reference value :  5.22013e-06
 Reference value :  5.22203e-06
 Reference value :  5.22408e-06
 Reference value :  5.22613e-06
 Reference value :  5.22813e-06
 Reference value :  5.23023e-06
 Reference value :  5.23198e-06
 Reference value :  5.23393e-06
 Reference value :  5.23583e-06
 Reference value :  5.23763e-06
 Reference value :  5.23948e-06
 Reference value :  5.24107e-06
 Reference value :  5.24313e-06
 Reference value :  5.24498e-06
 Reference value :  5.24698e-06
 Reference value :  5.24898e-06
 Reference value :  5.25093e-06
 Reference value :  5.25298e-06
 Reference value :  5.25503e-06
 Reference value :  5.25713e-06
 Reference value :  5.25913e-06
 Reference value :  5.26100e-06
 Reference value :  5.26288e-06
 Reference value :  5.26483e-06
 Reference value :  5.26683e-06
 Reference value :  5.26888e-06
 Reference value :  5.27100e-06
 Reference value :  5.27313e-06
 Reference value :  5.27523e-06
 Reference value :  5.27728e-06
 Reference value :  5.27933e-06
 Reference value :  5.28093e-06
 Reference value :  5.28233e-06
 Reference value :  5.28388e-06
 Reference value :  5.28568e-06
 Reference value :  5.28748e-06
 Reference value :  5.28953e-06
 Reference value :  5.29100e-06
 Reference value :  5.29238e-06
 Reference value :  5.29383e-06
 Reference value :  5.29578e-06
 Reference value :  5.29798e-06
 Reference value :  5.30013e-06
 Reference value :  5.30193e-06
 Reference value :  5.30353e-06
 Reference value :  5.30523e-06
 Reference value :  5.30708e-06
 Reference value :  5.30888e-06
 Reference value :  5.31023e-06
 Reference value :  5.31178e-06
 Reference value :  5.31323e-06
 Reference value :  5.31473e-06
 Reference value :  5.31623e-06
 Reference value :  5.31768e-06
 Reference value :  5.31913e-06
 Reference value :  5.32048e-06
 Reference value :  5.32193e-06
 Reference value :  5.32343e-06
 Reference value :  5.32488e-06
 Reference value :  5.32623e-06
 Reference value :  5.32753e-06
 Reference value :  5.32883e-06
 Reference value :  5.33003e-06
 Reference value :  5.33168e-06
 Reference value :  5.33368e-06
 Reference value :  5.33583e-06
 Reference value :  5.33808e-06
 Reference value :  5.33963e-06
 Reference value :  5.34117e-06
 Reference value :  5.34268e-06
 Reference value :  5.34418e-06
 Reference value :  5.34568e-06
 Reference value :  5.34713e-06
 Reference value :  5.34863e-06
 Reference value :  5.35003e-06
 Reference value :  5.35138e-06
 Reference value :  5.35288e-06
 Reference value :  5.35443e-06
 Reference value :  5.35588e-06
 Reference value :  5.35733e-06
 Reference value :  5.35878e-06
 Reference value :  5.36007e-06
 Reference value :  5.36143e-06
 Reference value :  5.36288e-06
 Reference value :  5.36433e-06
 Reference value :  5.36578e-06
 Reference value :  5.36723e-06
 Reference value :  5.36868e-06
 Reference value :  5.37008e-06
 Reference value :  5.37153e-06
 Reference value :  5.37303e-06
 Reference value :  5.37433e-06
 Reference value :  5.37563e-06
 Reference value :  5.37693e-06
 Reference value :  5.37828e-06
 Reference value :  5.37958e-06
 Reference value :  5.38088e-06
 Reference value :  5.38233e-06
 Reference value :  5.38363e-06
 Reference value :  5.38498e-06
 Reference value :  5.38633e-06
 Reference value :  5.38758e-06
 Reference value :  5.38878e-06
 Reference value :  5.39000e-06
 Reference value :  5.39104e-06
 Reference value :  5.39228e-06
 Reference value :  5.39353e-06
 Reference value :  5.39483e-06
 Reference value :  5.39623e-06
 Reference value :  5.39758e-06
 Reference value :  5.39893e-06
 Reference value :  5.40023e-06
 Reference value :  5.40153e-06
 Reference value :  5.40293e-06
 Reference value :  5.40428e-06
 Reference value :  5.40563e-06
 Reference value :  5.40698e-06
 Reference value :  5.40833e-06
 Reference value :  5.40968e-06
 Reference value :  5.41108e-06
 Reference value :  5.41243e-06
 Reference value :  5.41378e-06
 Reference value :  5.41508e-06
 Reference value :  5.41643e-06
 Reference value :  5.41773e-06
 Reference value :  5.41898e-06
No. of Data Rows : 111657
vmin_out            =  -1.60452e-02 at=  1.51147e-06
vmax_out            =  1.20213e+00 at=  2.70100e-06
Note: Simulation executed from .control section 
Warning: m=xx on .subckt line will override multiplier m hierarchy!

Note: Starting dynamic gmin stepping
Note: Dynamic gmin stepping completed
