
Note: Compatibility modes selected: hs a


Circuit: * environment: ripple {'mvpp': 100} code 16

Doing analysis at TEMP = 27.000000 and TNOM = 27.000000

Using SPARSE 1.3 as Direct Linear Solver

Initial Transient Solution
--------------------------

Node                                   Voltage
----                                   -------
vpwr                                      1.15
vn                                       -0.05
code[0]                                      0
code[1]                                      0
code[2]                                      0
code[3]                                      0
code[4]                                   1.15
code[5]                                      0
code[6]                                      0
code[7]                                      0
enable                                    1.15
xdut.vbp                              0.701807
clk_out                             0.00621684
xdut.b1                               0.740766
xdut.s3                               0.591899
xdut.s2                               0.591899
xdut.n_126                             1.06192
xdut.s1                               0.591899
xdut.n_125                             1.06192
xdut.s10                              0.576083
xdut.s6                               0.591899
xdut.s5                               0.591899
xdut.n_128                             1.06192
xdut.s9                               0.592723
xdut.n_133                             1.06196
xdut.s4                               0.591899
xdut.n_129                             1.06192
xdut.s8                               0.591856
xdut.n_132                             1.06191
xdut.s7                               0.591901
xdut.n_130                             1.06192
xdut.n_127                             1.06192
xdut.n_131                             1.06192
xdut.s0                               0.591899
xdut.n_124                             1.06192
xdut.n_71                             0.100103
xdut.n_72                             0.100103
xdut.n_70                             0.100103
xdut.n_77                             0.100103
xdut.n_75                             0.100103
xdut.n_73                             0.100103
xdut.n_67                             0.100036
xdut.n_76                             0.100103
xdut.n_69                             0.100106
xdut.n_74                             0.100103
xdut.n_122                             1.05056
xdut.n_i1005                          0.120601
xdut.n_68                              0.11919
xdut.vbn                               0.34628
ven#branch                        -5.77875e-12
vc7#branch                         3.33231e-12
vc6#branch                         1.66615e-12
vc5#branch                         8.33077e-13
vc4#branch                        -5.42783e-09
vc3#branch                         2.08269e-13
vc2#branch                         1.04135e-13
vc1#branch                         5.20673e-14
vc0#branch                         2.60337e-14
vn#branch                         -6.24641e-05
vdd#branch                        -6.24641e-05

 Reference value :  0.00000e+00
 Reference value :  1.22500e-09
 Reference value :  2.72500e-09
 Reference value :  3.97500e-09
 Reference value :  5.17500e-09
 Reference value :  6.32500e-09
 Reference value :  7.52500e-09
 Reference value :  8.67500e-09
 Reference value :  9.92500e-09
 Reference value :  1.10050e-08
 Reference value :  1.21750e-08
 Reference value :  1.34250e-08
 Reference value :  1.46750e-08
 Reference value :  1.59250e-08
 Reference value :  1.72250e-08
 Reference value :  1.84250e-08
 Reference value :  1.96250e-08
 Reference value :  2.08750e-08
 Reference value :  2.19250e-08
 Reference value :  2.31250e-08
 Reference value :  2.44250e-08
 Reference value :  2.57250e-08
 Reference value :  2.70250e-08
 Reference value :  2.83250e-08
 Reference value :  2.96250e-08
 Reference value :  3.08250e-08
 Reference value :  3.19750e-08
 Reference value :  3.32750e-08
 Reference value :  3.45750e-08
 Reference value :  3.58750e-08
 Reference value :  3.71750e-08
 Reference value :  3.84750e-08
 Reference value :  3.97750e-08
 Reference value :  4.10000e-08
 Reference value :  4.21750e-08
 Reference value :  4.33750e-08
 Reference value :  4.46250e-08
 Reference value :  4.58750e-08
 Reference value :  4.71250e-08
 Reference value :  4.83750e-08
 Reference value :  4.96750e-08
 Reference value :  5.09625e-08
 Reference value :  5.22250e-08
 Reference value :  5.36750e-08
 Reference value :  5.51250e-08
 Reference value :  5.65250e-08
 Reference value :  5.79250e-08
 Reference value :  5.93250e-08
 Reference value :  6.06750e-08
 Reference value :  6.19750e-08
 Reference value :  6.34250e-08
 Reference value :  6.48250e-08
 Reference value :  6.61750e-08
 Reference value :  6.75750e-08
 Reference value :  6.89750e-08
 Reference value :  7.03250e-08
 Reference value :  7.15750e-08
 Reference value :  7.28750e-08
 Reference value :  7.41750e-08
 Reference value :  7.54250e-08
 Reference value :  7.66750e-08
 Reference value :  7.78750e-08
 Reference value :  7.91250e-08
 Reference value :  8.03250e-08
 Reference value :  8.15750e-08
 Reference value :  8.28750e-08
 Reference value :  8.41250e-08
 Reference value :  8.53750e-08
 Reference value :  8.66250e-08
 Reference value :  8.79250e-08
 Reference value :  8.92250e-08
 Reference value :  9.04250e-08
 Reference value :  9.15750e-08
 Reference value :  9.30250e-08
 Reference value :  9.43250e-08
 Reference value :  9.56250e-08
 Reference value :  9.69750e-08
 Reference value :  9.82750e-08
 Reference value :  9.95750e-08
 Reference value :  1.00875e-07
 Reference value :  1.02075e-07
 Reference value :  1.03375e-07
 Reference value :  1.04625e-07
 Reference value :  1.05875e-07
 Reference value :  1.07175e-07
 Reference value :  1.08475e-07
 Reference value :  1.09825e-07
 Reference value :  1.11000e-07
 Reference value :  1.12225e-07
 Reference value :  1.13525e-07
 Reference value :  1.14775e-07
 Reference value :  1.16025e-07
 Reference value :  1.17275e-07
 Reference value :  1.18525e-07
 Reference value :  1.19825e-07
 Reference value :  1.21000e-07
 Reference value :  1.22175e-07
 Reference value :  1.23475e-07
 Reference value :  1.24775e-07
 Reference value :  1.26075e-07
 Reference value :  1.27425e-07
 Reference value :  1.28725e-07
 Reference value :  1.30000e-07
 Reference value :  1.31175e-07
 Reference value :  1.32425e-07
 Reference value :  1.33725e-07
 Reference value :  1.35025e-07
 Reference value :  1.36275e-07
 Reference value :  1.37525e-07
 Reference value :  1.38875e-07
 Reference value :  1.40225e-07
 Reference value :  1.41475e-07
 Reference value :  1.42875e-07
 Reference value :  1.44275e-07
 Reference value :  1.45625e-07
 Reference value :  1.46975e-07
 Reference value :  1.48375e-07
 Reference value :  1.49775e-07
 Reference value :  1.51075e-07
 Reference value :  1.52575e-07
 Reference value :  1.54025e-07
 Reference value :  1.55725e-07
 Reference value :  1.57175e-07
 Reference value :  1.58625e-07
 Reference value :  1.60000e-07
 Reference value :  1.61225e-07
 Reference value :  1.62675e-07
 Reference value :  1.64125e-07
 Reference value :  1.65575e-07
 Reference value :  1.66975e-07
 Reference value :  1.68425e-07
 Reference value :  1.69825e-07
 Reference value :  1.71035e-07
 Reference value :  1.72475e-07
 Reference value :  1.73875e-07
 Reference value :  1.75325e-07
 Reference value :  1.76775e-07
 Reference value :  1.78175e-07
 Reference value :  1.79575e-07
 Reference value :  1.80875e-07
 Reference value :  1.82125e-07
 Reference value :  1.83675e-07
 Reference value :  1.85075e-07
 Reference value :  1.86525e-07
 Reference value :  1.87925e-07
 Reference value :  1.89375e-07
 Reference value :  1.90875e-07
 Reference value :  1.92175e-07
 Reference value :  1.93625e-07
 Reference value :  1.95075e-07
 Reference value :  1.96525e-07
 Reference value :  1.97975e-07
 Reference value :  1.99425e-07
 Reference value :  2.00775e-07
 Reference value :  2.02075e-07
 Reference value :  2.03525e-07
 Reference value :  2.04975e-07
 Reference value :  2.06425e-07
 Reference value :  2.07875e-07
 Reference value :  2.09275e-07
 Reference value :  2.10675e-07
 Reference value :  2.11925e-07
 Reference value :  2.13375e-07
 Reference value :  2.14825e-07
 Reference value :  2.16275e-07
 Reference value :  2.17675e-07
 Reference value :  2.19125e-07
 Reference value :  2.20475e-07
 Reference value :  2.21775e-07
 Reference value :  2.23225e-07
 Reference value :  2.24675e-07
 Reference value :  2.26125e-07
 Reference value :  2.27575e-07
 Reference value :  2.29025e-07
 Reference value :  2.30375e-07
 Reference value :  2.31675e-07
 Reference value :  2.33125e-07
 Reference value :  2.34575e-07
 Reference value :  2.36025e-07
 Reference value :  2.37425e-07
 Reference value :  2.38925e-07
 Reference value :  2.40225e-07
 Reference value :  2.41475e-07
 Reference value :  2.42875e-07
 Reference value :  2.44225e-07
 Reference value :  2.45625e-07
 Reference value :  2.47025e-07
 Reference value :  2.48425e-07
 Reference value :  2.49825e-07
 Reference value :  2.51075e-07
 Reference value :  2.52475e-07
 Reference value :  2.53925e-07
 Reference value :  2.55375e-07
 Reference value :  2.56825e-07
 Reference value :  2.58225e-07
 Reference value :  2.59675e-07
 Reference value :  2.60963e-07
 Reference value :  2.62225e-07
 Reference value :  2.63625e-07
 Reference value :  2.65025e-07
 Reference value :  2.66425e-07
 Reference value :  2.67875e-07
 Reference value :  2.69325e-07
 Reference value :  2.70625e-07
 Reference value :  2.71925e-07
 Reference value :  2.73225e-07
 Reference value :  2.74475e-07
 Reference value :  2.75825e-07
 Reference value :  2.77275e-07
 Reference value :  2.78725e-07
 Reference value :  2.80075e-07
 Reference value :  2.81375e-07
 Reference value :  2.82825e-07
 Reference value :  2.84075e-07
 Reference value :  2.85425e-07
 Reference value :  2.86775e-07
 Reference value :  2.88175e-07
 Reference value :  2.89525e-07
 Reference value :  2.90675e-07
 Reference value :  2.91775e-07
 Reference value :  2.93125e-07
 Reference value :  2.94725e-07
 Reference value :  2.96175e-07
 Reference value :  2.97625e-07
 Reference value :  2.99075e-07
 Reference value :  3.00425e-07
 Reference value :  3.01675e-07
 Reference value :  3.03075e-07
 Reference value :  3.04525e-07
 Reference value :  3.05925e-07
 Reference value :  3.07325e-07
 Reference value :  3.08775e-07
 Reference value :  3.10125e-07
 Reference value :  3.11425e-07
 Reference value :  3.12875e-07
 Reference value :  3.14275e-07
 Reference value :  3.15725e-07
 Reference value :  3.17225e-07
 Reference value :  3.18725e-07
 Reference value :  3.20175e-07
 Reference value :  3.21575e-07
 Reference value :  3.23075e-07
 Reference value :  3.24475e-07
 Reference value :  3.25925e-07
 Reference value :  3.27325e-07
 Reference value :  3.28725e-07
 Reference value :  3.30375e-07
 Reference value :  3.31675e-07
 Reference value :  3.33125e-07
 Reference value :  3.34575e-07
 Reference value :  3.36025e-07
 Reference value :  3.37475e-07
 Reference value :  3.38925e-07
 Reference value :  3.40275e-07
 Reference value :  3.41425e-07
 Reference value :  3.42725e-07
 Reference value :  3.44175e-07
 Reference value :  3.45625e-07
 Reference value :  3.47075e-07
 Reference value :  3.48475e-07
 Reference value :  3.49925e-07
 Reference value :  3.51125e-07
 Reference value :  3.52575e-07
 Reference value :  3.54025e-07
 Reference value :  3.55425e-07
 Reference value :  3.56875e-07
 Reference value :  3.58325e-07
 Reference value :  3.59775e-07
 Reference value :  3.61015e-07
 Reference value :  3.62375e-07
 Reference value :  3.63775e-07
 Reference value :  3.65225e-07
 Reference value :  3.66575e-07
 Reference value :  3.67825e-07
 Reference value :  3.69075e-07
 Reference value :  3.70275e-07
 Reference value :  3.71425e-07
 Reference value :  3.72725e-07
 Reference value :  3.74025e-07
 Reference value :  3.75325e-07
 Reference value :  3.76625e-07
 Reference value :  3.77975e-07
 Reference value :  3.79225e-07
 Reference value :  3.80425e-07
 Reference value :  3.81575e-07
 Reference value :  3.82875e-07
 Reference value :  3.84175e-07
 Reference value :  3.85475e-07
 Reference value :  3.86775e-07
 Reference value :  3.88075e-07
 Reference value :  3.89375e-07
 Reference value :  3.90525e-07
 Reference value :  3.91675e-07
 Reference value :  3.93025e-07
 Reference value :  3.94325e-07
 Reference value :  3.95625e-07
 Reference value :  3.96925e-07
 Reference value :  3.98225e-07
 Reference value :  3.99525e-07
 Reference value :  4.00875e-07
 Reference value :  4.02025e-07
 Reference value :  4.03325e-07
 Reference value :  4.04675e-07
 Reference value :  4.05975e-07
 Reference value :  4.07275e-07
 Reference value :  4.08575e-07
 Reference value :  4.09825e-07
 Reference value :  4.11000e-07
 Reference value :  4.12175e-07
 Reference value :  4.13475e-07
 Reference value :  4.14775e-07
 Reference value :  4.16075e-07
 Reference value :  4.17375e-07
 Reference value :  4.18675e-07
 Reference value :  4.19963e-07
 Reference value :  4.21035e-07
 Reference value :  4.22325e-07
 Reference value :  4.23625e-07
 Reference value :  4.24925e-07
 Reference value :  4.26225e-07
 Reference value :  4.27525e-07
 Reference value :  4.28825e-07
 Reference value :  4.30035e-07
 Reference value :  4.31175e-07
 Reference value :  4.32675e-07
 Reference value :  4.34025e-07
 Reference value :  4.35275e-07
 Reference value :  4.36475e-07
 Reference value :  4.37725e-07
 Reference value :  4.38975e-07
 Reference value :  4.40075e-07
 Reference value :  4.41275e-07
 Reference value :  4.42725e-07
 Reference value :  4.44175e-07
 Reference value :  4.45625e-07
 Reference value :  4.47075e-07
 Reference value :  4.48475e-07
 Reference value :  4.49925e-07
 Reference value :  4.51125e-07
 Reference value :  4.52575e-07
 Reference value :  4.53975e-07
 Reference value :  4.55375e-07
 Reference value :  4.56775e-07
 Reference value :  4.58225e-07
 Reference value :  4.59675e-07
 Reference value :  4.61125e-07
 Reference value :  4.62575e-07
 Reference value :  4.64025e-07
 Reference value :  4.65425e-07
 Reference value :  4.66875e-07
 Reference value :  4.68325e-07
 Reference value :  4.69725e-07
 Reference value :  4.71005e-07
 Reference value :  4.72425e-07
 Reference value :  4.73875e-07
 Reference value :  4.75325e-07
 Reference value :  4.76775e-07
 Reference value :  4.78225e-07
 Reference value :  4.79675e-07
 Reference value :  4.81000e-07
 Reference value :  4.82325e-07
 Reference value :  4.83775e-07
 Reference value :  4.85175e-07
 Reference value :  4.86625e-07
 Reference value :  4.88025e-07
 Reference value :  4.89425e-07
 Reference value :  4.90875e-07
 Reference value :  4.92125e-07
 Reference value :  4.93675e-07
 Reference value :  4.95125e-07
 Reference value :  4.96525e-07
 Reference value :  4.97925e-07
 Reference value :  4.99325e-07
 Reference value :  5.00625e-07
 Reference value :  5.01925e-07
 Reference value :  5.03375e-07
 Reference value :  5.04775e-07
 Reference value :  5.06175e-07
 Reference value :  5.07625e-07
 Reference value :  5.09075e-07
 Reference value :  5.10475e-07
 Reference value :  5.11725e-07
 Reference value :  5.13125e-07
 Reference value :  5.14525e-07
 Reference value :  5.16075e-07
 Reference value :  5.17525e-07
 Reference value :  5.18925e-07
 Reference value :  5.20275e-07
 Reference value :  5.21575e-07
 Reference value :  5.23025e-07
 Reference value :  5.24475e-07
 Reference value :  5.25925e-07
 Reference value :  5.27375e-07
 Reference value :  5.28825e-07
 Reference value :  5.30125e-07
 Reference value :  5.31425e-07
 Reference value :  5.32925e-07
 Reference value :  5.34375e-07
 Reference value :  5.35825e-07
 Reference value :  5.37275e-07
 Reference value :  5.38725e-07
 Reference value :  5.40035e-07
 Reference value :  5.41325e-07
 Reference value :  5.42625e-07
 Reference value :  5.43925e-07
 Reference value :  5.45225e-07
 Reference value :  5.46525e-07
 Reference value :  5.47825e-07
 Reference value :  5.49125e-07
 Reference value :  5.50325e-07
 Reference value :  5.51475e-07
 Reference value :  5.52775e-07
 Reference value :  5.54075e-07
 Reference value :  5.55375e-07
 Reference value :  5.56625e-07
 Reference value :  5.57875e-07
 Reference value :  5.59175e-07
 Reference value :  5.60375e-07
 Reference value :  5.61525e-07
 Reference value :  5.62825e-07
 Reference value :  5.64125e-07
 Reference value :  5.65475e-07
 Reference value :  5.66925e-07
 Reference value :  5.68375e-07
 Reference value :  5.69825e-07
 Reference value :  5.71075e-07
 Reference value :  5.72525e-07
 Reference value :  5.74075e-07
 Reference value :  5.75525e-07
 Reference value :  5.76975e-07
 Reference value :  5.78375e-07
 Reference value :  5.79825e-07
 Reference value :  5.81125e-07
 Reference value :  5.82575e-07
 Reference value :  5.84025e-07
 Reference value :  5.85475e-07
 Reference value :  5.86925e-07
 Reference value :  5.88425e-07
 Reference value :  5.89875e-07
 Reference value :  5.91075e-07
 Reference value :  5.92575e-07
 Reference value :  5.94125e-07
 Reference value :  5.95575e-07
 Reference value :  5.96875e-07
 Reference value :  5.98325e-07
 Reference value :  5.99725e-07
 Reference value :  6.01075e-07
 Reference value :  6.02475e-07
 Reference value :  6.03925e-07
 Reference value :  6.05375e-07
 Reference value :  6.06825e-07
 Reference value :  6.08275e-07
 Reference value :  6.09725e-07
 Reference value :  6.11005e-07
 Reference value :  6.12325e-07
 Reference value :  6.13725e-07
 Reference value :  6.15175e-07
 Reference value :  6.16625e-07
 Reference value :  6.18075e-07
 Reference value :  6.19525e-07
 Reference value :  6.20875e-07
 Reference value :  6.22175e-07
 Reference value :  6.23625e-07
 Reference value :  6.25075e-07
 Reference value :  6.26525e-07
 Reference value :  6.27975e-07
 Reference value :  6.29375e-07
 Reference value :  6.30825e-07
 Reference value :  6.32075e-07
 Reference value :  6.33525e-07
 Reference value :  6.34825e-07
 Reference value :  6.36075e-07
 Reference value :  6.37375e-07
 Reference value :  6.38675e-07
 Reference value :  6.39963e-07
 Reference value :  6.41075e-07
 Reference value :  6.42375e-07
 Reference value :  6.43675e-07
 Reference value :  6.44975e-07
 Reference value :  6.46275e-07
 Reference value :  6.47525e-07
 Reference value :  6.48725e-07
 Reference value :  6.50035e-07
 Reference value :  6.51425e-07
 Reference value :  6.52875e-07
 Reference value :  6.54275e-07
 Reference value :  6.55925e-07
 Reference value :  6.57325e-07
 Reference value :  6.58725e-07
 Reference value :  6.60035e-07
 Reference value :  6.61375e-07
 Reference value :  6.62775e-07
 Reference value :  6.64275e-07
 Reference value :  6.65675e-07
 Reference value :  6.67125e-07
 Reference value :  6.68525e-07
 Reference value :  6.69963e-07
 Reference value :  6.71125e-07
 Reference value :  6.72575e-07
 Reference value :  6.74025e-07
 Reference value :  6.75475e-07
 Reference value :  6.76975e-07
 Reference value :  6.78475e-07
 Reference value :  6.79925e-07
 Reference value :  6.81075e-07
 Reference value :  6.82475e-07
 Reference value :  6.83975e-07
 Reference value :  6.85375e-07
 Reference value :  6.86775e-07
 Reference value :  6.88175e-07
 Reference value :  6.89625e-07
 Reference value :  6.91015e-07
 Reference value :  6.92425e-07
 Reference value :  6.94125e-07
 Reference value :  6.95675e-07
 Reference value :  6.97175e-07
 Reference value :  6.98725e-07
 Reference value :  7.00175e-07
 Reference value :  7.01425e-07
 Reference value :  7.02875e-07
 Reference value :  7.04275e-07
 Reference value :  7.05725e-07
 Reference value :  7.07125e-07
 Reference value :  7.08625e-07
 Reference value :  7.10225e-07
 Reference value :  7.11725e-07
 Reference value :  7.12975e-07
 Reference value :  7.14275e-07
 Reference value :  7.15575e-07
 Reference value :  7.16825e-07
 Reference value :  7.18125e-07
 Reference value :  7.19475e-07
 Reference value :  7.20725e-07
 Reference value :  7.21975e-07
 Reference value :  7.23325e-07
 Reference value :  7.24675e-07
 Reference value :  7.26075e-07
 Reference value :  7.27725e-07
 Reference value :  7.29175e-07
 Reference value :  7.30525e-07
 Reference value :  7.31775e-07
 Reference value :  7.33125e-07
 Reference value :  7.34375e-07
 Reference value :  7.35675e-07
 Reference value :  7.36975e-07
 Reference value :  7.38275e-07
 Reference value :  7.39625e-07
 Reference value :  7.40825e-07
 Reference value :  7.41975e-07
 Reference value :  7.43225e-07
 Reference value :  7.44525e-07
 Reference value :  7.45775e-07
 Reference value :  7.47075e-07
 Reference value :  7.48375e-07
 Reference value :  7.49675e-07
 Reference value :  7.50925e-07
 Reference value :  7.52075e-07
 Reference value :  7.53375e-07
 Reference value :  7.54675e-07
 Reference value :  7.55975e-07
 Reference value :  7.57275e-07
 Reference value :  7.58575e-07
 Reference value :  7.59875e-07
 Reference value :  7.61005e-07
 Reference value :  7.62225e-07
 Reference value :  7.63525e-07
 Reference value :  7.64775e-07
 Reference value :  7.65975e-07
 Reference value :  7.67175e-07
 Reference value :  7.68425e-07
 Reference value :  7.69675e-07
 Reference value :  7.70825e-07
 Reference value :  7.71975e-07
 Reference value :  7.73375e-07
 Reference value :  7.74675e-07
 Reference value :  7.75975e-07
 Reference value :  7.77225e-07
 Reference value :  7.78475e-07
 Reference value :  7.79775e-07
 Reference value :  7.80925e-07
 Reference value :  7.82075e-07
 Reference value :  7.83375e-07
 Reference value :  7.84675e-07
 Reference value :  7.85975e-07
 Reference value :  7.87275e-07
 Reference value :  7.88575e-07
 Reference value :  7.89875e-07
 Reference value :  7.91005e-07
 Reference value :  7.92275e-07
 Reference value :  7.93725e-07
 Reference value :  7.95075e-07
 Reference value :  7.96375e-07
 Reference value :  7.97675e-07
 Reference value :  7.98975e-07
 Reference value :  8.00175e-07
 Reference value :  8.01375e-07
 Reference value :  8.02675e-07
 Reference value :  8.03975e-07
 Reference value :  8.05275e-07
 Reference value :  8.06625e-07
 Reference value :  8.07925e-07
 Reference value :  8.09275e-07
 Reference value :  8.10575e-07
 Reference value :  8.11775e-07
 Reference value :  8.13125e-07
 Reference value :  8.14475e-07
 Reference value :  8.15775e-07
 Reference value :  8.17075e-07
 Reference value :  8.18375e-07
 Reference value :  8.19675e-07
 Reference value :  8.20825e-07
 Reference value :  8.22175e-07
 Reference value :  8.23475e-07
 Reference value :  8.24775e-07
 Reference value :  8.26075e-07
 Reference value :  8.27375e-07
 Reference value :  8.28675e-07
 Reference value :  8.29963e-07
 Reference value :  8.31035e-07
 Reference value :  8.32325e-07
 Reference value :  8.33625e-07
 Reference value :  8.34925e-07
 Reference value :  8.36175e-07
 Reference value :  8.37425e-07
 Reference value :  8.38675e-07
 Reference value :  8.39925e-07
 Reference value :  8.41015e-07
 Reference value :  8.42275e-07
 Reference value :  8.43575e-07
 Reference value :  8.44875e-07
 Reference value :  8.46175e-07
 Reference value :  8.47425e-07
 Reference value :  8.48675e-07
 Reference value :  8.49963e-07
 Reference value :  8.51015e-07
 Reference value :  8.52225e-07
 Reference value :  8.53525e-07
 Reference value :  8.54775e-07
 Reference value :  8.56075e-07
 Reference value :  8.57375e-07
 Reference value :  8.58675e-07
 Reference value :  8.59963e-07
 Reference value :  8.61035e-07
 Reference value :  8.62325e-07
 Reference value :  8.63575e-07
 Reference value :  8.64825e-07
 Reference value :  8.66075e-07
 Reference value :  8.67375e-07
 Reference value :  8.68675e-07
 Reference value :  8.69963e-07
 Reference value :  8.71035e-07
 Reference value :  8.72325e-07
 Reference value :  8.73625e-07
 Reference value :  8.74875e-07
 Reference value :  8.76275e-07
 Reference value :  8.77725e-07
 Reference value :  8.79225e-07
 Reference value :  8.80475e-07
 Reference value :  8.81625e-07
 Reference value :  8.82875e-07
 Reference value :  8.84125e-07
 Reference value :  8.85425e-07
 Reference value :  8.86725e-07
 Reference value :  8.88075e-07
 Reference value :  8.89525e-07
 Reference value :  8.90825e-07
 Reference value :  8.92075e-07
 Reference value :  8.93475e-07
 Reference value :  8.94875e-07
 Reference value :  8.96275e-07
 Reference value :  8.97675e-07
 Reference value :  8.99075e-07
 Reference value :  9.00525e-07
 Reference value :  9.01775e-07
 Reference value :  9.03225e-07
 Reference value :  9.04875e-07
 Reference value :  9.06625e-07
 Reference value :  9.08325e-07
 Reference value :  9.09775e-07
 Reference value :  9.11015e-07
 Reference value :  9.12375e-07
 Reference value :  9.13775e-07
 Reference value :  9.15225e-07
 Reference value :  9.16825e-07
 Reference value :  9.18325e-07
 Reference value :  9.19775e-07
 Reference value :  9.21005e-07
 Reference value :  9.22325e-07
 Reference value :  9.23725e-07
 Reference value :  9.25125e-07
 Reference value :  9.26425e-07
 Reference value :  9.27725e-07
 Reference value :  9.29025e-07
 Reference value :  9.30225e-07
 Reference value :  9.31375e-07
 Reference value :  9.32975e-07
 Reference value :  9.34325e-07
 Reference value :  9.35575e-07
 Reference value :  9.36875e-07
 Reference value :  9.38175e-07
 Reference value :  9.39475e-07
 Reference value :  9.40675e-07
 Reference value :  9.41875e-07
 Reference value :  9.43175e-07
 Reference value :  9.44425e-07
 Reference value :  9.45675e-07
 Reference value :  9.46875e-07
 Reference value :  9.48075e-07
 Reference value :  9.49275e-07
 Reference value :  9.50425e-07
 Reference value :  9.51575e-07
 Reference value :  9.52825e-07
 Reference value :  9.54125e-07
 Reference value :  9.55425e-07
 Reference value :  9.56725e-07
 Reference value :  9.57975e-07
 Reference value :  9.59375e-07
 Reference value :  9.61000e-07
 Reference value :  9.62275e-07
 Reference value :  9.63725e-07
 Reference value :  9.65175e-07
 Reference value :  9.66625e-07
 Reference value :  9.68125e-07
 Reference value :  9.69525e-07
 Reference value :  9.70875e-07
 Reference value :  9.72175e-07
 Reference value :  9.73625e-07
 Reference value :  9.75075e-07
 Reference value :  9.76525e-07
 Reference value :  9.77975e-07
 Reference value :  9.79425e-07
 Reference value :  9.80775e-07
 Reference value :  9.82025e-07
 Reference value :  9.83475e-07
 Reference value :  9.84925e-07
 Reference value :  9.86325e-07
 Reference value :  9.87775e-07
 Reference value :  9.89175e-07
 Reference value :  9.90625e-07
 Reference value :  9.91925e-07
 Reference value :  9.93375e-07
 Reference value :  9.94775e-07
 Reference value :  9.96175e-07
 Reference value :  9.97625e-07
 Reference value :  9.99275e-07
 Reference value :  1.00067e-06
 Reference value :  1.00212e-06
 Reference value :  1.00357e-06
 Reference value :  1.00502e-06
 Reference value :  1.00672e-06
 Reference value :  1.00817e-06
 Reference value :  1.00962e-06
 Reference value :  1.01096e-06
 Reference value :  1.01227e-06
 Reference value :  1.01372e-06
 Reference value :  1.01517e-06
 Reference value :  1.01672e-06
 Reference value :  1.01822e-06
 Reference value :  1.01967e-06
 Reference value :  1.02102e-06
 Reference value :  1.02227e-06
 Reference value :  1.02362e-06
 Reference value :  1.02507e-06
 Reference value :  1.02652e-06
 Reference value :  1.02797e-06
 Reference value :  1.02942e-06
 Reference value :  1.03077e-06
 Reference value :  1.03202e-06
 Reference value :  1.03347e-06
 Reference value :  1.03477e-06
 Reference value :  1.03602e-06
 Reference value :  1.03722e-06
 Reference value :  1.03842e-06
 Reference value :  1.03972e-06
 Reference value :  1.04096e-06
 Reference value :  1.04212e-06
 Reference value :  1.04342e-06
 Reference value :  1.04472e-06
 Reference value :  1.04602e-06
 Reference value :  1.04732e-06
 Reference value :  1.04862e-06
 Reference value :  1.04977e-06
 Reference value :  1.05096e-06
 Reference value :  1.05212e-06
 Reference value :  1.05337e-06
 Reference value :  1.05462e-06
 Reference value :  1.05592e-06
 Reference value :  1.05722e-06
 Reference value :  1.05852e-06
 Reference value :  1.05987e-06
 Reference value :  1.06108e-06
 Reference value :  1.06252e-06
 Reference value :  1.06397e-06
 Reference value :  1.06542e-06
 Reference value :  1.06687e-06
 Reference value :  1.06832e-06
 Reference value :  1.06977e-06
 Reference value :  1.07103e-06
 Reference value :  1.07247e-06
 Reference value :  1.07397e-06
 Reference value :  1.07542e-06
 Reference value :  1.07682e-06
 Reference value :  1.07817e-06
 Reference value :  1.07962e-06
 Reference value :  1.08101e-06
 Reference value :  1.08237e-06
 Reference value :  1.08382e-06
 Reference value :  1.08527e-06
 Reference value :  1.08672e-06
 Reference value :  1.08812e-06
 Reference value :  1.08942e-06
 Reference value :  1.09062e-06
 Reference value :  1.09177e-06
 Reference value :  1.09327e-06
 Reference value :  1.09457e-06
 Reference value :  1.09592e-06
 Reference value :  1.09737e-06
 Reference value :  1.09882e-06
 Reference value :  1.10022e-06
 Reference value :  1.10162e-06
 Reference value :  1.10307e-06
 Reference value :  1.10452e-06
 Reference value :  1.10592e-06
 Reference value :  1.10737e-06
 Reference value :  1.10882e-06
 Reference value :  1.11017e-06
 Reference value :  1.11147e-06
 Reference value :  1.11292e-06
 Reference value :  1.11437e-06
 Reference value :  1.11577e-06
 Reference value :  1.11717e-06
 Reference value :  1.11857e-06
 Reference value :  1.11996e-06
 Reference value :  1.12117e-06
 Reference value :  1.12262e-06
 Reference value :  1.12402e-06
 Reference value :  1.12542e-06
 Reference value :  1.12682e-06
 Reference value :  1.12827e-06
 Reference value :  1.12967e-06
 Reference value :  1.13100e-06
 Reference value :  1.13227e-06
 Reference value :  1.13372e-06
 Reference value :  1.13507e-06
 Reference value :  1.13647e-06
 Reference value :  1.13792e-06
 Reference value :  1.13932e-06
 Reference value :  1.14062e-06
 Reference value :  1.14177e-06
 Reference value :  1.14302e-06
 Reference value :  1.14462e-06
 Reference value :  1.14607e-06
 Reference value :  1.14737e-06
 Reference value :  1.14867e-06
 Reference value :  1.14996e-06
 Reference value :  1.15112e-06
 Reference value :  1.15247e-06
 Reference value :  1.15377e-06
 Reference value :  1.15527e-06
 Reference value :  1.15662e-06
 Reference value :  1.15792e-06
 Reference value :  1.15922e-06
 Reference value :  1.16042e-06
 Reference value :  1.16167e-06
 Reference value :  1.16297e-06
 Reference value :  1.16427e-06
 Reference value :  1.16557e-06
 Reference value :  1.16697e-06
 Reference value :  1.16837e-06
 Reference value :  1.16977e-06
 Reference value :  1.17101e-06
 Reference value :  1.17232e-06
 Reference value :  1.17372e-06
 Reference value :  1.17512e-06
 Reference value :  1.17652e-06
 Reference value :  1.17822e-06
 Reference value :  1.17977e-06
 Reference value :  1.18107e-06
 Reference value :  1.18247e-06
 Reference value :  1.18397e-06
 Reference value :  1.18532e-06
 Reference value :  1.18657e-06
 Reference value :  1.18797e-06
 Reference value :  1.18937e-06
 Reference value :  1.19082e-06
 Reference value :  1.19207e-06
 Reference value :  1.19347e-06
 Reference value :  1.19487e-06
 Reference value :  1.19627e-06
 Reference value :  1.19767e-06
 Reference value :  1.19907e-06
 Reference value :  1.20037e-06
 Reference value :  1.20167e-06
 Reference value :  1.20312e-06
 Reference value :  1.20457e-06
 Reference value :  1.20602e-06
 Reference value :  1.20742e-06
 Reference value :  1.20882e-06
 Reference value :  1.21017e-06
 Reference value :  1.21147e-06
 Reference value :  1.21292e-06
 Reference value :  1.21432e-06
 Reference value :  1.21577e-06
 Reference value :  1.21717e-06
 Reference value :  1.21857e-06
 Reference value :  1.21996e-06
 Reference value :  1.22117e-06
 Reference value :  1.22262e-06
 Reference value :  1.22407e-06
 Reference value :  1.22562e-06
 Reference value :  1.22712e-06
 Reference value :  1.22857e-06
 Reference value :  1.22996e-06
 Reference value :  1.23117e-06
 Reference value :  1.23257e-06
 Reference value :  1.23402e-06
 Reference value :  1.23547e-06
 Reference value :  1.23687e-06
 Reference value :  1.23832e-06
 Reference value :  1.23977e-06
 Reference value :  1.24100e-06
 Reference value :  1.24237e-06
 Reference value :  1.24372e-06
 Reference value :  1.24512e-06
 Reference value :  1.24652e-06
 Reference value :  1.24792e-06
 Reference value :  1.24952e-06
 Reference value :  1.25096e-06
 Reference value :  1.25227e-06
 Reference value :  1.25372e-06
 Reference value :  1.25512e-06
 Reference value :  1.25657e-06
 Reference value :  1.25817e-06
 Reference value :  1.25967e-06
 Reference value :  1.26096e-06
 Reference value :  1.26222e-06
 Reference value :  1.26362e-06
 Reference value :  1.26507e-06
 Reference value :  1.26652e-06
 Reference value :  1.26792e-06
 Reference value :  1.26937e-06
 Reference value :  1.27067e-06
 Reference value :  1.27197e-06
 Reference value :  1.27352e-06
 Reference value :  1.27497e-06
 Reference value :  1.27627e-06
 Reference value :  1.27757e-06
 Reference value :  1.27887e-06
 Reference value :  1.28007e-06
 Reference value :  1.28132e-06
 Reference value :  1.28277e-06
 Reference value :  1.28417e-06
 Reference value :  1.28542e-06
 Reference value :  1.28662e-06
 Reference value :  1.28782e-06
 Reference value :  1.28902e-06
 Reference value :  1.29012e-06
 Reference value :  1.29122e-06
 Reference value :  1.29247e-06
 Reference value :  1.29392e-06
 Reference value :  1.29522e-06
 Reference value :  1.29672e-06
 Reference value :  1.29842e-06
 Reference value :  1.30003e-06
 Reference value :  1.30137e-06
 Reference value :  1.30277e-06
 Reference value :  1.30422e-06
 Reference value :  1.30567e-06
 Reference value :  1.30712e-06
 Reference value :  1.30857e-06
 Reference value :  1.31000e-06
 Reference value :  1.31127e-06
 Reference value :  1.31272e-06
 Reference value :  1.31417e-06
 Reference value :  1.31562e-06
 Reference value :  1.31717e-06
 Reference value :  1.31862e-06
 Reference value :  1.32000e-06
 Reference value :  1.32132e-06
 Reference value :  1.32287e-06
 Reference value :  1.32422e-06
 Reference value :  1.32547e-06
 Reference value :  1.32672e-06
 Reference value :  1.32802e-06
 Reference value :  1.32932e-06
 Reference value :  1.33052e-06
 Reference value :  1.33177e-06
 Reference value :  1.33317e-06
 Reference value :  1.33472e-06
 Reference value :  1.33612e-06
 Reference value :  1.33752e-06
 Reference value :  1.33892e-06
 Reference value :  1.34022e-06
 Reference value :  1.34152e-06
 Reference value :  1.34292e-06
 Reference value :  1.34432e-06
 Reference value :  1.34572e-06
 Reference value :  1.34712e-06
 Reference value :  1.34847e-06
 Reference value :  1.34977e-06
 Reference value :  1.35092e-06
 Reference value :  1.35242e-06
 Reference value :  1.35382e-06
 Reference value :  1.35517e-06
 Reference value :  1.35652e-06
 Reference value :  1.35792e-06
 Reference value :  1.35927e-06
 Reference value :  1.36057e-06
 Reference value :  1.36182e-06
 Reference value :  1.36322e-06
 Reference value :  1.36467e-06
 Reference value :  1.36612e-06
 Reference value :  1.36757e-06
 Reference value :  1.36902e-06
 Reference value :  1.37037e-06
 Reference value :  1.37162e-06
 Reference value :  1.37307e-06
 Reference value :  1.37447e-06
 Reference value :  1.37592e-06
 Reference value :  1.37737e-06
 Reference value :  1.37887e-06
 Reference value :  1.38017e-06
 Reference value :  1.38147e-06
 Reference value :  1.38292e-06
 Reference value :  1.38437e-06
 Reference value :  1.38582e-06
 Reference value :  1.38722e-06
 Reference value :  1.38862e-06
 Reference value :  1.39000e-06
 Reference value :  1.39127e-06
 Reference value :  1.39272e-06
 Reference value :  1.39417e-06
 Reference value :  1.39562e-06
 Reference value :  1.39707e-06
 Reference value :  1.39852e-06
 Reference value :  1.39996e-06
 Reference value :  1.40127e-06
 Reference value :  1.40272e-06
 Reference value :  1.40417e-06
 Reference value :  1.40567e-06
 Reference value :  1.40712e-06
 Reference value :  1.40857e-06
 Reference value :  1.40996e-06
 Reference value :  1.41117e-06
 Reference value :  1.41262e-06
 Reference value :  1.41407e-06
 Reference value :  1.41552e-06
 Reference value :  1.41692e-06
 Reference value :  1.41837e-06
 Reference value :  1.41982e-06
 Reference value :  1.42103e-06
 Reference value :  1.42247e-06
 Reference value :  1.42387e-06
 Reference value :  1.42527e-06
 Reference value :  1.42667e-06
 Reference value :  1.42807e-06
 Reference value :  1.42947e-06
 Reference value :  1.43077e-06
 Reference value :  1.43207e-06
 Reference value :  1.43382e-06
 Reference value :  1.43522e-06
 Reference value :  1.43662e-06
 Reference value :  1.43807e-06
 Reference value :  1.43947e-06
 Reference value :  1.44082e-06
 Reference value :  1.44212e-06
 Reference value :  1.44357e-06
 Reference value :  1.44497e-06
 Reference value :  1.44637e-06
 Reference value :  1.44772e-06
 Reference value :  1.44912e-06
 Reference value :  1.45042e-06
 Reference value :  1.45172e-06
 Reference value :  1.45312e-06
 Reference value :  1.45457e-06
 Reference value :  1.45602e-06
 Reference value :  1.45747e-06
 Reference value :  1.45902e-06
 Reference value :  1.46062e-06
 Reference value :  1.46217e-06
 Reference value :  1.46372e-06
 Reference value :  1.46507e-06
 Reference value :  1.46647e-06
 Reference value :  1.46792e-06
 Reference value :  1.46932e-06
 Reference value :  1.47062e-06
 Reference value :  1.47192e-06
 Reference value :  1.47342e-06
 Reference value :  1.47487e-06
 Reference value :  1.47632e-06
 Reference value :  1.47777e-06
 Reference value :  1.47922e-06
 Reference value :  1.48052e-06
 Reference value :  1.48182e-06
 Reference value :  1.48327e-06
 Reference value :  1.48472e-06
 Reference value :  1.48617e-06
 Reference value :  1.48762e-06
 Reference value :  1.48907e-06
 Reference value :  1.49057e-06
 Reference value :  1.49187e-06
 Reference value :  1.49332e-06
 Reference value :  1.49492e-06
 Reference value :  1.49637e-06
 Reference value :  1.49782e-06
 Reference value :  1.49927e-06
 Reference value :  1.50057e-06
 Reference value :  1.50187e-06
 Reference value :  1.50332e-06
 Reference value :  1.50482e-06
 Reference value :  1.50632e-06
 Reference value :  1.50777e-06
 Reference value :  1.50917e-06
 Reference value :  1.51052e-06
 Reference value :  1.51182e-06
 Reference value :  1.51322e-06
 Reference value :  1.51467e-06
 Reference value :  1.51617e-06
 Reference value :  1.51757e-06
 Reference value :  1.51897e-06
 Reference value :  1.52032e-06
 Reference value :  1.52157e-06
 Reference value :  1.52297e-06
 Reference value :  1.52437e-06
 Reference value :  1.52577e-06
 Reference value :  1.52717e-06
 Reference value :  1.52862e-06
 Reference value :  1.53000e-06
 Reference value :  1.53117e-06
 Reference value :  1.53267e-06
 Reference value :  1.53412e-06
 Reference value :  1.53552e-06
 Reference value :  1.53692e-06
 Reference value :  1.53832e-06
 Reference value :  1.53972e-06
 Reference value :  1.54101e-06
 Reference value :  1.54217e-06
 Reference value :  1.54342e-06
 Reference value :  1.54467e-06
 Reference value :  1.54607e-06
 Reference value :  1.54747e-06
 Reference value :  1.54892e-06
 Reference value :  1.55022e-06
 Reference value :  1.55152e-06
 Reference value :  1.55297e-06
 Reference value :  1.55452e-06
 Reference value :  1.55597e-06
 Reference value :  1.55737e-06
 Reference value :  1.55877e-06
 Reference value :  1.56012e-06
 Reference value :  1.56142e-06
 Reference value :  1.56282e-06
 Reference value :  1.56427e-06
 Reference value :  1.56572e-06
 Reference value :  1.56712e-06
 Reference value :  1.56832e-06
 Reference value :  1.56952e-06
 Reference value :  1.57072e-06
 Reference value :  1.57182e-06
 Reference value :  1.57307e-06
 Reference value :  1.57427e-06
 Reference value :  1.57547e-06
 Reference value :  1.57672e-06
 Reference value :  1.57792e-06
 Reference value :  1.57917e-06
 Reference value :  1.58032e-06
 Reference value :  1.58147e-06
 Reference value :  1.58267e-06
 Reference value :  1.58387e-06
 Reference value :  1.58507e-06
 Reference value :  1.58627e-06
 Reference value :  1.58747e-06
 Reference value :  1.58867e-06
 Reference value :  1.58987e-06
 Reference value :  1.59100e-06
 Reference value :  1.59217e-06
 Reference value :  1.59367e-06
 Reference value :  1.59492e-06
 Reference value :  1.59617e-06
 Reference value :  1.59737e-06
 Reference value :  1.59857e-06
 Reference value :  1.59977e-06
 Reference value :  1.60096e-06
 Reference value :  1.60207e-06
 Reference value :  1.60327e-06
 Reference value :  1.60457e-06
 Reference value :  1.60592e-06
 Reference value :  1.60752e-06
 Reference value :  1.60907e-06
 Reference value :  1.61037e-06
 Reference value :  1.61162e-06
 Reference value :  1.61302e-06
 Reference value :  1.61442e-06
 Reference value :  1.61577e-06
 Reference value :  1.61717e-06
 Reference value :  1.61857e-06
 Reference value :  1.62000e-06
 Reference value :  1.62103e-06
 Reference value :  1.62232e-06
 Reference value :  1.62372e-06
 Reference value :  1.62517e-06
 Reference value :  1.62662e-06
 Reference value :  1.62807e-06
 Reference value :  1.62947e-06
 Reference value :  1.63092e-06
 Reference value :  1.63222e-06
 Reference value :  1.63362e-06
 Reference value :  1.63502e-06
 Reference value :  1.63642e-06
 Reference value :  1.63777e-06
 Reference value :  1.63917e-06
 Reference value :  1.64047e-06
 Reference value :  1.64172e-06
 Reference value :  1.64312e-06
 Reference value :  1.64452e-06
 Reference value :  1.64592e-06
 Reference value :  1.64732e-06
 Reference value :  1.64872e-06
 Reference value :  1.65003e-06
 Reference value :  1.65142e-06
 Reference value :  1.65282e-06
 Reference value :  1.65412e-06
 Reference value :  1.65567e-06
 Reference value :  1.65692e-06
 Reference value :  1.65812e-06
 Reference value :  1.65932e-06
 Reference value :  1.66062e-06
 Reference value :  1.66192e-06
 Reference value :  1.66332e-06
 Reference value :  1.66472e-06
 Reference value :  1.66612e-06
 Reference value :  1.66762e-06
 Reference value :  1.66902e-06
 Reference value :  1.67037e-06
 Reference value :  1.67167e-06
 Reference value :  1.67307e-06
 Reference value :  1.67447e-06
 Reference value :  1.67582e-06
 Reference value :  1.67717e-06
 Reference value :  1.67857e-06
 Reference value :  1.67992e-06
 Reference value :  1.68108e-06
 Reference value :  1.68247e-06
 Reference value :  1.68397e-06
 Reference value :  1.68537e-06
 Reference value :  1.68677e-06
 Reference value :  1.68817e-06
 Reference value :  1.68962e-06
 Reference value :  1.69100e-06
 Reference value :  1.69237e-06
 Reference value :  1.69382e-06
 Reference value :  1.69527e-06
 Reference value :  1.69672e-06
 Reference value :  1.69792e-06
 Reference value :  1.69912e-06
 Reference value :  1.70022e-06
 Reference value :  1.70127e-06
 Reference value :  1.70247e-06
 Reference value :  1.70367e-06
 Reference value :  1.70492e-06
 Reference value :  1.70617e-06
 Reference value :  1.70742e-06
 Reference value :  1.70867e-06
 Reference value :  1.70992e-06
 Reference value :  1.71101e-06
 Reference value :  1.71227e-06
 Reference value :  1.71352e-06
 Reference value :  1.71477e-06
 Reference value :  1.71612e-06
 Reference value :  1.71752e-06
 Reference value :  1.71892e-06
 Reference value :  1.72022e-06
 Reference value :  1.72157e-06
 Reference value :  1.72302e-06
 Reference value :  1.72457e-06
 Reference value :  1.72607e-06
 Reference value :  1.72752e-06
 Reference value :  1.72902e-06
 Reference value :  1.73042e-06
 Reference value :  1.73182e-06
 Reference value :  1.73317e-06
 Reference value :  1.73447e-06
 Reference value :  1.73577e-06
 Reference value :  1.73707e-06
 Reference value :  1.73842e-06
 Reference value :  1.73972e-06
 Reference value :  1.74092e-06
 Reference value :  1.74207e-06
 Reference value :  1.74337e-06
 Reference value :  1.74482e-06
 Reference value :  1.74627e-06
 Reference value :  1.74777e-06
 Reference value :  1.74922e-06
 Reference value :  1.75067e-06
 Reference value :  1.75197e-06
 Reference value :  1.75342e-06
 Reference value :  1.75487e-06
 Reference value :  1.75632e-06
 Reference value :  1.75772e-06
 Reference value :  1.75907e-06
 Reference value :  1.76037e-06
 Reference value :  1.76167e-06
 Reference value :  1.76307e-06
 Reference value :  1.76447e-06
 Reference value :  1.76587e-06
 Reference value :  1.76727e-06
 Reference value :  1.76862e-06
 Reference value :  1.76987e-06
 Reference value :  1.77100e-06
 Reference value :  1.77227e-06
 Reference value :  1.77362e-06
 Reference value :  1.77492e-06
 Reference value :  1.77622e-06
 Reference value :  1.77752e-06
 Reference value :  1.77882e-06
 Reference value :  1.78002e-06
 Reference value :  1.78113e-06
 Reference value :  1.78242e-06
 Reference value :  1.78372e-06
 Reference value :  1.78502e-06
 Reference value :  1.78632e-06
 Reference value :  1.78757e-06
 Reference value :  1.78882e-06
 Reference value :  1.79000e-06
 Reference value :  1.79103e-06
 Reference value :  1.79227e-06
 Reference value :  1.79372e-06
 Reference value :  1.79502e-06
 Reference value :  1.79632e-06
 Reference value :  1.79762e-06
 Reference value :  1.79897e-06
 Reference value :  1.80032e-06
 Reference value :  1.80162e-06
 Reference value :  1.80307e-06
 Reference value :  1.80452e-06
 Reference value :  1.80592e-06
 Reference value :  1.80737e-06
 Reference value :  1.80882e-06
 Reference value :  1.81017e-06
 Reference value :  1.81147e-06
 Reference value :  1.81287e-06
 Reference value :  1.81427e-06
 Reference value :  1.81567e-06
 Reference value :  1.81707e-06
 Reference value :  1.81847e-06
 Reference value :  1.81987e-06
 Reference value :  1.82103e-06
 Reference value :  1.82252e-06
 Reference value :  1.82397e-06
 Reference value :  1.82537e-06
 Reference value :  1.82687e-06
 Reference value :  1.82837e-06
 Reference value :  1.82992e-06
 Reference value :  1.83117e-06
 Reference value :  1.83262e-06
 Reference value :  1.83407e-06
 Reference value :  1.83552e-06
 Reference value :  1.83697e-06
 Reference value :  1.83842e-06
 Reference value :  1.83982e-06
 Reference value :  1.84112e-06
 Reference value :  1.84292e-06
 Reference value :  1.84447e-06
 Reference value :  1.84592e-06
 Reference value :  1.84737e-06
 Reference value :  1.84882e-06
 Reference value :  1.85017e-06
 Reference value :  1.85147e-06
 Reference value :  1.85292e-06
 Reference value :  1.85447e-06
 Reference value :  1.85587e-06
 Reference value :  1.85727e-06
 Reference value :  1.85867e-06
 Reference value :  1.86007e-06
 Reference value :  1.86142e-06
 Reference value :  1.86282e-06
 Reference value :  1.86422e-06
 Reference value :  1.86567e-06
 Reference value :  1.86712e-06
 Reference value :  1.86857e-06
 Reference value :  1.86996e-06
 Reference value :  1.87112e-06
 Reference value :  1.87252e-06
 Reference value :  1.87392e-06
 Reference value :  1.87522e-06
 Reference value :  1.87652e-06
 Reference value :  1.87787e-06
 Reference value :  1.87917e-06
 Reference value :  1.88037e-06
 Reference value :  1.88152e-06
 Reference value :  1.88282e-06
 Reference value :  1.88422e-06
 Reference value :  1.88562e-06
 Reference value :  1.88702e-06
 Reference value :  1.88842e-06
 Reference value :  1.88982e-06
 Reference value :  1.89103e-06
 Reference value :  1.89242e-06
 Reference value :  1.89382e-06
 Reference value :  1.89522e-06
 Reference value :  1.89657e-06
 Reference value :  1.89797e-06
 Reference value :  1.89917e-06
 Reference value :  1.90057e-06
 Reference value :  1.90187e-06
 Reference value :  1.90317e-06
 Reference value :  1.90442e-06
 Reference value :  1.90567e-06
 Reference value :  1.90692e-06
 Reference value :  1.90822e-06
 Reference value :  1.90947e-06
 Reference value :  1.91078e-06
 Reference value :  1.91208e-06
 Reference value :  1.91343e-06
 Reference value :  1.91483e-06
 Reference value :  1.91623e-06
 Reference value :  1.91763e-06
 Reference value :  1.91908e-06
 Reference value :  1.92038e-06
 Reference value :  1.92168e-06
 Reference value :  1.92313e-06
 Reference value :  1.92458e-06
 Reference value :  1.92603e-06
 Reference value :  1.92743e-06
 Reference value :  1.92888e-06
 Reference value :  1.93018e-06
 Reference value :  1.93148e-06
 Reference value :  1.93328e-06
 Reference value :  1.93478e-06
 Reference value :  1.93618e-06
 Reference value :  1.93763e-06
 Reference value :  1.93898e-06
 Reference value :  1.94028e-06
 Reference value :  1.94158e-06
 Reference value :  1.94298e-06
 Reference value :  1.94443e-06
 Reference value :  1.94588e-06
 Reference value :  1.94733e-06
 Reference value :  1.94878e-06
 Reference value :  1.95012e-06
 Reference value :  1.95143e-06
 Reference value :  1.95288e-06
 Reference value :  1.95433e-06
 Reference value :  1.95578e-06
 Reference value :  1.95713e-06
 Reference value :  1.95853e-06
 Reference value :  1.95993e-06
 Reference value :  1.96153e-06
 Reference value :  1.96298e-06
 Reference value :  1.96443e-06
 Reference value :  1.96583e-06
 Reference value :  1.96723e-06
 Reference value :  1.96868e-06
 Reference value :  1.97003e-06
 Reference value :  1.97133e-06
 Reference value :  1.97278e-06
 Reference value :  1.97423e-06
 Reference value :  1.97563e-06
 Reference value :  1.97703e-06
 Reference value :  1.97843e-06
 Reference value :  1.97988e-06
 Reference value :  1.98104e-06
 Reference value :  1.98233e-06
 Reference value :  1.98363e-06
 Reference value :  1.98503e-06
 Reference value :  1.98658e-06
 Reference value :  1.98803e-06
 Reference value :  1.98938e-06
 Reference value :  1.99083e-06
 Reference value :  1.99208e-06
 Reference value :  1.99353e-06
 Reference value :  1.99493e-06
 Reference value :  1.99638e-06
 Reference value :  1.99783e-06
 Reference value :  1.99928e-06
 Reference value :  2.00058e-06
 Reference value :  2.00188e-06
 Reference value :  2.00333e-06
 Reference value :  2.00478e-06
 Reference value :  2.00618e-06
 Reference value :  2.00758e-06
 Reference value :  2.00903e-06
 Reference value :  2.01038e-06
 Reference value :  2.01168e-06
 Reference value :  2.01308e-06
 Reference value :  2.01448e-06
 Reference value :  2.01603e-06
 Reference value :  2.01743e-06
 Reference value :  2.01888e-06
 Reference value :  2.02022e-06
 Reference value :  2.02153e-06
 Reference value :  2.02293e-06
 Reference value :  2.02438e-06
 Reference value :  2.02583e-06
 Reference value :  2.02728e-06
 Reference value :  2.02863e-06
 Reference value :  2.02993e-06
 Reference value :  2.03100e-06
 Reference value :  2.03213e-06
 Reference value :  2.03358e-06
 Reference value :  2.03488e-06
 Reference value :  2.03618e-06
 Reference value :  2.03748e-06
 Reference value :  2.03878e-06
 Reference value :  2.04000e-06
 Reference value :  2.04117e-06
 Reference value :  2.04248e-06
 Reference value :  2.04378e-06
 Reference value :  2.04508e-06
 Reference value :  2.04638e-06
 Reference value :  2.04768e-06
 Reference value :  2.04893e-06
 Reference value :  2.05012e-06
 Reference value :  2.05128e-06
 Reference value :  2.05258e-06
 Reference value :  2.05388e-06
 Reference value :  2.05528e-06
 Reference value :  2.05658e-06
 Reference value :  2.05788e-06
 Reference value :  2.05918e-06
 Reference value :  2.06038e-06
 Reference value :  2.06153e-06
 Reference value :  2.06283e-06
 Reference value :  2.06418e-06
 Reference value :  2.06548e-06
 Reference value :  2.06678e-06
 Reference value :  2.06808e-06
 Reference value :  2.06938e-06
 Reference value :  2.07073e-06
 Reference value :  2.07203e-06
 Reference value :  2.07353e-06
 Reference value :  2.07493e-06
 Reference value :  2.07638e-06
 Reference value :  2.07778e-06
 Reference value :  2.07923e-06
 Reference value :  2.08068e-06
 Reference value :  2.08198e-06
 Reference value :  2.08343e-06
 Reference value :  2.08488e-06
 Reference value :  2.08633e-06
 Reference value :  2.08773e-06
 Reference value :  2.08918e-06
 Reference value :  2.09053e-06
 Reference value :  2.09183e-06
 Reference value :  2.09353e-06
 Reference value :  2.09498e-06
 Reference value :  2.09643e-06
 Reference value :  2.09788e-06
 Reference value :  2.09928e-06
 Reference value :  2.10068e-06
 Reference value :  2.10213e-06
 Reference value :  2.10353e-06
 Reference value :  2.10493e-06
 Reference value :  2.10633e-06
 Reference value :  2.10778e-06
 Reference value :  2.10923e-06
 Reference value :  2.11053e-06
 Reference value :  2.11183e-06
 Reference value :  2.11323e-06
 Reference value :  2.11488e-06
 Reference value :  2.11633e-06
 Reference value :  2.11778e-06
 Reference value :  2.11918e-06
 Reference value :  2.12053e-06
 Reference value :  2.12178e-06
 Reference value :  2.12323e-06
 Reference value :  2.12463e-06
 Reference value :  2.12593e-06
 Reference value :  2.12728e-06
 Reference value :  2.12858e-06
 Reference value :  2.12988e-06
 Reference value :  2.13103e-06
 Reference value :  2.13223e-06
 Reference value :  2.13363e-06
 Reference value :  2.13503e-06
 Reference value :  2.13643e-06
 Reference value :  2.13773e-06
 Reference value :  2.13898e-06
 Reference value :  2.14017e-06
 Reference value :  2.14133e-06
 Reference value :  2.14263e-06
 Reference value :  2.14388e-06
 Reference value :  2.14518e-06
 Reference value :  2.14643e-06
 Reference value :  2.14763e-06
 Reference value :  2.14903e-06
 Reference value :  2.15033e-06
 Reference value :  2.15173e-06
 Reference value :  2.15318e-06
 Reference value :  2.15463e-06
 Reference value :  2.15633e-06
 Reference value :  2.15768e-06
 Reference value :  2.15898e-06
 Reference value :  2.16007e-06
 Reference value :  2.16123e-06
 Reference value :  2.16243e-06
 Reference value :  2.16363e-06
 Reference value :  2.16488e-06
 Reference value :  2.16613e-06
 Reference value :  2.16743e-06
 Reference value :  2.16873e-06
 Reference value :  2.17000e-06
 Reference value :  2.17107e-06
 Reference value :  2.17238e-06
 Reference value :  2.17368e-06
 Reference value :  2.17498e-06
 Reference value :  2.17628e-06
 Reference value :  2.17758e-06
 Reference value :  2.17888e-06
 Reference value :  2.18022e-06
 Reference value :  2.18148e-06
 Reference value :  2.18298e-06
 Reference value :  2.18433e-06
 Reference value :  2.18573e-06
 Reference value :  2.18708e-06
 Reference value :  2.18848e-06
 Reference value :  2.18988e-06
 Reference value :  2.19117e-06
 Reference value :  2.19263e-06
 Reference value :  2.19408e-06
 Reference value :  2.19548e-06
 Reference value :  2.19693e-06
 Reference value :  2.19833e-06
 Reference value :  2.19978e-06
 Reference value :  2.20101e-06
 Reference value :  2.20233e-06
 Reference value :  2.20373e-06
 Reference value :  2.20513e-06
 Reference value :  2.20658e-06
 Reference value :  2.20803e-06
 Reference value :  2.20948e-06
 Reference value :  2.21078e-06
 Reference value :  2.21203e-06
 Reference value :  2.21348e-06
 Reference value :  2.21488e-06
 Reference value :  2.21633e-06
 Reference value :  2.21773e-06
 Reference value :  2.21918e-06
 Reference value :  2.22053e-06
 Reference value :  2.22188e-06
 Reference value :  2.22333e-06
 Reference value :  2.22478e-06
 Reference value :  2.22623e-06
 Reference value :  2.22768e-06
 Reference value :  2.22913e-06
 Reference value :  2.23043e-06
 Reference value :  2.23173e-06
 Reference value :  2.23318e-06
 Reference value :  2.23458e-06
 Reference value :  2.23603e-06
 Reference value :  2.23748e-06
 Reference value :  2.23898e-06
 Reference value :  2.24027e-06
 Reference value :  2.24158e-06
 Reference value :  2.24298e-06
 Reference value :  2.24438e-06
 Reference value :  2.24583e-06
 Reference value :  2.24723e-06
 Reference value :  2.24868e-06
 Reference value :  2.25012e-06
 Reference value :  2.25148e-06
 Reference value :  2.25288e-06
 Reference value :  2.25428e-06
 Reference value :  2.25573e-06
 Reference value :  2.25713e-06
 Reference value :  2.25858e-06
 Reference value :  2.26000e-06
 Reference value :  2.26123e-06
 Reference value :  2.26268e-06
 Reference value :  2.26413e-06
 Reference value :  2.26553e-06
 Reference value :  2.26688e-06
 Reference value :  2.26833e-06
 Reference value :  2.26978e-06
 Reference value :  2.27100e-06
 Reference value :  2.27248e-06
 Reference value :  2.27403e-06
 Reference value :  2.27543e-06
 Reference value :  2.27683e-06
 Reference value :  2.27823e-06
 Reference value :  2.27963e-06
 Reference value :  2.28093e-06
 Reference value :  2.28218e-06
 Reference value :  2.28358e-06
 Reference value :  2.28498e-06
 Reference value :  2.28633e-06
 Reference value :  2.28773e-06
 Reference value :  2.28918e-06
 Reference value :  2.29048e-06
 Reference value :  2.29178e-06
 Reference value :  2.29323e-06
 Reference value :  2.29478e-06
 Reference value :  2.29618e-06
 Reference value :  2.29763e-06
 Reference value :  2.29908e-06
 Reference value :  2.30043e-06
 Reference value :  2.30173e-06
 Reference value :  2.30318e-06
 Reference value :  2.30463e-06
 Reference value :  2.30608e-06
 Reference value :  2.30748e-06
 Reference value :  2.30893e-06
 Reference value :  2.31033e-06
 Reference value :  2.31158e-06
 Reference value :  2.31298e-06
 Reference value :  2.31448e-06
 Reference value :  2.31593e-06
 Reference value :  2.31743e-06
 Reference value :  2.31888e-06
 Reference value :  2.32027e-06
 Reference value :  2.32163e-06
 Reference value :  2.32308e-06
 Reference value :  2.32463e-06
 Reference value :  2.32608e-06
 Reference value :  2.32743e-06
 Reference value :  2.32883e-06
 Reference value :  2.33012e-06
 Reference value :  2.33143e-06
 Reference value :  2.33283e-06
 Reference value :  2.33423e-06
 Reference value :  2.33563e-06
 Reference value :  2.33703e-06
 Reference value :  2.33848e-06
 Reference value :  2.33988e-06
 Reference value :  2.34112e-06
 Reference value :  2.34258e-06
 Reference value :  2.34398e-06
 Reference value :  2.34538e-06
 Reference value :  2.34683e-06
 Reference value :  2.34823e-06
 Reference value :  2.34973e-06
 Reference value :  2.35100e-06
 Reference value :  2.35238e-06
 Reference value :  2.35383e-06
 Reference value :  2.35523e-06
 Reference value :  2.35663e-06
 Reference value :  2.35793e-06
 Reference value :  2.35923e-06
 Reference value :  2.36043e-06
 Reference value :  2.36158e-06
 Reference value :  2.36288e-06
 Reference value :  2.36418e-06
 Reference value :  2.36548e-06
 Reference value :  2.36673e-06
 Reference value :  2.36798e-06
 Reference value :  2.36928e-06
 Reference value :  2.37043e-06
 Reference value :  2.37153e-06
 Reference value :  2.37273e-06
 Reference value :  2.37393e-06
 Reference value :  2.37518e-06
 Reference value :  2.37643e-06
 Reference value :  2.37783e-06
 Reference value :  2.37908e-06
 Reference value :  2.38027e-06
 Reference value :  2.38143e-06
 Reference value :  2.38273e-06
 Reference value :  2.38403e-06
 Reference value :  2.38528e-06
 Reference value :  2.38648e-06
 Reference value :  2.38773e-06
 Reference value :  2.38893e-06
 Reference value :  2.39001e-06
 Reference value :  2.39107e-06
 Reference value :  2.39238e-06
 Reference value :  2.39378e-06
 Reference value :  2.39518e-06
 Reference value :  2.39663e-06
 Reference value :  2.39808e-06
 Reference value :  2.39953e-06
 Reference value :  2.40096e-06
 Reference value :  2.40223e-06
 Reference value :  2.40363e-06
 Reference value :  2.40508e-06
 Reference value :  2.40648e-06
 Reference value :  2.40798e-06
 Reference value :  2.40948e-06
 Reference value :  2.41068e-06
 Reference value :  2.41183e-06
 Reference value :  2.41313e-06
 Reference value :  2.41443e-06
 Reference value :  2.41573e-06
 Reference value :  2.41693e-06
 Reference value :  2.41818e-06
 Reference value :  2.41943e-06
 Reference value :  2.42073e-06
 Reference value :  2.42203e-06
 Reference value :  2.42348e-06
 Reference value :  2.42488e-06
 Reference value :  2.42628e-06
 Reference value :  2.42768e-06
 Reference value :  2.42908e-06
 Reference value :  2.43043e-06
 Reference value :  2.43173e-06
 Reference value :  2.43358e-06
 Reference value :  2.43498e-06
 Reference value :  2.43638e-06
 Reference value :  2.43783e-06
 Reference value :  2.43928e-06
 Reference value :  2.44058e-06
 Reference value :  2.44188e-06
 Reference value :  2.44328e-06
 Reference value :  2.44468e-06
 Reference value :  2.44608e-06
 Reference value :  2.44753e-06
 Reference value :  2.44893e-06
 Reference value :  2.45022e-06
 Reference value :  2.45153e-06
 Reference value :  2.45283e-06
 Reference value :  2.45408e-06
 Reference value :  2.45533e-06
 Reference value :  2.45663e-06
 Reference value :  2.45793e-06
 Reference value :  2.45923e-06
 Reference value :  2.46058e-06
 Reference value :  2.46188e-06
 Reference value :  2.46318e-06
 Reference value :  2.46448e-06
 Reference value :  2.46573e-06
 Reference value :  2.46703e-06
 Reference value :  2.46833e-06
 Reference value :  2.46963e-06
 Reference value :  2.47083e-06
 Reference value :  2.47193e-06
 Reference value :  2.47328e-06
 Reference value :  2.47453e-06
 Reference value :  2.47583e-06
 Reference value :  2.47713e-06
 Reference value :  2.47843e-06
 Reference value :  2.47973e-06
 Reference value :  2.48093e-06
 Reference value :  2.48208e-06
 Reference value :  2.48338e-06
 Reference value :  2.48468e-06
 Reference value :  2.48598e-06
 Reference value :  2.48738e-06
 Reference value :  2.48878e-06
 Reference value :  2.49012e-06
 Reference value :  2.49158e-06
 Reference value :  2.49303e-06
 Reference value :  2.49443e-06
 Reference value :  2.49588e-06
 Reference value :  2.49733e-06
 Reference value :  2.49878e-06
 Reference value :  2.50012e-06
 Reference value :  2.50143e-06
 Reference value :  2.50288e-06
 Reference value :  2.50428e-06
 Reference value :  2.50568e-06
 Reference value :  2.50708e-06
 Reference value :  2.50848e-06
 Reference value :  2.50993e-06
 Reference value :  2.51118e-06
 Reference value :  2.51268e-06
 Reference value :  2.51418e-06
 Reference value :  2.51563e-06
 Reference value :  2.51713e-06
 Reference value :  2.51858e-06
 Reference value :  2.51996e-06
 Reference value :  2.52123e-06
 Reference value :  2.52263e-06
 Reference value :  2.52403e-06
 Reference value :  2.52543e-06
 Reference value :  2.52683e-06
 Reference value :  2.52828e-06
 Reference value :  2.52958e-06
 Reference value :  2.53078e-06
 Reference value :  2.53188e-06
 Reference value :  2.53333e-06
 Reference value :  2.53453e-06
 Reference value :  2.53573e-06
 Reference value :  2.53698e-06
 Reference value :  2.53823e-06
 Reference value :  2.53953e-06
 Reference value :  2.54078e-06
 Reference value :  2.54193e-06
 Reference value :  2.54323e-06
 Reference value :  2.54453e-06
 Reference value :  2.54583e-06
 Reference value :  2.54713e-06
 Reference value :  2.54838e-06
 Reference value :  2.54963e-06
 Reference value :  2.55078e-06
 Reference value :  2.55193e-06
 Reference value :  2.55318e-06
 Reference value :  2.55448e-06
 Reference value :  2.55578e-06
 Reference value :  2.55713e-06
 Reference value :  2.55858e-06
 Reference value :  2.55988e-06
 Reference value :  2.56104e-06
 Reference value :  2.56248e-06
 Reference value :  2.56393e-06
 Reference value :  2.56538e-06
 Reference value :  2.56683e-06
 Reference value :  2.56823e-06
 Reference value :  2.56968e-06
 Reference value :  2.57100e-06
 Reference value :  2.57238e-06
 Reference value :  2.57393e-06
 Reference value :  2.57538e-06
 Reference value :  2.57683e-06
 Reference value :  2.57823e-06
 Reference value :  2.57968e-06
 Reference value :  2.58103e-06
 Reference value :  2.58248e-06
 Reference value :  2.58393e-06
 Reference value :  2.58533e-06
 Reference value :  2.58678e-06
 Reference value :  2.58818e-06
 Reference value :  2.58963e-06
 Reference value :  2.59093e-06
 Reference value :  2.59233e-06
 Reference value :  2.59388e-06
 Reference value :  2.59533e-06
 Reference value :  2.59678e-06
 Reference value :  2.59833e-06
 Reference value :  2.59988e-06
 Reference value :  2.60133e-06
 Reference value :  2.60288e-06
 Reference value :  2.60433e-06
 Reference value :  2.60573e-06
 Reference value :  2.60718e-06
 Reference value :  2.60863e-06
 Reference value :  2.61000e-06
 Reference value :  2.61128e-06
 Reference value :  2.61268e-06
 Reference value :  2.61408e-06
 Reference value :  2.61533e-06
 Reference value :  2.61663e-06
 Reference value :  2.61793e-06
 Reference value :  2.61923e-06
 Reference value :  2.62043e-06
 Reference value :  2.62163e-06
 Reference value :  2.62293e-06
 Reference value :  2.62423e-06
 Reference value :  2.62558e-06
 Reference value :  2.62693e-06
 Reference value :  2.62823e-06
 Reference value :  2.62953e-06
 Reference value :  2.63088e-06
 Reference value :  2.63203e-06
 Reference value :  2.63338e-06
 Reference value :  2.63468e-06
 Reference value :  2.63598e-06
 Reference value :  2.63728e-06
 Reference value :  2.63858e-06
 Reference value :  2.63988e-06
 Reference value :  2.64101e-06
 Reference value :  2.64228e-06
 Reference value :  2.64358e-06
 Reference value :  2.64488e-06
 Reference value :  2.64618e-06
 Reference value :  2.64748e-06
 Reference value :  2.64878e-06
 Reference value :  2.65000e-06
 Reference value :  2.65128e-06
 Reference value :  2.65263e-06
 Reference value :  2.65388e-06
 Reference value :  2.65538e-06
 Reference value :  2.65663e-06
 Reference value :  2.65793e-06
 Reference value :  2.65918e-06
 Reference value :  2.66038e-06
 Reference value :  2.66158e-06
 Reference value :  2.66288e-06
 Reference value :  2.66418e-06
 Reference value :  2.66548e-06
 Reference value :  2.66678e-06
 Reference value :  2.66798e-06
 Reference value :  2.66918e-06
 Reference value :  2.67028e-06
 Reference value :  2.67133e-06
 Reference value :  2.67258e-06
 Reference value :  2.67383e-06
 Reference value :  2.67513e-06
 Reference value :  2.67643e-06
 Reference value :  2.67773e-06
 Reference value :  2.67903e-06
 Reference value :  2.68017e-06
 Reference value :  2.68148e-06
 Reference value :  2.68303e-06
 Reference value :  2.68463e-06
 Reference value :  2.68603e-06
 Reference value :  2.68738e-06
 Reference value :  2.68878e-06
 Reference value :  2.69007e-06
 Reference value :  2.69148e-06
 Reference value :  2.69273e-06
 Reference value :  2.69398e-06
 Reference value :  2.69528e-06
 Reference value :  2.69653e-06
 Reference value :  2.69778e-06
 Reference value :  2.69908e-06
 Reference value :  2.70023e-06
 Reference value :  2.70138e-06
 Reference value :  2.70268e-06
 Reference value :  2.70398e-06
 Reference value :  2.70528e-06
 Reference value :  2.70658e-06
 Reference value :  2.70788e-06
 Reference value :  2.70918e-06
 Reference value :  2.71038e-06
 Reference value :  2.71153e-06
 Reference value :  2.71283e-06
 Reference value :  2.71413e-06
 Reference value :  2.71543e-06
 Reference value :  2.71673e-06
 Reference value :  2.71803e-06
 Reference value :  2.71933e-06
 Reference value :  2.72053e-06
 Reference value :  2.72173e-06
 Reference value :  2.72303e-06
 Reference value :  2.72433e-06
 Reference value :  2.72563e-06
 Reference value :  2.72693e-06
 Reference value :  2.72823e-06
 Reference value :  2.72953e-06
 Reference value :  2.73073e-06
 Reference value :  2.73188e-06
 Reference value :  2.73318e-06
 Reference value :  2.73443e-06
 Reference value :  2.73573e-06
 Reference value :  2.73698e-06
 Reference value :  2.73823e-06
 Reference value :  2.73948e-06
 Reference value :  2.74058e-06
 Reference value :  2.74168e-06
 Reference value :  2.74288e-06
 Reference value :  2.74408e-06
 Reference value :  2.74533e-06
 Reference value :  2.74663e-06
 Reference value :  2.74793e-06
 Reference value :  2.74923e-06
 Reference value :  2.75053e-06
 Reference value :  2.75168e-06
 Reference value :  2.75303e-06
 Reference value :  2.75428e-06
 Reference value :  2.75548e-06
 Reference value :  2.75668e-06
 Reference value :  2.75788e-06
 Reference value :  2.75908e-06
 Reference value :  2.76017e-06
 Reference value :  2.76128e-06
 Reference value :  2.76253e-06
 Reference value :  2.76378e-06
 Reference value :  2.76498e-06
 Reference value :  2.76618e-06
 Reference value :  2.76738e-06
 Reference value :  2.76858e-06
 Reference value :  2.76983e-06
 Reference value :  2.77096e-06
 Reference value :  2.77223e-06
 Reference value :  2.77353e-06
 Reference value :  2.77478e-06
 Reference value :  2.77608e-06
 Reference value :  2.77738e-06
 Reference value :  2.77868e-06
 Reference value :  2.77996e-06
 Reference value :  2.78107e-06
 Reference value :  2.78233e-06
 Reference value :  2.78358e-06
 Reference value :  2.78478e-06
 Reference value :  2.78603e-06
 Reference value :  2.78728e-06
 Reference value :  2.78853e-06
 Reference value :  2.78978e-06
 Reference value :  2.79096e-06
 Reference value :  2.79213e-06
 Reference value :  2.79358e-06
 Reference value :  2.79493e-06
 Reference value :  2.79618e-06
 Reference value :  2.79743e-06
 Reference value :  2.79868e-06
 Reference value :  2.79993e-06
 Reference value :  2.80103e-06
 Reference value :  2.80233e-06
 Reference value :  2.80363e-06
 Reference value :  2.80493e-06
 Reference value :  2.80628e-06
 Reference value :  2.80758e-06
 Reference value :  2.80888e-06
 Reference value :  2.81007e-06
 Reference value :  2.81122e-06
 Reference value :  2.81248e-06
 Reference value :  2.81373e-06
 Reference value :  2.81498e-06
 Reference value :  2.81623e-06
 Reference value :  2.81748e-06
 Reference value :  2.81878e-06
 Reference value :  2.82001e-06
 Reference value :  2.82118e-06
 Reference value :  2.82253e-06
 Reference value :  2.82383e-06
 Reference value :  2.82513e-06
 Reference value :  2.82643e-06
 Reference value :  2.82773e-06
 Reference value :  2.82903e-06
 Reference value :  2.83023e-06
 Reference value :  2.83143e-06
 Reference value :  2.83273e-06
 Reference value :  2.83403e-06
 Reference value :  2.83533e-06
 Reference value :  2.83663e-06
 Reference value :  2.83793e-06
 Reference value :  2.83918e-06
 Reference value :  2.84043e-06
 Reference value :  2.84163e-06
 Reference value :  2.84293e-06
 Reference value :  2.84423e-06
 Reference value :  2.84553e-06
 Reference value :  2.84683e-06
 Reference value :  2.84813e-06
 Reference value :  2.84943e-06
 Reference value :  2.85063e-06
 Reference value :  2.85178e-06
 Reference value :  2.85308e-06
 Reference value :  2.85438e-06
 Reference value :  2.85568e-06
 Reference value :  2.85698e-06
 Reference value :  2.85828e-06
 Reference value :  2.85958e-06
 Reference value :  2.86078e-06
 Reference value :  2.86193e-06
 Reference value :  2.86323e-06
 Reference value :  2.86463e-06
 Reference value :  2.86608e-06
 Reference value :  2.86753e-06
 Reference value :  2.86893e-06
 Reference value :  2.87028e-06
 Reference value :  2.87158e-06
 Reference value :  2.87298e-06
 Reference value :  2.87438e-06
 Reference value :  2.87583e-06
 Reference value :  2.87733e-06
 Reference value :  2.87878e-06
 Reference value :  2.88012e-06
 Reference value :  2.88138e-06
 Reference value :  2.88313e-06
 Reference value :  2.88478e-06
 Reference value :  2.88623e-06
 Reference value :  2.88768e-06
 Reference value :  2.88913e-06
 Reference value :  2.89058e-06
 Reference value :  2.89203e-06
 Reference value :  2.89348e-06
 Reference value :  2.89493e-06
 Reference value :  2.89638e-06
 Reference value :  2.89778e-06
 Reference value :  2.89923e-06
 Reference value :  2.90068e-06
 Reference value :  2.90198e-06
 Reference value :  2.90338e-06
 Reference value :  2.90483e-06
 Reference value :  2.90628e-06
 Reference value :  2.90768e-06
 Reference value :  2.90908e-06
 Reference value :  2.91038e-06
 Reference value :  2.91163e-06
 Reference value :  2.91308e-06
 Reference value :  2.91453e-06
 Reference value :  2.91598e-06
 Reference value :  2.91743e-06
 Reference value :  2.91888e-06
 Reference value :  2.92017e-06
 Reference value :  2.92143e-06
 Reference value :  2.92288e-06
 Reference value :  2.92428e-06
 Reference value :  2.92573e-06
 Reference value :  2.92718e-06
 Reference value :  2.92863e-06
 Reference value :  2.92993e-06
 Reference value :  2.93100e-06
 Reference value :  2.93233e-06
 Reference value :  2.93403e-06
 Reference value :  2.93543e-06
 Reference value :  2.93683e-06
 Reference value :  2.93823e-06
 Reference value :  2.93958e-06
 Reference value :  2.94088e-06
 Reference value :  2.94218e-06
 Reference value :  2.94358e-06
 Reference value :  2.94498e-06
 Reference value :  2.94638e-06
 Reference value :  2.94778e-06
 Reference value :  2.94918e-06
 Reference value :  2.95053e-06
 Reference value :  2.95188e-06
 Reference value :  2.95338e-06
 Reference value :  2.95483e-06
 Reference value :  2.95623e-06
 Reference value :  2.95763e-06
 Reference value :  2.95903e-06
 Reference value :  2.96063e-06
 Reference value :  2.96213e-06
 Reference value :  2.96358e-06
 Reference value :  2.96498e-06
 Reference value :  2.96638e-06
 Reference value :  2.96778e-06
 Reference value :  2.96918e-06
 Reference value :  2.97048e-06
 Reference value :  2.97173e-06
 Reference value :  2.97303e-06
 Reference value :  2.97428e-06
 Reference value :  2.97553e-06
 Reference value :  2.97683e-06
 Reference value :  2.97813e-06
 Reference value :  2.97943e-06
 Reference value :  2.98063e-06
 Reference value :  2.98178e-06
 Reference value :  2.98308e-06
 Reference value :  2.98438e-06
 Reference value :  2.98568e-06
 Reference value :  2.98693e-06
 Reference value :  2.98823e-06
 Reference value :  2.98953e-06
 Reference value :  2.99088e-06
 Reference value :  2.99203e-06
 Reference value :  2.99338e-06
 Reference value :  2.99468e-06
 Reference value :  2.99598e-06
 Reference value :  2.99728e-06
 Reference value :  2.99858e-06
 Reference value :  2.99988e-06
 Reference value :  3.00101e-06
 Reference value :  3.00223e-06
 Reference value :  3.00353e-06
 Reference value :  3.00483e-06
 Reference value :  3.00613e-06
 Reference value :  3.00738e-06
 Reference value :  3.00863e-06
 Reference value :  3.00996e-06
 Reference value :  3.01107e-06
 Reference value :  3.01238e-06
 Reference value :  3.01368e-06
 Reference value :  3.01498e-06
 Reference value :  3.01643e-06
 Reference value :  3.01773e-06
 Reference value :  3.01903e-06
 Reference value :  3.02028e-06
 Reference value :  3.02143e-06
 Reference value :  3.02273e-06
 Reference value :  3.02403e-06
 Reference value :  3.02528e-06
 Reference value :  3.02658e-06
 Reference value :  3.02788e-06
 Reference value :  3.02913e-06
 Reference value :  3.03033e-06
 Reference value :  3.03143e-06
 Reference value :  3.03288e-06
 Reference value :  3.03408e-06
 Reference value :  3.03538e-06
 Reference value :  3.03663e-06
 Reference value :  3.03793e-06
 Reference value :  3.03923e-06
 Reference value :  3.04043e-06
 Reference value :  3.04168e-06
 Reference value :  3.04298e-06
 Reference value :  3.04428e-06
 Reference value :  3.04553e-06
 Reference value :  3.04678e-06
 Reference value :  3.04798e-06
 Reference value :  3.04913e-06
 Reference value :  3.05028e-06
 Reference value :  3.05143e-06
 Reference value :  3.05268e-06
 Reference value :  3.05393e-06
 Reference value :  3.05523e-06
 Reference value :  3.05648e-06
 Reference value :  3.05778e-06
 Reference value :  3.05903e-06
 Reference value :  3.06022e-06
 Reference value :  3.06133e-06
 Reference value :  3.06268e-06
 Reference value :  3.06408e-06
 Reference value :  3.06548e-06
 Reference value :  3.06688e-06
 Reference value :  3.06828e-06
 Reference value :  3.06973e-06
 Reference value :  3.07100e-06
 Reference value :  3.07238e-06
 Reference value :  3.07388e-06
 Reference value :  3.07528e-06
 Reference value :  3.07663e-06
 Reference value :  3.07798e-06
 Reference value :  3.07978e-06
 Reference value :  3.08118e-06
 Reference value :  3.08258e-06
 Reference value :  3.08408e-06
 Reference value :  3.08553e-06
 Reference value :  3.08698e-06
 Reference value :  3.08838e-06
 Reference value :  3.08983e-06
 Reference value :  3.09101e-06
 Reference value :  3.09268e-06
 Reference value :  3.09413e-06
 Reference value :  3.09558e-06
 Reference value :  3.09703e-06
 Reference value :  3.09848e-06
 Reference value :  3.09988e-06
 Reference value :  3.10118e-06
 Reference value :  3.10258e-06
 Reference value :  3.10403e-06
 Reference value :  3.10548e-06
 Reference value :  3.10693e-06
 Reference value :  3.10838e-06
 Reference value :  3.10983e-06
 Reference value :  3.11103e-06
 Reference value :  3.11243e-06
 Reference value :  3.11383e-06
 Reference value :  3.11523e-06
 Reference value :  3.11663e-06
 Reference value :  3.11808e-06
 Reference value :  3.11943e-06
 Reference value :  3.12068e-06
 Reference value :  3.12193e-06
 Reference value :  3.12333e-06
 Reference value :  3.12473e-06
 Reference value :  3.12618e-06
 Reference value :  3.12768e-06
 Reference value :  3.12913e-06
 Reference value :  3.13058e-06
 Reference value :  3.13188e-06
 Reference value :  3.13328e-06
 Reference value :  3.13473e-06
 Reference value :  3.13618e-06
 Reference value :  3.13768e-06
 Reference value :  3.13913e-06
 Reference value :  3.14048e-06
 Reference value :  3.14178e-06
 Reference value :  3.14323e-06
 Reference value :  3.14468e-06
 Reference value :  3.14613e-06
 Reference value :  3.14753e-06
 Reference value :  3.14898e-06
 Reference value :  3.15038e-06
 Reference value :  3.15178e-06
 Reference value :  3.15323e-06
 Reference value :  3.15478e-06
 Reference value :  3.15638e-06
 Reference value :  3.15783e-06
 Reference value :  3.15928e-06
 Reference value :  3.16063e-06
 Reference value :  3.16198e-06
 Reference value :  3.16343e-06
 Reference value :  3.16488e-06
 Reference value :  3.16633e-06
 Reference value :  3.16773e-06
 Reference value :  3.16918e-06
 Reference value :  3.17048e-06
 Reference value :  3.17163e-06
 Reference value :  3.17293e-06
 Reference value :  3.17423e-06
 Reference value :  3.17553e-06
 Reference value :  3.17688e-06
 Reference value :  3.17833e-06
 Reference value :  3.18001e-06
 Reference value :  3.18128e-06
 Reference value :  3.18288e-06
 Reference value :  3.18443e-06
 Reference value :  3.18593e-06
 Reference value :  3.18728e-06
 Reference value :  3.18873e-06
 Reference value :  3.19007e-06
 Reference value :  3.19153e-06
 Reference value :  3.19298e-06
 Reference value :  3.19443e-06
 Reference value :  3.19588e-06
 Reference value :  3.19738e-06
 Reference value :  3.19898e-06
 Reference value :  3.20033e-06
 Reference value :  3.20163e-06
 Reference value :  3.20308e-06
 Reference value :  3.20453e-06
 Reference value :  3.20593e-06
 Reference value :  3.20733e-06
 Reference value :  3.20878e-06
 Reference value :  3.21007e-06
 Reference value :  3.21138e-06
 Reference value :  3.21283e-06
 Reference value :  3.21423e-06
 Reference value :  3.21568e-06
 Reference value :  3.21708e-06
 Reference value :  3.21853e-06
 Reference value :  3.21993e-06
 Reference value :  3.22118e-06
 Reference value :  3.22263e-06
 Reference value :  3.22403e-06
 Reference value :  3.22548e-06
 Reference value :  3.22693e-06
 Reference value :  3.22833e-06
 Reference value :  3.22973e-06
 Reference value :  3.23100e-06
 Reference value :  3.23233e-06
 Reference value :  3.23378e-06
 Reference value :  3.23523e-06
 Reference value :  3.23668e-06
 Reference value :  3.23813e-06
 Reference value :  3.23958e-06
 Reference value :  3.24088e-06
 Reference value :  3.24213e-06
 Reference value :  3.24343e-06
 Reference value :  3.24468e-06
 Reference value :  3.24598e-06
 Reference value :  3.24723e-06
 Reference value :  3.24848e-06
 Reference value :  3.24973e-06
 Reference value :  3.25096e-06
 Reference value :  3.25203e-06
 Reference value :  3.25318e-06
 Reference value :  3.25438e-06
 Reference value :  3.25563e-06
 Reference value :  3.25688e-06
 Reference value :  3.25813e-06
 Reference value :  3.25953e-06
 Reference value :  3.26083e-06
 Reference value :  3.26213e-06
 Reference value :  3.26343e-06
 Reference value :  3.26478e-06
 Reference value :  3.26618e-06
 Reference value :  3.26753e-06
 Reference value :  3.26893e-06
 Reference value :  3.27017e-06
 Reference value :  3.27148e-06
 Reference value :  3.27298e-06
 Reference value :  3.27438e-06
 Reference value :  3.27583e-06
 Reference value :  3.27728e-06
 Reference value :  3.27873e-06
 Reference value :  3.28017e-06
 Reference value :  3.28143e-06
 Reference value :  3.28283e-06
 Reference value :  3.28423e-06
 Reference value :  3.28563e-06
 Reference value :  3.28708e-06
 Reference value :  3.28848e-06
 Reference value :  3.28988e-06
 Reference value :  3.29100e-06
 Reference value :  3.29223e-06
 Reference value :  3.29373e-06
 Reference value :  3.29503e-06
 Reference value :  3.29633e-06
 Reference value :  3.29763e-06
 Reference value :  3.29893e-06
 Reference value :  3.30007e-06
 Reference value :  3.30123e-06
 Reference value :  3.30253e-06
 Reference value :  3.30383e-06
 Reference value :  3.30513e-06
 Reference value :  3.30648e-06
 Reference value :  3.30778e-06
 Reference value :  3.30913e-06
 Reference value :  3.31038e-06
 Reference value :  3.31153e-06
 Reference value :  3.31283e-06
 Reference value :  3.31413e-06
 Reference value :  3.31543e-06
 Reference value :  3.31673e-06
 Reference value :  3.31803e-06
 Reference value :  3.31933e-06
 Reference value :  3.32048e-06
 Reference value :  3.32173e-06
 Reference value :  3.32303e-06
 Reference value :  3.32433e-06
 Reference value :  3.32563e-06
 Reference value :  3.32693e-06
 Reference value :  3.32823e-06
 Reference value :  3.32948e-06
 Reference value :  3.33073e-06
 Reference value :  3.33193e-06
 Reference value :  3.33323e-06
 Reference value :  3.33453e-06
 Reference value :  3.33578e-06
 Reference value :  3.33708e-06
 Reference value :  3.33838e-06
 Reference value :  3.33968e-06
 Reference value :  3.34100e-06
 Reference value :  3.34218e-06
 Reference value :  3.34348e-06
 Reference value :  3.34478e-06
 Reference value :  3.34608e-06
 Reference value :  3.34738e-06
 Reference value :  3.34873e-06
 Reference value :  3.35001e-06
 Reference value :  3.35123e-06
 Reference value :  3.35263e-06
 Reference value :  3.35403e-06
 Reference value :  3.35538e-06
 Reference value :  3.35678e-06
 Reference value :  3.35818e-06
 Reference value :  3.35958e-06
 Reference value :  3.36093e-06
 Reference value :  3.36223e-06
 Reference value :  3.36363e-06
 Reference value :  3.36503e-06
 Reference value :  3.36643e-06
 Reference value :  3.36788e-06
 Reference value :  3.36933e-06
 Reference value :  3.37068e-06
 Reference value :  3.37198e-06
 Reference value :  3.37343e-06
 Reference value :  3.37488e-06
 Reference value :  3.37633e-06
 Reference value :  3.37788e-06
 Reference value :  3.37928e-06
 Reference value :  3.38053e-06
 Reference value :  3.38178e-06
 Reference value :  3.38318e-06
 Reference value :  3.38458e-06
 Reference value :  3.38588e-06
 Reference value :  3.38713e-06
 Reference value :  3.38838e-06
 Reference value :  3.38968e-06
 Reference value :  3.39088e-06
 Reference value :  3.39203e-06
 Reference value :  3.39328e-06
 Reference value :  3.39463e-06
 Reference value :  3.39603e-06
 Reference value :  3.39748e-06
 Reference value :  3.39893e-06
 Reference value :  3.40038e-06
 Reference value :  3.40168e-06
 Reference value :  3.40308e-06
 Reference value :  3.40458e-06
 Reference value :  3.40603e-06
 Reference value :  3.40743e-06
 Reference value :  3.40888e-06
 Reference value :  3.41023e-06
 Reference value :  3.41148e-06
 Reference value :  3.41288e-06
 Reference value :  3.41433e-06
 Reference value :  3.41578e-06
 Reference value :  3.41723e-06
 Reference value :  3.41868e-06
 Reference value :  3.42003e-06
 Reference value :  3.42133e-06
 Reference value :  3.42283e-06
 Reference value :  3.42428e-06
 Reference value :  3.42573e-06
 Reference value :  3.42723e-06
 Reference value :  3.42868e-06
 Reference value :  3.43003e-06
 Reference value :  3.43128e-06
 Reference value :  3.43303e-06
 Reference value :  3.43453e-06
 Reference value :  3.43598e-06
 Reference value :  3.43743e-06
 Reference value :  3.43888e-06
 Reference value :  3.44022e-06
 Reference value :  3.44153e-06
 Reference value :  3.44298e-06
 Reference value :  3.44438e-06
 Reference value :  3.44578e-06
 Reference value :  3.44718e-06
 Reference value :  3.44858e-06
 Reference value :  3.44996e-06
 Reference value :  3.45123e-06
 Reference value :  3.45268e-06
 Reference value :  3.45413e-06
 Reference value :  3.45558e-06
 Reference value :  3.45703e-06
 Reference value :  3.45858e-06
 Reference value :  3.45996e-06
 Reference value :  3.46143e-06
 Reference value :  3.46288e-06
 Reference value :  3.46433e-06
 Reference value :  3.46573e-06
 Reference value :  3.46718e-06
 Reference value :  3.46863e-06
 Reference value :  3.47000e-06
 Reference value :  3.47117e-06
 Reference value :  3.47258e-06
 Reference value :  3.47403e-06
 Reference value :  3.47538e-06
 Reference value :  3.47678e-06
 Reference value :  3.47818e-06
 Reference value :  3.47958e-06
 Reference value :  3.48088e-06
 Reference value :  3.48218e-06
 Reference value :  3.48363e-06
 Reference value :  3.48508e-06
 Reference value :  3.48653e-06
 Reference value :  3.48793e-06
 Reference value :  3.48938e-06
 Reference value :  3.49093e-06
 Reference value :  3.49223e-06
 Reference value :  3.49368e-06
 Reference value :  3.49508e-06
 Reference value :  3.49648e-06
 Reference value :  3.49788e-06
 Reference value :  3.49928e-06
 Reference value :  3.50058e-06
 Reference value :  3.50188e-06
 Reference value :  3.50333e-06
 Reference value :  3.50473e-06
 Reference value :  3.50618e-06
 Reference value :  3.50758e-06
 Reference value :  3.50898e-06
 Reference value :  3.51033e-06
 Reference value :  3.51158e-06
 Reference value :  3.51298e-06
 Reference value :  3.51443e-06
 Reference value :  3.51598e-06
 Reference value :  3.51748e-06
 Reference value :  3.51893e-06
 Reference value :  3.52038e-06
 Reference value :  3.52168e-06
 Reference value :  3.52313e-06
 Reference value :  3.52458e-06
 Reference value :  3.52603e-06
 Reference value :  3.52748e-06
 Reference value :  3.52893e-06
 Reference value :  3.53012e-06
 Reference value :  3.53128e-06
 Reference value :  3.53283e-06
 Reference value :  3.53408e-06
 Reference value :  3.53553e-06
 Reference value :  3.53683e-06
 Reference value :  3.53813e-06
 Reference value :  3.53943e-06
 Reference value :  3.54078e-06
 Reference value :  3.54208e-06
 Reference value :  3.54348e-06
 Reference value :  3.54488e-06
 Reference value :  3.54618e-06
 Reference value :  3.54738e-06
 Reference value :  3.54863e-06
 Reference value :  3.54983e-06
 Reference value :  3.55100e-06
 Reference value :  3.55218e-06
 Reference value :  3.55348e-06
 Reference value :  3.55478e-06
 Reference value :  3.55608e-06
 Reference value :  3.55738e-06
 Reference value :  3.55863e-06
 Reference value :  3.55983e-06
 Reference value :  3.56093e-06
 Reference value :  3.56198e-06
 Reference value :  3.56318e-06
 Reference value :  3.56443e-06
 Reference value :  3.56568e-06
 Reference value :  3.56693e-06
 Reference value :  3.56818e-06
 Reference value :  3.56948e-06
 Reference value :  3.57073e-06
 Reference value :  3.57188e-06
 Reference value :  3.57328e-06
 Reference value :  3.57453e-06
 Reference value :  3.57578e-06
 Reference value :  3.57703e-06
 Reference value :  3.57828e-06
 Reference value :  3.57953e-06
 Reference value :  3.58083e-06
 Reference value :  3.58203e-06
 Reference value :  3.58333e-06
 Reference value :  3.58463e-06
 Reference value :  3.58593e-06
 Reference value :  3.58723e-06
 Reference value :  3.58853e-06
 Reference value :  3.58978e-06
 Reference value :  3.59093e-06
 Reference value :  3.59213e-06
 Reference value :  3.59358e-06
 Reference value :  3.59483e-06
 Reference value :  3.59613e-06
 Reference value :  3.59743e-06
 Reference value :  3.59873e-06
 Reference value :  3.60000e-06
 Reference value :  3.60118e-06
 Reference value :  3.60248e-06
 Reference value :  3.60373e-06
 Reference value :  3.60493e-06
 Reference value :  3.60613e-06
 Reference value :  3.60733e-06
 Reference value :  3.60858e-06
 Reference value :  3.60983e-06
 Reference value :  3.61096e-06
 Reference value :  3.61213e-06
 Reference value :  3.61343e-06
 Reference value :  3.61473e-06
 Reference value :  3.61603e-06
 Reference value :  3.61733e-06
 Reference value :  3.61863e-06
 Reference value :  3.61993e-06
 Reference value :  3.62101e-06
 Reference value :  3.62223e-06
 Reference value :  3.62353e-06
 Reference value :  3.62483e-06
 Reference value :  3.62613e-06
 Reference value :  3.62748e-06
 Reference value :  3.62873e-06
 Reference value :  3.63000e-06
 Reference value :  3.63118e-06
 Reference value :  3.63243e-06
 Reference value :  3.63373e-06
 Reference value :  3.63503e-06
 Reference value :  3.63633e-06
 Reference value :  3.63763e-06
 Reference value :  3.63893e-06
 Reference value :  3.64012e-06
 Reference value :  3.64128e-06
 Reference value :  3.64258e-06
 Reference value :  3.64388e-06
 Reference value :  3.64518e-06
 Reference value :  3.64653e-06
 Reference value :  3.64783e-06
 Reference value :  3.64918e-06
 Reference value :  3.65043e-06
 Reference value :  3.65163e-06
 Reference value :  3.65293e-06
 Reference value :  3.65428e-06
 Reference value :  3.65583e-06
 Reference value :  3.65708e-06
 Reference value :  3.65848e-06
 Reference value :  3.65993e-06
 Reference value :  3.66128e-06
 Reference value :  3.66278e-06
 Reference value :  3.66423e-06
 Reference value :  3.66563e-06
 Reference value :  3.66708e-06
 Reference value :  3.66843e-06
 Reference value :  3.66973e-06
 Reference value :  3.67093e-06
 Reference value :  3.67208e-06
 Reference value :  3.67333e-06
 Reference value :  3.67463e-06
 Reference value :  3.67593e-06
 Reference value :  3.67723e-06
 Reference value :  3.67853e-06
 Reference value :  3.67983e-06
 Reference value :  3.68100e-06
 Reference value :  3.68218e-06
 Reference value :  3.68358e-06
 Reference value :  3.68488e-06
 Reference value :  3.68618e-06
 Reference value :  3.68743e-06
 Reference value :  3.68873e-06
 Reference value :  3.69000e-06
 Reference value :  3.69117e-06
 Reference value :  3.69248e-06
 Reference value :  3.69378e-06
 Reference value :  3.69508e-06
 Reference value :  3.69638e-06
 Reference value :  3.69768e-06
 Reference value :  3.69898e-06
 Reference value :  3.70017e-06
 Reference value :  3.70133e-06
 Reference value :  3.70258e-06
 Reference value :  3.70383e-06
 Reference value :  3.70513e-06
 Reference value :  3.70643e-06
 Reference value :  3.70773e-06
 Reference value :  3.70903e-06
 Reference value :  3.71023e-06
 Reference value :  3.71138e-06
 Reference value :  3.71268e-06
 Reference value :  3.71398e-06
 Reference value :  3.71528e-06
 Reference value :  3.71663e-06
 Reference value :  3.71793e-06
 Reference value :  3.71923e-06
 Reference value :  3.72043e-06
 Reference value :  3.72163e-06
 Reference value :  3.72303e-06
 Reference value :  3.72448e-06
 Reference value :  3.72593e-06
 Reference value :  3.72738e-06
 Reference value :  3.72878e-06
 Reference value :  3.73007e-06
 Reference value :  3.73138e-06
 Reference value :  3.73283e-06
 Reference value :  3.73433e-06
 Reference value :  3.73568e-06
 Reference value :  3.73698e-06
 Reference value :  3.73833e-06
 Reference value :  3.73963e-06
 Reference value :  3.74096e-06
 Reference value :  3.74228e-06
 Reference value :  3.74373e-06
 Reference value :  3.74518e-06
 Reference value :  3.74663e-06
 Reference value :  3.74808e-06
 Reference value :  3.74953e-06
 Reference value :  3.75093e-06
 Reference value :  3.75223e-06
 Reference value :  3.75368e-06
 Reference value :  3.75513e-06
 Reference value :  3.75658e-06
 Reference value :  3.75803e-06
 Reference value :  3.75943e-06
 Reference value :  3.76058e-06
 Reference value :  3.76168e-06
 Reference value :  3.76293e-06
 Reference value :  3.76418e-06
 Reference value :  3.76543e-06
 Reference value :  3.76673e-06
 Reference value :  3.76803e-06
 Reference value :  3.76933e-06
 Reference value :  3.77053e-06
 Reference value :  3.77183e-06
 Reference value :  3.77333e-06
 Reference value :  3.77478e-06
 Reference value :  3.77618e-06
 Reference value :  3.77758e-06
 Reference value :  3.77898e-06
 Reference value :  3.78027e-06
 Reference value :  3.78153e-06
 Reference value :  3.78298e-06
 Reference value :  3.78443e-06
 Reference value :  3.78588e-06
 Reference value :  3.78733e-06
 Reference value :  3.78893e-06
 Reference value :  3.79023e-06
 Reference value :  3.79153e-06
 Reference value :  3.79308e-06
 Reference value :  3.79468e-06
 Reference value :  3.79613e-06
 Reference value :  3.79758e-06
 Reference value :  3.79903e-06
 Reference value :  3.80033e-06
 Reference value :  3.80163e-06
 Reference value :  3.80308e-06
 Reference value :  3.80453e-06
 Reference value :  3.80598e-06
 Reference value :  3.80743e-06
 Reference value :  3.80888e-06
 Reference value :  3.81023e-06
 Reference value :  3.81148e-06
 Reference value :  3.81293e-06
 Reference value :  3.81438e-06
 Reference value :  3.81583e-06
 Reference value :  3.81728e-06
 Reference value :  3.81873e-06
 Reference value :  3.82003e-06
 Reference value :  3.82133e-06
 Reference value :  3.82278e-06
 Reference value :  3.82418e-06
 Reference value :  3.82558e-06
 Reference value :  3.82693e-06
 Reference value :  3.82833e-06
 Reference value :  3.82973e-06
 Reference value :  3.83101e-06
 Reference value :  3.83233e-06
 Reference value :  3.83373e-06
 Reference value :  3.83513e-06
 Reference value :  3.83653e-06
 Reference value :  3.83793e-06
 Reference value :  3.83933e-06
 Reference value :  3.84078e-06
 Reference value :  3.84203e-06
 Reference value :  3.84348e-06
 Reference value :  3.84488e-06
 Reference value :  3.84628e-06
 Reference value :  3.84768e-06
 Reference value :  3.84918e-06
 Reference value :  3.85053e-06
 Reference value :  3.85178e-06
 Reference value :  3.85318e-06
 Reference value :  3.85453e-06
 Reference value :  3.85593e-06
 Reference value :  3.85733e-06
 Reference value :  3.85878e-06
 Reference value :  3.86013e-06
 Reference value :  3.86138e-06
 Reference value :  3.86283e-06
 Reference value :  3.86428e-06
 Reference value :  3.86573e-06
 Reference value :  3.86713e-06
 Reference value :  3.86858e-06
 Reference value :  3.86996e-06
 Reference value :  3.87113e-06
 Reference value :  3.87253e-06
 Reference value :  3.87378e-06
 Reference value :  3.87498e-06
 Reference value :  3.87623e-06
 Reference value :  3.87753e-06
 Reference value :  3.87878e-06
 Reference value :  3.88000e-06
 Reference value :  3.88107e-06
 Reference value :  3.88243e-06
 Reference value :  3.88383e-06
 Reference value :  3.88523e-06
 Reference value :  3.88668e-06
 Reference value :  3.88808e-06
 Reference value :  3.88953e-06
 Reference value :  3.89088e-06
 Reference value :  3.89228e-06
 Reference value :  3.89378e-06
 Reference value :  3.89523e-06
 Reference value :  3.89663e-06
 Reference value :  3.89803e-06
 Reference value :  3.89948e-06
 Reference value :  3.90088e-06
 Reference value :  3.90218e-06
 Reference value :  3.90358e-06
 Reference value :  3.90508e-06
 Reference value :  3.90648e-06
 Reference value :  3.90788e-06
 Reference value :  3.90928e-06
 Reference value :  3.91058e-06
 Reference value :  3.91188e-06
 Reference value :  3.91333e-06
 Reference value :  3.91473e-06
 Reference value :  3.91613e-06
 Reference value :  3.91753e-06
 Reference value :  3.91893e-06
 Reference value :  3.92023e-06
 Reference value :  3.92153e-06
 Reference value :  3.92298e-06
 Reference value :  3.92438e-06
 Reference value :  3.92578e-06
 Reference value :  3.92728e-06
 Reference value :  3.92873e-06
 Reference value :  3.93001e-06
 Reference value :  3.93108e-06
 Reference value :  3.93258e-06
 Reference value :  3.93418e-06
 Reference value :  3.93558e-06
 Reference value :  3.93703e-06
 Reference value :  3.93843e-06
 Reference value :  3.93983e-06
 Reference value :  3.94108e-06
 Reference value :  3.94248e-06
 Reference value :  3.94398e-06
 Reference value :  3.94538e-06
 Reference value :  3.94668e-06
 Reference value :  3.94788e-06
 Reference value :  3.94908e-06
 Reference value :  3.95023e-06
 Reference value :  3.95143e-06
 Reference value :  3.95273e-06
 Reference value :  3.95403e-06
 Reference value :  3.95533e-06
 Reference value :  3.95663e-06
 Reference value :  3.95793e-06
 Reference value :  3.95923e-06
 Reference value :  3.96058e-06
 Reference value :  3.96188e-06
 Reference value :  3.96313e-06
 Reference value :  3.96438e-06
 Reference value :  3.96558e-06
 Reference value :  3.96683e-06
 Reference value :  3.96813e-06
 Reference value :  3.96938e-06
 Reference value :  3.97053e-06
 Reference value :  3.97163e-06
 Reference value :  3.97298e-06
 Reference value :  3.97423e-06
 Reference value :  3.97553e-06
 Reference value :  3.97678e-06
 Reference value :  3.97803e-06
 Reference value :  3.97933e-06
 Reference value :  3.98053e-06
 Reference value :  3.98168e-06
 Reference value :  3.98298e-06
 Reference value :  3.98428e-06
 Reference value :  3.98558e-06
 Reference value :  3.98688e-06
 Reference value :  3.98818e-06
 Reference value :  3.98948e-06
 Reference value :  3.99088e-06
 Reference value :  3.99198e-06
 Reference value :  3.99328e-06
 Reference value :  3.99448e-06
 Reference value :  3.99568e-06
 Reference value :  3.99693e-06
 Reference value :  3.99818e-06
 Reference value :  3.99948e-06
 Reference value :  4.00063e-06
 Reference value :  4.00178e-06
 Reference value :  4.00308e-06
 Reference value :  4.00438e-06
 Reference value :  4.00568e-06
 Reference value :  4.00698e-06
 Reference value :  4.00828e-06
 Reference value :  4.00958e-06
 Reference value :  4.01083e-06
 Reference value :  4.01203e-06
 Reference value :  4.01348e-06
 Reference value :  4.01488e-06
 Reference value :  4.01643e-06
 Reference value :  4.01783e-06
 Reference value :  4.01923e-06
 Reference value :  4.02068e-06
 Reference value :  4.02193e-06
 Reference value :  4.02338e-06
 Reference value :  4.02478e-06
 Reference value :  4.02618e-06
 Reference value :  4.02763e-06
 Reference value :  4.02903e-06
 Reference value :  4.03013e-06
 Reference value :  4.03118e-06
 Reference value :  4.03268e-06
 Reference value :  4.03393e-06
 Reference value :  4.03513e-06
 Reference value :  4.03638e-06
 Reference value :  4.03763e-06
 Reference value :  4.03888e-06
 Reference value :  4.04008e-06
 Reference value :  4.04128e-06
 Reference value :  4.04258e-06
 Reference value :  4.04388e-06
 Reference value :  4.04518e-06
 Reference value :  4.04648e-06
 Reference value :  4.04778e-06
 Reference value :  4.04908e-06
 Reference value :  4.05028e-06
 Reference value :  4.05143e-06
 Reference value :  4.05273e-06
 Reference value :  4.05403e-06
 Reference value :  4.05548e-06
 Reference value :  4.05693e-06
 Reference value :  4.05838e-06
 Reference value :  4.05978e-06
 Reference value :  4.06101e-06
 Reference value :  4.06243e-06
 Reference value :  4.06383e-06
 Reference value :  4.06528e-06
 Reference value :  4.06668e-06
 Reference value :  4.06803e-06
 Reference value :  4.06943e-06
 Reference value :  4.07078e-06
 Reference value :  4.07208e-06
 Reference value :  4.07363e-06
 Reference value :  4.07503e-06
 Reference value :  4.07643e-06
 Reference value :  4.07783e-06
 Reference value :  4.07923e-06
 Reference value :  4.08068e-06
 Reference value :  4.08198e-06
 Reference value :  4.08338e-06
 Reference value :  4.08478e-06
 Reference value :  4.08618e-06
 Reference value :  4.08758e-06
 Reference value :  4.08898e-06
 Reference value :  4.09033e-06
 Reference value :  4.09158e-06
 Reference value :  4.09328e-06
 Reference value :  4.09473e-06
 Reference value :  4.09618e-06
 Reference value :  4.09758e-06
 Reference value :  4.09898e-06
 Reference value :  4.10038e-06
 Reference value :  4.10178e-06
 Reference value :  4.10323e-06
 Reference value :  4.10463e-06
 Reference value :  4.10608e-06
 Reference value :  4.10753e-06
 Reference value :  4.10898e-06
 Reference value :  4.11028e-06
 Reference value :  4.11163e-06
 Reference value :  4.11308e-06
 Reference value :  4.11453e-06
 Reference value :  4.11603e-06
 Reference value :  4.11753e-06
 Reference value :  4.11903e-06
 Reference value :  4.12038e-06
 Reference value :  4.12168e-06
 Reference value :  4.12313e-06
 Reference value :  4.12453e-06
 Reference value :  4.12598e-06
 Reference value :  4.12743e-06
 Reference value :  4.12883e-06
 Reference value :  4.13018e-06
 Reference value :  4.13148e-06
 Reference value :  4.13288e-06
 Reference value :  4.13433e-06
 Reference value :  4.13578e-06
 Reference value :  4.13733e-06
 Reference value :  4.13878e-06
 Reference value :  4.14008e-06
 Reference value :  4.14133e-06
 Reference value :  4.14273e-06
 Reference value :  4.14413e-06
 Reference value :  4.14558e-06
 Reference value :  4.14703e-06
 Reference value :  4.14848e-06
 Reference value :  4.14993e-06
 Reference value :  4.15123e-06
 Reference value :  4.15268e-06
 Reference value :  4.15408e-06
 Reference value :  4.15578e-06
 Reference value :  4.15718e-06
 Reference value :  4.15858e-06
 Reference value :  4.15996e-06
 Reference value :  4.16118e-06
 Reference value :  4.16253e-06
 Reference value :  4.16393e-06
 Reference value :  4.16533e-06
 Reference value :  4.16673e-06
 Reference value :  4.16813e-06
 Reference value :  4.16953e-06
 Reference value :  4.17083e-06
 Reference value :  4.17213e-06
 Reference value :  4.17353e-06
 Reference value :  4.17493e-06
 Reference value :  4.17633e-06
 Reference value :  4.17773e-06
 Reference value :  4.17913e-06
 Reference value :  4.18043e-06
 Reference value :  4.18173e-06
 Reference value :  4.18328e-06
 Reference value :  4.18473e-06
 Reference value :  4.18613e-06
 Reference value :  4.18753e-06
 Reference value :  4.18898e-06
 Reference value :  4.19048e-06
 Reference value :  4.19193e-06
 Reference value :  4.19333e-06
 Reference value :  4.19478e-06
 Reference value :  4.19623e-06
 Reference value :  4.19763e-06
 Reference value :  4.19908e-06
 Reference value :  4.20043e-06
 Reference value :  4.20173e-06
 Reference value :  4.20318e-06
 Reference value :  4.20458e-06
 Reference value :  4.20603e-06
 Reference value :  4.20743e-06
 Reference value :  4.20883e-06
 Reference value :  4.21018e-06
 Reference value :  4.21148e-06
 Reference value :  4.21288e-06
 Reference value :  4.21433e-06
 Reference value :  4.21578e-06
 Reference value :  4.21723e-06
 Reference value :  4.21868e-06
 Reference value :  4.22004e-06
 Reference value :  4.22138e-06
 Reference value :  4.22278e-06
 Reference value :  4.22418e-06
 Reference value :  4.22558e-06
 Reference value :  4.22698e-06
 Reference value :  4.22853e-06
 Reference value :  4.23002e-06
 Reference value :  4.23148e-06
 Reference value :  4.23288e-06
 Reference value :  4.23433e-06
 Reference value :  4.23623e-06
 Reference value :  4.23768e-06
 Reference value :  4.23918e-06
 Reference value :  4.24048e-06
 Reference value :  4.24173e-06
 Reference value :  4.24308e-06
 Reference value :  4.24443e-06
 Reference value :  4.24583e-06
 Reference value :  4.24723e-06
 Reference value :  4.24863e-06
 Reference value :  4.25001e-06
 Reference value :  4.25143e-06
 Reference value :  4.25343e-06
 Reference value :  4.25488e-06
 Reference value :  4.25633e-06
 Reference value :  4.25778e-06
 Reference value :  4.25923e-06
 Reference value :  4.26058e-06
 Reference value :  4.26188e-06
 Reference value :  4.26333e-06
 Reference value :  4.26473e-06
 Reference value :  4.26613e-06
 Reference value :  4.26763e-06
 Reference value :  4.26908e-06
 Reference value :  4.27043e-06
 Reference value :  4.27183e-06
 Reference value :  4.27333e-06
 Reference value :  4.27473e-06
 Reference value :  4.27618e-06
 Reference value :  4.27763e-06
 Reference value :  4.27908e-06
 Reference value :  4.28038e-06
 Reference value :  4.28168e-06
 Reference value :  4.28313e-06
 Reference value :  4.28458e-06
 Reference value :  4.28598e-06
 Reference value :  4.28743e-06
 Reference value :  4.28883e-06
 Reference value :  4.29012e-06
 Reference value :  4.29138e-06
 Reference value :  4.29283e-06
 Reference value :  4.29443e-06
 Reference value :  4.29583e-06
 Reference value :  4.29723e-06
 Reference value :  4.29868e-06
 Reference value :  4.30000e-06
 Reference value :  4.30123e-06
 Reference value :  4.30268e-06
 Reference value :  4.30413e-06
 Reference value :  4.30553e-06
 Reference value :  4.30698e-06
 Reference value :  4.30843e-06
 Reference value :  4.30988e-06
 Reference value :  4.31108e-06
 Reference value :  4.31253e-06
 Reference value :  4.31398e-06
 Reference value :  4.31553e-06
 Reference value :  4.31693e-06
 Reference value :  4.31833e-06
 Reference value :  4.31973e-06
 Reference value :  4.32096e-06
 Reference value :  4.32228e-06
 Reference value :  4.32368e-06
 Reference value :  4.32508e-06
 Reference value :  4.32648e-06
 Reference value :  4.32788e-06
 Reference value :  4.32933e-06
 Reference value :  4.33073e-06
 Reference value :  4.33208e-06
 Reference value :  4.33358e-06
 Reference value :  4.33528e-06
 Reference value :  4.33673e-06
 Reference value :  4.33818e-06
 Reference value :  4.33978e-06
 Reference value :  4.34107e-06
 Reference value :  4.34253e-06
 Reference value :  4.34398e-06
 Reference value :  4.34538e-06
 Reference value :  4.34678e-06
 Reference value :  4.34823e-06
 Reference value :  4.34968e-06
 Reference value :  4.35083e-06
 Reference value :  4.35198e-06
 Reference value :  4.35328e-06
 Reference value :  4.35453e-06
 Reference value :  4.35583e-06
 Reference value :  4.35713e-06
 Reference value :  4.35843e-06
 Reference value :  4.35973e-06
 Reference value :  4.36093e-06
 Reference value :  4.36203e-06
 Reference value :  4.36333e-06
 Reference value :  4.36463e-06
 Reference value :  4.36588e-06
 Reference value :  4.36723e-06
 Reference value :  4.36868e-06
 Reference value :  4.37001e-06
 Reference value :  4.37133e-06
 Reference value :  4.37278e-06
 Reference value :  4.37418e-06
 Reference value :  4.37558e-06
 Reference value :  4.37713e-06
 Reference value :  4.37858e-06
 Reference value :  4.37996e-06
 Reference value :  4.38118e-06
 Reference value :  4.38258e-06
 Reference value :  4.38408e-06
 Reference value :  4.38553e-06
 Reference value :  4.38698e-06
 Reference value :  4.38843e-06
 Reference value :  4.38988e-06
 Reference value :  4.39113e-06
 Reference value :  4.39258e-06
 Reference value :  4.39403e-06
 Reference value :  4.39543e-06
 Reference value :  4.39683e-06
 Reference value :  4.39823e-06
 Reference value :  4.39963e-06
 Reference value :  4.40096e-06
 Reference value :  4.40223e-06
 Reference value :  4.40363e-06
 Reference value :  4.40508e-06
 Reference value :  4.40648e-06
 Reference value :  4.40788e-06
 Reference value :  4.40923e-06
 Reference value :  4.41053e-06
 Reference value :  4.41178e-06
 Reference value :  4.41323e-06
 Reference value :  4.41468e-06
 Reference value :  4.41613e-06
 Reference value :  4.41758e-06
 Reference value :  4.41898e-06
 Reference value :  4.42028e-06
 Reference value :  4.42158e-06
 Reference value :  4.42298e-06
 Reference value :  4.42443e-06
 Reference value :  4.42583e-06
 Reference value :  4.42723e-06
 Reference value :  4.42868e-06
 Reference value :  4.43001e-06
 Reference value :  4.43123e-06
 Reference value :  4.43273e-06
 Reference value :  4.43413e-06
 Reference value :  4.43543e-06
 Reference value :  4.43673e-06
 Reference value :  4.43798e-06
 Reference value :  4.43923e-06
 Reference value :  4.44038e-06
 Reference value :  4.44153e-06
 Reference value :  4.44298e-06
 Reference value :  4.44448e-06
 Reference value :  4.44593e-06
 Reference value :  4.44733e-06
 Reference value :  4.44873e-06
 Reference value :  4.45003e-06
 Reference value :  4.45138e-06
 Reference value :  4.45273e-06
 Reference value :  4.45413e-06
 Reference value :  4.45553e-06
 Reference value :  4.45693e-06
 Reference value :  4.45833e-06
 Reference value :  4.45973e-06
 Reference value :  4.46118e-06
 Reference value :  4.46243e-06
 Reference value :  4.46368e-06
 Reference value :  4.46488e-06
 Reference value :  4.46618e-06
 Reference value :  4.46748e-06
 Reference value :  4.46878e-06
 Reference value :  4.47001e-06
 Reference value :  4.47108e-06
 Reference value :  4.47238e-06
 Reference value :  4.47368e-06
 Reference value :  4.47498e-06
 Reference value :  4.47628e-06
 Reference value :  4.47758e-06
 Reference value :  4.47888e-06
 Reference value :  4.48008e-06
 Reference value :  4.48133e-06
 Reference value :  4.48278e-06
 Reference value :  4.48423e-06
 Reference value :  4.48568e-06
 Reference value :  4.48713e-06
 Reference value :  4.48858e-06
 Reference value :  4.48996e-06
 Reference value :  4.49138e-06
 Reference value :  4.49283e-06
 Reference value :  4.49428e-06
 Reference value :  4.49568e-06
 Reference value :  4.49703e-06
 Reference value :  4.49828e-06
 Reference value :  4.49948e-06
 Reference value :  4.50063e-06
 Reference value :  4.50173e-06
 Reference value :  4.50303e-06
 Reference value :  4.50428e-06
 Reference value :  4.50553e-06
 Reference value :  4.50678e-06
 Reference value :  4.50803e-06
 Reference value :  4.50933e-06
 Reference value :  4.51058e-06
 Reference value :  4.51173e-06
 Reference value :  4.51303e-06
 Reference value :  4.51428e-06
 Reference value :  4.51563e-06
 Reference value :  4.51693e-06
 Reference value :  4.51823e-06
 Reference value :  4.51953e-06
 Reference value :  4.52083e-06
 Reference value :  4.52198e-06
 Reference value :  4.52318e-06
 Reference value :  4.52443e-06
 Reference value :  4.52568e-06
 Reference value :  4.52693e-06
 Reference value :  4.52818e-06
 Reference value :  4.52938e-06
 Reference value :  4.53053e-06
 Reference value :  4.53163e-06
 Reference value :  4.53313e-06
 Reference value :  4.53438e-06
 Reference value :  4.53563e-06
 Reference value :  4.53693e-06
 Reference value :  4.53818e-06
 Reference value :  4.53948e-06
 Reference value :  4.54068e-06
 Reference value :  4.54183e-06
 Reference value :  4.54308e-06
 Reference value :  4.54433e-06
 Reference value :  4.54558e-06
 Reference value :  4.54698e-06
 Reference value :  4.54843e-06
 Reference value :  4.54988e-06
 Reference value :  4.55123e-06
 Reference value :  4.55268e-06
 Reference value :  4.55413e-06
 Reference value :  4.55558e-06
 Reference value :  4.55703e-06
 Reference value :  4.55843e-06
 Reference value :  4.55968e-06
 Reference value :  4.56083e-06
 Reference value :  4.56198e-06
 Reference value :  4.56328e-06
 Reference value :  4.56453e-06
 Reference value :  4.56578e-06
 Reference value :  4.56708e-06
 Reference value :  4.56848e-06
 Reference value :  4.56988e-06
 Reference value :  4.57113e-06
 Reference value :  4.57248e-06
 Reference value :  4.57388e-06
 Reference value :  4.57528e-06
 Reference value :  4.57668e-06
 Reference value :  4.57803e-06
 Reference value :  4.57938e-06
 Reference value :  4.58078e-06
 Reference value :  4.58213e-06
 Reference value :  4.58358e-06
 Reference value :  4.58503e-06
 Reference value :  4.58643e-06
 Reference value :  4.58788e-06
 Reference value :  4.58933e-06
 Reference value :  4.59063e-06
 Reference value :  4.59203e-06
 Reference value :  4.59358e-06
 Reference value :  4.59498e-06
 Reference value :  4.59643e-06
 Reference value :  4.59783e-06
 Reference value :  4.59928e-06
 Reference value :  4.60073e-06
 Reference value :  4.60203e-06
 Reference value :  4.60348e-06
 Reference value :  4.60488e-06
 Reference value :  4.60633e-06
 Reference value :  4.60778e-06
 Reference value :  4.60923e-06
 Reference value :  4.61058e-06
 Reference value :  4.61188e-06
 Reference value :  4.61328e-06
 Reference value :  4.61448e-06
 Reference value :  4.61568e-06
 Reference value :  4.61688e-06
 Reference value :  4.61813e-06
 Reference value :  4.61938e-06
 Reference value :  4.62048e-06
 Reference value :  4.62148e-06
 Reference value :  4.62268e-06
 Reference value :  4.62393e-06
 Reference value :  4.62518e-06
 Reference value :  4.62638e-06
 Reference value :  4.62763e-06
 Reference value :  4.62878e-06
 Reference value :  4.62996e-06
 Reference value :  4.63104e-06
 Reference value :  4.63223e-06
 Reference value :  4.63343e-06
 Reference value :  4.63463e-06
 Reference value :  4.63583e-06
 Reference value :  4.63703e-06
 Reference value :  4.63823e-06
 Reference value :  4.63948e-06
 Reference value :  4.64063e-06
 Reference value :  4.64178e-06
 Reference value :  4.64303e-06
 Reference value :  4.64428e-06
 Reference value :  4.64553e-06
 Reference value :  4.64678e-06
 Reference value :  4.64803e-06
 Reference value :  4.64928e-06
 Reference value :  4.65058e-06
 Reference value :  4.65173e-06
 Reference value :  4.65303e-06
 Reference value :  4.65448e-06
 Reference value :  4.65603e-06
 Reference value :  4.65733e-06
 Reference value :  4.65858e-06
 Reference value :  4.65978e-06
 Reference value :  4.66100e-06
 Reference value :  4.66218e-06
 Reference value :  4.66343e-06
 Reference value :  4.66473e-06
 Reference value :  4.66598e-06
 Reference value :  4.66728e-06
 Reference value :  4.66858e-06
 Reference value :  4.66988e-06
 Reference value :  4.67100e-06
 Reference value :  4.67213e-06
 Reference value :  4.67338e-06
 Reference value :  4.67463e-06
 Reference value :  4.67588e-06
 Reference value :  4.67718e-06
 Reference value :  4.67848e-06
 Reference value :  4.67978e-06
 Reference value :  4.68096e-06
 Reference value :  4.68218e-06
 Reference value :  4.68358e-06
 Reference value :  4.68488e-06
 Reference value :  4.68618e-06
 Reference value :  4.68738e-06
 Reference value :  4.68863e-06
 Reference value :  4.68988e-06
 Reference value :  4.69102e-06
 Reference value :  4.69223e-06
 Reference value :  4.69353e-06
 Reference value :  4.69483e-06
 Reference value :  4.69613e-06
 Reference value :  4.69743e-06
 Reference value :  4.69873e-06
 Reference value :  4.70000e-06
 Reference value :  4.70107e-06
 Reference value :  4.70238e-06
 Reference value :  4.70368e-06
 Reference value :  4.70498e-06
 Reference value :  4.70628e-06
 Reference value :  4.70758e-06
 Reference value :  4.70888e-06
 Reference value :  4.71003e-06
 Reference value :  4.71118e-06
 Reference value :  4.71248e-06
 Reference value :  4.71378e-06
 Reference value :  4.71503e-06
 Reference value :  4.71628e-06
 Reference value :  4.71753e-06
 Reference value :  4.71878e-06
 Reference value :  4.72000e-06
 Reference value :  4.72112e-06
 Reference value :  4.72238e-06
 Reference value :  4.72363e-06
 Reference value :  4.72493e-06
 Reference value :  4.72618e-06
 Reference value :  4.72748e-06
 Reference value :  4.72873e-06
 Reference value :  4.73000e-06
 Reference value :  4.73108e-06
 Reference value :  4.73238e-06
 Reference value :  4.73368e-06
 Reference value :  4.73498e-06
 Reference value :  4.73628e-06
 Reference value :  4.73758e-06
 Reference value :  4.73893e-06
 Reference value :  4.74012e-06
 Reference value :  4.74128e-06
 Reference value :  4.74258e-06
 Reference value :  4.74378e-06
 Reference value :  4.74498e-06
 Reference value :  4.74618e-06
 Reference value :  4.74738e-06
 Reference value :  4.74858e-06
 Reference value :  4.74993e-06
 Reference value :  4.75108e-06
 Reference value :  4.75233e-06
 Reference value :  4.75373e-06
 Reference value :  4.75513e-06
 Reference value :  4.75653e-06
 Reference value :  4.75798e-06
 Reference value :  4.75938e-06
 Reference value :  4.76073e-06
 Reference value :  4.76203e-06
 Reference value :  4.76348e-06
 Reference value :  4.76488e-06
 Reference value :  4.76633e-06
 Reference value :  4.76778e-06
 Reference value :  4.76918e-06
 Reference value :  4.77048e-06
 Reference value :  4.77188e-06
 Reference value :  4.77323e-06
 Reference value :  4.77458e-06
 Reference value :  4.77603e-06
 Reference value :  4.77743e-06
 Reference value :  4.77883e-06
 Reference value :  4.78013e-06
 Reference value :  4.78143e-06
 Reference value :  4.78283e-06
 Reference value :  4.78423e-06
 Reference value :  4.78563e-06
 Reference value :  4.78703e-06
 Reference value :  4.78833e-06
 Reference value :  4.78953e-06
 Reference value :  4.79058e-06
 Reference value :  4.79163e-06
 Reference value :  4.79293e-06
 Reference value :  4.79428e-06
 Reference value :  4.79548e-06
 Reference value :  4.79668e-06
 Reference value :  4.79788e-06
 Reference value :  4.79908e-06
 Reference value :  4.80018e-06
 Reference value :  4.80122e-06
 Reference value :  4.80248e-06
 Reference value :  4.80368e-06
 Reference value :  4.80493e-06
 Reference value :  4.80613e-06
 Reference value :  4.80733e-06
 Reference value :  4.80853e-06
 Reference value :  4.80973e-06
 Reference value :  4.81083e-06
 Reference value :  4.81193e-06
 Reference value :  4.81318e-06
 Reference value :  4.81443e-06
 Reference value :  4.81568e-06
 Reference value :  4.81688e-06
 Reference value :  4.81808e-06
 Reference value :  4.81928e-06
 Reference value :  4.82038e-06
 Reference value :  4.82153e-06
 Reference value :  4.82278e-06
 Reference value :  4.82403e-06
 Reference value :  4.82533e-06
 Reference value :  4.82663e-06
 Reference value :  4.82788e-06
 Reference value :  4.82913e-06
 Reference value :  4.83033e-06
 Reference value :  4.83148e-06
 Reference value :  4.83273e-06
 Reference value :  4.83398e-06
 Reference value :  4.83523e-06
 Reference value :  4.83643e-06
 Reference value :  4.83763e-06
 Reference value :  4.83883e-06
 Reference value :  4.84000e-06
 Reference value :  4.84113e-06
 Reference value :  4.84238e-06
 Reference value :  4.84363e-06
 Reference value :  4.84488e-06
 Reference value :  4.84613e-06
 Reference value :  4.84738e-06
 Reference value :  4.84868e-06
 Reference value :  4.84993e-06
 Reference value :  4.85101e-06
 Reference value :  4.85218e-06
 Reference value :  4.85348e-06
 Reference value :  4.85473e-06
 Reference value :  4.85598e-06
 Reference value :  4.85718e-06
 Reference value :  4.85838e-06
 Reference value :  4.85963e-06
 Reference value :  4.86073e-06
 Reference value :  4.86178e-06
 Reference value :  4.86298e-06
 Reference value :  4.86418e-06
 Reference value :  4.86543e-06
 Reference value :  4.86668e-06
 Reference value :  4.86793e-06
 Reference value :  4.86918e-06
 Reference value :  4.87033e-06
 Reference value :  4.87143e-06
 Reference value :  4.87288e-06
 Reference value :  4.87433e-06
 Reference value :  4.87578e-06
 Reference value :  4.87738e-06
 Reference value :  4.87883e-06
 Reference value :  4.88018e-06
 Reference value :  4.88148e-06
 Reference value :  4.88308e-06
 Reference value :  4.88458e-06
 Reference value :  4.88603e-06
 Reference value :  4.88748e-06
 Reference value :  4.88893e-06
 Reference value :  4.89028e-06
 Reference value :  4.89158e-06
 Reference value :  4.89303e-06
 Reference value :  4.89448e-06
 Reference value :  4.89588e-06
 Reference value :  4.89728e-06
 Reference value :  4.89868e-06
 Reference value :  4.90001e-06
 Reference value :  4.90133e-06
 Reference value :  4.90278e-06
 Reference value :  4.90428e-06
 Reference value :  4.90573e-06
 Reference value :  4.90713e-06
 Reference value :  4.90853e-06
 Reference value :  4.90988e-06
 Reference value :  4.91104e-06
 Reference value :  4.91248e-06
 Reference value :  4.91388e-06
 Reference value :  4.91518e-06
 Reference value :  4.91648e-06
 Reference value :  4.91773e-06
 Reference value :  4.91903e-06
 Reference value :  4.92023e-06
 Reference value :  4.92138e-06
 Reference value :  4.92268e-06
 Reference value :  4.92398e-06
 Reference value :  4.92528e-06
 Reference value :  4.92658e-06
 Reference value :  4.92788e-06
 Reference value :  4.92918e-06
 Reference value :  4.93038e-06
 Reference value :  4.93153e-06
 Reference value :  4.93318e-06
 Reference value :  4.93448e-06
 Reference value :  4.93578e-06
 Reference value :  4.93708e-06
 Reference value :  4.93833e-06
 Reference value :  4.93978e-06
 Reference value :  4.94103e-06
 Reference value :  4.94248e-06
 Reference value :  4.94393e-06
 Reference value :  4.94538e-06
 Reference value :  4.94683e-06
 Reference value :  4.94828e-06
 Reference value :  4.94973e-06
 Reference value :  4.95101e-06
 Reference value :  4.95233e-06
 Reference value :  4.95378e-06
 Reference value :  4.95518e-06
 Reference value :  4.95658e-06
 Reference value :  4.95798e-06
 Reference value :  4.95943e-06
 Reference value :  4.96103e-06
 Reference value :  4.96243e-06
 Reference value :  4.96368e-06
 Reference value :  4.96483e-06
 Reference value :  4.96603e-06
 Reference value :  4.96723e-06
 Reference value :  4.96848e-06
 Reference value :  4.96968e-06
 Reference value :  4.97078e-06
 Reference value :  4.97188e-06
 Reference value :  4.97328e-06
 Reference value :  4.97458e-06
 Reference value :  4.97588e-06
 Reference value :  4.97718e-06
 Reference value :  4.97848e-06
 Reference value :  4.97973e-06
 Reference value :  4.98088e-06
 Reference value :  4.98198e-06
 Reference value :  4.98328e-06
 Reference value :  4.98453e-06
 Reference value :  4.98578e-06
 Reference value :  4.98708e-06
 Reference value :  4.98838e-06
 Reference value :  4.98968e-06
 Reference value :  4.99102e-06
 Reference value :  4.99233e-06
 Reference value :  4.99358e-06
 Reference value :  4.99478e-06
 Reference value :  4.99603e-06
 Reference value :  4.99733e-06
 Reference value :  4.99863e-06
 Reference value :  4.99996e-06
 Reference value :  5.00118e-06
 Reference value :  5.00283e-06
 Reference value :  5.00428e-06
 Reference value :  5.00573e-06
 Reference value :  5.00728e-06
 Reference value :  5.00883e-06
 Reference value :  5.01023e-06
 Reference value :  5.01148e-06
 Reference value :  5.01293e-06
 Reference value :  5.01438e-06
 Reference value :  5.01598e-06
 Reference value :  5.01743e-06
 Reference value :  5.01883e-06
 Reference value :  5.02002e-06
 Reference value :  5.02123e-06
 Reference value :  5.02253e-06
 Reference value :  5.02383e-06
 Reference value :  5.02513e-06
 Reference value :  5.02643e-06
 Reference value :  5.02773e-06
 Reference value :  5.02903e-06
 Reference value :  5.03023e-06
 Reference value :  5.03138e-06
 Reference value :  5.03293e-06
 Reference value :  5.03423e-06
 Reference value :  5.03553e-06
 Reference value :  5.03683e-06
 Reference value :  5.03813e-06
 Reference value :  5.03943e-06
 Reference value :  5.04058e-06
 Reference value :  5.04178e-06
 Reference value :  5.04308e-06
 Reference value :  5.04438e-06
 Reference value :  5.04578e-06
 Reference value :  5.04723e-06
 Reference value :  5.04858e-06
 Reference value :  5.05000e-06
 Reference value :  5.05123e-06
 Reference value :  5.05263e-06
 Reference value :  5.05403e-06
 Reference value :  5.05543e-06
 Reference value :  5.05683e-06
 Reference value :  5.05828e-06
 Reference value :  5.05968e-06
 Reference value :  5.06100e-06
 Reference value :  5.06228e-06
 Reference value :  5.06373e-06
 Reference value :  5.06513e-06
 Reference value :  5.06653e-06
 Reference value :  5.06793e-06
 Reference value :  5.06933e-06
 Reference value :  5.07068e-06
 Reference value :  5.07198e-06
 Reference value :  5.07358e-06
 Reference value :  5.07498e-06
 Reference value :  5.07643e-06
 Reference value :  5.07783e-06
 Reference value :  5.07928e-06
 Reference value :  5.08068e-06
 Reference value :  5.08198e-06
 Reference value :  5.08338e-06
 Reference value :  5.08483e-06
 Reference value :  5.08628e-06
 Reference value :  5.08773e-06
 Reference value :  5.08918e-06
 Reference value :  5.09053e-06
 Reference value :  5.09203e-06
 Reference value :  5.09358e-06
 Reference value :  5.09503e-06
 Reference value :  5.09648e-06
 Reference value :  5.09788e-06
 Reference value :  5.09933e-06
 Reference value :  5.10078e-06
 Reference value :  5.10208e-06
 Reference value :  5.10348e-06
 Reference value :  5.10488e-06
 Reference value :  5.10633e-06
 Reference value :  5.10778e-06
 Reference value :  5.10923e-06
 Reference value :  5.11058e-06
 Reference value :  5.11193e-06
 Reference value :  5.11333e-06
 Reference value :  5.11473e-06
 Reference value :  5.11613e-06
 Reference value :  5.11758e-06
 Reference value :  5.11903e-06
 Reference value :  5.12038e-06
 Reference value :  5.12168e-06
 Reference value :  5.12313e-06
 Reference value :  5.12453e-06
 Reference value :  5.12593e-06
 Reference value :  5.12738e-06
 Reference value :  5.12878e-06
 Reference value :  5.13008e-06
 Reference value :  5.13138e-06
 Reference value :  5.13278e-06
 Reference value :  5.13423e-06
 Reference value :  5.13568e-06
 Reference value :  5.13718e-06
 Reference value :  5.13863e-06
 Reference value :  5.14003e-06
 Reference value :  5.14133e-06
 Reference value :  5.14273e-06
 Reference value :  5.14418e-06
 Reference value :  5.14558e-06
 Reference value :  5.14703e-06
 Reference value :  5.14843e-06
 Reference value :  5.14983e-06
 Reference value :  5.15108e-06
 Reference value :  5.15238e-06
 Reference value :  5.15368e-06
 Reference value :  5.15523e-06
 Reference value :  5.15648e-06
 Reference value :  5.15778e-06
 Reference value :  5.15903e-06
 Reference value :  5.16023e-06
 Reference value :  5.16138e-06
 Reference value :  5.16268e-06
 Reference value :  5.16398e-06
 Reference value :  5.16523e-06
 Reference value :  5.16643e-06
 Reference value :  5.16763e-06
 Reference value :  5.16883e-06
 Reference value :  5.17000e-06
 Reference value :  5.17104e-06
 Reference value :  5.17228e-06
 Reference value :  5.17353e-06
 Reference value :  5.17478e-06
 Reference value :  5.17608e-06
 Reference value :  5.17738e-06
 Reference value :  5.17868e-06
 Reference value :  5.17996e-06
 Reference value :  5.18103e-06
 Reference value :  5.18238e-06
 Reference value :  5.18368e-06
 Reference value :  5.18498e-06
 Reference value :  5.18623e-06
 Reference value :  5.18748e-06
 Reference value :  5.18873e-06
 Reference value :  5.19000e-06
 Reference value :  5.19118e-06
 Reference value :  5.19248e-06
 Reference value :  5.19378e-06
 Reference value :  5.19508e-06
 Reference value :  5.19643e-06
 Reference value :  5.19773e-06
 Reference value :  5.19898e-06
 Reference value :  5.20008e-06
 Reference value :  5.20108e-06
 Reference value :  5.20228e-06
 Reference value :  5.20358e-06
 Reference value :  5.20483e-06
 Reference value :  5.20613e-06
 Reference value :  5.20738e-06
 Reference value :  5.20863e-06
 Reference value :  5.20993e-06
 Reference value :  5.21102e-06
 Reference value :  5.21223e-06
 Reference value :  5.21353e-06
 Reference value :  5.21483e-06
 Reference value :  5.21613e-06
 Reference value :  5.21743e-06
 Reference value :  5.21873e-06
 Reference value :  5.21996e-06
 Reference value :  5.22112e-06
 Reference value :  5.22243e-06
 Reference value :  5.22373e-06
 Reference value :  5.22503e-06
 Reference value :  5.22633e-06
 Reference value :  5.22763e-06
 Reference value :  5.22888e-06
 Reference value :  5.23003e-06
 Reference value :  5.23108e-06
 Reference value :  5.23243e-06
 Reference value :  5.23388e-06
 Reference value :  5.23533e-06
 Reference value :  5.23678e-06
 Reference value :  5.23833e-06
 Reference value :  5.23978e-06
 Reference value :  5.24101e-06
 Reference value :  5.24243e-06
 Reference value :  5.24383e-06
 Reference value :  5.24523e-06
 Reference value :  5.24668e-06
 Reference value :  5.24808e-06
 Reference value :  5.24948e-06
 Reference value :  5.25083e-06
 Reference value :  5.25208e-06
 Reference value :  5.25353e-06
 Reference value :  5.25503e-06
 Reference value :  5.25643e-06
 Reference value :  5.25783e-06
 Reference value :  5.25923e-06
 Reference value :  5.26053e-06
 Reference value :  5.26168e-06
 Reference value :  5.26298e-06
 Reference value :  5.26423e-06
 Reference value :  5.26563e-06
 Reference value :  5.26703e-06
 Reference value :  5.26848e-06
 Reference value :  5.26988e-06
 Reference value :  5.27113e-06
 Reference value :  5.27248e-06
 Reference value :  5.27373e-06
 Reference value :  5.27498e-06
 Reference value :  5.27628e-06
 Reference value :  5.27753e-06
 Reference value :  5.27873e-06
 Reference value :  5.28002e-06
 Reference value :  5.28133e-06
 Reference value :  5.28273e-06
 Reference value :  5.28413e-06
 Reference value :  5.28548e-06
 Reference value :  5.28688e-06
 Reference value :  5.28828e-06
 Reference value :  5.28968e-06
 Reference value :  5.29096e-06
 Reference value :  5.29228e-06
 Reference value :  5.29398e-06
 Reference value :  5.29538e-06
 Reference value :  5.29683e-06
 Reference value :  5.29828e-06
 Reference value :  5.29968e-06
 Reference value :  5.30100e-06
 Reference value :  5.30233e-06
 Reference value :  5.30378e-06
 Reference value :  5.30518e-06
 Reference value :  5.30658e-06
 Reference value :  5.30803e-06
 Reference value :  5.30948e-06
 Reference value :  5.31083e-06
 Reference value :  5.31208e-06
 Reference value :  5.31348e-06
 Reference value :  5.31488e-06
 Reference value :  5.31628e-06
 Reference value :  5.31768e-06
 Reference value :  5.31908e-06
 Reference value :  5.32038e-06
 Reference value :  5.32168e-06
 Reference value :  5.32308e-06
 Reference value :  5.32448e-06
 Reference value :  5.32588e-06
 Reference value :  5.32728e-06
 Reference value :  5.32873e-06
 Reference value :  5.33007e-06
 Reference value :  5.33138e-06
 Reference value :  5.33283e-06
 Reference value :  5.33428e-06
 Reference value :  5.33568e-06
 Reference value :  5.33703e-06
 Reference value :  5.33843e-06
 Reference value :  5.33983e-06
 Reference value :  5.34112e-06
 Reference value :  5.34233e-06
 Reference value :  5.34348e-06
 Reference value :  5.34478e-06
 Reference value :  5.34618e-06
 Reference value :  5.34738e-06
 Reference value :  5.34863e-06
 Reference value :  5.34988e-06
 Reference value :  5.35100e-06
 Reference value :  5.35213e-06
 Reference value :  5.35338e-06
 Reference value :  5.35463e-06
 Reference value :  5.35588e-06
 Reference value :  5.35708e-06
 Reference value :  5.35828e-06
 Reference value :  5.35948e-06
 Reference value :  5.36058e-06
 Reference value :  5.36163e-06
 Reference value :  5.36288e-06
 Reference value :  5.36408e-06
 Reference value :  5.36533e-06
 Reference value :  5.36658e-06
 Reference value :  5.36788e-06
 Reference value :  5.36913e-06
 Reference value :  5.37033e-06
 Reference value :  5.37148e-06
 Reference value :  5.37278e-06
 Reference value :  5.37403e-06
 Reference value :  5.37538e-06
 Reference value :  5.37683e-06
 Reference value :  5.37828e-06
 Reference value :  5.37968e-06
 Reference value :  5.38096e-06
 Reference value :  5.38228e-06
 Reference value :  5.38368e-06
 Reference value :  5.38513e-06
 Reference value :  5.38658e-06
 Reference value :  5.38803e-06
 Reference value :  5.38943e-06
 Reference value :  5.39078e-06
 Reference value :  5.39208e-06
 Reference value :  5.39348e-06
 Reference value :  5.39493e-06
 Reference value :  5.39638e-06
 Reference value :  5.39778e-06
 Reference value :  5.39918e-06
 Reference value :  5.40053e-06
 Reference value :  5.40178e-06
 Reference value :  5.40303e-06
 Reference value :  5.40443e-06
 Reference value :  5.40583e-06
 Reference value :  5.40723e-06
 Reference value :  5.40863e-06
 Reference value :  5.41000e-06
 Reference value :  5.41123e-06
 Reference value :  5.41268e-06
 Reference value :  5.41413e-06
 Reference value :  5.41558e-06
 Reference value :  5.41708e-06
 Reference value :  5.41848e-06
 Reference value :  5.41993e-06
No. of Data Rows : 111657
vmin_out            =  -1.12956e-03 at=  4.88117e-06
vmax_out            =  1.25219e+00 at=  5.24193e-06
Note: Simulation executed from .control section 
Warning: m=xx on .subckt line will override multiplier m hierarchy!

Note: Starting dynamic gmin stepping
Note: Dynamic gmin stepping completed
