
Note: Compatibility modes selected: hs a


Circuit: * environment: bounce {'mvpp': 30} code 16

Doing analysis at TEMP = 27.000000 and TNOM = 27.000000

Using SPARSE 1.3 as Direct Linear Solver

Initial Transient Solution
--------------------------

Node                                   Voltage
----                                   -------
vpwr                                       1.2
code[0]                                 -0.015
gb                                      -0.015
code[1]                                 -0.015
code[2]                                 -0.015
code[3]                                 -0.015
code[4]                                    1.2
code[5]                                 -0.015
code[6]                                 -0.015
code[7]                                 -0.015
enable                                     1.2
xdut.vbp                              0.744019
xdut.vbn                              0.338152
xdut.n0                               0.128771
xdut.p0                                1.08101
xdut.na0                              0.130304
xdut.s0                                0.61218
xdut.s10                              0.595382
xdut.n1                               0.108816
xdut.p1                                1.09369
xdut.s1                                0.61218
xdut.n2                               0.108816
xdut.p2                                1.09369
xdut.s2                                0.61218
xdut.n3                               0.108816
xdut.p3                                1.09369
xdut.s3                                0.61218
xdut.n4                               0.108816
xdut.p4                                1.09369
xdut.s4                                0.61218
xdut.n5                               0.108816
xdut.p5                                1.09369
xdut.s5                                0.61218
xdut.n6                               0.108816
xdut.p6                                1.09369
xdut.s6                                0.61218
xdut.n7                               0.108816
xdut.p7                                1.09369
xdut.s7                               0.612183
xdut.n8                               0.108816
xdut.p8                                1.09369
xdut.s8                               0.612133
xdut.n9                               0.108819
xdut.p9                                1.09369
xdut.s9                               0.613066
xdut.n10                              0.108748
xdut.p10                               1.09374
xdut.b1                               0.703158
clk_out                              0.0173455
vgb#branch                         8.06557e-05
ven#branch                        -7.39571e-12
vc7#branch                         4.28172e-12
vc6#branch                         2.14046e-12
vc5#branch                         1.07026e-12
vc4#branch                        -7.23555e-09
vc3#branch                         2.67565e-13
vc2#branch                         1.33783e-13
vc1#branch                         6.68918e-14
vc0#branch                         3.34459e-14
vdd#branch                        -8.06557e-05

 Reference value :  0.00000e+00
 Reference value :  1.27500e-09
 Reference value :  2.57500e-09
 Reference value :  3.87500e-09
 Reference value :  5.17500e-09
 Reference value :  6.47500e-09
 Reference value :  7.67500e-09
 Reference value :  8.92500e-09
 Reference value :  1.00750e-08
 Reference value :  1.12250e-08
 Reference value :  1.25250e-08
 Reference value :  1.37750e-08
 Reference value :  1.49750e-08
 Reference value :  1.61750e-08
 Reference value :  1.74750e-08
 Reference value :  1.88750e-08
 Reference value :  2.00150e-08
 Reference value :  2.10750e-08
 Reference value :  2.23250e-08
 Reference value :  2.35250e-08
 Reference value :  2.47750e-08
 Reference value :  2.60250e-08
 Reference value :  2.73250e-08
 Reference value :  2.85750e-08
 Reference value :  2.98250e-08
 Reference value :  3.10000e-08
 Reference value :  3.21750e-08
 Reference value :  3.34750e-08
 Reference value :  3.46750e-08
 Reference value :  3.59250e-08
 Reference value :  3.71250e-08
 Reference value :  3.83750e-08
 Reference value :  3.96250e-08
 Reference value :  4.05750e-08
 Reference value :  4.16250e-08
 Reference value :  4.27250e-08
 Reference value :  4.40250e-08
 Reference value :  4.52750e-08
 Reference value :  4.64750e-08
 Reference value :  4.78750e-08
 Reference value :  4.92250e-08
 Reference value :  5.02750e-08
 Reference value :  5.13750e-08
 Reference value :  5.26750e-08
 Reference value :  5.39250e-08
 Reference value :  5.52750e-08
 Reference value :  5.66750e-08
 Reference value :  5.80250e-08
 Reference value :  5.92750e-08
 Reference value :  6.03250e-08
 Reference value :  6.14250e-08
 Reference value :  6.26750e-08
 Reference value :  6.39750e-08
 Reference value :  6.52750e-08
 Reference value :  6.65750e-08
 Reference value :  6.78750e-08
 Reference value :  6.91750e-08
 Reference value :  7.03250e-08
 Reference value :  7.14750e-08
 Reference value :  7.27250e-08
 Reference value :  7.39250e-08
 Reference value :  7.50750e-08
 Reference value :  7.63250e-08
 Reference value :  7.75250e-08
 Reference value :  7.87750e-08
 Reference value :  7.99625e-08
 Reference value :  8.10150e-08
 Reference value :  8.22250e-08
 Reference value :  8.35250e-08
 Reference value :  8.47750e-08
 Reference value :  8.60250e-08
 Reference value :  8.72250e-08
 Reference value :  8.84750e-08
 Reference value :  8.97250e-08
 Reference value :  9.08750e-08
 Reference value :  9.19750e-08
 Reference value :  9.32250e-08
 Reference value :  9.44750e-08
 Reference value :  9.57250e-08
 Reference value :  9.69250e-08
 Reference value :  9.82250e-08
 Reference value :  9.94250e-08
 Reference value :  1.00575e-07
 Reference value :  1.01725e-07
 Reference value :  1.03075e-07
 Reference value :  1.04525e-07
 Reference value :  1.05925e-07
 Reference value :  1.07325e-07
 Reference value :  1.08775e-07
 Reference value :  1.10035e-07
 Reference value :  1.11325e-07
 Reference value :  1.12725e-07
 Reference value :  1.13975e-07
 Reference value :  1.15225e-07
 Reference value :  1.16425e-07
 Reference value :  1.17775e-07
 Reference value :  1.19125e-07
 Reference value :  1.20225e-07
 Reference value :  1.21375e-07
 Reference value :  1.22675e-07
 Reference value :  1.23875e-07
 Reference value :  1.25075e-07
 Reference value :  1.26275e-07
 Reference value :  1.27475e-07
 Reference value :  1.28675e-07
 Reference value :  1.29875e-07
 Reference value :  1.31000e-07
 Reference value :  1.32125e-07
 Reference value :  1.33325e-07
 Reference value :  1.34525e-07
 Reference value :  1.35725e-07
 Reference value :  1.36975e-07
 Reference value :  1.38275e-07
 Reference value :  1.39525e-07
 Reference value :  1.40675e-07
 Reference value :  1.41825e-07
 Reference value :  1.43125e-07
 Reference value :  1.44375e-07
 Reference value :  1.45675e-07
 Reference value :  1.46925e-07
 Reference value :  1.48225e-07
 Reference value :  1.49475e-07
 Reference value :  1.50675e-07
 Reference value :  1.51825e-07
 Reference value :  1.53125e-07
 Reference value :  1.54425e-07
 Reference value :  1.55725e-07
 Reference value :  1.57025e-07
 Reference value :  1.58325e-07
 Reference value :  1.59575e-07
 Reference value :  1.60675e-07
 Reference value :  1.61825e-07
 Reference value :  1.63075e-07
 Reference value :  1.64425e-07
 Reference value :  1.65875e-07
 Reference value :  1.67275e-07
 Reference value :  1.68625e-07
 Reference value :  1.70000e-07
 Reference value :  1.71175e-07
 Reference value :  1.72575e-07
 Reference value :  1.73925e-07
 Reference value :  1.75375e-07
 Reference value :  1.76775e-07
 Reference value :  1.78175e-07
 Reference value :  1.79575e-07
 Reference value :  1.80875e-07
 Reference value :  1.82175e-07
 Reference value :  1.83575e-07
 Reference value :  1.84975e-07
 Reference value :  1.86275e-07
 Reference value :  1.87475e-07
 Reference value :  1.88675e-07
 Reference value :  1.89825e-07
 Reference value :  1.90875e-07
 Reference value :  1.91925e-07
 Reference value :  1.93125e-07
 Reference value :  1.94325e-07
 Reference value :  1.95525e-07
 Reference value :  1.96725e-07
 Reference value :  1.97925e-07
 Reference value :  1.99125e-07
 Reference value :  2.00225e-07
 Reference value :  2.01275e-07
 Reference value :  2.02525e-07
 Reference value :  2.03775e-07
 Reference value :  2.05025e-07
 Reference value :  2.06275e-07
 Reference value :  2.07525e-07
 Reference value :  2.08775e-07
 Reference value :  2.10005e-07
 Reference value :  2.11075e-07
 Reference value :  2.12325e-07
 Reference value :  2.13575e-07
 Reference value :  2.14775e-07
 Reference value :  2.16075e-07
 Reference value :  2.17275e-07
 Reference value :  2.18575e-07
 Reference value :  2.19825e-07
 Reference value :  2.20963e-07
 Reference value :  2.22125e-07
 Reference value :  2.23375e-07
 Reference value :  2.24625e-07
 Reference value :  2.25825e-07
 Reference value :  2.27025e-07
 Reference value :  2.28175e-07
 Reference value :  2.29375e-07
 Reference value :  2.30475e-07
 Reference value :  2.31525e-07
 Reference value :  2.32775e-07
 Reference value :  2.34025e-07
 Reference value :  2.35425e-07
 Reference value :  2.36825e-07
 Reference value :  2.38225e-07
 Reference value :  2.39675e-07
 Reference value :  2.40963e-07
 Reference value :  2.42125e-07
 Reference value :  2.43525e-07
 Reference value :  2.44925e-07
 Reference value :  2.46325e-07
 Reference value :  2.47775e-07
 Reference value :  2.49125e-07
 Reference value :  2.50475e-07
 Reference value :  2.51725e-07
 Reference value :  2.52975e-07
 Reference value :  2.54275e-07
 Reference value :  2.55525e-07
 Reference value :  2.56825e-07
 Reference value :  2.58075e-07
 Reference value :  2.59225e-07
 Reference value :  2.60275e-07
 Reference value :  2.61325e-07
 Reference value :  2.62525e-07
 Reference value :  2.63725e-07
 Reference value :  2.64925e-07
 Reference value :  2.66075e-07
 Reference value :  2.67275e-07
 Reference value :  2.68475e-07
 Reference value :  2.69625e-07
 Reference value :  2.70675e-07
 Reference value :  2.71725e-07
 Reference value :  2.72925e-07
 Reference value :  2.74125e-07
 Reference value :  2.75325e-07
 Reference value :  2.76525e-07
 Reference value :  2.77775e-07
 Reference value :  2.79025e-07
 Reference value :  2.80125e-07
 Reference value :  2.81175e-07
 Reference value :  2.82375e-07
 Reference value :  2.83525e-07
 Reference value :  2.84725e-07
 Reference value :  2.85975e-07
 Reference value :  2.87275e-07
 Reference value :  2.88475e-07
 Reference value :  2.89725e-07
 Reference value :  2.90875e-07
 Reference value :  2.91975e-07
 Reference value :  2.93225e-07
 Reference value :  2.94525e-07
 Reference value :  2.95775e-07
 Reference value :  2.97025e-07
 Reference value :  2.98275e-07
 Reference value :  2.99475e-07
 Reference value :  3.00575e-07
 Reference value :  3.01725e-07
 Reference value :  3.03025e-07
 Reference value :  3.04325e-07
 Reference value :  3.05625e-07
 Reference value :  3.06925e-07
 Reference value :  3.08125e-07
 Reference value :  3.09375e-07
 Reference value :  3.10475e-07
 Reference value :  3.11575e-07
 Reference value :  3.12825e-07
 Reference value :  3.14025e-07
 Reference value :  3.15275e-07
 Reference value :  3.16525e-07
 Reference value :  3.17775e-07
 Reference value :  3.19075e-07
 Reference value :  3.20225e-07
 Reference value :  3.21375e-07
 Reference value :  3.22675e-07
 Reference value :  3.23925e-07
 Reference value :  3.25175e-07
 Reference value :  3.26425e-07
 Reference value :  3.27675e-07
 Reference value :  3.28825e-07
 Reference value :  3.30000e-07
 Reference value :  3.31075e-07
 Reference value :  3.32475e-07
 Reference value :  3.33875e-07
 Reference value :  3.35275e-07
 Reference value :  3.36675e-07
 Reference value :  3.38025e-07
 Reference value :  3.39425e-07
 Reference value :  3.40775e-07
 Reference value :  3.42075e-07
 Reference value :  3.43475e-07
 Reference value :  3.44875e-07
 Reference value :  3.46275e-07
 Reference value :  3.47625e-07
 Reference value :  3.49025e-07
 Reference value :  3.50275e-07
 Reference value :  3.51475e-07
 Reference value :  3.52875e-07
 Reference value :  3.54225e-07
 Reference value :  3.55375e-07
 Reference value :  3.56525e-07
 Reference value :  3.57675e-07
 Reference value :  3.58875e-07
 Reference value :  3.60005e-07
 Reference value :  3.61035e-07
 Reference value :  3.62225e-07
 Reference value :  3.63475e-07
 Reference value :  3.64725e-07
 Reference value :  3.65925e-07
 Reference value :  3.67125e-07
 Reference value :  3.68275e-07
 Reference value :  3.69475e-07
 Reference value :  3.70525e-07
 Reference value :  3.71625e-07
 Reference value :  3.72775e-07
 Reference value :  3.73975e-07
 Reference value :  3.75125e-07
 Reference value :  3.76325e-07
 Reference value :  3.77525e-07
 Reference value :  3.78725e-07
 Reference value :  3.79963e-07
 Reference value :  3.81005e-07
 Reference value :  3.82125e-07
 Reference value :  3.83325e-07
 Reference value :  3.84525e-07
 Reference value :  3.85725e-07
 Reference value :  3.86975e-07
 Reference value :  3.88225e-07
 Reference value :  3.89475e-07
 Reference value :  3.90625e-07
 Reference value :  3.91775e-07
 Reference value :  3.93025e-07
 Reference value :  3.94325e-07
 Reference value :  3.95575e-07
 Reference value :  3.96825e-07
 Reference value :  3.97975e-07
 Reference value :  3.99225e-07
 Reference value :  4.00375e-07
 Reference value :  4.01675e-07
 Reference value :  4.03125e-07
 Reference value :  4.04575e-07
 Reference value :  4.05925e-07
 Reference value :  4.07275e-07
 Reference value :  4.08625e-07
 Reference value :  4.10000e-07
 Reference value :  4.11425e-07
 Reference value :  4.12825e-07
 Reference value :  4.14325e-07
 Reference value :  4.15775e-07
 Reference value :  4.17175e-07
 Reference value :  4.18575e-07
 Reference value :  4.19925e-07
 Reference value :  4.21075e-07
 Reference value :  4.22425e-07
 Reference value :  4.23825e-07
 Reference value :  4.25225e-07
 Reference value :  4.26625e-07
 Reference value :  4.27975e-07
 Reference value :  4.29375e-07
 Reference value :  4.30625e-07
 Reference value :  4.31925e-07
 Reference value :  4.33275e-07
 Reference value :  4.34675e-07
 Reference value :  4.36025e-07
 Reference value :  4.37375e-07
 Reference value :  4.38775e-07
 Reference value :  4.40035e-07
 Reference value :  4.41275e-07
 Reference value :  4.42625e-07
 Reference value :  4.44025e-07
 Reference value :  4.45425e-07
 Reference value :  4.46825e-07
 Reference value :  4.48225e-07
 Reference value :  4.49675e-07
 Reference value :  4.50963e-07
 Reference value :  4.52225e-07
 Reference value :  4.53625e-07
 Reference value :  4.55025e-07
 Reference value :  4.56425e-07
 Reference value :  4.57875e-07
 Reference value :  4.59325e-07
 Reference value :  4.60575e-07
 Reference value :  4.61825e-07
 Reference value :  4.63025e-07
 Reference value :  4.64325e-07
 Reference value :  4.65575e-07
 Reference value :  4.66825e-07
 Reference value :  4.68075e-07
 Reference value :  4.69325e-07
 Reference value :  4.70375e-07
 Reference value :  4.71425e-07
 Reference value :  4.72625e-07
 Reference value :  4.73825e-07
 Reference value :  4.74975e-07
 Reference value :  4.76175e-07
 Reference value :  4.77325e-07
 Reference value :  4.78575e-07
 Reference value :  4.79775e-07
 Reference value :  4.80925e-07
 Reference value :  4.82075e-07
 Reference value :  4.83275e-07
 Reference value :  4.84475e-07
 Reference value :  4.85675e-07
 Reference value :  4.86925e-07
 Reference value :  4.88125e-07
 Reference value :  4.89375e-07
 Reference value :  4.90425e-07
 Reference value :  4.91575e-07
 Reference value :  4.92825e-07
 Reference value :  4.94025e-07
 Reference value :  4.95225e-07
 Reference value :  4.96375e-07
 Reference value :  4.97525e-07
 Reference value :  4.98675e-07
 Reference value :  4.99875e-07
 Reference value :  5.00925e-07
 Reference value :  5.01925e-07
 Reference value :  5.03125e-07
 Reference value :  5.04325e-07
 Reference value :  5.05625e-07
 Reference value :  5.06825e-07
 Reference value :  5.08025e-07
 Reference value :  5.09225e-07
 Reference value :  5.10325e-07
 Reference value :  5.11425e-07
 Reference value :  5.12675e-07
 Reference value :  5.13925e-07
 Reference value :  5.15175e-07
 Reference value :  5.16475e-07
 Reference value :  5.17725e-07
 Reference value :  5.19025e-07
 Reference value :  5.20175e-07
 Reference value :  5.21375e-07
 Reference value :  5.22675e-07
 Reference value :  5.23925e-07
 Reference value :  5.25225e-07
 Reference value :  5.26475e-07
 Reference value :  5.27775e-07
 Reference value :  5.29025e-07
 Reference value :  5.30125e-07
 Reference value :  5.31275e-07
 Reference value :  5.32525e-07
 Reference value :  5.33775e-07
 Reference value :  5.35025e-07
 Reference value :  5.36275e-07
 Reference value :  5.37725e-07
 Reference value :  5.39075e-07
 Reference value :  5.40375e-07
 Reference value :  5.41675e-07
 Reference value :  5.43075e-07
 Reference value :  5.44475e-07
 Reference value :  5.45925e-07
 Reference value :  5.47325e-07
 Reference value :  5.48725e-07
 Reference value :  5.50015e-07
 Reference value :  5.51275e-07
 Reference value :  5.52725e-07
 Reference value :  5.54125e-07
 Reference value :  5.55575e-07
 Reference value :  5.56975e-07
 Reference value :  5.58375e-07
 Reference value :  5.59775e-07
 Reference value :  5.61005e-07
 Reference value :  5.62325e-07
 Reference value :  5.63725e-07
 Reference value :  5.65175e-07
 Reference value :  5.66575e-07
 Reference value :  5.68025e-07
 Reference value :  5.69425e-07
 Reference value :  5.70675e-07
 Reference value :  5.71975e-07
 Reference value :  5.73425e-07
 Reference value :  5.74825e-07
 Reference value :  5.76175e-07
 Reference value :  5.77525e-07
 Reference value :  5.78875e-07
 Reference value :  5.80125e-07
 Reference value :  5.81375e-07
 Reference value :  5.82775e-07
 Reference value :  5.84075e-07
 Reference value :  5.85475e-07
 Reference value :  5.86825e-07
 Reference value :  5.88225e-07
 Reference value :  5.89575e-07
 Reference value :  5.90875e-07
 Reference value :  5.92175e-07
 Reference value :  5.93575e-07
 Reference value :  5.95025e-07
 Reference value :  5.96425e-07
 Reference value :  5.97775e-07
 Reference value :  5.99175e-07
 Reference value :  6.00475e-07
 Reference value :  6.01775e-07
 Reference value :  6.03225e-07
 Reference value :  6.04625e-07
 Reference value :  6.06025e-07
 Reference value :  6.07475e-07
 Reference value :  6.08875e-07
 Reference value :  6.10125e-07
 Reference value :  6.11375e-07
 Reference value :  6.12775e-07
 Reference value :  6.14175e-07
 Reference value :  6.15625e-07
 Reference value :  6.16975e-07
 Reference value :  6.18325e-07
 Reference value :  6.19775e-07
 Reference value :  6.21005e-07
 Reference value :  6.22375e-07
 Reference value :  6.23825e-07
 Reference value :  6.25225e-07
 Reference value :  6.26625e-07
 Reference value :  6.28075e-07
 Reference value :  6.29475e-07
 Reference value :  6.30825e-07
 Reference value :  6.32175e-07
 Reference value :  6.33575e-07
 Reference value :  6.34975e-07
 Reference value :  6.36425e-07
 Reference value :  6.37825e-07
 Reference value :  6.39125e-07
 Reference value :  6.40375e-07
 Reference value :  6.41625e-07
 Reference value :  6.43025e-07
 Reference value :  6.44425e-07
 Reference value :  6.45775e-07
 Reference value :  6.47225e-07
 Reference value :  6.48625e-07
 Reference value :  6.50005e-07
 Reference value :  6.51225e-07
 Reference value :  6.52625e-07
 Reference value :  6.54025e-07
 Reference value :  6.55425e-07
 Reference value :  6.56775e-07
 Reference value :  6.58125e-07
 Reference value :  6.59475e-07
 Reference value :  6.60725e-07
 Reference value :  6.61975e-07
 Reference value :  6.63325e-07
 Reference value :  6.64725e-07
 Reference value :  6.66075e-07
 Reference value :  6.67475e-07
 Reference value :  6.68875e-07
 Reference value :  6.70225e-07
 Reference value :  6.71525e-07
 Reference value :  6.72925e-07
 Reference value :  6.74325e-07
 Reference value :  6.75675e-07
 Reference value :  6.77125e-07
 Reference value :  6.78575e-07
 Reference value :  6.79963e-07
 Reference value :  6.81125e-07
 Reference value :  6.82575e-07
 Reference value :  6.84025e-07
 Reference value :  6.85475e-07
 Reference value :  6.86925e-07
 Reference value :  6.88325e-07
 Reference value :  6.89775e-07
 Reference value :  6.91000e-07
 Reference value :  6.92325e-07
 Reference value :  6.93725e-07
 Reference value :  6.95175e-07
 Reference value :  6.96525e-07
 Reference value :  6.97925e-07
 Reference value :  6.99325e-07
 Reference value :  7.00575e-07
 Reference value :  7.01825e-07
 Reference value :  7.03175e-07
 Reference value :  7.04575e-07
 Reference value :  7.05975e-07
 Reference value :  7.07375e-07
 Reference value :  7.08725e-07
 Reference value :  7.10035e-07
 Reference value :  7.11325e-07
 Reference value :  7.12775e-07
 Reference value :  7.14175e-07
 Reference value :  7.15575e-07
 Reference value :  7.17025e-07
 Reference value :  7.18425e-07
 Reference value :  7.19775e-07
 Reference value :  7.21000e-07
 Reference value :  7.22275e-07
 Reference value :  7.23625e-07
 Reference value :  7.25025e-07
 Reference value :  7.26425e-07
 Reference value :  7.27775e-07
 Reference value :  7.29225e-07
 Reference value :  7.30475e-07
 Reference value :  7.31775e-07
 Reference value :  7.33225e-07
 Reference value :  7.34625e-07
 Reference value :  7.36025e-07
 Reference value :  7.37525e-07
 Reference value :  7.38925e-07
 Reference value :  7.40225e-07
 Reference value :  7.41525e-07
 Reference value :  7.42925e-07
 Reference value :  7.44375e-07
 Reference value :  7.45825e-07
 Reference value :  7.47225e-07
 Reference value :  7.48625e-07
 Reference value :  7.50000e-07
 Reference value :  7.51125e-07
 Reference value :  7.52525e-07
 Reference value :  7.54125e-07
 Reference value :  7.55625e-07
 Reference value :  7.57225e-07
 Reference value :  7.58675e-07
 Reference value :  7.60035e-07
 Reference value :  7.61325e-07
 Reference value :  7.62775e-07
 Reference value :  7.64175e-07
 Reference value :  7.65525e-07
 Reference value :  7.66925e-07
 Reference value :  7.68325e-07
 Reference value :  7.69725e-07
 Reference value :  7.71000e-07
 Reference value :  7.72325e-07
 Reference value :  7.73775e-07
 Reference value :  7.75175e-07
 Reference value :  7.76625e-07
 Reference value :  7.78025e-07
 Reference value :  7.79425e-07
 Reference value :  7.80625e-07
 Reference value :  7.81875e-07
 Reference value :  7.83225e-07
 Reference value :  7.84625e-07
 Reference value :  7.86025e-07
 Reference value :  7.87475e-07
 Reference value :  7.88875e-07
 Reference value :  7.90175e-07
 Reference value :  7.91425e-07
 Reference value :  7.92775e-07
 Reference value :  7.94175e-07
 Reference value :  7.95475e-07
 Reference value :  7.96875e-07
 Reference value :  7.98375e-07
 Reference value :  7.99775e-07
 Reference value :  8.01005e-07
 Reference value :  8.02325e-07
 Reference value :  8.03725e-07
 Reference value :  8.05125e-07
 Reference value :  8.06575e-07
 Reference value :  8.07875e-07
 Reference value :  8.09275e-07
 Reference value :  8.10475e-07
 Reference value :  8.11725e-07
 Reference value :  8.13075e-07
 Reference value :  8.14475e-07
 Reference value :  8.15825e-07
 Reference value :  8.17525e-07
 Reference value :  8.18975e-07
 Reference value :  8.20225e-07
 Reference value :  8.21625e-07
 Reference value :  8.23025e-07
 Reference value :  8.24325e-07
 Reference value :  8.25725e-07
 Reference value :  8.27075e-07
 Reference value :  8.28475e-07
 Reference value :  8.29825e-07
 Reference value :  8.31005e-07
 Reference value :  8.32325e-07
 Reference value :  8.33725e-07
 Reference value :  8.35125e-07
 Reference value :  8.36575e-07
 Reference value :  8.37925e-07
 Reference value :  8.39275e-07
 Reference value :  8.40525e-07
 Reference value :  8.41775e-07
 Reference value :  8.43125e-07
 Reference value :  8.44525e-07
 Reference value :  8.45775e-07
 Reference value :  8.47075e-07
 Reference value :  8.48375e-07
 Reference value :  8.49625e-07
 Reference value :  8.50775e-07
 Reference value :  8.51925e-07
 Reference value :  8.53175e-07
 Reference value :  8.54425e-07
 Reference value :  8.55675e-07
 Reference value :  8.56925e-07
 Reference value :  8.58175e-07
 Reference value :  8.59425e-07
 Reference value :  8.60525e-07
 Reference value :  8.61675e-07
 Reference value :  8.62925e-07
 Reference value :  8.64175e-07
 Reference value :  8.65375e-07
 Reference value :  8.66575e-07
 Reference value :  8.67925e-07
 Reference value :  8.69275e-07
 Reference value :  8.70475e-07
 Reference value :  8.71725e-07
 Reference value :  8.73075e-07
 Reference value :  8.74525e-07
 Reference value :  8.75975e-07
 Reference value :  8.77375e-07
 Reference value :  8.78725e-07
 Reference value :  8.79925e-07
 Reference value :  8.81005e-07
 Reference value :  8.82175e-07
 Reference value :  8.83475e-07
 Reference value :  8.84725e-07
 Reference value :  8.85975e-07
 Reference value :  8.87225e-07
 Reference value :  8.88425e-07
 Reference value :  8.89625e-07
 Reference value :  8.90675e-07
 Reference value :  8.91725e-07
 Reference value :  8.92975e-07
 Reference value :  8.94175e-07
 Reference value :  8.95375e-07
 Reference value :  8.96575e-07
 Reference value :  8.97775e-07
 Reference value :  8.99075e-07
 Reference value :  9.00225e-07
 Reference value :  9.01375e-07
 Reference value :  9.02625e-07
 Reference value :  9.03875e-07
 Reference value :  9.05125e-07
 Reference value :  9.06325e-07
 Reference value :  9.07625e-07
 Reference value :  9.09025e-07
 Reference value :  9.10275e-07
 Reference value :  9.11525e-07
 Reference value :  9.12975e-07
 Reference value :  9.14375e-07
 Reference value :  9.15825e-07
 Reference value :  9.17225e-07
 Reference value :  9.18625e-07
 Reference value :  9.19963e-07
 Reference value :  9.21015e-07
 Reference value :  9.22275e-07
 Reference value :  9.23575e-07
 Reference value :  9.24775e-07
 Reference value :  9.26075e-07
 Reference value :  9.27325e-07
 Reference value :  9.28625e-07
 Reference value :  9.29825e-07
 Reference value :  9.30925e-07
 Reference value :  9.32075e-07
 Reference value :  9.33325e-07
 Reference value :  9.34525e-07
 Reference value :  9.35775e-07
 Reference value :  9.37025e-07
 Reference value :  9.38325e-07
 Reference value :  9.39575e-07
 Reference value :  9.40775e-07
 Reference value :  9.41975e-07
 Reference value :  9.43275e-07
 Reference value :  9.44525e-07
 Reference value :  9.45825e-07
 Reference value :  9.47075e-07
 Reference value :  9.48325e-07
 Reference value :  9.49625e-07
 Reference value :  9.50825e-07
 Reference value :  9.51925e-07
 Reference value :  9.53125e-07
 Reference value :  9.54325e-07
 Reference value :  9.55525e-07
 Reference value :  9.56675e-07
 Reference value :  9.57875e-07
 Reference value :  9.59025e-07
 Reference value :  9.60125e-07
 Reference value :  9.61225e-07
 Reference value :  9.62525e-07
 Reference value :  9.63775e-07
 Reference value :  9.65025e-07
 Reference value :  9.66275e-07
 Reference value :  9.67625e-07
 Reference value :  9.69025e-07
 Reference value :  9.70375e-07
 Reference value :  9.71625e-07
 Reference value :  9.73075e-07
 Reference value :  9.74475e-07
 Reference value :  9.75875e-07
 Reference value :  9.77325e-07
 Reference value :  9.78775e-07
 Reference value :  9.80000e-07
 Reference value :  9.81015e-07
 Reference value :  9.82175e-07
 Reference value :  9.83375e-07
 Reference value :  9.84525e-07
 Reference value :  9.85725e-07
 Reference value :  9.86925e-07
 Reference value :  9.88175e-07
 Reference value :  9.89375e-07
 Reference value :  9.90525e-07
 Reference value :  9.91675e-07
 Reference value :  9.92925e-07
 Reference value :  9.94125e-07
 Reference value :  9.95375e-07
 Reference value :  9.96625e-07
 Reference value :  9.97875e-07
 Reference value :  9.99125e-07
 Reference value :  1.00027e-06
 Reference value :  1.00142e-06
 Reference value :  1.00272e-06
 Reference value :  1.00397e-06
 Reference value :  1.00527e-06
 Reference value :  1.00657e-06
 Reference value :  1.00782e-06
 Reference value :  1.00907e-06
 Reference value :  1.01022e-06
 Reference value :  1.01132e-06
 Reference value :  1.01257e-06
 Reference value :  1.01382e-06
 Reference value :  1.01507e-06
 Reference value :  1.01627e-06
 Reference value :  1.01752e-06
 Reference value :  1.01867e-06
 Reference value :  1.01987e-06
 Reference value :  1.02096e-06
 Reference value :  1.02217e-06
 Reference value :  1.02342e-06
 Reference value :  1.02472e-06
 Reference value :  1.02597e-06
 Reference value :  1.02727e-06
 Reference value :  1.02857e-06
 Reference value :  1.02987e-06
 Reference value :  1.03100e-06
 Reference value :  1.03222e-06
 Reference value :  1.03352e-06
 Reference value :  1.03477e-06
 Reference value :  1.03607e-06
 Reference value :  1.03732e-06
 Reference value :  1.03857e-06
 Reference value :  1.03992e-06
 Reference value :  1.04102e-06
 Reference value :  1.04227e-06
 Reference value :  1.04352e-06
 Reference value :  1.04482e-06
 Reference value :  1.04607e-06
 Reference value :  1.04737e-06
 Reference value :  1.04872e-06
 Reference value :  1.05003e-06
 Reference value :  1.05132e-06
 Reference value :  1.05272e-06
 Reference value :  1.05412e-06
 Reference value :  1.05552e-06
 Reference value :  1.05707e-06
 Reference value :  1.05847e-06
 Reference value :  1.06000e-06
 Reference value :  1.06122e-06
 Reference value :  1.06262e-06
 Reference value :  1.06402e-06
 Reference value :  1.06547e-06
 Reference value :  1.06687e-06
 Reference value :  1.06827e-06
 Reference value :  1.06967e-06
 Reference value :  1.07096e-06
 Reference value :  1.07222e-06
 Reference value :  1.07362e-06
 Reference value :  1.07502e-06
 Reference value :  1.07637e-06
 Reference value :  1.07782e-06
 Reference value :  1.07922e-06
 Reference value :  1.08052e-06
 Reference value :  1.08187e-06
 Reference value :  1.08327e-06
 Reference value :  1.08462e-06
 Reference value :  1.08592e-06
 Reference value :  1.08722e-06
 Reference value :  1.08847e-06
 Reference value :  1.08962e-06
 Reference value :  1.09072e-06
 Reference value :  1.09182e-06
 Reference value :  1.09307e-06
 Reference value :  1.09432e-06
 Reference value :  1.09572e-06
 Reference value :  1.09712e-06
 Reference value :  1.09852e-06
 Reference value :  1.09992e-06
 Reference value :  1.10112e-06
 Reference value :  1.10252e-06
 Reference value :  1.10397e-06
 Reference value :  1.10542e-06
 Reference value :  1.10687e-06
 Reference value :  1.10827e-06
 Reference value :  1.10972e-06
 Reference value :  1.11100e-06
 Reference value :  1.11227e-06
 Reference value :  1.11367e-06
 Reference value :  1.11512e-06
 Reference value :  1.11652e-06
 Reference value :  1.11797e-06
 Reference value :  1.11937e-06
 Reference value :  1.12067e-06
 Reference value :  1.12197e-06
 Reference value :  1.12332e-06
 Reference value :  1.12477e-06
 Reference value :  1.12617e-06
 Reference value :  1.12752e-06
 Reference value :  1.12897e-06
 Reference value :  1.13017e-06
 Reference value :  1.13137e-06
 Reference value :  1.13277e-06
 Reference value :  1.13407e-06
 Reference value :  1.13537e-06
 Reference value :  1.13677e-06
 Reference value :  1.13807e-06
 Reference value :  1.13942e-06
 Reference value :  1.14067e-06
 Reference value :  1.14197e-06
 Reference value :  1.14332e-06
 Reference value :  1.14477e-06
 Reference value :  1.14617e-06
 Reference value :  1.14757e-06
 Reference value :  1.14892e-06
 Reference value :  1.15022e-06
 Reference value :  1.15152e-06
 Reference value :  1.15292e-06
 Reference value :  1.15437e-06
 Reference value :  1.15577e-06
 Reference value :  1.15722e-06
 Reference value :  1.15862e-06
 Reference value :  1.16001e-06
 Reference value :  1.16122e-06
 Reference value :  1.16262e-06
 Reference value :  1.16407e-06
 Reference value :  1.16547e-06
 Reference value :  1.16692e-06
 Reference value :  1.16837e-06
 Reference value :  1.16982e-06
 Reference value :  1.17101e-06
 Reference value :  1.17237e-06
 Reference value :  1.17377e-06
 Reference value :  1.17517e-06
 Reference value :  1.17657e-06
 Reference value :  1.17797e-06
 Reference value :  1.17942e-06
 Reference value :  1.18067e-06
 Reference value :  1.18192e-06
 Reference value :  1.18347e-06
 Reference value :  1.18492e-06
 Reference value :  1.18652e-06
 Reference value :  1.18792e-06
 Reference value :  1.18942e-06
 Reference value :  1.19077e-06
 Reference value :  1.19192e-06
 Reference value :  1.19312e-06
 Reference value :  1.19437e-06
 Reference value :  1.19567e-06
 Reference value :  1.19697e-06
 Reference value :  1.19822e-06
 Reference value :  1.19952e-06
 Reference value :  1.20072e-06
 Reference value :  1.20187e-06
 Reference value :  1.20312e-06
 Reference value :  1.20442e-06
 Reference value :  1.20562e-06
 Reference value :  1.20682e-06
 Reference value :  1.20807e-06
 Reference value :  1.20927e-06
 Reference value :  1.21042e-06
 Reference value :  1.21157e-06
 Reference value :  1.21277e-06
 Reference value :  1.21407e-06
 Reference value :  1.21532e-06
 Reference value :  1.21662e-06
 Reference value :  1.21782e-06
 Reference value :  1.21912e-06
 Reference value :  1.22022e-06
 Reference value :  1.22132e-06
 Reference value :  1.22257e-06
 Reference value :  1.22382e-06
 Reference value :  1.22507e-06
 Reference value :  1.22637e-06
 Reference value :  1.22767e-06
 Reference value :  1.22897e-06
 Reference value :  1.23012e-06
 Reference value :  1.23122e-06
 Reference value :  1.23247e-06
 Reference value :  1.23377e-06
 Reference value :  1.23507e-06
 Reference value :  1.23632e-06
 Reference value :  1.23747e-06
 Reference value :  1.23872e-06
 Reference value :  1.23992e-06
 Reference value :  1.24100e-06
 Reference value :  1.24212e-06
 Reference value :  1.24337e-06
 Reference value :  1.24467e-06
 Reference value :  1.24592e-06
 Reference value :  1.24712e-06
 Reference value :  1.24842e-06
 Reference value :  1.24967e-06
 Reference value :  1.25077e-06
 Reference value :  1.25192e-06
 Reference value :  1.25317e-06
 Reference value :  1.25447e-06
 Reference value :  1.25572e-06
 Reference value :  1.25702e-06
 Reference value :  1.25827e-06
 Reference value :  1.25952e-06
 Reference value :  1.26067e-06
 Reference value :  1.26182e-06
 Reference value :  1.26312e-06
 Reference value :  1.26442e-06
 Reference value :  1.26572e-06
 Reference value :  1.26697e-06
 Reference value :  1.26827e-06
 Reference value :  1.26952e-06
 Reference value :  1.27067e-06
 Reference value :  1.27182e-06
 Reference value :  1.27312e-06
 Reference value :  1.27437e-06
 Reference value :  1.27567e-06
 Reference value :  1.27692e-06
 Reference value :  1.27822e-06
 Reference value :  1.27952e-06
 Reference value :  1.28062e-06
 Reference value :  1.28177e-06
 Reference value :  1.28302e-06
 Reference value :  1.28432e-06
 Reference value :  1.28562e-06
 Reference value :  1.28687e-06
 Reference value :  1.28817e-06
 Reference value :  1.28937e-06
 Reference value :  1.29047e-06
 Reference value :  1.29157e-06
 Reference value :  1.29277e-06
 Reference value :  1.29397e-06
 Reference value :  1.29517e-06
 Reference value :  1.29647e-06
 Reference value :  1.29772e-06
 Reference value :  1.29897e-06
 Reference value :  1.30012e-06
 Reference value :  1.30127e-06
 Reference value :  1.30252e-06
 Reference value :  1.30377e-06
 Reference value :  1.30502e-06
 Reference value :  1.30627e-06
 Reference value :  1.30747e-06
 Reference value :  1.30877e-06
 Reference value :  1.30996e-06
 Reference value :  1.31102e-06
 Reference value :  1.31222e-06
 Reference value :  1.31352e-06
 Reference value :  1.31477e-06
 Reference value :  1.31607e-06
 Reference value :  1.31732e-06
 Reference value :  1.31852e-06
 Reference value :  1.31982e-06
 Reference value :  1.32100e-06
 Reference value :  1.32212e-06
 Reference value :  1.32337e-06
 Reference value :  1.32462e-06
 Reference value :  1.32592e-06
 Reference value :  1.32717e-06
 Reference value :  1.32847e-06
 Reference value :  1.32972e-06
 Reference value :  1.33087e-06
 Reference value :  1.33197e-06
 Reference value :  1.33327e-06
 Reference value :  1.33452e-06
 Reference value :  1.33577e-06
 Reference value :  1.33697e-06
 Reference value :  1.33822e-06
 Reference value :  1.33947e-06
 Reference value :  1.34062e-06
 Reference value :  1.34177e-06
 Reference value :  1.34307e-06
 Reference value :  1.34437e-06
 Reference value :  1.34567e-06
 Reference value :  1.34697e-06
 Reference value :  1.34827e-06
 Reference value :  1.34952e-06
 Reference value :  1.35067e-06
 Reference value :  1.35182e-06
 Reference value :  1.35312e-06
 Reference value :  1.35437e-06
 Reference value :  1.35567e-06
 Reference value :  1.35692e-06
 Reference value :  1.35817e-06
 Reference value :  1.35947e-06
 Reference value :  1.36062e-06
 Reference value :  1.36177e-06
 Reference value :  1.36307e-06
 Reference value :  1.36437e-06
 Reference value :  1.36567e-06
 Reference value :  1.36687e-06
 Reference value :  1.36817e-06
 Reference value :  1.36942e-06
 Reference value :  1.37057e-06
 Reference value :  1.37172e-06
 Reference value :  1.37302e-06
 Reference value :  1.37432e-06
 Reference value :  1.37562e-06
 Reference value :  1.37687e-06
 Reference value :  1.37812e-06
 Reference value :  1.37937e-06
 Reference value :  1.38052e-06
 Reference value :  1.38167e-06
 Reference value :  1.38297e-06
 Reference value :  1.38422e-06
 Reference value :  1.38547e-06
 Reference value :  1.38672e-06
 Reference value :  1.38787e-06
 Reference value :  1.38917e-06
 Reference value :  1.39037e-06
 Reference value :  1.39157e-06
 Reference value :  1.39292e-06
 Reference value :  1.39427e-06
 Reference value :  1.39557e-06
 Reference value :  1.39682e-06
 Reference value :  1.39807e-06
 Reference value :  1.39932e-06
 Reference value :  1.40047e-06
 Reference value :  1.40157e-06
 Reference value :  1.40282e-06
 Reference value :  1.40397e-06
 Reference value :  1.40517e-06
 Reference value :  1.40642e-06
 Reference value :  1.40782e-06
 Reference value :  1.40917e-06
 Reference value :  1.41047e-06
 Reference value :  1.41177e-06
 Reference value :  1.41317e-06
 Reference value :  1.41462e-06
 Reference value :  1.41607e-06
 Reference value :  1.41742e-06
 Reference value :  1.41882e-06
 Reference value :  1.42012e-06
 Reference value :  1.42142e-06
 Reference value :  1.42282e-06
 Reference value :  1.42422e-06
 Reference value :  1.42562e-06
 Reference value :  1.42707e-06
 Reference value :  1.42837e-06
 Reference value :  1.42982e-06
 Reference value :  1.43107e-06
 Reference value :  1.43262e-06
 Reference value :  1.43397e-06
 Reference value :  1.43542e-06
 Reference value :  1.43682e-06
 Reference value :  1.43817e-06
 Reference value :  1.43967e-06
 Reference value :  1.44096e-06
 Reference value :  1.44227e-06
 Reference value :  1.44367e-06
 Reference value :  1.44502e-06
 Reference value :  1.44637e-06
 Reference value :  1.44777e-06
 Reference value :  1.44912e-06
 Reference value :  1.45047e-06
 Reference value :  1.45182e-06
 Reference value :  1.45322e-06
 Reference value :  1.45462e-06
 Reference value :  1.45602e-06
 Reference value :  1.45742e-06
 Reference value :  1.45877e-06
 Reference value :  1.46007e-06
 Reference value :  1.46147e-06
 Reference value :  1.46287e-06
 Reference value :  1.46427e-06
 Reference value :  1.46567e-06
 Reference value :  1.46707e-06
 Reference value :  1.46847e-06
 Reference value :  1.46992e-06
 Reference value :  1.47112e-06
 Reference value :  1.47252e-06
 Reference value :  1.47387e-06
 Reference value :  1.47527e-06
 Reference value :  1.47662e-06
 Reference value :  1.47797e-06
 Reference value :  1.47942e-06
 Reference value :  1.48072e-06
 Reference value :  1.48207e-06
 Reference value :  1.48352e-06
 Reference value :  1.48497e-06
 Reference value :  1.48637e-06
 Reference value :  1.48782e-06
 Reference value :  1.48917e-06
 Reference value :  1.49042e-06
 Reference value :  1.49167e-06
 Reference value :  1.49327e-06
 Reference value :  1.49467e-06
 Reference value :  1.49607e-06
 Reference value :  1.49747e-06
 Reference value :  1.49892e-06
 Reference value :  1.50022e-06
 Reference value :  1.50147e-06
 Reference value :  1.50297e-06
 Reference value :  1.50422e-06
 Reference value :  1.50542e-06
 Reference value :  1.50667e-06
 Reference value :  1.50792e-06
 Reference value :  1.50917e-06
 Reference value :  1.51027e-06
 Reference value :  1.51142e-06
 Reference value :  1.51262e-06
 Reference value :  1.51392e-06
 Reference value :  1.51522e-06
 Reference value :  1.51647e-06
 Reference value :  1.51772e-06
 Reference value :  1.51907e-06
 Reference value :  1.52032e-06
 Reference value :  1.52167e-06
 Reference value :  1.52307e-06
 Reference value :  1.52452e-06
 Reference value :  1.52587e-06
 Reference value :  1.52732e-06
 Reference value :  1.52872e-06
 Reference value :  1.53003e-06
 Reference value :  1.53132e-06
 Reference value :  1.53277e-06
 Reference value :  1.53422e-06
 Reference value :  1.53562e-06
 Reference value :  1.53697e-06
 Reference value :  1.53837e-06
 Reference value :  1.53977e-06
 Reference value :  1.54101e-06
 Reference value :  1.54222e-06
 Reference value :  1.54347e-06
 Reference value :  1.54477e-06
 Reference value :  1.54602e-06
 Reference value :  1.54727e-06
 Reference value :  1.54872e-06
 Reference value :  1.55001e-06
 Reference value :  1.55137e-06
 Reference value :  1.55287e-06
 Reference value :  1.55422e-06
 Reference value :  1.55562e-06
 Reference value :  1.55707e-06
 Reference value :  1.55847e-06
 Reference value :  1.55992e-06
 Reference value :  1.56113e-06
 Reference value :  1.56252e-06
 Reference value :  1.56397e-06
 Reference value :  1.56537e-06
 Reference value :  1.56677e-06
 Reference value :  1.56812e-06
 Reference value :  1.56952e-06
 Reference value :  1.57082e-06
 Reference value :  1.57212e-06
 Reference value :  1.57352e-06
 Reference value :  1.57492e-06
 Reference value :  1.57632e-06
 Reference value :  1.57782e-06
 Reference value :  1.57932e-06
 Reference value :  1.58052e-06
 Reference value :  1.58177e-06
 Reference value :  1.58317e-06
 Reference value :  1.58457e-06
 Reference value :  1.58597e-06
 Reference value :  1.58737e-06
 Reference value :  1.58897e-06
 Reference value :  1.59022e-06
 Reference value :  1.59147e-06
 Reference value :  1.59287e-06
 Reference value :  1.59427e-06
 Reference value :  1.59562e-06
 Reference value :  1.59702e-06
 Reference value :  1.59837e-06
 Reference value :  1.59972e-06
 Reference value :  1.60100e-06
 Reference value :  1.60227e-06
 Reference value :  1.60367e-06
 Reference value :  1.60507e-06
 Reference value :  1.60647e-06
 Reference value :  1.60787e-06
 Reference value :  1.60937e-06
 Reference value :  1.61067e-06
 Reference value :  1.61232e-06
 Reference value :  1.61377e-06
 Reference value :  1.61527e-06
 Reference value :  1.61677e-06
 Reference value :  1.61817e-06
 Reference value :  1.61957e-06
 Reference value :  1.62072e-06
 Reference value :  1.62177e-06
 Reference value :  1.62307e-06
 Reference value :  1.62437e-06
 Reference value :  1.62562e-06
 Reference value :  1.62692e-06
 Reference value :  1.62822e-06
 Reference value :  1.62952e-06
 Reference value :  1.63057e-06
 Reference value :  1.63162e-06
 Reference value :  1.63282e-06
 Reference value :  1.63402e-06
 Reference value :  1.63517e-06
 Reference value :  1.63637e-06
 Reference value :  1.63752e-06
 Reference value :  1.63872e-06
 Reference value :  1.63992e-06
 Reference value :  1.64096e-06
 Reference value :  1.64207e-06
 Reference value :  1.64337e-06
 Reference value :  1.64467e-06
 Reference value :  1.64597e-06
 Reference value :  1.64727e-06
 Reference value :  1.64852e-06
 Reference value :  1.64972e-06
 Reference value :  1.65077e-06
 Reference value :  1.65197e-06
 Reference value :  1.65327e-06
 Reference value :  1.65467e-06
 Reference value :  1.65612e-06
 Reference value :  1.65752e-06
 Reference value :  1.65902e-06
 Reference value :  1.66027e-06
 Reference value :  1.66152e-06
 Reference value :  1.66292e-06
 Reference value :  1.66432e-06
 Reference value :  1.66567e-06
 Reference value :  1.66702e-06
 Reference value :  1.66827e-06
 Reference value :  1.66947e-06
 Reference value :  1.67052e-06
 Reference value :  1.67162e-06
 Reference value :  1.67287e-06
 Reference value :  1.67412e-06
 Reference value :  1.67537e-06
 Reference value :  1.67657e-06
 Reference value :  1.67782e-06
 Reference value :  1.67907e-06
 Reference value :  1.68012e-06
 Reference value :  1.68122e-06
 Reference value :  1.68247e-06
 Reference value :  1.68372e-06
 Reference value :  1.68497e-06
 Reference value :  1.68622e-06
 Reference value :  1.68752e-06
 Reference value :  1.68872e-06
 Reference value :  1.68987e-06
 Reference value :  1.69100e-06
 Reference value :  1.69207e-06
 Reference value :  1.69327e-06
 Reference value :  1.69447e-06
 Reference value :  1.69572e-06
 Reference value :  1.69692e-06
 Reference value :  1.69817e-06
 Reference value :  1.69937e-06
 Reference value :  1.70052e-06
 Reference value :  1.70162e-06
 Reference value :  1.70292e-06
 Reference value :  1.70417e-06
 Reference value :  1.70547e-06
 Reference value :  1.70672e-06
 Reference value :  1.70802e-06
 Reference value :  1.70922e-06
 Reference value :  1.71037e-06
 Reference value :  1.71152e-06
 Reference value :  1.71282e-06
 Reference value :  1.71407e-06
 Reference value :  1.71532e-06
 Reference value :  1.71662e-06
 Reference value :  1.71787e-06
 Reference value :  1.71912e-06
 Reference value :  1.72017e-06
 Reference value :  1.72127e-06
 Reference value :  1.72247e-06
 Reference value :  1.72372e-06
 Reference value :  1.72502e-06
 Reference value :  1.72632e-06
 Reference value :  1.72762e-06
 Reference value :  1.72892e-06
 Reference value :  1.73007e-06
 Reference value :  1.73112e-06
 Reference value :  1.73232e-06
 Reference value :  1.73357e-06
 Reference value :  1.73477e-06
 Reference value :  1.73602e-06
 Reference value :  1.73722e-06
 Reference value :  1.73847e-06
 Reference value :  1.73972e-06
 Reference value :  1.74087e-06
 Reference value :  1.74207e-06
 Reference value :  1.74337e-06
 Reference value :  1.74462e-06
 Reference value :  1.74592e-06
 Reference value :  1.74722e-06
 Reference value :  1.74852e-06
 Reference value :  1.74977e-06
 Reference value :  1.75092e-06
 Reference value :  1.75207e-06
 Reference value :  1.75337e-06
 Reference value :  1.75467e-06
 Reference value :  1.75592e-06
 Reference value :  1.75722e-06
 Reference value :  1.75847e-06
 Reference value :  1.75972e-06
 Reference value :  1.76087e-06
 Reference value :  1.76197e-06
 Reference value :  1.76317e-06
 Reference value :  1.76437e-06
 Reference value :  1.76562e-06
 Reference value :  1.76682e-06
 Reference value :  1.76807e-06
 Reference value :  1.76937e-06
 Reference value :  1.77057e-06
 Reference value :  1.77172e-06
 Reference value :  1.77297e-06
 Reference value :  1.77422e-06
 Reference value :  1.77552e-06
 Reference value :  1.77677e-06
 Reference value :  1.77807e-06
 Reference value :  1.77947e-06
 Reference value :  1.78087e-06
 Reference value :  1.78207e-06
 Reference value :  1.78332e-06
 Reference value :  1.78462e-06
 Reference value :  1.78587e-06
 Reference value :  1.78717e-06
 Reference value :  1.78847e-06
 Reference value :  1.78967e-06
 Reference value :  1.79082e-06
 Reference value :  1.79197e-06
 Reference value :  1.79327e-06
 Reference value :  1.79457e-06
 Reference value :  1.79582e-06
 Reference value :  1.79712e-06
 Reference value :  1.79842e-06
 Reference value :  1.79967e-06
 Reference value :  1.80087e-06
 Reference value :  1.80207e-06
 Reference value :  1.80337e-06
 Reference value :  1.80462e-06
 Reference value :  1.80587e-06
 Reference value :  1.80717e-06
 Reference value :  1.80842e-06
 Reference value :  1.80972e-06
 Reference value :  1.81087e-06
 Reference value :  1.81202e-06
 Reference value :  1.81327e-06
 Reference value :  1.81452e-06
 Reference value :  1.81582e-06
 Reference value :  1.81707e-06
 Reference value :  1.81832e-06
 Reference value :  1.81957e-06
 Reference value :  1.82072e-06
 Reference value :  1.82187e-06
 Reference value :  1.82307e-06
 Reference value :  1.82432e-06
 Reference value :  1.82557e-06
 Reference value :  1.82682e-06
 Reference value :  1.82812e-06
 Reference value :  1.82937e-06
 Reference value :  1.83052e-06
 Reference value :  1.83167e-06
 Reference value :  1.83297e-06
 Reference value :  1.83427e-06
 Reference value :  1.83552e-06
 Reference value :  1.83682e-06
 Reference value :  1.83807e-06
 Reference value :  1.83937e-06
 Reference value :  1.84047e-06
 Reference value :  1.84157e-06
 Reference value :  1.84282e-06
 Reference value :  1.84407e-06
 Reference value :  1.84532e-06
 Reference value :  1.84647e-06
 Reference value :  1.84767e-06
 Reference value :  1.84887e-06
 Reference value :  1.85000e-06
 Reference value :  1.85103e-06
 Reference value :  1.85227e-06
 Reference value :  1.85352e-06
 Reference value :  1.85472e-06
 Reference value :  1.85597e-06
 Reference value :  1.85722e-06
 Reference value :  1.85847e-06
 Reference value :  1.85977e-06
 Reference value :  1.86096e-06
 Reference value :  1.86207e-06
 Reference value :  1.86327e-06
 Reference value :  1.86447e-06
 Reference value :  1.86567e-06
 Reference value :  1.86692e-06
 Reference value :  1.86812e-06
 Reference value :  1.86937e-06
 Reference value :  1.87057e-06
 Reference value :  1.87172e-06
 Reference value :  1.87292e-06
 Reference value :  1.87417e-06
 Reference value :  1.87537e-06
 Reference value :  1.87662e-06
 Reference value :  1.87782e-06
 Reference value :  1.87912e-06
 Reference value :  1.88022e-06
 Reference value :  1.88132e-06
 Reference value :  1.88257e-06
 Reference value :  1.88377e-06
 Reference value :  1.88502e-06
 Reference value :  1.88627e-06
 Reference value :  1.88752e-06
 Reference value :  1.88867e-06
 Reference value :  1.88992e-06
 Reference value :  1.89100e-06
 Reference value :  1.89222e-06
 Reference value :  1.89352e-06
 Reference value :  1.89482e-06
 Reference value :  1.89607e-06
 Reference value :  1.89737e-06
 Reference value :  1.89862e-06
 Reference value :  1.89992e-06
 Reference value :  1.90102e-06
 Reference value :  1.90227e-06
 Reference value :  1.90352e-06
 Reference value :  1.90477e-06
 Reference value :  1.90607e-06
 Reference value :  1.90737e-06
 Reference value :  1.90862e-06
 Reference value :  1.90992e-06
 Reference value :  1.91101e-06
 Reference value :  1.91228e-06
 Reference value :  1.91353e-06
 Reference value :  1.91483e-06
 Reference value :  1.91608e-06
 Reference value :  1.91733e-06
 Reference value :  1.91858e-06
 Reference value :  1.91983e-06
 Reference value :  1.92096e-06
 Reference value :  1.92223e-06
 Reference value :  1.92363e-06
 Reference value :  1.92503e-06
 Reference value :  1.92643e-06
 Reference value :  1.92778e-06
 Reference value :  1.92923e-06
 Reference value :  1.93053e-06
 Reference value :  1.93183e-06
 Reference value :  1.93323e-06
 Reference value :  1.93488e-06
 Reference value :  1.93633e-06
 Reference value :  1.93793e-06
 Reference value :  1.93943e-06
 Reference value :  1.94063e-06
 Reference value :  1.94178e-06
 Reference value :  1.94293e-06
 Reference value :  1.94413e-06
 Reference value :  1.94553e-06
 Reference value :  1.94693e-06
 Reference value :  1.94838e-06
 Reference value :  1.94978e-06
 Reference value :  1.95100e-06
 Reference value :  1.95238e-06
 Reference value :  1.95378e-06
 Reference value :  1.95518e-06
 Reference value :  1.95653e-06
 Reference value :  1.95778e-06
 Reference value :  1.95908e-06
 Reference value :  1.96017e-06
 Reference value :  1.96133e-06
 Reference value :  1.96263e-06
 Reference value :  1.96388e-06
 Reference value :  1.96518e-06
 Reference value :  1.96643e-06
 Reference value :  1.96768e-06
 Reference value :  1.96898e-06
 Reference value :  1.97012e-06
 Reference value :  1.97122e-06
 Reference value :  1.97243e-06
 Reference value :  1.97363e-06
 Reference value :  1.97488e-06
 Reference value :  1.97613e-06
 Reference value :  1.97733e-06
 Reference value :  1.97858e-06
 Reference value :  1.97983e-06
 Reference value :  1.98088e-06
 Reference value :  1.98203e-06
 Reference value :  1.98323e-06
 Reference value :  1.98448e-06
 Reference value :  1.98573e-06
 Reference value :  1.98688e-06
 Reference value :  1.98808e-06
 Reference value :  1.98933e-06
 Reference value :  1.99038e-06
 Reference value :  1.99143e-06
 Reference value :  1.99268e-06
 Reference value :  1.99388e-06
 Reference value :  1.99508e-06
 Reference value :  1.99633e-06
 Reference value :  1.99753e-06
 Reference value :  1.99873e-06
 Reference value :  1.99988e-06
 Reference value :  2.00093e-06
 Reference value :  2.00203e-06
 Reference value :  2.00328e-06
 Reference value :  2.00448e-06
 Reference value :  2.00573e-06
 Reference value :  2.00703e-06
 Reference value :  2.00828e-06
 Reference value :  2.00958e-06
 Reference value :  2.01078e-06
 Reference value :  2.01203e-06
 Reference value :  2.01328e-06
 Reference value :  2.01448e-06
 Reference value :  2.01568e-06
 Reference value :  2.01693e-06
 Reference value :  2.01813e-06
 Reference value :  2.01938e-06
 Reference value :  2.02048e-06
 Reference value :  2.02158e-06
 Reference value :  2.02278e-06
 Reference value :  2.02408e-06
 Reference value :  2.02538e-06
 Reference value :  2.02663e-06
 Reference value :  2.02788e-06
 Reference value :  2.02908e-06
 Reference value :  2.03018e-06
 Reference value :  2.03128e-06
 Reference value :  2.03248e-06
 Reference value :  2.03373e-06
 Reference value :  2.03488e-06
 Reference value :  2.03623e-06
 Reference value :  2.03758e-06
 Reference value :  2.03898e-06
 Reference value :  2.04023e-06
 Reference value :  2.04153e-06
 Reference value :  2.04293e-06
 Reference value :  2.04433e-06
 Reference value :  2.04573e-06
 Reference value :  2.04718e-06
 Reference value :  2.04853e-06
 Reference value :  2.04988e-06
 Reference value :  2.05103e-06
 Reference value :  2.05243e-06
 Reference value :  2.05383e-06
 Reference value :  2.05523e-06
 Reference value :  2.05663e-06
 Reference value :  2.05808e-06
 Reference value :  2.05948e-06
 Reference value :  2.06073e-06
 Reference value :  2.06203e-06
 Reference value :  2.06348e-06
 Reference value :  2.06488e-06
 Reference value :  2.06628e-06
 Reference value :  2.06768e-06
 Reference value :  2.06913e-06
 Reference value :  2.07053e-06
 Reference value :  2.07178e-06
 Reference value :  2.07313e-06
 Reference value :  2.07458e-06
 Reference value :  2.07603e-06
 Reference value :  2.07743e-06
 Reference value :  2.07883e-06
 Reference value :  2.08007e-06
 Reference value :  2.08133e-06
 Reference value :  2.08278e-06
 Reference value :  2.08418e-06
 Reference value :  2.08563e-06
 Reference value :  2.08698e-06
 Reference value :  2.08833e-06
 Reference value :  2.08968e-06
 Reference value :  2.09093e-06
 Reference value :  2.09213e-06
 Reference value :  2.09353e-06
 Reference value :  2.09493e-06
 Reference value :  2.09628e-06
 Reference value :  2.09768e-06
 Reference value :  2.09908e-06
 Reference value :  2.10027e-06
 Reference value :  2.10153e-06
 Reference value :  2.10288e-06
 Reference value :  2.10428e-06
 Reference value :  2.10568e-06
 Reference value :  2.10703e-06
 Reference value :  2.10838e-06
 Reference value :  2.10973e-06
 Reference value :  2.11096e-06
 Reference value :  2.11223e-06
 Reference value :  2.11363e-06
 Reference value :  2.11483e-06
 Reference value :  2.11608e-06
 Reference value :  2.11738e-06
 Reference value :  2.11878e-06
 Reference value :  2.12001e-06
 Reference value :  2.12123e-06
 Reference value :  2.12263e-06
 Reference value :  2.12413e-06
 Reference value :  2.12553e-06
 Reference value :  2.12693e-06
 Reference value :  2.12833e-06
 Reference value :  2.12973e-06
 Reference value :  2.13096e-06
 Reference value :  2.13223e-06
 Reference value :  2.13363e-06
 Reference value :  2.13498e-06
 Reference value :  2.13633e-06
 Reference value :  2.13773e-06
 Reference value :  2.13908e-06
 Reference value :  2.14038e-06
 Reference value :  2.14163e-06
 Reference value :  2.14303e-06
 Reference value :  2.14443e-06
 Reference value :  2.14578e-06
 Reference value :  2.14713e-06
 Reference value :  2.14848e-06
 Reference value :  2.14983e-06
 Reference value :  2.15101e-06
 Reference value :  2.15233e-06
 Reference value :  2.15368e-06
 Reference value :  2.15498e-06
 Reference value :  2.15638e-06
 Reference value :  2.15773e-06
 Reference value :  2.15903e-06
 Reference value :  2.16012e-06
 Reference value :  2.16118e-06
 Reference value :  2.16238e-06
 Reference value :  2.16368e-06
 Reference value :  2.16518e-06
 Reference value :  2.16653e-06
 Reference value :  2.16788e-06
 Reference value :  2.16933e-06
 Reference value :  2.17073e-06
 Reference value :  2.17198e-06
 Reference value :  2.17333e-06
 Reference value :  2.17463e-06
 Reference value :  2.17598e-06
 Reference value :  2.17738e-06
 Reference value :  2.17863e-06
 Reference value :  2.17988e-06
 Reference value :  2.18093e-06
 Reference value :  2.18193e-06
 Reference value :  2.18313e-06
 Reference value :  2.18433e-06
 Reference value :  2.18553e-06
 Reference value :  2.18673e-06
 Reference value :  2.18793e-06
 Reference value :  2.18908e-06
 Reference value :  2.19017e-06
 Reference value :  2.19128e-06
 Reference value :  2.19248e-06
 Reference value :  2.19368e-06
 Reference value :  2.19488e-06
 Reference value :  2.19613e-06
 Reference value :  2.19733e-06
 Reference value :  2.19853e-06
 Reference value :  2.19973e-06
 Reference value :  2.20078e-06
 Reference value :  2.20188e-06
 Reference value :  2.20308e-06
 Reference value :  2.20428e-06
 Reference value :  2.20548e-06
 Reference value :  2.20668e-06
 Reference value :  2.20788e-06
 Reference value :  2.20908e-06
 Reference value :  2.21012e-06
 Reference value :  2.21118e-06
 Reference value :  2.21238e-06
 Reference value :  2.21358e-06
 Reference value :  2.21478e-06
 Reference value :  2.21593e-06
 Reference value :  2.21713e-06
 Reference value :  2.21833e-06
 Reference value :  2.21953e-06
 Reference value :  2.22058e-06
 Reference value :  2.22168e-06
 Reference value :  2.22288e-06
 Reference value :  2.22403e-06
 Reference value :  2.22523e-06
 Reference value :  2.22638e-06
 Reference value :  2.22763e-06
 Reference value :  2.22878e-06
 Reference value :  2.22996e-06
 Reference value :  2.23100e-06
 Reference value :  2.23218e-06
 Reference value :  2.23338e-06
 Reference value :  2.23463e-06
 Reference value :  2.23588e-06
 Reference value :  2.23708e-06
 Reference value :  2.23833e-06
 Reference value :  2.23958e-06
 Reference value :  2.24068e-06
 Reference value :  2.24173e-06
 Reference value :  2.24298e-06
 Reference value :  2.24418e-06
 Reference value :  2.24538e-06
 Reference value :  2.24658e-06
 Reference value :  2.24778e-06
 Reference value :  2.24908e-06
 Reference value :  2.25023e-06
 Reference value :  2.25138e-06
 Reference value :  2.25278e-06
 Reference value :  2.25418e-06
 Reference value :  2.25553e-06
 Reference value :  2.25698e-06
 Reference value :  2.25823e-06
 Reference value :  2.25953e-06
 Reference value :  2.26068e-06
 Reference value :  2.26183e-06
 Reference value :  2.26313e-06
 Reference value :  2.26438e-06
 Reference value :  2.26568e-06
 Reference value :  2.26693e-06
 Reference value :  2.26818e-06
 Reference value :  2.26938e-06
 Reference value :  2.27048e-06
 Reference value :  2.27153e-06
 Reference value :  2.27273e-06
 Reference value :  2.27393e-06
 Reference value :  2.27513e-06
 Reference value :  2.27633e-06
 Reference value :  2.27758e-06
 Reference value :  2.27878e-06
 Reference value :  2.28000e-06
 Reference value :  2.28113e-06
 Reference value :  2.28243e-06
 Reference value :  2.28368e-06
 Reference value :  2.28498e-06
 Reference value :  2.28623e-06
 Reference value :  2.28743e-06
 Reference value :  2.28873e-06
 Reference value :  2.29000e-06
 Reference value :  2.29101e-06
 Reference value :  2.29228e-06
 Reference value :  2.29358e-06
 Reference value :  2.29488e-06
 Reference value :  2.29618e-06
 Reference value :  2.29748e-06
 Reference value :  2.29873e-06
 Reference value :  2.30000e-06
 Reference value :  2.30103e-06
 Reference value :  2.30233e-06
 Reference value :  2.30368e-06
 Reference value :  2.30503e-06
 Reference value :  2.30638e-06
 Reference value :  2.30773e-06
 Reference value :  2.30908e-06
 Reference value :  2.31038e-06
 Reference value :  2.31168e-06
 Reference value :  2.31308e-06
 Reference value :  2.31448e-06
 Reference value :  2.31588e-06
 Reference value :  2.31733e-06
 Reference value :  2.31873e-06
 Reference value :  2.32003e-06
 Reference value :  2.32128e-06
 Reference value :  2.32268e-06
 Reference value :  2.32408e-06
 Reference value :  2.32548e-06
 Reference value :  2.32688e-06
 Reference value :  2.32823e-06
 Reference value :  2.32958e-06
 Reference value :  2.33083e-06
 Reference value :  2.33198e-06
 Reference value :  2.33333e-06
 Reference value :  2.33473e-06
 Reference value :  2.33608e-06
 Reference value :  2.33748e-06
 Reference value :  2.33888e-06
 Reference value :  2.34012e-06
 Reference value :  2.34143e-06
 Reference value :  2.34283e-06
 Reference value :  2.34428e-06
 Reference value :  2.34568e-06
 Reference value :  2.34708e-06
 Reference value :  2.34838e-06
 Reference value :  2.34978e-06
 Reference value :  2.35096e-06
 Reference value :  2.35223e-06
 Reference value :  2.35363e-06
 Reference value :  2.35503e-06
 Reference value :  2.35643e-06
 Reference value :  2.35778e-06
 Reference value :  2.35918e-06
 Reference value :  2.36038e-06
 Reference value :  2.36163e-06
 Reference value :  2.36303e-06
 Reference value :  2.36443e-06
 Reference value :  2.36578e-06
 Reference value :  2.36703e-06
 Reference value :  2.36838e-06
 Reference value :  2.36973e-06
 Reference value :  2.37100e-06
 Reference value :  2.37233e-06
 Reference value :  2.37368e-06
 Reference value :  2.37513e-06
 Reference value :  2.37653e-06
 Reference value :  2.37793e-06
 Reference value :  2.37938e-06
 Reference value :  2.38058e-06
 Reference value :  2.38183e-06
 Reference value :  2.38323e-06
 Reference value :  2.38468e-06
 Reference value :  2.38613e-06
 Reference value :  2.38753e-06
 Reference value :  2.38898e-06
 Reference value :  2.39023e-06
 Reference value :  2.39153e-06
 Reference value :  2.39293e-06
 Reference value :  2.39433e-06
 Reference value :  2.39578e-06
 Reference value :  2.39728e-06
 Reference value :  2.39873e-06
 Reference value :  2.40001e-06
 Reference value :  2.40123e-06
 Reference value :  2.40263e-06
 Reference value :  2.40408e-06
 Reference value :  2.40553e-06
 Reference value :  2.40693e-06
 Reference value :  2.40833e-06
 Reference value :  2.40973e-06
 Reference value :  2.41100e-06
 Reference value :  2.41233e-06
 Reference value :  2.41373e-06
 Reference value :  2.41503e-06
 Reference value :  2.41643e-06
 Reference value :  2.41778e-06
 Reference value :  2.41923e-06
 Reference value :  2.42048e-06
 Reference value :  2.42178e-06
 Reference value :  2.42318e-06
 Reference value :  2.42458e-06
 Reference value :  2.42603e-06
 Reference value :  2.42748e-06
 Reference value :  2.42883e-06
 Reference value :  2.43012e-06
 Reference value :  2.43143e-06
 Reference value :  2.43283e-06
 Reference value :  2.43423e-06
 Reference value :  2.43553e-06
 Reference value :  2.43683e-06
 Reference value :  2.43823e-06
 Reference value :  2.43958e-06
 Reference value :  2.44083e-06
 Reference value :  2.44203e-06
 Reference value :  2.44343e-06
 Reference value :  2.44478e-06
 Reference value :  2.44613e-06
 Reference value :  2.44748e-06
 Reference value :  2.44888e-06
 Reference value :  2.45007e-06
 Reference value :  2.45133e-06
 Reference value :  2.45273e-06
 Reference value :  2.45413e-06
 Reference value :  2.45543e-06
 Reference value :  2.45683e-06
 Reference value :  2.45818e-06
 Reference value :  2.45958e-06
 Reference value :  2.46088e-06
 Reference value :  2.46213e-06
 Reference value :  2.46353e-06
 Reference value :  2.46493e-06
 Reference value :  2.46633e-06
 Reference value :  2.46773e-06
 Reference value :  2.46933e-06
 Reference value :  2.47063e-06
 Reference value :  2.47188e-06
 Reference value :  2.47328e-06
 Reference value :  2.47468e-06
 Reference value :  2.47613e-06
 Reference value :  2.47753e-06
 Reference value :  2.47893e-06
 Reference value :  2.48028e-06
 Reference value :  2.48168e-06
 Reference value :  2.48308e-06
 Reference value :  2.48453e-06
 Reference value :  2.48593e-06
 Reference value :  2.48733e-06
 Reference value :  2.48873e-06
 Reference value :  2.49000e-06
 Reference value :  2.49117e-06
 Reference value :  2.49258e-06
 Reference value :  2.49413e-06
 Reference value :  2.49563e-06
 Reference value :  2.49698e-06
 Reference value :  2.49838e-06
 Reference value :  2.49968e-06
 Reference value :  2.50096e-06
 Reference value :  2.50228e-06
 Reference value :  2.50373e-06
 Reference value :  2.50518e-06
 Reference value :  2.50668e-06
 Reference value :  2.50813e-06
 Reference value :  2.50953e-06
 Reference value :  2.51078e-06
 Reference value :  2.51208e-06
 Reference value :  2.51353e-06
 Reference value :  2.51493e-06
 Reference value :  2.51633e-06
 Reference value :  2.51778e-06
 Reference value :  2.51918e-06
 Reference value :  2.52048e-06
 Reference value :  2.52178e-06
 Reference value :  2.52323e-06
 Reference value :  2.52463e-06
 Reference value :  2.52608e-06
 Reference value :  2.52748e-06
 Reference value :  2.52888e-06
 Reference value :  2.53012e-06
 Reference value :  2.53138e-06
 Reference value :  2.53278e-06
 Reference value :  2.53413e-06
 Reference value :  2.53548e-06
 Reference value :  2.53688e-06
 Reference value :  2.53823e-06
 Reference value :  2.53958e-06
 Reference value :  2.54083e-06
 Reference value :  2.54208e-06
 Reference value :  2.54348e-06
 Reference value :  2.54488e-06
 Reference value :  2.54628e-06
 Reference value :  2.54768e-06
 Reference value :  2.54903e-06
 Reference value :  2.55033e-06
 Reference value :  2.55163e-06
 Reference value :  2.55308e-06
 Reference value :  2.55448e-06
 Reference value :  2.55593e-06
 Reference value :  2.55753e-06
 Reference value :  2.55893e-06
 Reference value :  2.56023e-06
 Reference value :  2.56153e-06
 Reference value :  2.56298e-06
 Reference value :  2.56438e-06
 Reference value :  2.56568e-06
 Reference value :  2.56693e-06
 Reference value :  2.56823e-06
 Reference value :  2.56948e-06
 Reference value :  2.57063e-06
 Reference value :  2.57178e-06
 Reference value :  2.57318e-06
 Reference value :  2.57458e-06
 Reference value :  2.57588e-06
 Reference value :  2.57718e-06
 Reference value :  2.57843e-06
 Reference value :  2.57973e-06
 Reference value :  2.58093e-06
 Reference value :  2.58203e-06
 Reference value :  2.58323e-06
 Reference value :  2.58443e-06
 Reference value :  2.58563e-06
 Reference value :  2.58688e-06
 Reference value :  2.58808e-06
 Reference value :  2.58933e-06
 Reference value :  2.59053e-06
 Reference value :  2.59163e-06
 Reference value :  2.59293e-06
 Reference value :  2.59428e-06
 Reference value :  2.59573e-06
 Reference value :  2.59718e-06
 Reference value :  2.59858e-06
 Reference value :  2.60000e-06
 Reference value :  2.60123e-06
 Reference value :  2.60273e-06
 Reference value :  2.60423e-06
 Reference value :  2.60568e-06
 Reference value :  2.60713e-06
 Reference value :  2.60853e-06
 Reference value :  2.60996e-06
 Reference value :  2.61123e-06
 Reference value :  2.61273e-06
 Reference value :  2.61418e-06
 Reference value :  2.61563e-06
 Reference value :  2.61713e-06
 Reference value :  2.61863e-06
 Reference value :  2.62000e-06
 Reference value :  2.62128e-06
 Reference value :  2.62278e-06
 Reference value :  2.62423e-06
 Reference value :  2.62573e-06
 Reference value :  2.62723e-06
 Reference value :  2.62868e-06
 Reference value :  2.63003e-06
 Reference value :  2.63133e-06
 Reference value :  2.63278e-06
 Reference value :  2.63438e-06
 Reference value :  2.63583e-06
 Reference value :  2.63728e-06
 Reference value :  2.63873e-06
 Reference value :  2.64007e-06
 Reference value :  2.64143e-06
 Reference value :  2.64283e-06
 Reference value :  2.64428e-06
 Reference value :  2.64573e-06
 Reference value :  2.64713e-06
 Reference value :  2.64858e-06
 Reference value :  2.65000e-06
 Reference value :  2.65123e-06
 Reference value :  2.65273e-06
 Reference value :  2.65423e-06
 Reference value :  2.65618e-06
 Reference value :  2.65808e-06
 Reference value :  2.65978e-06
 Reference value :  2.66103e-06
 Reference value :  2.66268e-06
 Reference value :  2.66458e-06
 Reference value :  2.66613e-06
 Reference value :  2.66758e-06
 Reference value :  2.66943e-06
 Reference value :  2.67107e-06
 Reference value :  2.67258e-06
 Reference value :  2.67403e-06
 Reference value :  2.67603e-06
 Reference value :  2.67803e-06
 Reference value :  2.67988e-06
 Reference value :  2.68193e-06
 Reference value :  2.68393e-06
 Reference value :  2.68603e-06
 Reference value :  2.68818e-06
 Reference value :  2.69018e-06
 Reference value :  2.69223e-06
 Reference value :  2.69413e-06
 Reference value :  2.69548e-06
 Reference value :  2.69688e-06
 Reference value :  2.69818e-06
 Reference value :  2.69953e-06
 Reference value :  2.70073e-06
 Reference value :  2.70193e-06
 Reference value :  2.70328e-06
 Reference value :  2.70463e-06
 Reference value :  2.70598e-06
 Reference value :  2.70733e-06
 Reference value :  2.70863e-06
 Reference value :  2.70996e-06
 Reference value :  2.71107e-06
 Reference value :  2.71273e-06
 Reference value :  2.71483e-06
 Reference value :  2.71688e-06
 Reference value :  2.71883e-06
 Reference value :  2.72053e-06
 Reference value :  2.72233e-06
 Reference value :  2.72443e-06
 Reference value :  2.72658e-06
 Reference value :  2.72868e-06
 Reference value :  2.73073e-06
 Reference value :  2.73268e-06
 Reference value :  2.73473e-06
 Reference value :  2.73683e-06
 Reference value :  2.73888e-06
 Reference value :  2.74083e-06
 Reference value :  2.74268e-06
 Reference value :  2.74478e-06
 Reference value :  2.74683e-06
 Reference value :  2.74888e-06
 Reference value :  2.75088e-06
 Reference value :  2.75268e-06
 Reference value :  2.75483e-06
 Reference value :  2.75663e-06
 Reference value :  2.75873e-06
 Reference value :  2.76068e-06
 Reference value :  2.76258e-06
 Reference value :  2.76473e-06
 Reference value :  2.76688e-06
 Reference value :  2.76903e-06
 Reference value :  2.77096e-06
 Reference value :  2.77303e-06
 Reference value :  2.77523e-06
 Reference value :  2.77728e-06
 Reference value :  2.77943e-06
 Reference value :  2.78123e-06
 Reference value :  2.78338e-06
 Reference value :  2.78553e-06
 Reference value :  2.78743e-06
 Reference value :  2.78958e-06
 Reference value :  2.79143e-06
 Reference value :  2.79358e-06
 Reference value :  2.79573e-06
 Reference value :  2.79788e-06
 Reference value :  2.79993e-06
 Reference value :  2.80168e-06
 Reference value :  2.80378e-06
 Reference value :  2.80578e-06
 Reference value :  2.80778e-06
 Reference value :  2.80988e-06
 Reference value :  2.81158e-06
 Reference value :  2.81373e-06
 Reference value :  2.81573e-06
 Reference value :  2.81788e-06
 Reference value :  2.82000e-06
 Reference value :  2.82183e-06
 Reference value :  2.82398e-06
 Reference value :  2.82613e-06
 Reference value :  2.82813e-06
 Reference value :  2.83012e-06
 Reference value :  2.83223e-06
 Reference value :  2.83438e-06
 Reference value :  2.83658e-06
 Reference value :  2.83898e-06
 Reference value :  2.84101e-06
 Reference value :  2.84308e-06
 Reference value :  2.84473e-06
 Reference value :  2.84658e-06
 Reference value :  2.84843e-06
 Reference value :  2.85053e-06
 Reference value :  2.85233e-06
 Reference value :  2.85458e-06
 Reference value :  2.85683e-06
 Reference value :  2.85913e-06
 Reference value :  2.86118e-06
 Reference value :  2.86358e-06
 Reference value :  2.86588e-06
 Reference value :  2.86793e-06
 Reference value :  2.87001e-06
 Reference value :  2.87218e-06
 Reference value :  2.87458e-06
 Reference value :  2.87693e-06
 Reference value :  2.87928e-06
 Reference value :  2.88143e-06
 Reference value :  2.88378e-06
 Reference value :  2.88618e-06
 Reference value :  2.88853e-06
 Reference value :  2.89088e-06
 Reference value :  2.89308e-06
 Reference value :  2.89543e-06
 Reference value :  2.89773e-06
 Reference value :  2.89993e-06
 Reference value :  2.90188e-06
 Reference value :  2.90398e-06
 Reference value :  2.90638e-06
 Reference value :  2.90873e-06
 Reference value :  2.91053e-06
 Reference value :  2.91273e-06
 Reference value :  2.91483e-06
 Reference value :  2.91708e-06
 Reference value :  2.91933e-06
 Reference value :  2.92123e-06
 Reference value :  2.92353e-06
 Reference value :  2.92568e-06
 Reference value :  2.92793e-06
 Reference value :  2.93003e-06
 Reference value :  2.93203e-06
 Reference value :  2.93433e-06
 Reference value :  2.93613e-06
 Reference value :  2.93763e-06
 Reference value :  2.93923e-06
 Reference value :  2.94083e-06
 Reference value :  2.94223e-06
 Reference value :  2.94368e-06
 Reference value :  2.94523e-06
 Reference value :  2.94673e-06
 Reference value :  2.94818e-06
 Reference value :  2.94963e-06
 Reference value :  2.95100e-06
 Reference value :  2.95238e-06
 Reference value :  2.95383e-06
 Reference value :  2.95533e-06
 Reference value :  2.95678e-06
 Reference value :  2.95823e-06
 Reference value :  2.95973e-06
 Reference value :  2.96101e-06
 Reference value :  2.96248e-06
 Reference value :  2.96398e-06
 Reference value :  2.96548e-06
 Reference value :  2.96698e-06
 Reference value :  2.96843e-06
 Reference value :  2.96993e-06
 Reference value :  2.97117e-06
 Reference value :  2.97268e-06
 Reference value :  2.97413e-06
 Reference value :  2.97563e-06
 Reference value :  2.97713e-06
 Reference value :  2.97863e-06
 Reference value :  2.98038e-06
 Reference value :  2.98228e-06
 Reference value :  2.98413e-06
 Reference value :  2.98623e-06
 Reference value :  2.98823e-06
 Reference value :  2.99007e-06
 Reference value :  2.99193e-06
 Reference value :  2.99398e-06
 Reference value :  2.99603e-06
 Reference value :  2.99793e-06
 Reference value :  2.99996e-06
 Reference value :  3.00168e-06
 Reference value :  3.00398e-06
 Reference value :  3.00623e-06
 Reference value :  3.00818e-06
 Reference value :  3.01007e-06
 Reference value :  3.01208e-06
 Reference value :  3.01418e-06
 Reference value :  3.01618e-06
 Reference value :  3.01813e-06
 Reference value :  3.02000e-06
 Reference value :  3.02183e-06
 Reference value :  3.02388e-06
 Reference value :  3.02603e-06
 Reference value :  3.02818e-06
 Reference value :  3.03012e-06
 Reference value :  3.03148e-06
 Reference value :  3.03298e-06
 Reference value :  3.03448e-06
 Reference value :  3.03598e-06
 Reference value :  3.03758e-06
 Reference value :  3.03938e-06
 Reference value :  3.04113e-06
 Reference value :  3.04308e-06
 Reference value :  3.04518e-06
 Reference value :  3.04728e-06
 Reference value :  3.04908e-06
 Reference value :  3.05083e-06
 Reference value :  3.05263e-06
 Reference value :  3.05468e-06
 Reference value :  3.05668e-06
 Reference value :  3.05863e-06
 Reference value :  3.06058e-06
 Reference value :  3.06248e-06
 Reference value :  3.06443e-06
 Reference value :  3.06643e-06
 Reference value :  3.06843e-06
 Reference value :  3.07033e-06
 Reference value :  3.07218e-06
 Reference value :  3.07413e-06
 Reference value :  3.07603e-06
 Reference value :  3.07748e-06
 Reference value :  3.07903e-06
 Reference value :  3.08038e-06
 Reference value :  3.08173e-06
 Reference value :  3.08323e-06
 Reference value :  3.08468e-06
 Reference value :  3.08618e-06
 Reference value :  3.08768e-06
 Reference value :  3.08918e-06
 Reference value :  3.09058e-06
 Reference value :  3.09198e-06
 Reference value :  3.09343e-06
 Reference value :  3.09473e-06
 Reference value :  3.09608e-06
 Reference value :  3.09738e-06
 Reference value :  3.09868e-06
 Reference value :  3.10000e-06
 Reference value :  3.10112e-06
 Reference value :  3.10248e-06
 Reference value :  3.10378e-06
 Reference value :  3.10508e-06
 Reference value :  3.10638e-06
 Reference value :  3.10768e-06
 Reference value :  3.10903e-06
 Reference value :  3.11022e-06
 Reference value :  3.11143e-06
 Reference value :  3.11278e-06
 Reference value :  3.11413e-06
 Reference value :  3.11548e-06
 Reference value :  3.11683e-06
 Reference value :  3.11818e-06
 Reference value :  3.11953e-06
 Reference value :  3.12073e-06
 Reference value :  3.12193e-06
 Reference value :  3.12333e-06
 Reference value :  3.12468e-06
 Reference value :  3.12598e-06
 Reference value :  3.12733e-06
 Reference value :  3.12863e-06
 Reference value :  3.12996e-06
 Reference value :  3.13113e-06
 Reference value :  3.13243e-06
 Reference value :  3.13378e-06
 Reference value :  3.13513e-06
 Reference value :  3.13648e-06
 Reference value :  3.13783e-06
 Reference value :  3.13913e-06
 Reference value :  3.14038e-06
 Reference value :  3.14158e-06
 Reference value :  3.14283e-06
 Reference value :  3.14413e-06
 Reference value :  3.14553e-06
 Reference value :  3.14688e-06
 Reference value :  3.14823e-06
 Reference value :  3.14953e-06
 Reference value :  3.15073e-06
 Reference value :  3.15193e-06
 Reference value :  3.15323e-06
 Reference value :  3.15458e-06
 Reference value :  3.15588e-06
 Reference value :  3.15718e-06
 Reference value :  3.15853e-06
 Reference value :  3.15983e-06
 Reference value :  3.16100e-06
 Reference value :  3.16228e-06
 Reference value :  3.16363e-06
 Reference value :  3.16498e-06
 Reference value :  3.16628e-06
 Reference value :  3.16763e-06
 Reference value :  3.16888e-06
 Reference value :  3.17001e-06
 Reference value :  3.17104e-06
 Reference value :  3.17233e-06
 Reference value :  3.17373e-06
 Reference value :  3.17508e-06
 Reference value :  3.17643e-06
 Reference value :  3.17773e-06
 Reference value :  3.17903e-06
 Reference value :  3.18018e-06
 Reference value :  3.18138e-06
 Reference value :  3.18273e-06
 Reference value :  3.18408e-06
 Reference value :  3.18538e-06
 Reference value :  3.18673e-06
 Reference value :  3.18803e-06
 Reference value :  3.18933e-06
 Reference value :  3.19053e-06
 Reference value :  3.19178e-06
 Reference value :  3.19308e-06
 Reference value :  3.19443e-06
 Reference value :  3.19573e-06
 Reference value :  3.19708e-06
 Reference value :  3.19838e-06
 Reference value :  3.19968e-06
 Reference value :  3.20093e-06
 Reference value :  3.20213e-06
 Reference value :  3.20348e-06
 Reference value :  3.20483e-06
 Reference value :  3.20618e-06
 Reference value :  3.20748e-06
 Reference value :  3.20883e-06
 Reference value :  3.21001e-06
 Reference value :  3.21122e-06
 Reference value :  3.21258e-06
 Reference value :  3.21388e-06
 Reference value :  3.21523e-06
 Reference value :  3.21658e-06
 Reference value :  3.21798e-06
 Reference value :  3.21933e-06
 Reference value :  3.22048e-06
 Reference value :  3.22173e-06
 Reference value :  3.22303e-06
 Reference value :  3.22443e-06
 Reference value :  3.22578e-06
 Reference value :  3.22713e-06
 Reference value :  3.22853e-06
 Reference value :  3.22983e-06
 Reference value :  3.23100e-06
 Reference value :  3.23228e-06
 Reference value :  3.23368e-06
 Reference value :  3.23498e-06
 Reference value :  3.23633e-06
 Reference value :  3.23768e-06
 Reference value :  3.23903e-06
 Reference value :  3.24022e-06
 Reference value :  3.24143e-06
 Reference value :  3.24278e-06
 Reference value :  3.24408e-06
 Reference value :  3.24538e-06
 Reference value :  3.24678e-06
 Reference value :  3.24808e-06
 Reference value :  3.24943e-06
 Reference value :  3.25058e-06
 Reference value :  3.25178e-06
 Reference value :  3.25313e-06
 Reference value :  3.25443e-06
 Reference value :  3.25578e-06
 Reference value :  3.25708e-06
 Reference value :  3.25843e-06
 Reference value :  3.25978e-06
 Reference value :  3.26096e-06
 Reference value :  3.26213e-06
 Reference value :  3.26348e-06
 Reference value :  3.26483e-06
 Reference value :  3.26618e-06
 Reference value :  3.26748e-06
 Reference value :  3.26883e-06
 Reference value :  3.27007e-06
 Reference value :  3.27123e-06
 Reference value :  3.27253e-06
 Reference value :  3.27383e-06
 Reference value :  3.27513e-06
 Reference value :  3.27643e-06
 Reference value :  3.27773e-06
 Reference value :  3.27913e-06
 Reference value :  3.28028e-06
 Reference value :  3.28153e-06
 Reference value :  3.28288e-06
 Reference value :  3.28423e-06
 Reference value :  3.28563e-06
 Reference value :  3.28698e-06
 Reference value :  3.28838e-06
 Reference value :  3.28963e-06
 Reference value :  3.29088e-06
 Reference value :  3.29213e-06
 Reference value :  3.29348e-06
 Reference value :  3.29483e-06
 Reference value :  3.29613e-06
 Reference value :  3.29748e-06
 Reference value :  3.29878e-06
 Reference value :  3.30001e-06
 Reference value :  3.30123e-06
 Reference value :  3.30253e-06
 Reference value :  3.30393e-06
 Reference value :  3.30523e-06
 Reference value :  3.30658e-06
 Reference value :  3.30798e-06
 Reference value :  3.30928e-06
 Reference value :  3.31053e-06
 Reference value :  3.31173e-06
 Reference value :  3.31308e-06
 Reference value :  3.31438e-06
 Reference value :  3.31573e-06
 Reference value :  3.31708e-06
 Reference value :  3.31843e-06
 Reference value :  3.31978e-06
 Reference value :  3.32096e-06
 Reference value :  3.32223e-06
 Reference value :  3.32358e-06
 Reference value :  3.32488e-06
 Reference value :  3.32618e-06
 Reference value :  3.32748e-06
 Reference value :  3.32878e-06
 Reference value :  3.33000e-06
 Reference value :  3.33107e-06
 Reference value :  3.33243e-06
 Reference value :  3.33373e-06
 Reference value :  3.33508e-06
 Reference value :  3.33638e-06
 Reference value :  3.33773e-06
 Reference value :  3.33908e-06
 Reference value :  3.34027e-06
 Reference value :  3.34153e-06
 Reference value :  3.34288e-06
 Reference value :  3.34418e-06
 Reference value :  3.34553e-06
 Reference value :  3.34683e-06
 Reference value :  3.34823e-06
 Reference value :  3.34953e-06
 Reference value :  3.35078e-06
 Reference value :  3.35203e-06
 Reference value :  3.35333e-06
 Reference value :  3.35468e-06
 Reference value :  3.35603e-06
 Reference value :  3.35733e-06
 Reference value :  3.35868e-06
 Reference value :  3.35996e-06
 Reference value :  3.36107e-06
 Reference value :  3.36238e-06
 Reference value :  3.36373e-06
 Reference value :  3.36508e-06
 Reference value :  3.36638e-06
 Reference value :  3.36773e-06
 Reference value :  3.36903e-06
 Reference value :  3.37028e-06
 Reference value :  3.37143e-06
 Reference value :  3.37278e-06
 Reference value :  3.37408e-06
 Reference value :  3.37543e-06
 Reference value :  3.37673e-06
 Reference value :  3.37803e-06
 Reference value :  3.37938e-06
 Reference value :  3.38058e-06
 Reference value :  3.38173e-06
 Reference value :  3.38313e-06
 Reference value :  3.38443e-06
 Reference value :  3.38583e-06
 Reference value :  3.38718e-06
 Reference value :  3.38853e-06
 Reference value :  3.38983e-06
 Reference value :  3.39101e-06
 Reference value :  3.39228e-06
 Reference value :  3.39363e-06
 Reference value :  3.39498e-06
 Reference value :  3.39633e-06
 Reference value :  3.39768e-06
 Reference value :  3.39898e-06
 Reference value :  3.40018e-06
 Reference value :  3.40143e-06
 Reference value :  3.40283e-06
 Reference value :  3.40418e-06
 Reference value :  3.40553e-06
 Reference value :  3.40688e-06
 Reference value :  3.40818e-06
 Reference value :  3.40953e-06
 Reference value :  3.41073e-06
 Reference value :  3.41193e-06
 Reference value :  3.41328e-06
 Reference value :  3.41463e-06
 Reference value :  3.41598e-06
 Reference value :  3.41733e-06
 Reference value :  3.41868e-06
 Reference value :  3.42000e-06
 Reference value :  3.42112e-06
 Reference value :  3.42248e-06
 Reference value :  3.42388e-06
 Reference value :  3.42523e-06
 Reference value :  3.42653e-06
 Reference value :  3.42788e-06
 Reference value :  3.42913e-06
 Reference value :  3.43033e-06
 Reference value :  3.43158e-06
 Reference value :  3.43293e-06
 Reference value :  3.43428e-06
 Reference value :  3.43558e-06
 Reference value :  3.43688e-06
 Reference value :  3.43823e-06
 Reference value :  3.43953e-06
 Reference value :  3.44073e-06
 Reference value :  3.44193e-06
 Reference value :  3.44328e-06
 Reference value :  3.44463e-06
 Reference value :  3.44598e-06
 Reference value :  3.44733e-06
 Reference value :  3.44863e-06
 Reference value :  3.44996e-06
 Reference value :  3.45101e-06
 Reference value :  3.45233e-06
 Reference value :  3.45363e-06
 Reference value :  3.45498e-06
 Reference value :  3.45633e-06
 Reference value :  3.45768e-06
 Reference value :  3.45898e-06
 Reference value :  3.46017e-06
 Reference value :  3.46138e-06
 Reference value :  3.46268e-06
 Reference value :  3.46403e-06
 Reference value :  3.46543e-06
 Reference value :  3.46673e-06
 Reference value :  3.46813e-06
 Reference value :  3.46948e-06
 Reference value :  3.47073e-06
 Reference value :  3.47198e-06
 Reference value :  3.47333e-06
 Reference value :  3.47468e-06
 Reference value :  3.47603e-06
 Reference value :  3.47733e-06
 Reference value :  3.47868e-06
 Reference value :  3.47996e-06
 Reference value :  3.48107e-06
 Reference value :  3.48243e-06
 Reference value :  3.48378e-06
 Reference value :  3.48513e-06
 Reference value :  3.48648e-06
 Reference value :  3.48778e-06
 Reference value :  3.48913e-06
 Reference value :  3.49033e-06
 Reference value :  3.49158e-06
 Reference value :  3.49293e-06
 Reference value :  3.49418e-06
 Reference value :  3.49548e-06
 Reference value :  3.49678e-06
 Reference value :  3.49808e-06
 Reference value :  3.49943e-06
 Reference value :  3.50068e-06
 Reference value :  3.50188e-06
 Reference value :  3.50318e-06
 Reference value :  3.50448e-06
 Reference value :  3.50578e-06
 Reference value :  3.50713e-06
 Reference value :  3.50833e-06
 Reference value :  3.50958e-06
 Reference value :  3.51073e-06
 Reference value :  3.51198e-06
 Reference value :  3.51328e-06
 Reference value :  3.51463e-06
 Reference value :  3.51598e-06
 Reference value :  3.51728e-06
 Reference value :  3.51868e-06
 Reference value :  3.52000e-06
 Reference value :  3.52107e-06
 Reference value :  3.52243e-06
 Reference value :  3.52373e-06
 Reference value :  3.52508e-06
 Reference value :  3.52638e-06
 Reference value :  3.52768e-06
 Reference value :  3.52918e-06
 Reference value :  3.53058e-06
 Reference value :  3.53198e-06
 Reference value :  3.53353e-06
 Reference value :  3.53498e-06
 Reference value :  3.53653e-06
 Reference value :  3.53878e-06
 Reference value :  3.54073e-06
 Reference value :  3.54243e-06
 Reference value :  3.54438e-06
 Reference value :  3.54638e-06
 Reference value :  3.54833e-06
 Reference value :  3.54996e-06
 Reference value :  3.55158e-06
 Reference value :  3.55358e-06
 Reference value :  3.55553e-06
 Reference value :  3.55748e-06
 Reference value :  3.55938e-06
 Reference value :  3.56108e-06
 Reference value :  3.56298e-06
 Reference value :  3.56488e-06
 Reference value :  3.56683e-06
 Reference value :  3.56868e-06
 Reference value :  3.57068e-06
 Reference value :  3.57253e-06
 Reference value :  3.57448e-06
 Reference value :  3.57643e-06
 Reference value :  3.57833e-06
 Reference value :  3.58012e-06
 Reference value :  3.58203e-06
 Reference value :  3.58408e-06
 Reference value :  3.58608e-06
 Reference value :  3.58808e-06
 Reference value :  3.59001e-06
 Reference value :  3.59203e-06
 Reference value :  3.59418e-06
 Reference value :  3.59633e-06
 Reference value :  3.59823e-06
 Reference value :  3.60017e-06
 Reference value :  3.60198e-06
 Reference value :  3.60358e-06
 Reference value :  3.60568e-06
 Reference value :  3.60768e-06
 Reference value :  3.60973e-06
 Reference value :  3.61148e-06
 Reference value :  3.61298e-06
 Reference value :  3.61468e-06
 Reference value :  3.61623e-06
 Reference value :  3.61773e-06
 Reference value :  3.61928e-06
 Reference value :  3.62068e-06
 Reference value :  3.62208e-06
 Reference value :  3.62363e-06
 Reference value :  3.62518e-06
 Reference value :  3.62668e-06
 Reference value :  3.62823e-06
 Reference value :  3.62978e-06
 Reference value :  3.63101e-06
 Reference value :  3.63253e-06
 Reference value :  3.63408e-06
 Reference value :  3.63563e-06
 Reference value :  3.63713e-06
 Reference value :  3.63868e-06
 Reference value :  3.64003e-06
 Reference value :  3.64143e-06
 Reference value :  3.64298e-06
 Reference value :  3.64448e-06
 Reference value :  3.64598e-06
 Reference value :  3.64748e-06
 Reference value :  3.64898e-06
 Reference value :  3.65038e-06
 Reference value :  3.65178e-06
 Reference value :  3.65333e-06
 Reference value :  3.65483e-06
 Reference value :  3.65638e-06
 Reference value :  3.65788e-06
 Reference value :  3.65943e-06
 Reference value :  3.66083e-06
 Reference value :  3.66218e-06
 Reference value :  3.66368e-06
 Reference value :  3.66518e-06
 Reference value :  3.66668e-06
 Reference value :  3.66883e-06
 Reference value :  3.67063e-06
 Reference value :  3.67243e-06
 Reference value :  3.67448e-06
 Reference value :  3.67638e-06
 Reference value :  3.67808e-06
 Reference value :  3.67993e-06
 Reference value :  3.68173e-06
 Reference value :  3.68373e-06
 Reference value :  3.68573e-06
 Reference value :  3.68788e-06
 Reference value :  3.68983e-06
 Reference value :  3.69148e-06
 Reference value :  3.69348e-06
 Reference value :  3.69563e-06
 Reference value :  3.69773e-06
 Reference value :  3.69968e-06
 Reference value :  3.70143e-06
 Reference value :  3.70353e-06
 Reference value :  3.70568e-06
 Reference value :  3.70783e-06
 Reference value :  3.70978e-06
 Reference value :  3.71168e-06
 Reference value :  3.71368e-06
 Reference value :  3.71563e-06
 Reference value :  3.71758e-06
 Reference value :  3.71953e-06
 Reference value :  3.72143e-06
 Reference value :  3.72338e-06
 Reference value :  3.72548e-06
 Reference value :  3.72763e-06
 Reference value :  3.72948e-06
 Reference value :  3.73128e-06
 Reference value :  3.73333e-06
 Reference value :  3.73558e-06
 Reference value :  3.73773e-06
 Reference value :  3.73988e-06
 Reference value :  3.74188e-06
 Reference value :  3.74393e-06
 Reference value :  3.74623e-06
 Reference value :  3.74848e-06
 Reference value :  3.75063e-06
 Reference value :  3.75278e-06
 Reference value :  3.75468e-06
 Reference value :  3.75663e-06
 Reference value :  3.75863e-06
 Reference value :  3.76053e-06
 Reference value :  3.76258e-06
 Reference value :  3.76458e-06
 Reference value :  3.76668e-06
 Reference value :  3.76858e-06
 Reference value :  3.77033e-06
 Reference value :  3.77193e-06
 Reference value :  3.77363e-06
 Reference value :  3.77558e-06
 Reference value :  3.77743e-06
 Reference value :  3.77948e-06
 Reference value :  3.78128e-06
 Reference value :  3.78313e-06
 Reference value :  3.78518e-06
 Reference value :  3.78708e-06
 Reference value :  3.78898e-06
 Reference value :  3.79083e-06
 Reference value :  3.79283e-06
 Reference value :  3.79488e-06
 Reference value :  3.79673e-06
 Reference value :  3.79878e-06
 Reference value :  3.80068e-06
 Reference value :  3.80268e-06
 Reference value :  3.80468e-06
 Reference value :  3.80668e-06
 Reference value :  3.80853e-06
 Reference value :  3.81033e-06
 Reference value :  3.81253e-06
 Reference value :  3.81473e-06
 Reference value :  3.81673e-06
 Reference value :  3.81873e-06
 Reference value :  3.82053e-06
 Reference value :  3.82248e-06
 Reference value :  3.82453e-06
 Reference value :  3.82658e-06
 Reference value :  3.82863e-06
 Reference value :  3.83053e-06
 Reference value :  3.83248e-06
 Reference value :  3.83453e-06
 Reference value :  3.83658e-06
 Reference value :  3.83858e-06
 Reference value :  3.84058e-06
 Reference value :  3.84258e-06
 Reference value :  3.84468e-06
 Reference value :  3.84663e-06
 Reference value :  3.84868e-06
 Reference value :  3.85058e-06
 Reference value :  3.85248e-06
 Reference value :  3.85448e-06
 Reference value :  3.85638e-06
 Reference value :  3.85803e-06
 Reference value :  3.86008e-06
 Reference value :  3.86233e-06
 Reference value :  3.86443e-06
 Reference value :  3.86673e-06
 Reference value :  3.86883e-06
 Reference value :  3.87093e-06
 Reference value :  3.87288e-06
 Reference value :  3.87488e-06
 Reference value :  3.87688e-06
 Reference value :  3.87888e-06
 Reference value :  3.88088e-06
 Reference value :  3.88283e-06
 Reference value :  3.88458e-06
 Reference value :  3.88683e-06
 Reference value :  3.88868e-06
 Reference value :  3.89078e-06
 Reference value :  3.89283e-06
 Reference value :  3.89498e-06
 Reference value :  3.89713e-06
 Reference value :  3.89903e-06
 Reference value :  3.90083e-06
 Reference value :  3.90268e-06
 Reference value :  3.90463e-06
 Reference value :  3.90663e-06
 Reference value :  3.90858e-06
 Reference value :  3.91048e-06
 Reference value :  3.91233e-06
 Reference value :  3.91433e-06
 Reference value :  3.91598e-06
 Reference value :  3.91748e-06
 Reference value :  3.91903e-06
 Reference value :  3.92043e-06
 Reference value :  3.92183e-06
 Reference value :  3.92333e-06
 Reference value :  3.92483e-06
 Reference value :  3.92638e-06
 Reference value :  3.92788e-06
 Reference value :  3.92943e-06
 Reference value :  3.93078e-06
 Reference value :  3.93218e-06
 Reference value :  3.93373e-06
 Reference value :  3.93523e-06
 Reference value :  3.93673e-06
 Reference value :  3.93818e-06
 Reference value :  3.93968e-06
 Reference value :  3.94102e-06
 Reference value :  3.94248e-06
 Reference value :  3.94403e-06
 Reference value :  3.94548e-06
 Reference value :  3.94703e-06
 Reference value :  3.94853e-06
 Reference value :  3.95000e-06
 Reference value :  3.95133e-06
 Reference value :  3.95283e-06
 Reference value :  3.95433e-06
 Reference value :  3.95588e-06
 Reference value :  3.95743e-06
 Reference value :  3.95893e-06
 Reference value :  3.96033e-06
 Reference value :  3.96173e-06
 Reference value :  3.96323e-06
 Reference value :  3.96473e-06
 Reference value :  3.96618e-06
 Reference value :  3.96763e-06
 Reference value :  3.96913e-06
 Reference value :  3.97053e-06
 Reference value :  3.97193e-06
 Reference value :  3.97348e-06
 Reference value :  3.97498e-06
 Reference value :  3.97653e-06
 Reference value :  3.97803e-06
 Reference value :  3.97953e-06
 Reference value :  3.98093e-06
 Reference value :  3.98233e-06
 Reference value :  3.98388e-06
 Reference value :  3.98533e-06
 Reference value :  3.98688e-06
 Reference value :  3.98833e-06
 Reference value :  3.98983e-06
 Reference value :  3.99108e-06
 Reference value :  3.99258e-06
 Reference value :  3.99413e-06
 Reference value :  3.99563e-06
 Reference value :  3.99713e-06
 Reference value :  3.99863e-06
 Reference value :  4.00001e-06
 Reference value :  4.00133e-06
 Reference value :  4.00283e-06
 Reference value :  4.00438e-06
 Reference value :  4.00593e-06
 Reference value :  4.00748e-06
 Reference value :  4.00893e-06
 Reference value :  4.01028e-06
 Reference value :  4.01168e-06
 Reference value :  4.01308e-06
 Reference value :  4.01458e-06
 Reference value :  4.01608e-06
 Reference value :  4.01753e-06
 Reference value :  4.01908e-06
 Reference value :  4.02043e-06
 Reference value :  4.02183e-06
 Reference value :  4.02338e-06
 Reference value :  4.02488e-06
 Reference value :  4.02638e-06
 Reference value :  4.02783e-06
 Reference value :  4.02933e-06
 Reference value :  4.03068e-06
 Reference value :  4.03208e-06
 Reference value :  4.03358e-06
 Reference value :  4.03508e-06
 Reference value :  4.03658e-06
 Reference value :  4.03808e-06
 Reference value :  4.03963e-06
 Reference value :  4.04096e-06
 Reference value :  4.04233e-06
 Reference value :  4.04388e-06
 Reference value :  4.04538e-06
 Reference value :  4.04688e-06
 Reference value :  4.04843e-06
 Reference value :  4.04988e-06
 Reference value :  4.05113e-06
 Reference value :  4.05263e-06
 Reference value :  4.05408e-06
 Reference value :  4.05558e-06
 Reference value :  4.05703e-06
 Reference value :  4.05853e-06
 Reference value :  4.06000e-06
 Reference value :  4.06133e-06
 Reference value :  4.06288e-06
 Reference value :  4.06438e-06
 Reference value :  4.06593e-06
 Reference value :  4.06743e-06
 Reference value :  4.06898e-06
 Reference value :  4.07033e-06
 Reference value :  4.07173e-06
 Reference value :  4.07328e-06
 Reference value :  4.07478e-06
 Reference value :  4.07628e-06
 Reference value :  4.07778e-06
 Reference value :  4.07928e-06
 Reference value :  4.08068e-06
 Reference value :  4.08203e-06
 Reference value :  4.08358e-06
 Reference value :  4.08508e-06
 Reference value :  4.08658e-06
 Reference value :  4.08808e-06
 Reference value :  4.08958e-06
 Reference value :  4.09096e-06
 Reference value :  4.09238e-06
 Reference value :  4.09388e-06
 Reference value :  4.09533e-06
 Reference value :  4.09683e-06
 Reference value :  4.09833e-06
 Reference value :  4.09983e-06
 Reference value :  4.10107e-06
 Reference value :  4.10258e-06
 Reference value :  4.10408e-06
 Reference value :  4.10563e-06
 Reference value :  4.10713e-06
 Reference value :  4.10863e-06
 Reference value :  4.11003e-06
 Reference value :  4.11143e-06
 Reference value :  4.11293e-06
 Reference value :  4.11443e-06
 Reference value :  4.11588e-06
 Reference value :  4.11758e-06
 Reference value :  4.11988e-06
 Reference value :  4.12178e-06
 Reference value :  4.12383e-06
 Reference value :  4.12593e-06
 Reference value :  4.12788e-06
 Reference value :  4.12983e-06
 Reference value :  4.13153e-06
 Reference value :  4.13323e-06
 Reference value :  4.13473e-06
 Reference value :  4.13618e-06
 Reference value :  4.13768e-06
 Reference value :  4.13918e-06
 Reference value :  4.14058e-06
 Reference value :  4.14193e-06
 Reference value :  4.14343e-06
 Reference value :  4.14493e-06
 Reference value :  4.14638e-06
 Reference value :  4.14788e-06
 Reference value :  4.14933e-06
 Reference value :  4.15100e-06
 Reference value :  4.15293e-06
 Reference value :  4.15498e-06
 Reference value :  4.15703e-06
 Reference value :  4.15893e-06
 Reference value :  4.16088e-06
 Reference value :  4.16243e-06
 Reference value :  4.16433e-06
 Reference value :  4.16643e-06
 Reference value :  4.16823e-06
 Reference value :  4.16968e-06
 Reference value :  4.17101e-06
 Reference value :  4.17243e-06
 Reference value :  4.17388e-06
 Reference value :  4.17538e-06
 Reference value :  4.17688e-06
 Reference value :  4.17838e-06
 Reference value :  4.17988e-06
 Reference value :  4.18112e-06
 Reference value :  4.18263e-06
 Reference value :  4.18413e-06
 Reference value :  4.18563e-06
 Reference value :  4.18718e-06
 Reference value :  4.18868e-06
 Reference value :  4.19007e-06
 Reference value :  4.19143e-06
 Reference value :  4.19293e-06
 Reference value :  4.19438e-06
 Reference value :  4.19588e-06
 Reference value :  4.19743e-06
 Reference value :  4.19888e-06
 Reference value :  4.20028e-06
 Reference value :  4.20168e-06
 Reference value :  4.20323e-06
 Reference value :  4.20473e-06
 Reference value :  4.20623e-06
 Reference value :  4.20778e-06
 Reference value :  4.20928e-06
 Reference value :  4.21068e-06
 Reference value :  4.21213e-06
 Reference value :  4.21368e-06
 Reference value :  4.21518e-06
 Reference value :  4.21673e-06
 Reference value :  4.21818e-06
 Reference value :  4.21973e-06
 Reference value :  4.22103e-06
 Reference value :  4.22258e-06
 Reference value :  4.22408e-06
 Reference value :  4.22558e-06
 Reference value :  4.22713e-06
 Reference value :  4.22858e-06
 Reference value :  4.23002e-06
 Reference value :  4.23133e-06
 Reference value :  4.23288e-06
 Reference value :  4.23443e-06
 Reference value :  4.23593e-06
 Reference value :  4.23743e-06
 Reference value :  4.23888e-06
 Reference value :  4.24023e-06
 Reference value :  4.24158e-06
 Reference value :  4.24313e-06
 Reference value :  4.24468e-06
 Reference value :  4.24618e-06
 Reference value :  4.24773e-06
 Reference value :  4.24923e-06
 Reference value :  4.25063e-06
 Reference value :  4.25203e-06
 Reference value :  4.25353e-06
 Reference value :  4.25498e-06
 Reference value :  4.25653e-06
 Reference value :  4.25808e-06
 Reference value :  4.25958e-06
 Reference value :  4.26100e-06
 Reference value :  4.26248e-06
 Reference value :  4.26458e-06
 Reference value :  4.26658e-06
 Reference value :  4.26863e-06
 Reference value :  4.27043e-06
 Reference value :  4.27233e-06
 Reference value :  4.27438e-06
 Reference value :  4.27638e-06
 Reference value :  4.27843e-06
 Reference value :  4.28018e-06
 Reference value :  4.28158e-06
 Reference value :  4.28308e-06
 Reference value :  4.28463e-06
 Reference value :  4.28613e-06
 Reference value :  4.28768e-06
 Reference value :  4.28918e-06
 Reference value :  4.29058e-06
 Reference value :  4.29198e-06
 Reference value :  4.29353e-06
 Reference value :  4.29498e-06
 Reference value :  4.29648e-06
 Reference value :  4.29793e-06
 Reference value :  4.29948e-06
 Reference value :  4.30083e-06
 Reference value :  4.30223e-06
 Reference value :  4.30373e-06
 Reference value :  4.30523e-06
 Reference value :  4.30693e-06
 Reference value :  4.30903e-06
 Reference value :  4.31093e-06
 Reference value :  4.31288e-06
 Reference value :  4.31493e-06
 Reference value :  4.31698e-06
 Reference value :  4.31903e-06
 Reference value :  4.32088e-06
 Reference value :  4.32283e-06
 Reference value :  4.32483e-06
 Reference value :  4.32703e-06
 Reference value :  4.32923e-06
 Reference value :  4.33104e-06
 Reference value :  4.33303e-06
 Reference value :  4.33498e-06
 Reference value :  4.33698e-06
 Reference value :  4.33903e-06
 Reference value :  4.34078e-06
 Reference value :  4.34258e-06
 Reference value :  4.34458e-06
 Reference value :  4.34648e-06
 Reference value :  4.34848e-06
 Reference value :  4.35033e-06
 Reference value :  4.35218e-06
 Reference value :  4.35418e-06
 Reference value :  4.35563e-06
 Reference value :  4.35713e-06
 Reference value :  4.35863e-06
 Reference value :  4.36003e-06
 Reference value :  4.36143e-06
 Reference value :  4.36293e-06
 Reference value :  4.36438e-06
 Reference value :  4.36573e-06
 Reference value :  4.36708e-06
 Reference value :  4.36843e-06
 Reference value :  4.36978e-06
 Reference value :  4.37100e-06
 Reference value :  4.37223e-06
 Reference value :  4.37358e-06
 Reference value :  4.37493e-06
 Reference value :  4.37628e-06
 Reference value :  4.37763e-06
 Reference value :  4.37893e-06
 Reference value :  4.38017e-06
 Reference value :  4.38143e-06
 Reference value :  4.38273e-06
 Reference value :  4.38413e-06
 Reference value :  4.38543e-06
 Reference value :  4.38678e-06
 Reference value :  4.38803e-06
 Reference value :  4.38933e-06
 Reference value :  4.39048e-06
 Reference value :  4.39198e-06
 Reference value :  4.39403e-06
 Reference value :  4.39603e-06
 Reference value :  4.39813e-06
 Reference value :  4.40000e-06
 Reference value :  4.40183e-06
 Reference value :  4.40388e-06
 Reference value :  4.40598e-06
 Reference value :  4.40808e-06
 Reference value :  4.41001e-06
 Reference value :  4.41193e-06
 Reference value :  4.41413e-06
 Reference value :  4.41598e-06
 Reference value :  4.41808e-06
 Reference value :  4.42003e-06
 Reference value :  4.42188e-06
 Reference value :  4.42393e-06
 Reference value :  4.42578e-06
 Reference value :  4.42798e-06
 Reference value :  4.43000e-06
 Reference value :  4.43188e-06
 Reference value :  4.43398e-06
 Reference value :  4.43598e-06
 Reference value :  4.43803e-06
 Reference value :  4.44000e-06
 Reference value :  4.44198e-06
 Reference value :  4.44408e-06
 Reference value :  4.44603e-06
 Reference value :  4.44828e-06
 Reference value :  4.45007e-06
 Reference value :  4.45198e-06
 Reference value :  4.45403e-06
 Reference value :  4.45603e-06
 Reference value :  4.45823e-06
 Reference value :  4.46000e-06
 Reference value :  4.46123e-06
 Reference value :  4.46273e-06
 Reference value :  4.46458e-06
 Reference value :  4.46688e-06
 Reference value :  4.46883e-06
 Reference value :  4.47083e-06
 Reference value :  4.47268e-06
 Reference value :  4.47483e-06
 Reference value :  4.47693e-06
 Reference value :  4.47893e-06
 Reference value :  4.48078e-06
 Reference value :  4.48268e-06
 Reference value :  4.48478e-06
 Reference value :  4.48698e-06
 Reference value :  4.48893e-06
 Reference value :  4.49088e-06
 Reference value :  4.49278e-06
 Reference value :  4.49493e-06
 Reference value :  4.49698e-06
 Reference value :  4.49893e-06
 Reference value :  4.50096e-06
 Reference value :  4.50293e-06
 Reference value :  4.50518e-06
 Reference value :  4.50733e-06
 Reference value :  4.50943e-06
 Reference value :  4.51143e-06
 Reference value :  4.51348e-06
 Reference value :  4.51578e-06
 Reference value :  4.51788e-06
 Reference value :  4.52002e-06
 Reference value :  4.52203e-06
 Reference value :  4.52408e-06
 Reference value :  4.52638e-06
 Reference value :  4.52843e-06
 Reference value :  4.53058e-06
 Reference value :  4.53258e-06
 Reference value :  4.53468e-06
 Reference value :  4.53698e-06
 Reference value :  4.53893e-06
 Reference value :  4.54093e-06
 Reference value :  4.54308e-06
 Reference value :  4.54523e-06
 Reference value :  4.54743e-06
 Reference value :  4.54943e-06
 Reference value :  4.55148e-06
 Reference value :  4.55368e-06
 Reference value :  4.55593e-06
 Reference value :  4.55818e-06
 Reference value :  4.56017e-06
 Reference value :  4.56233e-06
 Reference value :  4.56438e-06
 Reference value :  4.56633e-06
 Reference value :  4.56843e-06
 Reference value :  4.57028e-06
 Reference value :  4.57223e-06
 Reference value :  4.57413e-06
 Reference value :  4.57618e-06
 Reference value :  4.57823e-06
 Reference value :  4.58001e-06
 Reference value :  4.58178e-06
 Reference value :  4.58378e-06
 Reference value :  4.58593e-06
 Reference value :  4.58788e-06
 Reference value :  4.58993e-06
 Reference value :  4.59183e-06
 Reference value :  4.59373e-06
 Reference value :  4.59533e-06
 Reference value :  4.59688e-06
 Reference value :  4.59828e-06
 Reference value :  4.59988e-06
 Reference value :  4.60143e-06
 Reference value :  4.60348e-06
 Reference value :  4.60548e-06
 Reference value :  4.60763e-06
 Reference value :  4.60978e-06
 Reference value :  4.61143e-06
 Reference value :  4.61353e-06
 Reference value :  4.61548e-06
 Reference value :  4.61738e-06
 Reference value :  4.61938e-06
 Reference value :  4.62107e-06
 Reference value :  4.62308e-06
 Reference value :  4.62503e-06
 Reference value :  4.62708e-06
 Reference value :  4.62913e-06
 Reference value :  4.63104e-06
 Reference value :  4.63333e-06
 Reference value :  4.63543e-06
 Reference value :  4.63768e-06
 Reference value :  4.63993e-06
 Reference value :  4.64168e-06
 Reference value :  4.64333e-06
 Reference value :  4.64483e-06
 Reference value :  4.64638e-06
 Reference value :  4.64828e-06
 Reference value :  4.65018e-06
 Reference value :  4.65213e-06
 Reference value :  4.65413e-06
 Reference value :  4.65628e-06
 Reference value :  4.65823e-06
 Reference value :  4.66018e-06
 Reference value :  4.66208e-06
 Reference value :  4.66403e-06
 Reference value :  4.66603e-06
 Reference value :  4.66798e-06
 Reference value :  4.66993e-06
 Reference value :  4.67168e-06
 Reference value :  4.67358e-06
 Reference value :  4.67563e-06
 Reference value :  4.67758e-06
 Reference value :  4.67958e-06
 Reference value :  4.68133e-06
 Reference value :  4.68318e-06
 Reference value :  4.68523e-06
 Reference value :  4.68723e-06
 Reference value :  4.68953e-06
 Reference value :  4.69143e-06
 Reference value :  4.69363e-06
 Reference value :  4.69568e-06
 Reference value :  4.69763e-06
 Reference value :  4.69973e-06
 Reference value :  4.70148e-06
 Reference value :  4.70353e-06
 Reference value :  4.70553e-06
 Reference value :  4.70748e-06
 Reference value :  4.70953e-06
 Reference value :  4.71128e-06
 Reference value :  4.71333e-06
 Reference value :  4.71538e-06
 Reference value :  4.71688e-06
 Reference value :  4.71828e-06
 Reference value :  4.71963e-06
 Reference value :  4.72093e-06
 Reference value :  4.72223e-06
 Reference value :  4.72363e-06
 Reference value :  4.72508e-06
 Reference value :  4.72653e-06
 Reference value :  4.72798e-06
 Reference value :  4.72948e-06
 Reference value :  4.73078e-06
 Reference value :  4.73213e-06
 Reference value :  4.73358e-06
 Reference value :  4.73508e-06
 Reference value :  4.73658e-06
 Reference value :  4.73803e-06
 Reference value :  4.73953e-06
 Reference value :  4.74093e-06
 Reference value :  4.74233e-06
 Reference value :  4.74388e-06
 Reference value :  4.74538e-06
 Reference value :  4.74688e-06
 Reference value :  4.74848e-06
 Reference value :  4.75048e-06
 Reference value :  4.75233e-06
 Reference value :  4.75418e-06
 Reference value :  4.75573e-06
 Reference value :  4.75768e-06
 Reference value :  4.75978e-06
 Reference value :  4.76133e-06
 Reference value :  4.76348e-06
 Reference value :  4.76548e-06
 Reference value :  4.76768e-06
 Reference value :  4.76973e-06
 Reference value :  4.77143e-06
 Reference value :  4.77308e-06
 Reference value :  4.77513e-06
 Reference value :  4.77728e-06
 Reference value :  4.77928e-06
 Reference value :  4.78118e-06
 Reference value :  4.78333e-06
 Reference value :  4.78538e-06
 Reference value :  4.78768e-06
 Reference value :  4.78963e-06
 Reference value :  4.79138e-06
 Reference value :  4.79348e-06
 Reference value :  4.79553e-06
 Reference value :  4.79778e-06
 Reference value :  4.79978e-06
 Reference value :  4.80183e-06
 Reference value :  4.80403e-06
 Reference value :  4.80613e-06
 Reference value :  4.80838e-06
 Reference value :  4.81038e-06
 Reference value :  4.81233e-06
 Reference value :  4.81438e-06
 Reference value :  4.81603e-06
 Reference value :  4.81753e-06
 Reference value :  4.81903e-06
 Reference value :  4.82023e-06
 Reference value :  4.82143e-06
 Reference value :  4.82273e-06
 Reference value :  4.82408e-06
 Reference value :  4.82543e-06
 Reference value :  4.82678e-06
 Reference value :  4.82813e-06
 Reference value :  4.82938e-06
 Reference value :  4.83073e-06
 Reference value :  4.83213e-06
 Reference value :  4.83358e-06
 Reference value :  4.83503e-06
 Reference value :  4.83653e-06
 Reference value :  4.83798e-06
 Reference value :  4.83948e-06
 Reference value :  4.84083e-06
 Reference value :  4.84218e-06
 Reference value :  4.84368e-06
 Reference value :  4.84518e-06
 Reference value :  4.84668e-06
 Reference value :  4.84818e-06
 Reference value :  4.84963e-06
 Reference value :  4.85100e-06
 Reference value :  4.85243e-06
 Reference value :  4.85393e-06
 Reference value :  4.85548e-06
 Reference value :  4.85698e-06
 Reference value :  4.85848e-06
 Reference value :  4.85993e-06
 Reference value :  4.86118e-06
 Reference value :  4.86268e-06
 Reference value :  4.86413e-06
 Reference value :  4.86558e-06
 Reference value :  4.86703e-06
 Reference value :  4.86853e-06
 Reference value :  4.86996e-06
 Reference value :  4.87118e-06
 Reference value :  4.87268e-06
 Reference value :  4.87413e-06
 Reference value :  4.87563e-06
 Reference value :  4.87708e-06
 Reference value :  4.87858e-06
 Reference value :  4.88000e-06
 Reference value :  4.88123e-06
 Reference value :  4.88273e-06
 Reference value :  4.88423e-06
 Reference value :  4.88558e-06
 Reference value :  4.88688e-06
 Reference value :  4.88818e-06
 Reference value :  4.88948e-06
 Reference value :  4.89073e-06
 Reference value :  4.89198e-06
 Reference value :  4.89333e-06
 Reference value :  4.89468e-06
 Reference value :  4.89598e-06
 Reference value :  4.89733e-06
 Reference value :  4.89868e-06
 Reference value :  4.90000e-06
 Reference value :  4.90113e-06
 Reference value :  4.90248e-06
 Reference value :  4.90383e-06
 Reference value :  4.90518e-06
 Reference value :  4.90653e-06
 Reference value :  4.90788e-06
 Reference value :  4.90918e-06
 Reference value :  4.91043e-06
 Reference value :  4.91163e-06
 Reference value :  4.91298e-06
 Reference value :  4.91428e-06
 Reference value :  4.91563e-06
 Reference value :  4.91703e-06
 Reference value :  4.91838e-06
 Reference value :  4.91973e-06
 Reference value :  4.92096e-06
 Reference value :  4.92218e-06
 Reference value :  4.92353e-06
 Reference value :  4.92493e-06
 Reference value :  4.92628e-06
 Reference value :  4.92768e-06
 Reference value :  4.92898e-06
 Reference value :  4.93013e-06
 Reference value :  4.93128e-06
 Reference value :  4.93258e-06
 Reference value :  4.93388e-06
 Reference value :  4.93523e-06
 Reference value :  4.93648e-06
 Reference value :  4.93778e-06
 Reference value :  4.93908e-06
 Reference value :  4.94033e-06
 Reference value :  4.94158e-06
 Reference value :  4.94293e-06
 Reference value :  4.94428e-06
 Reference value :  4.94563e-06
 Reference value :  4.94698e-06
 Reference value :  4.94833e-06
 Reference value :  4.94963e-06
 Reference value :  4.95088e-06
 Reference value :  4.95213e-06
 Reference value :  4.95348e-06
 Reference value :  4.95483e-06
 Reference value :  4.95613e-06
 Reference value :  4.95748e-06
 Reference value :  4.95883e-06
 Reference value :  4.96008e-06
 Reference value :  4.96133e-06
 Reference value :  4.96263e-06
 Reference value :  4.96398e-06
 Reference value :  4.96523e-06
 Reference value :  4.96658e-06
 Reference value :  4.96798e-06
 Reference value :  4.96928e-06
 Reference value :  4.97048e-06
 Reference value :  4.97168e-06
 Reference value :  4.97303e-06
 Reference value :  4.97438e-06
 Reference value :  4.97568e-06
 Reference value :  4.97703e-06
 Reference value :  4.97833e-06
 Reference value :  4.97968e-06
 Reference value :  4.98093e-06
 Reference value :  4.98218e-06
 Reference value :  4.98348e-06
 Reference value :  4.98483e-06
 Reference value :  4.98618e-06
 Reference value :  4.98758e-06
 Reference value :  4.98893e-06
 Reference value :  4.99018e-06
 Reference value :  4.99138e-06
 Reference value :  4.99268e-06
 Reference value :  4.99403e-06
 Reference value :  4.99538e-06
 Reference value :  4.99668e-06
 Reference value :  4.99803e-06
 Reference value :  4.99928e-06
 Reference value :  5.00048e-06
 Reference value :  5.00168e-06
 Reference value :  5.00298e-06
 Reference value :  5.00438e-06
 Reference value :  5.00573e-06
 Reference value :  5.00708e-06
 Reference value :  5.00843e-06
 Reference value :  5.00978e-06
 Reference value :  5.01096e-06
 Reference value :  5.01223e-06
 Reference value :  5.01358e-06
 Reference value :  5.01493e-06
 Reference value :  5.01618e-06
 Reference value :  5.01748e-06
 Reference value :  5.01873e-06
 Reference value :  5.02000e-06
 Reference value :  5.02113e-06
 Reference value :  5.02248e-06
 Reference value :  5.02383e-06
 Reference value :  5.02518e-06
 Reference value :  5.02648e-06
 Reference value :  5.02783e-06
 Reference value :  5.02913e-06
 Reference value :  5.03038e-06
 Reference value :  5.03163e-06
 Reference value :  5.03298e-06
 Reference value :  5.03438e-06
 Reference value :  5.03573e-06
 Reference value :  5.03713e-06
 Reference value :  5.03848e-06
 Reference value :  5.04023e-06
 Reference value :  5.04203e-06
 Reference value :  5.04403e-06
 Reference value :  5.04603e-06
 Reference value :  5.04793e-06
 Reference value :  5.04996e-06
 Reference value :  5.05173e-06
 Reference value :  5.05383e-06
 Reference value :  5.05608e-06
 Reference value :  5.05798e-06
 Reference value :  5.06007e-06
 Reference value :  5.06208e-06
 Reference value :  5.06418e-06
 Reference value :  5.06618e-06
 Reference value :  5.06828e-06
 Reference value :  5.07028e-06
 Reference value :  5.07223e-06
 Reference value :  5.07398e-06
 Reference value :  5.07548e-06
 Reference value :  5.07698e-06
 Reference value :  5.07838e-06
 Reference value :  5.07983e-06
 Reference value :  5.08104e-06
 Reference value :  5.08303e-06
 Reference value :  5.08448e-06
 Reference value :  5.08593e-06
 Reference value :  5.08733e-06
 Reference value :  5.08878e-06
 Reference value :  5.09013e-06
 Reference value :  5.09148e-06
 Reference value :  5.09293e-06
 Reference value :  5.09443e-06
 Reference value :  5.09588e-06
 Reference value :  5.09738e-06
 Reference value :  5.09888e-06
 Reference value :  5.10023e-06
 Reference value :  5.10163e-06
 Reference value :  5.10308e-06
 Reference value :  5.10463e-06
 Reference value :  5.10608e-06
 Reference value :  5.10758e-06
 Reference value :  5.10903e-06
 Reference value :  5.11038e-06
 Reference value :  5.11173e-06
 Reference value :  5.11323e-06
 Reference value :  5.11468e-06
 Reference value :  5.11618e-06
 Reference value :  5.11758e-06
 Reference value :  5.11908e-06
 Reference value :  5.12043e-06
 Reference value :  5.12183e-06
 Reference value :  5.12333e-06
 Reference value :  5.12483e-06
 Reference value :  5.12633e-06
 Reference value :  5.12813e-06
 Reference value :  5.12993e-06
 Reference value :  5.13123e-06
 Reference value :  5.13283e-06
 Reference value :  5.13438e-06
 Reference value :  5.13578e-06
 Reference value :  5.13728e-06
 Reference value :  5.13873e-06
 Reference value :  5.14013e-06
 Reference value :  5.14213e-06
 Reference value :  5.14413e-06
 Reference value :  5.14618e-06
 Reference value :  5.14823e-06
 Reference value :  5.14983e-06
 Reference value :  5.15104e-06
 Reference value :  5.15248e-06
 Reference value :  5.15398e-06
 Reference value :  5.15578e-06
 Reference value :  5.15768e-06
 Reference value :  5.15963e-06
 Reference value :  5.16127e-06
 Reference value :  5.16318e-06
 Reference value :  5.16523e-06
 Reference value :  5.16708e-06
 Reference value :  5.16888e-06
 Reference value :  5.17068e-06
 Reference value :  5.17218e-06
 Reference value :  5.17363e-06
 Reference value :  5.17503e-06
 Reference value :  5.17653e-06
 Reference value :  5.17793e-06
 Reference value :  5.17938e-06
 Reference value :  5.18093e-06
 Reference value :  5.18233e-06
 Reference value :  5.18383e-06
 Reference value :  5.18533e-06
 Reference value :  5.18683e-06
 Reference value :  5.18828e-06
 Reference value :  5.19023e-06
 Reference value :  5.19183e-06
 Reference value :  5.19368e-06
 Reference value :  5.19538e-06
 Reference value :  5.19683e-06
 Reference value :  5.19833e-06
 Reference value :  5.19978e-06
 Reference value :  5.20103e-06
 Reference value :  5.20248e-06
 Reference value :  5.20398e-06
 Reference value :  5.20548e-06
 Reference value :  5.20698e-06
 Reference value :  5.20853e-06
 Reference value :  5.21023e-06
 Reference value :  5.21223e-06
 Reference value :  5.21398e-06
 Reference value :  5.21543e-06
 Reference value :  5.21693e-06
 Reference value :  5.21868e-06
 Reference value :  5.22083e-06
 Reference value :  5.22278e-06
 Reference value :  5.22493e-06
 Reference value :  5.22698e-06
 Reference value :  5.22908e-06
 Reference value :  5.23100e-06
 Reference value :  5.23293e-06
 Reference value :  5.23498e-06
 Reference value :  5.23668e-06
 Reference value :  5.23898e-06
 Reference value :  5.24103e-06
 Reference value :  5.24248e-06
 Reference value :  5.24398e-06
 Reference value :  5.24548e-06
 Reference value :  5.24698e-06
 Reference value :  5.24848e-06
 Reference value :  5.24993e-06
 Reference value :  5.25113e-06
 Reference value :  5.25258e-06
 Reference value :  5.25403e-06
 Reference value :  5.25553e-06
 Reference value :  5.25698e-06
 Reference value :  5.25848e-06
 Reference value :  5.25993e-06
 Reference value :  5.26118e-06
 Reference value :  5.26268e-06
 Reference value :  5.26418e-06
 Reference value :  5.26568e-06
 Reference value :  5.26713e-06
 Reference value :  5.26863e-06
 Reference value :  5.27018e-06
 Reference value :  5.27228e-06
 Reference value :  5.27433e-06
 Reference value :  5.27638e-06
 Reference value :  5.27843e-06
 Reference value :  5.28023e-06
 Reference value :  5.28218e-06
 Reference value :  5.28408e-06
 Reference value :  5.28548e-06
 Reference value :  5.28693e-06
 Reference value :  5.28838e-06
 Reference value :  5.28978e-06
 Reference value :  5.29104e-06
 Reference value :  5.29253e-06
 Reference value :  5.29403e-06
 Reference value :  5.29558e-06
 Reference value :  5.29703e-06
 Reference value :  5.29858e-06
 Reference value :  5.30002e-06
 Reference value :  5.30138e-06
 Reference value :  5.30288e-06
 Reference value :  5.30438e-06
 Reference value :  5.30588e-06
 Reference value :  5.30743e-06
 Reference value :  5.30893e-06
 Reference value :  5.31033e-06
 Reference value :  5.31173e-06
 Reference value :  5.31328e-06
 Reference value :  5.31478e-06
 Reference value :  5.31628e-06
 Reference value :  5.31783e-06
 Reference value :  5.31928e-06
 Reference value :  5.32068e-06
 Reference value :  5.32203e-06
 Reference value :  5.32353e-06
 Reference value :  5.32503e-06
 Reference value :  5.32673e-06
 Reference value :  5.32873e-06
 Reference value :  5.33063e-06
 Reference value :  5.33233e-06
 Reference value :  5.33408e-06
 Reference value :  5.33553e-06
 Reference value :  5.33708e-06
 Reference value :  5.33853e-06
 Reference value :  5.33996e-06
 Reference value :  5.34117e-06
 Reference value :  5.34268e-06
 Reference value :  5.34418e-06
 Reference value :  5.34568e-06
 Reference value :  5.34718e-06
 Reference value :  5.34863e-06
 Reference value :  5.35003e-06
 Reference value :  5.35143e-06
 Reference value :  5.35288e-06
 Reference value :  5.35438e-06
 Reference value :  5.35593e-06
 Reference value :  5.35763e-06
 Reference value :  5.35983e-06
 Reference value :  5.36153e-06
 Reference value :  5.36348e-06
 Reference value :  5.36543e-06
 Reference value :  5.36738e-06
 Reference value :  5.36928e-06
 Reference value :  5.37101e-06
 Reference value :  5.37293e-06
 Reference value :  5.37508e-06
 Reference value :  5.37713e-06
 Reference value :  5.37938e-06
 Reference value :  5.38113e-06
 Reference value :  5.38303e-06
 Reference value :  5.38503e-06
 Reference value :  5.38723e-06
 Reference value :  5.38928e-06
 Reference value :  5.39102e-06
 Reference value :  5.39303e-06
 Reference value :  5.39503e-06
 Reference value :  5.39703e-06
 Reference value :  5.39918e-06
 Reference value :  5.40100e-06
 Reference value :  5.40318e-06
 Reference value :  5.40518e-06
 Reference value :  5.40738e-06
 Reference value :  5.40948e-06
 Reference value :  5.41123e-06
 Reference value :  5.41338e-06
 Reference value :  5.41538e-06
 Reference value :  5.41758e-06
 Reference value :  5.41973e-06
No. of Data Rows : 111657
vmin_out            =  -1.69240e-02 at=  4.95488e-06
vmax_out            =  1.20400e+00 at=  3.00088e-06
Note: Simulation executed from .control section 
Warning: m=xx on .subckt line will override multiplier m hierarchy!

Note: Starting dynamic gmin stepping
Note: Dynamic gmin stepping completed
