
Note: Compatibility modes selected: hs a


Circuit: * tt_analog_ring, code 128

Doing analysis at TEMP = 27.000000 and TNOM = 27.000000

Using SPARSE 1.3 as Direct Linear Solver
 Reference value :  0.00000e+00
No. of Data Rows : 1
idd_dis=0.000329709 vbp= vbn= clk_dis=1.2
Doing analysis at TEMP = 27.000000 and TNOM = 27.000000

Using SPARSE 1.3 as Direct Linear Solver

Initial Transient Solution
--------------------------

Node                                   Voltage
----                                   -------
vpwr                                       1.2
code[0]                                      0
code[1]                                      0
code[2]                                      0
code[3]                                      0
code[4]                                      0
code[5]                                      0
code[6]                                      0
code[7]                                    1.2
enable                                       0
vbp                                   0.557076
clk_out                                    1.2
xdut.b1                            1.55518e-07
xdut.s3                            7.01948e-07
xdut.s2                                    1.2
xdut.n_126                                 1.2
xdut.s1                             7.0195e-07
xdut.n_125                                 1.2
xdut.s10                                   1.2
xdut.s6                                    1.2
xdut.s5                            7.01948e-07
xdut.n_128                                 1.2
xdut.s9                            7.01948e-07
xdut.n_133                                 1.2
xdut.s4                                    1.2
xdut.n_129                                 1.2
xdut.s8                                    1.2
xdut.n_132                                 1.2
xdut.s7                            7.01948e-07
xdut.n_130                                 1.2
xdut.n_127                                 1.2
xdut.n_131                                 1.2
xdut.s0                                    1.2
xdut.n_124                                 1.2
xdut.n_71                          6.11551e-07
xdut.n_72                           6.1155e-07
xdut.n_70                           9.2223e-08
xdut.n_77                           6.1155e-07
xdut.n_75                           9.2223e-08
xdut.n_73                           9.2223e-08
xdut.n_67                           9.2223e-08
xdut.n_76                           9.2223e-08
xdut.n_69                           6.1155e-07
xdut.n_74                           6.1155e-07
xdut.n_122                                 1.2
xdut.n_i1005                            1.0259
xdut.n_68                          1.87426e-07
vbn                                   0.501129
ven#branch                         7.40123e-12
vc7#branch                        -5.85964e-08
vc6#branch                         8.60845e-13
vc5#branch                         4.30422e-13
vc4#branch                         2.15211e-13
vc3#branch                         1.07606e-13
vc2#branch                         5.38028e-14
vc1#branch                         2.69014e-14
vc0#branch                         1.34507e-14
vdd#branch                        -0.000329709

 Reference value :  0.00000e+00
 Reference value :  4.82650e-10
 Reference value :  1.08442e-09
 Reference value :  1.68619e-09
 Reference value :  2.28796e-09
 Reference value :  2.88973e-09
 Reference value :  3.49150e-09
 Reference value :  4.09327e-09
 Reference value :  4.69504e-09
 Reference value :  5.29681e-09
 Reference value :  5.89858e-09
 Reference value :  6.50035e-09
 Reference value :  7.10212e-09
 Reference value :  7.70389e-09
 Reference value :  8.29023e-09
 Reference value :  8.87657e-09
 Reference value :  9.46291e-09
 Reference value :  1.00647e-08
 Reference value :  1.06665e-08
 Reference value :  1.12682e-08
 Reference value :  1.18700e-08
 Reference value :  1.24872e-08
 Reference value :  1.31044e-08
 Reference value :  1.37216e-08
 Reference value :  1.43388e-08
 Reference value :  1.49560e-08
 Reference value :  1.55732e-08
 Reference value :  1.61750e-08
 Reference value :  1.67922e-08
 Reference value :  1.73939e-08
 Reference value :  1.79957e-08
 Reference value :  1.85431e-08
 Reference value :  1.89363e-08
 Reference value :  1.93529e-08
 Reference value :  1.97695e-08
 Reference value :  2.01707e-08
 Reference value :  2.05873e-08
 Reference value :  2.09885e-08
 Reference value :  2.14051e-08
 Reference value :  2.18217e-08
 Reference value :  2.22383e-08
 Reference value :  2.26549e-08
 Reference value :  2.30716e-08
 Reference value :  2.34882e-08
 Reference value :  2.39048e-08
 Reference value :  2.43214e-08
 Reference value :  2.47380e-08
 Reference value :  2.51546e-08
 Reference value :  2.55558e-08
 Reference value :  2.59570e-08
 Reference value :  2.63736e-08
 Reference value :  2.67902e-08
 Reference value :  2.71914e-08
 Reference value :  2.76080e-08
 Reference value :  2.80246e-08
 Reference value :  2.84412e-08
 Reference value :  2.88424e-08
 Reference value :  2.92590e-08
 Reference value :  2.96756e-08
 Reference value :  3.00922e-08
 Reference value :  3.05088e-08
 Reference value :  3.09254e-08
 Reference value :  3.13420e-08
 Reference value :  3.17586e-08
 Reference value :  3.21753e-08
 Reference value :  3.25919e-08
 Reference value :  3.30085e-08
 Reference value :  3.34251e-08
 Reference value :  3.38417e-08
 Reference value :  3.42583e-08
 Reference value :  3.46749e-08
 Reference value :  3.50915e-08
 Reference value :  3.54927e-08
 Reference value :  3.59093e-08
 Reference value :  3.63259e-08
 Reference value :  3.67425e-08
 Reference value :  3.71591e-08
 Reference value :  3.75758e-08
 Reference value :  3.79924e-08
 Reference value :  3.84090e-08
 Reference value :  3.88256e-08
 Reference value :  3.92268e-08
 Reference value :  3.96279e-08
 Reference value :  4.00446e-08
 Reference value :  4.04612e-08
 Reference value :  4.08778e-08
 Reference value :  4.12790e-08
 Reference value :  4.16956e-08
 Reference value :  4.21122e-08
 Reference value :  4.25288e-08
 Reference value :  4.29454e-08
 Reference value :  4.33620e-08
 Reference value :  4.37786e-08
 Reference value :  4.41952e-08
 Reference value :  4.46273e-08
 Reference value :  4.50284e-08
 Reference value :  4.54451e-08
 Reference value :  4.58617e-08
 Reference value :  4.62783e-08
 Reference value :  4.67103e-08
 Reference value :  4.71269e-08
 Reference value :  4.75435e-08
 Reference value :  4.79601e-08
 Reference value :  4.83768e-08
 Reference value :  4.87934e-08
 Reference value :  4.92100e-08
 Reference value :  4.96420e-08
 Reference value :  5.00586e-08
 Reference value :  5.04752e-08
 Reference value :  5.08918e-08
 Reference value :  5.13085e-08
 Reference value :  5.17251e-08
 Reference value :  5.21417e-08
 Reference value :  5.25583e-08
 Reference value :  5.29749e-08
 Reference value :  5.33915e-08
 Reference value :  5.38081e-08
 Reference value :  5.42247e-08
 Reference value :  5.46413e-08
 Reference value :  5.50425e-08
 Reference value :  5.54437e-08
 Reference value :  5.58449e-08
 Reference value :  5.62923e-08
 Reference value :  5.67552e-08
 Reference value :  5.72181e-08
 Reference value :  5.77119e-08
 Reference value :  5.83445e-08
 Reference value :  5.89617e-08
 Reference value :  5.95789e-08
 Reference value :  6.01807e-08
 Reference value :  6.07825e-08
 Reference value :  6.13842e-08
 Reference value :  6.19243e-08
 Reference value :  6.24952e-08
 Reference value :  6.31433e-08
 Reference value :  6.38376e-08
 Reference value :  6.44548e-08
 Reference value :  6.50874e-08
 Reference value :  6.57355e-08
 Reference value :  6.63527e-08
 Reference value :  6.69699e-08
 Reference value :  6.75717e-08
 Reference value :  6.81734e-08
 Reference value :  6.87598e-08
 Reference value :  6.93924e-08
 Reference value :  6.99633e-08
 Reference value :  7.04262e-08
 Reference value :  7.10897e-08
 Reference value :  7.17378e-08
 Reference value :  7.23858e-08
 Reference value :  7.30339e-08
 Reference value :  7.36357e-08
 Reference value :  7.43300e-08
 Reference value :  7.49626e-08
 Reference value :  7.55490e-08
 Reference value :  7.61662e-08
 Reference value :  7.67988e-08
 Reference value :  7.74623e-08
 Reference value :  7.81104e-08
 Reference value :  7.87739e-08
 Reference value :  7.94219e-08
 Reference value :  8.00391e-08
 Reference value :  8.07489e-08
 Reference value :  8.12889e-08
 Reference value :  8.17056e-08
 Reference value :  8.21222e-08
 Reference value :  8.25388e-08
 Reference value :  8.29400e-08
 Reference value :  8.33566e-08
 Reference value :  8.37732e-08
 Reference value :  8.41898e-08
 Reference value :  8.46064e-08
 Reference value :  8.50230e-08
 Reference value :  8.54859e-08
 Reference value :  8.59488e-08
 Reference value :  8.64889e-08
 Reference value :  8.71678e-08
 Reference value :  8.77233e-08
 Reference value :  8.82016e-08
 Reference value :  8.86645e-08
 Reference value :  8.91274e-08
 Reference value :  8.95903e-08
 Reference value :  9.00686e-08
 Reference value :  9.05315e-08
 Reference value :  9.09944e-08
 Reference value :  9.14727e-08
 Reference value :  9.19356e-08
 Reference value :  9.23985e-08
 Reference value :  9.28614e-08
 Reference value :  9.33398e-08
 Reference value :  9.38027e-08
 Reference value :  9.42810e-08
 Reference value :  9.47439e-08
 Reference value :  9.52068e-08
 Reference value :  9.56851e-08
 Reference value :  9.61480e-08
 Reference value :  9.66109e-08
 Reference value :  9.70738e-08
 Reference value :  9.75367e-08
 Reference value :  9.79842e-08
 Reference value :  9.84317e-08
 Reference value :  9.88946e-08
 Reference value :  9.93575e-08
 Reference value :  9.98204e-08
 Reference value :  1.00283e-07
 Reference value :  1.00746e-07
 Reference value :  1.01209e-07
 Reference value :  1.01672e-07
 Reference value :  1.02135e-07
 Reference value :  1.02598e-07
 Reference value :  1.03061e-07
 Reference value :  1.03524e-07
 Reference value :  1.03986e-07
 Reference value :  1.04449e-07
 Reference value :  1.04912e-07
 Reference value :  1.05375e-07
 Reference value :  1.05838e-07
 Reference value :  1.06301e-07
 Reference value :  1.06779e-07
 Reference value :  1.07427e-07
 Reference value :  1.08075e-07
 Reference value :  1.08538e-07
 Reference value :  1.09032e-07
 Reference value :  1.09680e-07
 Reference value :  1.10297e-07
 Reference value :  1.10961e-07
 Reference value :  1.11593e-07
 Reference value :  1.12242e-07
 Reference value :  1.12890e-07
 Reference value :  1.13507e-07
 Reference value :  1.14170e-07
 Reference value :  1.14849e-07
 Reference value :  1.15559e-07
 Reference value :  1.16238e-07
 Reference value :  1.16871e-07
 Reference value :  1.17549e-07
 Reference value :  1.18182e-07
 Reference value :  1.18815e-07
 Reference value :  1.19463e-07
 Reference value :  1.20080e-07
 Reference value :  1.20728e-07
 Reference value :  1.21314e-07
 Reference value :  1.21947e-07
 Reference value :  1.22580e-07
 Reference value :  1.23027e-07
 Reference value :  1.23444e-07
 Reference value :  1.23860e-07
 Reference value :  1.24292e-07
 Reference value :  1.24709e-07
 Reference value :  1.25126e-07
 Reference value :  1.25542e-07
 Reference value :  1.25959e-07
 Reference value :  1.26375e-07
 Reference value :  1.26792e-07
 Reference value :  1.27224e-07
 Reference value :  1.27641e-07
 Reference value :  1.28057e-07
 Reference value :  1.28489e-07
 Reference value :  1.28906e-07
 Reference value :  1.29323e-07
 Reference value :  1.29739e-07
 Reference value :  1.30171e-07
 Reference value :  1.30619e-07
 Reference value :  1.31082e-07
 Reference value :  1.31622e-07
 Reference value :  1.32131e-07
 Reference value :  1.32717e-07
 Reference value :  1.33350e-07
 Reference value :  1.34044e-07
 Reference value :  1.34677e-07
 Reference value :  1.35279e-07
 Reference value :  1.35896e-07
 Reference value :  1.36482e-07
 Reference value :  1.37099e-07
 Reference value :  1.37732e-07
 Reference value :  1.38303e-07
 Reference value :  1.38966e-07
 Reference value :  1.39553e-07
 Reference value :  1.40154e-07
 Reference value :  1.40802e-07
 Reference value :  1.41420e-07
 Reference value :  1.42068e-07
 Reference value :  1.42531e-07
 Reference value :  1.43009e-07
 Reference value :  1.43472e-07
 Reference value :  1.43904e-07
 Reference value :  1.44320e-07
 Reference value :  1.44737e-07
 Reference value :  1.45154e-07
 Reference value :  1.45570e-07
 Reference value :  1.45972e-07
 Reference value :  1.46388e-07
 Reference value :  1.46805e-07
 Reference value :  1.47437e-07
 Reference value :  1.48070e-07
 Reference value :  1.48703e-07
 Reference value :  1.49351e-07
 Reference value :  1.49968e-07
 Reference value :  1.50585e-07
 Reference value :  1.51218e-07
 Reference value :  1.51866e-07
 Reference value :  1.52498e-07
 Reference value :  1.53146e-07
 Reference value :  1.53841e-07
 Reference value :  1.54427e-07
 Reference value :  1.55121e-07
 Reference value :  1.55800e-07
 Reference value :  1.56448e-07
 Reference value :  1.57158e-07
 Reference value :  1.57775e-07
 Reference value :  1.58439e-07
 Reference value :  1.59133e-07
 Reference value :  1.59828e-07
 Reference value :  1.60522e-07
 Reference value :  1.61201e-07
 Reference value :  1.61834e-07
 Reference value :  1.62420e-07
 Reference value :  1.63053e-07
 Reference value :  1.63701e-07
 Reference value :  1.64302e-07
 Reference value :  1.65012e-07
 Reference value :  1.65676e-07
 Reference value :  1.66324e-07
 Reference value :  1.67018e-07
 Reference value :  1.67666e-07
 Reference value :  1.68360e-07
 Reference value :  1.68978e-07
 Reference value :  1.69687e-07
 Reference value :  1.70335e-07
 Reference value :  1.71014e-07
 Reference value :  1.71693e-07
 Reference value :  1.72295e-07
 Reference value :  1.72881e-07
 Reference value :  1.73560e-07
 Reference value :  1.74147e-07
 Reference value :  1.74795e-07
 Reference value :  1.75412e-07
 Reference value :  1.76075e-07
 Reference value :  1.76477e-07
 Reference value :  1.76893e-07
 Reference value :  1.77310e-07
 Reference value :  1.77696e-07
 Reference value :  1.78128e-07
 Reference value :  1.78544e-07
 Reference value :  1.78976e-07
 Reference value :  1.79393e-07
 Reference value :  1.79794e-07
 Reference value :  1.80211e-07
 Reference value :  1.80627e-07
 Reference value :  1.81044e-07
 Reference value :  1.81461e-07
 Reference value :  1.81877e-07
 Reference value :  1.82294e-07
 Reference value :  1.82710e-07
 Reference value :  1.83127e-07
 Reference value :  1.83544e-07
 Reference value :  1.83976e-07
 Reference value :  1.84392e-07
 Reference value :  1.84793e-07
 Reference value :  1.85210e-07
 Reference value :  1.85627e-07
 Reference value :  1.86043e-07
 Reference value :  1.86460e-07
 Reference value :  1.86861e-07
 Reference value :  1.87278e-07
 Reference value :  1.87694e-07
 Reference value :  1.88095e-07
 Reference value :  1.88512e-07
 Reference value :  1.88944e-07
 Reference value :  1.89376e-07
 Reference value :  1.89793e-07
 Reference value :  1.90209e-07
 Reference value :  1.90641e-07
 Reference value :  1.91073e-07
 Reference value :  1.91490e-07
 Reference value :  1.91907e-07
 Reference value :  1.92323e-07
 Reference value :  1.92832e-07
 Reference value :  1.93496e-07
 Reference value :  1.94129e-07
 Reference value :  1.94792e-07
 Reference value :  1.95425e-07
 Reference value :  1.96073e-07
 Reference value :  1.96752e-07
 Reference value :  1.97415e-07
 Reference value :  1.98063e-07
 Reference value :  1.98727e-07
 Reference value :  1.99390e-07
 Reference value :  2.00085e-07
 Reference value :  2.00717e-07
 Reference value :  2.01319e-07
 Reference value :  2.01952e-07
 Reference value :  2.02584e-07
 Reference value :  2.03279e-07
 Reference value :  2.03896e-07
 Reference value :  2.04513e-07
 Reference value :  2.05115e-07
 Reference value :  2.05763e-07
 Reference value :  2.06334e-07
 Reference value :  2.06951e-07
 Reference value :  2.07599e-07
 Reference value :  2.08216e-07
 Reference value :  2.08880e-07
 Reference value :  2.09543e-07
 Reference value :  2.10129e-07
 Reference value :  2.10778e-07
 Reference value :  2.11318e-07
 Reference value :  2.11796e-07
 Reference value :  2.12274e-07
 Reference value :  2.12753e-07
 Reference value :  2.13401e-07
 Reference value :  2.13987e-07
 Reference value :  2.14450e-07
 Reference value :  2.14913e-07
 Reference value :  2.15376e-07
 Reference value :  2.15823e-07
 Reference value :  2.16271e-07
 Reference value :  2.16703e-07
 Reference value :  2.17119e-07
 Reference value :  2.17551e-07
 Reference value :  2.17968e-07
 Reference value :  2.18384e-07
 Reference value :  2.18801e-07
 Reference value :  2.19218e-07
 Reference value :  2.19634e-07
 Reference value :  2.20051e-07
 Reference value :  2.20437e-07
 Reference value :  2.20853e-07
 Reference value :  2.21239e-07
 Reference value :  2.21640e-07
 Reference value :  2.22057e-07
 Reference value :  2.22473e-07
 Reference value :  2.22890e-07
 Reference value :  2.23307e-07
 Reference value :  2.23723e-07
 Reference value :  2.24140e-07
 Reference value :  2.24556e-07
 Reference value :  2.24973e-07
 Reference value :  2.25390e-07
 Reference value :  2.25806e-07
 Reference value :  2.26223e-07
 Reference value :  2.26640e-07
 Reference value :  2.27056e-07
 Reference value :  2.27488e-07
 Reference value :  2.27905e-07
 Reference value :  2.28321e-07
 Reference value :  2.28738e-07
 Reference value :  2.29155e-07
 Reference value :  2.29571e-07
 Reference value :  2.29988e-07
 Reference value :  2.30404e-07
 Reference value :  2.30821e-07
 Reference value :  2.31238e-07
 Reference value :  2.31654e-07
 Reference value :  2.32071e-07
 Reference value :  2.32488e-07
 Reference value :  2.32904e-07
 Reference value :  2.33305e-07
 Reference value :  2.33737e-07
 Reference value :  2.34154e-07
 Reference value :  2.34571e-07
 Reference value :  2.34987e-07
 Reference value :  2.35404e-07
 Reference value :  2.35820e-07
 Reference value :  2.36252e-07
 Reference value :  2.36669e-07
 Reference value :  2.37086e-07
 Reference value :  2.37502e-07
 Reference value :  2.37919e-07
 Reference value :  2.38335e-07
 Reference value :  2.38752e-07
 Reference value :  2.39169e-07
 Reference value :  2.39585e-07
 Reference value :  2.40002e-07
 Reference value :  2.40419e-07
 Reference value :  2.40835e-07
 Reference value :  2.41267e-07
 Reference value :  2.41684e-07
 Reference value :  2.42100e-07
 Reference value :  2.42517e-07
 Reference value :  2.42934e-07
 Reference value :  2.43350e-07
 Reference value :  2.43782e-07
 Reference value :  2.44199e-07
 Reference value :  2.44615e-07
 Reference value :  2.45032e-07
 Reference value :  2.45449e-07
 Reference value :  2.45865e-07
 Reference value :  2.46282e-07
 Reference value :  2.46699e-07
 Reference value :  2.47131e-07
 Reference value :  2.47547e-07
 Reference value :  2.47979e-07
 Reference value :  2.48396e-07
 Reference value :  2.48812e-07
 Reference value :  2.49229e-07
 Reference value :  2.49630e-07
 Reference value :  2.50062e-07
 Reference value :  2.50479e-07
 Reference value :  2.50911e-07
 Reference value :  2.51328e-07
 Reference value :  2.51744e-07
 Reference value :  2.52161e-07
 Reference value :  2.52577e-07
 Reference value :  2.52994e-07
 Reference value :  2.53411e-07
 Reference value :  2.53812e-07
 Reference value :  2.54228e-07
 Reference value :  2.54645e-07
 Reference value :  2.55062e-07
 Reference value :  2.55478e-07
 Reference value :  2.55910e-07
 Reference value :  2.56342e-07
 Reference value :  2.56759e-07
 Reference value :  2.57191e-07
 Reference value :  2.57608e-07
 Reference value :  2.58040e-07
 Reference value :  2.58456e-07
 Reference value :  2.58888e-07
 Reference value :  2.59305e-07
 Reference value :  2.59706e-07
 Reference value :  2.60107e-07
 Reference value :  2.60493e-07
 Reference value :  2.60894e-07
 Reference value :  2.61280e-07
 Reference value :  2.61666e-07
 Reference value :  2.62067e-07
 Reference value :  2.62453e-07
 Reference value :  2.62838e-07
 Reference value :  2.63224e-07
 Reference value :  2.63610e-07
 Reference value :  2.64011e-07
 Reference value :  2.64412e-07
 Reference value :  2.64829e-07
 Reference value :  2.65245e-07
 Reference value :  2.65662e-07
 Reference value :  2.66079e-07
 Reference value :  2.66495e-07
 Reference value :  2.66912e-07
 Reference value :  2.67328e-07
 Reference value :  2.67745e-07
 Reference value :  2.68162e-07
 Reference value :  2.68547e-07
 Reference value :  2.68949e-07
 Reference value :  2.69365e-07
 Reference value :  2.69782e-07
 Reference value :  2.70198e-07
 Reference value :  2.70600e-07
 Reference value :  2.71016e-07
 Reference value :  2.71402e-07
 Reference value :  2.71803e-07
 Reference value :  2.72204e-07
 Reference value :  2.72606e-07
 Reference value :  2.73007e-07
 Reference value :  2.73392e-07
 Reference value :  2.73809e-07
 Reference value :  2.74210e-07
 Reference value :  2.74611e-07
 Reference value :  2.75028e-07
 Reference value :  2.75429e-07
 Reference value :  2.75830e-07
 Reference value :  2.76247e-07
 Reference value :  2.76648e-07
 Reference value :  2.77065e-07
 Reference value :  2.77481e-07
 Reference value :  2.77883e-07
 Reference value :  2.78284e-07
 Reference value :  2.78685e-07
 Reference value :  2.79102e-07
 Reference value :  2.79518e-07
 Reference value :  2.79950e-07
 Reference value :  2.80367e-07
 Reference value :  2.80799e-07
 Reference value :  2.81215e-07
 Reference value :  2.81647e-07
 Reference value :  2.82064e-07
 Reference value :  2.82481e-07
 Reference value :  2.82913e-07
 Reference value :  2.83345e-07
 Reference value :  2.83777e-07
 Reference value :  2.84193e-07
 Reference value :  2.84610e-07
 Reference value :  2.85027e-07
 Reference value :  2.85443e-07
 Reference value :  2.85875e-07
 Reference value :  2.86292e-07
 Reference value :  2.86709e-07
 Reference value :  2.87141e-07
 Reference value :  2.87557e-07
 Reference value :  2.87974e-07
 Reference value :  2.88390e-07
 Reference value :  2.88822e-07
 Reference value :  2.89239e-07
 Reference value :  2.89656e-07
 Reference value :  2.90088e-07
 Reference value :  2.90504e-07
 Reference value :  2.90921e-07
 Reference value :  2.91338e-07
 Reference value :  2.91754e-07
 Reference value :  2.92171e-07
 Reference value :  2.92587e-07
 Reference value :  2.93004e-07
 Reference value :  2.93421e-07
 Reference value :  2.93837e-07
 Reference value :  2.94254e-07
 Reference value :  2.94670e-07
 Reference value :  2.95102e-07
 Reference value :  2.95519e-07
 Reference value :  2.95936e-07
 Reference value :  2.96352e-07
 Reference value :  2.96769e-07
 Reference value :  2.97186e-07
 Reference value :  2.97602e-07
 Reference value :  2.98019e-07
 Reference value :  2.98451e-07
 Reference value :  2.98867e-07
 Reference value :  2.99284e-07
 Reference value :  2.99685e-07
 Reference value :  3.00102e-07
 Reference value :  3.00534e-07
 Reference value :  3.00950e-07
 Reference value :  3.01367e-07
 Reference value :  3.01784e-07
 Reference value :  3.02216e-07
 Reference value :  3.02632e-07
 Reference value :  3.03049e-07
 Reference value :  3.03481e-07
 Reference value :  3.03898e-07
 Reference value :  3.04314e-07
 Reference value :  3.04746e-07
 Reference value :  3.05163e-07
 Reference value :  3.05595e-07
 Reference value :  3.06011e-07
 Reference value :  3.06428e-07
 Reference value :  3.06829e-07
 Reference value :  3.07261e-07
 Reference value :  3.07678e-07
 Reference value :  3.08079e-07
 Reference value :  3.08496e-07
 Reference value :  3.08897e-07
 Reference value :  3.09329e-07
 Reference value :  3.09746e-07
 Reference value :  3.10162e-07
 Reference value :  3.10579e-07
 Reference value :  3.10995e-07
 Reference value :  3.11427e-07
 Reference value :  3.11844e-07
 Reference value :  3.12261e-07
 Reference value :  3.12677e-07
 Reference value :  3.13094e-07
 Reference value :  3.13510e-07
 Reference value :  3.13927e-07
 Reference value :  3.14359e-07
 Reference value :  3.14791e-07
 Reference value :  3.15208e-07
 Reference value :  3.15624e-07
 Reference value :  3.16041e-07
 Reference value :  3.16442e-07
 Reference value :  3.16828e-07
 Reference value :  3.17245e-07
 Reference value :  3.17661e-07
 Reference value :  3.18078e-07
 Reference value :  3.18494e-07
 Reference value :  3.18911e-07
 Reference value :  3.19328e-07
 Reference value :  3.19760e-07
 Reference value :  3.20176e-07
 Reference value :  3.20608e-07
 Reference value :  3.21025e-07
 Reference value :  3.21441e-07
 Reference value :  3.21858e-07
 Reference value :  3.22275e-07
 Reference value :  3.22691e-07
 Reference value :  3.23108e-07
 Reference value :  3.23540e-07
 Reference value :  3.23957e-07
 Reference value :  3.24373e-07
 Reference value :  3.24805e-07
 Reference value :  3.25222e-07
 Reference value :  3.25638e-07
 Reference value :  3.26055e-07
 Reference value :  3.26472e-07
 Reference value :  3.26888e-07
 Reference value :  3.27305e-07
 Reference value :  3.27721e-07
 Reference value :  3.28138e-07
 Reference value :  3.28570e-07
 Reference value :  3.28987e-07
 Reference value :  3.29403e-07
 Reference value :  3.29820e-07
 Reference value :  3.30221e-07
 Reference value :  3.30622e-07
 Reference value :  3.31023e-07
 Reference value :  3.31440e-07
 Reference value :  3.31857e-07
 Reference value :  3.32273e-07
 Reference value :  3.32675e-07
 Reference value :  3.33091e-07
 Reference value :  3.33508e-07
 Reference value :  3.33909e-07
 Reference value :  3.34310e-07
 Reference value :  3.34711e-07
 Reference value :  3.35112e-07
 Reference value :  3.35514e-07
 Reference value :  3.35930e-07
 Reference value :  3.36347e-07
 Reference value :  3.36763e-07
 Reference value :  3.37180e-07
 Reference value :  3.37597e-07
 Reference value :  3.38013e-07
 Reference value :  3.38430e-07
 Reference value :  3.38847e-07
 Reference value :  3.39263e-07
 Reference value :  3.39664e-07
 Reference value :  3.40081e-07
 Reference value :  3.40498e-07
 Reference value :  3.40914e-07
 Reference value :  3.41315e-07
 Reference value :  3.41716e-07
 Reference value :  3.42118e-07
 Reference value :  3.42519e-07
 Reference value :  3.42920e-07
 Reference value :  3.43337e-07
 Reference value :  3.43753e-07
 Reference value :  3.44170e-07
 Reference value :  3.44586e-07
 Reference value :  3.45003e-07
 Reference value :  3.45420e-07
 Reference value :  3.45836e-07
 Reference value :  3.46253e-07
 Reference value :  3.46670e-07
 Reference value :  3.47086e-07
 Reference value :  3.47503e-07
 Reference value :  3.47919e-07
 Reference value :  3.48336e-07
 Reference value :  3.48737e-07
 Reference value :  3.49154e-07
 Reference value :  3.49570e-07
 Reference value :  3.49987e-07
 Reference value :  3.50404e-07
 Reference value :  3.50820e-07
 Reference value :  3.51237e-07
 Reference value :  3.51653e-07
 Reference value :  3.52055e-07
 Reference value :  3.52456e-07
 Reference value :  3.52857e-07
 Reference value :  3.53258e-07
 Reference value :  3.53659e-07
 Reference value :  3.54076e-07
 Reference value :  3.54493e-07
 Reference value :  3.54909e-07
 Reference value :  3.55310e-07
 Reference value :  3.55727e-07
 Reference value :  3.56144e-07
 Reference value :  3.56560e-07
 Reference value :  3.56977e-07
 Reference value :  3.57393e-07
 Reference value :  3.57810e-07
 Reference value :  3.58257e-07
 Reference value :  3.58720e-07
 Reference value :  3.59183e-07
 Reference value :  3.59646e-07
 Reference value :  3.60109e-07
 Reference value :  3.60587e-07
 Reference value :  3.61050e-07
 Reference value :  3.61513e-07
 Reference value :  3.61976e-07
 Reference value :  3.62439e-07
 Reference value :  3.62886e-07
 Reference value :  3.63288e-07
 Reference value :  3.63689e-07
 Reference value :  3.64105e-07
 Reference value :  3.64507e-07
 Reference value :  3.64908e-07
 Reference value :  3.65309e-07
 Reference value :  3.65710e-07
 Reference value :  3.66127e-07
 Reference value :  3.66528e-07
 Reference value :  3.66929e-07
 Reference value :  3.67315e-07
 Reference value :  3.67716e-07
 Reference value :  3.68117e-07
 Reference value :  3.68534e-07
 Reference value :  3.68935e-07
 Reference value :  3.69336e-07
 Reference value :  3.69737e-07
 Reference value :  3.70154e-07
 Reference value :  3.70571e-07
 Reference value :  3.70987e-07
 Reference value :  3.71404e-07
 Reference value :  3.71820e-07
 Reference value :  3.72222e-07
 Reference value :  3.72638e-07
 Reference value :  3.73055e-07
 Reference value :  3.73456e-07
 Reference value :  3.73873e-07
 Reference value :  3.74274e-07
 Reference value :  3.74706e-07
 Reference value :  3.75122e-07
 Reference value :  3.75539e-07
 Reference value :  3.75956e-07
 Reference value :  3.76357e-07
 Reference value :  3.76773e-07
 Reference value :  3.77190e-07
 Reference value :  3.77607e-07
 Reference value :  3.78023e-07
 Reference value :  3.78440e-07
 Reference value :  3.78856e-07
 Reference value :  3.79273e-07
 Reference value :  3.79690e-07
 Reference value :  3.80106e-07
 Reference value :  3.80523e-07
 Reference value :  3.80955e-07
 Reference value :  3.81372e-07
 Reference value :  3.81804e-07
 Reference value :  3.82220e-07
 Reference value :  3.82637e-07
 Reference value :  3.83069e-07
 Reference value :  3.83485e-07
 Reference value :  3.83918e-07
 Reference value :  3.84334e-07
 Reference value :  3.84766e-07
 Reference value :  3.85198e-07
 Reference value :  3.85599e-07
 Reference value :  3.86031e-07
 Reference value :  3.86448e-07
 Reference value :  3.86865e-07
 Reference value :  3.87281e-07
 Reference value :  3.87698e-07
 Reference value :  3.88130e-07
 Reference value :  3.88670e-07
 Reference value :  3.89287e-07
 Reference value :  3.89889e-07
 Reference value :  3.90506e-07
 Reference value :  3.91139e-07
 Reference value :  3.91725e-07
 Reference value :  3.92281e-07
 Reference value :  3.92743e-07
 Reference value :  3.93206e-07
 Reference value :  3.93808e-07
 Reference value :  3.94410e-07
 Reference value :  3.95027e-07
 Reference value :  3.95644e-07
 Reference value :  3.96262e-07
 Reference value :  3.96894e-07
 Reference value :  3.97511e-07
 Reference value :  3.98144e-07
 Reference value :  3.98699e-07
 Reference value :  3.99317e-07
 Reference value :  3.99949e-07
 Reference value :  4.00536e-07
 Reference value :  4.01184e-07
 Reference value :  4.01832e-07
 Reference value :  4.02449e-07
 Reference value :  4.03082e-07
 Reference value :  4.03730e-07
 Reference value :  4.04409e-07
 Reference value :  4.05026e-07
 Reference value :  4.05705e-07
 Reference value :  4.06384e-07
 Reference value :  4.06970e-07
 Reference value :  4.07525e-07
 Reference value :  4.08019e-07
 Reference value :  4.08667e-07
 Reference value :  4.09284e-07
 Reference value :  4.09963e-07
 Reference value :  4.10642e-07
 Reference value :  4.11290e-07
 Reference value :  4.11938e-07
 Reference value :  4.12556e-07
 Reference value :  4.13235e-07
 Reference value :  4.13852e-07
 Reference value :  4.14315e-07
 Reference value :  4.14916e-07
 Reference value :  4.15580e-07
 Reference value :  4.16274e-07
 Reference value :  4.16969e-07
 Reference value :  4.17601e-07
 Reference value :  4.18296e-07
 Reference value :  4.18928e-07
 Reference value :  4.19623e-07
 Reference value :  4.20286e-07
 Reference value :  4.20934e-07
 Reference value :  4.21582e-07
 Reference value :  4.22169e-07
 Reference value :  4.22755e-07
 Reference value :  4.23341e-07
 Reference value :  4.23928e-07
 Reference value :  4.24545e-07
 Reference value :  4.25131e-07
 Reference value :  4.25733e-07
 Reference value :  4.26335e-07
 Reference value :  4.27044e-07
 Reference value :  4.27754e-07
 Reference value :  4.28449e-07
 Reference value :  4.29158e-07
 Reference value :  4.29806e-07
 Reference value :  4.30470e-07
 Reference value :  4.31149e-07
 Reference value :  4.31812e-07
 Reference value :  4.32522e-07
 Reference value :  4.33170e-07
 Reference value :  4.33880e-07
 Reference value :  4.34574e-07
 Reference value :  4.35238e-07
 Reference value :  4.35932e-07
 Reference value :  4.36380e-07
 Reference value :  4.36904e-07
 Reference value :  4.37614e-07
 Reference value :  4.38324e-07
 Reference value :  4.39018e-07
 Reference value :  4.39666e-07
 Reference value :  4.40360e-07
 Reference value :  4.40978e-07
 Reference value :  4.41657e-07
 Reference value :  4.42366e-07
 Reference value :  4.42999e-07
 Reference value :  4.43693e-07
 Reference value :  4.44341e-07
 Reference value :  4.45051e-07
 Reference value :  4.45746e-07
 Reference value :  4.46347e-07
 Reference value :  4.46965e-07
 Reference value :  4.47505e-07
 Reference value :  4.48230e-07
 Reference value :  4.48909e-07
 Reference value :  4.49541e-07
 Reference value :  4.50174e-07
 Reference value :  4.50760e-07
 Reference value :  4.51455e-07
 Reference value :  4.52087e-07
 Reference value :  4.52766e-07
 Reference value :  4.53368e-07
 Reference value :  4.53923e-07
 Reference value :  4.54386e-07
 Reference value :  4.54849e-07
 Reference value :  4.55312e-07
 Reference value :  4.55775e-07
 Reference value :  4.56223e-07
 Reference value :  4.56685e-07
 Reference value :  4.57148e-07
 Reference value :  4.57611e-07
 Reference value :  4.58074e-07
 Reference value :  4.58537e-07
 Reference value :  4.59000e-07
 Reference value :  4.59447e-07
 Reference value :  4.59926e-07
 Reference value :  4.60404e-07
 Reference value :  4.60882e-07
 Reference value :  4.61361e-07
 Reference value :  4.61824e-07
 Reference value :  4.62302e-07
 Reference value :  4.62780e-07
 Reference value :  4.63259e-07
 Reference value :  4.63737e-07
 Reference value :  4.64215e-07
 Reference value :  4.64694e-07
 Reference value :  4.65156e-07
 Reference value :  4.65635e-07
 Reference value :  4.66098e-07
 Reference value :  4.66561e-07
 Reference value :  4.67039e-07
 Reference value :  4.67502e-07
 Reference value :  4.67980e-07
 Reference value :  4.68459e-07
 Reference value :  4.68937e-07
 Reference value :  4.69415e-07
 Reference value :  4.69971e-07
 Reference value :  4.70634e-07
 Reference value :  4.71267e-07
 Reference value :  4.71776e-07
 Reference value :  4.72239e-07
 Reference value :  4.72702e-07
 Reference value :  4.73180e-07
 Reference value :  4.73658e-07
 Reference value :  4.74121e-07
 Reference value :  4.74584e-07
 Reference value :  4.75047e-07
 Reference value :  4.75495e-07
 Reference value :  4.75942e-07
 Reference value :  4.76405e-07
 Reference value :  4.76868e-07
 Reference value :  4.77315e-07
 Reference value :  4.77778e-07
 Reference value :  4.78241e-07
 Reference value :  4.78719e-07
 Reference value :  4.79198e-07
 Reference value :  4.79661e-07
 Reference value :  4.80139e-07
 Reference value :  4.80602e-07
 Reference value :  4.81065e-07
 Reference value :  4.81528e-07
 Reference value :  4.81991e-07
 Reference value :  4.82469e-07
 Reference value :  4.82932e-07
 Reference value :  4.83410e-07
 Reference value :  4.83873e-07
 Reference value :  4.84351e-07
 Reference value :  4.84830e-07
 Reference value :  4.85308e-07
 Reference value :  4.85786e-07
 Reference value :  4.86249e-07
 Reference value :  4.86728e-07
 Reference value :  4.87191e-07
 Reference value :  4.87653e-07
 Reference value :  4.88132e-07
 Reference value :  4.88595e-07
 Reference value :  4.89058e-07
 Reference value :  4.89536e-07
 Reference value :  4.89999e-07
 Reference value :  4.90462e-07
 Reference value :  4.90925e-07
 Reference value :  4.91403e-07
 Reference value :  4.91866e-07
 Reference value :  4.92329e-07
 Reference value :  4.92807e-07
 Reference value :  4.93270e-07
 Reference value :  4.93748e-07
 Reference value :  4.94211e-07
 Reference value :  4.94674e-07
 Reference value :  4.95137e-07
 Reference value :  4.95600e-07
 Reference value :  4.96063e-07
 Reference value :  4.96526e-07
 Reference value :  4.96989e-07
 Reference value :  4.97451e-07
 Reference value :  4.97914e-07
 Reference value :  4.98362e-07
 Reference value :  4.98825e-07
 Reference value :  4.99303e-07
 Reference value :  4.99766e-07
 Reference value :  5.00229e-07
 Reference value :  5.00707e-07
 Reference value :  5.01170e-07
 Reference value :  5.01618e-07
 Reference value :  5.02204e-07
 Reference value :  5.02775e-07
 Reference value :  5.03392e-07
 Reference value :  5.04009e-07
 Reference value :  5.04657e-07
 Reference value :  5.05274e-07
 Reference value :  5.05923e-07
 Reference value :  5.06555e-07
 Reference value :  5.07188e-07
 Reference value :  5.07851e-07
 Reference value :  5.08468e-07
 Reference value :  5.08993e-07
 Reference value :  5.09456e-07
 Reference value :  5.09919e-07
 Reference value :  5.10397e-07
 Reference value :  5.10860e-07
 Reference value :  5.11493e-07
 Reference value :  5.12141e-07
 Reference value :  5.12758e-07
 Reference value :  5.13375e-07
 Reference value :  5.13962e-07
 Reference value :  5.14594e-07
 Reference value :  5.15227e-07
 Reference value :  5.15813e-07
 Reference value :  5.16446e-07
 Reference value :  5.17094e-07
 Reference value :  5.17742e-07
 Reference value :  5.18236e-07
 Reference value :  5.18699e-07
 Reference value :  5.19177e-07
 Reference value :  5.19640e-07
 Reference value :  5.20103e-07
 Reference value :  5.20566e-07
 Reference value :  5.21044e-07
 Reference value :  5.21507e-07
 Reference value :  5.21970e-07
 Reference value :  5.22433e-07
 Reference value :  5.22896e-07
 Reference value :  5.23405e-07
 Reference value :  5.24053e-07
 Reference value :  5.24716e-07
 Reference value :  5.25441e-07
 Reference value :  5.26105e-07
 Reference value :  5.26815e-07
 Reference value :  5.27447e-07
 Reference value :  5.27987e-07
 Reference value :  5.28636e-07
 Reference value :  5.29191e-07
 Reference value :  5.29808e-07
 Reference value :  5.30425e-07
 Reference value :  5.31012e-07
 Reference value :  5.31475e-07
 Reference value :  5.31938e-07
 Reference value :  5.32400e-07
 Reference value :  5.32940e-07
 Reference value :  5.33465e-07
 Reference value :  5.33913e-07
 Reference value :  5.34375e-07
 Reference value :  5.34838e-07
 Reference value :  5.35301e-07
 Reference value :  5.35764e-07
 Reference value :  5.36227e-07
 Reference value :  5.36675e-07
 Reference value :  5.37107e-07
 Reference value :  5.37539e-07
 Reference value :  5.37986e-07
 Reference value :  5.38418e-07
 Reference value :  5.38866e-07
 Reference value :  5.39313e-07
 Reference value :  5.39761e-07
 Reference value :  5.40208e-07
 Reference value :  5.40655e-07
 Reference value :  5.41103e-07
 Reference value :  5.41566e-07
 Reference value :  5.42013e-07
 Reference value :  5.42476e-07
 Reference value :  5.43063e-07
 Reference value :  5.43680e-07
 Reference value :  5.44282e-07
 Reference value :  5.44930e-07
 Reference value :  5.45562e-07
 Reference value :  5.46179e-07
 Reference value :  5.46673e-07
 Reference value :  5.47136e-07
 Reference value :  5.47599e-07
 Reference value :  5.48062e-07
 Reference value :  5.48525e-07
 Reference value :  5.48988e-07
 Reference value :  5.49451e-07
 Reference value :  5.49913e-07
 Reference value :  5.50392e-07
 Reference value :  5.50855e-07
 Reference value :  5.51318e-07
 Reference value :  5.51781e-07
 Reference value :  5.52259e-07
 Reference value :  5.52722e-07
 Reference value :  5.53185e-07
 Reference value :  5.53648e-07
 Reference value :  5.54110e-07
 Reference value :  5.54573e-07
 Reference value :  5.55052e-07
 Reference value :  5.55515e-07
 Reference value :  5.55993e-07
 Reference value :  5.56471e-07
 Reference value :  5.56934e-07
 Reference value :  5.57397e-07
 Reference value :  5.57860e-07
 Reference value :  5.58323e-07
 Reference value :  5.58786e-07
 Reference value :  5.59249e-07
 Reference value :  5.59712e-07
 Reference value :  5.60190e-07
 Reference value :  5.60653e-07
 Reference value :  5.61116e-07
 Reference value :  5.61579e-07
 Reference value :  5.62057e-07
 Reference value :  5.62520e-07
 Reference value :  5.63075e-07
 Reference value :  5.63770e-07
 Reference value :  5.64418e-07
 Reference value :  5.65035e-07
 Reference value :  5.65683e-07
 Reference value :  5.66146e-07
 Reference value :  5.66609e-07
 Reference value :  5.67072e-07
 Reference value :  5.67535e-07
 Reference value :  5.67997e-07
 Reference value :  5.68460e-07
 Reference value :  5.68923e-07
 Reference value :  5.69479e-07
 Reference value :  5.70127e-07
 Reference value :  5.70636e-07
 Reference value :  5.71099e-07
 Reference value :  5.71562e-07
 Reference value :  5.72025e-07
 Reference value :  5.72488e-07
 Reference value :  5.72950e-07
 Reference value :  5.73398e-07
 Reference value :  5.73861e-07
 Reference value :  5.74324e-07
 Reference value :  5.74787e-07
 Reference value :  5.75250e-07
 Reference value :  5.75712e-07
 Reference value :  5.76175e-07
 Reference value :  5.76638e-07
 Reference value :  5.77101e-07
 Reference value :  5.77564e-07
 Reference value :  5.78027e-07
 Reference value :  5.78490e-07
 Reference value :  5.78953e-07
 Reference value :  5.79416e-07
 Reference value :  5.79879e-07
 Reference value :  5.80326e-07
 Reference value :  5.80789e-07
 Reference value :  5.81252e-07
 Reference value :  5.81715e-07
 Reference value :  5.82178e-07
 Reference value :  5.82795e-07
 Reference value :  5.83397e-07
 Reference value :  5.83983e-07
 Reference value :  5.84554e-07
 Reference value :  5.85125e-07
 Reference value :  5.85742e-07
 Reference value :  5.86390e-07
 Reference value :  5.86915e-07
 Reference value :  5.87378e-07
 Reference value :  5.87840e-07
 Reference value :  5.88319e-07
 Reference value :  5.88905e-07
 Reference value :  5.89507e-07
 Reference value :  5.89970e-07
 Reference value :  5.90433e-07
 Reference value :  5.90896e-07
 Reference value :  5.91358e-07
 Reference value :  5.91821e-07
 Reference value :  5.92300e-07
 Reference value :  5.92763e-07
 Reference value :  5.93225e-07
 Reference value :  5.93688e-07
 Reference value :  5.94151e-07
 Reference value :  5.94614e-07
 Reference value :  5.95031e-07
 Reference value :  5.95447e-07
 Reference value :  5.95864e-07
 Reference value :  5.96281e-07
 Reference value :  5.96697e-07
 Reference value :  5.97114e-07
 Reference value :  5.97530e-07
 Reference value :  5.97932e-07
 Reference value :  5.98333e-07
 Reference value :  5.98749e-07
 Reference value :  5.99181e-07
 Reference value :  5.99614e-07
 Reference value :  6.00030e-07
 Reference value :  6.00447e-07
 Reference value :  6.00863e-07
 Reference value :  6.01295e-07
 Reference value :  6.01712e-07
 Reference value :  6.02129e-07
 Reference value :  6.02561e-07
 Reference value :  6.02977e-07
 Reference value :  6.03378e-07
 Reference value :  6.03780e-07
 Reference value :  6.04181e-07
 Reference value :  6.04582e-07
 Reference value :  6.04999e-07
 Reference value :  6.05415e-07
 Reference value :  6.05816e-07
 Reference value :  6.06218e-07
 Reference value :  6.06634e-07
 Reference value :  6.07051e-07
 Reference value :  6.07467e-07
 Reference value :  6.07884e-07
 Reference value :  6.08301e-07
 Reference value :  6.08717e-07
 Reference value :  6.09134e-07
 Reference value :  6.09550e-07
 Reference value :  6.09952e-07
 Reference value :  6.10353e-07
 Reference value :  6.10769e-07
 Reference value :  6.11186e-07
 Reference value :  6.11603e-07
 Reference value :  6.12019e-07
 Reference value :  6.12436e-07
 Reference value :  6.12868e-07
 Reference value :  6.13284e-07
 Reference value :  6.13701e-07
 Reference value :  6.14102e-07
 Reference value :  6.14503e-07
 Reference value :  6.14889e-07
 Reference value :  6.15306e-07
 Reference value :  6.15722e-07
 Reference value :  6.16124e-07
 Reference value :  6.16556e-07
 Reference value :  6.16957e-07
 Reference value :  6.17373e-07
 Reference value :  6.17805e-07
 Reference value :  6.18222e-07
 Reference value :  6.18639e-07
 Reference value :  6.19040e-07
 Reference value :  6.19456e-07
 Reference value :  6.19873e-07
 Reference value :  6.20305e-07
 Reference value :  6.20722e-07
 Reference value :  6.21138e-07
 Reference value :  6.21570e-07
 Reference value :  6.21987e-07
 Reference value :  6.22404e-07
 Reference value :  6.22820e-07
 Reference value :  6.23221e-07
 Reference value :  6.23623e-07
 Reference value :  6.24024e-07
 Reference value :  6.24440e-07
 Reference value :  6.24857e-07
 Reference value :  6.25274e-07
 Reference value :  6.25675e-07
 Reference value :  6.26091e-07
 Reference value :  6.26493e-07
 Reference value :  6.26894e-07
 Reference value :  6.27310e-07
 Reference value :  6.27727e-07
 Reference value :  6.28144e-07
 Reference value :  6.28560e-07
 Reference value :  6.28977e-07
 Reference value :  6.29393e-07
 Reference value :  6.29825e-07
 Reference value :  6.30242e-07
 Reference value :  6.30659e-07
 Reference value :  6.31060e-07
 Reference value :  6.31461e-07
 Reference value :  6.31847e-07
 Reference value :  6.32263e-07
 Reference value :  6.32680e-07
 Reference value :  6.33097e-07
 Reference value :  6.33529e-07
 Reference value :  6.33945e-07
 Reference value :  6.34362e-07
 Reference value :  6.34778e-07
 Reference value :  6.35195e-07
 Reference value :  6.35612e-07
 Reference value :  6.36028e-07
 Reference value :  6.36445e-07
 Reference value :  6.36877e-07
 Reference value :  6.37294e-07
 Reference value :  6.37726e-07
 Reference value :  6.38158e-07
 Reference value :  6.38559e-07
 Reference value :  6.38960e-07
 Reference value :  6.39361e-07
 Reference value :  6.39762e-07
 Reference value :  6.40164e-07
 Reference value :  6.40565e-07
 Reference value :  6.40966e-07
 Reference value :  6.41367e-07
 Reference value :  6.41768e-07
 Reference value :  6.42169e-07
 Reference value :  6.42571e-07
 Reference value :  6.42972e-07
 Reference value :  6.43373e-07
 Reference value :  6.43790e-07
 Reference value :  6.44206e-07
 Reference value :  6.44638e-07
 Reference value :  6.45070e-07
 Reference value :  6.45487e-07
 Reference value :  6.45919e-07
 Reference value :  6.46320e-07
 Reference value :  6.46706e-07
 Reference value :  6.47076e-07
 Reference value :  6.47447e-07
 Reference value :  6.47848e-07
 Reference value :  6.48218e-07
 Reference value :  6.48604e-07
 Reference value :  6.48990e-07
 Reference value :  6.49375e-07
 Reference value :  6.49776e-07
 Reference value :  6.50178e-07
 Reference value :  6.50579e-07
 Reference value :  6.50980e-07
 Reference value :  6.51366e-07
 Reference value :  6.51767e-07
 Reference value :  6.52153e-07
 Reference value :  6.52554e-07
 Reference value :  6.52955e-07
 Reference value :  6.53372e-07
 Reference value :  6.53788e-07
 Reference value :  6.54205e-07
 Reference value :  6.54621e-07
 Reference value :  6.55038e-07
 Reference value :  6.55455e-07
 Reference value :  6.55856e-07
 Reference value :  6.56257e-07
 Reference value :  6.56643e-07
 Reference value :  6.57029e-07
 Reference value :  6.57430e-07
 Reference value :  6.57831e-07
 Reference value :  6.58232e-07
 Reference value :  6.58649e-07
 Reference value :  6.59050e-07
 Reference value :  6.59451e-07
 Reference value :  6.59852e-07
 Reference value :  6.60269e-07
 Reference value :  6.60655e-07
 Reference value :  6.61025e-07
 Reference value :  6.61395e-07
 Reference value :  6.61750e-07
 Reference value :  6.62151e-07
 Reference value :  6.62552e-07
 Reference value :  6.62954e-07
 Reference value :  6.63355e-07
 Reference value :  6.63771e-07
 Reference value :  6.64188e-07
 Reference value :  6.64605e-07
 Reference value :  6.65021e-07
 Reference value :  6.65422e-07
 Reference value :  6.65824e-07
 Reference value :  6.66209e-07
 Reference value :  6.66611e-07
 Reference value :  6.67027e-07
 Reference value :  6.67444e-07
 Reference value :  6.67860e-07
 Reference value :  6.68277e-07
 Reference value :  6.68694e-07
 Reference value :  6.69110e-07
 Reference value :  6.69527e-07
 Reference value :  6.69943e-07
 Reference value :  6.70360e-07
 Reference value :  6.70761e-07
 Reference value :  6.71147e-07
 Reference value :  6.71533e-07
 Reference value :  6.71918e-07
 Reference value :  6.72320e-07
 Reference value :  6.72721e-07
 Reference value :  6.73107e-07
 Reference value :  6.73523e-07
 Reference value :  6.73940e-07
 Reference value :  6.74356e-07
 Reference value :  6.74773e-07
 Reference value :  6.75174e-07
 Reference value :  6.75591e-07
 Reference value :  6.75977e-07
 Reference value :  6.76393e-07
 Reference value :  6.76794e-07
 Reference value :  6.77196e-07
 Reference value :  6.77597e-07
 Reference value :  6.78013e-07
 Reference value :  6.78415e-07
 Reference value :  6.78816e-07
 Reference value :  6.79217e-07
 Reference value :  6.79633e-07
 Reference value :  6.80050e-07
 Reference value :  6.80451e-07
 Reference value :  6.80883e-07
 Reference value :  6.81315e-07
 Reference value :  6.81732e-07
 Reference value :  6.82149e-07
 Reference value :  6.82565e-07
 Reference value :  6.82982e-07
 Reference value :  6.83414e-07
 Reference value :  6.83830e-07
 Reference value :  6.84262e-07
 Reference value :  6.84679e-07
 Reference value :  6.85111e-07
 Reference value :  6.85528e-07
 Reference value :  6.85944e-07
 Reference value :  6.86361e-07
 Reference value :  6.86778e-07
 Reference value :  6.87194e-07
 Reference value :  6.87611e-07
 Reference value :  6.88012e-07
 Reference value :  6.88413e-07
 Reference value :  6.88830e-07
 Reference value :  6.89246e-07
 Reference value :  6.89648e-07
 Reference value :  6.90049e-07
 Reference value :  6.90434e-07
 Reference value :  6.90820e-07
 Reference value :  6.91221e-07
 Reference value :  6.91623e-07
 Reference value :  6.92024e-07
 Reference value :  6.92425e-07
 Reference value :  6.92826e-07
 Reference value :  6.93227e-07
 Reference value :  6.93628e-07
 Reference value :  6.94030e-07
 Reference value :  6.94431e-07
 Reference value :  6.94847e-07
 Reference value :  6.95249e-07
 Reference value :  6.95665e-07
 Reference value :  6.96082e-07
 Reference value :  6.96498e-07
 Reference value :  6.96915e-07
 Reference value :  6.97332e-07
 Reference value :  6.97748e-07
 Reference value :  6.98180e-07
 Reference value :  6.98582e-07
 Reference value :  6.98967e-07
 Reference value :  6.99368e-07
 Reference value :  6.99754e-07
 Reference value :  7.00155e-07
 Reference value :  7.00557e-07
 Reference value :  7.00973e-07
 Reference value :  7.01405e-07
 Reference value :  7.01837e-07
 Reference value :  7.02269e-07
 Reference value :  7.02686e-07
 Reference value :  7.03103e-07
 Reference value :  7.03504e-07
 Reference value :  7.03920e-07
 Reference value :  7.04337e-07
 Reference value :  7.04754e-07
 Reference value :  7.05170e-07
 Reference value :  7.05587e-07
 Reference value :  7.06003e-07
 Reference value :  7.06420e-07
 Reference value :  7.06837e-07
 Reference value :  7.07253e-07
 Reference value :  7.07670e-07
 Reference value :  7.08086e-07
 Reference value :  7.08488e-07
 Reference value :  7.08889e-07
 Reference value :  7.09275e-07
 Reference value :  7.09676e-07
 Reference value :  7.10077e-07
 Reference value :  7.10463e-07
 Reference value :  7.10864e-07
 Reference value :  7.11280e-07
 Reference value :  7.11682e-07
 Reference value :  7.12098e-07
 Reference value :  7.12499e-07
 Reference value :  7.12916e-07
 Reference value :  7.13333e-07
 Reference value :  7.13749e-07
 Reference value :  7.14150e-07
 Reference value :  7.14567e-07
 Reference value :  7.14984e-07
 Reference value :  7.15400e-07
 Reference value :  7.15817e-07
 Reference value :  7.16233e-07
 Reference value :  7.16650e-07
 Reference value :  7.17067e-07
 Reference value :  7.17483e-07
 Reference value :  7.17900e-07
 Reference value :  7.18316e-07
 Reference value :  7.18687e-07
 Reference value :  7.19103e-07
 Reference value :  7.19505e-07
 Reference value :  7.19906e-07
 Reference value :  7.20307e-07
 Reference value :  7.20724e-07
 Reference value :  7.21140e-07
 Reference value :  7.21557e-07
 Reference value :  7.21973e-07
 Reference value :  7.22390e-07
 Reference value :  7.22807e-07
 Reference value :  7.23223e-07
 Reference value :  7.23640e-07
 Reference value :  7.24056e-07
 Reference value :  7.24473e-07
 Reference value :  7.24890e-07
 Reference value :  7.25291e-07
 Reference value :  7.25692e-07
 Reference value :  7.26109e-07
 Reference value :  7.26510e-07
 Reference value :  7.26911e-07
 Reference value :  7.27328e-07
 Reference value :  7.27729e-07
 Reference value :  7.28130e-07
 Reference value :  7.28547e-07
 Reference value :  7.28963e-07
 Reference value :  7.29380e-07
 Reference value :  7.29796e-07
 Reference value :  7.30213e-07
 Reference value :  7.30614e-07
 Reference value :  7.31015e-07
 Reference value :  7.31417e-07
 Reference value :  7.31818e-07
 Reference value :  7.32234e-07
 Reference value :  7.32636e-07
 Reference value :  7.33037e-07
 Reference value :  7.33438e-07
 Reference value :  7.33839e-07
 Reference value :  7.34256e-07
 Reference value :  7.34657e-07
 Reference value :  7.35058e-07
 Reference value :  7.35459e-07
 Reference value :  7.35860e-07
 Reference value :  7.36277e-07
 Reference value :  7.36694e-07
 Reference value :  7.37110e-07
 Reference value :  7.37496e-07
 Reference value :  7.37882e-07
 Reference value :  7.38283e-07
 Reference value :  7.38684e-07
 Reference value :  7.39085e-07
 Reference value :  7.39486e-07
 Reference value :  7.39888e-07
 Reference value :  7.40273e-07
 Reference value :  7.40675e-07
 Reference value :  7.41076e-07
 Reference value :  7.41477e-07
 Reference value :  7.41878e-07
 Reference value :  7.42295e-07
 Reference value :  7.42711e-07
 Reference value :  7.43128e-07
 Reference value :  7.43545e-07
 Reference value :  7.43977e-07
 Reference value :  7.44393e-07
 Reference value :  7.44825e-07
 Reference value :  7.45242e-07
 Reference value :  7.45658e-07
 Reference value :  7.46090e-07
 Reference value :  7.46507e-07
 Reference value :  7.46924e-07
 Reference value :  7.47340e-07
 Reference value :  7.47757e-07
 Reference value :  7.48174e-07
 Reference value :  7.48575e-07
 Reference value :  7.48991e-07
 Reference value :  7.49408e-07
 Reference value :  7.49825e-07
 Reference value :  7.50257e-07
 Reference value :  7.50673e-07
 Reference value :  7.51105e-07
 Reference value :  7.51537e-07
 Reference value :  7.51969e-07
 Reference value :  7.52401e-07
 Reference value :  7.52818e-07
 Reference value :  7.53235e-07
 Reference value :  7.53636e-07
 Reference value :  7.54006e-07
 Reference value :  7.54407e-07
 Reference value :  7.54808e-07
 Reference value :  7.55194e-07
 Reference value :  7.55580e-07
 Reference value :  7.55997e-07
 Reference value :  7.56413e-07
 Reference value :  7.56845e-07
 Reference value :  7.57262e-07
 Reference value :  7.57663e-07
 Reference value :  7.58095e-07
 Reference value :  7.58496e-07
 Reference value :  7.58897e-07
 Reference value :  7.59299e-07
 Reference value :  7.59700e-07
 Reference value :  7.60101e-07
 Reference value :  7.60518e-07
 Reference value :  7.60934e-07
 Reference value :  7.61351e-07
 Reference value :  7.61767e-07
 Reference value :  7.62184e-07
 Reference value :  7.62601e-07
 Reference value :  7.63002e-07
 Reference value :  7.63403e-07
 Reference value :  7.63820e-07
 Reference value :  7.64236e-07
 Reference value :  7.64653e-07
 Reference value :  7.65193e-07
 Reference value :  7.65779e-07
 Reference value :  7.66366e-07
 Reference value :  7.66844e-07
 Reference value :  7.67461e-07
 Reference value :  7.68109e-07
 Reference value :  7.68726e-07
 Reference value :  7.69328e-07
 Reference value :  7.69884e-07
 Reference value :  7.70485e-07
 Reference value :  7.71087e-07
 Reference value :  7.71673e-07
 Reference value :  7.72306e-07
 Reference value :  7.72923e-07
 Reference value :  7.73571e-07
 Reference value :  7.74204e-07
 Reference value :  7.74821e-07
 Reference value :  7.75438e-07
 Reference value :  7.76040e-07
 Reference value :  7.76503e-07
 Reference value :  7.76981e-07
 Reference value :  7.77614e-07
 Reference value :  7.78247e-07
 Reference value :  7.78725e-07
 Reference value :  7.79203e-07
 Reference value :  7.79682e-07
 Reference value :  7.80145e-07
 Reference value :  7.80607e-07
 Reference value :  7.81055e-07
 Reference value :  7.81518e-07
 Reference value :  7.81981e-07
 Reference value :  7.82444e-07
 Reference value :  7.82906e-07
 Reference value :  7.83354e-07
 Reference value :  7.83817e-07
 Reference value :  7.84280e-07
 Reference value :  7.84743e-07
 Reference value :  7.85206e-07
 Reference value :  7.85668e-07
 Reference value :  7.86147e-07
 Reference value :  7.86610e-07
 Reference value :  7.87088e-07
 Reference value :  7.87551e-07
 Reference value :  7.88014e-07
 Reference value :  7.88477e-07
 Reference value :  7.88940e-07
 Reference value :  7.89403e-07
 Reference value :  7.89865e-07
 Reference value :  7.90328e-07
 Reference value :  7.90791e-07
 Reference value :  7.91254e-07
 Reference value :  7.91717e-07
 Reference value :  7.92164e-07
 Reference value :  7.92627e-07
 Reference value :  7.93106e-07
 Reference value :  7.93569e-07
 Reference value :  7.94032e-07
 Reference value :  7.94494e-07
 Reference value :  7.94957e-07
 Reference value :  7.95420e-07
 Reference value :  7.95883e-07
 Reference value :  7.96346e-07
 Reference value :  7.96809e-07
 Reference value :  7.97241e-07
 Reference value :  7.97658e-07
 Reference value :  7.98043e-07
 Reference value :  7.98444e-07
 Reference value :  7.98830e-07
 Reference value :  7.99247e-07
 Reference value :  7.99663e-07
 Reference value :  8.00080e-07
 Reference value :  8.00497e-07
 Reference value :  8.00913e-07
 Reference value :  8.01345e-07
 Reference value :  8.01762e-07
 Reference value :  8.02163e-07
 Reference value :  8.02580e-07
 Reference value :  8.02996e-07
 Reference value :  8.03660e-07
 Reference value :  8.04292e-07
 Reference value :  8.04894e-07
 Reference value :  8.05542e-07
 Reference value :  8.06098e-07
 Reference value :  8.06761e-07
 Reference value :  8.07425e-07
 Reference value :  8.08027e-07
 Reference value :  8.08690e-07
 Reference value :  8.09307e-07
 Reference value :  8.09986e-07
 Reference value :  8.10665e-07
 Reference value :  8.11298e-07
 Reference value :  8.11899e-07
 Reference value :  8.12470e-07
 Reference value :  8.12933e-07
 Reference value :  8.13396e-07
 Reference value :  8.13859e-07
 Reference value :  8.14322e-07
 Reference value :  8.14785e-07
 Reference value :  8.15248e-07
 Reference value :  8.15711e-07
 Reference value :  8.16158e-07
 Reference value :  8.16621e-07
 Reference value :  8.17084e-07
 Reference value :  8.17562e-07
 Reference value :  8.18025e-07
 Reference value :  8.18519e-07
 Reference value :  8.18982e-07
 Reference value :  8.19568e-07
 Reference value :  8.20154e-07
 Reference value :  8.20741e-07
 Reference value :  8.21343e-07
 Reference value :  8.21806e-07
 Reference value :  8.22284e-07
 Reference value :  8.22747e-07
 Reference value :  8.23225e-07
 Reference value :  8.23734e-07
 Reference value :  8.24197e-07
 Reference value :  8.24675e-07
 Reference value :  8.25138e-07
 Reference value :  8.25601e-07
 Reference value :  8.26064e-07
 Reference value :  8.26527e-07
 Reference value :  8.26990e-07
 Reference value :  8.27653e-07
 Reference value :  8.28271e-07
 Reference value :  8.28888e-07
 Reference value :  8.29474e-07
 Reference value :  8.30045e-07
 Reference value :  8.30508e-07
 Reference value :  8.30971e-07
 Reference value :  8.31434e-07
 Reference value :  8.31989e-07
 Reference value :  8.32560e-07
 Reference value :  8.33100e-07
 Reference value :  8.33594e-07
 Reference value :  8.34258e-07
 Reference value :  8.34906e-07
 Reference value :  8.35584e-07
 Reference value :  8.36248e-07
 Reference value :  8.36881e-07
 Reference value :  8.37575e-07
 Reference value :  8.38208e-07
 Reference value :  8.38825e-07
 Reference value :  8.39365e-07
 Reference value :  8.39997e-07
 Reference value :  8.40646e-07
 Reference value :  8.41263e-07
 Reference value :  8.41911e-07
 Reference value :  8.42543e-07
 Reference value :  8.43161e-07
 Reference value :  8.43762e-07
 Reference value :  8.44364e-07
 Reference value :  8.44981e-07
 Reference value :  8.45568e-07
 Reference value :  8.46031e-07
 Reference value :  8.46494e-07
 Reference value :  8.46956e-07
 Reference value :  8.47419e-07
 Reference value :  8.47882e-07
 Reference value :  8.48345e-07
 Reference value :  8.48808e-07
 Reference value :  8.49271e-07
 Reference value :  8.49734e-07
 Reference value :  8.50197e-07
 Reference value :  8.50660e-07
 Reference value :  8.51123e-07
 Reference value :  8.51585e-07
 Reference value :  8.52048e-07
 Reference value :  8.52511e-07
 Reference value :  8.52974e-07
 Reference value :  8.53437e-07
 Reference value :  8.53900e-07
 Reference value :  8.54363e-07
 Reference value :  8.54826e-07
 Reference value :  8.55289e-07
 Reference value :  8.55752e-07
 Reference value :  8.56214e-07
 Reference value :  8.56677e-07
 Reference value :  8.57125e-07
 Reference value :  8.57588e-07
 Reference value :  8.58051e-07
 Reference value :  8.58513e-07
 Reference value :  8.58976e-07
 Reference value :  8.59439e-07
 Reference value :  8.59902e-07
 Reference value :  8.60365e-07
 Reference value :  8.60828e-07
 Reference value :  8.61291e-07
 Reference value :  8.61754e-07
 Reference value :  8.62217e-07
 Reference value :  8.62680e-07
 Reference value :  8.63142e-07
 Reference value :  8.63605e-07
 Reference value :  8.64068e-07
 Reference value :  8.64531e-07
 Reference value :  8.64994e-07
 Reference value :  8.65457e-07
 Reference value :  8.65920e-07
 Reference value :  8.66398e-07
 Reference value :  8.66861e-07
 Reference value :  8.67324e-07
 Reference value :  8.67802e-07
 Reference value :  8.68281e-07
 Reference value :  8.68759e-07
 Reference value :  8.69222e-07
 Reference value :  8.69700e-07
 Reference value :  8.70163e-07
 Reference value :  8.70626e-07
 Reference value :  8.71089e-07
 Reference value :  8.71552e-07
 Reference value :  8.72030e-07
 Reference value :  8.72493e-07
 Reference value :  8.72956e-07
 Reference value :  8.73419e-07
 Reference value :  8.73882e-07
 Reference value :  8.74360e-07
 Reference value :  8.74838e-07
 Reference value :  8.75301e-07
 Reference value :  8.75780e-07
 Reference value :  8.76243e-07
 Reference value :  8.76705e-07
 Reference value :  8.77184e-07
 Reference value :  8.77647e-07
 Reference value :  8.78125e-07
 Reference value :  8.78588e-07
 Reference value :  8.79066e-07
 Reference value :  8.79545e-07
 Reference value :  8.80007e-07
 Reference value :  8.80470e-07
 Reference value :  8.80933e-07
 Reference value :  8.81412e-07
 Reference value :  8.81874e-07
 Reference value :  8.82337e-07
 Reference value :  8.82800e-07
 Reference value :  8.83263e-07
 Reference value :  8.83726e-07
 Reference value :  8.84189e-07
 Reference value :  8.84636e-07
 Reference value :  8.85099e-07
 Reference value :  8.85562e-07
 Reference value :  8.86025e-07
 Reference value :  8.86488e-07
 Reference value :  8.86966e-07
 Reference value :  8.87445e-07
 Reference value :  8.87908e-07
 Reference value :  8.88371e-07
 Reference value :  8.88833e-07
 Reference value :  8.89281e-07
 Reference value :  8.89744e-07
 Reference value :  8.90207e-07
 Reference value :  8.90670e-07
 Reference value :  8.91132e-07
 Reference value :  8.91595e-07
 Reference value :  8.92058e-07
 Reference value :  8.92521e-07
 Reference value :  8.93000e-07
 Reference value :  8.93462e-07
 Reference value :  8.93925e-07
 Reference value :  8.94388e-07
 Reference value :  8.94867e-07
 Reference value :  8.95345e-07
 Reference value :  8.95808e-07
 Reference value :  8.96286e-07
 Reference value :  8.96749e-07
 Reference value :  8.97212e-07
 Reference value :  8.97690e-07
 Reference value :  8.98153e-07
 Reference value :  8.98631e-07
 Reference value :  8.99094e-07
 Reference value :  8.99557e-07
 Reference value :  9.00097e-07
 Reference value :  9.00745e-07
 Reference value :  9.01486e-07
 Reference value :  9.02196e-07
 Reference value :  9.02875e-07
 Reference value :  9.03523e-07
 Reference value :  9.04155e-07
 Reference value :  9.04834e-07
 Reference value :  9.05482e-07
 Reference value :  9.06146e-07
 Reference value :  9.06763e-07
 Reference value :  9.07442e-07
 Reference value :  9.08075e-07
 Reference value :  9.08646e-07
 Reference value :  9.09216e-07
 Reference value :  9.09679e-07
 Reference value :  9.10158e-07
 Reference value :  9.10636e-07
 Reference value :  9.11114e-07
 Reference value :  9.11593e-07
 Reference value :  9.12071e-07
 Reference value :  9.12534e-07
 Reference value :  9.13012e-07
 Reference value :  9.13645e-07
 Reference value :  9.14355e-07
 Reference value :  9.14941e-07
 Reference value :  9.15574e-07
 Reference value :  9.16175e-07
 Reference value :  9.16793e-07
 Reference value :  9.17441e-07
 Reference value :  9.18073e-07
 Reference value :  9.18582e-07
 Reference value :  9.19061e-07
 Reference value :  9.19539e-07
 Reference value :  9.20141e-07
 Reference value :  9.20774e-07
 Reference value :  9.21422e-07
 Reference value :  9.22085e-07
 Reference value :  9.22764e-07
 Reference value :  9.23397e-07
 Reference value :  9.24029e-07
 Reference value :  9.24677e-07
 Reference value :  9.25295e-07
 Reference value :  9.25943e-07
 Reference value :  9.26591e-07
 Reference value :  9.27223e-07
 Reference value :  9.27840e-07
 Reference value :  9.28442e-07
 Reference value :  9.29106e-07
 Reference value :  9.29754e-07
 Reference value :  9.30402e-07
 Reference value :  9.31065e-07
 Reference value :  9.31760e-07
 Reference value :  9.32408e-07
 Reference value :  9.33056e-07
 Reference value :  9.33673e-07
 Reference value :  9.34336e-07
 Reference value :  9.34985e-07
 Reference value :  9.35617e-07
 Reference value :  9.36250e-07
 Reference value :  9.36882e-07
 Reference value :  9.37500e-07
 Reference value :  9.38148e-07
 Reference value :  9.38811e-07
 Reference value :  9.39320e-07
 Reference value :  9.39968e-07
 Reference value :  9.40632e-07
 Reference value :  9.41280e-07
 Reference value :  9.41959e-07
 Reference value :  9.42514e-07
 Reference value :  9.42931e-07
 Reference value :  9.43348e-07
 Reference value :  9.43764e-07
 Reference value :  9.44181e-07
 Reference value :  9.44582e-07
 Reference value :  9.44999e-07
 Reference value :  9.45415e-07
 Reference value :  9.45816e-07
 Reference value :  9.46218e-07
 Reference value :  9.46619e-07
 Reference value :  9.47020e-07
 Reference value :  9.47437e-07
 Reference value :  9.47853e-07
 Reference value :  9.48270e-07
 Reference value :  9.48686e-07
 Reference value :  9.49103e-07
 Reference value :  9.49504e-07
 Reference value :  9.49921e-07
 Reference value :  9.50337e-07
 Reference value :  9.50739e-07
 Reference value :  9.51140e-07
 Reference value :  9.51541e-07
 Reference value :  9.51942e-07
 Reference value :  9.52343e-07
 Reference value :  9.52744e-07
 Reference value :  9.53146e-07
 Reference value :  9.53547e-07
 Reference value :  9.53948e-07
 Reference value :  9.54349e-07
 Reference value :  9.54750e-07
 Reference value :  9.55152e-07
 Reference value :  9.55568e-07
 Reference value :  9.55985e-07
 Reference value :  9.56401e-07
 Reference value :  9.56818e-07
 Reference value :  9.57235e-07
 Reference value :  9.57651e-07
 Reference value :  9.58068e-07
 Reference value :  9.58500e-07
 Reference value :  9.58916e-07
 Reference value :  9.59318e-07
 Reference value :  9.59734e-07
 Reference value :  9.60151e-07
 Reference value :  9.60552e-07
 Reference value :  9.60969e-07
 Reference value :  9.61370e-07
 Reference value :  9.61771e-07
 Reference value :  9.62172e-07
 Reference value :  9.62573e-07
 Reference value :  9.62975e-07
 Reference value :  9.63376e-07
 Reference value :  9.63777e-07
 Reference value :  9.64178e-07
 Reference value :  9.64579e-07
 Reference value :  9.64980e-07
 Reference value :  9.65382e-07
 Reference value :  9.65798e-07
 Reference value :  9.66215e-07
 Reference value :  9.66631e-07
 Reference value :  9.67048e-07
 Reference value :  9.67465e-07
 Reference value :  9.67881e-07
 Reference value :  9.68282e-07
 Reference value :  9.68699e-07
 Reference value :  9.69100e-07
 Reference value :  9.69501e-07
 Reference value :  9.69918e-07
 Reference value :  9.70335e-07
 Reference value :  9.70736e-07
 Reference value :  9.71137e-07
 Reference value :  9.71538e-07
 Reference value :  9.71955e-07
 Reference value :  9.72371e-07
 Reference value :  9.72773e-07
 Reference value :  9.73174e-07
 Reference value :  9.73590e-07
 Reference value :  9.74007e-07
 Reference value :  9.74439e-07
 Reference value :  9.74856e-07
 Reference value :  9.75272e-07
 Reference value :  9.75704e-07
 Reference value :  9.76121e-07
 Reference value :  9.76723e-07
 Reference value :  9.77371e-07
 Reference value :  9.77973e-07
 Reference value :  9.78605e-07
 Reference value :  9.79207e-07
 Reference value :  9.79793e-07
 Reference value :  9.80380e-07
 Reference value :  9.80981e-07
 Reference value :  9.81629e-07
 Reference value :  9.82262e-07
 Reference value :  9.82956e-07
 Reference value :  9.83604e-07
 Reference value :  9.84283e-07
 Reference value :  9.84962e-07
 Reference value :  9.85626e-07
 Reference value :  9.86289e-07
 Reference value :  9.86937e-07
 Reference value :  9.87647e-07
 Reference value :  9.88341e-07
 Reference value :  9.88943e-07
 Reference value :  9.89653e-07
 Reference value :  9.90317e-07
 Reference value :  9.91042e-07
 Reference value :  9.91690e-07
 Reference value :  9.92292e-07
 Reference value :  9.92909e-07
 Reference value :  9.93511e-07
 Reference value :  9.94097e-07
 Reference value :  9.94745e-07
 Reference value :  9.95408e-07
 Reference value :  9.96087e-07
 Reference value :  9.96674e-07
 Reference value :  9.97368e-07
 Reference value :  9.98001e-07
 Reference value :  9.98602e-07
 Reference value :  9.99204e-07
 Reference value :  9.99775e-07
 Reference value :  1.00041e-06
 Reference value :  1.00099e-06
 Reference value :  1.00161e-06
 Reference value :  1.00227e-06
 Reference value :  1.00278e-06
 Reference value :  1.00331e-06
 Reference value :  1.00396e-06
 Reference value :  1.00465e-06
 Reference value :  1.00521e-06
 Reference value :  1.00581e-06
 Reference value :  1.00635e-06
 Reference value :  1.00692e-06
 Reference value :  1.00744e-06
 Reference value :  1.00792e-06
 Reference value :  1.00839e-06
 Reference value :  1.00886e-06
 Reference value :  1.00933e-06
 Reference value :  1.00979e-06
 Reference value :  1.01025e-06
 Reference value :  1.01071e-06
 Reference value :  1.01118e-06
 Reference value :  1.01164e-06
 Reference value :  1.01212e-06
 Reference value :  1.01257e-06
 Reference value :  1.01304e-06
 Reference value :  1.01351e-06
 Reference value :  1.01397e-06
 Reference value :  1.01456e-06
 Reference value :  1.01522e-06
 Reference value :  1.01582e-06
 Reference value :  1.01644e-06
 Reference value :  1.01707e-06
 Reference value :  1.01769e-06
 Reference value :  1.01829e-06
 Reference value :  1.01899e-06
 Reference value :  1.01959e-06
 Reference value :  1.02024e-06
 Reference value :  1.02087e-06
 Reference value :  1.02133e-06
 Reference value :  1.02181e-06
 Reference value :  1.02236e-06
 Reference value :  1.02301e-06
 Reference value :  1.02366e-06
 Reference value :  1.02425e-06
 Reference value :  1.02473e-06
 Reference value :  1.02517e-06
 Reference value :  1.02562e-06
 Reference value :  1.02610e-06
 Reference value :  1.02669e-06
 Reference value :  1.02730e-06
 Reference value :  1.02790e-06
 Reference value :  1.02851e-06
 Reference value :  1.02911e-06
 Reference value :  1.02968e-06
 Reference value :  1.03023e-06
 Reference value :  1.03080e-06
 Reference value :  1.03142e-06
 Reference value :  1.03201e-06
 Reference value :  1.03264e-06
 Reference value :  1.03324e-06
 Reference value :  1.03386e-06
 Reference value :  1.03449e-06
 Reference value :  1.03511e-06
 Reference value :  1.03574e-06
 Reference value :  1.03638e-06
 Reference value :  1.03701e-06
 Reference value :  1.03761e-06
 Reference value :  1.03820e-06
 Reference value :  1.03881e-06
 Reference value :  1.03945e-06
 Reference value :  1.04002e-06
 Reference value :  1.04062e-06
 Reference value :  1.04119e-06
 Reference value :  1.04181e-06
 Reference value :  1.04244e-06
 Reference value :  1.04307e-06
 Reference value :  1.04370e-06
 Reference value :  1.04432e-06
 Reference value :  1.04497e-06
 Reference value :  1.04557e-06
 Reference value :  1.04620e-06
 Reference value :  1.04684e-06
 Reference value :  1.04745e-06
 Reference value :  1.04806e-06
 Reference value :  1.04860e-06
 Reference value :  1.04907e-06
 Reference value :  1.04955e-06
 Reference value :  1.05002e-06
 Reference value :  1.05048e-06
 Reference value :  1.05094e-06
 Reference value :  1.05142e-06
 Reference value :  1.05188e-06
 Reference value :  1.05235e-06
 Reference value :  1.05282e-06
 Reference value :  1.05329e-06
 Reference value :  1.05375e-06
 Reference value :  1.05421e-06
 Reference value :  1.05469e-06
 Reference value :  1.05515e-06
 Reference value :  1.05562e-06
 Reference value :  1.05608e-06
 Reference value :  1.05653e-06
 Reference value :  1.05699e-06
 Reference value :  1.05745e-06
 Reference value :  1.05792e-06
 Reference value :  1.05839e-06
 Reference value :  1.05886e-06
 Reference value :  1.05932e-06
 Reference value :  1.05978e-06
 Reference value :  1.06025e-06
 Reference value :  1.06071e-06
 Reference value :  1.06117e-06
 Reference value :  1.06165e-06
 Reference value :  1.06211e-06
 Reference value :  1.06258e-06
 Reference value :  1.06305e-06
 Reference value :  1.06352e-06
 Reference value :  1.06413e-06
 Reference value :  1.06467e-06
 Reference value :  1.06514e-06
 Reference value :  1.06572e-06
 Reference value :  1.06639e-06
 Reference value :  1.06710e-06
 Reference value :  1.06770e-06
 Reference value :  1.06827e-06
 Reference value :  1.06893e-06
 Reference value :  1.06953e-06
 Reference value :  1.07017e-06
 Reference value :  1.07078e-06
 Reference value :  1.07142e-06
 Reference value :  1.07203e-06
 Reference value :  1.07267e-06
 Reference value :  1.07328e-06
 Reference value :  1.07390e-06
 Reference value :  1.07450e-06
 Reference value :  1.07510e-06
 Reference value :  1.07574e-06
 Reference value :  1.07640e-06
 Reference value :  1.07688e-06
 Reference value :  1.07734e-06
 Reference value :  1.07780e-06
 Reference value :  1.07828e-06
 Reference value :  1.07875e-06
 Reference value :  1.07921e-06
 Reference value :  1.07969e-06
 Reference value :  1.08015e-06
 Reference value :  1.08061e-06
 Reference value :  1.08109e-06
 Reference value :  1.08155e-06
 Reference value :  1.08203e-06
 Reference value :  1.08250e-06
 Reference value :  1.08296e-06
 Reference value :  1.08344e-06
 Reference value :  1.08391e-06
 Reference value :  1.08439e-06
 Reference value :  1.08486e-06
 Reference value :  1.08532e-06
 Reference value :  1.08578e-06
 Reference value :  1.08623e-06
 Reference value :  1.08668e-06
 Reference value :  1.08712e-06
 Reference value :  1.08760e-06
 Reference value :  1.08807e-06
 Reference value :  1.08851e-06
 Reference value :  1.08899e-06
 Reference value :  1.08961e-06
 Reference value :  1.09023e-06
 Reference value :  1.09083e-06
 Reference value :  1.09148e-06
 Reference value :  1.09209e-06
 Reference value :  1.09274e-06
 Reference value :  1.09339e-06
 Reference value :  1.09401e-06
 Reference value :  1.09461e-06
 Reference value :  1.09519e-06
 Reference value :  1.09567e-06
 Reference value :  1.09615e-06
 Reference value :  1.09661e-06
 Reference value :  1.09708e-06
 Reference value :  1.09754e-06
 Reference value :  1.09800e-06
 Reference value :  1.09847e-06
 Reference value :  1.09893e-06
 Reference value :  1.09939e-06
 Reference value :  1.09985e-06
 Reference value :  1.10032e-06
 Reference value :  1.10078e-06
 Reference value :  1.10124e-06
 Reference value :  1.10171e-06
 Reference value :  1.10217e-06
 Reference value :  1.10263e-06
 Reference value :  1.10309e-06
 Reference value :  1.10356e-06
 Reference value :  1.10416e-06
 Reference value :  1.10462e-06
 Reference value :  1.10508e-06
 Reference value :  1.10555e-06
 Reference value :  1.10601e-06
 Reference value :  1.10647e-06
 Reference value :  1.10694e-06
 Reference value :  1.10741e-06
 Reference value :  1.10788e-06
 Reference value :  1.10836e-06
 Reference value :  1.10883e-06
 Reference value :  1.10930e-06
 Reference value :  1.10976e-06
 Reference value :  1.11022e-06
 Reference value :  1.11069e-06
 Reference value :  1.11115e-06
 Reference value :  1.11163e-06
 Reference value :  1.11209e-06
 Reference value :  1.11257e-06
 Reference value :  1.11305e-06
 Reference value :  1.11351e-06
 Reference value :  1.11399e-06
 Reference value :  1.11447e-06
 Reference value :  1.11493e-06
 Reference value :  1.11539e-06
 Reference value :  1.11586e-06
 Reference value :  1.11632e-06
 Reference value :  1.11680e-06
 Reference value :  1.11726e-06
 Reference value :  1.11774e-06
 Reference value :  1.11820e-06
 Reference value :  1.11868e-06
 Reference value :  1.11916e-06
 Reference value :  1.11962e-06
 Reference value :  1.12010e-06
 Reference value :  1.12056e-06
 Reference value :  1.12102e-06
 Reference value :  1.12149e-06
 Reference value :  1.12195e-06
 Reference value :  1.12243e-06
 Reference value :  1.12291e-06
 Reference value :  1.12338e-06
 Reference value :  1.12386e-06
 Reference value :  1.12433e-06
 Reference value :  1.12479e-06
 Reference value :  1.12527e-06
 Reference value :  1.12575e-06
 Reference value :  1.12621e-06
 Reference value :  1.12667e-06
 Reference value :  1.12715e-06
 Reference value :  1.12763e-06
 Reference value :  1.12811e-06
 Reference value :  1.12857e-06
 Reference value :  1.12905e-06
 Reference value :  1.12951e-06
 Reference value :  1.12999e-06
 Reference value :  1.13045e-06
 Reference value :  1.13093e-06
 Reference value :  1.13141e-06
 Reference value :  1.13189e-06
 Reference value :  1.13235e-06
 Reference value :  1.13283e-06
 Reference value :  1.13331e-06
 Reference value :  1.13377e-06
 Reference value :  1.13423e-06
 Reference value :  1.13470e-06
 Reference value :  1.13517e-06
 Reference value :  1.13565e-06
 Reference value :  1.13611e-06
 Reference value :  1.13658e-06
 Reference value :  1.13706e-06
 Reference value :  1.13752e-06
 Reference value :  1.13800e-06
 Reference value :  1.13848e-06
 Reference value :  1.13892e-06
 Reference value :  1.13939e-06
 Reference value :  1.13983e-06
 Reference value :  1.14030e-06
 Reference value :  1.14077e-06
 Reference value :  1.14124e-06
 Reference value :  1.14172e-06
 Reference value :  1.14218e-06
 Reference value :  1.14266e-06
 Reference value :  1.14314e-06
 Reference value :  1.14360e-06
 Reference value :  1.14408e-06
 Reference value :  1.14454e-06
 Reference value :  1.14502e-06
 Reference value :  1.14548e-06
 Reference value :  1.14596e-06
 Reference value :  1.14642e-06
 Reference value :  1.14690e-06
 Reference value :  1.14738e-06
 Reference value :  1.14784e-06
 Reference value :  1.14830e-06
 Reference value :  1.14877e-06
 Reference value :  1.14921e-06
 Reference value :  1.14968e-06
 Reference value :  1.15014e-06
 Reference value :  1.15060e-06
 Reference value :  1.15107e-06
 Reference value :  1.15154e-06
 Reference value :  1.15202e-06
 Reference value :  1.15249e-06
 Reference value :  1.15296e-06
 Reference value :  1.15343e-06
 Reference value :  1.15391e-06
 Reference value :  1.15437e-06
 Reference value :  1.15483e-06
 Reference value :  1.15529e-06
 Reference value :  1.15576e-06
 Reference value :  1.15624e-06
 Reference value :  1.15671e-06
 Reference value :  1.15719e-06
 Reference value :  1.15767e-06
 Reference value :  1.15813e-06
 Reference value :  1.15860e-06
 Reference value :  1.15906e-06
 Reference value :  1.15952e-06
 Reference value :  1.15998e-06
 Reference value :  1.16045e-06
 Reference value :  1.16094e-06
 Reference value :  1.16142e-06
 Reference value :  1.16188e-06
 Reference value :  1.16236e-06
 Reference value :  1.16281e-06
 Reference value :  1.16327e-06
 Reference value :  1.16373e-06
 Reference value :  1.16418e-06
 Reference value :  1.16464e-06
 Reference value :  1.16511e-06
 Reference value :  1.16559e-06
 Reference value :  1.16606e-06
 Reference value :  1.16653e-06
 Reference value :  1.16701e-06
 Reference value :  1.16747e-06
 Reference value :  1.16795e-06
 Reference value :  1.16843e-06
 Reference value :  1.16890e-06
 Reference value :  1.16937e-06
 Reference value :  1.16983e-06
 Reference value :  1.17031e-06
 Reference value :  1.17077e-06
 Reference value :  1.17123e-06
 Reference value :  1.17171e-06
 Reference value :  1.17217e-06
 Reference value :  1.17265e-06
 Reference value :  1.17312e-06
 Reference value :  1.17359e-06
 Reference value :  1.17406e-06
 Reference value :  1.17454e-06
 Reference value :  1.17501e-06
 Reference value :  1.17549e-06
 Reference value :  1.17597e-06
 Reference value :  1.17645e-06
 Reference value :  1.17691e-06
 Reference value :  1.17737e-06
 Reference value :  1.17784e-06
 Reference value :  1.17832e-06
 Reference value :  1.17878e-06
 Reference value :  1.17924e-06
 Reference value :  1.17972e-06
 Reference value :  1.18020e-06
 Reference value :  1.18068e-06
 Reference value :  1.18114e-06
 Reference value :  1.18160e-06
 Reference value :  1.18207e-06
 Reference value :  1.18253e-06
 Reference value :  1.18301e-06
 Reference value :  1.18347e-06
 Reference value :  1.18395e-06
 Reference value :  1.18443e-06
 Reference value :  1.18489e-06
 Reference value :  1.18537e-06
 Reference value :  1.18583e-06
 Reference value :  1.18631e-06
 Reference value :  1.18679e-06
 Reference value :  1.18725e-06
 Reference value :  1.18771e-06
 Reference value :  1.18818e-06
 Reference value :  1.18864e-06
 Reference value :  1.18910e-06
 Reference value :  1.18956e-06
 Reference value :  1.19004e-06
 Reference value :  1.19051e-06
 Reference value :  1.19098e-06
 Reference value :  1.19145e-06
 Reference value :  1.19192e-06
 Reference value :  1.19240e-06
 Reference value :  1.19285e-06
 Reference value :  1.19331e-06
 Reference value :  1.19378e-06
 Reference value :  1.19425e-06
 Reference value :  1.19473e-06
 Reference value :  1.19520e-06
 Reference value :  1.19567e-06
 Reference value :  1.19614e-06
 Reference value :  1.19660e-06
 Reference value :  1.19708e-06
 Reference value :  1.19754e-06
 Reference value :  1.19802e-06
 Reference value :  1.19848e-06
 Reference value :  1.19896e-06
 Reference value :  1.19944e-06
 Reference value :  1.19990e-06
 Reference value :  1.20038e-06
 Reference value :  1.20084e-06
 Reference value :  1.20132e-06
 Reference value :  1.20178e-06
 Reference value :  1.20225e-06
 Reference value :  1.20273e-06
 Reference value :  1.20320e-06
 Reference value :  1.20368e-06
 Reference value :  1.20415e-06
 Reference value :  1.20462e-06
 Reference value :  1.20510e-06
 Reference value :  1.20557e-06
 Reference value :  1.20603e-06
 Reference value :  1.20649e-06
 Reference value :  1.20697e-06
 Reference value :  1.20745e-06
 Reference value :  1.20793e-06
 Reference value :  1.20840e-06
 Reference value :  1.20887e-06
 Reference value :  1.20933e-06
 Reference value :  1.20979e-06
 Reference value :  1.21027e-06
 Reference value :  1.21075e-06
 Reference value :  1.21121e-06
 Reference value :  1.21168e-06
 Reference value :  1.21214e-06
 Reference value :  1.21262e-06
 Reference value :  1.21308e-06
 Reference value :  1.21356e-06
 Reference value :  1.21404e-06
 Reference value :  1.21450e-06
 Reference value :  1.21513e-06
 Reference value :  1.21570e-06
 Reference value :  1.21627e-06
 Reference value :  1.21695e-06
 Reference value :  1.21749e-06
 Reference value :  1.21796e-06
 Reference value :  1.21843e-06
 Reference value :  1.21890e-06
 Reference value :  1.21937e-06
 Reference value :  1.21984e-06
 Reference value :  1.22030e-06
 Reference value :  1.22078e-06
 Reference value :  1.22124e-06
 Reference value :  1.22172e-06
 Reference value :  1.22218e-06
 Reference value :  1.22265e-06
 Reference value :  1.22311e-06
 Reference value :  1.22371e-06
 Reference value :  1.22422e-06
 Reference value :  1.22474e-06
 Reference value :  1.22525e-06
 Reference value :  1.22569e-06
 Reference value :  1.22613e-06
 Reference value :  1.22658e-06
 Reference value :  1.22703e-06
 Reference value :  1.22748e-06
 Reference value :  1.22794e-06
 Reference value :  1.22842e-06
 Reference value :  1.22888e-06
 Reference value :  1.22936e-06
 Reference value :  1.22982e-06
 Reference value :  1.23028e-06
 Reference value :  1.23075e-06
 Reference value :  1.23121e-06
 Reference value :  1.23166e-06
 Reference value :  1.23212e-06
 Reference value :  1.23257e-06
 Reference value :  1.23303e-06
 Reference value :  1.23349e-06
 Reference value :  1.23396e-06
 Reference value :  1.23442e-06
 Reference value :  1.23488e-06
 Reference value :  1.23534e-06
 Reference value :  1.23581e-06
 Reference value :  1.23629e-06
 Reference value :  1.23675e-06
 Reference value :  1.23721e-06
 Reference value :  1.23769e-06
 Reference value :  1.23815e-06
 Reference value :  1.23863e-06
 Reference value :  1.23911e-06
 Reference value :  1.23959e-06
 Reference value :  1.24007e-06
 Reference value :  1.24053e-06
 Reference value :  1.24104e-06
 Reference value :  1.24170e-06
 Reference value :  1.24227e-06
 Reference value :  1.24275e-06
 Reference value :  1.24321e-06
 Reference value :  1.24369e-06
 Reference value :  1.24416e-06
 Reference value :  1.24462e-06
 Reference value :  1.24508e-06
 Reference value :  1.24554e-06
 Reference value :  1.24601e-06
 Reference value :  1.24647e-06
 Reference value :  1.24693e-06
 Reference value :  1.24740e-06
 Reference value :  1.24786e-06
 Reference value :  1.24832e-06
 Reference value :  1.24878e-06
 Reference value :  1.24926e-06
 Reference value :  1.24973e-06
 Reference value :  1.25036e-06
 Reference value :  1.25093e-06
 Reference value :  1.25139e-06
 Reference value :  1.25186e-06
 Reference value :  1.25232e-06
 Reference value :  1.25280e-06
 Reference value :  1.25324e-06
 Reference value :  1.25371e-06
 Reference value :  1.25417e-06
 Reference value :  1.25463e-06
 Reference value :  1.25510e-06
 Reference value :  1.25556e-06
 Reference value :  1.25602e-06
 Reference value :  1.25648e-06
 Reference value :  1.25695e-06
 Reference value :  1.25743e-06
 Reference value :  1.25790e-06
 Reference value :  1.25837e-06
 Reference value :  1.25883e-06
 Reference value :  1.25929e-06
 Reference value :  1.25977e-06
 Reference value :  1.26023e-06
 Reference value :  1.26071e-06
 Reference value :  1.26119e-06
 Reference value :  1.26165e-06
 Reference value :  1.26213e-06
 Reference value :  1.26259e-06
 Reference value :  1.26307e-06
 Reference value :  1.26355e-06
 Reference value :  1.26415e-06
 Reference value :  1.26466e-06
 Reference value :  1.26520e-06
 Reference value :  1.26570e-06
 Reference value :  1.26617e-06
 Reference value :  1.26664e-06
 Reference value :  1.26710e-06
 Reference value :  1.26756e-06
 Reference value :  1.26804e-06
 Reference value :  1.26850e-06
 Reference value :  1.26897e-06
 Reference value :  1.26945e-06
 Reference value :  1.26991e-06
 Reference value :  1.27037e-06
 Reference value :  1.27083e-06
 Reference value :  1.27131e-06
 Reference value :  1.27178e-06
 Reference value :  1.27224e-06
 Reference value :  1.27270e-06
 Reference value :  1.27316e-06
 Reference value :  1.27364e-06
 Reference value :  1.27411e-06
 Reference value :  1.27457e-06
 Reference value :  1.27503e-06
 Reference value :  1.27549e-06
 Reference value :  1.27596e-06
 Reference value :  1.27642e-06
 Reference value :  1.27688e-06
 Reference value :  1.27735e-06
 Reference value :  1.27781e-06
 Reference value :  1.27827e-06
 Reference value :  1.27873e-06
 Reference value :  1.27920e-06
 Reference value :  1.27966e-06
 Reference value :  1.28014e-06
 Reference value :  1.28062e-06
 Reference value :  1.28108e-06
 Reference value :  1.28154e-06
 Reference value :  1.28201e-06
 Reference value :  1.28247e-06
 Reference value :  1.28293e-06
 Reference value :  1.28341e-06
 Reference value :  1.28398e-06
 Reference value :  1.28458e-06
 Reference value :  1.28518e-06
 Reference value :  1.28579e-06
 Reference value :  1.28625e-06
 Reference value :  1.28671e-06
 Reference value :  1.28717e-06
 Reference value :  1.28764e-06
 Reference value :  1.28812e-06
 Reference value :  1.28856e-06
 Reference value :  1.28904e-06
 Reference value :  1.28950e-06
 Reference value :  1.28997e-06
 Reference value :  1.29045e-06
 Reference value :  1.29091e-06
 Reference value :  1.29139e-06
 Reference value :  1.29185e-06
 Reference value :  1.29233e-06
 Reference value :  1.29281e-06
 Reference value :  1.29327e-06
 Reference value :  1.29373e-06
 Reference value :  1.29419e-06
 Reference value :  1.29466e-06
 Reference value :  1.29512e-06
 Reference value :  1.29558e-06
 Reference value :  1.29605e-06
 Reference value :  1.29651e-06
 Reference value :  1.29699e-06
 Reference value :  1.29745e-06
 Reference value :  1.29793e-06
 Reference value :  1.29841e-06
 Reference value :  1.29887e-06
 Reference value :  1.29935e-06
 Reference value :  1.29981e-06
 Reference value :  1.30029e-06
 Reference value :  1.30077e-06
 Reference value :  1.30123e-06
 Reference value :  1.30171e-06
 Reference value :  1.30217e-06
 Reference value :  1.30265e-06
 Reference value :  1.30311e-06
 Reference value :  1.30358e-06
 Reference value :  1.30405e-06
 Reference value :  1.30452e-06
 Reference value :  1.30498e-06
 Reference value :  1.30544e-06
 Reference value :  1.30591e-06
 Reference value :  1.30638e-06
 Reference value :  1.30683e-06
 Reference value :  1.30731e-06
 Reference value :  1.30779e-06
 Reference value :  1.30825e-06
 Reference value :  1.30873e-06
 Reference value :  1.30919e-06
 Reference value :  1.30967e-06
 Reference value :  1.31013e-06
 Reference value :  1.31061e-06
 Reference value :  1.31109e-06
 Reference value :  1.31155e-06
 Reference value :  1.31203e-06
 Reference value :  1.31249e-06
 Reference value :  1.31296e-06
 Reference value :  1.31344e-06
 Reference value :  1.31390e-06
 Reference value :  1.31436e-06
 Reference value :  1.31482e-06
 Reference value :  1.31530e-06
 Reference value :  1.31577e-06
 Reference value :  1.31623e-06
 Reference value :  1.31671e-06
 Reference value :  1.31717e-06
 Reference value :  1.31765e-06
 Reference value :  1.31811e-06
 Reference value :  1.31857e-06
 Reference value :  1.31905e-06
 Reference value :  1.31952e-06
 Reference value :  1.31998e-06
 Reference value :  1.32044e-06
 Reference value :  1.32092e-06
 Reference value :  1.32140e-06
 Reference value :  1.32186e-06
 Reference value :  1.32232e-06
 Reference value :  1.32279e-06
 Reference value :  1.32327e-06
 Reference value :  1.32373e-06
 Reference value :  1.32419e-06
 Reference value :  1.32467e-06
 Reference value :  1.32513e-06
 Reference value :  1.32560e-06
 Reference value :  1.32607e-06
 Reference value :  1.32654e-06
 Reference value :  1.32700e-06
 Reference value :  1.32746e-06
 Reference value :  1.32792e-06
 Reference value :  1.32837e-06
 Reference value :  1.32882e-06
 Reference value :  1.32927e-06
 Reference value :  1.32971e-06
 Reference value :  1.33018e-06
 Reference value :  1.33063e-06
 Reference value :  1.33107e-06
 Reference value :  1.33152e-06
 Reference value :  1.33197e-06
 Reference value :  1.33238e-06
 Reference value :  1.33279e-06
 Reference value :  1.33320e-06
 Reference value :  1.33362e-06
 Reference value :  1.33404e-06
 Reference value :  1.33445e-06
 Reference value :  1.33488e-06
 Reference value :  1.33529e-06
 Reference value :  1.33570e-06
 Reference value :  1.33610e-06
 Reference value :  1.33649e-06
 Reference value :  1.33687e-06
 Reference value :  1.33728e-06
 Reference value :  1.33766e-06
 Reference value :  1.33808e-06
 Reference value :  1.33860e-06
 Reference value :  1.33920e-06
 Reference value :  1.33978e-06
 Reference value :  1.34035e-06
 Reference value :  1.34092e-06
 Reference value :  1.34150e-06
 Reference value :  1.34211e-06
 Reference value :  1.34271e-06
 Reference value :  1.34329e-06
 Reference value :  1.34389e-06
 Reference value :  1.34453e-06
 Reference value :  1.34516e-06
 Reference value :  1.34581e-06
 Reference value :  1.34641e-06
 Reference value :  1.34701e-06
 Reference value :  1.34757e-06
 Reference value :  1.34825e-06
 Reference value :  1.34874e-06
 Reference value :  1.34920e-06
 Reference value :  1.34967e-06
 Reference value :  1.35013e-06
 Reference value :  1.35062e-06
 Reference value :  1.35127e-06
 Reference value :  1.35196e-06
 Reference value :  1.35263e-06
 Reference value :  1.35320e-06
 Reference value :  1.35385e-06
 Reference value :  1.35448e-06
 Reference value :  1.35511e-06
 Reference value :  1.35575e-06
 Reference value :  1.35635e-06
 Reference value :  1.35695e-06
 Reference value :  1.35757e-06
 Reference value :  1.35818e-06
 Reference value :  1.35880e-06
 Reference value :  1.35943e-06
 Reference value :  1.36008e-06
 Reference value :  1.36070e-06
 Reference value :  1.36133e-06
 Reference value :  1.36193e-06
 Reference value :  1.36252e-06
 Reference value :  1.36298e-06
 Reference value :  1.36344e-06
 Reference value :  1.36391e-06
 Reference value :  1.36437e-06
 Reference value :  1.36486e-06
 Reference value :  1.36557e-06
 Reference value :  1.36607e-06
 Reference value :  1.36653e-06
 Reference value :  1.36699e-06
 Reference value :  1.36743e-06
 Reference value :  1.36784e-06
 Reference value :  1.36826e-06
 Reference value :  1.36868e-06
 Reference value :  1.36909e-06
 Reference value :  1.36951e-06
 Reference value :  1.36993e-06
 Reference value :  1.37033e-06
 Reference value :  1.37076e-06
 Reference value :  1.37118e-06
 Reference value :  1.37161e-06
 Reference value :  1.37202e-06
 Reference value :  1.37244e-06
 Reference value :  1.37286e-06
 Reference value :  1.37327e-06
 Reference value :  1.37369e-06
 Reference value :  1.37411e-06
 Reference value :  1.37452e-06
 Reference value :  1.37494e-06
 Reference value :  1.37536e-06
 Reference value :  1.37577e-06
 Reference value :  1.37624e-06
 Reference value :  1.37684e-06
 Reference value :  1.37744e-06
 Reference value :  1.37804e-06
 Reference value :  1.37866e-06
 Reference value :  1.37926e-06
 Reference value :  1.37988e-06
 Reference value :  1.38046e-06
 Reference value :  1.38099e-06
 Reference value :  1.38165e-06
 Reference value :  1.38227e-06
 Reference value :  1.38287e-06
 Reference value :  1.38352e-06
 Reference value :  1.38415e-06
 Reference value :  1.38478e-06
 Reference value :  1.38540e-06
 Reference value :  1.38602e-06
 Reference value :  1.38664e-06
 Reference value :  1.38716e-06
 Reference value :  1.38762e-06
 Reference value :  1.38809e-06
 Reference value :  1.38855e-06
 Reference value :  1.38901e-06
 Reference value :  1.38949e-06
 Reference value :  1.38995e-06
 Reference value :  1.39042e-06
 Reference value :  1.39089e-06
 Reference value :  1.39136e-06
 Reference value :  1.39182e-06
 Reference value :  1.39227e-06
 Reference value :  1.39275e-06
 Reference value :  1.39321e-06
 Reference value :  1.39367e-06
 Reference value :  1.39415e-06
 Reference value :  1.39461e-06
 Reference value :  1.39509e-06
 Reference value :  1.39555e-06
 Reference value :  1.39602e-06
 Reference value :  1.39648e-06
 Reference value :  1.39694e-06
 Reference value :  1.39741e-06
 Reference value :  1.39787e-06
 Reference value :  1.39833e-06
 Reference value :  1.39879e-06
 Reference value :  1.39926e-06
 Reference value :  1.39972e-06
 Reference value :  1.40018e-06
 Reference value :  1.40065e-06
 Reference value :  1.40111e-06
 Reference value :  1.40156e-06
 Reference value :  1.40204e-06
 Reference value :  1.40250e-06
 Reference value :  1.40298e-06
 Reference value :  1.40344e-06
 Reference value :  1.40390e-06
 Reference value :  1.40437e-06
 Reference value :  1.40483e-06
 Reference value :  1.40529e-06
 Reference value :  1.40575e-06
 Reference value :  1.40620e-06
 Reference value :  1.40666e-06
 Reference value :  1.40711e-06
 Reference value :  1.40757e-06
 Reference value :  1.40802e-06
 Reference value :  1.40848e-06
 Reference value :  1.40895e-06
 Reference value :  1.40940e-06
 Reference value :  1.40987e-06
 Reference value :  1.41034e-06
 Reference value :  1.41081e-06
 Reference value :  1.41128e-06
 Reference value :  1.41188e-06
 Reference value :  1.41251e-06
 Reference value :  1.41311e-06
 Reference value :  1.41375e-06
 Reference value :  1.41439e-06
 Reference value :  1.41500e-06
 Reference value :  1.41563e-06
 Reference value :  1.41623e-06
 Reference value :  1.41685e-06
 Reference value :  1.41748e-06
 Reference value :  1.41810e-06
 Reference value :  1.41875e-06
 Reference value :  1.41935e-06
 Reference value :  1.41995e-06
 Reference value :  1.42055e-06
 Reference value :  1.42121e-06
 Reference value :  1.42186e-06
 Reference value :  1.42254e-06
 Reference value :  1.42321e-06
 Reference value :  1.42384e-06
 Reference value :  1.42450e-06
 Reference value :  1.42520e-06
 Reference value :  1.42584e-06
 Reference value :  1.42649e-06
 Reference value :  1.42711e-06
 Reference value :  1.42773e-06
 Reference value :  1.42834e-06
 Reference value :  1.42895e-06
 Reference value :  1.42958e-06
 Reference value :  1.43016e-06
 Reference value :  1.43086e-06
 Reference value :  1.43149e-06
 Reference value :  1.43217e-06
 Reference value :  1.43280e-06
 Reference value :  1.43339e-06
 Reference value :  1.43404e-06
 Reference value :  1.43464e-06
 Reference value :  1.43524e-06
 Reference value :  1.43583e-06
 Reference value :  1.43641e-06
 Reference value :  1.43705e-06
 Reference value :  1.43765e-06
 Reference value :  1.43826e-06
 Reference value :  1.43890e-06
 Reference value :  1.43951e-06
 Reference value :  1.44016e-06
 Reference value :  1.44083e-06
 Reference value :  1.44149e-06
 Reference value :  1.44211e-06
 Reference value :  1.44279e-06
 Reference value :  1.44337e-06
 Reference value :  1.44400e-06
 Reference value :  1.44467e-06
 Reference value :  1.44529e-06
 Reference value :  1.44592e-06
 Reference value :  1.44646e-06
 Reference value :  1.44706e-06
 Reference value :  1.44772e-06
 Reference value :  1.44834e-06
 Reference value :  1.44900e-06
 Reference value :  1.44962e-06
 Reference value :  1.45022e-06
 Reference value :  1.45087e-06
 Reference value :  1.45147e-06
 Reference value :  1.45211e-06
 Reference value :  1.45278e-06
 Reference value :  1.45340e-06
 Reference value :  1.45396e-06
 Reference value :  1.45448e-06
 Reference value :  1.45510e-06
 Reference value :  1.45573e-06
 Reference value :  1.45635e-06
 Reference value :  1.45695e-06
 Reference value :  1.45751e-06
 Reference value :  1.45797e-06
 Reference value :  1.45843e-06
 Reference value :  1.45899e-06
 Reference value :  1.45970e-06
 Reference value :  1.46033e-06
 Reference value :  1.46102e-06
 Reference value :  1.46167e-06
 Reference value :  1.46230e-06
 Reference value :  1.46295e-06
 Reference value :  1.46355e-06
 Reference value :  1.46423e-06
 Reference value :  1.46485e-06
 Reference value :  1.46548e-06
 Reference value :  1.46604e-06
 Reference value :  1.46650e-06
 Reference value :  1.46696e-06
 Reference value :  1.46743e-06
 Reference value :  1.46789e-06
 Reference value :  1.46835e-06
 Reference value :  1.46883e-06
 Reference value :  1.46945e-06
 Reference value :  1.47008e-06
 Reference value :  1.47076e-06
 Reference value :  1.47145e-06
 Reference value :  1.47212e-06
 Reference value :  1.47278e-06
 Reference value :  1.47341e-06
 Reference value :  1.47412e-06
 Reference value :  1.47476e-06
 Reference value :  1.47545e-06
 Reference value :  1.47615e-06
 Reference value :  1.47675e-06
 Reference value :  1.47732e-06
 Reference value :  1.47786e-06
 Reference value :  1.47846e-06
 Reference value :  1.47917e-06
 Reference value :  1.47985e-06
 Reference value :  1.48054e-06
 Reference value :  1.48119e-06
 Reference value :  1.48184e-06
 Reference value :  1.48249e-06
 Reference value :  1.48312e-06
 Reference value :  1.48381e-06
 Reference value :  1.48445e-06
 Reference value :  1.48514e-06
 Reference value :  1.48576e-06
 Reference value :  1.48638e-06
 Reference value :  1.48702e-06
 Reference value :  1.48763e-06
 Reference value :  1.48823e-06
 Reference value :  1.48880e-06
 Reference value :  1.48938e-06
 Reference value :  1.48997e-06
 Reference value :  1.49053e-06
 Reference value :  1.49113e-06
 Reference value :  1.49171e-06
 Reference value :  1.49230e-06
 Reference value :  1.49290e-06
 Reference value :  1.49337e-06
 Reference value :  1.49378e-06
 Reference value :  1.49420e-06
 Reference value :  1.49462e-06
 Reference value :  1.49503e-06
 Reference value :  1.49545e-06
 Reference value :  1.49587e-06
 Reference value :  1.49627e-06
 Reference value :  1.49668e-06
 Reference value :  1.49710e-06
 Reference value :  1.49752e-06
 Reference value :  1.49793e-06
 Reference value :  1.49835e-06
 Reference value :  1.49877e-06
 Reference value :  1.49917e-06
 Reference value :  1.49957e-06
 Reference value :  1.49998e-06
 Reference value :  1.50039e-06
 Reference value :  1.50080e-06
 Reference value :  1.50122e-06
 Reference value :  1.50164e-06
 Reference value :  1.50205e-06
 Reference value :  1.50247e-06
 Reference value :  1.50287e-06
 Reference value :  1.50329e-06
 Reference value :  1.50370e-06
 Reference value :  1.50412e-06
 Reference value :  1.50454e-06
 Reference value :  1.50495e-06
 Reference value :  1.50537e-06
 Reference value :  1.50579e-06
 Reference value :  1.50620e-06
 Reference value :  1.50662e-06
 Reference value :  1.50704e-06
 Reference value :  1.50745e-06
 Reference value :  1.50787e-06
 Reference value :  1.50829e-06
 Reference value :  1.50870e-06
 Reference value :  1.50910e-06
 Reference value :  1.50951e-06
 Reference value :  1.50991e-06
 Reference value :  1.51031e-06
 Reference value :  1.51072e-06
 Reference value :  1.51114e-06
 Reference value :  1.51156e-06
 Reference value :  1.51199e-06
 Reference value :  1.51244e-06
 Reference value :  1.51288e-06
 Reference value :  1.51333e-06
 Reference value :  1.51395e-06
 Reference value :  1.51460e-06
 Reference value :  1.51523e-06
 Reference value :  1.51588e-06
 Reference value :  1.51651e-06
 Reference value :  1.51717e-06
 Reference value :  1.51781e-06
 Reference value :  1.51844e-06
 Reference value :  1.51906e-06
 Reference value :  1.51970e-06
 Reference value :  1.52031e-06
 Reference value :  1.52092e-06
 Reference value :  1.52156e-06
 Reference value :  1.52217e-06
 Reference value :  1.52274e-06
 Reference value :  1.52332e-06
 Reference value :  1.52395e-06
 Reference value :  1.52446e-06
 Reference value :  1.52490e-06
 Reference value :  1.52537e-06
 Reference value :  1.52583e-06
 Reference value :  1.52629e-06
 Reference value :  1.52676e-06
 Reference value :  1.52722e-06
 Reference value :  1.52768e-06
 Reference value :  1.52814e-06
 Reference value :  1.52861e-06
 Reference value :  1.52907e-06
 Reference value :  1.52953e-06
 Reference value :  1.53000e-06
 Reference value :  1.53046e-06
 Reference value :  1.53092e-06
 Reference value :  1.53138e-06
 Reference value :  1.53185e-06
 Reference value :  1.53231e-06
 Reference value :  1.53276e-06
 Reference value :  1.53322e-06
 Reference value :  1.53368e-06
 Reference value :  1.53415e-06
 Reference value :  1.53461e-06
 Reference value :  1.53507e-06
 Reference value :  1.53554e-06
 Reference value :  1.53598e-06
 Reference value :  1.53645e-06
 Reference value :  1.53689e-06
 Reference value :  1.53736e-06
 Reference value :  1.53780e-06
 Reference value :  1.53825e-06
 Reference value :  1.53871e-06
 Reference value :  1.53918e-06
 Reference value :  1.53962e-06
 Reference value :  1.54009e-06
 Reference value :  1.54055e-06
 Reference value :  1.54101e-06
 Reference value :  1.54148e-06
 Reference value :  1.54194e-06
 Reference value :  1.54240e-06
 Reference value :  1.54286e-06
 Reference value :  1.54333e-06
 Reference value :  1.54378e-06
 Reference value :  1.54424e-06
 Reference value :  1.54470e-06
 Reference value :  1.54516e-06
 Reference value :  1.54563e-06
 Reference value :  1.54609e-06
 Reference value :  1.54655e-06
 Reference value :  1.54712e-06
 Reference value :  1.54777e-06
 Reference value :  1.54842e-06
 Reference value :  1.54907e-06
 Reference value :  1.54972e-06
 Reference value :  1.55039e-06
 Reference value :  1.55100e-06
 Reference value :  1.55166e-06
 Reference value :  1.55229e-06
 Reference value :  1.55293e-06
 Reference value :  1.55354e-06
 Reference value :  1.55414e-06
 Reference value :  1.55481e-06
 Reference value :  1.55542e-06
 Reference value :  1.55607e-06
 Reference value :  1.55667e-06
 Reference value :  1.55729e-06
 Reference value :  1.55794e-06
 Reference value :  1.55853e-06
 Reference value :  1.55916e-06
 Reference value :  1.55975e-06
 Reference value :  1.56022e-06
 Reference value :  1.56081e-06
 Reference value :  1.56143e-06
 Reference value :  1.56204e-06
 Reference value :  1.56269e-06
 Reference value :  1.56337e-06
 Reference value :  1.56407e-06
 Reference value :  1.56470e-06
 Reference value :  1.56535e-06
 Reference value :  1.56598e-06
 Reference value :  1.56661e-06
 Reference value :  1.56724e-06
 Reference value :  1.56785e-06
 Reference value :  1.56848e-06
 Reference value :  1.56906e-06
 Reference value :  1.56976e-06
 Reference value :  1.57022e-06
 Reference value :  1.57084e-06
 Reference value :  1.57147e-06
 Reference value :  1.57207e-06
 Reference value :  1.57268e-06
 Reference value :  1.57328e-06
 Reference value :  1.57385e-06
 Reference value :  1.57451e-06
 Reference value :  1.57510e-06
 Reference value :  1.57575e-06
 Reference value :  1.57635e-06
 Reference value :  1.57701e-06
 Reference value :  1.57772e-06
 Reference value :  1.57832e-06
 Reference value :  1.57879e-06
 Reference value :  1.57925e-06
 Reference value :  1.57971e-06
 Reference value :  1.58016e-06
 Reference value :  1.58068e-06
 Reference value :  1.58132e-06
 Reference value :  1.58193e-06
 Reference value :  1.58260e-06
 Reference value :  1.58325e-06
 Reference value :  1.58372e-06
 Reference value :  1.58420e-06
 Reference value :  1.58466e-06
 Reference value :  1.58514e-06
 Reference value :  1.58561e-06
 Reference value :  1.58607e-06
 Reference value :  1.58647e-06
 Reference value :  1.58689e-06
 Reference value :  1.58732e-06
 Reference value :  1.58772e-06
 Reference value :  1.58814e-06
 Reference value :  1.58855e-06
 Reference value :  1.58895e-06
 Reference value :  1.58939e-06
 Reference value :  1.58980e-06
 Reference value :  1.59022e-06
 Reference value :  1.59064e-06
 Reference value :  1.59104e-06
 Reference value :  1.59144e-06
 Reference value :  1.59186e-06
 Reference value :  1.59227e-06
 Reference value :  1.59269e-06
 Reference value :  1.59312e-06
 Reference value :  1.59354e-06
 Reference value :  1.59394e-06
 Reference value :  1.59434e-06
 Reference value :  1.59474e-06
 Reference value :  1.59514e-06
 Reference value :  1.59554e-06
 Reference value :  1.59594e-06
 Reference value :  1.59636e-06
 Reference value :  1.59676e-06
 Reference value :  1.59716e-06
 Reference value :  1.59756e-06
 Reference value :  1.59797e-06
 Reference value :  1.59837e-06
 Reference value :  1.59877e-06
 Reference value :  1.59918e-06
 Reference value :  1.59960e-06
 Reference value :  1.60000e-06
 Reference value :  1.60040e-06
 Reference value :  1.60080e-06
 Reference value :  1.60121e-06
 Reference value :  1.60161e-06
 Reference value :  1.60201e-06
 Reference value :  1.60239e-06
 Reference value :  1.60279e-06
 Reference value :  1.60320e-06
 Reference value :  1.60360e-06
 Reference value :  1.60400e-06
 Reference value :  1.60440e-06
 Reference value :  1.60480e-06
 Reference value :  1.60520e-06
 Reference value :  1.60560e-06
 Reference value :  1.60604e-06
 Reference value :  1.60650e-06
 Reference value :  1.60698e-06
 Reference value :  1.60744e-06
 Reference value :  1.60790e-06
 Reference value :  1.60838e-06
 Reference value :  1.60884e-06
 Reference value :  1.60932e-06
 Reference value :  1.60978e-06
 Reference value :  1.61025e-06
 Reference value :  1.61071e-06
 Reference value :  1.61117e-06
 Reference value :  1.61164e-06
 Reference value :  1.61208e-06
 Reference value :  1.61255e-06
 Reference value :  1.61299e-06
 Reference value :  1.61344e-06
 Reference value :  1.61389e-06
 Reference value :  1.61434e-06
 Reference value :  1.61478e-06
 Reference value :  1.61523e-06
 Reference value :  1.61569e-06
 Reference value :  1.61616e-06
 Reference value :  1.61662e-06
 Reference value :  1.61708e-06
 Reference value :  1.61753e-06
 Reference value :  1.61798e-06
 Reference value :  1.61843e-06
 Reference value :  1.61886e-06
 Reference value :  1.61932e-06
 Reference value :  1.61977e-06
 Reference value :  1.62023e-06
 Reference value :  1.62069e-06
 Reference value :  1.62116e-06
 Reference value :  1.62162e-06
 Reference value :  1.62208e-06
 Reference value :  1.62255e-06
 Reference value :  1.62301e-06
 Reference value :  1.62346e-06
 Reference value :  1.62390e-06
 Reference value :  1.62437e-06
 Reference value :  1.62483e-06
 Reference value :  1.62529e-06
 Reference value :  1.62575e-06
 Reference value :  1.62622e-06
 Reference value :  1.62668e-06
 Reference value :  1.62714e-06
 Reference value :  1.62761e-06
 Reference value :  1.62807e-06
 Reference value :  1.62855e-06
 Reference value :  1.62901e-06
 Reference value :  1.62947e-06
 Reference value :  1.62994e-06
 Reference value :  1.63041e-06
 Reference value :  1.63088e-06
 Reference value :  1.63134e-06
 Reference value :  1.63182e-06
 Reference value :  1.63228e-06
 Reference value :  1.63274e-06
 Reference value :  1.63321e-06
 Reference value :  1.63367e-06
 Reference value :  1.63413e-06
 Reference value :  1.63464e-06
 Reference value :  1.63534e-06
 Reference value :  1.63582e-06
 Reference value :  1.63629e-06
 Reference value :  1.63677e-06
 Reference value :  1.63725e-06
 Reference value :  1.63773e-06
 Reference value :  1.63819e-06
 Reference value :  1.63864e-06
 Reference value :  1.63910e-06
 Reference value :  1.63956e-06
 Reference value :  1.64003e-06
 Reference value :  1.64049e-06
 Reference value :  1.64095e-06
 Reference value :  1.64142e-06
 Reference value :  1.64188e-06
 Reference value :  1.64234e-06
 Reference value :  1.64280e-06
 Reference value :  1.64327e-06
 Reference value :  1.64373e-06
 Reference value :  1.64419e-06
 Reference value :  1.64466e-06
 Reference value :  1.64512e-06
 Reference value :  1.64558e-06
 Reference value :  1.64605e-06
 Reference value :  1.64651e-06
 Reference value :  1.64697e-06
 Reference value :  1.64743e-06
 Reference value :  1.64790e-06
 Reference value :  1.64834e-06
 Reference value :  1.64881e-06
 Reference value :  1.64927e-06
 Reference value :  1.64973e-06
 Reference value :  1.65020e-06
 Reference value :  1.65080e-06
 Reference value :  1.65125e-06
 Reference value :  1.65171e-06
 Reference value :  1.65217e-06
 Reference value :  1.65263e-06
 Reference value :  1.65324e-06
 Reference value :  1.65382e-06
 Reference value :  1.65428e-06
 Reference value :  1.65475e-06
 Reference value :  1.65520e-06
 Reference value :  1.65564e-06
 Reference value :  1.65609e-06
 Reference value :  1.65654e-06
 Reference value :  1.65700e-06
 Reference value :  1.65746e-06
 Reference value :  1.65791e-06
 Reference value :  1.65837e-06
 Reference value :  1.65882e-06
 Reference value :  1.65928e-06
 Reference value :  1.65975e-06
 Reference value :  1.66021e-06
 Reference value :  1.66072e-06
 Reference value :  1.66135e-06
 Reference value :  1.66202e-06
 Reference value :  1.66263e-06
 Reference value :  1.66323e-06
 Reference value :  1.66388e-06
 Reference value :  1.66450e-06
 Reference value :  1.66512e-06
 Reference value :  1.66573e-06
 Reference value :  1.66632e-06
 Reference value :  1.66677e-06
 Reference value :  1.66722e-06
 Reference value :  1.66768e-06
 Reference value :  1.66820e-06
 Reference value :  1.66876e-06
 Reference value :  1.66941e-06
 Reference value :  1.67005e-06
 Reference value :  1.67072e-06
 Reference value :  1.67137e-06
 Reference value :  1.67201e-06
 Reference value :  1.67263e-06
 Reference value :  1.67326e-06
 Reference value :  1.67390e-06
 Reference value :  1.67450e-06
 Reference value :  1.67510e-06
 Reference value :  1.67566e-06
 Reference value :  1.67630e-06
 Reference value :  1.67689e-06
 Reference value :  1.67754e-06
 Reference value :  1.67817e-06
 Reference value :  1.67879e-06
 Reference value :  1.67940e-06
 Reference value :  1.68002e-06
 Reference value :  1.68065e-06
 Reference value :  1.68132e-06
 Reference value :  1.68183e-06
 Reference value :  1.68248e-06
 Reference value :  1.68309e-06
 Reference value :  1.68376e-06
 Reference value :  1.68440e-06
 Reference value :  1.68504e-06
 Reference value :  1.68568e-06
 Reference value :  1.68630e-06
 Reference value :  1.68695e-06
 Reference value :  1.68755e-06
 Reference value :  1.68823e-06
 Reference value :  1.68891e-06
 Reference value :  1.68939e-06
 Reference value :  1.68996e-06
 Reference value :  1.69042e-06
 Reference value :  1.69088e-06
 Reference value :  1.69135e-06
 Reference value :  1.69195e-06
 Reference value :  1.69255e-06
 Reference value :  1.69317e-06
 Reference value :  1.69366e-06
 Reference value :  1.69413e-06
 Reference value :  1.69459e-06
 Reference value :  1.69505e-06
 Reference value :  1.69561e-06
 Reference value :  1.69607e-06
 Reference value :  1.69669e-06
 Reference value :  1.69729e-06
 Reference value :  1.69792e-06
 Reference value :  1.69851e-06
 Reference value :  1.69899e-06
 Reference value :  1.69946e-06
 Reference value :  1.69993e-06
 Reference value :  1.70041e-06
 Reference value :  1.70087e-06
 Reference value :  1.70128e-06
 Reference value :  1.70172e-06
 Reference value :  1.70238e-06
 Reference value :  1.70300e-06
 Reference value :  1.70357e-06
 Reference value :  1.70420e-06
 Reference value :  1.70473e-06
 Reference value :  1.70519e-06
 Reference value :  1.70565e-06
 Reference value :  1.70611e-06
 Reference value :  1.70658e-06
 Reference value :  1.70704e-06
 Reference value :  1.70750e-06
 Reference value :  1.70797e-06
 Reference value :  1.70843e-06
 Reference value :  1.70889e-06
 Reference value :  1.70935e-06
 Reference value :  1.70982e-06
 Reference value :  1.71028e-06
 Reference value :  1.71073e-06
 Reference value :  1.71119e-06
 Reference value :  1.71165e-06
 Reference value :  1.71212e-06
 Reference value :  1.71258e-06
 Reference value :  1.71304e-06
 Reference value :  1.71351e-06
 Reference value :  1.71397e-06
 Reference value :  1.71443e-06
 Reference value :  1.71489e-06
 Reference value :  1.71536e-06
 Reference value :  1.71582e-06
 Reference value :  1.71625e-06
 Reference value :  1.71667e-06
 Reference value :  1.71710e-06
 Reference value :  1.71752e-06
 Reference value :  1.71795e-06
 Reference value :  1.71837e-06
 Reference value :  1.71877e-06
 Reference value :  1.71918e-06
 Reference value :  1.71958e-06
 Reference value :  1.71999e-06
 Reference value :  1.72039e-06
 Reference value :  1.72080e-06
 Reference value :  1.72122e-06
 Reference value :  1.72164e-06
 Reference value :  1.72204e-06
 Reference value :  1.72244e-06
 Reference value :  1.72284e-06
 Reference value :  1.72326e-06
 Reference value :  1.72366e-06
 Reference value :  1.72406e-06
 Reference value :  1.72448e-06
 Reference value :  1.72489e-06
 Reference value :  1.72531e-06
 Reference value :  1.72571e-06
 Reference value :  1.72613e-06
 Reference value :  1.72654e-06
 Reference value :  1.72694e-06
 Reference value :  1.72735e-06
 Reference value :  1.72775e-06
 Reference value :  1.72816e-06
 Reference value :  1.72858e-06
 Reference value :  1.72900e-06
 Reference value :  1.72941e-06
 Reference value :  1.72981e-06
 Reference value :  1.73022e-06
 Reference value :  1.73062e-06
 Reference value :  1.73102e-06
 Reference value :  1.73142e-06
 Reference value :  1.73182e-06
 Reference value :  1.73222e-06
 Reference value :  1.73262e-06
 Reference value :  1.73299e-06
 Reference value :  1.73336e-06
 Reference value :  1.73373e-06
 Reference value :  1.73412e-06
 Reference value :  1.73451e-06
 Reference value :  1.73489e-06
 Reference value :  1.73528e-06
 Reference value :  1.73566e-06
 Reference value :  1.73606e-06
 Reference value :  1.73645e-06
 Reference value :  1.73685e-06
 Reference value :  1.73725e-06
 Reference value :  1.73767e-06
 Reference value :  1.73807e-06
 Reference value :  1.73849e-06
 Reference value :  1.73890e-06
 Reference value :  1.73929e-06
 Reference value :  1.73967e-06
 Reference value :  1.74006e-06
 Reference value :  1.74043e-06
 Reference value :  1.74082e-06
 Reference value :  1.74120e-06
 Reference value :  1.74160e-06
 Reference value :  1.74199e-06
 Reference value :  1.74236e-06
 Reference value :  1.74275e-06
 Reference value :  1.74313e-06
 Reference value :  1.74355e-06
 Reference value :  1.74396e-06
 Reference value :  1.74438e-06
 Reference value :  1.74480e-06
 Reference value :  1.74521e-06
 Reference value :  1.74563e-06
 Reference value :  1.74605e-06
 Reference value :  1.74646e-06
 Reference value :  1.74688e-06
 Reference value :  1.74728e-06
 Reference value :  1.74770e-06
 Reference value :  1.74810e-06
 Reference value :  1.74850e-06
 Reference value :  1.74889e-06
 Reference value :  1.74929e-06
 Reference value :  1.74969e-06
 Reference value :  1.75011e-06
 Reference value :  1.75052e-06
 Reference value :  1.75092e-06
 Reference value :  1.75132e-06
 Reference value :  1.75173e-06
 Reference value :  1.75213e-06
 Reference value :  1.75250e-06
 Reference value :  1.75288e-06
 Reference value :  1.75325e-06
 Reference value :  1.75364e-06
 Reference value :  1.75404e-06
 Reference value :  1.75444e-06
 Reference value :  1.75484e-06
 Reference value :  1.75526e-06
 Reference value :  1.75568e-06
 Reference value :  1.75609e-06
 Reference value :  1.75651e-06
 Reference value :  1.75693e-06
 Reference value :  1.75734e-06
 Reference value :  1.75776e-06
 Reference value :  1.75818e-06
 Reference value :  1.75859e-06
 Reference value :  1.75901e-06
 Reference value :  1.75942e-06
 Reference value :  1.75984e-06
 Reference value :  1.76026e-06
 Reference value :  1.76067e-06
 Reference value :  1.76109e-06
 Reference value :  1.76151e-06
 Reference value :  1.76191e-06
 Reference value :  1.76233e-06
 Reference value :  1.76274e-06
 Reference value :  1.76314e-06
 Reference value :  1.76354e-06
 Reference value :  1.76396e-06
 Reference value :  1.76438e-06
 Reference value :  1.76479e-06
 Reference value :  1.76523e-06
 Reference value :  1.76564e-06
 Reference value :  1.76604e-06
 Reference value :  1.76643e-06
 Reference value :  1.76682e-06
 Reference value :  1.76722e-06
 Reference value :  1.76763e-06
 Reference value :  1.76803e-06
 Reference value :  1.76845e-06
 Reference value :  1.76887e-06
 Reference value :  1.76928e-06
 Reference value :  1.76970e-06
 Reference value :  1.77012e-06
 Reference value :  1.77053e-06
 Reference value :  1.77095e-06
 Reference value :  1.77137e-06
 Reference value :  1.77178e-06
 Reference value :  1.77220e-06
 Reference value :  1.77262e-06
 Reference value :  1.77303e-06
 Reference value :  1.77345e-06
 Reference value :  1.77388e-06
 Reference value :  1.77431e-06
 Reference value :  1.77475e-06
 Reference value :  1.77516e-06
 Reference value :  1.77558e-06
 Reference value :  1.77600e-06
 Reference value :  1.77643e-06
 Reference value :  1.77686e-06
 Reference value :  1.77728e-06
 Reference value :  1.77769e-06
 Reference value :  1.77811e-06
 Reference value :  1.77854e-06
 Reference value :  1.77896e-06
 Reference value :  1.77936e-06
 Reference value :  1.77978e-06
 Reference value :  1.78019e-06
 Reference value :  1.78059e-06
 Reference value :  1.78100e-06
 Reference value :  1.78140e-06
 Reference value :  1.78180e-06
 Reference value :  1.78220e-06
 Reference value :  1.78260e-06
 Reference value :  1.78300e-06
 Reference value :  1.78340e-06
 Reference value :  1.78382e-06
 Reference value :  1.78422e-06
 Reference value :  1.78462e-06
 Reference value :  1.78502e-06
 Reference value :  1.78542e-06
 Reference value :  1.78583e-06
 Reference value :  1.78623e-06
 Reference value :  1.78663e-06
 Reference value :  1.78703e-06
 Reference value :  1.78743e-06
 Reference value :  1.78782e-06
 Reference value :  1.78823e-06
 Reference value :  1.78863e-06
 Reference value :  1.78902e-06
 Reference value :  1.78941e-06
 Reference value :  1.78979e-06
 Reference value :  1.79018e-06
 Reference value :  1.79056e-06
 Reference value :  1.79093e-06
 Reference value :  1.79133e-06
 Reference value :  1.79175e-06
 Reference value :  1.79217e-06
 Reference value :  1.79257e-06
 Reference value :  1.79299e-06
 Reference value :  1.79340e-06
 Reference value :  1.79382e-06
 Reference value :  1.79422e-06
 Reference value :  1.79462e-06
 Reference value :  1.79502e-06
 Reference value :  1.79544e-06
 Reference value :  1.79586e-06
 Reference value :  1.79627e-06
 Reference value :  1.79669e-06
 Reference value :  1.79710e-06
 Reference value :  1.79752e-06
 Reference value :  1.79794e-06
 Reference value :  1.79835e-06
 Reference value :  1.79877e-06
 Reference value :  1.79919e-06
 Reference value :  1.79960e-06
 Reference value :  1.80002e-06
 Reference value :  1.80044e-06
 Reference value :  1.80085e-06
 Reference value :  1.80127e-06
 Reference value :  1.80170e-06
 Reference value :  1.80214e-06
 Reference value :  1.80255e-06
 Reference value :  1.80297e-06
 Reference value :  1.80338e-06
 Reference value :  1.80380e-06
 Reference value :  1.80422e-06
 Reference value :  1.80463e-06
 Reference value :  1.80505e-06
 Reference value :  1.80547e-06
 Reference value :  1.80588e-06
 Reference value :  1.80630e-06
 Reference value :  1.80672e-06
 Reference value :  1.80713e-06
 Reference value :  1.80755e-06
 Reference value :  1.80797e-06
 Reference value :  1.80838e-06
 Reference value :  1.80880e-06
 Reference value :  1.80922e-06
 Reference value :  1.80962e-06
 Reference value :  1.81004e-06
 Reference value :  1.81045e-06
 Reference value :  1.81087e-06
 Reference value :  1.81130e-06
 Reference value :  1.81172e-06
 Reference value :  1.81213e-06
 Reference value :  1.81257e-06
 Reference value :  1.81298e-06
 Reference value :  1.81340e-06
 Reference value :  1.81378e-06
 Reference value :  1.81416e-06
 Reference value :  1.81454e-06
 Reference value :  1.81493e-06
 Reference value :  1.81531e-06
 Reference value :  1.81571e-06
 Reference value :  1.81611e-06
 Reference value :  1.81653e-06
 Reference value :  1.81693e-06
 Reference value :  1.81735e-06
 Reference value :  1.81777e-06
 Reference value :  1.81817e-06
 Reference value :  1.81857e-06
 Reference value :  1.81897e-06
 Reference value :  1.81937e-06
 Reference value :  1.81977e-06
 Reference value :  1.82019e-06
 Reference value :  1.82059e-06
 Reference value :  1.82101e-06
 Reference value :  1.82142e-06
 Reference value :  1.82184e-06
 Reference value :  1.82224e-06
 Reference value :  1.82266e-06
 Reference value :  1.82306e-06
 Reference value :  1.82346e-06
 Reference value :  1.82386e-06
 Reference value :  1.82426e-06
 Reference value :  1.82466e-06
 Reference value :  1.82506e-06
 Reference value :  1.82550e-06
 Reference value :  1.82590e-06
 Reference value :  1.82631e-06
 Reference value :  1.82673e-06
 Reference value :  1.82715e-06
 Reference value :  1.82756e-06
 Reference value :  1.82798e-06
 Reference value :  1.82840e-06
 Reference value :  1.82881e-06
 Reference value :  1.82923e-06
 Reference value :  1.82965e-06
 Reference value :  1.83006e-06
 Reference value :  1.83048e-06
 Reference value :  1.83090e-06
 Reference value :  1.83131e-06
 Reference value :  1.83173e-06
 Reference value :  1.83215e-06
 Reference value :  1.83253e-06
 Reference value :  1.83292e-06
 Reference value :  1.83332e-06
 Reference value :  1.83372e-06
 Reference value :  1.83414e-06
 Reference value :  1.83455e-06
 Reference value :  1.83497e-06
 Reference value :  1.83540e-06
 Reference value :  1.83583e-06
 Reference value :  1.83627e-06
 Reference value :  1.83670e-06
 Reference value :  1.83713e-06
 Reference value :  1.83756e-06
 Reference value :  1.83798e-06
 Reference value :  1.83838e-06
 Reference value :  1.83878e-06
 Reference value :  1.83920e-06
 Reference value :  1.83963e-06
 Reference value :  1.84006e-06
 Reference value :  1.84049e-06
 Reference value :  1.84090e-06
 Reference value :  1.84131e-06
 Reference value :  1.84171e-06
 Reference value :  1.84213e-06
 Reference value :  1.84256e-06
 Reference value :  1.84298e-06
 Reference value :  1.84339e-06
 Reference value :  1.84381e-06
 Reference value :  1.84424e-06
 Reference value :  1.84468e-06
 Reference value :  1.84511e-06
 Reference value :  1.84556e-06
 Reference value :  1.84600e-06
 Reference value :  1.84643e-06
 Reference value :  1.84687e-06
 Reference value :  1.84730e-06
 Reference value :  1.84773e-06
 Reference value :  1.84816e-06
 Reference value :  1.84859e-06
 Reference value :  1.84903e-06
 Reference value :  1.84946e-06
 Reference value :  1.84989e-06
 Reference value :  1.85032e-06
 Reference value :  1.85076e-06
 Reference value :  1.85119e-06
 Reference value :  1.85162e-06
 Reference value :  1.85205e-06
 Reference value :  1.85248e-06
 Reference value :  1.85293e-06
 Reference value :  1.85336e-06
 Reference value :  1.85379e-06
 Reference value :  1.85423e-06
 Reference value :  1.85467e-06
 Reference value :  1.85511e-06
 Reference value :  1.85554e-06
 Reference value :  1.85597e-06
 Reference value :  1.85640e-06
 Reference value :  1.85683e-06
 Reference value :  1.85728e-06
 Reference value :  1.85771e-06
 Reference value :  1.85815e-06
 Reference value :  1.85858e-06
 Reference value :  1.85903e-06
 Reference value :  1.85946e-06
 Reference value :  1.85991e-06
 Reference value :  1.86034e-06
 Reference value :  1.86077e-06
 Reference value :  1.86122e-06
 Reference value :  1.86165e-06
 Reference value :  1.86208e-06
 Reference value :  1.86251e-06
 Reference value :  1.86294e-06
 Reference value :  1.86338e-06
 Reference value :  1.86381e-06
 Reference value :  1.86424e-06
 Reference value :  1.86467e-06
 Reference value :  1.86509e-06
 Reference value :  1.86554e-06
 Reference value :  1.86598e-06
 Reference value :  1.86642e-06
 Reference value :  1.86685e-06
 Reference value :  1.86730e-06
 Reference value :  1.86773e-06
 Reference value :  1.86818e-06
 Reference value :  1.86861e-06
 Reference value :  1.86904e-06
 Reference value :  1.86947e-06
 Reference value :  1.86989e-06
 Reference value :  1.87032e-06
 Reference value :  1.87075e-06
 Reference value :  1.87118e-06
 Reference value :  1.87162e-06
 Reference value :  1.87205e-06
 Reference value :  1.87248e-06
 Reference value :  1.87291e-06
 Reference value :  1.87334e-06
 Reference value :  1.87379e-06
 Reference value :  1.87422e-06
 Reference value :  1.87467e-06
 Reference value :  1.87510e-06
 Reference value :  1.87555e-06
 Reference value :  1.87598e-06
 Reference value :  1.87642e-06
 Reference value :  1.87685e-06
 Reference value :  1.87728e-06
 Reference value :  1.87771e-06
 Reference value :  1.87816e-06
 Reference value :  1.87859e-06
 Reference value :  1.87904e-06
 Reference value :  1.87949e-06
 Reference value :  1.87993e-06
 Reference value :  1.88037e-06
 Reference value :  1.88080e-06
 Reference value :  1.88123e-06
 Reference value :  1.88166e-06
 Reference value :  1.88209e-06
 Reference value :  1.88254e-06
 Reference value :  1.88297e-06
 Reference value :  1.88342e-06
 Reference value :  1.88387e-06
 Reference value :  1.88432e-06
 Reference value :  1.88475e-06
 Reference value :  1.88518e-06
 Reference value :  1.88561e-06
 Reference value :  1.88606e-06
 Reference value :  1.88651e-06
 Reference value :  1.88695e-06
 Reference value :  1.88740e-06
 Reference value :  1.88785e-06
 Reference value :  1.88828e-06
 Reference value :  1.88873e-06
 Reference value :  1.88918e-06
 Reference value :  1.88964e-06
 Reference value :  1.89009e-06
 Reference value :  1.89053e-06
 Reference value :  1.89098e-06
 Reference value :  1.89143e-06
 Reference value :  1.89188e-06
 Reference value :  1.89232e-06
 Reference value :  1.89279e-06
 Reference value :  1.89323e-06
 Reference value :  1.89368e-06
 Reference value :  1.89413e-06
 Reference value :  1.89458e-06
 Reference value :  1.89502e-06
 Reference value :  1.89547e-06
 Reference value :  1.89592e-06
 Reference value :  1.89638e-06
 Reference value :  1.89684e-06
 Reference value :  1.89731e-06
 Reference value :  1.89775e-06
 Reference value :  1.89820e-06
 Reference value :  1.89867e-06
 Reference value :  1.89913e-06
 Reference value :  1.89959e-06
 Reference value :  1.90004e-06
 Reference value :  1.90050e-06
 Reference value :  1.90095e-06
 Reference value :  1.90140e-06
 Reference value :  1.90184e-06
 Reference value :  1.90231e-06
 Reference value :  1.90275e-06
 Reference value :  1.90320e-06
 Reference value :  1.90366e-06
 Reference value :  1.90411e-06
 Reference value :  1.90457e-06
 Reference value :  1.90504e-06
 Reference value :  1.90549e-06
 Reference value :  1.90593e-06
 Reference value :  1.90640e-06
 Reference value :  1.90686e-06
 Reference value :  1.90732e-06
 Reference value :  1.90777e-06
 Reference value :  1.90822e-06
 Reference value :  1.90866e-06
 Reference value :  1.90911e-06
 Reference value :  1.90956e-06
 Reference value :  1.91002e-06
 Reference value :  1.91048e-06
 Reference value :  1.91093e-06
 Reference value :  1.91138e-06
 Reference value :  1.91183e-06
 Reference value :  1.91227e-06
 Reference value :  1.91272e-06
 Reference value :  1.91317e-06
 Reference value :  1.91363e-06
 Reference value :  1.91410e-06
 Reference value :  1.91457e-06
 Reference value :  1.91504e-06
 Reference value :  1.91551e-06
 Reference value :  1.91598e-06
 Reference value :  1.91644e-06
 Reference value :  1.91690e-06
 Reference value :  1.91738e-06
 Reference value :  1.91784e-06
 Reference value :  1.91831e-06
 Reference value :  1.91879e-06
 Reference value :  1.91925e-06
 Reference value :  1.91971e-06
 Reference value :  1.92017e-06
 Reference value :  1.92064e-06
 Reference value :  1.92110e-06
 Reference value :  1.92156e-06
 Reference value :  1.92204e-06
 Reference value :  1.92250e-06
 Reference value :  1.92298e-06
 Reference value :  1.92345e-06
 Reference value :  1.92392e-06
 Reference value :  1.92440e-06
 Reference value :  1.92488e-06
 Reference value :  1.92536e-06
 Reference value :  1.92582e-06
 Reference value :  1.92628e-06
 Reference value :  1.92676e-06
 Reference value :  1.92726e-06
 Reference value :  1.92774e-06
 Reference value :  1.92821e-06
 Reference value :  1.92869e-06
 Reference value :  1.92919e-06
 Reference value :  1.92968e-06
 Reference value :  1.93016e-06
 Reference value :  1.93064e-06
 Reference value :  1.93113e-06
 Reference value :  1.93165e-06
 Reference value :  1.93218e-06
 Reference value :  1.93269e-06
 Reference value :  1.93320e-06
 Reference value :  1.93371e-06
 Reference value :  1.93423e-06
 Reference value :  1.93477e-06
 Reference value :  1.93530e-06
 Reference value :  1.93582e-06
 Reference value :  1.93631e-06
 Reference value :  1.93682e-06
 Reference value :  1.93733e-06
 Reference value :  1.93783e-06
 Reference value :  1.93834e-06
 Reference value :  1.93884e-06
 Reference value :  1.93934e-06
 Reference value :  1.93983e-06
 Reference value :  1.94033e-06
 Reference value :  1.94082e-06
 Reference value :  1.94134e-06
 Reference value :  1.94184e-06
 Reference value :  1.94233e-06
 Reference value :  1.94284e-06
 Reference value :  1.94334e-06
 Reference value :  1.94383e-06
 Reference value :  1.94432e-06
 Reference value :  1.94482e-06
 Reference value :  1.94533e-06
 Reference value :  1.94582e-06
 Reference value :  1.94631e-06
 Reference value :  1.94681e-06
 Reference value :  1.94732e-06
 Reference value :  1.94781e-06
 Reference value :  1.94832e-06
 Reference value :  1.94881e-06
 Reference value :  1.94931e-06
 Reference value :  1.94980e-06
 Reference value :  1.95029e-06
 Reference value :  1.95080e-06
 Reference value :  1.95130e-06
 Reference value :  1.95179e-06
 Reference value :  1.95230e-06
 Reference value :  1.95279e-06
 Reference value :  1.95329e-06
 Reference value :  1.95380e-06
 Reference value :  1.95429e-06
 Reference value :  1.95480e-06
 Reference value :  1.95529e-06
 Reference value :  1.95580e-06
 Reference value :  1.95631e-06
 Reference value :  1.95681e-06
 Reference value :  1.95730e-06
 Reference value :  1.95779e-06
 Reference value :  1.95830e-06
 Reference value :  1.95880e-06
 Reference value :  1.95929e-06
 Reference value :  1.95981e-06
 Reference value :  1.96032e-06
 Reference value :  1.96083e-06
 Reference value :  1.96133e-06
 Reference value :  1.96184e-06
 Reference value :  1.96234e-06
 Reference value :  1.96285e-06
 Reference value :  1.96336e-06
 Reference value :  1.96387e-06
 Reference value :  1.96438e-06
 Reference value :  1.96489e-06
 Reference value :  1.96540e-06
 Reference value :  1.96592e-06
 Reference value :  1.96645e-06
 Reference value :  1.96696e-06
 Reference value :  1.96747e-06
 Reference value :  1.96799e-06
 Reference value :  1.96850e-06
 Reference value :  1.96901e-06
 Reference value :  1.96952e-06
 Reference value :  1.97004e-06
 Reference value :  1.97057e-06
 Reference value :  1.97108e-06
 Reference value :  1.97160e-06
 Reference value :  1.97211e-06
 Reference value :  1.97264e-06
 Reference value :  1.97315e-06
 Reference value :  1.97367e-06
 Reference value :  1.97418e-06
 Reference value :  1.97469e-06
 Reference value :  1.97520e-06
 Reference value :  1.97571e-06
 Reference value :  1.97622e-06
 Reference value :  1.97674e-06
 Reference value :  1.97727e-06
 Reference value :  1.97779e-06
 Reference value :  1.97831e-06
 Reference value :  1.97884e-06
 Reference value :  1.97936e-06
 Reference value :  1.97987e-06
 Reference value :  1.98038e-06
 Reference value :  1.98089e-06
 Reference value :  1.98140e-06
 Reference value :  1.98191e-06
 Reference value :  1.98243e-06
 Reference value :  1.98294e-06
 Reference value :  1.98347e-06
 Reference value :  1.98399e-06
 Reference value :  1.98450e-06
 Reference value :  1.98518e-06
 Reference value :  1.98608e-06
 Reference value :  1.98697e-06
 Reference value :  1.98787e-06
 Reference value :  1.98876e-06
 Reference value :  1.98966e-06
 Reference value :  1.99055e-06
 Reference value :  1.99143e-06
 Reference value :  1.99234e-06
 Reference value :  1.99328e-06
 Reference value :  1.99424e-06
 Reference value :  1.99516e-06
 Reference value :  1.99609e-06
 Reference value :  1.99702e-06
 Reference value :  1.99794e-06
 Reference value :  1.99887e-06
 Reference value :  1.99979e-06
 Reference value :  2.00072e-06
 Reference value :  2.00165e-06
 Reference value :  2.00256e-06
 Reference value :  2.00347e-06
 Reference value :  2.00438e-06
 Reference value :  2.00530e-06
 Reference value :  2.00621e-06
 Reference value :  2.00711e-06
 Reference value :  2.00800e-06
 Reference value :  2.00891e-06
 Reference value :  2.00982e-06
 Reference value :  2.01073e-06
 Reference value :  2.01164e-06
 Reference value :  2.01255e-06
 Reference value :  2.01346e-06
 Reference value :  2.01436e-06
 Reference value :  2.01527e-06
 Reference value :  2.01618e-06
 Reference value :  2.01709e-06
 Reference value :  2.01800e-06
 Reference value :  2.01890e-06
 Reference value :  2.01981e-06
 Reference value :  2.02072e-06
 Reference value :  2.02163e-06
 Reference value :  2.02254e-06
 Reference value :  2.02343e-06
 Reference value :  2.02434e-06
 Reference value :  2.02525e-06
 Reference value :  2.02616e-06
 Reference value :  2.02707e-06
 Reference value :  2.02797e-06
 Reference value :  2.02888e-06
 Reference value :  2.02979e-06
 Reference value :  2.03070e-06
 Reference value :  2.03161e-06
 Reference value :  2.03254e-06
 Reference value :  2.03346e-06
 Reference value :  2.03439e-06
 Reference value :  2.03530e-06
 Reference value :  2.03621e-06
 Reference value :  2.03709e-06
 Reference value :  2.03800e-06
 Reference value :  2.03889e-06
 Reference value :  2.03980e-06
 Reference value :  2.04071e-06
 Reference value :  2.04162e-06
 Reference value :  2.04253e-06
 Reference value :  2.04343e-06
 Reference value :  2.04436e-06
 Reference value :  2.04528e-06
 Reference value :  2.04619e-06
 Reference value :  2.04710e-06
 Reference value :  2.04803e-06
 Reference value :  2.04895e-06
 Reference value :  2.04986e-06
 Reference value :  2.05079e-06
 Reference value :  2.05172e-06
 Reference value :  2.05264e-06
 Reference value :  2.05355e-06
 Reference value :  2.05446e-06
 Reference value :  2.05537e-06
 Reference value :  2.05628e-06
 Reference value :  2.05721e-06
 Reference value :  2.05813e-06
 Reference value :  2.05906e-06
 Reference value :  2.05999e-06
 Reference value :  2.06090e-06
 Reference value :  2.06181e-06
 Reference value :  2.06272e-06
 Reference value :  2.06363e-06
 Reference value :  2.06454e-06
 Reference value :  2.06546e-06
 Reference value :  2.06637e-06
 Reference value :  2.06728e-06
 Reference value :  2.06819e-06
 Reference value :  2.06910e-06
 Reference value :  2.07002e-06
 Reference value :  2.07094e-06
 Reference value :  2.07185e-06
 Reference value :  2.07276e-06
 Reference value :  2.07369e-06
 Reference value :  2.07461e-06
 Reference value :  2.07552e-06
 Reference value :  2.07647e-06
 Reference value :  2.07741e-06
 Reference value :  2.07833e-06
 Reference value :  2.07924e-06
 Reference value :  2.08015e-06
 Reference value :  2.08106e-06
 Reference value :  2.08197e-06
 Reference value :  2.08288e-06
 Reference value :  2.08384e-06
 Reference value :  2.08475e-06
 Reference value :  2.08569e-06
 Reference value :  2.08660e-06
 Reference value :  2.08751e-06
 Reference value :  2.08839e-06
 Reference value :  2.08930e-06
 Reference value :  2.09021e-06
 Reference value :  2.09112e-06
 Reference value :  2.09203e-06
 Reference value :  2.09294e-06
 Reference value :  2.09385e-06
 Reference value :  2.09477e-06
 Reference value :  2.09568e-06
 Reference value :  2.09660e-06
 Reference value :  2.09751e-06
 Reference value :  2.09842e-06
 Reference value :  2.09933e-06
 Reference value :  2.10024e-06
 Reference value :  2.10117e-06
 Reference value :  2.10208e-06
 Reference value :  2.10299e-06
 Reference value :  2.10390e-06
 Reference value :  2.10483e-06
 Reference value :  2.10575e-06
 Reference value :  2.10666e-06
 Reference value :  2.10759e-06
 Reference value :  2.10850e-06
 Reference value :  2.10939e-06
 Reference value :  2.11032e-06
 Reference value :  2.11123e-06
 Reference value :  2.11215e-06
 Reference value :  2.11305e-06
 Reference value :  2.11396e-06
 Reference value :  2.11489e-06
 Reference value :  2.11580e-06
 Reference value :  2.11672e-06
 Reference value :  2.11763e-06
 Reference value :  2.11856e-06
 Reference value :  2.11947e-06
 Reference value :  2.12038e-06
 Reference value :  2.12123e-06
 Reference value :  2.12198e-06
 Reference value :  2.12289e-06
 Reference value :  2.12380e-06
 Reference value :  2.12470e-06
 Reference value :  2.12561e-06
 Reference value :  2.12652e-06
 Reference value :  2.12745e-06
 Reference value :  2.12836e-06
 Reference value :  2.12928e-06
 Reference value :  2.13019e-06
 Reference value :  2.13113e-06
 Reference value :  2.13204e-06
 Reference value :  2.13295e-06
 Reference value :  2.13390e-06
 Reference value :  2.13481e-06
 Reference value :  2.13578e-06
 Reference value :  2.13672e-06
 Reference value :  2.13765e-06
 Reference value :  2.13863e-06
 Reference value :  2.13962e-06
 Reference value :  2.14055e-06
 Reference value :  2.14144e-06
 Reference value :  2.14237e-06
 Reference value :  2.14331e-06
 Reference value :  2.14423e-06
 Reference value :  2.14514e-06
 Reference value :  2.14605e-06
 Reference value :  2.14698e-06
 Reference value :  2.14789e-06
 Reference value :  2.14880e-06
 Reference value :  2.14971e-06
 Reference value :  2.15065e-06
 Reference value :  2.15156e-06
 Reference value :  2.15247e-06
 Reference value :  2.15340e-06
 Reference value :  2.15431e-06
 Reference value :  2.15522e-06
 Reference value :  2.15613e-06
 Reference value :  2.15701e-06
 Reference value :  2.15786e-06
 Reference value :  2.15878e-06
 Reference value :  2.15971e-06
 Reference value :  2.16051e-06
 Reference value :  2.16124e-06
 Reference value :  2.16216e-06
 Reference value :  2.16309e-06
 Reference value :  2.16401e-06
 Reference value :  2.16494e-06
 Reference value :  2.16585e-06
 Reference value :  2.16675e-06
 Reference value :  2.16759e-06
 Reference value :  2.16852e-06
 Reference value :  2.16945e-06
 Reference value :  2.17037e-06
 Reference value :  2.17130e-06
 Reference value :  2.17221e-06
 Reference value :  2.17312e-06
 Reference value :  2.17392e-06
 Reference value :  2.17483e-06
 Reference value :  2.17574e-06
 Reference value :  2.17667e-06
 Reference value :  2.17758e-06
 Reference value :  2.17849e-06
 Reference value :  2.17938e-06
 Reference value :  2.18031e-06
 Reference value :  2.18123e-06
 Reference value :  2.18215e-06
 Reference value :  2.18307e-06
 Reference value :  2.18400e-06
 Reference value :  2.18494e-06
 Reference value :  2.18586e-06
 Reference value :  2.18677e-06
 Reference value :  2.18770e-06
 Reference value :  2.18863e-06
 Reference value :  2.18954e-06
 Reference value :  2.19048e-06
 Reference value :  2.19140e-06
 Reference value :  2.19228e-06
 Reference value :  2.19321e-06
 Reference value :  2.19410e-06
 Reference value :  2.19501e-06
 Reference value :  2.19594e-06
 Reference value :  2.19685e-06
 Reference value :  2.19776e-06
 Reference value :  2.19870e-06
 Reference value :  2.19961e-06
 Reference value :  2.20051e-06
 Reference value :  2.20134e-06
 Reference value :  2.20213e-06
 Reference value :  2.20291e-06
 Reference value :  2.20376e-06
 Reference value :  2.20466e-06
 Reference value :  2.20555e-06
 Reference value :  2.20652e-06
 Reference value :  2.20751e-06
 Reference value :  2.20848e-06
 Reference value :  2.20947e-06
 Reference value :  2.21041e-06
 Reference value :  2.21123e-06
 Reference value :  2.21214e-06
 Reference value :  2.21308e-06
 Reference value :  2.21402e-06
 Reference value :  2.21501e-06
 Reference value :  2.21597e-06
 Reference value :  2.21689e-06
 Reference value :  2.21785e-06
 Reference value :  2.21887e-06
 Reference value :  2.21983e-06
 Reference value :  2.22078e-06
 Reference value :  2.22177e-06
 Reference value :  2.22274e-06
 Reference value :  2.22368e-06
 Reference value :  2.22465e-06
 Reference value :  2.22561e-06
 Reference value :  2.22658e-06
 Reference value :  2.22754e-06
 Reference value :  2.22850e-06
 Reference value :  2.22947e-06
 Reference value :  2.23044e-06
 Reference value :  2.23141e-06
 Reference value :  2.23237e-06
 Reference value :  2.23334e-06
 Reference value :  2.23430e-06
 Reference value :  2.23526e-06
 Reference value :  2.23621e-06
 Reference value :  2.23718e-06
 Reference value :  2.23819e-06
 Reference value :  2.23911e-06
 Reference value :  2.24010e-06
 Reference value :  2.24106e-06
 Reference value :  2.24200e-06
 Reference value :  2.24295e-06
 Reference value :  2.24388e-06
 Reference value :  2.24482e-06
 Reference value :  2.24579e-06
 Reference value :  2.24678e-06
 Reference value :  2.24775e-06
 Reference value :  2.24871e-06
 Reference value :  2.24965e-06
 Reference value :  2.25059e-06
 Reference value :  2.25150e-06
 Reference value :  2.25243e-06
 Reference value :  2.25340e-06
 Reference value :  2.25436e-06
 Reference value :  2.25531e-06
 Reference value :  2.25629e-06
 Reference value :  2.25726e-06
 Reference value :  2.25823e-06
 Reference value :  2.25919e-06
 Reference value :  2.26014e-06
 Reference value :  2.26110e-06
 Reference value :  2.26207e-06
 Reference value :  2.26303e-06
 Reference value :  2.26400e-06
 Reference value :  2.26496e-06
 Reference value :  2.26593e-06
 Reference value :  2.26690e-06
 Reference value :  2.26784e-06
 Reference value :  2.26882e-06
 Reference value :  2.26980e-06
 Reference value :  2.27079e-06
 Reference value :  2.27176e-06
 Reference value :  2.27275e-06
 Reference value :  2.27371e-06
 Reference value :  2.27463e-06
 Reference value :  2.27556e-06
 Reference value :  2.27652e-06
 Reference value :  2.27747e-06
 Reference value :  2.27840e-06
 Reference value :  2.27932e-06
 Reference value :  2.28026e-06
 Reference value :  2.28121e-06
 Reference value :  2.28215e-06
 Reference value :  2.28307e-06
 Reference value :  2.28403e-06
 Reference value :  2.28503e-06
 Reference value :  2.28602e-06
 Reference value :  2.28701e-06
 Reference value :  2.28799e-06
 Reference value :  2.28897e-06
 Reference value :  2.28994e-06
 Reference value :  2.29093e-06
 Reference value :  2.29191e-06
 Reference value :  2.29289e-06
 Reference value :  2.29386e-06
 Reference value :  2.29485e-06
 Reference value :  2.29585e-06
 Reference value :  2.29684e-06
 Reference value :  2.29781e-06
 Reference value :  2.29878e-06
 Reference value :  2.29978e-06
 Reference value :  2.30077e-06
 Reference value :  2.30174e-06
 Reference value :  2.30273e-06
 Reference value :  2.30370e-06
 Reference value :  2.30458e-06
 Reference value :  2.30551e-06
 Reference value :  2.30642e-06
 Reference value :  2.30728e-06
 Reference value :  2.30815e-06
 Reference value :  2.30901e-06
 Reference value :  2.30987e-06
 Reference value :  2.31075e-06
 Reference value :  2.31166e-06
 Reference value :  2.31257e-06
 Reference value :  2.31352e-06
 Reference value :  2.31444e-06
 Reference value :  2.31532e-06
 Reference value :  2.31619e-06
 Reference value :  2.31707e-06
 Reference value :  2.31798e-06
 Reference value :  2.31885e-06
 Reference value :  2.31970e-06
 Reference value :  2.32051e-06
 Reference value :  2.32143e-06
 Reference value :  2.32234e-06
 Reference value :  2.32330e-06
 Reference value :  2.32427e-06
 Reference value :  2.32521e-06
 Reference value :  2.32618e-06
 Reference value :  2.32717e-06
 Reference value :  2.32816e-06
 Reference value :  2.32915e-06
 Reference value :  2.33012e-06
 Reference value :  2.33109e-06
 Reference value :  2.33206e-06
 Reference value :  2.33305e-06
 Reference value :  2.33399e-06
 Reference value :  2.33496e-06
 Reference value :  2.33594e-06
 Reference value :  2.33692e-06
 Reference value :  2.33791e-06
 Reference value :  2.33884e-06
 Reference value :  2.33979e-06
 Reference value :  2.34077e-06
 Reference value :  2.34174e-06
 Reference value :  2.34271e-06
 Reference value :  2.34368e-06
 Reference value :  2.34461e-06
 Reference value :  2.34553e-06
 Reference value :  2.34646e-06
 Reference value :  2.34735e-06
 Reference value :  2.34831e-06
 Reference value :  2.34924e-06
 Reference value :  2.35024e-06
 Reference value :  2.35124e-06
 Reference value :  2.35221e-06
 Reference value :  2.35312e-06
 Reference value :  2.35410e-06
 Reference value :  2.35510e-06
 Reference value :  2.35612e-06
 Reference value :  2.35717e-06
 Reference value :  2.35826e-06
 Reference value :  2.35937e-06
 Reference value :  2.36047e-06
 Reference value :  2.36150e-06
 Reference value :  2.36260e-06
 Reference value :  2.36366e-06
 Reference value :  2.36477e-06
 Reference value :  2.36584e-06
 Reference value :  2.36697e-06
 Reference value :  2.36806e-06
 Reference value :  2.36916e-06
 Reference value :  2.37025e-06
 Reference value :  2.37135e-06
 Reference value :  2.37244e-06
 Reference value :  2.37352e-06
 Reference value :  2.37460e-06
 Reference value :  2.37564e-06
 Reference value :  2.37662e-06
 Reference value :  2.37772e-06
 Reference value :  2.37879e-06
 Reference value :  2.37988e-06
 Reference value :  2.38095e-06
 Reference value :  2.38192e-06
 Reference value :  2.38286e-06
 Reference value :  2.38385e-06
 Reference value :  2.38483e-06
 Reference value :  2.38576e-06
 Reference value :  2.38667e-06
 Reference value :  2.38758e-06
 Reference value :  2.38849e-06
 Reference value :  2.38943e-06
 Reference value :  2.39040e-06
 Reference value :  2.39136e-06
 Reference value :  2.39230e-06
 Reference value :  2.39330e-06
 Reference value :  2.39429e-06
 Reference value :  2.39528e-06
 Reference value :  2.39622e-06
 Reference value :  2.39716e-06
 Reference value :  2.39817e-06
 Reference value :  2.39918e-06
 Reference value :  2.40020e-06
 Reference value :  2.40122e-06
 Reference value :  2.40224e-06
 Reference value :  2.40326e-06
 Reference value :  2.40428e-06
 Reference value :  2.40529e-06
 Reference value :  2.40628e-06
 Reference value :  2.40728e-06
 Reference value :  2.40830e-06
 Reference value :  2.40934e-06
 Reference value :  2.41035e-06
 Reference value :  2.41137e-06
 Reference value :  2.41239e-06
 Reference value :  2.41341e-06
 Reference value :  2.41443e-06
 Reference value :  2.41545e-06
 Reference value :  2.41647e-06
 Reference value :  2.41747e-06
 Reference value :  2.41850e-06
 Reference value :  2.41952e-06
 Reference value :  2.42054e-06
 Reference value :  2.42156e-06
 Reference value :  2.42258e-06
 Reference value :  2.42358e-06
 Reference value :  2.42460e-06
 Reference value :  2.42562e-06
 Reference value :  2.42662e-06
 Reference value :  2.42765e-06
 Reference value :  2.42865e-06
 Reference value :  2.42969e-06
 Reference value :  2.43069e-06
 Reference value :  2.43171e-06
 Reference value :  2.43270e-06
 Reference value :  2.43370e-06
 Reference value :  2.43477e-06
 Reference value :  2.43585e-06
 Reference value :  2.43696e-06
 Reference value :  2.43805e-06
 Reference value :  2.43907e-06
 Reference value :  2.44009e-06
 Reference value :  2.44111e-06
 Reference value :  2.44213e-06
 Reference value :  2.44317e-06
 Reference value :  2.44418e-06
 Reference value :  2.44526e-06
 Reference value :  2.44626e-06
 Reference value :  2.44726e-06
 Reference value :  2.44828e-06
 Reference value :  2.44935e-06
 Reference value :  2.45046e-06
 Reference value :  2.45157e-06
 Reference value :  2.45269e-06
 Reference value :  2.45379e-06
 Reference value :  2.45489e-06
 Reference value :  2.45603e-06
 Reference value :  2.45715e-06
 Reference value :  2.45822e-06
 Reference value :  2.45936e-06
 Reference value :  2.46041e-06
 Reference value :  2.46149e-06
 Reference value :  2.46251e-06
 Reference value :  2.46360e-06
 Reference value :  2.46459e-06
 Reference value :  2.46558e-06
 Reference value :  2.46660e-06
 Reference value :  2.46763e-06
 Reference value :  2.46866e-06
 Reference value :  2.46968e-06
 Reference value :  2.47072e-06
 Reference value :  2.47174e-06
 Reference value :  2.47275e-06
 Reference value :  2.47377e-06
 Reference value :  2.47481e-06
 Reference value :  2.47584e-06
 Reference value :  2.47687e-06
 Reference value :  2.47791e-06
 Reference value :  2.47893e-06
 Reference value :  2.47994e-06
 Reference value :  2.48096e-06
 Reference value :  2.48198e-06
 Reference value :  2.48300e-06
 Reference value :  2.48403e-06
 Reference value :  2.48507e-06
 Reference value :  2.48610e-06
 Reference value :  2.48713e-06
 Reference value :  2.48812e-06
 Reference value :  2.48922e-06
 Reference value :  2.49031e-06
 Reference value :  2.49144e-06
 Reference value :  2.49252e-06
 Reference value :  2.49363e-06
 Reference value :  2.49474e-06
 Reference value :  2.49585e-06
 Reference value :  2.49695e-06
 Reference value :  2.49804e-06
 Reference value :  2.49917e-06
 Reference value :  2.50025e-06
 Reference value :  2.50138e-06
 Reference value :  2.50247e-06
 Reference value :  2.50358e-06
 Reference value :  2.50469e-06
 Reference value :  2.50576e-06
 Reference value :  2.50678e-06
 Reference value :  2.50780e-06
 Reference value :  2.50883e-06
 Reference value :  2.50983e-06
 Reference value :  2.51085e-06
 Reference value :  2.51187e-06
 Reference value :  2.51289e-06
 Reference value :  2.51391e-06
 Reference value :  2.51489e-06
 Reference value :  2.51590e-06
 Reference value :  2.51691e-06
 Reference value :  2.51793e-06
 Reference value :  2.51897e-06
 Reference value :  2.51999e-06
 Reference value :  2.52103e-06
 Reference value :  2.52205e-06
 Reference value :  2.52309e-06
 Reference value :  2.52412e-06
 Reference value :  2.52515e-06
 Reference value :  2.52619e-06
 Reference value :  2.52722e-06
 Reference value :  2.52826e-06
 Reference value :  2.52929e-06
 Reference value :  2.53031e-06
 Reference value :  2.53131e-06
 Reference value :  2.53233e-06
 Reference value :  2.53335e-06
 Reference value :  2.53437e-06
 Reference value :  2.53538e-06
 Reference value :  2.53640e-06
 Reference value :  2.53744e-06
 Reference value :  2.53844e-06
 Reference value :  2.53947e-06
 Reference value :  2.54049e-06
 Reference value :  2.54154e-06
 Reference value :  2.54257e-06
 Reference value :  2.54361e-06
 Reference value :  2.54464e-06
 Reference value :  2.54568e-06
 Reference value :  2.54671e-06
 Reference value :  2.54774e-06
 Reference value :  2.54879e-06
 Reference value :  2.54981e-06
 Reference value :  2.55083e-06
 Reference value :  2.55185e-06
 Reference value :  2.55288e-06
 Reference value :  2.55392e-06
 Reference value :  2.55493e-06
 Reference value :  2.55595e-06
 Reference value :  2.55699e-06
 Reference value :  2.55802e-06
 Reference value :  2.55904e-06
 Reference value :  2.56007e-06
 Reference value :  2.56111e-06
 Reference value :  2.56214e-06
 Reference value :  2.56316e-06
 Reference value :  2.56418e-06
 Reference value :  2.56519e-06
 Reference value :  2.56617e-06
 Reference value :  2.56712e-06
 Reference value :  2.56810e-06
 Reference value :  2.56908e-06
 Reference value :  2.57007e-06
 Reference value :  2.57104e-06
 Reference value :  2.57203e-06
 Reference value :  2.57303e-06
 Reference value :  2.57408e-06
 Reference value :  2.57512e-06
 Reference value :  2.57615e-06
 Reference value :  2.57718e-06
 Reference value :  2.57823e-06
 Reference value :  2.57927e-06
 Reference value :  2.58030e-06
 Reference value :  2.58133e-06
 Reference value :  2.58237e-06
 Reference value :  2.58340e-06
 Reference value :  2.58444e-06
 Reference value :  2.58549e-06
 Reference value :  2.58652e-06
 Reference value :  2.58755e-06
 Reference value :  2.58859e-06
 Reference value :  2.58962e-06
 Reference value :  2.59065e-06
 Reference value :  2.59167e-06
 Reference value :  2.59272e-06
 Reference value :  2.59376e-06
 Reference value :  2.59479e-06
 Reference value :  2.59582e-06
 Reference value :  2.59684e-06
 Reference value :  2.59789e-06
 Reference value :  2.59892e-06
 Reference value :  2.59994e-06
 Reference value :  2.60098e-06
 Reference value :  2.60201e-06
 Reference value :  2.60304e-06
 Reference value :  2.60408e-06
 Reference value :  2.60511e-06
 Reference value :  2.60615e-06
 Reference value :  2.60715e-06
 Reference value :  2.60824e-06
 Reference value :  2.60942e-06
 Reference value :  2.61053e-06
 Reference value :  2.61161e-06
 Reference value :  2.61263e-06
 Reference value :  2.61365e-06
 Reference value :  2.61468e-06
 Reference value :  2.61568e-06
 Reference value :  2.61672e-06
 Reference value :  2.61776e-06
 Reference value :  2.61881e-06
 Reference value :  2.61985e-06
 Reference value :  2.62091e-06
 Reference value :  2.62193e-06
 Reference value :  2.62296e-06
 Reference value :  2.62400e-06
 Reference value :  2.62508e-06
 Reference value :  2.62614e-06
 Reference value :  2.62729e-06
 Reference value :  2.62838e-06
 Reference value :  2.62941e-06
 Reference value :  2.63043e-06
 Reference value :  2.63147e-06
 Reference value :  2.63250e-06
 Reference value :  2.63353e-06
 Reference value :  2.63458e-06
 Reference value :  2.63562e-06
 Reference value :  2.63664e-06
 Reference value :  2.63762e-06
 Reference value :  2.63858e-06
 Reference value :  2.63960e-06
 Reference value :  2.64063e-06
 Reference value :  2.64168e-06
 Reference value :  2.64270e-06
 Reference value :  2.64372e-06
 Reference value :  2.64475e-06
 Reference value :  2.64579e-06
 Reference value :  2.64680e-06
 Reference value :  2.64784e-06
 Reference value :  2.64890e-06
 Reference value :  2.64992e-06
 Reference value :  2.65092e-06
 Reference value :  2.65196e-06
 Reference value :  2.65296e-06
 Reference value :  2.65389e-06
 Reference value :  2.65480e-06
 Reference value :  2.65580e-06
 Reference value :  2.65679e-06
 Reference value :  2.65777e-06
 Reference value :  2.65876e-06
 Reference value :  2.65975e-06
 Reference value :  2.66078e-06
 Reference value :  2.66183e-06
 Reference value :  2.66285e-06
 Reference value :  2.66382e-06
 Reference value :  2.66481e-06
 Reference value :  2.66580e-06
 Reference value :  2.66679e-06
 Reference value :  2.66779e-06
 Reference value :  2.66878e-06
 Reference value :  2.66983e-06
 Reference value :  2.67086e-06
 Reference value :  2.67189e-06
 Reference value :  2.67293e-06
 Reference value :  2.67396e-06
 Reference value :  2.67501e-06
 Reference value :  2.67606e-06
 Reference value :  2.67711e-06
 Reference value :  2.67813e-06
 Reference value :  2.67915e-06
 Reference value :  2.68018e-06
 Reference value :  2.68120e-06
 Reference value :  2.68223e-06
 Reference value :  2.68328e-06
 Reference value :  2.68433e-06
 Reference value :  2.68536e-06
 Reference value :  2.68640e-06
 Reference value :  2.68739e-06
 Reference value :  2.68842e-06
 Reference value :  2.68947e-06
 Reference value :  2.69050e-06
 Reference value :  2.69155e-06
 Reference value :  2.69258e-06
 Reference value :  2.69363e-06
 Reference value :  2.69467e-06
 Reference value :  2.69570e-06
 Reference value :  2.69675e-06
 Reference value :  2.69778e-06
 Reference value :  2.69882e-06
 Reference value :  2.69985e-06
 Reference value :  2.70090e-06
 Reference value :  2.70194e-06
 Reference value :  2.70297e-06
 Reference value :  2.70400e-06
 Reference value :  2.70505e-06
 Reference value :  2.70609e-06
 Reference value :  2.70712e-06
 Reference value :  2.70817e-06
 Reference value :  2.70919e-06
 Reference value :  2.71021e-06
 Reference value :  2.71122e-06
 Reference value :  2.71227e-06
 Reference value :  2.71331e-06
 Reference value :  2.71445e-06
 Reference value :  2.71550e-06
 Reference value :  2.71642e-06
 Reference value :  2.71740e-06
 Reference value :  2.71838e-06
 Reference value :  2.71939e-06
 Reference value :  2.72048e-06
 Reference value :  2.72153e-06
 Reference value :  2.72253e-06
 Reference value :  2.72354e-06
 Reference value :  2.72448e-06
 Reference value :  2.72547e-06
 Reference value :  2.72647e-06
 Reference value :  2.72747e-06
 Reference value :  2.72849e-06
 Reference value :  2.72949e-06
 Reference value :  2.73050e-06
 Reference value :  2.73148e-06
 Reference value :  2.73259e-06
 Reference value :  2.73355e-06
 Reference value :  2.73455e-06
 Reference value :  2.73557e-06
 Reference value :  2.73659e-06
 Reference value :  2.73767e-06
 Reference value :  2.73880e-06
 Reference value :  2.73991e-06
 Reference value :  2.74102e-06
 Reference value :  2.74212e-06
 Reference value :  2.74326e-06
 Reference value :  2.74434e-06
 Reference value :  2.74536e-06
 Reference value :  2.74637e-06
 Reference value :  2.74741e-06
 Reference value :  2.74844e-06
 Reference value :  2.74946e-06
 Reference value :  2.75049e-06
 Reference value :  2.75151e-06
 Reference value :  2.75256e-06
 Reference value :  2.75358e-06
 Reference value :  2.75458e-06
 Reference value :  2.75560e-06
 Reference value :  2.75663e-06
 Reference value :  2.75767e-06
 Reference value :  2.75870e-06
 Reference value :  2.75975e-06
 Reference value :  2.76074e-06
 Reference value :  2.76176e-06
 Reference value :  2.76275e-06
 Reference value :  2.76376e-06
 Reference value :  2.76481e-06
 Reference value :  2.76585e-06
 Reference value :  2.76685e-06
 Reference value :  2.76787e-06
 Reference value :  2.76892e-06
 Reference value :  2.76995e-06
 Reference value :  2.77098e-06
 Reference value :  2.77203e-06
 Reference value :  2.77307e-06
 Reference value :  2.77412e-06
 Reference value :  2.77517e-06
 Reference value :  2.77622e-06
 Reference value :  2.77725e-06
 Reference value :  2.77830e-06
 Reference value :  2.77933e-06
 Reference value :  2.78037e-06
 Reference value :  2.78140e-06
 Reference value :  2.78245e-06
 Reference value :  2.78350e-06
 Reference value :  2.78464e-06
 Reference value :  2.78578e-06
 Reference value :  2.78689e-06
 Reference value :  2.78800e-06
 Reference value :  2.78910e-06
 Reference value :  2.79015e-06
 Reference value :  2.79120e-06
 Reference value :  2.79223e-06
 Reference value :  2.79328e-06
 Reference value :  2.79431e-06
 Reference value :  2.79536e-06
 Reference value :  2.79638e-06
 Reference value :  2.79742e-06
 Reference value :  2.79847e-06
 Reference value :  2.79955e-06
 Reference value :  2.80070e-06
 Reference value :  2.80175e-06
 Reference value :  2.80279e-06
 Reference value :  2.80382e-06
 Reference value :  2.80479e-06
 Reference value :  2.80578e-06
 Reference value :  2.80677e-06
 Reference value :  2.80777e-06
 Reference value :  2.80876e-06
 Reference value :  2.80979e-06
 Reference value :  2.81083e-06
 Reference value :  2.81187e-06
 Reference value :  2.81289e-06
 Reference value :  2.81390e-06
 Reference value :  2.81490e-06
 Reference value :  2.81587e-06
 Reference value :  2.81690e-06
 Reference value :  2.81806e-06
 Reference value :  2.81911e-06
 Reference value :  2.82014e-06
 Reference value :  2.82118e-06
 Reference value :  2.82220e-06
 Reference value :  2.82322e-06
 Reference value :  2.82425e-06
 Reference value :  2.82528e-06
 Reference value :  2.82632e-06
 Reference value :  2.82735e-06
 Reference value :  2.82838e-06
 Reference value :  2.82942e-06
 Reference value :  2.83045e-06
 Reference value :  2.83150e-06
 Reference value :  2.83255e-06
 Reference value :  2.83360e-06
 Reference value :  2.83463e-06
 Reference value :  2.83568e-06
 Reference value :  2.83673e-06
 Reference value :  2.83775e-06
 Reference value :  2.83877e-06
 Reference value :  2.83982e-06
 Reference value :  2.84087e-06
 Reference value :  2.84192e-06
 Reference value :  2.84297e-06
 Reference value :  2.84398e-06
 Reference value :  2.84503e-06
 Reference value :  2.84605e-06
 Reference value :  2.84710e-06
 Reference value :  2.84815e-06
 Reference value :  2.84920e-06
 Reference value :  2.85025e-06
 Reference value :  2.85130e-06
 Reference value :  2.85235e-06
 Reference value :  2.85338e-06
 Reference value :  2.85445e-06
 Reference value :  2.85559e-06
 Reference value :  2.85674e-06
 Reference value :  2.85789e-06
 Reference value :  2.85895e-06
 Reference value :  2.85995e-06
 Reference value :  2.86102e-06
 Reference value :  2.86204e-06
 Reference value :  2.86315e-06
 Reference value :  2.86421e-06
 Reference value :  2.86525e-06
 Reference value :  2.86634e-06
 Reference value :  2.86744e-06
 Reference value :  2.86856e-06
 Reference value :  2.86968e-06
 Reference value :  2.87080e-06
 Reference value :  2.87193e-06
 Reference value :  2.87304e-06
 Reference value :  2.87417e-06
 Reference value :  2.87528e-06
 Reference value :  2.87640e-06
 Reference value :  2.87751e-06
 Reference value :  2.87864e-06
 Reference value :  2.87978e-06
 Reference value :  2.88089e-06
 Reference value :  2.88200e-06
 Reference value :  2.88311e-06
 Reference value :  2.88424e-06
 Reference value :  2.88534e-06
 Reference value :  2.88646e-06
 Reference value :  2.88759e-06
 Reference value :  2.88867e-06
 Reference value :  2.88973e-06
 Reference value :  2.89081e-06
 Reference value :  2.89194e-06
 Reference value :  2.89307e-06
 Reference value :  2.89421e-06
 Reference value :  2.89534e-06
 Reference value :  2.89648e-06
 Reference value :  2.89762e-06
 Reference value :  2.89873e-06
 Reference value :  2.89984e-06
 Reference value :  2.90095e-06
 Reference value :  2.90208e-06
 Reference value :  2.90313e-06
 Reference value :  2.90416e-06
 Reference value :  2.90523e-06
 Reference value :  2.90635e-06
 Reference value :  2.90748e-06
 Reference value :  2.90859e-06
 Reference value :  2.90972e-06
 Reference value :  2.91084e-06
 Reference value :  2.91198e-06
 Reference value :  2.91305e-06
 Reference value :  2.91410e-06
 Reference value :  2.91513e-06
 Reference value :  2.91618e-06
 Reference value :  2.91723e-06
 Reference value :  2.91828e-06
 Reference value :  2.91933e-06
 Reference value :  2.92038e-06
 Reference value :  2.92143e-06
 Reference value :  2.92248e-06
 Reference value :  2.92351e-06
 Reference value :  2.92471e-06
 Reference value :  2.92587e-06
 Reference value :  2.92689e-06
 Reference value :  2.92788e-06
 Reference value :  2.92886e-06
 Reference value :  2.92985e-06
 Reference value :  2.93086e-06
 Reference value :  2.93184e-06
 Reference value :  2.93283e-06
 Reference value :  2.93383e-06
 Reference value :  2.93484e-06
 Reference value :  2.93589e-06
 Reference value :  2.93693e-06
 Reference value :  2.93798e-06
 Reference value :  2.93902e-06
 Reference value :  2.94005e-06
 Reference value :  2.94104e-06
 Reference value :  2.94204e-06
 Reference value :  2.94309e-06
 Reference value :  2.94414e-06
 Reference value :  2.94520e-06
 Reference value :  2.94624e-06
 Reference value :  2.94729e-06
 Reference value :  2.94829e-06
 Reference value :  2.94929e-06
 Reference value :  2.95030e-06
 Reference value :  2.95130e-06
 Reference value :  2.95230e-06
 Reference value :  2.95331e-06
 Reference value :  2.95434e-06
 Reference value :  2.95533e-06
 Reference value :  2.95633e-06
 Reference value :  2.95732e-06
 Reference value :  2.95832e-06
 Reference value :  2.95937e-06
 Reference value :  2.96040e-06
 Reference value :  2.96145e-06
 Reference value :  2.96242e-06
 Reference value :  2.96344e-06
 Reference value :  2.96445e-06
 Reference value :  2.96543e-06
 Reference value :  2.96644e-06
 Reference value :  2.96742e-06
 Reference value :  2.96843e-06
 Reference value :  2.96943e-06
 Reference value :  2.97043e-06
 Reference value :  2.97144e-06
 Reference value :  2.97242e-06
 Reference value :  2.97341e-06
 Reference value :  2.97444e-06
 Reference value :  2.97548e-06
 Reference value :  2.97647e-06
 Reference value :  2.97750e-06
 Reference value :  2.97853e-06
 Reference value :  2.97958e-06
 Reference value :  2.98062e-06
 Reference value :  2.98167e-06
 Reference value :  2.98272e-06
 Reference value :  2.98372e-06
 Reference value :  2.98472e-06
 Reference value :  2.98574e-06
 Reference value :  2.98677e-06
 Reference value :  2.98781e-06
 Reference value :  2.98886e-06
 Reference value :  2.98987e-06
 Reference value :  2.99091e-06
 Reference value :  2.99194e-06
 Reference value :  2.99299e-06
 Reference value :  2.99403e-06
 Reference value :  2.99506e-06
 Reference value :  2.99611e-06
 Reference value :  2.99714e-06
 Reference value :  2.99818e-06
 Reference value :  2.99921e-06
 Reference value :  3.00024e-06
 Reference value :  3.00129e-06
 Reference value :  3.00233e-06
 Reference value :  3.00338e-06
 Reference value :  3.00443e-06
 Reference value :  3.00547e-06
 Reference value :  3.00652e-06
 Reference value :  3.00757e-06
 Reference value :  3.00861e-06
 Reference value :  3.00964e-06
 Reference value :  3.01067e-06
 Reference value :  3.01171e-06
 Reference value :  3.01276e-06
 Reference value :  3.01388e-06
 Reference value :  3.01490e-06
 Reference value :  3.01594e-06
 Reference value :  3.01699e-06
 Reference value :  3.01803e-06
 Reference value :  3.01908e-06
 Reference value :  3.02004e-06
 Reference value :  3.02107e-06
 Reference value :  3.02209e-06
 Reference value :  3.02310e-06
 Reference value :  3.02413e-06
 Reference value :  3.02518e-06
 Reference value :  3.02623e-06
 Reference value :  3.02728e-06
 Reference value :  3.02833e-06
 Reference value :  3.02938e-06
 Reference value :  3.03042e-06
 Reference value :  3.03147e-06
 Reference value :  3.03252e-06
 Reference value :  3.03356e-06
 Reference value :  3.03461e-06
 Reference value :  3.03566e-06
 Reference value :  3.03672e-06
 Reference value :  3.03775e-06
 Reference value :  3.03879e-06
 Reference value :  3.03984e-06
 Reference value :  3.04086e-06
 Reference value :  3.04189e-06
 Reference value :  3.04294e-06
 Reference value :  3.04399e-06
 Reference value :  3.04504e-06
 Reference value :  3.04609e-06
 Reference value :  3.04712e-06
 Reference value :  3.04817e-06
 Reference value :  3.04920e-06
 Reference value :  3.05019e-06
 Reference value :  3.05119e-06
 Reference value :  3.05220e-06
 Reference value :  3.05320e-06
 Reference value :  3.05425e-06
 Reference value :  3.05531e-06
 Reference value :  3.05638e-06
 Reference value :  3.05754e-06
 Reference value :  3.05866e-06
 Reference value :  3.05979e-06
 Reference value :  3.06091e-06
 Reference value :  3.06196e-06
 Reference value :  3.06301e-06
 Reference value :  3.06405e-06
 Reference value :  3.06510e-06
 Reference value :  3.06615e-06
 Reference value :  3.06721e-06
 Reference value :  3.06826e-06
 Reference value :  3.06931e-06
 Reference value :  3.07036e-06
 Reference value :  3.07141e-06
 Reference value :  3.07247e-06
 Reference value :  3.07352e-06
 Reference value :  3.07459e-06
 Reference value :  3.07563e-06
 Reference value :  3.07664e-06
 Reference value :  3.07769e-06
 Reference value :  3.07874e-06
 Reference value :  3.07980e-06
 Reference value :  3.08085e-06
 Reference value :  3.08190e-06
 Reference value :  3.08295e-06
 Reference value :  3.08401e-06
 Reference value :  3.08512e-06
 Reference value :  3.08627e-06
 Reference value :  3.08739e-06
 Reference value :  3.08857e-06
 Reference value :  3.08969e-06
 Reference value :  3.09083e-06
 Reference value :  3.09199e-06
 Reference value :  3.09312e-06
 Reference value :  3.09424e-06
 Reference value :  3.09537e-06
 Reference value :  3.09648e-06
 Reference value :  3.09759e-06
 Reference value :  3.09873e-06
 Reference value :  3.09984e-06
 Reference value :  3.10092e-06
 Reference value :  3.10194e-06
 Reference value :  3.10299e-06
 Reference value :  3.10415e-06
 Reference value :  3.10531e-06
 Reference value :  3.10645e-06
 Reference value :  3.10757e-06
 Reference value :  3.10873e-06
 Reference value :  3.10986e-06
 Reference value :  3.11098e-06
 Reference value :  3.11211e-06
 Reference value :  3.11324e-06
 Reference value :  3.11438e-06
 Reference value :  3.11540e-06
 Reference value :  3.11645e-06
 Reference value :  3.11757e-06
 Reference value :  3.11872e-06
 Reference value :  3.11987e-06
 Reference value :  3.12097e-06
 Reference value :  3.12211e-06
 Reference value :  3.12322e-06
 Reference value :  3.12436e-06
 Reference value :  3.12547e-06
 Reference value :  3.12660e-06
 Reference value :  3.12774e-06
 Reference value :  3.12885e-06
 Reference value :  3.12996e-06
 Reference value :  3.13109e-06
 Reference value :  3.13223e-06
 Reference value :  3.13334e-06
 Reference value :  3.13448e-06
 Reference value :  3.13556e-06
 Reference value :  3.13660e-06
 Reference value :  3.13763e-06
 Reference value :  3.13876e-06
 Reference value :  3.13990e-06
 Reference value :  3.14095e-06
 Reference value :  3.14201e-06
 Reference value :  3.14302e-06
 Reference value :  3.14410e-06
 Reference value :  3.14522e-06
 Reference value :  3.14626e-06
 Reference value :  3.14728e-06
 Reference value :  3.14833e-06
 Reference value :  3.14937e-06
 Reference value :  3.15044e-06
 Reference value :  3.15150e-06
 Reference value :  3.15255e-06
 Reference value :  3.15362e-06
 Reference value :  3.15467e-06
 Reference value :  3.15572e-06
 Reference value :  3.15677e-06
 Reference value :  3.15781e-06
 Reference value :  3.15886e-06
 Reference value :  3.15991e-06
 Reference value :  3.16096e-06
 Reference value :  3.16200e-06
 Reference value :  3.16303e-06
 Reference value :  3.16406e-06
 Reference value :  3.16511e-06
 Reference value :  3.16616e-06
 Reference value :  3.16721e-06
 Reference value :  3.16825e-06
 Reference value :  3.16929e-06
 Reference value :  3.17034e-06
 Reference value :  3.17139e-06
 Reference value :  3.17243e-06
 Reference value :  3.17348e-06
 Reference value :  3.17453e-06
 Reference value :  3.17556e-06
 Reference value :  3.17661e-06
 Reference value :  3.17767e-06
 Reference value :  3.17872e-06
 Reference value :  3.17977e-06
 Reference value :  3.18081e-06
 Reference value :  3.18185e-06
 Reference value :  3.18289e-06
 Reference value :  3.18392e-06
 Reference value :  3.18497e-06
 Reference value :  3.18601e-06
 Reference value :  3.18704e-06
 Reference value :  3.18803e-06
 Reference value :  3.18903e-06
 Reference value :  3.19003e-06
 Reference value :  3.19104e-06
 Reference value :  3.19202e-06
 Reference value :  3.19303e-06
 Reference value :  3.19403e-06
 Reference value :  3.19503e-06
 Reference value :  3.19604e-06
 Reference value :  3.19704e-06
 Reference value :  3.19804e-06
 Reference value :  3.19904e-06
 Reference value :  3.20003e-06
 Reference value :  3.20102e-06
 Reference value :  3.20204e-06
 Reference value :  3.20310e-06
 Reference value :  3.20414e-06
 Reference value :  3.20519e-06
 Reference value :  3.20623e-06
 Reference value :  3.20728e-06
 Reference value :  3.20833e-06
 Reference value :  3.20938e-06
 Reference value :  3.21045e-06
 Reference value :  3.21150e-06
 Reference value :  3.21255e-06
 Reference value :  3.21359e-06
 Reference value :  3.21464e-06
 Reference value :  3.21569e-06
 Reference value :  3.21674e-06
 Reference value :  3.21779e-06
 Reference value :  3.21886e-06
 Reference value :  3.21991e-06
 Reference value :  3.22095e-06
 Reference value :  3.22200e-06
 Reference value :  3.22304e-06
 Reference value :  3.22409e-06
 Reference value :  3.22514e-06
 Reference value :  3.22615e-06
 Reference value :  3.22719e-06
 Reference value :  3.22825e-06
 Reference value :  3.22929e-06
 Reference value :  3.23034e-06
 Reference value :  3.23137e-06
 Reference value :  3.23242e-06
 Reference value :  3.23348e-06
 Reference value :  3.23453e-06
 Reference value :  3.23557e-06
 Reference value :  3.23660e-06
 Reference value :  3.23765e-06
 Reference value :  3.23870e-06
 Reference value :  3.23975e-06
 Reference value :  3.24080e-06
 Reference value :  3.24185e-06
 Reference value :  3.24291e-06
 Reference value :  3.24396e-06
 Reference value :  3.24501e-06
 Reference value :  3.24607e-06
 Reference value :  3.24714e-06
 Reference value :  3.24819e-06
 Reference value :  3.24931e-06
 Reference value :  3.25046e-06
 Reference value :  3.25157e-06
 Reference value :  3.25271e-06
 Reference value :  3.25384e-06
 Reference value :  3.25487e-06
 Reference value :  3.25589e-06
 Reference value :  3.25691e-06
 Reference value :  3.25791e-06
 Reference value :  3.25893e-06
 Reference value :  3.25995e-06
 Reference value :  3.26096e-06
 Reference value :  3.26206e-06
 Reference value :  3.26309e-06
 Reference value :  3.26416e-06
 Reference value :  3.26521e-06
 Reference value :  3.26626e-06
 Reference value :  3.26731e-06
 Reference value :  3.26836e-06
 Reference value :  3.26939e-06
 Reference value :  3.27042e-06
 Reference value :  3.27147e-06
 Reference value :  3.27252e-06
 Reference value :  3.27357e-06
 Reference value :  3.27464e-06
 Reference value :  3.27568e-06
 Reference value :  3.27673e-06
 Reference value :  3.27778e-06
 Reference value :  3.27883e-06
 Reference value :  3.27987e-06
 Reference value :  3.28092e-06
 Reference value :  3.28195e-06
 Reference value :  3.28298e-06
 Reference value :  3.28403e-06
 Reference value :  3.28508e-06
 Reference value :  3.28613e-06
 Reference value :  3.28716e-06
 Reference value :  3.28821e-06
 Reference value :  3.28926e-06
 Reference value :  3.29030e-06
 Reference value :  3.29135e-06
 Reference value :  3.29241e-06
 Reference value :  3.29346e-06
 Reference value :  3.29451e-06
 Reference value :  3.29556e-06
 Reference value :  3.29661e-06
 Reference value :  3.29766e-06
 Reference value :  3.29869e-06
 Reference value :  3.29982e-06
 Reference value :  3.30097e-06
 Reference value :  3.30210e-06
 Reference value :  3.30326e-06
 Reference value :  3.30438e-06
 Reference value :  3.30553e-06
 Reference value :  3.30658e-06
 Reference value :  3.30761e-06
 Reference value :  3.30864e-06
 Reference value :  3.30969e-06
 Reference value :  3.31074e-06
 Reference value :  3.31173e-06
 Reference value :  3.31273e-06
 Reference value :  3.31375e-06
 Reference value :  3.31482e-06
 Reference value :  3.31586e-06
 Reference value :  3.31691e-06
 Reference value :  3.31796e-06
 Reference value :  3.31901e-06
 Reference value :  3.32009e-06
 Reference value :  3.32119e-06
 Reference value :  3.32235e-06
 Reference value :  3.32350e-06
 Reference value :  3.32464e-06
 Reference value :  3.32577e-06
 Reference value :  3.32687e-06
 Reference value :  3.32790e-06
 Reference value :  3.32893e-06
 Reference value :  3.32998e-06
 Reference value :  3.33102e-06
 Reference value :  3.33207e-06
 Reference value :  3.33310e-06
 Reference value :  3.33413e-06
 Reference value :  3.33520e-06
 Reference value :  3.33626e-06
 Reference value :  3.33733e-06
 Reference value :  3.33838e-06
 Reference value :  3.33944e-06
 Reference value :  3.34049e-06
 Reference value :  3.34156e-06
 Reference value :  3.34270e-06
 Reference value :  3.34384e-06
 Reference value :  3.34500e-06
 Reference value :  3.34612e-06
 Reference value :  3.34726e-06
 Reference value :  3.34841e-06
 Reference value :  3.34953e-06
 Reference value :  3.35064e-06
 Reference value :  3.35179e-06
 Reference value :  3.35293e-06
 Reference value :  3.35405e-06
 Reference value :  3.35518e-06
 Reference value :  3.35629e-06
 Reference value :  3.35743e-06
 Reference value :  3.35856e-06
 Reference value :  3.35972e-06
 Reference value :  3.36083e-06
 Reference value :  3.36197e-06
 Reference value :  3.36310e-06
 Reference value :  3.36422e-06
 Reference value :  3.36535e-06
 Reference value :  3.36647e-06
 Reference value :  3.36762e-06
 Reference value :  3.36874e-06
 Reference value :  3.36987e-06
 Reference value :  3.37095e-06
 Reference value :  3.37209e-06
 Reference value :  3.37323e-06
 Reference value :  3.37436e-06
 Reference value :  3.37549e-06
 Reference value :  3.37660e-06
 Reference value :  3.37774e-06
 Reference value :  3.37883e-06
 Reference value :  3.37996e-06
 Reference value :  3.38107e-06
 Reference value :  3.38220e-06
 Reference value :  3.38332e-06
 Reference value :  3.38444e-06
 Reference value :  3.38556e-06
 Reference value :  3.38667e-06
 Reference value :  3.38778e-06
 Reference value :  3.38889e-06
 Reference value :  3.39002e-06
 Reference value :  3.39115e-06
 Reference value :  3.39227e-06
 Reference value :  3.39340e-06
 Reference value :  3.39451e-06
 Reference value :  3.39564e-06
 Reference value :  3.39673e-06
 Reference value :  3.39784e-06
 Reference value :  3.39897e-06
 Reference value :  3.40007e-06
 Reference value :  3.40121e-06
 Reference value :  3.40233e-06
 Reference value :  3.40348e-06
 Reference value :  3.40460e-06
 Reference value :  3.40571e-06
 Reference value :  3.40682e-06
 Reference value :  3.40797e-06
 Reference value :  3.40906e-06
 Reference value :  3.41017e-06
 Reference value :  3.41128e-06
 Reference value :  3.41239e-06
 Reference value :  3.41352e-06
 Reference value :  3.41463e-06
 Reference value :  3.41576e-06
 Reference value :  3.41688e-06
 Reference value :  3.41800e-06
 Reference value :  3.41911e-06
 Reference value :  3.42023e-06
 Reference value :  3.42136e-06
 Reference value :  3.42249e-06
 Reference value :  3.42360e-06
 Reference value :  3.42469e-06
 Reference value :  3.42583e-06
 Reference value :  3.42694e-06
 Reference value :  3.42807e-06
 Reference value :  3.42918e-06
 Reference value :  3.43031e-06
 Reference value :  3.43144e-06
 Reference value :  3.43253e-06
 Reference value :  3.43366e-06
 Reference value :  3.43478e-06
 Reference value :  3.43593e-06
 Reference value :  3.43704e-06
 Reference value :  3.43818e-06
 Reference value :  3.43927e-06
 Reference value :  3.44037e-06
 Reference value :  3.44150e-06
 Reference value :  3.44259e-06
 Reference value :  3.44372e-06
 Reference value :  3.44480e-06
 Reference value :  3.44585e-06
 Reference value :  3.44687e-06
 Reference value :  3.44790e-06
 Reference value :  3.44893e-06
 Reference value :  3.44997e-06
 Reference value :  3.45100e-06
 Reference value :  3.45203e-06
 Reference value :  3.45313e-06
 Reference value :  3.45426e-06
 Reference value :  3.45540e-06
 Reference value :  3.45652e-06
 Reference value :  3.45767e-06
 Reference value :  3.45879e-06
 Reference value :  3.45981e-06
 Reference value :  3.46083e-06
 Reference value :  3.46185e-06
 Reference value :  3.46287e-06
 Reference value :  3.46388e-06
 Reference value :  3.46492e-06
 Reference value :  3.46594e-06
 Reference value :  3.46697e-06
 Reference value :  3.46799e-06
 Reference value :  3.46899e-06
 Reference value :  3.47012e-06
 Reference value :  3.47123e-06
 Reference value :  3.47226e-06
 Reference value :  3.47331e-06
 Reference value :  3.47436e-06
 Reference value :  3.47541e-06
 Reference value :  3.47644e-06
 Reference value :  3.47749e-06
 Reference value :  3.47848e-06
 Reference value :  3.47961e-06
 Reference value :  3.48073e-06
 Reference value :  3.48188e-06
 Reference value :  3.48299e-06
 Reference value :  3.48411e-06
 Reference value :  3.48522e-06
 Reference value :  3.48637e-06
 Reference value :  3.48746e-06
 Reference value :  3.48856e-06
 Reference value :  3.48970e-06
 Reference value :  3.49081e-06
 Reference value :  3.49194e-06
 Reference value :  3.49299e-06
 Reference value :  3.49399e-06
 Reference value :  3.49494e-06
 Reference value :  3.49601e-06
 Reference value :  3.49703e-06
 Reference value :  3.49805e-06
 Reference value :  3.49906e-06
 Reference value :  3.50007e-06
 Reference value :  3.50109e-06
 Reference value :  3.50210e-06
 Reference value :  3.50312e-06
 Reference value :  3.50413e-06
 Reference value :  3.50513e-06
 Reference value :  3.50615e-06
 Reference value :  3.50717e-06
 Reference value :  3.50818e-06
 Reference value :  3.50920e-06
 Reference value :  3.51022e-06
 Reference value :  3.51125e-06
 Reference value :  3.51229e-06
 Reference value :  3.51331e-06
 Reference value :  3.51434e-06
 Reference value :  3.51536e-06
 Reference value :  3.51638e-06
 Reference value :  3.51740e-06
 Reference value :  3.51841e-06
 Reference value :  3.51945e-06
 Reference value :  3.52047e-06
 Reference value :  3.52148e-06
 Reference value :  3.52252e-06
 Reference value :  3.52354e-06
 Reference value :  3.52456e-06
 Reference value :  3.52557e-06
 Reference value :  3.52658e-06
 Reference value :  3.52759e-06
 Reference value :  3.52861e-06
 Reference value :  3.52963e-06
 Reference value :  3.53065e-06
 Reference value :  3.53167e-06
 Reference value :  3.53269e-06
 Reference value :  3.53372e-06
 Reference value :  3.53474e-06
 Reference value :  3.53577e-06
 Reference value :  3.53678e-06
 Reference value :  3.53779e-06
 Reference value :  3.53883e-06
 Reference value :  3.53985e-06
 Reference value :  3.54086e-06
 Reference value :  3.54188e-06
 Reference value :  3.54292e-06
 Reference value :  3.54394e-06
 Reference value :  3.54497e-06
 Reference value :  3.54600e-06
 Reference value :  3.54702e-06
 Reference value :  3.54806e-06
 Reference value :  3.54904e-06
 Reference value :  3.55005e-06
 Reference value :  3.55100e-06
 Reference value :  3.55205e-06
 Reference value :  3.55309e-06
 Reference value :  3.55410e-06
 Reference value :  3.55509e-06
 Reference value :  3.55609e-06
 Reference value :  3.55707e-06
 Reference value :  3.55812e-06
 Reference value :  3.55915e-06
 Reference value :  3.56020e-06
 Reference value :  3.56123e-06
 Reference value :  3.56228e-06
 Reference value :  3.56332e-06
 Reference value :  3.56436e-06
 Reference value :  3.56538e-06
 Reference value :  3.56643e-06
 Reference value :  3.56748e-06
 Reference value :  3.56853e-06
 Reference value :  3.56956e-06
 Reference value :  3.57060e-06
 Reference value :  3.57165e-06
 Reference value :  3.57270e-06
 Reference value :  3.57373e-06
 Reference value :  3.57473e-06
 Reference value :  3.57580e-06
 Reference value :  3.57683e-06
 Reference value :  3.57790e-06
 Reference value :  3.57895e-06
 Reference value :  3.58000e-06
 Reference value :  3.58106e-06
 Reference value :  3.58211e-06
 Reference value :  3.58317e-06
 Reference value :  3.58422e-06
 Reference value :  3.58527e-06
 Reference value :  3.58629e-06
 Reference value :  3.58734e-06
 Reference value :  3.58839e-06
 Reference value :  3.58944e-06
 Reference value :  3.59049e-06
 Reference value :  3.59154e-06
 Reference value :  3.59259e-06
 Reference value :  3.59362e-06
 Reference value :  3.59467e-06
 Reference value :  3.59573e-06
 Reference value :  3.59681e-06
 Reference value :  3.59786e-06
 Reference value :  3.59890e-06
 Reference value :  3.59995e-06
 Reference value :  3.60100e-06
 Reference value :  3.60203e-06
 Reference value :  3.60306e-06
 Reference value :  3.60411e-06
 Reference value :  3.60516e-06
 Reference value :  3.60621e-06
 Reference value :  3.60726e-06
 Reference value :  3.60829e-06
 Reference value :  3.60934e-06
 Reference value :  3.61038e-06
 Reference value :  3.61143e-06
 Reference value :  3.61246e-06
 Reference value :  3.61351e-06
 Reference value :  3.61456e-06
 Reference value :  3.61561e-06
 Reference value :  3.61666e-06
 Reference value :  3.61769e-06
 Reference value :  3.61872e-06
 Reference value :  3.61976e-06
 Reference value :  3.62081e-06
 Reference value :  3.62184e-06
 Reference value :  3.62289e-06
 Reference value :  3.62392e-06
 Reference value :  3.62497e-06
 Reference value :  3.62601e-06
 Reference value :  3.62704e-06
 Reference value :  3.62809e-06
 Reference value :  3.62912e-06
 Reference value :  3.63017e-06
 Reference value :  3.63125e-06
 Reference value :  3.63233e-06
 Reference value :  3.63340e-06
 Reference value :  3.63445e-06
 Reference value :  3.63550e-06
 Reference value :  3.63655e-06
 Reference value :  3.63761e-06
 Reference value :  3.63868e-06
 Reference value :  3.63974e-06
 Reference value :  3.64079e-06
 Reference value :  3.64184e-06
 Reference value :  3.64289e-06
 Reference value :  3.64391e-06
 Reference value :  3.64496e-06
 Reference value :  3.64600e-06
 Reference value :  3.64705e-06
 Reference value :  3.64809e-06
 Reference value :  3.64914e-06
 Reference value :  3.65019e-06
 Reference value :  3.65124e-06
 Reference value :  3.65228e-06
 Reference value :  3.65332e-06
 Reference value :  3.65435e-06
 Reference value :  3.65539e-06
 Reference value :  3.65644e-06
 Reference value :  3.65745e-06
 Reference value :  3.65846e-06
 Reference value :  3.65946e-06
 Reference value :  3.66046e-06
 Reference value :  3.66148e-06
 Reference value :  3.66250e-06
 Reference value :  3.66353e-06
 Reference value :  3.66454e-06
 Reference value :  3.66554e-06
 Reference value :  3.66656e-06
 Reference value :  3.66758e-06
 Reference value :  3.66858e-06
 Reference value :  3.66958e-06
 Reference value :  3.67060e-06
 Reference value :  3.67162e-06
 Reference value :  3.67264e-06
 Reference value :  3.67362e-06
 Reference value :  3.67464e-06
 Reference value :  3.67566e-06
 Reference value :  3.67666e-06
 Reference value :  3.67770e-06
 Reference value :  3.67870e-06
 Reference value :  3.67972e-06
 Reference value :  3.68072e-06
 Reference value :  3.68174e-06
 Reference value :  3.68276e-06
 Reference value :  3.68378e-06
 Reference value :  3.68480e-06
 Reference value :  3.68581e-06
 Reference value :  3.68683e-06
 Reference value :  3.68784e-06
 Reference value :  3.68885e-06
 Reference value :  3.68987e-06
 Reference value :  3.69091e-06
 Reference value :  3.69197e-06
 Reference value :  3.69302e-06
 Reference value :  3.69407e-06
 Reference value :  3.69512e-06
 Reference value :  3.69618e-06
 Reference value :  3.69722e-06
 Reference value :  3.69828e-06
 Reference value :  3.69935e-06
 Reference value :  3.70041e-06
 Reference value :  3.70148e-06
 Reference value :  3.70252e-06
 Reference value :  3.70359e-06
 Reference value :  3.70464e-06
 Reference value :  3.70569e-06
 Reference value :  3.70672e-06
 Reference value :  3.70779e-06
 Reference value :  3.70885e-06
 Reference value :  3.70990e-06
 Reference value :  3.71095e-06
 Reference value :  3.71200e-06
 Reference value :  3.71305e-06
 Reference value :  3.71410e-06
 Reference value :  3.71516e-06
 Reference value :  3.71621e-06
 Reference value :  3.71728e-06
 Reference value :  3.71834e-06
 Reference value :  3.71939e-06
 Reference value :  3.72045e-06
 Reference value :  3.72150e-06
 Reference value :  3.72255e-06
 Reference value :  3.72362e-06
 Reference value :  3.72468e-06
 Reference value :  3.72573e-06
 Reference value :  3.72680e-06
 Reference value :  3.72786e-06
 Reference value :  3.72893e-06
 Reference value :  3.72999e-06
 Reference value :  3.73104e-06
 Reference value :  3.73210e-06
 Reference value :  3.73317e-06
 Reference value :  3.73423e-06
 Reference value :  3.73528e-06
 Reference value :  3.73633e-06
 Reference value :  3.73738e-06
 Reference value :  3.73843e-06
 Reference value :  3.73950e-06
 Reference value :  3.74053e-06
 Reference value :  3.74158e-06
 Reference value :  3.74261e-06
 Reference value :  3.74366e-06
 Reference value :  3.74469e-06
 Reference value :  3.74574e-06
 Reference value :  3.74679e-06
 Reference value :  3.74784e-06
 Reference value :  3.74891e-06
 Reference value :  3.74996e-06
 Reference value :  3.75102e-06
 Reference value :  3.75207e-06
 Reference value :  3.75310e-06
 Reference value :  3.75415e-06
 Reference value :  3.75520e-06
 Reference value :  3.75625e-06
 Reference value :  3.75730e-06
 Reference value :  3.75835e-06
 Reference value :  3.75940e-06
 Reference value :  3.76043e-06
 Reference value :  3.76148e-06
 Reference value :  3.76255e-06
 Reference value :  3.76361e-06
 Reference value :  3.76468e-06
 Reference value :  3.76576e-06
 Reference value :  3.76682e-06
 Reference value :  3.76789e-06
 Reference value :  3.76894e-06
 Reference value :  3.76998e-06
 Reference value :  3.77105e-06
 Reference value :  3.77211e-06
 Reference value :  3.77318e-06
 Reference value :  3.77424e-06
 Reference value :  3.77532e-06
 Reference value :  3.77637e-06
 Reference value :  3.77744e-06
 Reference value :  3.77849e-06
 Reference value :  3.77952e-06
 Reference value :  3.78059e-06
 Reference value :  3.78159e-06
 Reference value :  3.78262e-06
 Reference value :  3.78366e-06
 Reference value :  3.78467e-06
 Reference value :  3.78571e-06
 Reference value :  3.78674e-06
 Reference value :  3.78778e-06
 Reference value :  3.78881e-06
 Reference value :  3.78986e-06
 Reference value :  3.79089e-06
 Reference value :  3.79193e-06
 Reference value :  3.79296e-06
 Reference value :  3.79399e-06
 Reference value :  3.79501e-06
 Reference value :  3.79605e-06
 Reference value :  3.79706e-06
 Reference value :  3.79810e-06
 Reference value :  3.79913e-06
 Reference value :  3.80017e-06
 Reference value :  3.80120e-06
 Reference value :  3.80222e-06
 Reference value :  3.80325e-06
 Reference value :  3.80427e-06
 Reference value :  3.80530e-06
 Reference value :  3.80634e-06
 Reference value :  3.80737e-06
 Reference value :  3.80841e-06
 Reference value :  3.80942e-06
 Reference value :  3.81046e-06
 Reference value :  3.81148e-06
 Reference value :  3.81251e-06
 Reference value :  3.81353e-06
 Reference value :  3.81456e-06
 Reference value :  3.81558e-06
 Reference value :  3.81661e-06
 Reference value :  3.81766e-06
 Reference value :  3.81870e-06
 Reference value :  3.81973e-06
 Reference value :  3.82075e-06
 Reference value :  3.82178e-06
 Reference value :  3.82282e-06
 Reference value :  3.82384e-06
 Reference value :  3.82487e-06
 Reference value :  3.82590e-06
 Reference value :  3.82694e-06
 Reference value :  3.82797e-06
 Reference value :  3.82904e-06
 Reference value :  3.83008e-06
 Reference value :  3.83116e-06
 Reference value :  3.83223e-06
 Reference value :  3.83331e-06
 Reference value :  3.83433e-06
 Reference value :  3.83545e-06
 Reference value :  3.83653e-06
 Reference value :  3.83758e-06
 Reference value :  3.83865e-06
 Reference value :  3.83970e-06
 Reference value :  3.84078e-06
 Reference value :  3.84184e-06
 Reference value :  3.84291e-06
 Reference value :  3.84397e-06
 Reference value :  3.84504e-06
 Reference value :  3.84610e-06
 Reference value :  3.84715e-06
 Reference value :  3.84821e-06
 Reference value :  3.84931e-06
 Reference value :  3.85048e-06
 Reference value :  3.85166e-06
 Reference value :  3.85281e-06
 Reference value :  3.85397e-06
 Reference value :  3.85508e-06
 Reference value :  3.85624e-06
 Reference value :  3.85738e-06
 Reference value :  3.85854e-06
 Reference value :  3.85969e-06
 Reference value :  3.86084e-06
 Reference value :  3.86198e-06
 Reference value :  3.86312e-06
 Reference value :  3.86423e-06
 Reference value :  3.86536e-06
 Reference value :  3.86651e-06
 Reference value :  3.86766e-06
 Reference value :  3.86880e-06
 Reference value :  3.86992e-06
 Reference value :  3.87107e-06
 Reference value :  3.87221e-06
 Reference value :  3.87333e-06
 Reference value :  3.87448e-06
 Reference value :  3.87559e-06
 Reference value :  3.87673e-06
 Reference value :  3.87784e-06
 Reference value :  3.87897e-06
 Reference value :  3.88008e-06
 Reference value :  3.88120e-06
 Reference value :  3.88233e-06
 Reference value :  3.88347e-06
 Reference value :  3.88455e-06
 Reference value :  3.88566e-06
 Reference value :  3.88681e-06
 Reference value :  3.88795e-06
 Reference value :  3.88910e-06
 Reference value :  3.89023e-06
 Reference value :  3.89137e-06
 Reference value :  3.89253e-06
 Reference value :  3.89367e-06
 Reference value :  3.89481e-06
 Reference value :  3.89596e-06
 Reference value :  3.89710e-06
 Reference value :  3.89824e-06
 Reference value :  3.89940e-06
 Reference value :  3.90052e-06
 Reference value :  3.90165e-06
 Reference value :  3.90279e-06
 Reference value :  3.90393e-06
 Reference value :  3.90507e-06
 Reference value :  3.90620e-06
 Reference value :  3.90734e-06
 Reference value :  3.90847e-06
 Reference value :  3.90958e-06
 Reference value :  3.91071e-06
 Reference value :  3.91185e-06
 Reference value :  3.91297e-06
 Reference value :  3.91410e-06
 Reference value :  3.91524e-06
 Reference value :  3.91635e-06
 Reference value :  3.91750e-06
 Reference value :  3.91859e-06
 Reference value :  3.91975e-06
 Reference value :  3.92087e-06
 Reference value :  3.92202e-06
 Reference value :  3.92316e-06
 Reference value :  3.92428e-06
 Reference value :  3.92543e-06
 Reference value :  3.92655e-06
 Reference value :  3.92768e-06
 Reference value :  3.92881e-06
 Reference value :  3.92996e-06
 Reference value :  3.93110e-06
 Reference value :  3.93225e-06
 Reference value :  3.93339e-06
 Reference value :  3.93450e-06
 Reference value :  3.93564e-06
 Reference value :  3.93677e-06
 Reference value :  3.93791e-06
 Reference value :  3.93905e-06
 Reference value :  3.94019e-06
 Reference value :  3.94132e-06
 Reference value :  3.94246e-06
 Reference value :  3.94360e-06
 Reference value :  3.94473e-06
 Reference value :  3.94586e-06
 Reference value :  3.94697e-06
 Reference value :  3.94811e-06
 Reference value :  3.94916e-06
 Reference value :  3.95019e-06
 Reference value :  3.95124e-06
 Reference value :  3.95229e-06
 Reference value :  3.95335e-06
 Reference value :  3.95439e-06
 Reference value :  3.95544e-06
 Reference value :  3.95649e-06
 Reference value :  3.95754e-06
 Reference value :  3.95859e-06
 Reference value :  3.95963e-06
 Reference value :  3.96070e-06
 Reference value :  3.96176e-06
 Reference value :  3.96281e-06
 Reference value :  3.96386e-06
 Reference value :  3.96493e-06
 Reference value :  3.96598e-06
 Reference value :  3.96703e-06
 Reference value :  3.96808e-06
 Reference value :  3.96912e-06
 Reference value :  3.97017e-06
 Reference value :  3.97122e-06
 Reference value :  3.97227e-06
 Reference value :  3.97334e-06
 Reference value :  3.97439e-06
 Reference value :  3.97544e-06
 Reference value :  3.97650e-06
 Reference value :  3.97755e-06
 Reference value :  3.97861e-06
 Reference value :  3.97966e-06
 Reference value :  3.98071e-06
 Reference value :  3.98176e-06
 Reference value :  3.98281e-06
 Reference value :  3.98386e-06
 Reference value :  3.98491e-06
 Reference value :  3.98596e-06
 Reference value :  3.98701e-06
 Reference value :  3.98806e-06
 Reference value :  3.98911e-06
 Reference value :  3.99016e-06
 Reference value :  3.99120e-06
 Reference value :  3.99225e-06
 Reference value :  3.99332e-06
 Reference value :  3.99438e-06
 Reference value :  3.99545e-06
 Reference value :  3.99648e-06
 Reference value :  3.99753e-06
 Reference value :  3.99856e-06
 Reference value :  3.99960e-06
 Reference value :  4.00065e-06
 Reference value :  4.00171e-06
 Reference value :  4.00279e-06
 Reference value :  4.00384e-06
 Reference value :  4.00489e-06
 Reference value :  4.00594e-06
 Reference value :  4.00700e-06
 Reference value :  4.00807e-06
 Reference value :  4.00913e-06
 Reference value :  4.01018e-06
 Reference value :  4.01123e-06
 Reference value :  4.01230e-06
 Reference value :  4.01335e-06
 Reference value :  4.01438e-06
 Reference value :  4.01540e-06
 Reference value :  4.01640e-06
 Reference value :  4.01742e-06
 Reference value :  4.01844e-06
 Reference value :  4.01947e-06
 Reference value :  4.02049e-06
 Reference value :  4.02151e-06
 Reference value :  4.02254e-06
 Reference value :  4.02362e-06
 Reference value :  4.02469e-06
 Reference value :  4.02575e-06
 Reference value :  4.02682e-06
 Reference value :  4.02788e-06
 Reference value :  4.02895e-06
 Reference value :  4.03000e-06
 Reference value :  4.03106e-06
 Reference value :  4.03211e-06
 Reference value :  4.03317e-06
 Reference value :  4.03424e-06
 Reference value :  4.03529e-06
 Reference value :  4.03635e-06
 Reference value :  4.03740e-06
 Reference value :  4.03845e-06
 Reference value :  4.03949e-06
 Reference value :  4.04055e-06
 Reference value :  4.04161e-06
 Reference value :  4.04266e-06
 Reference value :  4.04368e-06
 Reference value :  4.04473e-06
 Reference value :  4.04580e-06
 Reference value :  4.04686e-06
 Reference value :  4.04793e-06
 Reference value :  4.04899e-06
 Reference value :  4.05005e-06
 Reference value :  4.05112e-06
 Reference value :  4.05218e-06
 Reference value :  4.05325e-06
 Reference value :  4.05430e-06
 Reference value :  4.05536e-06
 Reference value :  4.05641e-06
 Reference value :  4.05748e-06
 Reference value :  4.05854e-06
 Reference value :  4.05961e-06
 Reference value :  4.06066e-06
 Reference value :  4.06170e-06
 Reference value :  4.06275e-06
 Reference value :  4.06380e-06
 Reference value :  4.06485e-06
 Reference value :  4.06590e-06
 Reference value :  4.06695e-06
 Reference value :  4.06800e-06
 Reference value :  4.06905e-06
 Reference value :  4.07010e-06
 Reference value :  4.07115e-06
 Reference value :  4.07221e-06
 Reference value :  4.07326e-06
 Reference value :  4.07433e-06
 Reference value :  4.07538e-06
 Reference value :  4.07642e-06
 Reference value :  4.07749e-06
 Reference value :  4.07854e-06
 Reference value :  4.07959e-06
 Reference value :  4.08062e-06
 Reference value :  4.08169e-06
 Reference value :  4.08270e-06
 Reference value :  4.08372e-06
 Reference value :  4.08473e-06
 Reference value :  4.08574e-06
 Reference value :  4.08676e-06
 Reference value :  4.08777e-06
 Reference value :  4.08878e-06
 Reference value :  4.08980e-06
 Reference value :  4.09088e-06
 Reference value :  4.09195e-06
 Reference value :  4.09301e-06
 Reference value :  4.09408e-06
 Reference value :  4.09514e-06
 Reference value :  4.09621e-06
 Reference value :  4.09727e-06
 Reference value :  4.09834e-06
 Reference value :  4.09938e-06
 Reference value :  4.10043e-06
 Reference value :  4.10142e-06
 Reference value :  4.10247e-06
 Reference value :  4.10354e-06
 Reference value :  4.10458e-06
 Reference value :  4.10563e-06
 Reference value :  4.10670e-06
 Reference value :  4.10775e-06
 Reference value :  4.10880e-06
 Reference value :  4.10985e-06
 Reference value :  4.11091e-06
 Reference value :  4.11196e-06
 Reference value :  4.11301e-06
 Reference value :  4.11406e-06
 Reference value :  4.11511e-06
 Reference value :  4.11616e-06
 Reference value :  4.11721e-06
 Reference value :  4.11827e-06
 Reference value :  4.11932e-06
 Reference value :  4.12038e-06
 Reference value :  4.12143e-06
 Reference value :  4.12247e-06
 Reference value :  4.12352e-06
 Reference value :  4.12454e-06
 Reference value :  4.12557e-06
 Reference value :  4.12662e-06
 Reference value :  4.12768e-06
 Reference value :  4.12872e-06
 Reference value :  4.12972e-06
 Reference value :  4.13074e-06
 Reference value :  4.13177e-06
 Reference value :  4.13277e-06
 Reference value :  4.13379e-06
 Reference value :  4.13483e-06
 Reference value :  4.13585e-06
 Reference value :  4.13686e-06
 Reference value :  4.13788e-06
 Reference value :  4.13892e-06
 Reference value :  4.13993e-06
 Reference value :  4.14095e-06
 Reference value :  4.14197e-06
 Reference value :  4.14300e-06
 Reference value :  4.14404e-06
 Reference value :  4.14507e-06
 Reference value :  4.14611e-06
 Reference value :  4.14714e-06
 Reference value :  4.14817e-06
 Reference value :  4.14919e-06
 Reference value :  4.15026e-06
 Reference value :  4.15132e-06
 Reference value :  4.15239e-06
 Reference value :  4.15344e-06
 Reference value :  4.15448e-06
 Reference value :  4.15553e-06
 Reference value :  4.15658e-06
 Reference value :  4.15763e-06
 Reference value :  4.15870e-06
 Reference value :  4.15978e-06
 Reference value :  4.16084e-06
 Reference value :  4.16189e-06
 Reference value :  4.16296e-06
 Reference value :  4.16397e-06
 Reference value :  4.16499e-06
 Reference value :  4.16596e-06
 Reference value :  4.16704e-06
 Reference value :  4.16820e-06
 Reference value :  4.16936e-06
 Reference value :  4.17052e-06
 Reference value :  4.17164e-06
 Reference value :  4.17275e-06
 Reference value :  4.17382e-06
 Reference value :  4.17487e-06
 Reference value :  4.17592e-06
 Reference value :  4.17698e-06
 Reference value :  4.17805e-06
 Reference value :  4.17919e-06
 Reference value :  4.18033e-06
 Reference value :  4.18147e-06
 Reference value :  4.18263e-06
 Reference value :  4.18377e-06
 Reference value :  4.18491e-06
 Reference value :  4.18605e-06
 Reference value :  4.18717e-06
 Reference value :  4.18823e-06
 Reference value :  4.18928e-06
 Reference value :  4.19033e-06
 Reference value :  4.19138e-06
 Reference value :  4.19243e-06
 Reference value :  4.19348e-06
 Reference value :  4.19454e-06
 Reference value :  4.19559e-06
 Reference value :  4.19658e-06
 Reference value :  4.19758e-06
 Reference value :  4.19858e-06
 Reference value :  4.19959e-06
 Reference value :  4.20057e-06
 Reference value :  4.20158e-06
 Reference value :  4.20258e-06
 Reference value :  4.20358e-06
 Reference value :  4.20457e-06
 Reference value :  4.20559e-06
 Reference value :  4.20664e-06
 Reference value :  4.20770e-06
 Reference value :  4.20875e-06
 Reference value :  4.20980e-06
 Reference value :  4.21087e-06
 Reference value :  4.21193e-06
 Reference value :  4.21300e-06
 Reference value :  4.21404e-06
 Reference value :  4.21511e-06
 Reference value :  4.21617e-06
 Reference value :  4.21721e-06
 Reference value :  4.21824e-06
 Reference value :  4.21926e-06
 Reference value :  4.22029e-06
 Reference value :  4.22134e-06
 Reference value :  4.22242e-06
 Reference value :  4.22341e-06
 Reference value :  4.22440e-06
 Reference value :  4.22545e-06
 Reference value :  4.22648e-06
 Reference value :  4.22755e-06
 Reference value :  4.22860e-06
 Reference value :  4.22966e-06
 Reference value :  4.23071e-06
 Reference value :  4.23176e-06
 Reference value :  4.23282e-06
 Reference value :  4.23389e-06
 Reference value :  4.23492e-06
 Reference value :  4.23597e-06
 Reference value :  4.23704e-06
 Reference value :  4.23808e-06
 Reference value :  4.23909e-06
 Reference value :  4.24006e-06
 Reference value :  4.24112e-06
 Reference value :  4.24217e-06
 Reference value :  4.24315e-06
 Reference value :  4.24415e-06
 Reference value :  4.24515e-06
 Reference value :  4.24615e-06
 Reference value :  4.24716e-06
 Reference value :  4.24815e-06
 Reference value :  4.24916e-06
 Reference value :  4.25018e-06
 Reference value :  4.25123e-06
 Reference value :  4.25231e-06
 Reference value :  4.25338e-06
 Reference value :  4.25444e-06
 Reference value :  4.25554e-06
 Reference value :  4.25655e-06
 Reference value :  4.25760e-06
 Reference value :  4.25865e-06
 Reference value :  4.25973e-06
 Reference value :  4.26080e-06
 Reference value :  4.26186e-06
 Reference value :  4.26293e-06
 Reference value :  4.26399e-06
 Reference value :  4.26507e-06
 Reference value :  4.26611e-06
 Reference value :  4.26712e-06
 Reference value :  4.26814e-06
 Reference value :  4.26921e-06
 Reference value :  4.27024e-06
 Reference value :  4.27126e-06
 Reference value :  4.27231e-06
 Reference value :  4.27337e-06
 Reference value :  4.27444e-06
 Reference value :  4.27549e-06
 Reference value :  4.27654e-06
 Reference value :  4.27760e-06
 Reference value :  4.27868e-06
 Reference value :  4.27973e-06
 Reference value :  4.28078e-06
 Reference value :  4.28183e-06
 Reference value :  4.28288e-06
 Reference value :  4.28393e-06
 Reference value :  4.28499e-06
 Reference value :  4.28606e-06
 Reference value :  4.28712e-06
 Reference value :  4.28819e-06
 Reference value :  4.28925e-06
 Reference value :  4.29028e-06
 Reference value :  4.29135e-06
 Reference value :  4.29240e-06
 Reference value :  4.29346e-06
 Reference value :  4.29453e-06
 Reference value :  4.29558e-06
 Reference value :  4.29666e-06
 Reference value :  4.29780e-06
 Reference value :  4.29896e-06
 Reference value :  4.30010e-06
 Reference value :  4.30126e-06
 Reference value :  4.30238e-06
 Reference value :  4.30354e-06
 Reference value :  4.30468e-06
 Reference value :  4.30571e-06
 Reference value :  4.30676e-06
 Reference value :  4.30781e-06
 Reference value :  4.30885e-06
 Reference value :  4.30988e-06
 Reference value :  4.31093e-06
 Reference value :  4.31198e-06
 Reference value :  4.31303e-06
 Reference value :  4.31406e-06
 Reference value :  4.31511e-06
 Reference value :  4.31616e-06
 Reference value :  4.31721e-06
 Reference value :  4.31826e-06
 Reference value :  4.31931e-06
 Reference value :  4.32036e-06
 Reference value :  4.32141e-06
 Reference value :  4.32247e-06
 Reference value :  4.32352e-06
 Reference value :  4.32457e-06
 Reference value :  4.32563e-06
 Reference value :  4.32668e-06
 Reference value :  4.32773e-06
 Reference value :  4.32878e-06
 Reference value :  4.32983e-06
 Reference value :  4.33088e-06
 Reference value :  4.33195e-06
 Reference value :  4.33299e-06
 Reference value :  4.33404e-06
 Reference value :  4.33511e-06
 Reference value :  4.33616e-06
 Reference value :  4.33721e-06
 Reference value :  4.33826e-06
 Reference value :  4.33932e-06
 Reference value :  4.34037e-06
 Reference value :  4.34145e-06
 Reference value :  4.34250e-06
 Reference value :  4.34356e-06
 Reference value :  4.34463e-06
 Reference value :  4.34568e-06
 Reference value :  4.34674e-06
 Reference value :  4.34781e-06
 Reference value :  4.34887e-06
 Reference value :  4.34994e-06
 Reference value :  4.35100e-06
 Reference value :  4.35205e-06
 Reference value :  4.35310e-06
 Reference value :  4.35418e-06
 Reference value :  4.35523e-06
 Reference value :  4.35629e-06
 Reference value :  4.35734e-06
 Reference value :  4.35841e-06
 Reference value :  4.35947e-06
 Reference value :  4.36054e-06
 Reference value :  4.36160e-06
 Reference value :  4.36265e-06
 Reference value :  4.36373e-06
 Reference value :  4.36480e-06
 Reference value :  4.36588e-06
 Reference value :  4.36694e-06
 Reference value :  4.36799e-06
 Reference value :  4.36905e-06
 Reference value :  4.37012e-06
 Reference value :  4.37118e-06
 Reference value :  4.37225e-06
 Reference value :  4.37333e-06
 Reference value :  4.37438e-06
 Reference value :  4.37543e-06
 Reference value :  4.37648e-06
 Reference value :  4.37754e-06
 Reference value :  4.37861e-06
 Reference value :  4.37965e-06
 Reference value :  4.38064e-06
 Reference value :  4.38171e-06
 Reference value :  4.38277e-06
 Reference value :  4.38384e-06
 Reference value :  4.38490e-06
 Reference value :  4.38597e-06
 Reference value :  4.38703e-06
 Reference value :  4.38810e-06
 Reference value :  4.38914e-06
 Reference value :  4.39021e-06
 Reference value :  4.39127e-06
 Reference value :  4.39234e-06
 Reference value :  4.39339e-06
 Reference value :  4.39445e-06
 Reference value :  4.39552e-06
 Reference value :  4.39657e-06
 Reference value :  4.39763e-06
 Reference value :  4.39870e-06
 Reference value :  4.39974e-06
 Reference value :  4.40081e-06
 Reference value :  4.40186e-06
 Reference value :  4.40288e-06
 Reference value :  4.40390e-06
 Reference value :  4.40488e-06
 Reference value :  4.40587e-06
 Reference value :  4.40687e-06
 Reference value :  4.40786e-06
 Reference value :  4.40886e-06
 Reference value :  4.40985e-06
 Reference value :  4.41085e-06
 Reference value :  4.41186e-06
 Reference value :  4.41283e-06
 Reference value :  4.41386e-06
 Reference value :  4.41491e-06
 Reference value :  4.41598e-06
 Reference value :  4.41700e-06
 Reference value :  4.41804e-06
 Reference value :  4.41909e-06
 Reference value :  4.42014e-06
 Reference value :  4.42119e-06
 Reference value :  4.42226e-06
 Reference value :  4.42332e-06
 Reference value :  4.42437e-06
 Reference value :  4.42544e-06
 Reference value :  4.42648e-06
 Reference value :  4.42755e-06
 Reference value :  4.42861e-06
 Reference value :  4.42968e-06
 Reference value :  4.43071e-06
 Reference value :  4.43176e-06
 Reference value :  4.43283e-06
 Reference value :  4.43389e-06
 Reference value :  4.43494e-06
 Reference value :  4.43601e-06
 Reference value :  4.43705e-06
 Reference value :  4.43810e-06
 Reference value :  4.43917e-06
 Reference value :  4.44023e-06
 Reference value :  4.44130e-06
 Reference value :  4.44238e-06
 Reference value :  4.44341e-06
 Reference value :  4.44448e-06
 Reference value :  4.44553e-06
 Reference value :  4.44657e-06
 Reference value :  4.44764e-06
 Reference value :  4.44870e-06
 Reference value :  4.44977e-06
 Reference value :  4.45083e-06
 Reference value :  4.45190e-06
 Reference value :  4.45295e-06
 Reference value :  4.45401e-06
 Reference value :  4.45506e-06
 Reference value :  4.45610e-06
 Reference value :  4.45714e-06
 Reference value :  4.45819e-06
 Reference value :  4.45923e-06
 Reference value :  4.46028e-06
 Reference value :  4.46134e-06
 Reference value :  4.46239e-06
 Reference value :  4.46344e-06
 Reference value :  4.46449e-06
 Reference value :  4.46555e-06
 Reference value :  4.46662e-06
 Reference value :  4.46768e-06
 Reference value :  4.46869e-06
 Reference value :  4.46974e-06
 Reference value :  4.47080e-06
 Reference value :  4.47183e-06
 Reference value :  4.47290e-06
 Reference value :  4.47396e-06
 Reference value :  4.47503e-06
 Reference value :  4.47609e-06
 Reference value :  4.47714e-06
 Reference value :  4.47819e-06
 Reference value :  4.47924e-06
 Reference value :  4.48030e-06
 Reference value :  4.48138e-06
 Reference value :  4.48246e-06
 Reference value :  4.48353e-06
 Reference value :  4.48469e-06
 Reference value :  4.48586e-06
 Reference value :  4.48700e-06
 Reference value :  4.48816e-06
 Reference value :  4.48929e-06
 Reference value :  4.49043e-06
 Reference value :  4.49157e-06
 Reference value :  4.49273e-06
 Reference value :  4.49387e-06
 Reference value :  4.49499e-06
 Reference value :  4.49615e-06
 Reference value :  4.49728e-06
 Reference value :  4.49842e-06
 Reference value :  4.49955e-06
 Reference value :  4.50066e-06
 Reference value :  4.50178e-06
 Reference value :  4.50288e-06
 Reference value :  4.50401e-06
 Reference value :  4.50513e-06
 Reference value :  4.50627e-06
 Reference value :  4.50738e-06
 Reference value :  4.50853e-06
 Reference value :  4.50967e-06
 Reference value :  4.51081e-06
 Reference value :  4.51197e-06
 Reference value :  4.51311e-06
 Reference value :  4.51424e-06
 Reference value :  4.51538e-06
 Reference value :  4.51653e-06
 Reference value :  4.51765e-06
 Reference value :  4.51879e-06
 Reference value :  4.51991e-06
 Reference value :  4.52106e-06
 Reference value :  4.52220e-06
 Reference value :  4.52334e-06
 Reference value :  4.52450e-06
 Reference value :  4.52564e-06
 Reference value :  4.52675e-06
 Reference value :  4.52789e-06
 Reference value :  4.52905e-06
 Reference value :  4.53017e-06
 Reference value :  4.53133e-06
 Reference value :  4.53246e-06
 Reference value :  4.53362e-06
 Reference value :  4.53476e-06
 Reference value :  4.53587e-06
 Reference value :  4.53701e-06
 Reference value :  4.53814e-06
 Reference value :  4.53928e-06
 Reference value :  4.54042e-06
 Reference value :  4.54158e-06
 Reference value :  4.54272e-06
 Reference value :  4.54388e-06
 Reference value :  4.54500e-06
 Reference value :  4.54604e-06
 Reference value :  4.54709e-06
 Reference value :  4.54812e-06
 Reference value :  4.54917e-06
 Reference value :  4.55022e-06
 Reference value :  4.55127e-06
 Reference value :  4.55232e-06
 Reference value :  4.55338e-06
 Reference value :  4.55445e-06
 Reference value :  4.55553e-06
 Reference value :  4.55670e-06
 Reference value :  4.55784e-06
 Reference value :  4.55900e-06
 Reference value :  4.56016e-06
 Reference value :  4.56128e-06
 Reference value :  4.56238e-06
 Reference value :  4.56344e-06
 Reference value :  4.56448e-06
 Reference value :  4.56551e-06
 Reference value :  4.56654e-06
 Reference value :  4.56759e-06
 Reference value :  4.56864e-06
 Reference value :  4.56969e-06
 Reference value :  4.57072e-06
 Reference value :  4.57179e-06
 Reference value :  4.57287e-06
 Reference value :  4.57400e-06
 Reference value :  4.57512e-06
 Reference value :  4.57628e-06
 Reference value :  4.57730e-06
 Reference value :  4.57832e-06
 Reference value :  4.57930e-06
 Reference value :  4.58034e-06
 Reference value :  4.58137e-06
 Reference value :  4.58239e-06
 Reference value :  4.58342e-06
 Reference value :  4.58446e-06
 Reference value :  4.58549e-06
 Reference value :  4.58651e-06
 Reference value :  4.58753e-06
 Reference value :  4.58856e-06
 Reference value :  4.58960e-06
 Reference value :  4.59061e-06
 Reference value :  4.59165e-06
 Reference value :  4.59268e-06
 Reference value :  4.59372e-06
 Reference value :  4.59478e-06
 Reference value :  4.59583e-06
 Reference value :  4.59689e-06
 Reference value :  4.59791e-06
 Reference value :  4.59893e-06
 Reference value :  4.59996e-06
 Reference value :  4.60100e-06
 Reference value :  4.60203e-06
 Reference value :  4.60305e-06
 Reference value :  4.60407e-06
 Reference value :  4.60510e-06
 Reference value :  4.60614e-06
 Reference value :  4.60717e-06
 Reference value :  4.60820e-06
 Reference value :  4.60924e-06
 Reference value :  4.61027e-06
 Reference value :  4.61131e-06
 Reference value :  4.61237e-06
 Reference value :  4.61342e-06
 Reference value :  4.61447e-06
 Reference value :  4.61553e-06
 Reference value :  4.61660e-06
 Reference value :  4.61765e-06
 Reference value :  4.61871e-06
 Reference value :  4.61976e-06
 Reference value :  4.62083e-06
 Reference value :  4.62188e-06
 Reference value :  4.62294e-06
 Reference value :  4.62400e-06
 Reference value :  4.62507e-06
 Reference value :  4.62613e-06
 Reference value :  4.62717e-06
 Reference value :  4.62823e-06
 Reference value :  4.62928e-06
 Reference value :  4.63033e-06
 Reference value :  4.63138e-06
 Reference value :  4.63243e-06
 Reference value :  4.63349e-06
 Reference value :  4.63456e-06
 Reference value :  4.63562e-06
 Reference value :  4.63666e-06
 Reference value :  4.63772e-06
 Reference value :  4.63877e-06
 Reference value :  4.63984e-06
 Reference value :  4.64088e-06
 Reference value :  4.64190e-06
 Reference value :  4.64297e-06
 Reference value :  4.64402e-06
 Reference value :  4.64508e-06
 Reference value :  4.64613e-06
 Reference value :  4.64718e-06
 Reference value :  4.64820e-06
 Reference value :  4.64922e-06
 Reference value :  4.65024e-06
 Reference value :  4.65125e-06
 Reference value :  4.65227e-06
 Reference value :  4.65328e-06
 Reference value :  4.65429e-06
 Reference value :  4.65530e-06
 Reference value :  4.65631e-06
 Reference value :  4.65733e-06
 Reference value :  4.65837e-06
 Reference value :  4.65940e-06
 Reference value :  4.66042e-06
 Reference value :  4.66145e-06
 Reference value :  4.66247e-06
 Reference value :  4.66349e-06
 Reference value :  4.66451e-06
 Reference value :  4.66554e-06
 Reference value :  4.66656e-06
 Reference value :  4.66759e-06
 Reference value :  4.66861e-06
 Reference value :  4.66965e-06
 Reference value :  4.67071e-06
 Reference value :  4.67176e-06
 Reference value :  4.67282e-06
 Reference value :  4.67387e-06
 Reference value :  4.67492e-06
 Reference value :  4.67599e-06
 Reference value :  4.67704e-06
 Reference value :  4.67810e-06
 Reference value :  4.67917e-06
 Reference value :  4.68023e-06
 Reference value :  4.68128e-06
 Reference value :  4.68235e-06
 Reference value :  4.68341e-06
 Reference value :  4.68447e-06
 Reference value :  4.68552e-06
 Reference value :  4.68659e-06
 Reference value :  4.68765e-06
 Reference value :  4.68870e-06
 Reference value :  4.68977e-06
 Reference value :  4.69083e-06
 Reference value :  4.69190e-06
 Reference value :  4.69293e-06
 Reference value :  4.69399e-06
 Reference value :  4.69506e-06
 Reference value :  4.69612e-06
 Reference value :  4.69719e-06
 Reference value :  4.69824e-06
 Reference value :  4.69930e-06
 Reference value :  4.70035e-06
 Reference value :  4.70140e-06
 Reference value :  4.70245e-06
 Reference value :  4.70350e-06
 Reference value :  4.70453e-06
 Reference value :  4.70568e-06
 Reference value :  4.70685e-06
 Reference value :  4.70799e-06
 Reference value :  4.70915e-06
 Reference value :  4.71029e-06
 Reference value :  4.71145e-06
 Reference value :  4.71259e-06
 Reference value :  4.71373e-06
 Reference value :  4.71487e-06
 Reference value :  4.71601e-06
 Reference value :  4.71716e-06
 Reference value :  4.71825e-06
 Reference value :  4.71930e-06
 Reference value :  4.72035e-06
 Reference value :  4.72141e-06
 Reference value :  4.72246e-06
 Reference value :  4.72351e-06
 Reference value :  4.72456e-06
 Reference value :  4.72561e-06
 Reference value :  4.72668e-06
 Reference value :  4.72771e-06
 Reference value :  4.72876e-06
 Reference value :  4.72981e-06
 Reference value :  4.73087e-06
 Reference value :  4.73192e-06
 Reference value :  4.73297e-06
 Reference value :  4.73402e-06
 Reference value :  4.73507e-06
 Reference value :  4.73613e-06
 Reference value :  4.73717e-06
 Reference value :  4.73823e-06
 Reference value :  4.73928e-06
 Reference value :  4.74038e-06
 Reference value :  4.74150e-06
 Reference value :  4.74265e-06
 Reference value :  4.74380e-06
 Reference value :  4.74493e-06
 Reference value :  4.74607e-06
 Reference value :  4.74712e-06
 Reference value :  4.74819e-06
 Reference value :  4.74923e-06
 Reference value :  4.75027e-06
 Reference value :  4.75133e-06
 Reference value :  4.75238e-06
 Reference value :  4.75345e-06
 Reference value :  4.75450e-06
 Reference value :  4.75555e-06
 Reference value :  4.75658e-06
 Reference value :  4.75763e-06
 Reference value :  4.75866e-06
 Reference value :  4.75971e-06
 Reference value :  4.76076e-06
 Reference value :  4.76181e-06
 Reference value :  4.76286e-06
 Reference value :  4.76391e-06
 Reference value :  4.76497e-06
 Reference value :  4.76604e-06
 Reference value :  4.76709e-06
 Reference value :  4.76814e-06
 Reference value :  4.76919e-06
 Reference value :  4.77025e-06
 Reference value :  4.77131e-06
 Reference value :  4.77238e-06
 Reference value :  4.77344e-06
 Reference value :  4.77451e-06
 Reference value :  4.77556e-06
 Reference value :  4.77662e-06
 Reference value :  4.77769e-06
 Reference value :  4.77875e-06
 Reference value :  4.77982e-06
 Reference value :  4.78088e-06
 Reference value :  4.78195e-06
 Reference value :  4.78300e-06
 Reference value :  4.78404e-06
 Reference value :  4.78509e-06
 Reference value :  4.78617e-06
 Reference value :  4.78722e-06
 Reference value :  4.78827e-06
 Reference value :  4.78934e-06
 Reference value :  4.79040e-06
 Reference value :  4.79147e-06
 Reference value :  4.79250e-06
 Reference value :  4.79356e-06
 Reference value :  4.79461e-06
 Reference value :  4.79566e-06
 Reference value :  4.79671e-06
 Reference value :  4.79776e-06
 Reference value :  4.79883e-06
 Reference value :  4.79988e-06
 Reference value :  4.80094e-06
 Reference value :  4.80199e-06
 Reference value :  4.80305e-06
 Reference value :  4.80410e-06
 Reference value :  4.80517e-06
 Reference value :  4.80623e-06
 Reference value :  4.80728e-06
 Reference value :  4.80835e-06
 Reference value :  4.80940e-06
 Reference value :  4.81046e-06
 Reference value :  4.81153e-06
 Reference value :  4.81257e-06
 Reference value :  4.81362e-06
 Reference value :  4.81469e-06
 Reference value :  4.81577e-06
 Reference value :  4.81682e-06
 Reference value :  4.81788e-06
 Reference value :  4.81893e-06
 Reference value :  4.82000e-06
 Reference value :  4.82105e-06
 Reference value :  4.82211e-06
 Reference value :  4.82317e-06
 Reference value :  4.82424e-06
 Reference value :  4.82529e-06
 Reference value :  4.82634e-06
 Reference value :  4.82739e-06
 Reference value :  4.82844e-06
 Reference value :  4.82950e-06
 Reference value :  4.83057e-06
 Reference value :  4.83163e-06
 Reference value :  4.83268e-06
 Reference value :  4.83374e-06
 Reference value :  4.83479e-06
 Reference value :  4.83584e-06
 Reference value :  4.83691e-06
 Reference value :  4.83793e-06
 Reference value :  4.83899e-06
 Reference value :  4.84006e-06
 Reference value :  4.84112e-06
 Reference value :  4.84218e-06
 Reference value :  4.84323e-06
 Reference value :  4.84430e-06
 Reference value :  4.84533e-06
 Reference value :  4.84640e-06
 Reference value :  4.84746e-06
 Reference value :  4.84853e-06
 Reference value :  4.84958e-06
 Reference value :  4.85062e-06
 Reference value :  4.85169e-06
 Reference value :  4.85275e-06
 Reference value :  4.85380e-06
 Reference value :  4.85485e-06
 Reference value :  4.85592e-06
 Reference value :  4.85698e-06
 Reference value :  4.85805e-06
 Reference value :  4.85910e-06
 Reference value :  4.86015e-06
 Reference value :  4.86121e-06
 Reference value :  4.86227e-06
 Reference value :  4.86334e-06
 Reference value :  4.86439e-06
 Reference value :  4.86545e-06
 Reference value :  4.86650e-06
 Reference value :  4.86757e-06
 Reference value :  4.86862e-06
 Reference value :  4.86967e-06
 Reference value :  4.87073e-06
 Reference value :  4.87178e-06
 Reference value :  4.87284e-06
 Reference value :  4.87389e-06
 Reference value :  4.87494e-06
 Reference value :  4.87599e-06
 Reference value :  4.87706e-06
 Reference value :  4.87811e-06
 Reference value :  4.87917e-06
 Reference value :  4.88023e-06
 Reference value :  4.88130e-06
 Reference value :  4.88236e-06
 Reference value :  4.88341e-06
 Reference value :  4.88448e-06
 Reference value :  4.88553e-06
 Reference value :  4.88658e-06
 Reference value :  4.88763e-06
 Reference value :  4.88868e-06
 Reference value :  4.88972e-06
 Reference value :  4.89074e-06
 Reference value :  4.89178e-06
 Reference value :  4.89279e-06
 Reference value :  4.89383e-06
 Reference value :  4.89486e-06
 Reference value :  4.89604e-06
 Reference value :  4.89719e-06
 Reference value :  4.89832e-06
 Reference value :  4.89949e-06
 Reference value :  4.90063e-06
 Reference value :  4.90176e-06
 Reference value :  4.90286e-06
 Reference value :  4.90390e-06
 Reference value :  4.90495e-06
 Reference value :  4.90600e-06
 Reference value :  4.90707e-06
 Reference value :  4.90812e-06
 Reference value :  4.90917e-06
 Reference value :  4.91022e-06
 Reference value :  4.91128e-06
 Reference value :  4.91231e-06
 Reference value :  4.91336e-06
 Reference value :  4.91440e-06
 Reference value :  4.91548e-06
 Reference value :  4.91654e-06
 Reference value :  4.91759e-06
 Reference value :  4.91867e-06
 Reference value :  4.91972e-06
 Reference value :  4.92079e-06
 Reference value :  4.92183e-06
 Reference value :  4.92290e-06
 Reference value :  4.92395e-06
 Reference value :  4.92500e-06
 Reference value :  4.92605e-06
 Reference value :  4.92716e-06
 Reference value :  4.92835e-06
 Reference value :  4.92946e-06
 Reference value :  4.93048e-06
 Reference value :  4.93152e-06
 Reference value :  4.93259e-06
 Reference value :  4.93364e-06
 Reference value :  4.93469e-06
 Reference value :  4.93574e-06
 Reference value :  4.93680e-06
 Reference value :  4.93785e-06
 Reference value :  4.93901e-06
 Reference value :  4.94017e-06
 Reference value :  4.94132e-06
 Reference value :  4.94248e-06
 Reference value :  4.94364e-06
 Reference value :  4.94476e-06
 Reference value :  4.94591e-06
 Reference value :  4.94702e-06
 Reference value :  4.94816e-06
 Reference value :  4.94930e-06
 Reference value :  4.95046e-06
 Reference value :  4.95158e-06
 Reference value :  4.95268e-06
 Reference value :  4.95373e-06
 Reference value :  4.95478e-06
 Reference value :  4.95583e-06
 Reference value :  4.95688e-06
 Reference value :  4.95794e-06
 Reference value :  4.95899e-06
 Reference value :  4.96005e-06
 Reference value :  4.96110e-06
 Reference value :  4.96217e-06
 Reference value :  4.96323e-06
 Reference value :  4.96428e-06
 Reference value :  4.96533e-06
 Reference value :  4.96640e-06
 Reference value :  4.96746e-06
 Reference value :  4.96851e-06
 Reference value :  4.96956e-06
 Reference value :  4.97062e-06
 Reference value :  4.97169e-06
 Reference value :  4.97274e-06
 Reference value :  4.97379e-06
 Reference value :  4.97485e-06
 Reference value :  4.97590e-06
 Reference value :  4.97695e-06
 Reference value :  4.97798e-06
 Reference value :  4.97905e-06
 Reference value :  4.98011e-06
 Reference value :  4.98118e-06
 Reference value :  4.98224e-06
 Reference value :  4.98329e-06
 Reference value :  4.98436e-06
 Reference value :  4.98541e-06
 Reference value :  4.98647e-06
 Reference value :  4.98752e-06
 Reference value :  4.98858e-06
 Reference value :  4.98963e-06
 Reference value :  4.99068e-06
 Reference value :  4.99175e-06
 Reference value :  4.99280e-06
 Reference value :  4.99385e-06
 Reference value :  4.99490e-06
 Reference value :  4.99594e-06
 Reference value :  4.99699e-06
 Reference value :  4.99804e-06
 Reference value :  4.99909e-06
 Reference value :  5.00016e-06
 Reference value :  5.00122e-06
 Reference value :  5.00227e-06
 Reference value :  5.00332e-06
 Reference value :  5.00437e-06
 Reference value :  5.00543e-06
 Reference value :  5.00648e-06
 Reference value :  5.00755e-06
 Reference value :  5.00860e-06
 Reference value :  5.00963e-06
 Reference value :  5.01068e-06
 Reference value :  5.01173e-06
 Reference value :  5.01279e-06
 Reference value :  5.01386e-06
 Reference value :  5.01492e-06
 Reference value :  5.01594e-06
 Reference value :  5.01699e-06
 Reference value :  5.01806e-06
 Reference value :  5.01910e-06
 Reference value :  5.02017e-06
 Reference value :  5.02122e-06
 Reference value :  5.02228e-06
 Reference value :  5.02333e-06
 Reference value :  5.02437e-06
 Reference value :  5.02542e-06
 Reference value :  5.02648e-06
 Reference value :  5.02755e-06
 Reference value :  5.02859e-06
 Reference value :  5.02966e-06
 Reference value :  5.03072e-06
 Reference value :  5.03179e-06
 Reference value :  5.03282e-06
 Reference value :  5.03387e-06
 Reference value :  5.03494e-06
 Reference value :  5.03600e-06
 Reference value :  5.03707e-06
 Reference value :  5.03813e-06
 Reference value :  5.03919e-06
 Reference value :  5.04020e-06
 Reference value :  5.04123e-06
 Reference value :  5.04228e-06
 Reference value :  5.04335e-06
 Reference value :  5.04441e-06
 Reference value :  5.04546e-06
 Reference value :  5.04652e-06
 Reference value :  5.04759e-06
 Reference value :  5.04865e-06
 Reference value :  5.04970e-06
 Reference value :  5.05077e-06
 Reference value :  5.05183e-06
 Reference value :  5.05288e-06
 Reference value :  5.05395e-06
 Reference value :  5.05501e-06
 Reference value :  5.05608e-06
 Reference value :  5.05712e-06
 Reference value :  5.05816e-06
 Reference value :  5.05921e-06
 Reference value :  5.06027e-06
 Reference value :  5.06134e-06
 Reference value :  5.06240e-06
 Reference value :  5.06347e-06
 Reference value :  5.06452e-06
 Reference value :  5.06558e-06
 Reference value :  5.06663e-06
 Reference value :  5.06769e-06
 Reference value :  5.06876e-06
 Reference value :  5.06982e-06
 Reference value :  5.07089e-06
 Reference value :  5.07194e-06
 Reference value :  5.07299e-06
 Reference value :  5.07404e-06
 Reference value :  5.07509e-06
 Reference value :  5.07615e-06
 Reference value :  5.07726e-06
 Reference value :  5.07831e-06
 Reference value :  5.07936e-06
 Reference value :  5.08042e-06
 Reference value :  5.08147e-06
 Reference value :  5.08255e-06
 Reference value :  5.08357e-06
 Reference value :  5.08465e-06
 Reference value :  5.08567e-06
 Reference value :  5.08681e-06
 Reference value :  5.08795e-06
 Reference value :  5.08910e-06
 Reference value :  5.09025e-06
 Reference value :  5.09138e-06
 Reference value :  5.09243e-06
 Reference value :  5.09348e-06
 Reference value :  5.09453e-06
 Reference value :  5.09558e-06
 Reference value :  5.09664e-06
 Reference value :  5.09771e-06
 Reference value :  5.09877e-06
 Reference value :  5.09983e-06
 Reference value :  5.10087e-06
 Reference value :  5.10193e-06
 Reference value :  5.10300e-06
 Reference value :  5.10405e-06
 Reference value :  5.10511e-06
 Reference value :  5.10618e-06
 Reference value :  5.10724e-06
 Reference value :  5.10831e-06
 Reference value :  5.10936e-06
 Reference value :  5.11042e-06
 Reference value :  5.11147e-06
 Reference value :  5.11263e-06
 Reference value :  5.11377e-06
 Reference value :  5.11493e-06
 Reference value :  5.11611e-06
 Reference value :  5.11727e-06
 Reference value :  5.11838e-06
 Reference value :  5.11951e-06
 Reference value :  5.12065e-06
 Reference value :  5.12181e-06
 Reference value :  5.12296e-06
 Reference value :  5.12404e-06
 Reference value :  5.12520e-06
 Reference value :  5.12633e-06
 Reference value :  5.12747e-06
 Reference value :  5.12860e-06
 Reference value :  5.12974e-06
 Reference value :  5.13088e-06
 Reference value :  5.13202e-06
 Reference value :  5.13318e-06
 Reference value :  5.13434e-06
 Reference value :  5.13548e-06
 Reference value :  5.13662e-06
 Reference value :  5.13776e-06
 Reference value :  5.13890e-06
 Reference value :  5.14005e-06
 Reference value :  5.14120e-06
 Reference value :  5.14234e-06
 Reference value :  5.14349e-06
 Reference value :  5.14461e-06
 Reference value :  5.14572e-06
 Reference value :  5.14687e-06
 Reference value :  5.14802e-06
 Reference value :  5.14915e-06
 Reference value :  5.15031e-06
 Reference value :  5.15145e-06
 Reference value :  5.15259e-06
 Reference value :  5.15375e-06
 Reference value :  5.15489e-06
 Reference value :  5.15603e-06
 Reference value :  5.15716e-06
 Reference value :  5.15828e-06
 Reference value :  5.15941e-06
 Reference value :  5.16055e-06
 Reference value :  5.16169e-06
 Reference value :  5.16282e-06
 Reference value :  5.16398e-06
 Reference value :  5.16510e-06
 Reference value :  5.16626e-06
 Reference value :  5.16739e-06
 Reference value :  5.16851e-06
 Reference value :  5.16964e-06
 Reference value :  5.17078e-06
 Reference value :  5.17191e-06
 Reference value :  5.17305e-06
 Reference value :  5.17419e-06
 Reference value :  5.17530e-06
 Reference value :  5.17644e-06
 Reference value :  5.17757e-06
 Reference value :  5.17870e-06
 Reference value :  5.17984e-06
 Reference value :  5.18098e-06
 Reference value :  5.18214e-06
 Reference value :  5.18323e-06
 Reference value :  5.18436e-06
 Reference value :  5.18546e-06
 Reference value :  5.18635e-06
 Reference value :  5.18723e-06
 Reference value :  5.18814e-06
 Reference value :  5.18913e-06
 Reference value :  5.19004e-06
 Reference value :  5.19096e-06
 Reference value :  5.19180e-06
 Reference value :  5.19271e-06
 Reference value :  5.19368e-06
 Reference value :  5.19461e-06
 Reference value :  5.19558e-06
 Reference value :  5.19669e-06
 Reference value :  5.19780e-06
 Reference value :  5.19873e-06
 Reference value :  5.19977e-06
 Reference value :  5.20079e-06
 Reference value :  5.20183e-06
 Reference value :  5.20286e-06
 Reference value :  5.20389e-06
 Reference value :  5.20493e-06
 Reference value :  5.20595e-06
 Reference value :  5.20698e-06
 Reference value :  5.20800e-06
 Reference value :  5.20903e-06
 Reference value :  5.21007e-06
 Reference value :  5.21110e-06
 Reference value :  5.21213e-06
 Reference value :  5.21317e-06
 Reference value :  5.21420e-06
 Reference value :  5.21522e-06
 Reference value :  5.21625e-06
 Reference value :  5.21729e-06
 Reference value :  5.21832e-06
 Reference value :  5.21936e-06
 Reference value :  5.22039e-06
 Reference value :  5.22141e-06
 Reference value :  5.22244e-06
 Reference value :  5.22346e-06
 Reference value :  5.22446e-06
 Reference value :  5.22550e-06
 Reference value :  5.22653e-06
 Reference value :  5.22756e-06
 Reference value :  5.22861e-06
 Reference value :  5.22966e-06
 Reference value :  5.23076e-06
 Reference value :  5.23193e-06
 Reference value :  5.23309e-06
 Reference value :  5.23423e-06
 Reference value :  5.23539e-06
 Reference value :  5.23653e-06
 Reference value :  5.23767e-06
 Reference value :  5.23881e-06
 Reference value :  5.23997e-06
 Reference value :  5.24111e-06
 Reference value :  5.24222e-06
 Reference value :  5.24336e-06
 Reference value :  5.24449e-06
 Reference value :  5.24565e-06
 Reference value :  5.24676e-06
 Reference value :  5.24790e-06
 Reference value :  5.24904e-06
 Reference value :  5.25018e-06
 Reference value :  5.25131e-06
 Reference value :  5.25245e-06
 Reference value :  5.25359e-06
 Reference value :  5.25474e-06
 Reference value :  5.25586e-06
 Reference value :  5.25696e-06
 Reference value :  5.25813e-06
 Reference value :  5.25924e-06
 Reference value :  5.26038e-06
 Reference value :  5.26151e-06
 Reference value :  5.26265e-06
 Reference value :  5.26381e-06
 Reference value :  5.26494e-06
 Reference value :  5.26609e-06
 Reference value :  5.26720e-06
 Reference value :  5.26833e-06
 Reference value :  5.26944e-06
 Reference value :  5.27058e-06
 Reference value :  5.27172e-06
 Reference value :  5.27287e-06
 Reference value :  5.27401e-06
 Reference value :  5.27513e-06
 Reference value :  5.27626e-06
 Reference value :  5.27739e-06
 Reference value :  5.27851e-06
 Reference value :  5.27964e-06
 Reference value :  5.28078e-06
 Reference value :  5.28192e-06
 Reference value :  5.28305e-06
 Reference value :  5.28421e-06
 Reference value :  5.28533e-06
 Reference value :  5.28649e-06
 Reference value :  5.28760e-06
 Reference value :  5.28876e-06
 Reference value :  5.28990e-06
 Reference value :  5.29104e-06
 Reference value :  5.29220e-06
 Reference value :  5.29333e-06
 Reference value :  5.29448e-06
 Reference value :  5.29561e-06
 Reference value :  5.29675e-06
 Reference value :  5.29789e-06
 Reference value :  5.29905e-06
 Reference value :  5.30019e-06
 Reference value :  5.30134e-06
 Reference value :  5.30249e-06
 Reference value :  5.30362e-06
 Reference value :  5.30476e-06
 Reference value :  5.30589e-06
 Reference value :  5.30703e-06
 Reference value :  5.30814e-06
 Reference value :  5.30916e-06
 Reference value :  5.31013e-06
 Reference value :  5.31115e-06
 Reference value :  5.31218e-06
 Reference value :  5.31320e-06
 Reference value :  5.31422e-06
 Reference value :  5.31527e-06
 Reference value :  5.31630e-06
 Reference value :  5.31734e-06
 Reference value :  5.31837e-06
 Reference value :  5.31942e-06
 Reference value :  5.32044e-06
 Reference value :  5.32149e-06
 Reference value :  5.32251e-06
 Reference value :  5.32355e-06
 Reference value :  5.32459e-06
 Reference value :  5.32562e-06
 Reference value :  5.32666e-06
 Reference value :  5.32769e-06
 Reference value :  5.32874e-06
 Reference value :  5.32979e-06
 Reference value :  5.33084e-06
 Reference value :  5.33189e-06
 Reference value :  5.33292e-06
 Reference value :  5.33397e-06
 Reference value :  5.33500e-06
 Reference value :  5.33605e-06
 Reference value :  5.33710e-06
 Reference value :  5.33821e-06
 Reference value :  5.33926e-06
 Reference value :  5.34040e-06
 Reference value :  5.34156e-06
 Reference value :  5.34270e-06
 Reference value :  5.34386e-06
 Reference value :  5.34500e-06
 Reference value :  5.34614e-06
 Reference value :  5.34729e-06
 Reference value :  5.34833e-06
 Reference value :  5.34938e-06
 Reference value :  5.35045e-06
 Reference value :  5.35150e-06
 Reference value :  5.35255e-06
 Reference value :  5.35360e-06
 Reference value :  5.35466e-06
 Reference value :  5.35573e-06
 Reference value :  5.35676e-06
 Reference value :  5.35781e-06
 Reference value :  5.35886e-06
 Reference value :  5.35992e-06
 Reference value :  5.36097e-06
 Reference value :  5.36204e-06
 Reference value :  5.36309e-06
 Reference value :  5.36412e-06
 Reference value :  5.36514e-06
 Reference value :  5.36616e-06
 Reference value :  5.36717e-06
 Reference value :  5.36819e-06
 Reference value :  5.36924e-06
 Reference value :  5.37029e-06
 Reference value :  5.37134e-06
 Reference value :  5.37237e-06
 Reference value :  5.37341e-06
 Reference value :  5.37446e-06
 Reference value :  5.37551e-06
 Reference value :  5.37656e-06
 Reference value :  5.37759e-06
 Reference value :  5.37864e-06
 Reference value :  5.37969e-06
 Reference value :  5.38072e-06
 Reference value :  5.38176e-06
 Reference value :  5.38279e-06
 Reference value :  5.38384e-06
 Reference value :  5.38487e-06
 Reference value :  5.38591e-06
 Reference value :  5.38696e-06
 Reference value :  5.38801e-06
 Reference value :  5.38904e-06
 Reference value :  5.39007e-06
 Reference value :  5.39112e-06
 Reference value :  5.39217e-06
 Reference value :  5.39322e-06
 Reference value :  5.39425e-06
 Reference value :  5.39530e-06
 Reference value :  5.39634e-06
 Reference value :  5.39740e-06
 Reference value :  5.39856e-06
 Reference value :  5.39972e-06
 Reference value :  5.40087e-06
 Reference value :  5.40200e-06
 Reference value :  5.40316e-06
 Reference value :  5.40428e-06
 Reference value :  5.40540e-06
 Reference value :  5.40654e-06
 Reference value :  5.40768e-06
 Reference value :  5.40877e-06
 Reference value :  5.40992e-06
 Reference value :  5.41106e-06
 Reference value :  5.41217e-06
 Reference value :  5.41331e-06
 Reference value :  5.41444e-06
 Reference value :  5.41558e-06
 Reference value :  5.41672e-06
 Reference value :  5.41786e-06
 Reference value :  5.41902e-06
 Reference value :  5.42015e-06
 Reference value :  5.42130e-06
 Reference value :  5.42245e-06
 Reference value :  5.42359e-06
 Reference value :  5.42471e-06
 Reference value :  5.42584e-06
 Reference value :  5.42695e-06
 Reference value :  5.42808e-06
 Reference value :  5.42922e-06
 Reference value :  5.43027e-06
 Reference value :  5.43132e-06
 Reference value :  5.43237e-06
 Reference value :  5.43351e-06
 Reference value :  5.43465e-06
 Reference value :  5.43579e-06
 Reference value :  5.43693e-06
 Reference value :  5.43808e-06
 Reference value :  5.43923e-06
 Reference value :  5.44037e-06
 Reference value :  5.44152e-06
 Reference value :  5.44263e-06
 Reference value :  5.44377e-06
 Reference value :  5.44488e-06
 Reference value :  5.44604e-06
 Reference value :  5.44718e-06
 Reference value :  5.44831e-06
 Reference value :  5.44937e-06
 Reference value :  5.45040e-06
 Reference value :  5.45142e-06
 Reference value :  5.45246e-06
 Reference value :  5.45351e-06
 Reference value :  5.45455e-06
 Reference value :  5.45560e-06
 Reference value :  5.45665e-06
 Reference value :  5.45772e-06
 Reference value :  5.45877e-06
 Reference value :  5.45982e-06
 Reference value :  5.46088e-06
 Reference value :  5.46193e-06
 Reference value :  5.46306e-06
 Reference value :  5.46420e-06
 Reference value :  5.46523e-06
 Reference value :  5.46630e-06
 Reference value :  5.46733e-06
 Reference value :  5.46838e-06
 Reference value :  5.46943e-06
 Reference value :  5.47048e-06
 Reference value :  5.47154e-06
 Reference value :  5.47267e-06
 Reference value :  5.47375e-06
 Reference value :  5.47488e-06
 Reference value :  5.47603e-06
 Reference value :  5.47716e-06
 Reference value :  5.47832e-06
 Reference value :  5.47944e-06
 Reference value :  5.48059e-06
 Reference value :  5.48170e-06
 Reference value :  5.48284e-06
 Reference value :  5.48396e-06
 Reference value :  5.48511e-06
 Reference value :  5.48626e-06
 Reference value :  5.48741e-06
 Reference value :  5.48855e-06
 Reference value :  5.48969e-06
 Reference value :  5.49083e-06
 Reference value :  5.49197e-06
 Reference value :  5.49313e-06
 Reference value :  5.49426e-06
 Reference value :  5.49538e-06
 Reference value :  5.49642e-06
 Reference value :  5.49743e-06
 Reference value :  5.49847e-06
 Reference value :  5.49950e-06
 Reference value :  5.50054e-06
 Reference value :  5.50157e-06
 Reference value :  5.50259e-06
 Reference value :  5.50361e-06
 Reference value :  5.50464e-06
 Reference value :  5.50566e-06
 Reference value :  5.50666e-06
 Reference value :  5.50771e-06
 Reference value :  5.50876e-06
 Reference value :  5.50981e-06
 Reference value :  5.51086e-06
 Reference value :  5.51191e-06
 Reference value :  5.51297e-06
 Reference value :  5.51401e-06
 Reference value :  5.51507e-06
 Reference value :  5.51623e-06
 Reference value :  5.51740e-06
 Reference value :  5.51854e-06
 Reference value :  5.51969e-06
 Reference value :  5.52084e-06
 Reference value :  5.52195e-06
 Reference value :  5.52310e-06
 Reference value :  5.52424e-06
 Reference value :  5.52539e-06
 Reference value :  5.52649e-06
 Reference value :  5.52762e-06
 Reference value :  5.52876e-06
 Reference value :  5.52990e-06
 Reference value :  5.53106e-06
 Reference value :  5.53220e-06
 Reference value :  5.53328e-06
 Reference value :  5.53433e-06
 Reference value :  5.53539e-06
 Reference value :  5.53644e-06
 Reference value :  5.53748e-06
 Reference value :  5.53853e-06
 Reference value :  5.53962e-06
 Reference value :  5.54076e-06
 Reference value :  5.54190e-06
 Reference value :  5.54306e-06
 Reference value :  5.54419e-06
 Reference value :  5.54533e-06
 Reference value :  5.54636e-06
 Reference value :  5.54746e-06
 Reference value :  5.54860e-06
 Reference value :  5.54974e-06
 Reference value :  5.55088e-06
 Reference value :  5.55201e-06
 Reference value :  5.55303e-06
 Reference value :  5.55406e-06
 Reference value :  5.55522e-06
 Reference value :  5.55636e-06
 Reference value :  5.55752e-06
 Reference value :  5.55865e-06
 Reference value :  5.55977e-06
 Reference value :  5.56091e-06
 Reference value :  5.56204e-06
 Reference value :  5.56317e-06
 Reference value :  5.56431e-06
 Reference value :  5.56545e-06
 Reference value :  5.56658e-06
 Reference value :  5.56770e-06
 Reference value :  5.56885e-06
 Reference value :  5.56997e-06
 Reference value :  5.57111e-06
 Reference value :  5.57224e-06
 Reference value :  5.57330e-06
 Reference value :  5.57434e-06
 Reference value :  5.57539e-06
 Reference value :  5.57642e-06
 Reference value :  5.57742e-06
 Reference value :  5.57844e-06
 Reference value :  5.57946e-06
 Reference value :  5.58049e-06
 Reference value :  5.58150e-06
 Reference value :  5.58252e-06
 Reference value :  5.58353e-06
 Reference value :  5.58457e-06
 Reference value :  5.58556e-06
 Reference value :  5.58659e-06
 Reference value :  5.58762e-06
 Reference value :  5.58864e-06
 Reference value :  5.58968e-06
 Reference value :  5.59071e-06
 Reference value :  5.59174e-06
 Reference value :  5.59285e-06
 Reference value :  5.59387e-06
 Reference value :  5.59489e-06
 Reference value :  5.59592e-06
 Reference value :  5.59693e-06
 Reference value :  5.59795e-06
 Reference value :  5.59898e-06
 Reference value :  5.60001e-06
 Reference value :  5.60103e-06
 Reference value :  5.60205e-06
 Reference value :  5.60313e-06
 Reference value :  5.60418e-06
 Reference value :  5.60523e-06
 Reference value :  5.60625e-06
 Reference value :  5.60730e-06
 Reference value :  5.60833e-06
 Reference value :  5.60944e-06
 Reference value :  5.61054e-06
 Reference value :  5.61151e-06
 Reference value :  5.61254e-06
 Reference value :  5.61355e-06
 Reference value :  5.61458e-06
 Reference value :  5.61561e-06
 Reference value :  5.61663e-06
 Reference value :  5.61776e-06
 Reference value :  5.61882e-06
 Reference value :  5.61989e-06
 Reference value :  5.62094e-06
 Reference value :  5.62199e-06
 Reference value :  5.62302e-06
 Reference value :  5.62407e-06
 Reference value :  5.62512e-06
 Reference value :  5.62617e-06
 Reference value :  5.62723e-06
 Reference value :  5.62828e-06
 Reference value :  5.62933e-06
 Reference value :  5.63038e-06
 Reference value :  5.63143e-06
 Reference value :  5.63248e-06
 Reference value :  5.63353e-06
 Reference value :  5.63459e-06
 Reference value :  5.63563e-06
 Reference value :  5.63669e-06
 Reference value :  5.63776e-06
 Reference value :  5.63880e-06
 Reference value :  5.63987e-06
 Reference value :  5.64092e-06
 Reference value :  5.64195e-06
 Reference value :  5.64300e-06
 Reference value :  5.64411e-06
 Reference value :  5.64516e-06
 Reference value :  5.64623e-06
 Reference value :  5.64728e-06
 Reference value :  5.64832e-06
 Reference value :  5.64937e-06
 Reference value :  5.65042e-06
 Reference value :  5.65152e-06
 Reference value :  5.65265e-06
 Reference value :  5.65379e-06
 Reference value :  5.65491e-06
 Reference value :  5.65606e-06
 Reference value :  5.65720e-06
 Reference value :  5.65832e-06
 Reference value :  5.65947e-06
 Reference value :  5.66058e-06
 Reference value :  5.66170e-06
 Reference value :  5.66288e-06
 Reference value :  5.66405e-06
 Reference value :  5.66517e-06
 Reference value :  5.66632e-06
 Reference value :  5.66744e-06
 Reference value :  5.66858e-06
 Reference value :  5.66974e-06
 Reference value :  5.67085e-06
 Reference value :  5.67201e-06
 Reference value :  5.67314e-06
 Reference value :  5.67428e-06
 Reference value :  5.67540e-06
 Reference value :  5.67655e-06
 Reference value :  5.67769e-06
 Reference value :  5.67883e-06
 Reference value :  5.67997e-06
 Reference value :  5.68111e-06
 Reference value :  5.68227e-06
 Reference value :  5.68341e-06
 Reference value :  5.68454e-06
 Reference value :  5.68556e-06
 Reference value :  5.68659e-06
 Reference value :  5.68763e-06
 Reference value :  5.68867e-06
 Reference value :  5.68972e-06
 Reference value :  5.69077e-06
 Reference value :  5.69188e-06
 Reference value :  5.69303e-06
 Reference value :  5.69418e-06
 Reference value :  5.69531e-06
 Reference value :  5.69645e-06
 Reference value :  5.69759e-06
 Reference value :  5.69870e-06
 Reference value :  5.69985e-06
 Reference value :  5.70097e-06
 Reference value :  5.70211e-06
 Reference value :  5.70324e-06
 Reference value :  5.70435e-06
 Reference value :  5.70540e-06
 Reference value :  5.70645e-06
 Reference value :  5.70750e-06
 Reference value :  5.70853e-06
 Reference value :  5.70957e-06
 Reference value :  5.71060e-06
 Reference value :  5.71167e-06
 Reference value :  5.71270e-06
 Reference value :  5.71375e-06
 Reference value :  5.71480e-06
 Reference value :  5.71591e-06
 Reference value :  5.71708e-06
 Reference value :  5.71818e-06
 Reference value :  5.71933e-06
 Reference value :  5.72043e-06
 Reference value :  5.72157e-06
 Reference value :  5.72273e-06
 Reference value :  5.72387e-06
 Reference value :  5.72503e-06
 Reference value :  5.72617e-06
 Reference value :  5.72731e-06
 Reference value :  5.72844e-06
 Reference value :  5.72958e-06
 Reference value :  5.73071e-06
 Reference value :  5.73185e-06
 Reference value :  5.73296e-06
 Reference value :  5.73399e-06
 Reference value :  5.73504e-06
 Reference value :  5.73608e-06
 Reference value :  5.73712e-06
 Reference value :  5.73817e-06
 Reference value :  5.73922e-06
 Reference value :  5.74026e-06
 Reference value :  5.74131e-06
 Reference value :  5.74240e-06
 Reference value :  5.74350e-06
 Reference value :  5.74456e-06
 Reference value :  5.74563e-06
 Reference value :  5.74669e-06
 Reference value :  5.74776e-06
 Reference value :  5.74882e-06
 Reference value :  5.74989e-06
 Reference value :  5.75093e-06
 Reference value :  5.75200e-06
 Reference value :  5.75305e-06
 Reference value :  5.75410e-06
 Reference value :  5.75515e-06
 Reference value :  5.75621e-06
 Reference value :  5.75728e-06
 Reference value :  5.75834e-06
 Reference value :  5.75939e-06
 Reference value :  5.76044e-06
 Reference value :  5.76147e-06
 Reference value :  5.76261e-06
 Reference value :  5.76376e-06
 Reference value :  5.76488e-06
 Reference value :  5.76601e-06
 Reference value :  5.76715e-06
 Reference value :  5.76826e-06
 Reference value :  5.76937e-06
 Reference value :  5.77050e-06
 Reference value :  5.77164e-06
 Reference value :  5.77278e-06
 Reference value :  5.77394e-06
 Reference value :  5.77507e-06
 Reference value :  5.77621e-06
 Reference value :  5.77735e-06
 Reference value :  5.77848e-06
 Reference value :  5.77963e-06
 Reference value :  5.78078e-06
 Reference value :  5.78193e-06
 Reference value :  5.78306e-06
 Reference value :  5.78422e-06
 Reference value :  5.78533e-06
 Reference value :  5.78638e-06
 Reference value :  5.78741e-06
 Reference value :  5.78844e-06
 Reference value :  5.78949e-06
 Reference value :  5.79064e-06
 Reference value :  5.79179e-06
 Reference value :  5.79292e-06
 Reference value :  5.79405e-06
 Reference value :  5.79517e-06
 Reference value :  5.79625e-06
 Reference value :  5.79727e-06
 Reference value :  5.79824e-06
 Reference value :  5.79929e-06
 Reference value :  5.80034e-06
 Reference value :  5.80139e-06
 Reference value :  5.80246e-06
 Reference value :  5.80350e-06
 Reference value :  5.80455e-06
 Reference value :  5.80562e-06
 Reference value :  5.80667e-06
 Reference value :  5.80772e-06
 Reference value :  5.80877e-06
 Reference value :  5.80983e-06
 Reference value :  5.81090e-06
 Reference value :  5.81193e-06
 Reference value :  5.81298e-06
 Reference value :  5.81404e-06
 Reference value :  5.81509e-06
 Reference value :  5.81616e-06
 Reference value :  5.81722e-06
 Reference value :  5.81829e-06
 Reference value :  5.81935e-06
 Reference value :  5.82042e-06
 Reference value :  5.82146e-06
 Reference value :  5.82251e-06
 Reference value :  5.82358e-06
 Reference value :  5.82464e-06
 Reference value :  5.82568e-06
 Reference value :  5.82674e-06
 Reference value :  5.82781e-06
 Reference value :  5.82887e-06
 Reference value :  5.82992e-06
 Reference value :  5.83097e-06
 Reference value :  5.83202e-06
 Reference value :  5.83308e-06
 Reference value :  5.83413e-06
 Reference value :  5.83521e-06
 Reference value :  5.83628e-06
 Reference value :  5.83734e-06
 Reference value :  5.83839e-06
 Reference value :  5.83946e-06
 Reference value :  5.84052e-06
 Reference value :  5.84155e-06
 Reference value :  5.84260e-06
 Reference value :  5.84367e-06
 Reference value :  5.84473e-06
 Reference value :  5.84580e-06
 Reference value :  5.84685e-06
 Reference value :  5.84791e-06
 Reference value :  5.84898e-06
 Reference value :  5.85000e-06
 Reference value :  5.85103e-06
 Reference value :  5.85209e-06
 Reference value :  5.85316e-06
 Reference value :  5.85421e-06
 Reference value :  5.85524e-06
 Reference value :  5.85628e-06
 Reference value :  5.85732e-06
 Reference value :  5.85837e-06
 Reference value :  5.85942e-06
 Reference value :  5.86047e-06
 Reference value :  5.86154e-06
 Reference value :  5.86259e-06
 Reference value :  5.86364e-06
 Reference value :  5.86468e-06
 Reference value :  5.86573e-06
 Reference value :  5.86680e-06
 Reference value :  5.86786e-06
 Reference value :  5.86893e-06
 Reference value :  5.86998e-06
 Reference value :  5.87104e-06
 Reference value :  5.87209e-06
 Reference value :  5.87316e-06
 Reference value :  5.87422e-06
 Reference value :  5.87528e-06
 Reference value :  5.87635e-06
 Reference value :  5.87741e-06
 Reference value :  5.87848e-06
 Reference value :  5.87953e-06
 Reference value :  5.88058e-06
 Reference value :  5.88163e-06
 Reference value :  5.88269e-06
 Reference value :  5.88373e-06
 Reference value :  5.88479e-06
 Reference value :  5.88587e-06
 Reference value :  5.88693e-06
 Reference value :  5.88798e-06
 Reference value :  5.88902e-06
 Reference value :  5.89007e-06
 Reference value :  5.89112e-06
 Reference value :  5.89217e-06
 Reference value :  5.89320e-06
 Reference value :  5.89425e-06
 Reference value :  5.89530e-06
 Reference value :  5.89635e-06
 Reference value :  5.89738e-06
 Reference value :  5.89841e-06
 Reference value :  5.89946e-06
 Reference value :  5.90051e-06
 Reference value :  5.90156e-06
 Reference value :  5.90261e-06
 Reference value :  5.90366e-06
 Reference value :  5.90473e-06
 Reference value :  5.90579e-06
 Reference value :  5.90685e-06
 Reference value :  5.90792e-06
 Reference value :  5.90898e-06
 Reference value :  5.91003e-06
 Reference value :  5.91110e-06
 Reference value :  5.91216e-06
 Reference value :  5.91323e-06
 Reference value :  5.91428e-06
 Reference value :  5.91534e-06
 Reference value :  5.91641e-06
 Reference value :  5.91745e-06
 Reference value :  5.91852e-06
 Reference value :  5.91957e-06
 Reference value :  5.92062e-06
 Reference value :  5.92165e-06
 Reference value :  5.92267e-06
 Reference value :  5.92369e-06
 Reference value :  5.92472e-06
 Reference value :  5.92574e-06
No. of Data Rows : 384070
vhold_min           =  1.20000e+00 at=  4.36360e-10
tfirst              =  2.38267e-08
t1                  =  3.79597e-07
t2                  =  3.89083e-07
t3                  =  3.98569e-07
t4                  =  4.08055e-07
t5                  =  4.17541e-07
t6                  =  4.27028e-07
t7                  =  4.36514e-07
t8                  =  4.46000e-07
t9                  =  4.55486e-07
t10                 =  4.64973e-07
t11                 =  4.74459e-07
t12                 =  4.83945e-07
idd_run             =  -3.41354e-04 from=  3.70400e-07 to=  5.92600e-06
vmax                =  1.20681e+00 at=  7.63511e-07
vmin                =  -4.42328e-03 at=  9.67496e-07
Note: Simulation executed from .control section 
Warning: m=xx on .subckt line will override multiplier m hierarchy!

Note: Starting dynamic gmin stepping
Note: Dynamic gmin stepping completed
Error: &v(xdut.vbp): no such variable.
Error: &v(xdut.vbn): no such variable.
Note: Starting dynamic gmin stepping
Note: Dynamic gmin stepping completed
