
Note: No compatibility mode selected!


Circuit: * tt_analog_ring, code 128

Doing analysis at TEMP = 27.000000 and TNOM = 27.000000

Using SPARSE 1.3 as Direct Linear Solver
 Reference value :  0.00000e+00
No. of Data Rows : 1
idd_dis=0.000329709 vbp= vbn= clk_dis=1.2
Doing analysis at TEMP = 27.000000 and TNOM = 27.000000

Using SPARSE 1.3 as Direct Linear Solver

Initial Transient Solution
--------------------------

Node                                   Voltage
----                                   -------
vpwr                                       1.2
code[0]                                      0
code[1]                                      0
code[2]                                      0
code[3]                                      0
code[4]                                      0
code[5]                                      0
code[6]                                      0
code[7]                                    1.2
enable                                       0
vbp                                   0.557076
vbn                                   0.501129
xdut.n0                            1.87426e-07
xdut.p0                                    1.2
xdut.na0                                1.0259
xdut.s0                                    1.2
xdut.s10                                   1.2
xdut.n1                            6.11551e-07
xdut.p1                                    1.2
xdut.s1                             7.0195e-07
xdut.n2                             9.2223e-08
xdut.p2                                    1.2
xdut.s2                                    1.2
xdut.n3                             6.1155e-07
xdut.p3                                    1.2
xdut.s3                            7.01948e-07
xdut.n4                             9.2223e-08
xdut.p4                                    1.2
xdut.s4                                    1.2
xdut.n5                             6.1155e-07
xdut.p5                                    1.2
xdut.s5                            7.01948e-07
xdut.n6                             9.2223e-08
xdut.p6                                    1.2
xdut.s6                                    1.2
xdut.n7                             6.1155e-07
xdut.p7                                    1.2
xdut.s7                            7.01948e-07
xdut.n8                             9.2223e-08
xdut.p8                                    1.2
xdut.s8                                    1.2
xdut.n9                             6.1155e-07
xdut.p9                                    1.2
xdut.s9                            7.01948e-07
xdut.n10                            9.2223e-08
xdut.p10                                   1.2
xdut.b1                            1.55518e-07
clk_out                                    1.2
ven#branch                         7.40123e-12
vc7#branch                        -5.85964e-08
vc6#branch                         8.60845e-13
vc5#branch                         4.30422e-13
vc4#branch                         2.15211e-13
vc3#branch                         1.07606e-13
vc2#branch                         5.38028e-14
vc1#branch                         2.69014e-14
vc0#branch                         1.34507e-14
vdd#branch                        -0.000329709

 Reference value :  0.00000e+00
 Reference value :  2.79936e-10
 Reference value :  6.11724e-10
 Reference value :  9.28080e-10
 Reference value :  1.24444e-09
 Reference value :  1.56851e-09
 Reference value :  1.90030e-09
 Reference value :  2.22437e-09
 Reference value :  2.54844e-09
 Reference value :  2.87251e-09
 Reference value :  3.18887e-09
 Reference value :  3.50522e-09
 Reference value :  3.83701e-09
 Reference value :  4.16108e-09
 Reference value :  4.49287e-09
 Reference value :  4.82466e-09
 Reference value :  5.14873e-09
 Reference value :  5.48052e-09
 Reference value :  5.80459e-09
 Reference value :  6.13638e-09
 Reference value :  6.47588e-09
 Reference value :  6.79996e-09
 Reference value :  7.13174e-09
 Reference value :  7.46353e-09
 Reference value :  7.80304e-09
 Reference value :  8.11939e-09
 Reference value :  8.45890e-09
 Reference value :  8.78297e-09
 Reference value :  9.10704e-09
 Reference value :  9.35337e-09
 Reference value :  9.56347e-09
 Reference value :  9.78724e-09
 Reference value :  1.00110e-08
 Reference value :  1.02502e-08
 Reference value :  1.04740e-08
 Reference value :  1.06977e-08
 Reference value :  1.09215e-08
 Reference value :  1.11530e-08
 Reference value :  1.13613e-08
 Reference value :  1.15928e-08
 Reference value :  1.18088e-08
 Reference value :  1.20326e-08
 Reference value :  1.22486e-08
 Reference value :  1.24724e-08
 Reference value :  1.26962e-08
 Reference value :  1.29199e-08
 Reference value :  1.31437e-08
 Reference value :  1.33597e-08
 Reference value :  1.35758e-08
 Reference value :  1.38073e-08
 Reference value :  1.40310e-08
 Reference value :  1.42548e-08
 Reference value :  1.44786e-08
 Reference value :  1.47023e-08
 Reference value :  1.49184e-08
 Reference value :  1.51421e-08
 Reference value :  1.53659e-08
 Reference value :  1.55897e-08
 Reference value :  1.58211e-08
 Reference value :  1.60295e-08
 Reference value :  1.62455e-08
 Reference value :  1.64616e-08
 Reference value :  1.66776e-08
 Reference value :  1.69014e-08
 Reference value :  1.71252e-08
 Reference value :  1.73489e-08
 Reference value :  1.75727e-08
 Reference value :  1.77964e-08
 Reference value :  1.80202e-08
 Reference value :  1.82440e-08
 Reference value :  1.84677e-08
 Reference value :  1.86915e-08
 Reference value :  1.89153e-08
 Reference value :  1.91390e-08
 Reference value :  1.93628e-08
 Reference value :  1.95788e-08
 Reference value :  1.97949e-08
 Reference value :  2.00187e-08
 Reference value :  2.02347e-08
 Reference value :  2.04585e-08
 Reference value :  2.06745e-08
 Reference value :  2.08983e-08
 Reference value :  2.11220e-08
 Reference value :  2.13458e-08
 Reference value :  2.15773e-08
 Reference value :  2.18011e-08
 Reference value :  2.20171e-08
 Reference value :  2.22409e-08
 Reference value :  2.24646e-08
 Reference value :  2.26807e-08
 Reference value :  2.29044e-08
 Reference value :  2.31282e-08
 Reference value :  2.33443e-08
 Reference value :  2.35603e-08
 Reference value :  2.37686e-08
 Reference value :  2.39847e-08
 Reference value :  2.42007e-08
 Reference value :  2.44245e-08
 Reference value :  2.46560e-08
 Reference value :  2.48797e-08
 Reference value :  2.51035e-08
 Reference value :  2.53273e-08
 Reference value :  2.55587e-08
 Reference value :  2.57748e-08
 Reference value :  2.59831e-08
 Reference value :  2.61992e-08
 Reference value :  2.64152e-08
 Reference value :  2.66313e-08
 Reference value :  2.68627e-08
 Reference value :  2.70865e-08
 Reference value :  2.73180e-08
 Reference value :  2.75418e-08
 Reference value :  2.77655e-08
 Reference value :  2.79893e-08
 Reference value :  2.82130e-08
 Reference value :  2.84368e-08
 Reference value :  2.86529e-08
 Reference value :  2.88766e-08
 Reference value :  2.91004e-08
 Reference value :  2.93242e-08
 Reference value :  2.95402e-08
 Reference value :  2.97562e-08
 Reference value :  2.99800e-08
 Reference value :  3.01961e-08
 Reference value :  3.04121e-08
 Reference value :  3.06282e-08
 Reference value :  3.08442e-08
 Reference value :  3.10680e-08
 Reference value :  3.12917e-08
 Reference value :  3.15155e-08
 Reference value :  3.17393e-08
 Reference value :  3.19630e-08
 Reference value :  3.21868e-08
 Reference value :  3.24106e-08
 Reference value :  3.26343e-08
 Reference value :  3.28504e-08
 Reference value :  3.30664e-08
 Reference value :  3.32902e-08
 Reference value :  3.35062e-08
 Reference value :  3.37146e-08
 Reference value :  3.39306e-08
 Reference value :  3.41621e-08
 Reference value :  3.43858e-08
 Reference value :  3.46019e-08
 Reference value :  3.48257e-08
 Reference value :  3.50417e-08
 Reference value :  3.52578e-08
 Reference value :  3.54738e-08
 Reference value :  3.57053e-08
 Reference value :  3.59290e-08
 Reference value :  3.61605e-08
 Reference value :  3.63766e-08
 Reference value :  3.65926e-08
 Reference value :  3.68241e-08
 Reference value :  3.70479e-08
 Reference value :  3.72639e-08
 Reference value :  3.74877e-08
 Reference value :  3.77114e-08
 Reference value :  3.79352e-08
 Reference value :  3.81590e-08
 Reference value :  3.83827e-08
 Reference value :  3.86065e-08
 Reference value :  3.88303e-08
 Reference value :  3.90617e-08
 Reference value :  3.92855e-08
 Reference value :  3.95170e-08
 Reference value :  3.97330e-08
 Reference value :  3.99568e-08
 Reference value :  4.01806e-08
 Reference value :  4.04043e-08
 Reference value :  4.06204e-08
 Reference value :  4.08519e-08
 Reference value :  4.10756e-08
 Reference value :  4.12994e-08
 Reference value :  4.15154e-08
 Reference value :  4.17315e-08
 Reference value :  4.19475e-08
 Reference value :  4.21636e-08
 Reference value :  4.23873e-08
 Reference value :  4.26034e-08
 Reference value :  4.28194e-08
 Reference value :  4.30355e-08
 Reference value :  4.32670e-08
 Reference value :  4.34984e-08
 Reference value :  4.37145e-08
 Reference value :  4.39460e-08
 Reference value :  4.41774e-08
 Reference value :  4.44012e-08
 Reference value :  4.46250e-08
 Reference value :  4.48410e-08
 Reference value :  4.50571e-08
 Reference value :  4.52731e-08
 Reference value :  4.54969e-08
 Reference value :  4.57206e-08
 Reference value :  4.59444e-08
 Reference value :  4.61605e-08
 Reference value :  4.63688e-08
 Reference value :  4.65848e-08
 Reference value :  4.68009e-08
 Reference value :  4.70169e-08
 Reference value :  4.72407e-08
 Reference value :  4.74567e-08
 Reference value :  4.76805e-08
 Reference value :  4.79043e-08
 Reference value :  4.81280e-08
 Reference value :  4.83441e-08
 Reference value :  4.85679e-08
 Reference value :  4.87916e-08
 Reference value :  4.90231e-08
 Reference value :  4.92391e-08
 Reference value :  4.94552e-08
 Reference value :  4.96867e-08
 Reference value :  4.99104e-08
 Reference value :  5.01342e-08
 Reference value :  5.03580e-08
 Reference value :  5.05740e-08
 Reference value :  5.07823e-08
 Reference value :  5.10138e-08
 Reference value :  5.12453e-08
 Reference value :  5.14691e-08
 Reference value :  5.16928e-08
 Reference value :  5.19166e-08
 Reference value :  5.21404e-08
 Reference value :  5.23564e-08
 Reference value :  5.25802e-08
 Reference value :  5.28039e-08
 Reference value :  5.30277e-08
 Reference value :  5.32515e-08
 Reference value :  5.34752e-08
 Reference value :  5.36913e-08
 Reference value :  5.39073e-08
 Reference value :  5.41311e-08
 Reference value :  5.43549e-08
 Reference value :  5.45786e-08
 Reference value :  5.48024e-08
 Reference value :  5.50261e-08
 Reference value :  5.52422e-08
 Reference value :  5.54582e-08
 Reference value :  5.56743e-08
 Reference value :  5.59058e-08
 Reference value :  5.61295e-08
 Reference value :  5.63610e-08
 Reference value :  5.65848e-08
 Reference value :  5.68008e-08
 Reference value :  5.70246e-08
 Reference value :  5.72484e-08
 Reference value :  5.74644e-08
 Reference value :  5.76804e-08
 Reference value :  5.79042e-08
 Reference value :  5.81280e-08
 Reference value :  5.83517e-08
 Reference value :  5.85755e-08
 Reference value :  5.87993e-08
 Reference value :  5.90230e-08
 Reference value :  5.92391e-08
 Reference value :  5.94474e-08
 Reference value :  5.96635e-08
 Reference value :  5.98872e-08
 Reference value :  6.01110e-08
 Reference value :  6.03348e-08
 Reference value :  6.05585e-08
 Reference value :  6.07823e-08
 Reference value :  6.10060e-08
 Reference value :  6.12298e-08
 Reference value :  6.14536e-08
 Reference value :  6.16773e-08
 Reference value :  6.19011e-08
 Reference value :  6.21249e-08
 Reference value :  6.23486e-08
 Reference value :  6.25724e-08
 Reference value :  6.27884e-08
 Reference value :  6.30122e-08
 Reference value :  6.32283e-08
 Reference value :  6.34520e-08
 Reference value :  6.36758e-08
 Reference value :  6.39073e-08
 Reference value :  6.41310e-08
 Reference value :  6.43548e-08
 Reference value :  6.45786e-08
 Reference value :  6.48023e-08
 Reference value :  6.50184e-08
 Reference value :  6.52421e-08
 Reference value :  6.54736e-08
 Reference value :  6.56897e-08
 Reference value :  6.58980e-08
 Reference value :  6.61218e-08
 Reference value :  6.63378e-08
 Reference value :  6.65538e-08
 Reference value :  6.67776e-08
 Reference value :  6.70014e-08
 Reference value :  6.72174e-08
 Reference value :  6.74335e-08
 Reference value :  6.76572e-08
 Reference value :  6.78810e-08
 Reference value :  6.81048e-08
 Reference value :  6.83362e-08
 Reference value :  6.85600e-08
 Reference value :  6.87761e-08
 Reference value :  6.89998e-08
 Reference value :  6.92236e-08
 Reference value :  6.94473e-08
 Reference value :  6.96711e-08
 Reference value :  6.99026e-08
 Reference value :  7.01341e-08
 Reference value :  7.03501e-08
 Reference value :  7.05739e-08
 Reference value :  7.07976e-08
 Reference value :  7.10060e-08
 Reference value :  7.12220e-08
 Reference value :  7.14458e-08
 Reference value :  7.16696e-08
 Reference value :  7.18856e-08
 Reference value :  7.21094e-08
 Reference value :  7.23331e-08
 Reference value :  7.25569e-08
 Reference value :  7.27807e-08
 Reference value :  7.30044e-08
 Reference value :  7.32205e-08
 Reference value :  7.34365e-08
 Reference value :  7.36526e-08
 Reference value :  7.38686e-08
 Reference value :  7.40924e-08
 Reference value :  7.43239e-08
 Reference value :  7.45476e-08
 Reference value :  7.47714e-08
 Reference value :  7.49874e-08
 Reference value :  7.52112e-08
 Reference value :  7.54272e-08
 Reference value :  7.56433e-08
 Reference value :  7.58593e-08
 Reference value :  7.60754e-08
 Reference value :  7.62914e-08
 Reference value :  7.65152e-08
 Reference value :  7.67390e-08
 Reference value :  7.69627e-08
 Reference value :  7.71865e-08
 Reference value :  7.74103e-08
 Reference value :  7.76263e-08
 Reference value :  7.78501e-08
 Reference value :  7.80661e-08
 Reference value :  7.82745e-08
 Reference value :  7.84905e-08
 Reference value :  7.87065e-08
 Reference value :  7.89226e-08
 Reference value :  7.91464e-08
 Reference value :  7.93701e-08
 Reference value :  7.95939e-08
 Reference value :  7.98177e-08
 Reference value :  8.00337e-08
 Reference value :  8.02575e-08
 Reference value :  8.04812e-08
 Reference value :  8.07127e-08
 Reference value :  8.09365e-08
 Reference value :  8.11680e-08
 Reference value :  8.13840e-08
 Reference value :  8.16078e-08
 Reference value :  8.18238e-08
 Reference value :  8.20553e-08
 Reference value :  8.22791e-08
 Reference value :  8.25028e-08
 Reference value :  8.27266e-08
 Reference value :  8.29426e-08
 Reference value :  8.31587e-08
 Reference value :  8.33747e-08
 Reference value :  8.35985e-08
 Reference value :  8.38223e-08
 Reference value :  8.40460e-08
 Reference value :  8.42698e-08
 Reference value :  8.44858e-08
 Reference value :  8.47019e-08
 Reference value :  8.49179e-08
 Reference value :  8.51417e-08
 Reference value :  8.53577e-08
 Reference value :  8.55815e-08
 Reference value :  8.58053e-08
 Reference value :  8.60290e-08
 Reference value :  8.62451e-08
 Reference value :  8.64611e-08
 Reference value :  8.66772e-08
 Reference value :  8.68932e-08
 Reference value :  8.71093e-08
 Reference value :  8.73253e-08
 Reference value :  8.75414e-08
 Reference value :  8.77574e-08
 Reference value :  8.79812e-08
 Reference value :  8.82049e-08
 Reference value :  8.84287e-08
 Reference value :  8.86525e-08
 Reference value :  8.88762e-08
 Reference value :  8.90923e-08
 Reference value :  8.93083e-08
 Reference value :  8.95398e-08
 Reference value :  8.97636e-08
 Reference value :  8.99873e-08
 Reference value :  9.02111e-08
 Reference value :  9.04272e-08
 Reference value :  9.06509e-08
 Reference value :  9.08670e-08
 Reference value :  9.10830e-08
 Reference value :  9.12913e-08
 Reference value :  9.15074e-08
 Reference value :  9.17312e-08
 Reference value :  9.19549e-08
 Reference value :  9.21787e-08
 Reference value :  9.23947e-08
 Reference value :  9.26185e-08
 Reference value :  9.28423e-08
 Reference value :  9.30583e-08
 Reference value :  9.32744e-08
 Reference value :  9.34827e-08
 Reference value :  9.37065e-08
 Reference value :  9.39225e-08
 Reference value :  9.41463e-08
 Reference value :  9.43700e-08
 Reference value :  9.45938e-08
 Reference value :  9.48176e-08
 Reference value :  9.50490e-08
 Reference value :  9.52805e-08
 Reference value :  9.55043e-08
 Reference value :  9.57203e-08
 Reference value :  9.59518e-08
 Reference value :  9.61756e-08
 Reference value :  9.63916e-08
 Reference value :  9.66077e-08
 Reference value :  9.68314e-08
 Reference value :  9.70552e-08
 Reference value :  9.72712e-08
 Reference value :  9.74950e-08
 Reference value :  9.77188e-08
 Reference value :  9.79425e-08
 Reference value :  9.81586e-08
 Reference value :  9.83901e-08
 Reference value :  9.86061e-08
 Reference value :  9.88222e-08
 Reference value :  9.90382e-08
 Reference value :  9.92620e-08
 Reference value :  9.94857e-08
 Reference value :  9.97018e-08
 Reference value :  9.99255e-08
 Reference value :  1.00142e-07
 Reference value :  1.00365e-07
 Reference value :  1.00581e-07
 Reference value :  1.00805e-07
 Reference value :  1.01029e-07
 Reference value :  1.01245e-07
 Reference value :  1.01461e-07
 Reference value :  1.01685e-07
 Reference value :  1.01909e-07
 Reference value :  1.02132e-07
 Reference value :  1.02356e-07
 Reference value :  1.02572e-07
 Reference value :  1.02788e-07
 Reference value :  1.03020e-07
 Reference value :  1.03243e-07
 Reference value :  1.03467e-07
 Reference value :  1.03683e-07
 Reference value :  1.03907e-07
 Reference value :  1.04138e-07
 Reference value :  1.04355e-07
 Reference value :  1.04578e-07
 Reference value :  1.04802e-07
 Reference value :  1.05026e-07
 Reference value :  1.05250e-07
 Reference value :  1.05473e-07
 Reference value :  1.05697e-07
 Reference value :  1.05913e-07
 Reference value :  1.06129e-07
 Reference value :  1.06345e-07
 Reference value :  1.06554e-07
 Reference value :  1.06777e-07
 Reference value :  1.07009e-07
 Reference value :  1.07240e-07
 Reference value :  1.07464e-07
 Reference value :  1.07688e-07
 Reference value :  1.07912e-07
 Reference value :  1.08135e-07
 Reference value :  1.08351e-07
 Reference value :  1.08575e-07
 Reference value :  1.08791e-07
 Reference value :  1.09015e-07
 Reference value :  1.09239e-07
 Reference value :  1.09463e-07
 Reference value :  1.09686e-07
 Reference value :  1.09902e-07
 Reference value :  1.10118e-07
 Reference value :  1.10342e-07
 Reference value :  1.10566e-07
 Reference value :  1.10790e-07
 Reference value :  1.11013e-07
 Reference value :  1.11237e-07
 Reference value :  1.11453e-07
 Reference value :  1.11677e-07
 Reference value :  1.11901e-07
 Reference value :  1.12125e-07
 Reference value :  1.12348e-07
 Reference value :  1.12564e-07
 Reference value :  1.12780e-07
 Reference value :  1.13004e-07
 Reference value :  1.13220e-07
 Reference value :  1.13436e-07
 Reference value :  1.13645e-07
 Reference value :  1.13861e-07
 Reference value :  1.14084e-07
 Reference value :  1.14308e-07
 Reference value :  1.14532e-07
 Reference value :  1.14756e-07
 Reference value :  1.14979e-07
 Reference value :  1.15203e-07
 Reference value :  1.15419e-07
 Reference value :  1.15643e-07
 Reference value :  1.15867e-07
 Reference value :  1.16091e-07
 Reference value :  1.16314e-07
 Reference value :  1.16538e-07
 Reference value :  1.16754e-07
 Reference value :  1.16978e-07
 Reference value :  1.17194e-07
 Reference value :  1.17418e-07
 Reference value :  1.17641e-07
 Reference value :  1.17858e-07
 Reference value :  1.18074e-07
 Reference value :  1.18290e-07
 Reference value :  1.18506e-07
 Reference value :  1.18722e-07
 Reference value :  1.18945e-07
 Reference value :  1.19169e-07
 Reference value :  1.19385e-07
 Reference value :  1.19601e-07
 Reference value :  1.19833e-07
 Reference value :  1.20057e-07
 Reference value :  1.20280e-07
 Reference value :  1.20504e-07
 Reference value :  1.20728e-07
 Reference value :  1.20952e-07
 Reference value :  1.21183e-07
 Reference value :  1.21407e-07
 Reference value :  1.21638e-07
 Reference value :  1.21854e-07
 Reference value :  1.22070e-07
 Reference value :  1.22294e-07
 Reference value :  1.22518e-07
 Reference value :  1.22742e-07
 Reference value :  1.22966e-07
 Reference value :  1.23189e-07
 Reference value :  1.23413e-07
 Reference value :  1.23637e-07
 Reference value :  1.23861e-07
 Reference value :  1.24084e-07
 Reference value :  1.24308e-07
 Reference value :  1.24532e-07
 Reference value :  1.24756e-07
 Reference value :  1.24979e-07
 Reference value :  1.25203e-07
 Reference value :  1.25427e-07
 Reference value :  1.25658e-07
 Reference value :  1.25882e-07
 Reference value :  1.26106e-07
 Reference value :  1.26330e-07
 Reference value :  1.26553e-07
 Reference value :  1.26770e-07
 Reference value :  1.26993e-07
 Reference value :  1.27217e-07
 Reference value :  1.27441e-07
 Reference value :  1.27665e-07
 Reference value :  1.27888e-07
 Reference value :  1.28112e-07
 Reference value :  1.28336e-07
 Reference value :  1.28560e-07
 Reference value :  1.28783e-07
 Reference value :  1.29007e-07
 Reference value :  1.29223e-07
 Reference value :  1.29447e-07
 Reference value :  1.29671e-07
 Reference value :  1.29894e-07
 Reference value :  1.30126e-07
 Reference value :  1.30342e-07
 Reference value :  1.30566e-07
 Reference value :  1.30790e-07
 Reference value :  1.31013e-07
 Reference value :  1.31237e-07
 Reference value :  1.31453e-07
 Reference value :  1.31669e-07
 Reference value :  1.31893e-07
 Reference value :  1.32117e-07
 Reference value :  1.32340e-07
 Reference value :  1.32564e-07
 Reference value :  1.32796e-07
 Reference value :  1.33019e-07
 Reference value :  1.33243e-07
 Reference value :  1.33467e-07
 Reference value :  1.33691e-07
 Reference value :  1.33915e-07
 Reference value :  1.34146e-07
 Reference value :  1.34377e-07
 Reference value :  1.34601e-07
 Reference value :  1.34825e-07
 Reference value :  1.35056e-07
 Reference value :  1.35280e-07
 Reference value :  1.35504e-07
 Reference value :  1.35728e-07
 Reference value :  1.35944e-07
 Reference value :  1.36168e-07
 Reference value :  1.36391e-07
 Reference value :  1.36615e-07
 Reference value :  1.36839e-07
 Reference value :  1.37063e-07
 Reference value :  1.37286e-07
 Reference value :  1.37502e-07
 Reference value :  1.37726e-07
 Reference value :  1.37950e-07
 Reference value :  1.38166e-07
 Reference value :  1.38398e-07
 Reference value :  1.38621e-07
 Reference value :  1.38853e-07
 Reference value :  1.39069e-07
 Reference value :  1.39293e-07
 Reference value :  1.39516e-07
 Reference value :  1.39748e-07
 Reference value :  1.39972e-07
 Reference value :  1.40188e-07
 Reference value :  1.40411e-07
 Reference value :  1.40627e-07
 Reference value :  1.40851e-07
 Reference value :  1.41075e-07
 Reference value :  1.41299e-07
 Reference value :  1.41523e-07
 Reference value :  1.41746e-07
 Reference value :  1.41970e-07
 Reference value :  1.42194e-07
 Reference value :  1.42418e-07
 Reference value :  1.42641e-07
 Reference value :  1.42857e-07
 Reference value :  1.43081e-07
 Reference value :  1.43297e-07
 Reference value :  1.43513e-07
 Reference value :  1.43737e-07
 Reference value :  1.43953e-07
 Reference value :  1.44169e-07
 Reference value :  1.44393e-07
 Reference value :  1.44609e-07
 Reference value :  1.44825e-07
 Reference value :  1.45049e-07
 Reference value :  1.45265e-07
 Reference value :  1.45481e-07
 Reference value :  1.45697e-07
 Reference value :  1.45905e-07
 Reference value :  1.46114e-07
 Reference value :  1.46330e-07
 Reference value :  1.46553e-07
 Reference value :  1.46777e-07
 Reference value :  1.46993e-07
 Reference value :  1.47225e-07
 Reference value :  1.47448e-07
 Reference value :  1.47672e-07
 Reference value :  1.47888e-07
 Reference value :  1.48112e-07
 Reference value :  1.48336e-07
 Reference value :  1.48559e-07
 Reference value :  1.48783e-07
 Reference value :  1.49007e-07
 Reference value :  1.49231e-07
 Reference value :  1.49455e-07
 Reference value :  1.49678e-07
 Reference value :  1.49894e-07
 Reference value :  1.50110e-07
 Reference value :  1.50326e-07
 Reference value :  1.50550e-07
 Reference value :  1.50774e-07
 Reference value :  1.50990e-07
 Reference value :  1.51214e-07
 Reference value :  1.51430e-07
 Reference value :  1.51646e-07
 Reference value :  1.51862e-07
 Reference value :  1.52093e-07
 Reference value :  1.52317e-07
 Reference value :  1.52541e-07
 Reference value :  1.52765e-07
 Reference value :  1.52988e-07
 Reference value :  1.53212e-07
 Reference value :  1.53436e-07
 Reference value :  1.53660e-07
 Reference value :  1.53876e-07
 Reference value :  1.54100e-07
 Reference value :  1.54316e-07
 Reference value :  1.54539e-07
 Reference value :  1.54771e-07
 Reference value :  1.54995e-07
 Reference value :  1.55218e-07
 Reference value :  1.55442e-07
 Reference value :  1.55666e-07
 Reference value :  1.55890e-07
 Reference value :  1.56106e-07
 Reference value :  1.56330e-07
 Reference value :  1.56546e-07
 Reference value :  1.56762e-07
 Reference value :  1.56985e-07
 Reference value :  1.57217e-07
 Reference value :  1.57433e-07
 Reference value :  1.57664e-07
 Reference value :  1.57880e-07
 Reference value :  1.58104e-07
 Reference value :  1.58328e-07
 Reference value :  1.58552e-07
 Reference value :  1.58768e-07
 Reference value :  1.58992e-07
 Reference value :  1.59223e-07
 Reference value :  1.59447e-07
 Reference value :  1.59678e-07
 Reference value :  1.59902e-07
 Reference value :  1.60126e-07
 Reference value :  1.60350e-07
 Reference value :  1.60566e-07
 Reference value :  1.60789e-07
 Reference value :  1.61005e-07
 Reference value :  1.61229e-07
 Reference value :  1.61445e-07
 Reference value :  1.61669e-07
 Reference value :  1.61885e-07
 Reference value :  1.62101e-07
 Reference value :  1.62325e-07
 Reference value :  1.62541e-07
 Reference value :  1.62765e-07
 Reference value :  1.62981e-07
 Reference value :  1.63204e-07
 Reference value :  1.63428e-07
 Reference value :  1.63644e-07
 Reference value :  1.63868e-07
 Reference value :  1.64084e-07
 Reference value :  1.64316e-07
 Reference value :  1.64539e-07
 Reference value :  1.64763e-07
 Reference value :  1.64979e-07
 Reference value :  1.65203e-07
 Reference value :  1.65427e-07
 Reference value :  1.65643e-07
 Reference value :  1.65866e-07
 Reference value :  1.66098e-07
 Reference value :  1.66314e-07
 Reference value :  1.66538e-07
 Reference value :  1.66762e-07
 Reference value :  1.66985e-07
 Reference value :  1.67209e-07
 Reference value :  1.67433e-07
 Reference value :  1.67657e-07
 Reference value :  1.67880e-07
 Reference value :  1.68096e-07
 Reference value :  1.68312e-07
 Reference value :  1.68536e-07
 Reference value :  1.68760e-07
 Reference value :  1.68984e-07
 Reference value :  1.69200e-07
 Reference value :  1.69424e-07
 Reference value :  1.69647e-07
 Reference value :  1.69863e-07
 Reference value :  1.70087e-07
 Reference value :  1.70319e-07
 Reference value :  1.70535e-07
 Reference value :  1.70758e-07
 Reference value :  1.70974e-07
 Reference value :  1.71206e-07
 Reference value :  1.71422e-07
 Reference value :  1.71646e-07
 Reference value :  1.71877e-07
 Reference value :  1.72101e-07
 Reference value :  1.72317e-07
 Reference value :  1.72541e-07
 Reference value :  1.72765e-07
 Reference value :  1.72981e-07
 Reference value :  1.73204e-07
 Reference value :  1.73428e-07
 Reference value :  1.73652e-07
 Reference value :  1.73876e-07
 Reference value :  1.74099e-07
 Reference value :  1.74323e-07
 Reference value :  1.74547e-07
 Reference value :  1.74763e-07
 Reference value :  1.74987e-07
 Reference value :  1.75203e-07
 Reference value :  1.75427e-07
 Reference value :  1.75650e-07
 Reference value :  1.75866e-07
 Reference value :  1.76098e-07
 Reference value :  1.76322e-07
 Reference value :  1.76545e-07
 Reference value :  1.76769e-07
 Reference value :  1.76993e-07
 Reference value :  1.77209e-07
 Reference value :  1.77433e-07
 Reference value :  1.77649e-07
 Reference value :  1.77865e-07
 Reference value :  1.78089e-07
 Reference value :  1.78312e-07
 Reference value :  1.78536e-07
 Reference value :  1.78760e-07
 Reference value :  1.78976e-07
 Reference value :  1.79192e-07
 Reference value :  1.79416e-07
 Reference value :  1.79640e-07
 Reference value :  1.79863e-07
 Reference value :  1.80087e-07
 Reference value :  1.80311e-07
 Reference value :  1.80527e-07
 Reference value :  1.80751e-07
 Reference value :  1.80974e-07
 Reference value :  1.81198e-07
 Reference value :  1.81422e-07
 Reference value :  1.81638e-07
 Reference value :  1.81862e-07
 Reference value :  1.82086e-07
 Reference value :  1.82302e-07
 Reference value :  1.82525e-07
 Reference value :  1.82749e-07
 Reference value :  1.82973e-07
 Reference value :  1.83197e-07
 Reference value :  1.83420e-07
 Reference value :  1.83644e-07
 Reference value :  1.83868e-07
 Reference value :  1.84084e-07
 Reference value :  1.84308e-07
 Reference value :  1.84531e-07
 Reference value :  1.84748e-07
 Reference value :  1.84971e-07
 Reference value :  1.85195e-07
 Reference value :  1.85419e-07
 Reference value :  1.85643e-07
 Reference value :  1.85866e-07
 Reference value :  1.86090e-07
 Reference value :  1.86314e-07
 Reference value :  1.86538e-07
 Reference value :  1.86761e-07
 Reference value :  1.86985e-07
 Reference value :  1.87209e-07
 Reference value :  1.87433e-07
 Reference value :  1.87656e-07
 Reference value :  1.87888e-07
 Reference value :  1.88112e-07
 Reference value :  1.88335e-07
 Reference value :  1.88567e-07
 Reference value :  1.88798e-07
 Reference value :  1.89014e-07
 Reference value :  1.89231e-07
 Reference value :  1.89454e-07
 Reference value :  1.89678e-07
 Reference value :  1.89902e-07
 Reference value :  1.90126e-07
 Reference value :  1.90342e-07
 Reference value :  1.90565e-07
 Reference value :  1.90789e-07
 Reference value :  1.91013e-07
 Reference value :  1.91229e-07
 Reference value :  1.91460e-07
 Reference value :  1.91677e-07
 Reference value :  1.91900e-07
 Reference value :  1.92124e-07
 Reference value :  1.92348e-07
 Reference value :  1.92579e-07
 Reference value :  1.92803e-07
 Reference value :  1.93019e-07
 Reference value :  1.93243e-07
 Reference value :  1.93459e-07
 Reference value :  1.93675e-07
 Reference value :  1.93899e-07
 Reference value :  1.94115e-07
 Reference value :  1.94346e-07
 Reference value :  1.94562e-07
 Reference value :  1.94778e-07
 Reference value :  1.95002e-07
 Reference value :  1.95226e-07
 Reference value :  1.95450e-07
 Reference value :  1.95673e-07
 Reference value :  1.95897e-07
 Reference value :  1.96121e-07
 Reference value :  1.96345e-07
 Reference value :  1.96561e-07
 Reference value :  1.96784e-07
 Reference value :  1.97008e-07
 Reference value :  1.97232e-07
 Reference value :  1.97456e-07
 Reference value :  1.97680e-07
 Reference value :  1.97903e-07
 Reference value :  1.98127e-07
 Reference value :  1.98351e-07
 Reference value :  1.98575e-07
 Reference value :  1.98798e-07
 Reference value :  1.99030e-07
 Reference value :  1.99254e-07
 Reference value :  1.99477e-07
 Reference value :  1.99693e-07
 Reference value :  1.99917e-07
 Reference value :  2.00141e-07
 Reference value :  2.00357e-07
 Reference value :  2.00581e-07
 Reference value :  2.00805e-07
 Reference value :  2.01028e-07
 Reference value :  2.01252e-07
 Reference value :  2.01476e-07
 Reference value :  2.01700e-07
 Reference value :  2.01923e-07
 Reference value :  2.02147e-07
 Reference value :  2.02371e-07
 Reference value :  2.02587e-07
 Reference value :  2.02818e-07
 Reference value :  2.03034e-07
 Reference value :  2.03266e-07
 Reference value :  2.03490e-07
 Reference value :  2.03706e-07
 Reference value :  2.03922e-07
 Reference value :  2.04146e-07
 Reference value :  2.04369e-07
 Reference value :  2.04593e-07
 Reference value :  2.04817e-07
 Reference value :  2.05041e-07
 Reference value :  2.05264e-07
 Reference value :  2.05480e-07
 Reference value :  2.05696e-07
 Reference value :  2.05920e-07
 Reference value :  2.06144e-07
 Reference value :  2.06368e-07
 Reference value :  2.06592e-07
 Reference value :  2.06815e-07
 Reference value :  2.07039e-07
 Reference value :  2.07255e-07
 Reference value :  2.07479e-07
 Reference value :  2.07695e-07
 Reference value :  2.07919e-07
 Reference value :  2.08135e-07
 Reference value :  2.08358e-07
 Reference value :  2.08582e-07
 Reference value :  2.08806e-07
 Reference value :  2.09022e-07
 Reference value :  2.09246e-07
 Reference value :  2.09470e-07
 Reference value :  2.09693e-07
 Reference value :  2.09917e-07
 Reference value :  2.10141e-07
 Reference value :  2.10365e-07
 Reference value :  2.10581e-07
 Reference value :  2.10797e-07
 Reference value :  2.11021e-07
 Reference value :  2.11244e-07
 Reference value :  2.11460e-07
 Reference value :  2.11684e-07
 Reference value :  2.11900e-07
 Reference value :  2.12124e-07
 Reference value :  2.12348e-07
 Reference value :  2.12571e-07
 Reference value :  2.12795e-07
 Reference value :  2.13019e-07
 Reference value :  2.13243e-07
 Reference value :  2.13466e-07
 Reference value :  2.13690e-07
 Reference value :  2.13906e-07
 Reference value :  2.14130e-07
 Reference value :  2.14362e-07
 Reference value :  2.14578e-07
 Reference value :  2.14801e-07
 Reference value :  2.15017e-07
 Reference value :  2.15241e-07
 Reference value :  2.15465e-07
 Reference value :  2.15689e-07
 Reference value :  2.15912e-07
 Reference value :  2.16136e-07
 Reference value :  2.16360e-07
 Reference value :  2.16576e-07
 Reference value :  2.16800e-07
 Reference value :  2.17016e-07
 Reference value :  2.17232e-07
 Reference value :  2.17456e-07
 Reference value :  2.17679e-07
 Reference value :  2.17895e-07
 Reference value :  2.18119e-07
 Reference value :  2.18343e-07
 Reference value :  2.18567e-07
 Reference value :  2.18783e-07
 Reference value :  2.19007e-07
 Reference value :  2.19230e-07
 Reference value :  2.19454e-07
 Reference value :  2.19678e-07
 Reference value :  2.19902e-07
 Reference value :  2.20125e-07
 Reference value :  2.20349e-07
 Reference value :  2.20573e-07
 Reference value :  2.20797e-07
 Reference value :  2.21013e-07
 Reference value :  2.21237e-07
 Reference value :  2.21453e-07
 Reference value :  2.21684e-07
 Reference value :  2.21908e-07
 Reference value :  2.22132e-07
 Reference value :  2.22348e-07
 Reference value :  2.22571e-07
 Reference value :  2.22795e-07
 Reference value :  2.23019e-07
 Reference value :  2.23243e-07
 Reference value :  2.23459e-07
 Reference value :  2.23675e-07
 Reference value :  2.23891e-07
 Reference value :  2.24115e-07
 Reference value :  2.24338e-07
 Reference value :  2.24562e-07
 Reference value :  2.24786e-07
 Reference value :  2.25002e-07
 Reference value :  2.25218e-07
 Reference value :  2.25434e-07
 Reference value :  2.25658e-07
 Reference value :  2.25889e-07
 Reference value :  2.26113e-07
 Reference value :  2.26337e-07
 Reference value :  2.26561e-07
 Reference value :  2.26777e-07
 Reference value :  2.27000e-07
 Reference value :  2.27224e-07
 Reference value :  2.27448e-07
 Reference value :  2.27672e-07
 Reference value :  2.27895e-07
 Reference value :  2.28111e-07
 Reference value :  2.28335e-07
 Reference value :  2.28559e-07
 Reference value :  2.28783e-07
 Reference value :  2.29007e-07
 Reference value :  2.29230e-07
 Reference value :  2.29446e-07
 Reference value :  2.29670e-07
 Reference value :  2.29894e-07
 Reference value :  2.30118e-07
 Reference value :  2.30349e-07
 Reference value :  2.30573e-07
 Reference value :  2.30804e-07
 Reference value :  2.31028e-07
 Reference value :  2.31260e-07
 Reference value :  2.31483e-07
 Reference value :  2.31707e-07
 Reference value :  2.31923e-07
 Reference value :  2.32147e-07
 Reference value :  2.32371e-07
 Reference value :  2.32594e-07
 Reference value :  2.32818e-07
 Reference value :  2.33042e-07
 Reference value :  2.33266e-07
 Reference value :  2.33490e-07
 Reference value :  2.33713e-07
 Reference value :  2.33937e-07
 Reference value :  2.34169e-07
 Reference value :  2.34392e-07
 Reference value :  2.34616e-07
 Reference value :  2.34840e-07
 Reference value :  2.35064e-07
 Reference value :  2.35287e-07
 Reference value :  2.35511e-07
 Reference value :  2.35743e-07
 Reference value :  2.35959e-07
 Reference value :  2.36175e-07
 Reference value :  2.36398e-07
 Reference value :  2.36622e-07
 Reference value :  2.36846e-07
 Reference value :  2.37062e-07
 Reference value :  2.37286e-07
 Reference value :  2.37510e-07
 Reference value :  2.37726e-07
 Reference value :  2.37949e-07
 Reference value :  2.38173e-07
 Reference value :  2.38397e-07
 Reference value :  2.38621e-07
 Reference value :  2.38852e-07
 Reference value :  2.39076e-07
 Reference value :  2.39292e-07
 Reference value :  2.39516e-07
 Reference value :  2.39739e-07
 Reference value :  2.39956e-07
 Reference value :  2.40179e-07
 Reference value :  2.40403e-07
 Reference value :  2.40627e-07
 Reference value :  2.40843e-07
 Reference value :  2.41059e-07
 Reference value :  2.41275e-07
 Reference value :  2.41499e-07
 Reference value :  2.41722e-07
 Reference value :  2.41946e-07
 Reference value :  2.42170e-07
 Reference value :  2.42401e-07
 Reference value :  2.42633e-07
 Reference value :  2.42857e-07
 Reference value :  2.43080e-07
 Reference value :  2.43304e-07
 Reference value :  2.43528e-07
 Reference value :  2.43744e-07
 Reference value :  2.43960e-07
 Reference value :  2.44184e-07
 Reference value :  2.44408e-07
 Reference value :  2.44624e-07
 Reference value :  2.44840e-07
 Reference value :  2.45064e-07
 Reference value :  2.45287e-07
 Reference value :  2.45503e-07
 Reference value :  2.45727e-07
 Reference value :  2.45951e-07
 Reference value :  2.46175e-07
 Reference value :  2.46391e-07
 Reference value :  2.46622e-07
 Reference value :  2.46846e-07
 Reference value :  2.47077e-07
 Reference value :  2.47309e-07
 Reference value :  2.47533e-07
 Reference value :  2.47756e-07
 Reference value :  2.47988e-07
 Reference value :  2.48212e-07
 Reference value :  2.48435e-07
 Reference value :  2.48659e-07
 Reference value :  2.48875e-07
 Reference value :  2.49099e-07
 Reference value :  2.49315e-07
 Reference value :  2.49539e-07
 Reference value :  2.49770e-07
 Reference value :  2.49986e-07
 Reference value :  2.50210e-07
 Reference value :  2.50434e-07
 Reference value :  2.50658e-07
 Reference value :  2.50874e-07
 Reference value :  2.51097e-07
 Reference value :  2.51321e-07
 Reference value :  2.51537e-07
 Reference value :  2.51761e-07
 Reference value :  2.51985e-07
 Reference value :  2.52209e-07
 Reference value :  2.52432e-07
 Reference value :  2.52656e-07
 Reference value :  2.52872e-07
 Reference value :  2.53096e-07
 Reference value :  2.53320e-07
 Reference value :  2.53543e-07
 Reference value :  2.53775e-07
 Reference value :  2.53991e-07
 Reference value :  2.54207e-07
 Reference value :  2.54431e-07
 Reference value :  2.54647e-07
 Reference value :  2.54863e-07
 Reference value :  2.55087e-07
 Reference value :  2.55310e-07
 Reference value :  2.55526e-07
 Reference value :  2.55758e-07
 Reference value :  2.55982e-07
 Reference value :  2.56205e-07
 Reference value :  2.56421e-07
 Reference value :  2.56645e-07
 Reference value :  2.56869e-07
 Reference value :  2.57093e-07
 Reference value :  2.57317e-07
 Reference value :  2.57533e-07
 Reference value :  2.57764e-07
 Reference value :  2.57988e-07
 Reference value :  2.58212e-07
 Reference value :  2.58435e-07
 Reference value :  2.58659e-07
 Reference value :  2.58875e-07
 Reference value :  2.59099e-07
 Reference value :  2.59315e-07
 Reference value :  2.59539e-07
 Reference value :  2.59770e-07
 Reference value :  2.59994e-07
 Reference value :  2.60218e-07
 Reference value :  2.60441e-07
 Reference value :  2.60665e-07
 Reference value :  2.60889e-07
 Reference value :  2.61113e-07
 Reference value :  2.61337e-07
 Reference value :  2.61560e-07
 Reference value :  2.61784e-07
 Reference value :  2.62008e-07
 Reference value :  2.62232e-07
 Reference value :  2.62455e-07
 Reference value :  2.62679e-07
 Reference value :  2.62903e-07
 Reference value :  2.63119e-07
 Reference value :  2.63343e-07
 Reference value :  2.63559e-07
 Reference value :  2.63783e-07
 Reference value :  2.64014e-07
 Reference value :  2.64238e-07
 Reference value :  2.64454e-07
 Reference value :  2.64678e-07
 Reference value :  2.64901e-07
 Reference value :  2.65125e-07
 Reference value :  2.65349e-07
 Reference value :  2.65573e-07
 Reference value :  2.65796e-07
 Reference value :  2.66020e-07
 Reference value :  2.66244e-07
 Reference value :  2.66468e-07
 Reference value :  2.66699e-07
 Reference value :  2.66923e-07
 Reference value :  2.67147e-07
 Reference value :  2.67363e-07
 Reference value :  2.67579e-07
 Reference value :  2.67803e-07
 Reference value :  2.68026e-07
 Reference value :  2.68250e-07
 Reference value :  2.68474e-07
 Reference value :  2.68690e-07
 Reference value :  2.68914e-07
 Reference value :  2.69137e-07
 Reference value :  2.69361e-07
 Reference value :  2.69577e-07
 Reference value :  2.69793e-07
 Reference value :  2.70025e-07
 Reference value :  2.70241e-07
 Reference value :  2.70465e-07
 Reference value :  2.70688e-07
 Reference value :  2.70912e-07
 Reference value :  2.71136e-07
 Reference value :  2.71360e-07
 Reference value :  2.71583e-07
 Reference value :  2.71807e-07
 Reference value :  2.72031e-07
 Reference value :  2.72255e-07
 Reference value :  2.72478e-07
 Reference value :  2.72710e-07
 Reference value :  2.72941e-07
 Reference value :  2.73165e-07
 Reference value :  2.73381e-07
 Reference value :  2.73605e-07
 Reference value :  2.73829e-07
 Reference value :  2.74045e-07
 Reference value :  2.74269e-07
 Reference value :  2.74492e-07
 Reference value :  2.74708e-07
 Reference value :  2.74932e-07
 Reference value :  2.75148e-07
 Reference value :  2.75372e-07
 Reference value :  2.75596e-07
 Reference value :  2.75812e-07
 Reference value :  2.76043e-07
 Reference value :  2.76267e-07
 Reference value :  2.76498e-07
 Reference value :  2.76722e-07
 Reference value :  2.76946e-07
 Reference value :  2.77170e-07
 Reference value :  2.77394e-07
 Reference value :  2.77617e-07
 Reference value :  2.77841e-07
 Reference value :  2.78065e-07
 Reference value :  2.78289e-07
 Reference value :  2.78512e-07
 Reference value :  2.78728e-07
 Reference value :  2.78952e-07
 Reference value :  2.79176e-07
 Reference value :  2.79400e-07
 Reference value :  2.79623e-07
 Reference value :  2.79847e-07
 Reference value :  2.80071e-07
 Reference value :  2.80302e-07
 Reference value :  2.80526e-07
 Reference value :  2.80750e-07
 Reference value :  2.80974e-07
 Reference value :  2.81198e-07
 Reference value :  2.81414e-07
 Reference value :  2.81645e-07
 Reference value :  2.81869e-07
 Reference value :  2.82093e-07
 Reference value :  2.82316e-07
 Reference value :  2.82540e-07
 Reference value :  2.82764e-07
 Reference value :  2.82988e-07
 Reference value :  2.83211e-07
 Reference value :  2.83435e-07
 Reference value :  2.83659e-07
 Reference value :  2.83883e-07
 Reference value :  2.84106e-07
 Reference value :  2.84330e-07
 Reference value :  2.84562e-07
 Reference value :  2.84785e-07
 Reference value :  2.85009e-07
 Reference value :  2.85233e-07
 Reference value :  2.85457e-07
 Reference value :  2.85681e-07
 Reference value :  2.85912e-07
 Reference value :  2.86136e-07
 Reference value :  2.86360e-07
 Reference value :  2.86583e-07
 Reference value :  2.86807e-07
 Reference value :  2.87031e-07
 Reference value :  2.87255e-07
 Reference value :  2.87478e-07
 Reference value :  2.87702e-07
 Reference value :  2.87926e-07
 Reference value :  2.88150e-07
 Reference value :  2.88358e-07
 Reference value :  2.88582e-07
 Reference value :  2.88798e-07
 Reference value :  2.89022e-07
 Reference value :  2.89245e-07
 Reference value :  2.89469e-07
 Reference value :  2.89685e-07
 Reference value :  2.89909e-07
 Reference value :  2.90133e-07
 Reference value :  2.90356e-07
 Reference value :  2.90572e-07
 Reference value :  2.90789e-07
 Reference value :  2.91005e-07
 Reference value :  2.91221e-07
 Reference value :  2.91444e-07
 Reference value :  2.91668e-07
 Reference value :  2.91892e-07
 Reference value :  2.92108e-07
 Reference value :  2.92324e-07
 Reference value :  2.92548e-07
 Reference value :  2.92779e-07
 Reference value :  2.92995e-07
 Reference value :  2.93219e-07
 Reference value :  2.93435e-07
 Reference value :  2.93659e-07
 Reference value :  2.93875e-07
 Reference value :  2.94091e-07
 Reference value :  2.94315e-07
 Reference value :  2.94546e-07
 Reference value :  2.94770e-07
 Reference value :  2.94994e-07
 Reference value :  2.95210e-07
 Reference value :  2.95426e-07
 Reference value :  2.95650e-07
 Reference value :  2.95873e-07
 Reference value :  2.96097e-07
 Reference value :  2.96321e-07
 Reference value :  2.96545e-07
 Reference value :  2.96768e-07
 Reference value :  2.96984e-07
 Reference value :  2.97201e-07
 Reference value :  2.97424e-07
 Reference value :  2.97640e-07
 Reference value :  2.97864e-07
 Reference value :  2.98080e-07
 Reference value :  2.98304e-07
 Reference value :  2.98512e-07
 Reference value :  2.98736e-07
 Reference value :  2.98960e-07
 Reference value :  2.99184e-07
 Reference value :  2.99407e-07
 Reference value :  2.99631e-07
 Reference value :  2.99847e-07
 Reference value :  3.00071e-07
 Reference value :  3.00295e-07
 Reference value :  3.00511e-07
 Reference value :  3.00734e-07
 Reference value :  3.00958e-07
 Reference value :  3.01182e-07
 Reference value :  3.01406e-07
 Reference value :  3.01630e-07
 Reference value :  3.01846e-07
 Reference value :  3.02069e-07
 Reference value :  3.02285e-07
 Reference value :  3.02509e-07
 Reference value :  3.02733e-07
 Reference value :  3.02949e-07
 Reference value :  3.03173e-07
 Reference value :  3.03389e-07
 Reference value :  3.03605e-07
 Reference value :  3.03829e-07
 Reference value :  3.04052e-07
 Reference value :  3.04284e-07
 Reference value :  3.04500e-07
 Reference value :  3.04724e-07
 Reference value :  3.04947e-07
 Reference value :  3.05171e-07
 Reference value :  3.05395e-07
 Reference value :  3.05619e-07
 Reference value :  3.05842e-07
 Reference value :  3.06066e-07
 Reference value :  3.06290e-07
 Reference value :  3.06514e-07
 Reference value :  3.06737e-07
 Reference value :  3.06961e-07
 Reference value :  3.07177e-07
 Reference value :  3.07401e-07
 Reference value :  3.07617e-07
 Reference value :  3.07841e-07
 Reference value :  3.08057e-07
 Reference value :  3.08273e-07
 Reference value :  3.08497e-07
 Reference value :  3.08721e-07
 Reference value :  3.08944e-07
 Reference value :  3.09168e-07
 Reference value :  3.09392e-07
 Reference value :  3.09616e-07
 Reference value :  3.09839e-07
 Reference value :  3.10055e-07
 Reference value :  3.10279e-07
 Reference value :  3.10503e-07
 Reference value :  3.10719e-07
 Reference value :  3.10943e-07
 Reference value :  3.11166e-07
 Reference value :  3.11390e-07
 Reference value :  3.11606e-07
 Reference value :  3.11830e-07
 Reference value :  3.12062e-07
 Reference value :  3.12285e-07
 Reference value :  3.12501e-07
 Reference value :  3.12717e-07
 Reference value :  3.12941e-07
 Reference value :  3.13157e-07
 Reference value :  3.13373e-07
 Reference value :  3.13597e-07
 Reference value :  3.13821e-07
 Reference value :  3.14045e-07
 Reference value :  3.14268e-07
 Reference value :  3.14484e-07
 Reference value :  3.14700e-07
 Reference value :  3.14916e-07
 Reference value :  3.15140e-07
 Reference value :  3.15364e-07
 Reference value :  3.15588e-07
 Reference value :  3.15804e-07
 Reference value :  3.16028e-07
 Reference value :  3.16244e-07
 Reference value :  3.16460e-07
 Reference value :  3.16676e-07
 Reference value :  3.16899e-07
 Reference value :  3.17116e-07
 Reference value :  3.17339e-07
 Reference value :  3.17563e-07
 Reference value :  3.17779e-07
 Reference value :  3.17995e-07
 Reference value :  3.18211e-07
 Reference value :  3.18427e-07
 Reference value :  3.18643e-07
 Reference value :  3.18859e-07
 Reference value :  3.19068e-07
 Reference value :  3.19291e-07
 Reference value :  3.19523e-07
 Reference value :  3.19747e-07
 Reference value :  3.19963e-07
 Reference value :  3.20179e-07
 Reference value :  3.20403e-07
 Reference value :  3.20626e-07
 Reference value :  3.20850e-07
 Reference value :  3.21066e-07
 Reference value :  3.21282e-07
 Reference value :  3.21498e-07
 Reference value :  3.21722e-07
 Reference value :  3.21946e-07
 Reference value :  3.22162e-07
 Reference value :  3.22393e-07
 Reference value :  3.22617e-07
 Reference value :  3.22841e-07
 Reference value :  3.23057e-07
 Reference value :  3.23281e-07
 Reference value :  3.23504e-07
 Reference value :  3.23720e-07
 Reference value :  3.23944e-07
 Reference value :  3.24176e-07
 Reference value :  3.24399e-07
 Reference value :  3.24623e-07
 Reference value :  3.24847e-07
 Reference value :  3.25071e-07
 Reference value :  3.25302e-07
 Reference value :  3.25526e-07
 Reference value :  3.25750e-07
 Reference value :  3.25966e-07
 Reference value :  3.26190e-07
 Reference value :  3.26421e-07
 Reference value :  3.26645e-07
 Reference value :  3.26876e-07
 Reference value :  3.27108e-07
 Reference value :  3.27324e-07
 Reference value :  3.27548e-07
 Reference value :  3.27779e-07
 Reference value :  3.27995e-07
 Reference value :  3.28219e-07
 Reference value :  3.28443e-07
 Reference value :  3.28659e-07
 Reference value :  3.28882e-07
 Reference value :  3.29106e-07
 Reference value :  3.29322e-07
 Reference value :  3.29546e-07
 Reference value :  3.29777e-07
 Reference value :  3.30001e-07
 Reference value :  3.30225e-07
 Reference value :  3.30441e-07
 Reference value :  3.30665e-07
 Reference value :  3.30889e-07
 Reference value :  3.31112e-07
 Reference value :  3.31336e-07
 Reference value :  3.31560e-07
 Reference value :  3.31776e-07
 Reference value :  3.31992e-07
 Reference value :  3.32216e-07
 Reference value :  3.32439e-07
 Reference value :  3.32663e-07
 Reference value :  3.32887e-07
 Reference value :  3.33111e-07
 Reference value :  3.33335e-07
 Reference value :  3.33558e-07
 Reference value :  3.33782e-07
 Reference value :  3.34006e-07
 Reference value :  3.34237e-07
 Reference value :  3.34469e-07
 Reference value :  3.34693e-07
 Reference value :  3.34916e-07
 Reference value :  3.35140e-07
 Reference value :  3.35364e-07
 Reference value :  3.35588e-07
 Reference value :  3.35811e-07
 Reference value :  3.36035e-07
 Reference value :  3.36259e-07
 Reference value :  3.36483e-07
 Reference value :  3.36706e-07
 Reference value :  3.36922e-07
 Reference value :  3.37139e-07
 Reference value :  3.37355e-07
 Reference value :  3.37578e-07
 Reference value :  3.37802e-07
 Reference value :  3.38026e-07
 Reference value :  3.38242e-07
 Reference value :  3.38466e-07
 Reference value :  3.38682e-07
 Reference value :  3.38906e-07
 Reference value :  3.39129e-07
 Reference value :  3.39353e-07
 Reference value :  3.39577e-07
 Reference value :  3.39793e-07
 Reference value :  3.40017e-07
 Reference value :  3.40240e-07
 Reference value :  3.40456e-07
 Reference value :  3.40680e-07
 Reference value :  3.40904e-07
 Reference value :  3.41128e-07
 Reference value :  3.41351e-07
 Reference value :  3.41568e-07
 Reference value :  3.41791e-07
 Reference value :  3.42015e-07
 Reference value :  3.42231e-07
 Reference value :  3.42455e-07
 Reference value :  3.42671e-07
 Reference value :  3.42895e-07
 Reference value :  3.43111e-07
 Reference value :  3.43334e-07
 Reference value :  3.43558e-07
 Reference value :  3.43782e-07
 Reference value :  3.43998e-07
 Reference value :  3.44222e-07
 Reference value :  3.44438e-07
 Reference value :  3.44662e-07
 Reference value :  3.44885e-07
 Reference value :  3.45101e-07
 Reference value :  3.45325e-07
 Reference value :  3.45541e-07
 Reference value :  3.45765e-07
 Reference value :  3.45989e-07
 Reference value :  3.46213e-07
 Reference value :  3.46429e-07
 Reference value :  3.46645e-07
 Reference value :  3.46868e-07
 Reference value :  3.47100e-07
 Reference value :  3.47324e-07
 Reference value :  3.47540e-07
 Reference value :  3.47756e-07
 Reference value :  3.47980e-07
 Reference value :  3.48196e-07
 Reference value :  3.48419e-07
 Reference value :  3.48643e-07
 Reference value :  3.48867e-07
 Reference value :  3.49098e-07
 Reference value :  3.49322e-07
 Reference value :  3.49546e-07
 Reference value :  3.49777e-07
 Reference value :  3.50001e-07
 Reference value :  3.50233e-07
 Reference value :  3.50456e-07
 Reference value :  3.50680e-07
 Reference value :  3.50904e-07
 Reference value :  3.51120e-07
 Reference value :  3.51351e-07
 Reference value :  3.51575e-07
 Reference value :  3.51799e-07
 Reference value :  3.52023e-07
 Reference value :  3.52246e-07
 Reference value :  3.52470e-07
 Reference value :  3.52686e-07
 Reference value :  3.52902e-07
 Reference value :  3.53126e-07
 Reference value :  3.53350e-07
 Reference value :  3.53574e-07
 Reference value :  3.53797e-07
 Reference value :  3.54013e-07
 Reference value :  3.54229e-07
 Reference value :  3.54453e-07
 Reference value :  3.54677e-07
 Reference value :  3.54901e-07
 Reference value :  3.55125e-07
 Reference value :  3.55341e-07
 Reference value :  3.55564e-07
 Reference value :  3.55780e-07
 Reference value :  3.56004e-07
 Reference value :  3.56228e-07
 Reference value :  3.56452e-07
 Reference value :  3.56675e-07
 Reference value :  3.56907e-07
 Reference value :  3.57131e-07
 Reference value :  3.57354e-07
 Reference value :  3.57578e-07
 Reference value :  3.57802e-07
 Reference value :  3.58026e-07
 Reference value :  3.58250e-07
 Reference value :  3.58473e-07
 Reference value :  3.58697e-07
 Reference value :  3.58921e-07
 Reference value :  3.59145e-07
 Reference value :  3.59376e-07
 Reference value :  3.59592e-07
 Reference value :  3.59816e-07
 Reference value :  3.60032e-07
 Reference value :  3.60256e-07
 Reference value :  3.60479e-07
 Reference value :  3.60703e-07
 Reference value :  3.60927e-07
 Reference value :  3.61143e-07
 Reference value :  3.61367e-07
 Reference value :  3.61591e-07
 Reference value :  3.61814e-07
 Reference value :  3.62038e-07
 Reference value :  3.62262e-07
 Reference value :  3.62486e-07
 Reference value :  3.62709e-07
 Reference value :  3.62941e-07
 Reference value :  3.63165e-07
 Reference value :  3.63381e-07
 Reference value :  3.63612e-07
 Reference value :  3.63836e-07
 Reference value :  3.64052e-07
 Reference value :  3.64276e-07
 Reference value :  3.64499e-07
 Reference value :  3.64716e-07
 Reference value :  3.64947e-07
 Reference value :  3.65163e-07
 Reference value :  3.65395e-07
 Reference value :  3.65618e-07
 Reference value :  3.65842e-07
 Reference value :  3.66074e-07
 Reference value :  3.66297e-07
 Reference value :  3.66521e-07
 Reference value :  3.66745e-07
 Reference value :  3.66976e-07
 Reference value :  3.67200e-07
 Reference value :  3.67424e-07
 Reference value :  3.67640e-07
 Reference value :  3.67864e-07
 Reference value :  3.68087e-07
 Reference value :  3.68319e-07
 Reference value :  3.68543e-07
 Reference value :  3.68766e-07
 Reference value :  3.68998e-07
 Reference value :  3.69222e-07
 Reference value :  3.69438e-07
 Reference value :  3.69654e-07
 Reference value :  3.69885e-07
 Reference value :  3.70109e-07
 Reference value :  3.70333e-07
 Reference value :  3.70557e-07
 Reference value :  3.70780e-07
 Reference value :  3.71012e-07
 Reference value :  3.71236e-07
 Reference value :  3.71459e-07
 Reference value :  3.71675e-07
 Reference value :  3.71899e-07
 Reference value :  3.72123e-07
 Reference value :  3.72347e-07
 Reference value :  3.72570e-07
 Reference value :  3.72794e-07
 Reference value :  3.73026e-07
 Reference value :  3.73249e-07
 Reference value :  3.73473e-07
 Reference value :  3.73697e-07
 Reference value :  3.73921e-07
 Reference value :  3.74144e-07
 Reference value :  3.74368e-07
 Reference value :  3.74600e-07
 Reference value :  3.74823e-07
 Reference value :  3.75047e-07
 Reference value :  3.75271e-07
 Reference value :  3.75495e-07
 Reference value :  3.75719e-07
 Reference value :  3.75950e-07
 Reference value :  3.76174e-07
 Reference value :  3.76398e-07
 Reference value :  3.76621e-07
 Reference value :  3.76845e-07
 Reference value :  3.77077e-07
 Reference value :  3.77300e-07
 Reference value :  3.77524e-07
 Reference value :  3.77748e-07
 Reference value :  3.77979e-07
 Reference value :  3.78203e-07
 Reference value :  3.78427e-07
 Reference value :  3.78651e-07
 Reference value :  3.78874e-07
 Reference value :  3.79098e-07
 Reference value :  3.79322e-07
 Reference value :  3.79538e-07
 Reference value :  3.79762e-07
 Reference value :  3.79985e-07
 Reference value :  3.80209e-07
 Reference value :  3.80433e-07
 Reference value :  3.80657e-07
 Reference value :  3.80881e-07
 Reference value :  3.81104e-07
 Reference value :  3.81328e-07
 Reference value :  3.81552e-07
 Reference value :  3.81783e-07
 Reference value :  3.82007e-07
 Reference value :  3.82231e-07
 Reference value :  3.82455e-07
 Reference value :  3.82678e-07
 Reference value :  3.82902e-07
 Reference value :  3.83126e-07
 Reference value :  3.83350e-07
 Reference value :  3.83581e-07
 Reference value :  3.83805e-07
 Reference value :  3.84029e-07
 Reference value :  3.84252e-07
 Reference value :  3.84476e-07
 Reference value :  3.84700e-07
 Reference value :  3.84931e-07
 Reference value :  3.85155e-07
 Reference value :  3.85379e-07
 Reference value :  3.85595e-07
 Reference value :  3.85819e-07
 Reference value :  3.86043e-07
 Reference value :  3.86266e-07
 Reference value :  3.86498e-07
 Reference value :  3.86714e-07
 Reference value :  3.86930e-07
 Reference value :  3.87154e-07
 Reference value :  3.87370e-07
 Reference value :  3.87593e-07
 Reference value :  3.87817e-07
 Reference value :  3.88041e-07
 Reference value :  3.88265e-07
 Reference value :  3.88496e-07
 Reference value :  3.88712e-07
 Reference value :  3.88936e-07
 Reference value :  3.89160e-07
 Reference value :  3.89384e-07
 Reference value :  3.89600e-07
 Reference value :  3.89823e-07
 Reference value :  3.90047e-07
 Reference value :  3.90271e-07
 Reference value :  3.90495e-07
 Reference value :  3.90711e-07
 Reference value :  3.90934e-07
 Reference value :  3.91158e-07
 Reference value :  3.91374e-07
 Reference value :  3.91598e-07
 Reference value :  3.91822e-07
 Reference value :  3.92046e-07
 Reference value :  3.92269e-07
 Reference value :  3.92493e-07
 Reference value :  3.92709e-07
 Reference value :  3.92925e-07
 Reference value :  3.93149e-07
 Reference value :  3.93373e-07
 Reference value :  3.93597e-07
 Reference value :  3.93820e-07
 Reference value :  3.94044e-07
 Reference value :  3.94268e-07
 Reference value :  3.94492e-07
 Reference value :  3.94723e-07
 Reference value :  3.94939e-07
 Reference value :  3.95163e-07
 Reference value :  3.95387e-07
 Reference value :  3.95595e-07
 Reference value :  3.95811e-07
 Reference value :  3.96019e-07
 Reference value :  3.96243e-07
 Reference value :  3.96467e-07
 Reference value :  3.96683e-07
 Reference value :  3.96899e-07
 Reference value :  3.97115e-07
 Reference value :  3.97331e-07
 Reference value :  3.97547e-07
 Reference value :  3.97755e-07
 Reference value :  3.97971e-07
 Reference value :  3.98188e-07
 Reference value :  3.98396e-07
 Reference value :  3.98620e-07
 Reference value :  3.98836e-07
 Reference value :  3.99052e-07
 Reference value :  3.99275e-07
 Reference value :  3.99492e-07
 Reference value :  3.99715e-07
 Reference value :  3.99931e-07
 Reference value :  4.00155e-07
 Reference value :  4.00371e-07
 Reference value :  4.00595e-07
 Reference value :  4.00819e-07
 Reference value :  4.01042e-07
 Reference value :  4.01274e-07
 Reference value :  4.01498e-07
 Reference value :  4.01721e-07
 Reference value :  4.01945e-07
 Reference value :  4.02161e-07
 Reference value :  4.02377e-07
 Reference value :  4.02609e-07
 Reference value :  4.02825e-07
 Reference value :  4.03041e-07
 Reference value :  4.03257e-07
 Reference value :  4.03481e-07
 Reference value :  4.03697e-07
 Reference value :  4.03928e-07
 Reference value :  4.04152e-07
 Reference value :  4.04376e-07
 Reference value :  4.04592e-07
 Reference value :  4.04816e-07
 Reference value :  4.05039e-07
 Reference value :  4.05255e-07
 Reference value :  4.05471e-07
 Reference value :  4.05695e-07
 Reference value :  4.05911e-07
 Reference value :  4.06135e-07
 Reference value :  4.06351e-07
 Reference value :  4.06575e-07
 Reference value :  4.06799e-07
 Reference value :  4.07015e-07
 Reference value :  4.07238e-07
 Reference value :  4.07462e-07
 Reference value :  4.07686e-07
 Reference value :  4.07910e-07
 Reference value :  4.08141e-07
 Reference value :  4.08357e-07
 Reference value :  4.08589e-07
 Reference value :  4.08805e-07
 Reference value :  4.09029e-07
 Reference value :  4.09252e-07
 Reference value :  4.09476e-07
 Reference value :  4.09700e-07
 Reference value :  4.09916e-07
 Reference value :  4.10132e-07
 Reference value :  4.10348e-07
 Reference value :  4.10572e-07
 Reference value :  4.10788e-07
 Reference value :  4.11012e-07
 Reference value :  4.11228e-07
 Reference value :  4.11451e-07
 Reference value :  4.11675e-07
 Reference value :  4.11891e-07
 Reference value :  4.12123e-07
 Reference value :  4.12346e-07
 Reference value :  4.12570e-07
 Reference value :  4.12794e-07
 Reference value :  4.13018e-07
 Reference value :  4.13249e-07
 Reference value :  4.13473e-07
 Reference value :  4.13697e-07
 Reference value :  4.13920e-07
 Reference value :  4.14152e-07
 Reference value :  4.14376e-07
 Reference value :  4.14599e-07
 Reference value :  4.14823e-07
 Reference value :  4.15047e-07
 Reference value :  4.15271e-07
 Reference value :  4.15495e-07
 Reference value :  4.15718e-07
 Reference value :  4.15942e-07
 Reference value :  4.16166e-07
 Reference value :  4.16390e-07
 Reference value :  4.16613e-07
 Reference value :  4.16837e-07
 Reference value :  4.17061e-07
 Reference value :  4.17285e-07
 Reference value :  4.17508e-07
 Reference value :  4.17732e-07
 Reference value :  4.17956e-07
 Reference value :  4.18180e-07
 Reference value :  4.18403e-07
 Reference value :  4.18627e-07
 Reference value :  4.18851e-07
 Reference value :  4.19075e-07
 Reference value :  4.19299e-07
 Reference value :  4.19515e-07
 Reference value :  4.19738e-07
 Reference value :  4.19962e-07
 Reference value :  4.20186e-07
 Reference value :  4.20417e-07
 Reference value :  4.20641e-07
 Reference value :  4.20865e-07
 Reference value :  4.21089e-07
 Reference value :  4.21312e-07
 Reference value :  4.21536e-07
 Reference value :  4.21760e-07
 Reference value :  4.21984e-07
 Reference value :  4.22207e-07
 Reference value :  4.22431e-07
 Reference value :  4.22647e-07
 Reference value :  4.22871e-07
 Reference value :  4.23095e-07
 Reference value :  4.23319e-07
 Reference value :  4.23542e-07
 Reference value :  4.23766e-07
 Reference value :  4.23982e-07
 Reference value :  4.24206e-07
 Reference value :  4.24430e-07
 Reference value :  4.24653e-07
 Reference value :  4.24869e-07
 Reference value :  4.25093e-07
 Reference value :  4.25317e-07
 Reference value :  4.25541e-07
 Reference value :  4.25765e-07
 Reference value :  4.25996e-07
 Reference value :  4.26212e-07
 Reference value :  4.26428e-07
 Reference value :  4.26652e-07
 Reference value :  4.26868e-07
 Reference value :  4.27084e-07
 Reference value :  4.27308e-07
 Reference value :  4.27531e-07
 Reference value :  4.27748e-07
 Reference value :  4.27971e-07
 Reference value :  4.28195e-07
 Reference value :  4.28411e-07
 Reference value :  4.28635e-07
 Reference value :  4.28859e-07
 Reference value :  4.29082e-07
 Reference value :  4.29306e-07
 Reference value :  4.29538e-07
 Reference value :  4.29761e-07
 Reference value :  4.29985e-07
 Reference value :  4.30201e-07
 Reference value :  4.30425e-07
 Reference value :  4.30649e-07
 Reference value :  4.30873e-07
 Reference value :  4.31089e-07
 Reference value :  4.31312e-07
 Reference value :  4.31536e-07
 Reference value :  4.31760e-07
 Reference value :  4.31984e-07
 Reference value :  4.32200e-07
 Reference value :  4.32416e-07
 Reference value :  4.32632e-07
 Reference value :  4.32856e-07
 Reference value :  4.33072e-07
 Reference value :  4.33288e-07
 Reference value :  4.33511e-07
 Reference value :  4.33735e-07
 Reference value :  4.33959e-07
 Reference value :  4.34183e-07
 Reference value :  4.34399e-07
 Reference value :  4.34622e-07
 Reference value :  4.34846e-07
 Reference value :  4.35062e-07
 Reference value :  4.35286e-07
 Reference value :  4.35510e-07
 Reference value :  4.35726e-07
 Reference value :  4.35950e-07
 Reference value :  4.36173e-07
 Reference value :  4.36397e-07
 Reference value :  4.36621e-07
 Reference value :  4.36845e-07
 Reference value :  4.37061e-07
 Reference value :  4.37277e-07
 Reference value :  4.37501e-07
 Reference value :  4.37724e-07
 Reference value :  4.37948e-07
 Reference value :  4.38172e-07
 Reference value :  4.38388e-07
 Reference value :  4.38612e-07
 Reference value :  4.38835e-07
 Reference value :  4.39051e-07
 Reference value :  4.39275e-07
 Reference value :  4.39499e-07
 Reference value :  4.39723e-07
 Reference value :  4.39947e-07
 Reference value :  4.40178e-07
 Reference value :  4.40394e-07
 Reference value :  4.40618e-07
 Reference value :  4.40834e-07
 Reference value :  4.41058e-07
 Reference value :  4.41274e-07
 Reference value :  4.41490e-07
 Reference value :  4.41713e-07
 Reference value :  4.41937e-07
 Reference value :  4.42161e-07
 Reference value :  4.42385e-07
 Reference value :  4.42601e-07
 Reference value :  4.42825e-07
 Reference value :  4.43056e-07
 Reference value :  4.43272e-07
 Reference value :  4.43488e-07
 Reference value :  4.43704e-07
 Reference value :  4.43928e-07
 Reference value :  4.44144e-07
 Reference value :  4.44368e-07
 Reference value :  4.44592e-07
 Reference value :  4.44815e-07
 Reference value :  4.45039e-07
 Reference value :  4.45263e-07
 Reference value :  4.45479e-07
 Reference value :  4.45703e-07
 Reference value :  4.45926e-07
 Reference value :  4.46150e-07
 Reference value :  4.46382e-07
 Reference value :  4.46598e-07
 Reference value :  4.46821e-07
 Reference value :  4.47045e-07
 Reference value :  4.47269e-07
 Reference value :  4.47493e-07
 Reference value :  4.47717e-07
 Reference value :  4.47940e-07
 Reference value :  4.48164e-07
 Reference value :  4.48388e-07
 Reference value :  4.48612e-07
 Reference value :  4.48828e-07
 Reference value :  4.49044e-07
 Reference value :  4.49267e-07
 Reference value :  4.49483e-07
 Reference value :  4.49715e-07
 Reference value :  4.49939e-07
 Reference value :  4.50163e-07
 Reference value :  4.50379e-07
 Reference value :  4.50602e-07
 Reference value :  4.50818e-07
 Reference value :  4.51042e-07
 Reference value :  4.51266e-07
 Reference value :  4.51490e-07
 Reference value :  4.51721e-07
 Reference value :  4.51945e-07
 Reference value :  4.52169e-07
 Reference value :  4.52392e-07
 Reference value :  4.52624e-07
 Reference value :  4.52848e-07
 Reference value :  4.53071e-07
 Reference value :  4.53295e-07
 Reference value :  4.53527e-07
 Reference value :  4.53743e-07
 Reference value :  4.53966e-07
 Reference value :  4.54190e-07
 Reference value :  4.54414e-07
 Reference value :  4.54630e-07
 Reference value :  4.54854e-07
 Reference value :  4.55078e-07
 Reference value :  4.55301e-07
 Reference value :  4.55517e-07
 Reference value :  4.55741e-07
 Reference value :  4.55965e-07
 Reference value :  4.56189e-07
 Reference value :  4.56412e-07
 Reference value :  4.56636e-07
 Reference value :  4.56860e-07
 Reference value :  4.57091e-07
 Reference value :  4.57308e-07
 Reference value :  4.57531e-07
 Reference value :  4.57755e-07
 Reference value :  4.57979e-07
 Reference value :  4.58203e-07
 Reference value :  4.58426e-07
 Reference value :  4.58650e-07
 Reference value :  4.58866e-07
 Reference value :  4.59098e-07
 Reference value :  4.59314e-07
 Reference value :  4.59537e-07
 Reference value :  4.59761e-07
 Reference value :  4.59985e-07
 Reference value :  4.60216e-07
 Reference value :  4.60440e-07
 Reference value :  4.60664e-07
 Reference value :  4.60888e-07
 Reference value :  4.61112e-07
 Reference value :  4.61335e-07
 Reference value :  4.61559e-07
 Reference value :  4.61775e-07
 Reference value :  4.61999e-07
 Reference value :  4.62223e-07
 Reference value :  4.62454e-07
 Reference value :  4.62670e-07
 Reference value :  4.62894e-07
 Reference value :  4.63125e-07
 Reference value :  4.63341e-07
 Reference value :  4.63565e-07
 Reference value :  4.63797e-07
 Reference value :  4.64020e-07
 Reference value :  4.64252e-07
 Reference value :  4.64476e-07
 Reference value :  4.64692e-07
 Reference value :  4.64915e-07
 Reference value :  4.65132e-07
 Reference value :  4.65355e-07
 Reference value :  4.65579e-07
 Reference value :  4.65803e-07
 Reference value :  4.66027e-07
 Reference value :  4.66250e-07
 Reference value :  4.66466e-07
 Reference value :  4.66698e-07
 Reference value :  4.66922e-07
 Reference value :  4.67145e-07
 Reference value :  4.67369e-07
 Reference value :  4.67593e-07
 Reference value :  4.67809e-07
 Reference value :  4.68033e-07
 Reference value :  4.68257e-07
 Reference value :  4.68480e-07
 Reference value :  4.68696e-07
 Reference value :  4.68912e-07
 Reference value :  4.69136e-07
 Reference value :  4.69360e-07
 Reference value :  4.69584e-07
 Reference value :  4.69807e-07
 Reference value :  4.70031e-07
 Reference value :  4.70247e-07
 Reference value :  4.70471e-07
 Reference value :  4.70695e-07
 Reference value :  4.70919e-07
 Reference value :  4.71142e-07
 Reference value :  4.71366e-07
 Reference value :  4.71590e-07
 Reference value :  4.71806e-07
 Reference value :  4.72030e-07
 Reference value :  4.72246e-07
 Reference value :  4.72469e-07
 Reference value :  4.72686e-07
 Reference value :  4.72909e-07
 Reference value :  4.73133e-07
 Reference value :  4.73357e-07
 Reference value :  4.73581e-07
 Reference value :  4.73804e-07
 Reference value :  4.74020e-07
 Reference value :  4.74244e-07
 Reference value :  4.74468e-07
 Reference value :  4.74692e-07
 Reference value :  4.74908e-07
 Reference value :  4.75139e-07
 Reference value :  4.75355e-07
 Reference value :  4.75571e-07
 Reference value :  4.75795e-07
 Reference value :  4.76027e-07
 Reference value :  4.76250e-07
 Reference value :  4.76474e-07
 Reference value :  4.76698e-07
 Reference value :  4.76914e-07
 Reference value :  4.77138e-07
 Reference value :  4.77361e-07
 Reference value :  4.77585e-07
 Reference value :  4.77809e-07
 Reference value :  4.78040e-07
 Reference value :  4.78264e-07
 Reference value :  4.78480e-07
 Reference value :  4.78696e-07
 Reference value :  4.78920e-07
 Reference value :  4.79144e-07
 Reference value :  4.79360e-07
 Reference value :  4.79584e-07
 Reference value :  4.79807e-07
 Reference value :  4.80023e-07
 Reference value :  4.80247e-07
 Reference value :  4.80471e-07
 Reference value :  4.80687e-07
 Reference value :  4.80911e-07
 Reference value :  4.81135e-07
 Reference value :  4.81351e-07
 Reference value :  4.81574e-07
 Reference value :  4.81798e-07
 Reference value :  4.82014e-07
 Reference value :  4.82238e-07
 Reference value :  4.82462e-07
 Reference value :  4.82685e-07
 Reference value :  4.82901e-07
 Reference value :  4.83118e-07
 Reference value :  4.83341e-07
 Reference value :  4.83557e-07
 Reference value :  4.83781e-07
 Reference value :  4.84005e-07
 Reference value :  4.84236e-07
 Reference value :  4.84460e-07
 Reference value :  4.84684e-07
 Reference value :  4.84908e-07
 Reference value :  4.85124e-07
 Reference value :  4.85347e-07
 Reference value :  4.85571e-07
 Reference value :  4.85787e-07
 Reference value :  4.86011e-07
 Reference value :  4.86235e-07
 Reference value :  4.86459e-07
 Reference value :  4.86675e-07
 Reference value :  4.86898e-07
 Reference value :  4.87122e-07
 Reference value :  4.87346e-07
 Reference value :  4.87570e-07
 Reference value :  4.87793e-07
 Reference value :  4.88025e-07
 Reference value :  4.88241e-07
 Reference value :  4.88465e-07
 Reference value :  4.88688e-07
 Reference value :  4.88912e-07
 Reference value :  4.89136e-07
 Reference value :  4.89344e-07
 Reference value :  4.89568e-07
 Reference value :  4.89792e-07
 Reference value :  4.90008e-07
 Reference value :  4.90224e-07
 Reference value :  4.90448e-07
 Reference value :  4.90672e-07
 Reference value :  4.90888e-07
 Reference value :  4.91104e-07
 Reference value :  4.91320e-07
 Reference value :  4.91543e-07
 Reference value :  4.91767e-07
 Reference value :  4.91983e-07
 Reference value :  4.92207e-07
 Reference value :  4.92431e-07
 Reference value :  4.92662e-07
 Reference value :  4.92886e-07
 Reference value :  4.93110e-07
 Reference value :  4.93334e-07
 Reference value :  4.93557e-07
 Reference value :  4.93781e-07
 Reference value :  4.94005e-07
 Reference value :  4.94221e-07
 Reference value :  4.94445e-07
 Reference value :  4.94668e-07
 Reference value :  4.94892e-07
 Reference value :  4.95108e-07
 Reference value :  4.95324e-07
 Reference value :  4.95540e-07
 Reference value :  4.95756e-07
 Reference value :  4.95980e-07
 Reference value :  4.96204e-07
 Reference value :  4.96435e-07
 Reference value :  4.96659e-07
 Reference value :  4.96883e-07
 Reference value :  4.97099e-07
 Reference value :  4.97330e-07
 Reference value :  4.97546e-07
 Reference value :  4.97770e-07
 Reference value :  4.97986e-07
 Reference value :  4.98210e-07
 Reference value :  4.98434e-07
 Reference value :  4.98658e-07
 Reference value :  4.98874e-07
 Reference value :  4.99097e-07
 Reference value :  4.99321e-07
 Reference value :  4.99545e-07
 Reference value :  4.99769e-07
 Reference value :  4.99985e-07
 Reference value :  5.00208e-07
 Reference value :  5.00425e-07
 Reference value :  5.00648e-07
 Reference value :  5.00872e-07
 Reference value :  5.01096e-07
 Reference value :  5.01312e-07
 Reference value :  5.01528e-07
 Reference value :  5.01752e-07
 Reference value :  5.01975e-07
 Reference value :  5.02199e-07
 Reference value :  5.02415e-07
 Reference value :  5.02639e-07
 Reference value :  5.02863e-07
 Reference value :  5.03079e-07
 Reference value :  5.03303e-07
 Reference value :  5.03526e-07
 Reference value :  5.03750e-07
 Reference value :  5.03966e-07
 Reference value :  5.04190e-07
 Reference value :  5.04414e-07
 Reference value :  5.04645e-07
 Reference value :  5.04861e-07
 Reference value :  5.05085e-07
 Reference value :  5.05316e-07
 Reference value :  5.05540e-07
 Reference value :  5.05764e-07
 Reference value :  5.05995e-07
 Reference value :  5.06219e-07
 Reference value :  5.06443e-07
 Reference value :  5.06667e-07
 Reference value :  5.06891e-07
 Reference value :  5.07114e-07
 Reference value :  5.07346e-07
 Reference value :  5.07562e-07
 Reference value :  5.07778e-07
 Reference value :  5.08002e-07
 Reference value :  5.08218e-07
 Reference value :  5.08449e-07
 Reference value :  5.08673e-07
 Reference value :  5.08897e-07
 Reference value :  5.09120e-07
 Reference value :  5.09337e-07
 Reference value :  5.09560e-07
 Reference value :  5.09784e-07
 Reference value :  5.10008e-07
 Reference value :  5.10232e-07
 Reference value :  5.10463e-07
 Reference value :  5.10679e-07
 Reference value :  5.10903e-07
 Reference value :  5.11119e-07
 Reference value :  5.11343e-07
 Reference value :  5.11574e-07
 Reference value :  5.11790e-07
 Reference value :  5.12014e-07
 Reference value :  5.12230e-07
 Reference value :  5.12446e-07
 Reference value :  5.12678e-07
 Reference value :  5.12901e-07
 Reference value :  5.13125e-07
 Reference value :  5.13349e-07
 Reference value :  5.13573e-07
 Reference value :  5.13789e-07
 Reference value :  5.14005e-07
 Reference value :  5.14228e-07
 Reference value :  5.14452e-07
 Reference value :  5.14668e-07
 Reference value :  5.14892e-07
 Reference value :  5.15124e-07
 Reference value :  5.15347e-07
 Reference value :  5.15571e-07
 Reference value :  5.15787e-07
 Reference value :  5.16003e-07
 Reference value :  5.16219e-07
 Reference value :  5.16435e-07
 Reference value :  5.16651e-07
 Reference value :  5.16875e-07
 Reference value :  5.17091e-07
 Reference value :  5.17307e-07
 Reference value :  5.17531e-07
 Reference value :  5.17755e-07
 Reference value :  5.17978e-07
 Reference value :  5.18194e-07
 Reference value :  5.18395e-07
 Reference value :  5.18603e-07
 Reference value :  5.18827e-07
 Reference value :  5.19059e-07
 Reference value :  5.19282e-07
 Reference value :  5.19514e-07
 Reference value :  5.19745e-07
 Reference value :  5.19969e-07
 Reference value :  5.20185e-07
 Reference value :  5.20401e-07
 Reference value :  5.20625e-07
 Reference value :  5.20849e-07
 Reference value :  5.21073e-07
 Reference value :  5.21296e-07
 Reference value :  5.21520e-07
 Reference value :  5.21736e-07
 Reference value :  5.21952e-07
 Reference value :  5.22168e-07
 Reference value :  5.22392e-07
 Reference value :  5.22616e-07
 Reference value :  5.22840e-07
 Reference value :  5.23063e-07
 Reference value :  5.23279e-07
 Reference value :  5.23503e-07
 Reference value :  5.23719e-07
 Reference value :  5.23935e-07
 Reference value :  5.24151e-07
 Reference value :  5.24367e-07
 Reference value :  5.24576e-07
 Reference value :  5.24799e-07
 Reference value :  5.25023e-07
 Reference value :  5.25231e-07
 Reference value :  5.25448e-07
 Reference value :  5.25656e-07
 Reference value :  5.25880e-07
 Reference value :  5.26096e-07
 Reference value :  5.26312e-07
 Reference value :  5.26528e-07
 Reference value :  5.26752e-07
 Reference value :  5.26975e-07
 Reference value :  5.27199e-07
 Reference value :  5.27415e-07
 Reference value :  5.27631e-07
 Reference value :  5.27847e-07
 Reference value :  5.28063e-07
 Reference value :  5.28279e-07
 Reference value :  5.28488e-07
 Reference value :  5.28704e-07
 Reference value :  5.28920e-07
 Reference value :  5.29136e-07
 Reference value :  5.29344e-07
 Reference value :  5.29560e-07
 Reference value :  5.29768e-07
 Reference value :  5.29985e-07
 Reference value :  5.30193e-07
 Reference value :  5.30409e-07
 Reference value :  5.30625e-07
 Reference value :  5.30833e-07
 Reference value :  5.31049e-07
 Reference value :  5.31265e-07
 Reference value :  5.31474e-07
 Reference value :  5.31697e-07
 Reference value :  5.31914e-07
 Reference value :  5.32130e-07
 Reference value :  5.32346e-07
 Reference value :  5.32569e-07
 Reference value :  5.32785e-07
 Reference value :  5.33001e-07
 Reference value :  5.33210e-07
 Reference value :  5.33418e-07
 Reference value :  5.33634e-07
 Reference value :  5.33843e-07
 Reference value :  5.34066e-07
 Reference value :  5.34282e-07
 Reference value :  5.34506e-07
 Reference value :  5.34722e-07
 Reference value :  5.34938e-07
 Reference value :  5.35154e-07
 Reference value :  5.35370e-07
 Reference value :  5.35586e-07
 Reference value :  5.35795e-07
 Reference value :  5.36018e-07
 Reference value :  5.36234e-07
 Reference value :  5.36451e-07
 Reference value :  5.36667e-07
 Reference value :  5.36883e-07
 Reference value :  5.37099e-07
 Reference value :  5.37315e-07
 Reference value :  5.37531e-07
 Reference value :  5.37755e-07
 Reference value :  5.37971e-07
 Reference value :  5.38187e-07
 Reference value :  5.38403e-07
 Reference value :  5.38619e-07
 Reference value :  5.38835e-07
 Reference value :  5.39051e-07
 Reference value :  5.39275e-07
 Reference value :  5.39491e-07
 Reference value :  5.39714e-07
 Reference value :  5.39938e-07
 Reference value :  5.40162e-07
 Reference value :  5.40386e-07
 Reference value :  5.40602e-07
 Reference value :  5.40810e-07
 Reference value :  5.41026e-07
 Reference value :  5.41242e-07
 Reference value :  5.41451e-07
 Reference value :  5.41659e-07
 Reference value :  5.41883e-07
 Reference value :  5.42099e-07
 Reference value :  5.42322e-07
 Reference value :  5.42538e-07
 Reference value :  5.42755e-07
 Reference value :  5.42971e-07
 Reference value :  5.43194e-07
 Reference value :  5.43410e-07
 Reference value :  5.43626e-07
 Reference value :  5.43842e-07
 Reference value :  5.44059e-07
 Reference value :  5.44275e-07
 Reference value :  5.44491e-07
 Reference value :  5.44707e-07
 Reference value :  5.44923e-07
 Reference value :  5.45146e-07
 Reference value :  5.45355e-07
 Reference value :  5.45563e-07
 Reference value :  5.45787e-07
 Reference value :  5.46003e-07
 Reference value :  5.46219e-07
 Reference value :  5.46435e-07
 Reference value :  5.46651e-07
 Reference value :  5.46867e-07
 Reference value :  5.47083e-07
 Reference value :  5.47299e-07
 Reference value :  5.47515e-07
 Reference value :  5.47724e-07
 Reference value :  5.47940e-07
 Reference value :  5.48156e-07
 Reference value :  5.48372e-07
 Reference value :  5.48588e-07
 Reference value :  5.48804e-07
 Reference value :  5.49020e-07
 Reference value :  5.49236e-07
 Reference value :  5.49444e-07
 Reference value :  5.49660e-07
 Reference value :  5.49884e-07
 Reference value :  5.50100e-07
 Reference value :  5.50316e-07
 Reference value :  5.50525e-07
 Reference value :  5.50741e-07
 Reference value :  5.50957e-07
 Reference value :  5.51173e-07
 Reference value :  5.51389e-07
 Reference value :  5.51612e-07
 Reference value :  5.51829e-07
 Reference value :  5.52052e-07
 Reference value :  5.52268e-07
 Reference value :  5.52484e-07
 Reference value :  5.52693e-07
 Reference value :  5.52901e-07
 Reference value :  5.53117e-07
 Reference value :  5.53341e-07
 Reference value :  5.53557e-07
 Reference value :  5.53765e-07
 Reference value :  5.53981e-07
 Reference value :  5.54197e-07
 Reference value :  5.54413e-07
 Reference value :  5.54629e-07
 Reference value :  5.54838e-07
 Reference value :  5.55054e-07
 Reference value :  5.55270e-07
 Reference value :  5.55494e-07
 Reference value :  5.55710e-07
 Reference value :  5.55910e-07
 Reference value :  5.56142e-07
 Reference value :  5.56358e-07
 Reference value :  5.56574e-07
 Reference value :  5.56790e-07
 Reference value :  5.57006e-07
 Reference value :  5.57222e-07
 Reference value :  5.57430e-07
 Reference value :  5.57646e-07
 Reference value :  5.57862e-07
 Reference value :  5.58078e-07
 Reference value :  5.58295e-07
 Reference value :  5.58511e-07
 Reference value :  5.58727e-07
 Reference value :  5.58943e-07
 Reference value :  5.59159e-07
 Reference value :  5.59375e-07
 Reference value :  5.59591e-07
 Reference value :  5.59815e-07
 Reference value :  5.60031e-07
 Reference value :  5.60247e-07
 Reference value :  5.60470e-07
 Reference value :  5.60686e-07
 Reference value :  5.60895e-07
 Reference value :  5.61111e-07
 Reference value :  5.61335e-07
 Reference value :  5.61543e-07
 Reference value :  5.61767e-07
 Reference value :  5.61975e-07
 Reference value :  5.62191e-07
 Reference value :  5.62407e-07
 Reference value :  5.62623e-07
 Reference value :  5.62839e-07
 Reference value :  5.63055e-07
 Reference value :  5.63271e-07
 Reference value :  5.63487e-07
 Reference value :  5.63703e-07
 Reference value :  5.63927e-07
 Reference value :  5.64136e-07
 Reference value :  5.64352e-07
 Reference value :  5.64568e-07
 Reference value :  5.64784e-07
 Reference value :  5.65000e-07
 Reference value :  5.65216e-07
 Reference value :  5.65432e-07
 Reference value :  5.65648e-07
 Reference value :  5.65864e-07
 Reference value :  5.66088e-07
 Reference value :  5.66304e-07
 Reference value :  5.66520e-07
 Reference value :  5.66728e-07
 Reference value :  5.66944e-07
 Reference value :  5.67160e-07
 Reference value :  5.67369e-07
 Reference value :  5.67585e-07
 Reference value :  5.67808e-07
 Reference value :  5.68024e-07
 Reference value :  5.68240e-07
 Reference value :  5.68457e-07
 Reference value :  5.68665e-07
 Reference value :  5.68881e-07
 Reference value :  5.69097e-07
 Reference value :  5.69313e-07
 Reference value :  5.69529e-07
 Reference value :  5.69745e-07
 Reference value :  5.69953e-07
 Reference value :  5.70169e-07
 Reference value :  5.70378e-07
 Reference value :  5.70602e-07
 Reference value :  5.70818e-07
 Reference value :  5.71026e-07
 Reference value :  5.71242e-07
 Reference value :  5.71458e-07
 Reference value :  5.71682e-07
 Reference value :  5.71898e-07
 Reference value :  5.72122e-07
 Reference value :  5.72338e-07
 Reference value :  5.72561e-07
 Reference value :  5.72777e-07
 Reference value :  5.72994e-07
 Reference value :  5.73210e-07
 Reference value :  5.73426e-07
 Reference value :  5.73642e-07
 Reference value :  5.73850e-07
 Reference value :  5.74066e-07
 Reference value :  5.74282e-07
 Reference value :  5.74498e-07
 Reference value :  5.74714e-07
 Reference value :  5.74923e-07
 Reference value :  5.75139e-07
 Reference value :  5.75355e-07
 Reference value :  5.75578e-07
 Reference value :  5.75787e-07
 Reference value :  5.76003e-07
 Reference value :  5.76219e-07
 Reference value :  5.76443e-07
 Reference value :  5.76659e-07
 Reference value :  5.76875e-07
 Reference value :  5.77091e-07
 Reference value :  5.77307e-07
 Reference value :  5.77531e-07
 Reference value :  5.77754e-07
 Reference value :  5.77978e-07
 Reference value :  5.78202e-07
 Reference value :  5.78418e-07
 Reference value :  5.78634e-07
 Reference value :  5.78850e-07
 Reference value :  5.79066e-07
 Reference value :  5.79282e-07
 Reference value :  5.79498e-07
 Reference value :  5.79714e-07
 Reference value :  5.79930e-07
 Reference value :  5.80146e-07
 Reference value :  5.80362e-07
 Reference value :  5.80578e-07
 Reference value :  5.80787e-07
 Reference value :  5.81003e-07
 Reference value :  5.81226e-07
 Reference value :  5.81443e-07
 Reference value :  5.81659e-07
 Reference value :  5.81882e-07
 Reference value :  5.82098e-07
 Reference value :  5.82314e-07
 Reference value :  5.82538e-07
 Reference value :  5.82754e-07
 Reference value :  5.82970e-07
 Reference value :  5.83179e-07
 Reference value :  5.83402e-07
 Reference value :  5.83618e-07
 Reference value :  5.83834e-07
 Reference value :  5.84051e-07
 Reference value :  5.84259e-07
 Reference value :  5.84475e-07
 Reference value :  5.84691e-07
 Reference value :  5.84915e-07
 Reference value :  5.85131e-07
 Reference value :  5.85347e-07
 Reference value :  5.85563e-07
 Reference value :  5.85779e-07
 Reference value :  5.86003e-07
 Reference value :  5.86219e-07
 Reference value :  5.86435e-07
 Reference value :  5.86651e-07
 Reference value :  5.86867e-07
 Reference value :  5.87091e-07
 Reference value :  5.87299e-07
 Reference value :  5.87515e-07
 Reference value :  5.87739e-07
 Reference value :  5.87963e-07
 Reference value :  5.88179e-07
 Reference value :  5.88395e-07
 Reference value :  5.88603e-07
 Reference value :  5.88819e-07
 Reference value :  5.89035e-07
 Reference value :  5.89251e-07
 Reference value :  5.89467e-07
 Reference value :  5.89676e-07
 Reference value :  5.89892e-07
 Reference value :  5.90092e-07
 Reference value :  5.90308e-07
 Reference value :  5.90517e-07
 Reference value :  5.90740e-07
 Reference value :  5.90956e-07
 Reference value :  5.91172e-07
 Reference value :  5.91388e-07
 Reference value :  5.91612e-07
 Reference value :  5.91828e-07
 Reference value :  5.92044e-07
 Reference value :  5.92253e-07
 Reference value :  5.92469e-07
 Reference value :  5.92685e-07
 Reference value :  5.92901e-07
 Reference value :  5.93117e-07
 Reference value :  5.93325e-07
 Reference value :  5.93541e-07
 Reference value :  5.93765e-07
 Reference value :  5.93981e-07
 Reference value :  5.94197e-07
 Reference value :  5.94413e-07
 Reference value :  5.94629e-07
 Reference value :  5.94838e-07
 Reference value :  5.95054e-07
 Reference value :  5.95270e-07
 Reference value :  5.95486e-07
 Reference value :  5.95702e-07
 Reference value :  5.95918e-07
 Reference value :  5.96134e-07
 Reference value :  5.96350e-07
 Reference value :  5.96566e-07
 Reference value :  5.96782e-07
 Reference value :  5.96990e-07
 Reference value :  5.97206e-07
 Reference value :  5.97422e-07
 Reference value :  5.97638e-07
 Reference value :  5.97847e-07
 Reference value :  5.98063e-07
 Reference value :  5.98271e-07
 Reference value :  5.98487e-07
 Reference value :  5.98703e-07
 Reference value :  5.98919e-07
 Reference value :  5.99135e-07
 Reference value :  5.99351e-07
 Reference value :  5.99567e-07
 Reference value :  5.99776e-07
 Reference value :  6.00000e-07
 Reference value :  6.00216e-07
 Reference value :  6.00432e-07
 Reference value :  6.00648e-07
 Reference value :  6.00864e-07
 Reference value :  6.01072e-07
 Reference value :  6.01288e-07
 Reference value :  6.01504e-07
 Reference value :  6.01720e-07
 Reference value :  6.01944e-07
 Reference value :  6.02168e-07
 Reference value :  6.02384e-07
 Reference value :  6.02600e-07
 Reference value :  6.02816e-07
 Reference value :  6.03024e-07
 Reference value :  6.03248e-07
 Reference value :  6.03456e-07
 Reference value :  6.03672e-07
 Reference value :  6.03881e-07
 Reference value :  6.04104e-07
 Reference value :  6.04320e-07
 Reference value :  6.04537e-07
 Reference value :  6.04753e-07
 Reference value :  6.04969e-07
 Reference value :  6.05185e-07
 Reference value :  6.05408e-07
 Reference value :  6.05624e-07
 Reference value :  6.05841e-07
 Reference value :  6.06057e-07
 Reference value :  6.06280e-07
 Reference value :  6.06496e-07
 Reference value :  6.06705e-07
 Reference value :  6.06921e-07
 Reference value :  6.07137e-07
 Reference value :  6.07345e-07
 Reference value :  6.07553e-07
 Reference value :  6.07777e-07
 Reference value :  6.08001e-07
 Reference value :  6.08217e-07
 Reference value :  6.08433e-07
 Reference value :  6.08649e-07
 Reference value :  6.08865e-07
 Reference value :  6.09081e-07
 Reference value :  6.09297e-07
 Reference value :  6.09513e-07
 Reference value :  6.09729e-07
 Reference value :  6.09945e-07
 Reference value :  6.10161e-07
 Reference value :  6.10378e-07
 Reference value :  6.10594e-07
 Reference value :  6.10810e-07
 Reference value :  6.11026e-07
 Reference value :  6.11242e-07
 Reference value :  6.11458e-07
 Reference value :  6.11682e-07
 Reference value :  6.11890e-07
 Reference value :  6.12106e-07
 Reference value :  6.12314e-07
 Reference value :  6.12530e-07
 Reference value :  6.12739e-07
 Reference value :  6.12962e-07
 Reference value :  6.13171e-07
 Reference value :  6.13394e-07
 Reference value :  6.13611e-07
 Reference value :  6.13834e-07
 Reference value :  6.14050e-07
 Reference value :  6.14266e-07
 Reference value :  6.14482e-07
 Reference value :  6.14698e-07
 Reference value :  6.14915e-07
 Reference value :  6.15131e-07
 Reference value :  6.15347e-07
 Reference value :  6.15563e-07
 Reference value :  6.15786e-07
 Reference value :  6.16002e-07
 Reference value :  6.16219e-07
 Reference value :  6.16442e-07
 Reference value :  6.16658e-07
 Reference value :  6.16874e-07
 Reference value :  6.17090e-07
 Reference value :  6.17306e-07
 Reference value :  6.17523e-07
 Reference value :  6.17739e-07
 Reference value :  6.17955e-07
 Reference value :  6.18171e-07
 Reference value :  6.18394e-07
 Reference value :  6.18618e-07
 Reference value :  6.18834e-07
 Reference value :  6.19050e-07
 Reference value :  6.19266e-07
 Reference value :  6.19482e-07
 Reference value :  6.19706e-07
 Reference value :  6.19930e-07
 Reference value :  6.20154e-07
 Reference value :  6.20370e-07
 Reference value :  6.20586e-07
 Reference value :  6.20802e-07
 Reference value :  6.21018e-07
 Reference value :  6.21242e-07
 Reference value :  6.21458e-07
 Reference value :  6.21674e-07
 Reference value :  6.21890e-07
 Reference value :  6.22098e-07
 Reference value :  6.22314e-07
 Reference value :  6.22530e-07
 Reference value :  6.22754e-07
 Reference value :  6.22970e-07
 Reference value :  6.23186e-07
 Reference value :  6.23402e-07
 Reference value :  6.23610e-07
 Reference value :  6.23819e-07
 Reference value :  6.24043e-07
 Reference value :  6.24251e-07
 Reference value :  6.24467e-07
 Reference value :  6.24683e-07
 Reference value :  6.24907e-07
 Reference value :  6.25123e-07
 Reference value :  6.25339e-07
 Reference value :  6.25555e-07
 Reference value :  6.25771e-07
 Reference value :  6.25987e-07
 Reference value :  6.26211e-07
 Reference value :  6.26427e-07
 Reference value :  6.26635e-07
 Reference value :  6.26859e-07
 Reference value :  6.27075e-07
 Reference value :  6.27291e-07
 Reference value :  6.27507e-07
 Reference value :  6.27731e-07
 Reference value :  6.27947e-07
 Reference value :  6.28163e-07
 Reference value :  6.28379e-07
 Reference value :  6.28595e-07
 Reference value :  6.28803e-07
 Reference value :  6.29019e-07
 Reference value :  6.29228e-07
 Reference value :  6.29451e-07
 Reference value :  6.29668e-07
 Reference value :  6.29884e-07
 Reference value :  6.30107e-07
 Reference value :  6.30323e-07
 Reference value :  6.30539e-07
 Reference value :  6.30755e-07
 Reference value :  6.30979e-07
 Reference value :  6.31195e-07
 Reference value :  6.31411e-07
 Reference value :  6.31627e-07
 Reference value :  6.31843e-07
 Reference value :  6.32059e-07
 Reference value :  6.32276e-07
 Reference value :  6.32492e-07
 Reference value :  6.32708e-07
 Reference value :  6.32931e-07
 Reference value :  6.33140e-07
 Reference value :  6.33356e-07
 Reference value :  6.33572e-07
 Reference value :  6.33788e-07
 Reference value :  6.34012e-07
 Reference value :  6.34228e-07
 Reference value :  6.34444e-07
 Reference value :  6.34660e-07
 Reference value :  6.34876e-07
 Reference value :  6.35092e-07
 Reference value :  6.35308e-07
 Reference value :  6.35524e-07
 Reference value :  6.35748e-07
 Reference value :  6.35964e-07
 Reference value :  6.36180e-07
 Reference value :  6.36396e-07
 Reference value :  6.36604e-07
 Reference value :  6.36828e-07
 Reference value :  6.37044e-07
 Reference value :  6.37260e-07
 Reference value :  6.37476e-07
 Reference value :  6.37692e-07
 Reference value :  6.37908e-07
 Reference value :  6.38124e-07
 Reference value :  6.38340e-07
 Reference value :  6.38556e-07
 Reference value :  6.38772e-07
 Reference value :  6.38981e-07
 Reference value :  6.39205e-07
 Reference value :  6.39421e-07
 Reference value :  6.39637e-07
 Reference value :  6.39853e-07
 Reference value :  6.40069e-07
 Reference value :  6.40285e-07
 Reference value :  6.40501e-07
 Reference value :  6.40717e-07
 Reference value :  6.40933e-07
 Reference value :  6.41149e-07
 Reference value :  6.41365e-07
 Reference value :  6.41581e-07
 Reference value :  6.41789e-07
 Reference value :  6.42005e-07
 Reference value :  6.42221e-07
 Reference value :  6.42438e-07
 Reference value :  6.42654e-07
 Reference value :  6.42862e-07
 Reference value :  6.43070e-07
 Reference value :  6.43286e-07
 Reference value :  6.43502e-07
 Reference value :  6.43711e-07
 Reference value :  6.43934e-07
 Reference value :  6.44143e-07
 Reference value :  6.44351e-07
 Reference value :  6.44559e-07
 Reference value :  6.44775e-07
 Reference value :  6.44992e-07
 Reference value :  6.45200e-07
 Reference value :  6.45408e-07
 Reference value :  6.45624e-07
 Reference value :  6.45848e-07
 Reference value :  6.46064e-07
 Reference value :  6.46280e-07
 Reference value :  6.46496e-07
 Reference value :  6.46712e-07
 Reference value :  6.46936e-07
 Reference value :  6.47152e-07
 Reference value :  6.47368e-07
 Reference value :  6.47584e-07
 Reference value :  6.47808e-07
 Reference value :  6.48032e-07
 Reference value :  6.48248e-07
 Reference value :  6.48464e-07
 Reference value :  6.48680e-07
 Reference value :  6.48904e-07
 Reference value :  6.49120e-07
 Reference value :  6.49336e-07
 Reference value :  6.49552e-07
 Reference value :  6.49775e-07
 Reference value :  6.49991e-07
 Reference value :  6.50200e-07
 Reference value :  6.50416e-07
 Reference value :  6.50632e-07
 Reference value :  6.50848e-07
 Reference value :  6.51072e-07
 Reference value :  6.51280e-07
 Reference value :  6.51496e-07
 Reference value :  6.51704e-07
 Reference value :  6.51920e-07
 Reference value :  6.52137e-07
 Reference value :  6.52353e-07
 Reference value :  6.52576e-07
 Reference value :  6.52792e-07
 Reference value :  6.53001e-07
 Reference value :  6.53217e-07
 Reference value :  6.53433e-07
 Reference value :  6.53649e-07
 Reference value :  6.53865e-07
 Reference value :  6.54073e-07
 Reference value :  6.54289e-07
 Reference value :  6.54505e-07
 Reference value :  6.54729e-07
 Reference value :  6.54945e-07
 Reference value :  6.55169e-07
 Reference value :  6.55385e-07
 Reference value :  6.55601e-07
 Reference value :  6.55817e-07
 Reference value :  6.56033e-07
 Reference value :  6.56249e-07
 Reference value :  6.56465e-07
 Reference value :  6.56674e-07
 Reference value :  6.56890e-07
 Reference value :  6.57106e-07
 Reference value :  6.57322e-07
 Reference value :  6.57545e-07
 Reference value :  6.57761e-07
 Reference value :  6.57978e-07
 Reference value :  6.58194e-07
 Reference value :  6.58410e-07
 Reference value :  6.58626e-07
 Reference value :  6.58842e-07
 Reference value :  6.59065e-07
 Reference value :  6.59289e-07
 Reference value :  6.59505e-07
 Reference value :  6.59714e-07
 Reference value :  6.59930e-07
 Reference value :  6.60146e-07
 Reference value :  6.60362e-07
 Reference value :  6.60578e-07
 Reference value :  6.60794e-07
 Reference value :  6.61018e-07
 Reference value :  6.61234e-07
 Reference value :  6.61442e-07
 Reference value :  6.61666e-07
 Reference value :  6.61882e-07
 Reference value :  6.62098e-07
 Reference value :  6.62314e-07
 Reference value :  6.62530e-07
 Reference value :  6.62746e-07
 Reference value :  6.62962e-07
 Reference value :  6.63178e-07
 Reference value :  6.63394e-07
 Reference value :  6.63610e-07
 Reference value :  6.63834e-07
 Reference value :  6.64050e-07
 Reference value :  6.64266e-07
 Reference value :  6.64482e-07
 Reference value :  6.64706e-07
 Reference value :  6.64922e-07
 Reference value :  6.65138e-07
 Reference value :  6.65354e-07
 Reference value :  6.65570e-07
 Reference value :  6.65786e-07
 Reference value :  6.66002e-07
 Reference value :  6.66218e-07
 Reference value :  6.66434e-07
 Reference value :  6.66650e-07
 Reference value :  6.66866e-07
 Reference value :  6.67082e-07
 Reference value :  6.67298e-07
 Reference value :  6.67515e-07
 Reference value :  6.67723e-07
 Reference value :  6.67939e-07
 Reference value :  6.68155e-07
 Reference value :  6.68371e-07
 Reference value :  6.68595e-07
 Reference value :  6.68803e-07
 Reference value :  6.69019e-07
 Reference value :  6.69235e-07
 Reference value :  6.69451e-07
 Reference value :  6.69675e-07
 Reference value :  6.69891e-07
 Reference value :  6.70115e-07
 Reference value :  6.70331e-07
 Reference value :  6.70547e-07
 Reference value :  6.70763e-07
 Reference value :  6.70979e-07
 Reference value :  6.71195e-07
 Reference value :  6.71411e-07
 Reference value :  6.71627e-07
 Reference value :  6.71843e-07
 Reference value :  6.72059e-07
 Reference value :  6.72275e-07
 Reference value :  6.72499e-07
 Reference value :  6.72723e-07
 Reference value :  6.72939e-07
 Reference value :  6.73163e-07
 Reference value :  6.73379e-07
 Reference value :  6.73595e-07
 Reference value :  6.73803e-07
 Reference value :  6.74019e-07
 Reference value :  6.74243e-07
 Reference value :  6.74451e-07
 Reference value :  6.74675e-07
 Reference value :  6.74899e-07
 Reference value :  6.75115e-07
 Reference value :  6.75339e-07
 Reference value :  6.75555e-07
 Reference value :  6.75771e-07
 Reference value :  6.75987e-07
 Reference value :  6.76203e-07
 Reference value :  6.76419e-07
 Reference value :  6.76635e-07
 Reference value :  6.76851e-07
 Reference value :  6.77067e-07
 Reference value :  6.77283e-07
 Reference value :  6.77499e-07
 Reference value :  6.77715e-07
 Reference value :  6.77931e-07
 Reference value :  6.78147e-07
 Reference value :  6.78363e-07
 Reference value :  6.78579e-07
 Reference value :  6.78795e-07
 Reference value :  6.79011e-07
 Reference value :  6.79235e-07
 Reference value :  6.79451e-07
 Reference value :  6.79667e-07
 Reference value :  6.79883e-07
 Reference value :  6.80107e-07
 Reference value :  6.80323e-07
 Reference value :  6.80539e-07
 Reference value :  6.80755e-07
 Reference value :  6.80971e-07
 Reference value :  6.81187e-07
 Reference value :  6.81403e-07
 Reference value :  6.81627e-07
 Reference value :  6.81843e-07
 Reference value :  6.82059e-07
 Reference value :  6.82275e-07
 Reference value :  6.82491e-07
 Reference value :  6.82707e-07
 Reference value :  6.82923e-07
 Reference value :  6.83139e-07
 Reference value :  6.83355e-07
 Reference value :  6.83572e-07
 Reference value :  6.83788e-07
 Reference value :  6.84011e-07
 Reference value :  6.84235e-07
 Reference value :  6.84451e-07
 Reference value :  6.84675e-07
 Reference value :  6.84883e-07
 Reference value :  6.85099e-07
 Reference value :  6.85315e-07
 Reference value :  6.85531e-07
 Reference value :  6.85755e-07
 Reference value :  6.85971e-07
 Reference value :  6.86187e-07
 Reference value :  6.86403e-07
 Reference value :  6.86619e-07
 Reference value :  6.86828e-07
 Reference value :  6.87044e-07
 Reference value :  6.87260e-07
 Reference value :  6.87476e-07
 Reference value :  6.87700e-07
 Reference value :  6.87916e-07
 Reference value :  6.88124e-07
 Reference value :  6.88332e-07
 Reference value :  6.88548e-07
 Reference value :  6.88764e-07
 Reference value :  6.88980e-07
 Reference value :  6.89196e-07
 Reference value :  6.89413e-07
 Reference value :  6.89629e-07
 Reference value :  6.89837e-07
 Reference value :  6.90053e-07
 Reference value :  6.90269e-07
 Reference value :  6.90477e-07
 Reference value :  6.90693e-07
 Reference value :  6.90909e-07
 Reference value :  6.91125e-07
 Reference value :  6.91334e-07
 Reference value :  6.91550e-07
 Reference value :  6.91766e-07
 Reference value :  6.91982e-07
 Reference value :  6.92198e-07
 Reference value :  6.92422e-07
 Reference value :  6.92638e-07
 Reference value :  6.92854e-07
 Reference value :  6.93078e-07
 Reference value :  6.93294e-07
 Reference value :  6.93510e-07
 Reference value :  6.93726e-07
 Reference value :  6.93942e-07
 Reference value :  6.94158e-07
 Reference value :  6.94374e-07
 Reference value :  6.94590e-07
 Reference value :  6.94806e-07
 Reference value :  6.95030e-07
 Reference value :  6.95238e-07
 Reference value :  6.95454e-07
 Reference value :  6.95670e-07
 Reference value :  6.95879e-07
 Reference value :  6.96095e-07
 Reference value :  6.96311e-07
 Reference value :  6.96527e-07
 Reference value :  6.96750e-07
 Reference value :  6.96966e-07
 Reference value :  6.97190e-07
 Reference value :  6.97399e-07
 Reference value :  6.97622e-07
 Reference value :  6.97838e-07
 Reference value :  6.98054e-07
 Reference value :  6.98263e-07
 Reference value :  6.98471e-07
 Reference value :  6.98687e-07
 Reference value :  6.98903e-07
 Reference value :  6.99119e-07
 Reference value :  6.99335e-07
 Reference value :  6.99551e-07
 Reference value :  6.99767e-07
 Reference value :  6.99983e-07
 Reference value :  7.00199e-07
 Reference value :  7.00408e-07
 Reference value :  7.00624e-07
 Reference value :  7.00832e-07
 Reference value :  7.01048e-07
 Reference value :  7.01264e-07
 Reference value :  7.01480e-07
 Reference value :  7.01696e-07
 Reference value :  7.01912e-07
 Reference value :  7.02128e-07
 Reference value :  7.02352e-07
 Reference value :  7.02568e-07
 Reference value :  7.02792e-07
 Reference value :  7.03008e-07
 Reference value :  7.03216e-07
 Reference value :  7.03432e-07
 Reference value :  7.03649e-07
 Reference value :  7.03865e-07
 Reference value :  7.04081e-07
 Reference value :  7.04297e-07
 Reference value :  7.04513e-07
 Reference value :  7.04721e-07
 Reference value :  7.04945e-07
 Reference value :  7.05161e-07
 Reference value :  7.05377e-07
 Reference value :  7.05593e-07
 Reference value :  7.05809e-07
 Reference value :  7.06025e-07
 Reference value :  7.06249e-07
 Reference value :  7.06465e-07
 Reference value :  7.06681e-07
 Reference value :  7.06905e-07
 Reference value :  7.07121e-07
 Reference value :  7.07345e-07
 Reference value :  7.07553e-07
 Reference value :  7.07761e-07
 Reference value :  7.07977e-07
 Reference value :  7.08193e-07
 Reference value :  7.08417e-07
 Reference value :  7.08633e-07
 Reference value :  7.08849e-07
 Reference value :  7.09065e-07
 Reference value :  7.09274e-07
 Reference value :  7.09490e-07
 Reference value :  7.09706e-07
 Reference value :  7.09914e-07
 Reference value :  7.10138e-07
 Reference value :  7.10361e-07
 Reference value :  7.10578e-07
 Reference value :  7.10794e-07
 Reference value :  7.11010e-07
 Reference value :  7.11226e-07
 Reference value :  7.11442e-07
 Reference value :  7.11658e-07
 Reference value :  7.11866e-07
 Reference value :  7.12082e-07
 Reference value :  7.12298e-07
 Reference value :  7.12514e-07
 Reference value :  7.12730e-07
 Reference value :  7.12946e-07
 Reference value :  7.13162e-07
 Reference value :  7.13378e-07
 Reference value :  7.13594e-07
 Reference value :  7.13803e-07
 Reference value :  7.14019e-07
 Reference value :  7.14235e-07
 Reference value :  7.14459e-07
 Reference value :  7.14675e-07
 Reference value :  7.14891e-07
 Reference value :  7.15107e-07
 Reference value :  7.15315e-07
 Reference value :  7.15531e-07
 Reference value :  7.15747e-07
 Reference value :  7.15963e-07
 Reference value :  7.16179e-07
 Reference value :  7.16395e-07
 Reference value :  7.16604e-07
 Reference value :  7.16820e-07
 Reference value :  7.17036e-07
 Reference value :  7.17252e-07
 Reference value :  7.17468e-07
 Reference value :  7.17684e-07
 Reference value :  7.17900e-07
 Reference value :  7.18116e-07
 Reference value :  7.18332e-07
 Reference value :  7.18540e-07
 Reference value :  7.18756e-07
 Reference value :  7.18965e-07
 Reference value :  7.19181e-07
 Reference value :  7.19397e-07
 Reference value :  7.19613e-07
 Reference value :  7.19829e-07
 Reference value :  7.20045e-07
 Reference value :  7.20261e-07
 Reference value :  7.20477e-07
 Reference value :  7.20693e-07
 Reference value :  7.20909e-07
 Reference value :  7.21118e-07
 Reference value :  7.21334e-07
 Reference value :  7.21542e-07
 Reference value :  7.21766e-07
 Reference value :  7.21989e-07
 Reference value :  7.22206e-07
 Reference value :  7.22422e-07
 Reference value :  7.22638e-07
 Reference value :  7.22854e-07
 Reference value :  7.23070e-07
 Reference value :  7.23293e-07
 Reference value :  7.23510e-07
 Reference value :  7.23718e-07
 Reference value :  7.23934e-07
 Reference value :  7.24150e-07
 Reference value :  7.24374e-07
 Reference value :  7.24590e-07
 Reference value :  7.24798e-07
 Reference value :  7.25022e-07
 Reference value :  7.25238e-07
 Reference value :  7.25446e-07
 Reference value :  7.25662e-07
 Reference value :  7.25878e-07
 Reference value :  7.26094e-07
 Reference value :  7.26310e-07
 Reference value :  7.26519e-07
 Reference value :  7.26743e-07
 Reference value :  7.26951e-07
 Reference value :  7.27175e-07
 Reference value :  7.27398e-07
 Reference value :  7.27607e-07
 Reference value :  7.27823e-07
 Reference value :  7.28039e-07
 Reference value :  7.28247e-07
 Reference value :  7.28463e-07
 Reference value :  7.28672e-07
 Reference value :  7.28888e-07
 Reference value :  7.29104e-07
 Reference value :  7.29320e-07
 Reference value :  7.29536e-07
 Reference value :  7.29759e-07
 Reference value :  7.29976e-07
 Reference value :  7.30192e-07
 Reference value :  7.30408e-07
 Reference value :  7.30624e-07
 Reference value :  7.30832e-07
 Reference value :  7.31040e-07
 Reference value :  7.31264e-07
 Reference value :  7.31480e-07
 Reference value :  7.31696e-07
 Reference value :  7.31912e-07
 Reference value :  7.32128e-07
 Reference value :  7.32344e-07
 Reference value :  7.32560e-07
 Reference value :  7.32769e-07
 Reference value :  7.32992e-07
 Reference value :  7.33201e-07
 Reference value :  7.33417e-07
 Reference value :  7.33633e-07
 Reference value :  7.33841e-07
 Reference value :  7.34057e-07
 Reference value :  7.34266e-07
 Reference value :  7.34482e-07
 Reference value :  7.34690e-07
 Reference value :  7.34898e-07
 Reference value :  7.35107e-07
 Reference value :  7.35323e-07
 Reference value :  7.35546e-07
 Reference value :  7.35755e-07
 Reference value :  7.35979e-07
 Reference value :  7.36195e-07
 Reference value :  7.36411e-07
 Reference value :  7.36627e-07
 Reference value :  7.36843e-07
 Reference value :  7.37051e-07
 Reference value :  7.37267e-07
 Reference value :  7.37475e-07
 Reference value :  7.37692e-07
 Reference value :  7.37900e-07
 Reference value :  7.38108e-07
 Reference value :  7.38324e-07
 Reference value :  7.38548e-07
 Reference value :  7.38764e-07
 Reference value :  7.38980e-07
 Reference value :  7.39188e-07
 Reference value :  7.39404e-07
 Reference value :  7.39621e-07
 Reference value :  7.39829e-07
 Reference value :  7.40045e-07
 Reference value :  7.40253e-07
 Reference value :  7.40462e-07
 Reference value :  7.40670e-07
 Reference value :  7.40886e-07
 Reference value :  7.41094e-07
 Reference value :  7.41303e-07
 Reference value :  7.41519e-07
 Reference value :  7.41727e-07
 Reference value :  7.41943e-07
 Reference value :  7.42159e-07
 Reference value :  7.42367e-07
 Reference value :  7.42576e-07
 Reference value :  7.42784e-07
 Reference value :  7.42992e-07
 Reference value :  7.43208e-07
 Reference value :  7.43425e-07
 Reference value :  7.43641e-07
 Reference value :  7.43864e-07
 Reference value :  7.44080e-07
 Reference value :  7.44289e-07
 Reference value :  7.44505e-07
 Reference value :  7.44721e-07
 Reference value :  7.44937e-07
 Reference value :  7.45153e-07
 Reference value :  7.45369e-07
 Reference value :  7.45585e-07
 Reference value :  7.45793e-07
 Reference value :  7.46009e-07
 Reference value :  7.46218e-07
 Reference value :  7.46426e-07
 Reference value :  7.46634e-07
 Reference value :  7.46850e-07
 Reference value :  7.47066e-07
 Reference value :  7.47283e-07
 Reference value :  7.47499e-07
 Reference value :  7.47715e-07
 Reference value :  7.47931e-07
 Reference value :  7.48147e-07
 Reference value :  7.48355e-07
 Reference value :  7.48563e-07
 Reference value :  7.48779e-07
 Reference value :  7.48995e-07
 Reference value :  7.49212e-07
 Reference value :  7.49428e-07
 Reference value :  7.49636e-07
 Reference value :  7.49860e-07
 Reference value :  7.50076e-07
 Reference value :  7.50292e-07
 Reference value :  7.50516e-07
 Reference value :  7.50732e-07
 Reference value :  7.50940e-07
 Reference value :  7.51164e-07
 Reference value :  7.51380e-07
 Reference value :  7.51596e-07
 Reference value :  7.51812e-07
 Reference value :  7.52020e-07
 Reference value :  7.52228e-07
 Reference value :  7.52445e-07
 Reference value :  7.52653e-07
 Reference value :  7.52861e-07
 Reference value :  7.53077e-07
 Reference value :  7.53293e-07
 Reference value :  7.53502e-07
 Reference value :  7.53718e-07
 Reference value :  7.53926e-07
 Reference value :  7.54142e-07
 Reference value :  7.54358e-07
 Reference value :  7.54566e-07
 Reference value :  7.54782e-07
 Reference value :  7.54999e-07
 Reference value :  7.55215e-07
 Reference value :  7.55431e-07
 Reference value :  7.55647e-07
 Reference value :  7.55863e-07
 Reference value :  7.56079e-07
 Reference value :  7.56287e-07
 Reference value :  7.56503e-07
 Reference value :  7.56719e-07
 Reference value :  7.56943e-07
 Reference value :  7.57159e-07
 Reference value :  7.57367e-07
 Reference value :  7.57583e-07
 Reference value :  7.57799e-07
 Reference value :  7.58015e-07
 Reference value :  7.58232e-07
 Reference value :  7.58440e-07
 Reference value :  7.58656e-07
 Reference value :  7.58864e-07
 Reference value :  7.59080e-07
 Reference value :  7.59289e-07
 Reference value :  7.59497e-07
 Reference value :  7.59705e-07
 Reference value :  7.59921e-07
 Reference value :  7.60137e-07
 Reference value :  7.60353e-07
 Reference value :  7.60569e-07
 Reference value :  7.60786e-07
 Reference value :  7.61002e-07
 Reference value :  7.61218e-07
 Reference value :  7.61434e-07
 Reference value :  7.61650e-07
 Reference value :  7.61866e-07
 Reference value :  7.62090e-07
 Reference value :  7.62313e-07
 Reference value :  7.62529e-07
 Reference value :  7.62745e-07
 Reference value :  7.62954e-07
 Reference value :  7.63170e-07
 Reference value :  7.63386e-07
 Reference value :  7.63602e-07
 Reference value :  7.63810e-07
 Reference value :  7.64026e-07
 Reference value :  7.64242e-07
 Reference value :  7.64451e-07
 Reference value :  7.64667e-07
 Reference value :  7.64883e-07
 Reference value :  7.65091e-07
 Reference value :  7.65315e-07
 Reference value :  7.65523e-07
 Reference value :  7.65739e-07
 Reference value :  7.65955e-07
 Reference value :  7.66171e-07
 Reference value :  7.66380e-07
 Reference value :  7.66596e-07
 Reference value :  7.66812e-07
 Reference value :  7.67020e-07
 Reference value :  7.67236e-07
 Reference value :  7.67452e-07
 Reference value :  7.67668e-07
 Reference value :  7.67877e-07
 Reference value :  7.68093e-07
 Reference value :  7.68309e-07
 Reference value :  7.68525e-07
 Reference value :  7.68733e-07
 Reference value :  7.68957e-07
 Reference value :  7.69173e-07
 Reference value :  7.69389e-07
 Reference value :  7.69605e-07
 Reference value :  7.69821e-07
 Reference value :  7.70037e-07
 Reference value :  7.70253e-07
 Reference value :  7.70461e-07
 Reference value :  7.70677e-07
 Reference value :  7.70886e-07
 Reference value :  7.71094e-07
 Reference value :  7.71302e-07
 Reference value :  7.71511e-07
 Reference value :  7.71727e-07
 Reference value :  7.71935e-07
 Reference value :  7.72151e-07
 Reference value :  7.72367e-07
 Reference value :  7.72583e-07
 Reference value :  7.72799e-07
 Reference value :  7.73015e-07
 Reference value :  7.73231e-07
 Reference value :  7.73447e-07
 Reference value :  7.73656e-07
 Reference value :  7.73864e-07
 Reference value :  7.74072e-07
 Reference value :  7.74281e-07
 Reference value :  7.74497e-07
 Reference value :  7.74705e-07
 Reference value :  7.74921e-07
 Reference value :  7.75137e-07
 Reference value :  7.75353e-07
 Reference value :  7.75562e-07
 Reference value :  7.75778e-07
 Reference value :  7.75994e-07
 Reference value :  7.76202e-07
 Reference value :  7.76410e-07
 Reference value :  7.76619e-07
 Reference value :  7.76843e-07
 Reference value :  7.77051e-07
 Reference value :  7.77267e-07
 Reference value :  7.77483e-07
 Reference value :  7.77699e-07
 Reference value :  7.77915e-07
 Reference value :  7.78131e-07
 Reference value :  7.78339e-07
 Reference value :  7.78555e-07
 Reference value :  7.78779e-07
 Reference value :  7.78995e-07
 Reference value :  7.79204e-07
 Reference value :  7.79412e-07
 Reference value :  7.79628e-07
 Reference value :  7.79836e-07
 Reference value :  7.80052e-07
 Reference value :  7.80268e-07
 Reference value :  7.80484e-07
 Reference value :  7.80701e-07
 Reference value :  7.80909e-07
 Reference value :  7.81117e-07
 Reference value :  7.81326e-07
 Reference value :  7.81542e-07
 Reference value :  7.81750e-07
 Reference value :  7.81958e-07
 Reference value :  7.82174e-07
 Reference value :  7.82390e-07
 Reference value :  7.82599e-07
 Reference value :  7.82807e-07
 Reference value :  7.83023e-07
 Reference value :  7.83239e-07
 Reference value :  7.83447e-07
 Reference value :  7.83656e-07
 Reference value :  7.83872e-07
 Reference value :  7.84088e-07
 Reference value :  7.84304e-07
 Reference value :  7.84512e-07
 Reference value :  7.84728e-07
 Reference value :  7.84944e-07
 Reference value :  7.85160e-07
 Reference value :  7.85376e-07
 Reference value :  7.85592e-07
 Reference value :  7.85809e-07
 Reference value :  7.86025e-07
 Reference value :  7.86233e-07
 Reference value :  7.86449e-07
 Reference value :  7.86665e-07
 Reference value :  7.86881e-07
 Reference value :  7.87097e-07
 Reference value :  7.87313e-07
 Reference value :  7.87529e-07
 Reference value :  7.87745e-07
 Reference value :  7.87969e-07
 Reference value :  7.88185e-07
 Reference value :  7.88393e-07
 Reference value :  7.88609e-07
 Reference value :  7.88818e-07
 Reference value :  7.89034e-07
 Reference value :  7.89250e-07
 Reference value :  7.89466e-07
 Reference value :  7.89682e-07
 Reference value :  7.89890e-07
 Reference value :  7.90099e-07
 Reference value :  7.90315e-07
 Reference value :  7.90523e-07
 Reference value :  7.90731e-07
 Reference value :  7.90947e-07
 Reference value :  7.91163e-07
 Reference value :  7.91372e-07
 Reference value :  7.91588e-07
 Reference value :  7.91804e-07
 Reference value :  7.92020e-07
 Reference value :  7.92236e-07
 Reference value :  7.92460e-07
 Reference value :  7.92676e-07
 Reference value :  7.92884e-07
 Reference value :  7.93092e-07
 Reference value :  7.93301e-07
 Reference value :  7.93509e-07
 Reference value :  7.93725e-07
 Reference value :  7.93941e-07
 Reference value :  7.94150e-07
 Reference value :  7.94366e-07
 Reference value :  7.94582e-07
 Reference value :  7.94798e-07
 Reference value :  7.95014e-07
 Reference value :  7.95230e-07
 Reference value :  7.95446e-07
 Reference value :  7.95662e-07
 Reference value :  7.95878e-07
 Reference value :  7.96094e-07
 Reference value :  7.96310e-07
 Reference value :  7.96526e-07
 Reference value :  7.96734e-07
 Reference value :  7.96950e-07
 Reference value :  7.97166e-07
 Reference value :  7.97383e-07
 Reference value :  7.97591e-07
 Reference value :  7.97807e-07
 Reference value :  7.98015e-07
 Reference value :  7.98231e-07
 Reference value :  7.98447e-07
 Reference value :  7.98663e-07
 Reference value :  7.98879e-07
 Reference value :  7.99103e-07
 Reference value :  7.99319e-07
 Reference value :  7.99528e-07
 Reference value :  7.99744e-07
 Reference value :  7.99952e-07
 Reference value :  8.00160e-07
 Reference value :  8.00376e-07
 Reference value :  8.00592e-07
 Reference value :  8.00801e-07
 Reference value :  8.01009e-07
 Reference value :  8.01217e-07
 Reference value :  8.01433e-07
 Reference value :  8.01642e-07
 Reference value :  8.01858e-07
 Reference value :  8.02074e-07
 Reference value :  8.02282e-07
 Reference value :  8.02498e-07
 Reference value :  8.02714e-07
 Reference value :  8.02915e-07
 Reference value :  8.03131e-07
 Reference value :  8.03339e-07
 Reference value :  8.03555e-07
 Reference value :  8.03771e-07
 Reference value :  8.03980e-07
 Reference value :  8.04196e-07
 Reference value :  8.04404e-07
 Reference value :  8.04620e-07
 Reference value :  8.04828e-07
 Reference value :  8.05044e-07
 Reference value :  8.05261e-07
 Reference value :  8.05469e-07
 Reference value :  8.05685e-07
 Reference value :  8.05901e-07
 Reference value :  8.06109e-07
 Reference value :  8.06325e-07
 Reference value :  8.06541e-07
 Reference value :  8.06757e-07
 Reference value :  8.06973e-07
 Reference value :  8.07190e-07
 Reference value :  8.07413e-07
 Reference value :  8.07629e-07
 Reference value :  8.07853e-07
 Reference value :  8.08061e-07
 Reference value :  8.08277e-07
 Reference value :  8.08494e-07
 Reference value :  8.08702e-07
 Reference value :  8.08926e-07
 Reference value :  8.09142e-07
 Reference value :  8.09358e-07
 Reference value :  8.09574e-07
 Reference value :  8.09790e-07
 Reference value :  8.10006e-07
 Reference value :  8.10214e-07
 Reference value :  8.10430e-07
 Reference value :  8.10646e-07
 Reference value :  8.10862e-07
 Reference value :  8.11078e-07
 Reference value :  8.11294e-07
 Reference value :  8.11511e-07
 Reference value :  8.11719e-07
 Reference value :  8.11935e-07
 Reference value :  8.12151e-07
 Reference value :  8.12359e-07
 Reference value :  8.12575e-07
 Reference value :  8.12784e-07
 Reference value :  8.13007e-07
 Reference value :  8.13216e-07
 Reference value :  8.13432e-07
 Reference value :  8.13648e-07
 Reference value :  8.13864e-07
 Reference value :  8.14080e-07
 Reference value :  8.14296e-07
 Reference value :  8.14512e-07
 Reference value :  8.14728e-07
 Reference value :  8.14944e-07
 Reference value :  8.15160e-07
 Reference value :  8.15376e-07
 Reference value :  8.15592e-07
 Reference value :  8.15808e-07
 Reference value :  8.16024e-07
 Reference value :  8.16233e-07
 Reference value :  8.16449e-07
 Reference value :  8.16665e-07
 Reference value :  8.16881e-07
 Reference value :  8.17097e-07
 Reference value :  8.17321e-07
 Reference value :  8.17537e-07
 Reference value :  8.17745e-07
 Reference value :  8.17953e-07
 Reference value :  8.18162e-07
 Reference value :  8.18378e-07
 Reference value :  8.18594e-07
 Reference value :  8.18810e-07
 Reference value :  8.19026e-07
 Reference value :  8.19242e-07
 Reference value :  8.19458e-07
 Reference value :  8.19674e-07
 Reference value :  8.19898e-07
 Reference value :  8.20114e-07
 Reference value :  8.20338e-07
 Reference value :  8.20546e-07
 Reference value :  8.20762e-07
 Reference value :  8.20978e-07
 Reference value :  8.21194e-07
 Reference value :  8.21410e-07
 Reference value :  8.21626e-07
 Reference value :  8.21842e-07
 Reference value :  8.22058e-07
 Reference value :  8.22274e-07
 Reference value :  8.22490e-07
 Reference value :  8.22714e-07
 Reference value :  8.22930e-07
 Reference value :  8.23146e-07
 Reference value :  8.23362e-07
 Reference value :  8.23578e-07
 Reference value :  8.23794e-07
 Reference value :  8.24003e-07
 Reference value :  8.24219e-07
 Reference value :  8.24435e-07
 Reference value :  8.24643e-07
 Reference value :  8.24859e-07
 Reference value :  8.25075e-07
 Reference value :  8.25291e-07
 Reference value :  8.25507e-07
 Reference value :  8.25716e-07
 Reference value :  8.25924e-07
 Reference value :  8.26140e-07
 Reference value :  8.26364e-07
 Reference value :  8.26580e-07
 Reference value :  8.26796e-07
 Reference value :  8.27012e-07
 Reference value :  8.27228e-07
 Reference value :  8.27444e-07
 Reference value :  8.27660e-07
 Reference value :  8.27884e-07
 Reference value :  8.28100e-07
 Reference value :  8.28316e-07
 Reference value :  8.28532e-07
 Reference value :  8.28748e-07
 Reference value :  8.28964e-07
 Reference value :  8.29180e-07
 Reference value :  8.29404e-07
 Reference value :  8.29612e-07
 Reference value :  8.29828e-07
 Reference value :  8.30037e-07
 Reference value :  8.30260e-07
 Reference value :  8.30476e-07
 Reference value :  8.30700e-07
 Reference value :  8.30916e-07
 Reference value :  8.31132e-07
 Reference value :  8.31356e-07
 Reference value :  8.31572e-07
 Reference value :  8.31780e-07
 Reference value :  8.31996e-07
 Reference value :  8.32213e-07
 Reference value :  8.32429e-07
 Reference value :  8.32645e-07
 Reference value :  8.32853e-07
 Reference value :  8.33069e-07
 Reference value :  8.33285e-07
 Reference value :  8.33493e-07
 Reference value :  8.33709e-07
 Reference value :  8.33925e-07
 Reference value :  8.34142e-07
 Reference value :  8.34358e-07
 Reference value :  8.34574e-07
 Reference value :  8.34782e-07
 Reference value :  8.34998e-07
 Reference value :  8.35214e-07
 Reference value :  8.35430e-07
 Reference value :  8.35646e-07
 Reference value :  8.35862e-07
 Reference value :  8.36078e-07
 Reference value :  8.36294e-07
 Reference value :  8.36503e-07
 Reference value :  8.36726e-07
 Reference value :  8.36950e-07
 Reference value :  8.37166e-07
 Reference value :  8.37382e-07
 Reference value :  8.37598e-07
 Reference value :  8.37814e-07
 Reference value :  8.38023e-07
 Reference value :  8.38239e-07
 Reference value :  8.38455e-07
 Reference value :  8.38679e-07
 Reference value :  8.38895e-07
 Reference value :  8.39111e-07
 Reference value :  8.39319e-07
 Reference value :  8.39535e-07
 Reference value :  8.39751e-07
 Reference value :  8.39959e-07
 Reference value :  8.40183e-07
 Reference value :  8.40391e-07
 Reference value :  8.40608e-07
 Reference value :  8.40824e-07
 Reference value :  8.41040e-07
 Reference value :  8.41256e-07
 Reference value :  8.41472e-07
 Reference value :  8.41688e-07
 Reference value :  8.41904e-07
 Reference value :  8.42128e-07
 Reference value :  8.42344e-07
 Reference value :  8.42560e-07
 Reference value :  8.42768e-07
 Reference value :  8.42984e-07
 Reference value :  8.43200e-07
 Reference value :  8.43416e-07
 Reference value :  8.43624e-07
 Reference value :  8.43841e-07
 Reference value :  8.44057e-07
 Reference value :  8.44265e-07
 Reference value :  8.44481e-07
 Reference value :  8.44697e-07
 Reference value :  8.44913e-07
 Reference value :  8.45129e-07
 Reference value :  8.45345e-07
 Reference value :  8.45561e-07
 Reference value :  8.45777e-07
 Reference value :  8.45993e-07
 Reference value :  8.46209e-07
 Reference value :  8.46418e-07
 Reference value :  8.46634e-07
 Reference value :  8.46850e-07
 Reference value :  8.47066e-07
 Reference value :  8.47282e-07
 Reference value :  8.47498e-07
 Reference value :  8.47714e-07
 Reference value :  8.47922e-07
 Reference value :  8.48138e-07
 Reference value :  8.48354e-07
 Reference value :  8.48570e-07
 Reference value :  8.48786e-07
 Reference value :  8.49003e-07
 Reference value :  8.49219e-07
 Reference value :  8.49435e-07
 Reference value :  8.49651e-07
 Reference value :  8.49867e-07
 Reference value :  8.50083e-07
 Reference value :  8.50299e-07
 Reference value :  8.50507e-07
 Reference value :  8.50723e-07
 Reference value :  8.50947e-07
 Reference value :  8.51163e-07
 Reference value :  8.51371e-07
 Reference value :  8.51595e-07
 Reference value :  8.51819e-07
 Reference value :  8.52035e-07
 Reference value :  8.52251e-07
 Reference value :  8.52467e-07
 Reference value :  8.52683e-07
 Reference value :  8.52899e-07
 Reference value :  8.53115e-07
 Reference value :  8.53331e-07
 Reference value :  8.53547e-07
 Reference value :  8.53756e-07
 Reference value :  8.53979e-07
 Reference value :  8.54195e-07
 Reference value :  8.54411e-07
 Reference value :  8.54635e-07
 Reference value :  8.54851e-07
 Reference value :  8.55067e-07
 Reference value :  8.55291e-07
 Reference value :  8.55507e-07
 Reference value :  8.55723e-07
 Reference value :  8.55932e-07
 Reference value :  8.56140e-07
 Reference value :  8.56356e-07
 Reference value :  8.56572e-07
 Reference value :  8.56788e-07
 Reference value :  8.57004e-07
 Reference value :  8.57220e-07
 Reference value :  8.57436e-07
 Reference value :  8.57652e-07
 Reference value :  8.57868e-07
 Reference value :  8.58084e-07
 Reference value :  8.58300e-07
 Reference value :  8.58516e-07
 Reference value :  8.58740e-07
 Reference value :  8.58956e-07
 Reference value :  8.59180e-07
 Reference value :  8.59396e-07
 Reference value :  8.59612e-07
 Reference value :  8.59828e-07
 Reference value :  8.60044e-07
 Reference value :  8.60260e-07
 Reference value :  8.60476e-07
 Reference value :  8.60692e-07
 Reference value :  8.60908e-07
 Reference value :  8.61124e-07
 Reference value :  8.61333e-07
 Reference value :  8.61549e-07
 Reference value :  8.61773e-07
 Reference value :  8.61981e-07
 Reference value :  8.62205e-07
 Reference value :  8.62413e-07
 Reference value :  8.62629e-07
 Reference value :  8.62845e-07
 Reference value :  8.63061e-07
 Reference value :  8.63277e-07
 Reference value :  8.63493e-07
 Reference value :  8.63709e-07
 Reference value :  8.63925e-07
 Reference value :  8.64149e-07
 Reference value :  8.64365e-07
 Reference value :  8.64589e-07
 Reference value :  8.64797e-07
 Reference value :  8.65006e-07
 Reference value :  8.65222e-07
 Reference value :  8.65438e-07
 Reference value :  8.65646e-07
 Reference value :  8.65862e-07
 Reference value :  8.66078e-07
 Reference value :  8.66294e-07
 Reference value :  8.66510e-07
 Reference value :  8.66734e-07
 Reference value :  8.66950e-07
 Reference value :  8.67166e-07
 Reference value :  8.67374e-07
 Reference value :  8.67590e-07
 Reference value :  8.67806e-07
 Reference value :  8.68015e-07
 Reference value :  8.68239e-07
 Reference value :  8.68462e-07
 Reference value :  8.68678e-07
 Reference value :  8.68894e-07
 Reference value :  8.69110e-07
 Reference value :  8.69326e-07
 Reference value :  8.69543e-07
 Reference value :  8.69751e-07
 Reference value :  8.69959e-07
 Reference value :  8.70175e-07
 Reference value :  8.70384e-07
 Reference value :  8.70607e-07
 Reference value :  8.70816e-07
 Reference value :  8.71032e-07
 Reference value :  8.71248e-07
 Reference value :  8.71464e-07
 Reference value :  8.71672e-07
 Reference value :  8.71888e-07
 Reference value :  8.72097e-07
 Reference value :  8.72305e-07
 Reference value :  8.72521e-07
 Reference value :  8.72737e-07
 Reference value :  8.72953e-07
 Reference value :  8.73169e-07
 Reference value :  8.73393e-07
 Reference value :  8.73609e-07
 Reference value :  8.73817e-07
 Reference value :  8.74033e-07
 Reference value :  8.74249e-07
 Reference value :  8.74458e-07
 Reference value :  8.74674e-07
 Reference value :  8.74890e-07
 Reference value :  8.75106e-07
 Reference value :  8.75322e-07
 Reference value :  8.75538e-07
 Reference value :  8.75754e-07
 Reference value :  8.75970e-07
 Reference value :  8.76186e-07
 Reference value :  8.76394e-07
 Reference value :  8.76603e-07
 Reference value :  8.76819e-07
 Reference value :  8.77027e-07
 Reference value :  8.77243e-07
 Reference value :  8.77459e-07
 Reference value :  8.77675e-07
 Reference value :  8.77891e-07
 Reference value :  8.78100e-07
 Reference value :  8.78316e-07
 Reference value :  8.78532e-07
 Reference value :  8.78748e-07
 Reference value :  8.78956e-07
 Reference value :  8.79164e-07
 Reference value :  8.79388e-07
 Reference value :  8.79612e-07
 Reference value :  8.79828e-07
 Reference value :  8.80044e-07
 Reference value :  8.80252e-07
 Reference value :  8.80461e-07
 Reference value :  8.80677e-07
 Reference value :  8.80893e-07
 Reference value :  8.81109e-07
 Reference value :  8.81325e-07
 Reference value :  8.81541e-07
 Reference value :  8.81749e-07
 Reference value :  8.81958e-07
 Reference value :  8.82174e-07
 Reference value :  8.82382e-07
 Reference value :  8.82598e-07
 Reference value :  8.82814e-07
 Reference value :  8.83030e-07
 Reference value :  8.83246e-07
 Reference value :  8.83462e-07
 Reference value :  8.83678e-07
 Reference value :  8.83887e-07
 Reference value :  8.84103e-07
 Reference value :  8.84319e-07
 Reference value :  8.84527e-07
 Reference value :  8.84743e-07
 Reference value :  8.84959e-07
 Reference value :  8.85175e-07
 Reference value :  8.85391e-07
 Reference value :  8.85607e-07
 Reference value :  8.85816e-07
 Reference value :  8.86024e-07
 Reference value :  8.86240e-07
 Reference value :  8.86456e-07
 Reference value :  8.86664e-07
 Reference value :  8.86880e-07
 Reference value :  8.87096e-07
 Reference value :  8.87312e-07
 Reference value :  8.87529e-07
 Reference value :  8.87745e-07
 Reference value :  8.87961e-07
 Reference value :  8.88177e-07
 Reference value :  8.88393e-07
 Reference value :  8.88609e-07
 Reference value :  8.88825e-07
 Reference value :  8.89041e-07
 Reference value :  8.89257e-07
 Reference value :  8.89473e-07
 Reference value :  8.89689e-07
 Reference value :  8.89897e-07
 Reference value :  8.90113e-07
 Reference value :  8.90322e-07
 Reference value :  8.90530e-07
 Reference value :  8.90746e-07
 Reference value :  8.90962e-07
 Reference value :  8.91178e-07
 Reference value :  8.91394e-07
 Reference value :  8.91603e-07
 Reference value :  8.91819e-07
 Reference value :  8.92035e-07
 Reference value :  8.92251e-07
 Reference value :  8.92467e-07
 Reference value :  8.92675e-07
 Reference value :  8.92891e-07
 Reference value :  8.93099e-07
 Reference value :  8.93316e-07
 Reference value :  8.93532e-07
 Reference value :  8.93748e-07
 Reference value :  8.93964e-07
 Reference value :  8.94180e-07
 Reference value :  8.94380e-07
 Reference value :  8.94596e-07
 Reference value :  8.94812e-07
 Reference value :  8.95028e-07
 Reference value :  8.95245e-07
 Reference value :  8.95461e-07
 Reference value :  8.95669e-07
 Reference value :  8.95885e-07
 Reference value :  8.96101e-07
 Reference value :  8.96317e-07
 Reference value :  8.96533e-07
 Reference value :  8.96741e-07
 Reference value :  8.96950e-07
 Reference value :  8.97166e-07
 Reference value :  8.97382e-07
 Reference value :  8.97606e-07
 Reference value :  8.97814e-07
 Reference value :  8.98038e-07
 Reference value :  8.98254e-07
 Reference value :  8.98470e-07
 Reference value :  8.98686e-07
 Reference value :  8.98902e-07
 Reference value :  8.99110e-07
 Reference value :  8.99326e-07
 Reference value :  8.99535e-07
 Reference value :  8.99751e-07
 Reference value :  8.99974e-07
 Reference value :  9.00190e-07
 Reference value :  9.00414e-07
 Reference value :  9.00623e-07
 Reference value :  9.00839e-07
 Reference value :  9.01055e-07
 Reference value :  9.01263e-07
 Reference value :  9.01479e-07
 Reference value :  9.01695e-07
 Reference value :  9.01911e-07
 Reference value :  9.02119e-07
 Reference value :  9.02336e-07
 Reference value :  9.02552e-07
 Reference value :  9.02760e-07
 Reference value :  9.02976e-07
 Reference value :  9.03192e-07
 Reference value :  9.03408e-07
 Reference value :  9.03616e-07
 Reference value :  9.03832e-07
 Reference value :  9.04048e-07
 Reference value :  9.04265e-07
 Reference value :  9.04473e-07
 Reference value :  9.04689e-07
 Reference value :  9.04905e-07
 Reference value :  9.05121e-07
 Reference value :  9.05337e-07
 Reference value :  9.05553e-07
 Reference value :  9.05769e-07
 Reference value :  9.05985e-07
 Reference value :  9.06201e-07
 Reference value :  9.06410e-07
 Reference value :  9.06626e-07
 Reference value :  9.06849e-07
 Reference value :  9.07058e-07
 Reference value :  9.07266e-07
 Reference value :  9.07482e-07
 Reference value :  9.07698e-07
 Reference value :  9.07922e-07
 Reference value :  9.08138e-07
 Reference value :  9.08346e-07
 Reference value :  9.08555e-07
 Reference value :  9.08763e-07
 Reference value :  9.08979e-07
 Reference value :  9.09195e-07
 Reference value :  9.09411e-07
 Reference value :  9.09627e-07
 Reference value :  9.09851e-07
 Reference value :  9.10067e-07
 Reference value :  9.10283e-07
 Reference value :  9.10507e-07
 Reference value :  9.10723e-07
 Reference value :  9.10931e-07
 Reference value :  9.11147e-07
 Reference value :  9.11356e-07
 Reference value :  9.11572e-07
 Reference value :  9.11795e-07
 Reference value :  9.12011e-07
 Reference value :  9.12227e-07
 Reference value :  9.12443e-07
 Reference value :  9.12660e-07
 Reference value :  9.12876e-07
 Reference value :  9.13084e-07
 Reference value :  9.13300e-07
 Reference value :  9.13516e-07
 Reference value :  9.13732e-07
 Reference value :  9.13940e-07
 Reference value :  9.14156e-07
 Reference value :  9.14372e-07
 Reference value :  9.14589e-07
 Reference value :  9.14805e-07
 Reference value :  9.15021e-07
 Reference value :  9.15229e-07
 Reference value :  9.15437e-07
 Reference value :  9.15646e-07
 Reference value :  9.15862e-07
 Reference value :  9.16078e-07
 Reference value :  9.16286e-07
 Reference value :  9.16502e-07
 Reference value :  9.16710e-07
 Reference value :  9.16926e-07
 Reference value :  9.17143e-07
 Reference value :  9.17359e-07
 Reference value :  9.17567e-07
 Reference value :  9.17775e-07
 Reference value :  9.17984e-07
 Reference value :  9.18192e-07
 Reference value :  9.18408e-07
 Reference value :  9.18632e-07
 Reference value :  9.18848e-07
 Reference value :  9.19064e-07
 Reference value :  9.19272e-07
 Reference value :  9.19488e-07
 Reference value :  9.19704e-07
 Reference value :  9.19928e-07
 Reference value :  9.20144e-07
 Reference value :  9.20360e-07
 Reference value :  9.20568e-07
 Reference value :  9.20784e-07
 Reference value :  9.20993e-07
 Reference value :  9.21209e-07
 Reference value :  9.21425e-07
 Reference value :  9.21633e-07
 Reference value :  9.21842e-07
 Reference value :  9.22058e-07
 Reference value :  9.22274e-07
 Reference value :  9.22490e-07
 Reference value :  9.22706e-07
 Reference value :  9.22914e-07
 Reference value :  9.23130e-07
 Reference value :  9.23338e-07
 Reference value :  9.23555e-07
 Reference value :  9.23771e-07
 Reference value :  9.23979e-07
 Reference value :  9.24187e-07
 Reference value :  9.24403e-07
 Reference value :  9.24612e-07
 Reference value :  9.24820e-07
 Reference value :  9.25036e-07
 Reference value :  9.25244e-07
 Reference value :  9.25460e-07
 Reference value :  9.25676e-07
 Reference value :  9.25892e-07
 Reference value :  9.26109e-07
 Reference value :  9.26325e-07
 Reference value :  9.26541e-07
 Reference value :  9.26757e-07
 Reference value :  9.26973e-07
 Reference value :  9.27189e-07
 Reference value :  9.27405e-07
 Reference value :  9.27621e-07
 Reference value :  9.27829e-07
 Reference value :  9.28045e-07
 Reference value :  9.28261e-07
 Reference value :  9.28477e-07
 Reference value :  9.28701e-07
 Reference value :  9.28917e-07
 Reference value :  9.29125e-07
 Reference value :  9.29334e-07
 Reference value :  9.29550e-07
 Reference value :  9.29766e-07
 Reference value :  9.29982e-07
 Reference value :  9.30198e-07
 Reference value :  9.30414e-07
 Reference value :  9.30622e-07
 Reference value :  9.30838e-07
 Reference value :  9.31054e-07
 Reference value :  9.31271e-07
 Reference value :  9.31479e-07
 Reference value :  9.31695e-07
 Reference value :  9.31903e-07
 Reference value :  9.32119e-07
 Reference value :  9.32328e-07
 Reference value :  9.32536e-07
 Reference value :  9.32752e-07
 Reference value :  9.32968e-07
 Reference value :  9.33184e-07
 Reference value :  9.33392e-07
 Reference value :  9.33601e-07
 Reference value :  9.33817e-07
 Reference value :  9.34025e-07
 Reference value :  9.34241e-07
 Reference value :  9.34450e-07
 Reference value :  9.34666e-07
 Reference value :  9.34882e-07
 Reference value :  9.35090e-07
 Reference value :  9.35306e-07
 Reference value :  9.35522e-07
 Reference value :  9.35738e-07
 Reference value :  9.35954e-07
 Reference value :  9.36170e-07
 Reference value :  9.36386e-07
 Reference value :  9.36595e-07
 Reference value :  9.36803e-07
 Reference value :  9.37019e-07
 Reference value :  9.37235e-07
 Reference value :  9.37451e-07
 Reference value :  9.37675e-07
 Reference value :  9.37891e-07
 Reference value :  9.38107e-07
 Reference value :  9.38323e-07
 Reference value :  9.38539e-07
 Reference value :  9.38755e-07
 Reference value :  9.38963e-07
 Reference value :  9.39179e-07
 Reference value :  9.39395e-07
 Reference value :  9.39612e-07
 Reference value :  9.39820e-07
 Reference value :  9.40028e-07
 Reference value :  9.40244e-07
 Reference value :  9.40460e-07
 Reference value :  9.40676e-07
 Reference value :  9.40892e-07
 Reference value :  9.41101e-07
 Reference value :  9.41317e-07
 Reference value :  9.41525e-07
 Reference value :  9.41741e-07
 Reference value :  9.41957e-07
 Reference value :  9.42173e-07
 Reference value :  9.42389e-07
 Reference value :  9.42605e-07
 Reference value :  9.42821e-07
 Reference value :  9.43037e-07
 Reference value :  9.43253e-07
 Reference value :  9.43477e-07
 Reference value :  9.43693e-07
 Reference value :  9.43909e-07
 Reference value :  9.44125e-07
 Reference value :  9.44341e-07
 Reference value :  9.44550e-07
 Reference value :  9.44774e-07
 Reference value :  9.44990e-07
 Reference value :  9.45206e-07
 Reference value :  9.45429e-07
 Reference value :  9.45653e-07
 Reference value :  9.45869e-07
 Reference value :  9.46085e-07
 Reference value :  9.46301e-07
 Reference value :  9.46517e-07
 Reference value :  9.46733e-07
 Reference value :  9.46949e-07
 Reference value :  9.47165e-07
 Reference value :  9.47389e-07
 Reference value :  9.47613e-07
 Reference value :  9.47821e-07
 Reference value :  9.48037e-07
 Reference value :  9.48246e-07
 Reference value :  9.48462e-07
 Reference value :  9.48686e-07
 Reference value :  9.48902e-07
 Reference value :  9.49118e-07
 Reference value :  9.49334e-07
 Reference value :  9.49550e-07
 Reference value :  9.49774e-07
 Reference value :  9.49990e-07
 Reference value :  9.50206e-07
 Reference value :  9.50422e-07
 Reference value :  9.50638e-07
 Reference value :  9.50854e-07
 Reference value :  9.51070e-07
 Reference value :  9.51286e-07
 Reference value :  9.51510e-07
 Reference value :  9.51726e-07
 Reference value :  9.51949e-07
 Reference value :  9.52165e-07
 Reference value :  9.52382e-07
 Reference value :  9.52590e-07
 Reference value :  9.52806e-07
 Reference value :  9.53022e-07
 Reference value :  9.53238e-07
 Reference value :  9.53454e-07
 Reference value :  9.53670e-07
 Reference value :  9.53886e-07
 Reference value :  9.54102e-07
 Reference value :  9.54318e-07
 Reference value :  9.54534e-07
 Reference value :  9.54750e-07
 Reference value :  9.54959e-07
 Reference value :  9.55175e-07
 Reference value :  9.55391e-07
 Reference value :  9.55607e-07
 Reference value :  9.55823e-07
 Reference value :  9.56031e-07
 Reference value :  9.56247e-07
 Reference value :  9.56463e-07
 Reference value :  9.56679e-07
 Reference value :  9.56895e-07
 Reference value :  9.57111e-07
 Reference value :  9.57327e-07
 Reference value :  9.57544e-07
 Reference value :  9.57760e-07
 Reference value :  9.57976e-07
 Reference value :  9.58192e-07
 Reference value :  9.58408e-07
 Reference value :  9.58624e-07
 Reference value :  9.58832e-07
 Reference value :  9.59048e-07
 Reference value :  9.59264e-07
 Reference value :  9.59480e-07
 Reference value :  9.59696e-07
 Reference value :  9.59912e-07
 Reference value :  9.60136e-07
 Reference value :  9.60352e-07
 Reference value :  9.60568e-07
 Reference value :  9.60784e-07
 Reference value :  9.61000e-07
 Reference value :  9.61209e-07
 Reference value :  9.61417e-07
 Reference value :  9.61625e-07
 Reference value :  9.61841e-07
 Reference value :  9.62057e-07
 Reference value :  9.62281e-07
 Reference value :  9.62497e-07
 Reference value :  9.62713e-07
 Reference value :  9.62929e-07
 Reference value :  9.63145e-07
 Reference value :  9.63361e-07
 Reference value :  9.63577e-07
 Reference value :  9.63793e-07
 Reference value :  9.64002e-07
 Reference value :  9.64218e-07
 Reference value :  9.64434e-07
 Reference value :  9.64650e-07
 Reference value :  9.64866e-07
 Reference value :  9.65074e-07
 Reference value :  9.65290e-07
 Reference value :  9.65506e-07
 Reference value :  9.65722e-07
 Reference value :  9.65939e-07
 Reference value :  9.66155e-07
 Reference value :  9.66371e-07
 Reference value :  9.66587e-07
 Reference value :  9.66803e-07
 Reference value :  9.67019e-07
 Reference value :  9.67227e-07
 Reference value :  9.67443e-07
 Reference value :  9.67659e-07
 Reference value :  9.67875e-07
 Reference value :  9.68091e-07
 Reference value :  9.68307e-07
 Reference value :  9.68516e-07
 Reference value :  9.68732e-07
 Reference value :  9.68940e-07
 Reference value :  9.69156e-07
 Reference value :  9.69364e-07
 Reference value :  9.69588e-07
 Reference value :  9.69804e-07
 Reference value :  9.70020e-07
 Reference value :  9.70236e-07
 Reference value :  9.70452e-07
 Reference value :  9.70661e-07
 Reference value :  9.70884e-07
 Reference value :  9.71101e-07
 Reference value :  9.71317e-07
 Reference value :  9.71533e-07
 Reference value :  9.71749e-07
 Reference value :  9.71965e-07
 Reference value :  9.72181e-07
 Reference value :  9.72397e-07
 Reference value :  9.72605e-07
 Reference value :  9.72821e-07
 Reference value :  9.73045e-07
 Reference value :  9.73261e-07
 Reference value :  9.73477e-07
 Reference value :  9.73693e-07
 Reference value :  9.73917e-07
 Reference value :  9.74141e-07
 Reference value :  9.74357e-07
 Reference value :  9.74573e-07
 Reference value :  9.74781e-07
 Reference value :  9.74997e-07
 Reference value :  9.75213e-07
 Reference value :  9.75421e-07
 Reference value :  9.75638e-07
 Reference value :  9.75854e-07
 Reference value :  9.76070e-07
 Reference value :  9.76286e-07
 Reference value :  9.76509e-07
 Reference value :  9.76718e-07
 Reference value :  9.76934e-07
 Reference value :  9.77150e-07
 Reference value :  9.77366e-07
 Reference value :  9.77590e-07
 Reference value :  9.77806e-07
 Reference value :  9.78022e-07
 Reference value :  9.78230e-07
 Reference value :  9.78438e-07
 Reference value :  9.78647e-07
 Reference value :  9.78863e-07
 Reference value :  9.79079e-07
 Reference value :  9.79303e-07
 Reference value :  9.79519e-07
 Reference value :  9.79727e-07
 Reference value :  9.79943e-07
 Reference value :  9.80159e-07
 Reference value :  9.80383e-07
 Reference value :  9.80591e-07
 Reference value :  9.80807e-07
 Reference value :  9.81023e-07
 Reference value :  9.81239e-07
 Reference value :  9.81455e-07
 Reference value :  9.81671e-07
 Reference value :  9.81887e-07
 Reference value :  9.82104e-07
 Reference value :  9.82320e-07
 Reference value :  9.82536e-07
 Reference value :  9.82744e-07
 Reference value :  9.82952e-07
 Reference value :  9.83161e-07
 Reference value :  9.83377e-07
 Reference value :  9.83585e-07
 Reference value :  9.83801e-07
 Reference value :  9.84017e-07
 Reference value :  9.84233e-07
 Reference value :  9.84449e-07
 Reference value :  9.84658e-07
 Reference value :  9.84874e-07
 Reference value :  9.85090e-07
 Reference value :  9.85306e-07
 Reference value :  9.85522e-07
 Reference value :  9.85738e-07
 Reference value :  9.85946e-07
 Reference value :  9.86162e-07
 Reference value :  9.86378e-07
 Reference value :  9.86594e-07
 Reference value :  9.86810e-07
 Reference value :  9.87019e-07
 Reference value :  9.87242e-07
 Reference value :  9.87458e-07
 Reference value :  9.87682e-07
 Reference value :  9.87906e-07
 Reference value :  9.88114e-07
 Reference value :  9.88330e-07
 Reference value :  9.88546e-07
 Reference value :  9.88762e-07
 Reference value :  9.88979e-07
 Reference value :  9.89195e-07
 Reference value :  9.89411e-07
 Reference value :  9.89627e-07
 Reference value :  9.89843e-07
 Reference value :  9.90059e-07
 Reference value :  9.90275e-07
 Reference value :  9.90483e-07
 Reference value :  9.90699e-07
 Reference value :  9.90915e-07
 Reference value :  9.91139e-07
 Reference value :  9.91355e-07
 Reference value :  9.91563e-07
 Reference value :  9.91779e-07
 Reference value :  9.91988e-07
 Reference value :  9.92196e-07
 Reference value :  9.92412e-07
 Reference value :  9.92628e-07
 Reference value :  9.92837e-07
 Reference value :  9.93053e-07
 Reference value :  9.93261e-07
 Reference value :  9.93485e-07
 Reference value :  9.93701e-07
 Reference value :  9.93917e-07
 Reference value :  9.94125e-07
 Reference value :  9.94341e-07
 Reference value :  9.94549e-07
 Reference value :  9.94781e-07
 Reference value :  9.94997e-07
 Reference value :  9.95213e-07
 Reference value :  9.95429e-07
 Reference value :  9.95637e-07
 Reference value :  9.95853e-07
 Reference value :  9.96070e-07
 Reference value :  9.96286e-07
 Reference value :  9.96502e-07
 Reference value :  9.96718e-07
 Reference value :  9.96934e-07
 Reference value :  9.97150e-07
 Reference value :  9.97366e-07
 Reference value :  9.97582e-07
 Reference value :  9.97790e-07
 Reference value :  9.98006e-07
 Reference value :  9.98222e-07
 Reference value :  9.98438e-07
 Reference value :  9.98662e-07
 Reference value :  9.98878e-07
 Reference value :  9.99094e-07
 Reference value :  9.99303e-07
 Reference value :  9.99511e-07
 Reference value :  9.99735e-07
 Reference value :  9.99951e-07
 Reference value :  1.00017e-06
 Reference value :  1.00038e-06
 Reference value :  1.00060e-06
 Reference value :  1.00081e-06
 Reference value :  1.00103e-06
 Reference value :  1.00125e-06
 Reference value :  1.00146e-06
 Reference value :  1.00167e-06
 Reference value :  1.00189e-06
 Reference value :  1.00210e-06
 Reference value :  1.00232e-06
 Reference value :  1.00254e-06
 Reference value :  1.00277e-06
 Reference value :  1.00298e-06
 Reference value :  1.00320e-06
 Reference value :  1.00342e-06
 Reference value :  1.00363e-06
 Reference value :  1.00384e-06
 Reference value :  1.00406e-06
 Reference value :  1.00427e-06
 Reference value :  1.00449e-06
 Reference value :  1.00470e-06
 Reference value :  1.00492e-06
 Reference value :  1.00514e-06
 Reference value :  1.00536e-06
 Reference value :  1.00558e-06
 Reference value :  1.00579e-06
 Reference value :  1.00600e-06
 Reference value :  1.00622e-06
 Reference value :  1.00644e-06
 Reference value :  1.00665e-06
 Reference value :  1.00687e-06
 Reference value :  1.00709e-06
 Reference value :  1.00730e-06
 Reference value :  1.00751e-06
 Reference value :  1.00773e-06
 Reference value :  1.00794e-06
 Reference value :  1.00817e-06
 Reference value :  1.00838e-06
 Reference value :  1.00859e-06
 Reference value :  1.00880e-06
 Reference value :  1.00902e-06
 Reference value :  1.00923e-06
 Reference value :  1.00944e-06
 Reference value :  1.00966e-06
 Reference value :  1.00987e-06
 Reference value :  1.01008e-06
 Reference value :  1.01030e-06
 Reference value :  1.01051e-06
 Reference value :  1.01073e-06
 Reference value :  1.01094e-06
 Reference value :  1.01115e-06
 Reference value :  1.01137e-06
 Reference value :  1.01158e-06
 Reference value :  1.01179e-06
 Reference value :  1.01201e-06
 Reference value :  1.01223e-06
 Reference value :  1.01244e-06
 Reference value :  1.01266e-06
 Reference value :  1.01287e-06
 Reference value :  1.01309e-06
 Reference value :  1.01331e-06
 Reference value :  1.01352e-06
 Reference value :  1.01374e-06
 Reference value :  1.01396e-06
 Reference value :  1.01418e-06
 Reference value :  1.01440e-06
 Reference value :  1.01460e-06
 Reference value :  1.01482e-06
 Reference value :  1.01504e-06
 Reference value :  1.01524e-06
 Reference value :  1.01546e-06
 Reference value :  1.01567e-06
 Reference value :  1.01588e-06
 Reference value :  1.01611e-06
 Reference value :  1.01632e-06
 Reference value :  1.01654e-06
 Reference value :  1.01676e-06
 Reference value :  1.01698e-06
 Reference value :  1.01720e-06
 Reference value :  1.01741e-06
 Reference value :  1.01763e-06
 Reference value :  1.01784e-06
 Reference value :  1.01805e-06
 Reference value :  1.01827e-06
 Reference value :  1.01848e-06
 Reference value :  1.01870e-06
 Reference value :  1.01892e-06
 Reference value :  1.01914e-06
 Reference value :  1.01936e-06
 Reference value :  1.01957e-06
 Reference value :  1.01979e-06
 Reference value :  1.02000e-06
 Reference value :  1.02021e-06
 Reference value :  1.02042e-06
 Reference value :  1.02063e-06
 Reference value :  1.02085e-06
 Reference value :  1.02106e-06
 Reference value :  1.02127e-06
 Reference value :  1.02149e-06
 Reference value :  1.02171e-06
 Reference value :  1.02193e-06
 Reference value :  1.02215e-06
 Reference value :  1.02237e-06
 Reference value :  1.02258e-06
 Reference value :  1.02281e-06
 Reference value :  1.02302e-06
 Reference value :  1.02324e-06
 Reference value :  1.02345e-06
 Reference value :  1.02367e-06
 Reference value :  1.02389e-06
 Reference value :  1.02410e-06
 Reference value :  1.02432e-06
 Reference value :  1.02453e-06
 Reference value :  1.02475e-06
 Reference value :  1.02497e-06
 Reference value :  1.02518e-06
 Reference value :  1.02540e-06
 Reference value :  1.02561e-06
 Reference value :  1.02583e-06
 Reference value :  1.02605e-06
 Reference value :  1.02626e-06
 Reference value :  1.02648e-06
 Reference value :  1.02669e-06
 Reference value :  1.02691e-06
 Reference value :  1.02713e-06
 Reference value :  1.02734e-06
 Reference value :  1.02756e-06
 Reference value :  1.02778e-06
 Reference value :  1.02799e-06
 Reference value :  1.02821e-06
 Reference value :  1.02842e-06
 Reference value :  1.02864e-06
 Reference value :  1.02885e-06
 Reference value :  1.02907e-06
 Reference value :  1.02929e-06
 Reference value :  1.02950e-06
 Reference value :  1.02970e-06
 Reference value :  1.02991e-06
 Reference value :  1.03013e-06
 Reference value :  1.03034e-06
 Reference value :  1.03055e-06
 Reference value :  1.03077e-06
 Reference value :  1.03098e-06
 Reference value :  1.03120e-06
 Reference value :  1.03142e-06
 Reference value :  1.03162e-06
 Reference value :  1.03184e-06
 Reference value :  1.03206e-06
 Reference value :  1.03227e-06
 Reference value :  1.03250e-06
 Reference value :  1.03271e-06
 Reference value :  1.03292e-06
 Reference value :  1.03314e-06
 Reference value :  1.03335e-06
 Reference value :  1.03357e-06
 Reference value :  1.03378e-06
 Reference value :  1.03399e-06
 Reference value :  1.03421e-06
 Reference value :  1.03443e-06
 Reference value :  1.03464e-06
 Reference value :  1.03486e-06
 Reference value :  1.03507e-06
 Reference value :  1.03529e-06
 Reference value :  1.03551e-06
 Reference value :  1.03572e-06
 Reference value :  1.03593e-06
 Reference value :  1.03614e-06
 Reference value :  1.03635e-06
 Reference value :  1.03656e-06
 Reference value :  1.03678e-06
 Reference value :  1.03700e-06
 Reference value :  1.03720e-06
 Reference value :  1.03741e-06
 Reference value :  1.03763e-06
 Reference value :  1.03784e-06
 Reference value :  1.03805e-06
 Reference value :  1.03827e-06
 Reference value :  1.03848e-06
 Reference value :  1.03870e-06
 Reference value :  1.03892e-06
 Reference value :  1.03913e-06
 Reference value :  1.03935e-06
 Reference value :  1.03957e-06
 Reference value :  1.03979e-06
 Reference value :  1.04001e-06
 Reference value :  1.04023e-06
 Reference value :  1.04044e-06
 Reference value :  1.04065e-06
 Reference value :  1.04086e-06
 Reference value :  1.04108e-06
 Reference value :  1.04129e-06
 Reference value :  1.04150e-06
 Reference value :  1.04172e-06
 Reference value :  1.04193e-06
 Reference value :  1.04214e-06
 Reference value :  1.04236e-06
 Reference value :  1.04257e-06
 Reference value :  1.04280e-06
 Reference value :  1.04301e-06
 Reference value :  1.04323e-06
 Reference value :  1.04344e-06
 Reference value :  1.04365e-06
 Reference value :  1.04387e-06
 Reference value :  1.04409e-06
 Reference value :  1.04430e-06
 Reference value :  1.04452e-06
 Reference value :  1.04473e-06
 Reference value :  1.04495e-06
 Reference value :  1.04517e-06
 Reference value :  1.04538e-06
 Reference value :  1.04559e-06
 Reference value :  1.04581e-06
 Reference value :  1.04602e-06
 Reference value :  1.04623e-06
 Reference value :  1.04645e-06
 Reference value :  1.04666e-06
 Reference value :  1.04687e-06
 Reference value :  1.04709e-06
 Reference value :  1.04730e-06
 Reference value :  1.04752e-06
 Reference value :  1.04774e-06
 Reference value :  1.04796e-06
 Reference value :  1.04818e-06
 Reference value :  1.04838e-06
 Reference value :  1.04861e-06
 Reference value :  1.04882e-06
 Reference value :  1.04904e-06
 Reference value :  1.04926e-06
 Reference value :  1.04947e-06
 Reference value :  1.04968e-06
 Reference value :  1.04990e-06
 Reference value :  1.05010e-06
 Reference value :  1.05032e-06
 Reference value :  1.05054e-06
 Reference value :  1.05075e-06
 Reference value :  1.05097e-06
 Reference value :  1.05118e-06
 Reference value :  1.05141e-06
 Reference value :  1.05162e-06
 Reference value :  1.05184e-06
 Reference value :  1.05205e-06
 Reference value :  1.05227e-06
 Reference value :  1.05248e-06
 Reference value :  1.05270e-06
 Reference value :  1.05291e-06
 Reference value :  1.05313e-06
 Reference value :  1.05335e-06
 Reference value :  1.05356e-06
 Reference value :  1.05378e-06
 Reference value :  1.05400e-06
 Reference value :  1.05422e-06
 Reference value :  1.05443e-06
 Reference value :  1.05465e-06
 Reference value :  1.05487e-06
 Reference value :  1.05508e-06
 Reference value :  1.05530e-06
 Reference value :  1.05551e-06
 Reference value :  1.05573e-06
 Reference value :  1.05595e-06
 Reference value :  1.05616e-06
 Reference value :  1.05638e-06
 Reference value :  1.05660e-06
 Reference value :  1.05682e-06
 Reference value :  1.05703e-06
 Reference value :  1.05724e-06
 Reference value :  1.05747e-06
 Reference value :  1.05768e-06
 Reference value :  1.05790e-06
 Reference value :  1.05811e-06
 Reference value :  1.05832e-06
 Reference value :  1.05854e-06
 Reference value :  1.05875e-06
 Reference value :  1.05896e-06
 Reference value :  1.05918e-06
 Reference value :  1.05939e-06
 Reference value :  1.05961e-06
 Reference value :  1.05983e-06
 Reference value :  1.06004e-06
 Reference value :  1.06026e-06
 Reference value :  1.06048e-06
 Reference value :  1.06071e-06
 Reference value :  1.06092e-06
 Reference value :  1.06114e-06
 Reference value :  1.06136e-06
 Reference value :  1.06158e-06
 Reference value :  1.06179e-06
 Reference value :  1.06202e-06
 Reference value :  1.06223e-06
 Reference value :  1.06245e-06
 Reference value :  1.06267e-06
 Reference value :  1.06289e-06
 Reference value :  1.06311e-06
 Reference value :  1.06332e-06
 Reference value :  1.06355e-06
 Reference value :  1.06375e-06
 Reference value :  1.06398e-06
 Reference value :  1.06419e-06
 Reference value :  1.06441e-06
 Reference value :  1.06463e-06
 Reference value :  1.06485e-06
 Reference value :  1.06507e-06
 Reference value :  1.06528e-06
 Reference value :  1.06550e-06
 Reference value :  1.06571e-06
 Reference value :  1.06593e-06
 Reference value :  1.06615e-06
 Reference value :  1.06637e-06
 Reference value :  1.06659e-06
 Reference value :  1.06680e-06
 Reference value :  1.06701e-06
 Reference value :  1.06723e-06
 Reference value :  1.06745e-06
 Reference value :  1.06767e-06
 Reference value :  1.06788e-06
 Reference value :  1.06810e-06
 Reference value :  1.06831e-06
 Reference value :  1.06854e-06
 Reference value :  1.06875e-06
 Reference value :  1.06896e-06
 Reference value :  1.06917e-06
 Reference value :  1.06939e-06
 Reference value :  1.06960e-06
 Reference value :  1.06982e-06
 Reference value :  1.07004e-06
 Reference value :  1.07026e-06
 Reference value :  1.07047e-06
 Reference value :  1.07069e-06
 Reference value :  1.07091e-06
 Reference value :  1.07112e-06
 Reference value :  1.07133e-06
 Reference value :  1.07155e-06
 Reference value :  1.07176e-06
 Reference value :  1.07197e-06
 Reference value :  1.07219e-06
 Reference value :  1.07240e-06
 Reference value :  1.07261e-06
 Reference value :  1.07284e-06
 Reference value :  1.07305e-06
 Reference value :  1.07327e-06
 Reference value :  1.07348e-06
 Reference value :  1.07370e-06
 Reference value :  1.07392e-06
 Reference value :  1.07412e-06
 Reference value :  1.07434e-06
 Reference value :  1.07455e-06
 Reference value :  1.07476e-06
 Reference value :  1.07498e-06
 Reference value :  1.07520e-06
 Reference value :  1.07541e-06
 Reference value :  1.07564e-06
 Reference value :  1.07585e-06
 Reference value :  1.07606e-06
 Reference value :  1.07628e-06
 Reference value :  1.07650e-06
 Reference value :  1.07672e-06
 Reference value :  1.07693e-06
 Reference value :  1.07714e-06
 Reference value :  1.07736e-06
 Reference value :  1.07757e-06
 Reference value :  1.07778e-06
 Reference value :  1.07800e-06
 Reference value :  1.07821e-06
 Reference value :  1.07843e-06
 Reference value :  1.07865e-06
 Reference value :  1.07886e-06
 Reference value :  1.07908e-06
 Reference value :  1.07929e-06
 Reference value :  1.07951e-06
 Reference value :  1.07973e-06
 Reference value :  1.07994e-06
 Reference value :  1.08016e-06
 Reference value :  1.08037e-06
 Reference value :  1.08059e-06
 Reference value :  1.08081e-06
 Reference value :  1.08103e-06
 Reference value :  1.08125e-06
 Reference value :  1.08146e-06
 Reference value :  1.08168e-06
 Reference value :  1.08189e-06
 Reference value :  1.08210e-06
 Reference value :  1.08231e-06
 Reference value :  1.08253e-06
 Reference value :  1.08274e-06
 Reference value :  1.08296e-06
 Reference value :  1.08317e-06
 Reference value :  1.08338e-06
 Reference value :  1.08360e-06
 Reference value :  1.08381e-06
 Reference value :  1.08402e-06
 Reference value :  1.08423e-06
 Reference value :  1.08445e-06
 Reference value :  1.08466e-06
 Reference value :  1.08488e-06
 Reference value :  1.08509e-06
 Reference value :  1.08531e-06
 Reference value :  1.08552e-06
 Reference value :  1.08574e-06
 Reference value :  1.08595e-06
 Reference value :  1.08617e-06
 Reference value :  1.08638e-06
 Reference value :  1.08659e-06
 Reference value :  1.08680e-06
 Reference value :  1.08702e-06
 Reference value :  1.08723e-06
 Reference value :  1.08744e-06
 Reference value :  1.08766e-06
 Reference value :  1.08787e-06
 Reference value :  1.08808e-06
 Reference value :  1.08830e-06
 Reference value :  1.08851e-06
 Reference value :  1.08873e-06
 Reference value :  1.08895e-06
 Reference value :  1.08916e-06
 Reference value :  1.08937e-06
 Reference value :  1.08958e-06
 Reference value :  1.08979e-06
 Reference value :  1.09001e-06
 Reference value :  1.09022e-06
 Reference value :  1.09043e-06
 Reference value :  1.09064e-06
 Reference value :  1.09085e-06
 Reference value :  1.09106e-06
 Reference value :  1.09127e-06
 Reference value :  1.09147e-06
 Reference value :  1.09169e-06
 Reference value :  1.09189e-06
 Reference value :  1.09211e-06
 Reference value :  1.09233e-06
 Reference value :  1.09253e-06
 Reference value :  1.09275e-06
 Reference value :  1.09297e-06
 Reference value :  1.09318e-06
 Reference value :  1.09340e-06
 Reference value :  1.09362e-06
 Reference value :  1.09382e-06
 Reference value :  1.09403e-06
 Reference value :  1.09424e-06
 Reference value :  1.09446e-06
 Reference value :  1.09467e-06
 Reference value :  1.09489e-06
 Reference value :  1.09510e-06
 Reference value :  1.09533e-06
 Reference value :  1.09554e-06
 Reference value :  1.09575e-06
 Reference value :  1.09596e-06
 Reference value :  1.09617e-06
 Reference value :  1.09638e-06
 Reference value :  1.09659e-06
 Reference value :  1.09682e-06
 Reference value :  1.09703e-06
 Reference value :  1.09725e-06
 Reference value :  1.09747e-06
 Reference value :  1.09768e-06
 Reference value :  1.09790e-06
 Reference value :  1.09811e-06
 Reference value :  1.09832e-06
 Reference value :  1.09854e-06
 Reference value :  1.09875e-06
 Reference value :  1.09897e-06
 Reference value :  1.09919e-06
 Reference value :  1.09939e-06
 Reference value :  1.09960e-06
 Reference value :  1.09981e-06
 Reference value :  1.10003e-06
 Reference value :  1.10024e-06
 Reference value :  1.10047e-06
 Reference value :  1.10068e-06
 Reference value :  1.10090e-06
 Reference value :  1.10112e-06
 Reference value :  1.10133e-06
 Reference value :  1.10155e-06
 Reference value :  1.10176e-06
 Reference value :  1.10198e-06
 Reference value :  1.10220e-06
 Reference value :  1.10241e-06
 Reference value :  1.10263e-06
 Reference value :  1.10284e-06
 Reference value :  1.10306e-06
 Reference value :  1.10328e-06
 Reference value :  1.10350e-06
 Reference value :  1.10372e-06
 Reference value :  1.10392e-06
 Reference value :  1.10414e-06
 Reference value :  1.10436e-06
 Reference value :  1.10457e-06
 Reference value :  1.10479e-06
 Reference value :  1.10500e-06
 Reference value :  1.10521e-06
 Reference value :  1.10542e-06
 Reference value :  1.10562e-06
 Reference value :  1.10583e-06
 Reference value :  1.10604e-06
 Reference value :  1.10624e-06
 Reference value :  1.10645e-06
 Reference value :  1.10666e-06
 Reference value :  1.10687e-06
 Reference value :  1.10709e-06
 Reference value :  1.10730e-06
 Reference value :  1.10751e-06
 Reference value :  1.10772e-06
 Reference value :  1.10794e-06
 Reference value :  1.10816e-06
 Reference value :  1.10838e-06
 Reference value :  1.10858e-06
 Reference value :  1.10880e-06
 Reference value :  1.10902e-06
 Reference value :  1.10922e-06
 Reference value :  1.10943e-06
 Reference value :  1.10964e-06
 Reference value :  1.10985e-06
 Reference value :  1.11006e-06
 Reference value :  1.11027e-06
 Reference value :  1.11049e-06
 Reference value :  1.11071e-06
 Reference value :  1.11092e-06
 Reference value :  1.11113e-06
 Reference value :  1.11135e-06
 Reference value :  1.11156e-06
 Reference value :  1.11178e-06
 Reference value :  1.11199e-06
 Reference value :  1.11221e-06
 Reference value :  1.11242e-06
 Reference value :  1.11264e-06
 Reference value :  1.11285e-06
 Reference value :  1.11307e-06
 Reference value :  1.11328e-06
 Reference value :  1.11350e-06
 Reference value :  1.11372e-06
 Reference value :  1.11393e-06
 Reference value :  1.11414e-06
 Reference value :  1.11435e-06
 Reference value :  1.11456e-06
 Reference value :  1.11478e-06
 Reference value :  1.11500e-06
 Reference value :  1.11521e-06
 Reference value :  1.11543e-06
 Reference value :  1.11564e-06
 Reference value :  1.11586e-06
 Reference value :  1.11607e-06
 Reference value :  1.11628e-06
 Reference value :  1.11649e-06
 Reference value :  1.11671e-06
 Reference value :  1.11693e-06
 Reference value :  1.11714e-06
 Reference value :  1.11734e-06
 Reference value :  1.11756e-06
 Reference value :  1.11777e-06
 Reference value :  1.11797e-06
 Reference value :  1.11819e-06
 Reference value :  1.11841e-06
 Reference value :  1.11862e-06
 Reference value :  1.11884e-06
 Reference value :  1.11905e-06
 Reference value :  1.11927e-06
 Reference value :  1.11949e-06
 Reference value :  1.11970e-06
 Reference value :  1.11991e-06
 Reference value :  1.12012e-06
 Reference value :  1.12033e-06
 Reference value :  1.12054e-06
 Reference value :  1.12076e-06
 Reference value :  1.12098e-06
 Reference value :  1.12118e-06
 Reference value :  1.12140e-06
 Reference value :  1.12162e-06
 Reference value :  1.12182e-06
 Reference value :  1.12203e-06
 Reference value :  1.12225e-06
 Reference value :  1.12247e-06
 Reference value :  1.12268e-06
 Reference value :  1.12289e-06
 Reference value :  1.12311e-06
 Reference value :  1.12333e-06
 Reference value :  1.12355e-06
 Reference value :  1.12375e-06
 Reference value :  1.12397e-06
 Reference value :  1.12419e-06
 Reference value :  1.12441e-06
 Reference value :  1.12463e-06
 Reference value :  1.12484e-06
 Reference value :  1.12505e-06
 Reference value :  1.12527e-06
 Reference value :  1.12547e-06
 Reference value :  1.12569e-06
 Reference value :  1.12591e-06
 Reference value :  1.12612e-06
 Reference value :  1.12633e-06
 Reference value :  1.12655e-06
 Reference value :  1.12676e-06
 Reference value :  1.12696e-06
 Reference value :  1.12717e-06
 Reference value :  1.12737e-06
 Reference value :  1.12758e-06
 Reference value :  1.12780e-06
 Reference value :  1.12801e-06
 Reference value :  1.12823e-06
 Reference value :  1.12845e-06
 Reference value :  1.12865e-06
 Reference value :  1.12887e-06
 Reference value :  1.12909e-06
 Reference value :  1.12929e-06
 Reference value :  1.12950e-06
 Reference value :  1.12971e-06
 Reference value :  1.12993e-06
 Reference value :  1.13014e-06
 Reference value :  1.13035e-06
 Reference value :  1.13056e-06
 Reference value :  1.13078e-06
 Reference value :  1.13098e-06
 Reference value :  1.13120e-06
 Reference value :  1.13141e-06
 Reference value :  1.13162e-06
 Reference value :  1.13182e-06
 Reference value :  1.13204e-06
 Reference value :  1.13226e-06
 Reference value :  1.13247e-06
 Reference value :  1.13268e-06
 Reference value :  1.13288e-06
 Reference value :  1.13309e-06
 Reference value :  1.13330e-06
 Reference value :  1.13351e-06
 Reference value :  1.13372e-06
 Reference value :  1.13393e-06
 Reference value :  1.13414e-06
 Reference value :  1.13435e-06
 Reference value :  1.13456e-06
 Reference value :  1.13478e-06
 Reference value :  1.13499e-06
 Reference value :  1.13520e-06
 Reference value :  1.13541e-06
 Reference value :  1.13562e-06
 Reference value :  1.13584e-06
 Reference value :  1.13605e-06
 Reference value :  1.13626e-06
 Reference value :  1.13648e-06
 Reference value :  1.13669e-06
 Reference value :  1.13691e-06
 Reference value :  1.13713e-06
 Reference value :  1.13734e-06
 Reference value :  1.13756e-06
 Reference value :  1.13777e-06
 Reference value :  1.13799e-06
 Reference value :  1.13820e-06
 Reference value :  1.13841e-06
 Reference value :  1.13863e-06
 Reference value :  1.13885e-06
 Reference value :  1.13906e-06
 Reference value :  1.13928e-06
 Reference value :  1.13949e-06
 Reference value :  1.13970e-06
 Reference value :  1.13992e-06
 Reference value :  1.14013e-06
 Reference value :  1.14034e-06
 Reference value :  1.14054e-06
 Reference value :  1.14076e-06
 Reference value :  1.14098e-06
 Reference value :  1.14118e-06
 Reference value :  1.14141e-06
 Reference value :  1.14162e-06
 Reference value :  1.14182e-06
 Reference value :  1.14203e-06
 Reference value :  1.14225e-06
 Reference value :  1.14247e-06
 Reference value :  1.14267e-06
 Reference value :  1.14288e-06
 Reference value :  1.14309e-06
 Reference value :  1.14331e-06
 Reference value :  1.14352e-06
 Reference value :  1.14374e-06
 Reference value :  1.14395e-06
 Reference value :  1.14417e-06
 Reference value :  1.14439e-06
 Reference value :  1.14460e-06
 Reference value :  1.14481e-06
 Reference value :  1.14502e-06
 Reference value :  1.14523e-06
 Reference value :  1.14545e-06
 Reference value :  1.14567e-06
 Reference value :  1.14588e-06
 Reference value :  1.14610e-06
 Reference value :  1.14632e-06
 Reference value :  1.14654e-06
 Reference value :  1.14675e-06
 Reference value :  1.14696e-06
 Reference value :  1.14717e-06
 Reference value :  1.14739e-06
 Reference value :  1.14760e-06
 Reference value :  1.14780e-06
 Reference value :  1.14802e-06
 Reference value :  1.14823e-06
 Reference value :  1.14845e-06
 Reference value :  1.14866e-06
 Reference value :  1.14888e-06
 Reference value :  1.14909e-06
 Reference value :  1.14931e-06
 Reference value :  1.14952e-06
 Reference value :  1.14973e-06
 Reference value :  1.14994e-06
 Reference value :  1.15016e-06
 Reference value :  1.15037e-06
 Reference value :  1.15059e-06
 Reference value :  1.15081e-06
 Reference value :  1.15103e-06
 Reference value :  1.15125e-06
 Reference value :  1.15147e-06
 Reference value :  1.15169e-06
 Reference value :  1.15190e-06
 Reference value :  1.15212e-06
 Reference value :  1.15233e-06
 Reference value :  1.15255e-06
 Reference value :  1.15276e-06
 Reference value :  1.15297e-06
 Reference value :  1.15319e-06
 Reference value :  1.15341e-06
 Reference value :  1.15361e-06
 Reference value :  1.15384e-06
 Reference value :  1.15405e-06
 Reference value :  1.15426e-06
 Reference value :  1.15448e-06
 Reference value :  1.15470e-06
 Reference value :  1.15492e-06
 Reference value :  1.15513e-06
 Reference value :  1.15534e-06
 Reference value :  1.15556e-06
 Reference value :  1.15578e-06
 Reference value :  1.15599e-06
 Reference value :  1.15622e-06
 Reference value :  1.15643e-06
 Reference value :  1.15665e-06
 Reference value :  1.15686e-06
 Reference value :  1.15708e-06
 Reference value :  1.15730e-06
 Reference value :  1.15751e-06
 Reference value :  1.15773e-06
 Reference value :  1.15794e-06
 Reference value :  1.15816e-06
 Reference value :  1.15837e-06
 Reference value :  1.15859e-06
 Reference value :  1.15880e-06
 Reference value :  1.15902e-06
 Reference value :  1.15924e-06
 Reference value :  1.15946e-06
 Reference value :  1.15967e-06
 Reference value :  1.15989e-06
 Reference value :  1.16010e-06
 Reference value :  1.16032e-06
 Reference value :  1.16054e-06
 Reference value :  1.16076e-06
 Reference value :  1.16098e-06
 Reference value :  1.16119e-06
 Reference value :  1.16141e-06
 Reference value :  1.16162e-06
 Reference value :  1.16184e-06
 Reference value :  1.16205e-06
 Reference value :  1.16226e-06
 Reference value :  1.16247e-06
 Reference value :  1.16269e-06
 Reference value :  1.16290e-06
 Reference value :  1.16313e-06
 Reference value :  1.16334e-06
 Reference value :  1.16356e-06
 Reference value :  1.16378e-06
 Reference value :  1.16399e-06
 Reference value :  1.16420e-06
 Reference value :  1.16442e-06
 Reference value :  1.16463e-06
 Reference value :  1.16485e-06
 Reference value :  1.16506e-06
 Reference value :  1.16527e-06
 Reference value :  1.16548e-06
 Reference value :  1.16570e-06
 Reference value :  1.16591e-06
 Reference value :  1.16613e-06
 Reference value :  1.16634e-06
 Reference value :  1.16655e-06
 Reference value :  1.16677e-06
 Reference value :  1.16699e-06
 Reference value :  1.16720e-06
 Reference value :  1.16742e-06
 Reference value :  1.16763e-06
 Reference value :  1.16784e-06
 Reference value :  1.16805e-06
 Reference value :  1.16827e-06
 Reference value :  1.16848e-06
 Reference value :  1.16870e-06
 Reference value :  1.16891e-06
 Reference value :  1.16912e-06
 Reference value :  1.16933e-06
 Reference value :  1.16954e-06
 Reference value :  1.16976e-06
 Reference value :  1.16997e-06
 Reference value :  1.17019e-06
 Reference value :  1.17041e-06
 Reference value :  1.17063e-06
 Reference value :  1.17084e-06
 Reference value :  1.17106e-06
 Reference value :  1.17127e-06
 Reference value :  1.17149e-06
 Reference value :  1.17170e-06
 Reference value :  1.17192e-06
 Reference value :  1.17213e-06
 Reference value :  1.17234e-06
 Reference value :  1.17256e-06
 Reference value :  1.17277e-06
 Reference value :  1.17299e-06
 Reference value :  1.17321e-06
 Reference value :  1.17343e-06
 Reference value :  1.17365e-06
 Reference value :  1.17386e-06
 Reference value :  1.17408e-06
 Reference value :  1.17429e-06
 Reference value :  1.17451e-06
 Reference value :  1.17473e-06
 Reference value :  1.17494e-06
 Reference value :  1.17515e-06
 Reference value :  1.17537e-06
 Reference value :  1.17557e-06
 Reference value :  1.17578e-06
 Reference value :  1.17600e-06
 Reference value :  1.17621e-06
 Reference value :  1.17642e-06
 Reference value :  1.17663e-06
 Reference value :  1.17685e-06
 Reference value :  1.17707e-06
 Reference value :  1.17728e-06
 Reference value :  1.17750e-06
 Reference value :  1.17770e-06
 Reference value :  1.17791e-06
 Reference value :  1.17812e-06
 Reference value :  1.17834e-06
 Reference value :  1.17855e-06
 Reference value :  1.17876e-06
 Reference value :  1.17897e-06
 Reference value :  1.17919e-06
 Reference value :  1.17939e-06
 Reference value :  1.17962e-06
 Reference value :  1.17983e-06
 Reference value :  1.18004e-06
 Reference value :  1.18025e-06
 Reference value :  1.18046e-06
 Reference value :  1.18067e-06
 Reference value :  1.18089e-06
 Reference value :  1.18111e-06
 Reference value :  1.18132e-06
 Reference value :  1.18154e-06
 Reference value :  1.18175e-06
 Reference value :  1.18196e-06
 Reference value :  1.18217e-06
 Reference value :  1.18239e-06
 Reference value :  1.18260e-06
 Reference value :  1.18281e-06
 Reference value :  1.18303e-06
 Reference value :  1.18324e-06
 Reference value :  1.18346e-06
 Reference value :  1.18368e-06
 Reference value :  1.18388e-06
 Reference value :  1.18409e-06
 Reference value :  1.18430e-06
 Reference value :  1.18451e-06
 Reference value :  1.18473e-06
 Reference value :  1.18494e-06
 Reference value :  1.18516e-06
 Reference value :  1.18537e-06
 Reference value :  1.18558e-06
 Reference value :  1.18580e-06
 Reference value :  1.18601e-06
 Reference value :  1.18624e-06
 Reference value :  1.18645e-06
 Reference value :  1.18666e-06
 Reference value :  1.18687e-06
 Reference value :  1.18709e-06
 Reference value :  1.18730e-06
 Reference value :  1.18751e-06
 Reference value :  1.18773e-06
 Reference value :  1.18794e-06
 Reference value :  1.18816e-06
 Reference value :  1.18838e-06
 Reference value :  1.18859e-06
 Reference value :  1.18881e-06
 Reference value :  1.18902e-06
 Reference value :  1.18923e-06
 Reference value :  1.18944e-06
 Reference value :  1.18966e-06
 Reference value :  1.18987e-06
 Reference value :  1.19008e-06
 Reference value :  1.19030e-06
 Reference value :  1.19051e-06
 Reference value :  1.19072e-06
 Reference value :  1.19094e-06
 Reference value :  1.19116e-06
 Reference value :  1.19138e-06
 Reference value :  1.19159e-06
 Reference value :  1.19181e-06
 Reference value :  1.19203e-06
 Reference value :  1.19224e-06
 Reference value :  1.19246e-06
 Reference value :  1.19267e-06
 Reference value :  1.19288e-06
 Reference value :  1.19309e-06
 Reference value :  1.19331e-06
 Reference value :  1.19352e-06
 Reference value :  1.19375e-06
 Reference value :  1.19396e-06
 Reference value :  1.19417e-06
 Reference value :  1.19439e-06
 Reference value :  1.19459e-06
 Reference value :  1.19482e-06
 Reference value :  1.19503e-06
 Reference value :  1.19525e-06
 Reference value :  1.19546e-06
 Reference value :  1.19567e-06
 Reference value :  1.19589e-06
 Reference value :  1.19610e-06
 Reference value :  1.19632e-06
 Reference value :  1.19652e-06
 Reference value :  1.19674e-06
 Reference value :  1.19696e-06
 Reference value :  1.19716e-06
 Reference value :  1.19738e-06
 Reference value :  1.19759e-06
 Reference value :  1.19780e-06
 Reference value :  1.19801e-06
 Reference value :  1.19823e-06
 Reference value :  1.19844e-06
 Reference value :  1.19865e-06
 Reference value :  1.19887e-06
 Reference value :  1.19909e-06
 Reference value :  1.19931e-06
 Reference value :  1.19952e-06
 Reference value :  1.19974e-06
 Reference value :  1.19996e-06
 Reference value :  1.20017e-06
 Reference value :  1.20039e-06
 Reference value :  1.20061e-06
 Reference value :  1.20082e-06
 Reference value :  1.20103e-06
 Reference value :  1.20125e-06
 Reference value :  1.20146e-06
 Reference value :  1.20167e-06
 Reference value :  1.20189e-06
 Reference value :  1.20210e-06
 Reference value :  1.20232e-06
 Reference value :  1.20253e-06
 Reference value :  1.20274e-06
 Reference value :  1.20295e-06
 Reference value :  1.20317e-06
 Reference value :  1.20338e-06
 Reference value :  1.20360e-06
 Reference value :  1.20382e-06
 Reference value :  1.20403e-06
 Reference value :  1.20424e-06
 Reference value :  1.20446e-06
 Reference value :  1.20467e-06
 Reference value :  1.20488e-06
 Reference value :  1.20509e-06
 Reference value :  1.20530e-06
 Reference value :  1.20551e-06
 Reference value :  1.20572e-06
 Reference value :  1.20594e-06
 Reference value :  1.20615e-06
 Reference value :  1.20637e-06
 Reference value :  1.20658e-06
 Reference value :  1.20679e-06
 Reference value :  1.20701e-06
 Reference value :  1.20722e-06
 Reference value :  1.20743e-06
 Reference value :  1.20765e-06
 Reference value :  1.20786e-06
 Reference value :  1.20807e-06
 Reference value :  1.20829e-06
 Reference value :  1.20850e-06
 Reference value :  1.20871e-06
 Reference value :  1.20893e-06
 Reference value :  1.20915e-06
 Reference value :  1.20936e-06
 Reference value :  1.20958e-06
 Reference value :  1.20979e-06
 Reference value :  1.21000e-06
 Reference value :  1.21022e-06
 Reference value :  1.21043e-06
 Reference value :  1.21064e-06
 Reference value :  1.21084e-06
 Reference value :  1.21106e-06
 Reference value :  1.21128e-06
 Reference value :  1.21149e-06
 Reference value :  1.21171e-06
 Reference value :  1.21192e-06
 Reference value :  1.21213e-06
 Reference value :  1.21234e-06
 Reference value :  1.21255e-06
 Reference value :  1.21277e-06
 Reference value :  1.21297e-06
 Reference value :  1.21319e-06
 Reference value :  1.21341e-06
 Reference value :  1.21361e-06
 Reference value :  1.21383e-06
 Reference value :  1.21404e-06
 Reference value :  1.21425e-06
 Reference value :  1.21447e-06
 Reference value :  1.21469e-06
 Reference value :  1.21490e-06
 Reference value :  1.21511e-06
 Reference value :  1.21534e-06
 Reference value :  1.21555e-06
 Reference value :  1.21576e-06
 Reference value :  1.21598e-06
 Reference value :  1.21619e-06
 Reference value :  1.21641e-06
 Reference value :  1.21662e-06
 Reference value :  1.21683e-06
 Reference value :  1.21705e-06
 Reference value :  1.21726e-06
 Reference value :  1.21747e-06
 Reference value :  1.21769e-06
 Reference value :  1.21790e-06
 Reference value :  1.21811e-06
 Reference value :  1.21832e-06
 Reference value :  1.21854e-06
 Reference value :  1.21876e-06
 Reference value :  1.21898e-06
 Reference value :  1.21919e-06
 Reference value :  1.21940e-06
 Reference value :  1.21961e-06
 Reference value :  1.21982e-06
 Reference value :  1.22003e-06
 Reference value :  1.22024e-06
 Reference value :  1.22046e-06
 Reference value :  1.22067e-06
 Reference value :  1.22088e-06
 Reference value :  1.22109e-06
 Reference value :  1.22130e-06
 Reference value :  1.22151e-06
 Reference value :  1.22172e-06
 Reference value :  1.22193e-06
 Reference value :  1.22215e-06
 Reference value :  1.22236e-06
 Reference value :  1.22257e-06
 Reference value :  1.22279e-06
 Reference value :  1.22300e-06
 Reference value :  1.22322e-06
 Reference value :  1.22343e-06
 Reference value :  1.22365e-06
 Reference value :  1.22386e-06
 Reference value :  1.22408e-06
 Reference value :  1.22429e-06
 Reference value :  1.22450e-06
 Reference value :  1.22471e-06
 Reference value :  1.22493e-06
 Reference value :  1.22514e-06
 Reference value :  1.22536e-06
 Reference value :  1.22557e-06
 Reference value :  1.22578e-06
 Reference value :  1.22599e-06
 Reference value :  1.22621e-06
 Reference value :  1.22642e-06
 Reference value :  1.22664e-06
 Reference value :  1.22685e-06
 Reference value :  1.22706e-06
 Reference value :  1.22727e-06
 Reference value :  1.22748e-06
 Reference value :  1.22770e-06
 Reference value :  1.22791e-06
 Reference value :  1.22813e-06
 Reference value :  1.22834e-06
 Reference value :  1.22855e-06
 Reference value :  1.22877e-06
 Reference value :  1.22898e-06
 Reference value :  1.22919e-06
 Reference value :  1.22941e-06
 Reference value :  1.22963e-06
 Reference value :  1.22983e-06
 Reference value :  1.23004e-06
 Reference value :  1.23025e-06
 Reference value :  1.23047e-06
 Reference value :  1.23067e-06
 Reference value :  1.23089e-06
 Reference value :  1.23110e-06
 Reference value :  1.23131e-06
 Reference value :  1.23152e-06
 Reference value :  1.23172e-06
 Reference value :  1.23194e-06
 Reference value :  1.23216e-06
 Reference value :  1.23238e-06
 Reference value :  1.23259e-06
 Reference value :  1.23280e-06
 Reference value :  1.23302e-06
 Reference value :  1.23324e-06
 Reference value :  1.23344e-06
 Reference value :  1.23366e-06
 Reference value :  1.23388e-06
 Reference value :  1.23409e-06
 Reference value :  1.23431e-06
 Reference value :  1.23452e-06
 Reference value :  1.23474e-06
 Reference value :  1.23496e-06
 Reference value :  1.23518e-06
 Reference value :  1.23539e-06
 Reference value :  1.23561e-06
 Reference value :  1.23581e-06
 Reference value :  1.23602e-06
 Reference value :  1.23624e-06
 Reference value :  1.23645e-06
 Reference value :  1.23667e-06
 Reference value :  1.23689e-06
 Reference value :  1.23711e-06
 Reference value :  1.23732e-06
 Reference value :  1.23753e-06
 Reference value :  1.23774e-06
 Reference value :  1.23796e-06
 Reference value :  1.23817e-06
 Reference value :  1.23838e-06
 Reference value :  1.23860e-06
 Reference value :  1.23881e-06
 Reference value :  1.23903e-06
 Reference value :  1.23925e-06
 Reference value :  1.23946e-06
 Reference value :  1.23968e-06
 Reference value :  1.23990e-06
 Reference value :  1.24011e-06
 Reference value :  1.24032e-06
 Reference value :  1.24054e-06
 Reference value :  1.24074e-06
 Reference value :  1.24096e-06
 Reference value :  1.24117e-06
 Reference value :  1.24138e-06
 Reference value :  1.24160e-06
 Reference value :  1.24182e-06
 Reference value :  1.24202e-06
 Reference value :  1.24224e-06
 Reference value :  1.24246e-06
 Reference value :  1.24267e-06
 Reference value :  1.24289e-06
 Reference value :  1.24310e-06
 Reference value :  1.24331e-06
 Reference value :  1.24353e-06
 Reference value :  1.24374e-06
 Reference value :  1.24395e-06
 Reference value :  1.24417e-06
 Reference value :  1.24439e-06
 Reference value :  1.24460e-06
 Reference value :  1.24482e-06
 Reference value :  1.24503e-06
 Reference value :  1.24525e-06
 Reference value :  1.24546e-06
 Reference value :  1.24567e-06
 Reference value :  1.24588e-06
 Reference value :  1.24610e-06
 Reference value :  1.24631e-06
 Reference value :  1.24653e-06
 Reference value :  1.24675e-06
 Reference value :  1.24696e-06
 Reference value :  1.24717e-06
 Reference value :  1.24738e-06
 Reference value :  1.24760e-06
 Reference value :  1.24781e-06
 Reference value :  1.24803e-06
 Reference value :  1.24824e-06
 Reference value :  1.24846e-06
 Reference value :  1.24868e-06
 Reference value :  1.24889e-06
 Reference value :  1.24911e-06
 Reference value :  1.24932e-06
 Reference value :  1.24953e-06
 Reference value :  1.24975e-06
 Reference value :  1.24996e-06
 Reference value :  1.25017e-06
 Reference value :  1.25039e-06
 Reference value :  1.25060e-06
 Reference value :  1.25081e-06
 Reference value :  1.25103e-06
 Reference value :  1.25125e-06
 Reference value :  1.25146e-06
 Reference value :  1.25168e-06
 Reference value :  1.25189e-06
 Reference value :  1.25210e-06
 Reference value :  1.25231e-06
 Reference value :  1.25253e-06
 Reference value :  1.25274e-06
 Reference value :  1.25296e-06
 Reference value :  1.25317e-06
 Reference value :  1.25338e-06
 Reference value :  1.25360e-06
 Reference value :  1.25381e-06
 Reference value :  1.25402e-06
 Reference value :  1.25423e-06
 Reference value :  1.25445e-06
 Reference value :  1.25466e-06
 Reference value :  1.25489e-06
 Reference value :  1.25510e-06
 Reference value :  1.25531e-06
 Reference value :  1.25553e-06
 Reference value :  1.25574e-06
 Reference value :  1.25596e-06
 Reference value :  1.25617e-06
 Reference value :  1.25638e-06
 Reference value :  1.25658e-06
 Reference value :  1.25680e-06
 Reference value :  1.25702e-06
 Reference value :  1.25723e-06
 Reference value :  1.25745e-06
 Reference value :  1.25766e-06
 Reference value :  1.25787e-06
 Reference value :  1.25808e-06
 Reference value :  1.25830e-06
 Reference value :  1.25851e-06
 Reference value :  1.25873e-06
 Reference value :  1.25895e-06
 Reference value :  1.25915e-06
 Reference value :  1.25937e-06
 Reference value :  1.25959e-06
 Reference value :  1.25980e-06
 Reference value :  1.26002e-06
 Reference value :  1.26023e-06
 Reference value :  1.26044e-06
 Reference value :  1.26066e-06
 Reference value :  1.26087e-06
 Reference value :  1.26109e-06
 Reference value :  1.26130e-06
 Reference value :  1.26152e-06
 Reference value :  1.26173e-06
 Reference value :  1.26195e-06
 Reference value :  1.26216e-06
 Reference value :  1.26238e-06
 Reference value :  1.26260e-06
 Reference value :  1.26281e-06
 Reference value :  1.26303e-06
 Reference value :  1.26324e-06
 Reference value :  1.26346e-06
 Reference value :  1.26368e-06
 Reference value :  1.26388e-06
 Reference value :  1.26410e-06
 Reference value :  1.26432e-06
 Reference value :  1.26453e-06
 Reference value :  1.26475e-06
 Reference value :  1.26496e-06
 Reference value :  1.26518e-06
 Reference value :  1.26540e-06
 Reference value :  1.26560e-06
 Reference value :  1.26582e-06
 Reference value :  1.26603e-06
 Reference value :  1.26625e-06
 Reference value :  1.26647e-06
 Reference value :  1.26669e-06
 Reference value :  1.26689e-06
 Reference value :  1.26711e-06
 Reference value :  1.26733e-06
 Reference value :  1.26754e-06
 Reference value :  1.26775e-06
 Reference value :  1.26797e-06
 Reference value :  1.26817e-06
 Reference value :  1.26839e-06
 Reference value :  1.26861e-06
 Reference value :  1.26882e-06
 Reference value :  1.26905e-06
 Reference value :  1.26925e-06
 Reference value :  1.26946e-06
 Reference value :  1.26968e-06
 Reference value :  1.26989e-06
 Reference value :  1.27011e-06
 Reference value :  1.27033e-06
 Reference value :  1.27054e-06
 Reference value :  1.27076e-06
 Reference value :  1.27098e-06
 Reference value :  1.27120e-06
 Reference value :  1.27141e-06
 Reference value :  1.27162e-06
 Reference value :  1.27184e-06
 Reference value :  1.27206e-06
 Reference value :  1.27226e-06
 Reference value :  1.27248e-06
 Reference value :  1.27270e-06
 Reference value :  1.27290e-06
 Reference value :  1.27312e-06
 Reference value :  1.27333e-06
 Reference value :  1.27355e-06
 Reference value :  1.27377e-06
 Reference value :  1.27398e-06
 Reference value :  1.27420e-06
 Reference value :  1.27441e-06
 Reference value :  1.27462e-06
 Reference value :  1.27483e-06
 Reference value :  1.27504e-06
 Reference value :  1.27526e-06
 Reference value :  1.27547e-06
 Reference value :  1.27568e-06
 Reference value :  1.27590e-06
 Reference value :  1.27611e-06
 Reference value :  1.27632e-06
 Reference value :  1.27654e-06
 Reference value :  1.27675e-06
 Reference value :  1.27696e-06
 Reference value :  1.27717e-06
 Reference value :  1.27739e-06
 Reference value :  1.27760e-06
 Reference value :  1.27782e-06
 Reference value :  1.27804e-06
 Reference value :  1.27825e-06
 Reference value :  1.27847e-06
 Reference value :  1.27868e-06
 Reference value :  1.27890e-06
 Reference value :  1.27912e-06
 Reference value :  1.27934e-06
 Reference value :  1.27956e-06
 Reference value :  1.27977e-06
 Reference value :  1.27999e-06
 Reference value :  1.28020e-06
 Reference value :  1.28042e-06
 Reference value :  1.28064e-06
 Reference value :  1.28085e-06
 Reference value :  1.28107e-06
 Reference value :  1.28128e-06
 Reference value :  1.28150e-06
 Reference value :  1.28172e-06
 Reference value :  1.28193e-06
 Reference value :  1.28215e-06
 Reference value :  1.28236e-06
 Reference value :  1.28258e-06
 Reference value :  1.28280e-06
 Reference value :  1.28301e-06
 Reference value :  1.28324e-06
 Reference value :  1.28345e-06
 Reference value :  1.28366e-06
 Reference value :  1.28387e-06
 Reference value :  1.28408e-06
 Reference value :  1.28429e-06
 Reference value :  1.28451e-06
 Reference value :  1.28473e-06
 Reference value :  1.28495e-06
 Reference value :  1.28516e-06
 Reference value :  1.28538e-06
 Reference value :  1.28560e-06
 Reference value :  1.28582e-06
 Reference value :  1.28604e-06
 Reference value :  1.28625e-06
 Reference value :  1.28647e-06
 Reference value :  1.28669e-06
 Reference value :  1.28692e-06
 Reference value :  1.28713e-06
 Reference value :  1.28735e-06
 Reference value :  1.28756e-06
 Reference value :  1.28777e-06
 Reference value :  1.28798e-06
 Reference value :  1.28820e-06
 Reference value :  1.28841e-06
 Reference value :  1.28862e-06
 Reference value :  1.28884e-06
 Reference value :  1.28905e-06
 Reference value :  1.28927e-06
 Reference value :  1.28949e-06
 Reference value :  1.28969e-06
 Reference value :  1.28991e-06
 Reference value :  1.29013e-06
 Reference value :  1.29035e-06
 Reference value :  1.29057e-06
 Reference value :  1.29078e-06
 Reference value :  1.29100e-06
 Reference value :  1.29121e-06
 Reference value :  1.29142e-06
 Reference value :  1.29163e-06
 Reference value :  1.29185e-06
 Reference value :  1.29206e-06
 Reference value :  1.29227e-06
 Reference value :  1.29248e-06
 Reference value :  1.29269e-06
 Reference value :  1.29290e-06
 Reference value :  1.29310e-06
 Reference value :  1.29331e-06
 Reference value :  1.29353e-06
 Reference value :  1.29375e-06
 Reference value :  1.29395e-06
 Reference value :  1.29417e-06
 Reference value :  1.29438e-06
 Reference value :  1.29459e-06
 Reference value :  1.29481e-06
 Reference value :  1.29502e-06
 Reference value :  1.29523e-06
 Reference value :  1.29545e-06
 Reference value :  1.29567e-06
 Reference value :  1.29588e-06
 Reference value :  1.29610e-06
 Reference value :  1.29631e-06
 Reference value :  1.29653e-06
 Reference value :  1.29675e-06
 Reference value :  1.29696e-06
 Reference value :  1.29717e-06
 Reference value :  1.29739e-06
 Reference value :  1.29761e-06
 Reference value :  1.29783e-06
 Reference value :  1.29804e-06
 Reference value :  1.29825e-06
 Reference value :  1.29847e-06
 Reference value :  1.29868e-06
 Reference value :  1.29891e-06
 Reference value :  1.29912e-06
 Reference value :  1.29935e-06
 Reference value :  1.29956e-06
 Reference value :  1.29977e-06
 Reference value :  1.29999e-06
 Reference value :  1.30020e-06
 Reference value :  1.30042e-06
 Reference value :  1.30064e-06
 Reference value :  1.30084e-06
 Reference value :  1.30106e-06
 Reference value :  1.30127e-06
 Reference value :  1.30149e-06
 Reference value :  1.30172e-06
 Reference value :  1.30192e-06
 Reference value :  1.30214e-06
 Reference value :  1.30236e-06
 Reference value :  1.30257e-06
 Reference value :  1.30279e-06
 Reference value :  1.30300e-06
 Reference value :  1.30322e-06
 Reference value :  1.30344e-06
 Reference value :  1.30364e-06
 Reference value :  1.30386e-06
 Reference value :  1.30408e-06
 Reference value :  1.30430e-06
 Reference value :  1.30452e-06
 Reference value :  1.30473e-06
 Reference value :  1.30495e-06
 Reference value :  1.30516e-06
 Reference value :  1.30537e-06
 Reference value :  1.30559e-06
 Reference value :  1.30581e-06
 Reference value :  1.30602e-06
 Reference value :  1.30624e-06
 Reference value :  1.30645e-06
 Reference value :  1.30666e-06
 Reference value :  1.30689e-06
 Reference value :  1.30710e-06
 Reference value :  1.30732e-06
 Reference value :  1.30753e-06
 Reference value :  1.30773e-06
 Reference value :  1.30795e-06
 Reference value :  1.30817e-06
 Reference value :  1.30838e-06
 Reference value :  1.30859e-06
 Reference value :  1.30881e-06
 Reference value :  1.30902e-06
 Reference value :  1.30925e-06
 Reference value :  1.30945e-06
 Reference value :  1.30967e-06
 Reference value :  1.30988e-06
 Reference value :  1.31010e-06
 Reference value :  1.31030e-06
 Reference value :  1.31052e-06
 Reference value :  1.31074e-06
 Reference value :  1.31094e-06
 Reference value :  1.31115e-06
 Reference value :  1.31138e-06
 Reference value :  1.31159e-06
 Reference value :  1.31181e-06
 Reference value :  1.31202e-06
 Reference value :  1.31224e-06
 Reference value :  1.31246e-06
 Reference value :  1.31267e-06
 Reference value :  1.31290e-06
 Reference value :  1.31311e-06
 Reference value :  1.31333e-06
 Reference value :  1.31354e-06
 Reference value :  1.31375e-06
 Reference value :  1.31397e-06
 Reference value :  1.31418e-06
 Reference value :  1.31439e-06
 Reference value :  1.31461e-06
 Reference value :  1.31483e-06
 Reference value :  1.31504e-06
 Reference value :  1.31525e-06
 Reference value :  1.31547e-06
 Reference value :  1.31567e-06
 Reference value :  1.31589e-06
 Reference value :  1.31611e-06
 Reference value :  1.31631e-06
 Reference value :  1.31653e-06
 Reference value :  1.31675e-06
 Reference value :  1.31695e-06
 Reference value :  1.31716e-06
 Reference value :  1.31738e-06
 Reference value :  1.31759e-06
 Reference value :  1.31780e-06
 Reference value :  1.31802e-06
 Reference value :  1.31824e-06
 Reference value :  1.31845e-06
 Reference value :  1.31868e-06
 Reference value :  1.31889e-06
 Reference value :  1.31911e-06
 Reference value :  1.31932e-06
 Reference value :  1.31954e-06
 Reference value :  1.31976e-06
 Reference value :  1.31998e-06
 Reference value :  1.32020e-06
 Reference value :  1.32041e-06
 Reference value :  1.32063e-06
 Reference value :  1.32084e-06
 Reference value :  1.32104e-06
 Reference value :  1.32127e-06
 Reference value :  1.32148e-06
 Reference value :  1.32169e-06
 Reference value :  1.32190e-06
 Reference value :  1.32212e-06
 Reference value :  1.32234e-06
 Reference value :  1.32256e-06
 Reference value :  1.32277e-06
 Reference value :  1.32298e-06
 Reference value :  1.32320e-06
 Reference value :  1.32341e-06
 Reference value :  1.32362e-06
 Reference value :  1.32384e-06
 Reference value :  1.32405e-06
 Reference value :  1.32426e-06
 Reference value :  1.32448e-06
 Reference value :  1.32469e-06
 Reference value :  1.32491e-06
 Reference value :  1.32513e-06
 Reference value :  1.32533e-06
 Reference value :  1.32555e-06
 Reference value :  1.32577e-06
 Reference value :  1.32597e-06
 Reference value :  1.32619e-06
 Reference value :  1.32641e-06
 Reference value :  1.32663e-06
 Reference value :  1.32685e-06
 Reference value :  1.32706e-06
 Reference value :  1.32728e-06
 Reference value :  1.32749e-06
 Reference value :  1.32771e-06
 Reference value :  1.32793e-06
 Reference value :  1.32814e-06
 Reference value :  1.32836e-06
 Reference value :  1.32858e-06
 Reference value :  1.32879e-06
 Reference value :  1.32901e-06
 Reference value :  1.32922e-06
 Reference value :  1.32944e-06
 Reference value :  1.32965e-06
 Reference value :  1.32986e-06
 Reference value :  1.33008e-06
 Reference value :  1.33029e-06
 Reference value :  1.33050e-06
 Reference value :  1.33072e-06
 Reference value :  1.33094e-06
 Reference value :  1.33115e-06
 Reference value :  1.33137e-06
 Reference value :  1.33158e-06
 Reference value :  1.33181e-06
 Reference value :  1.33202e-06
 Reference value :  1.33222e-06
 Reference value :  1.33244e-06
 Reference value :  1.33266e-06
 Reference value :  1.33287e-06
 Reference value :  1.33309e-06
 Reference value :  1.33331e-06
 Reference value :  1.33352e-06
 Reference value :  1.33374e-06
 Reference value :  1.33395e-06
 Reference value :  1.33416e-06
 Reference value :  1.33438e-06
 Reference value :  1.33459e-06
 Reference value :  1.33482e-06
 Reference value :  1.33503e-06
 Reference value :  1.33524e-06
 Reference value :  1.33546e-06
 Reference value :  1.33567e-06
 Reference value :  1.33588e-06
 Reference value :  1.33610e-06
 Reference value :  1.33631e-06
 Reference value :  1.33654e-06
 Reference value :  1.33675e-06
 Reference value :  1.33697e-06
 Reference value :  1.33719e-06
 Reference value :  1.33740e-06
 Reference value :  1.33762e-06
 Reference value :  1.33784e-06
 Reference value :  1.33806e-06
 Reference value :  1.33827e-06
 Reference value :  1.33849e-06
 Reference value :  1.33871e-06
 Reference value :  1.33893e-06
 Reference value :  1.33915e-06
 Reference value :  1.33936e-06
 Reference value :  1.33958e-06
 Reference value :  1.33979e-06
 Reference value :  1.34001e-06
 Reference value :  1.34023e-06
 Reference value :  1.34045e-06
 Reference value :  1.34067e-06
 Reference value :  1.34088e-06
 Reference value :  1.34110e-06
 Reference value :  1.34131e-06
 Reference value :  1.34153e-06
 Reference value :  1.34175e-06
 Reference value :  1.34197e-06
 Reference value :  1.34218e-06
 Reference value :  1.34239e-06
 Reference value :  1.34261e-06
 Reference value :  1.34283e-06
 Reference value :  1.34304e-06
 Reference value :  1.34326e-06
 Reference value :  1.34347e-06
 Reference value :  1.34369e-06
 Reference value :  1.34390e-06
 Reference value :  1.34412e-06
 Reference value :  1.34432e-06
 Reference value :  1.34454e-06
 Reference value :  1.34476e-06
 Reference value :  1.34497e-06
 Reference value :  1.34519e-06
 Reference value :  1.34540e-06
 Reference value :  1.34562e-06
 Reference value :  1.34584e-06
 Reference value :  1.34604e-06
 Reference value :  1.34626e-06
 Reference value :  1.34648e-06
 Reference value :  1.34669e-06
 Reference value :  1.34691e-06
 Reference value :  1.34712e-06
 Reference value :  1.34733e-06
 Reference value :  1.34755e-06
 Reference value :  1.34776e-06
 Reference value :  1.34798e-06
 Reference value :  1.34820e-06
 Reference value :  1.34841e-06
 Reference value :  1.34862e-06
 Reference value :  1.34884e-06
 Reference value :  1.34905e-06
 Reference value :  1.34926e-06
 Reference value :  1.34948e-06
 Reference value :  1.34969e-06
 Reference value :  1.34992e-06
 Reference value :  1.35013e-06
 Reference value :  1.35034e-06
 Reference value :  1.35056e-06
 Reference value :  1.35077e-06
 Reference value :  1.35097e-06
 Reference value :  1.35119e-06
 Reference value :  1.35141e-06
 Reference value :  1.35162e-06
 Reference value :  1.35184e-06
 Reference value :  1.35205e-06
 Reference value :  1.35227e-06
 Reference value :  1.35249e-06
 Reference value :  1.35270e-06
 Reference value :  1.35292e-06
 Reference value :  1.35313e-06
 Reference value :  1.35334e-06
 Reference value :  1.35356e-06
 Reference value :  1.35378e-06
 Reference value :  1.35398e-06
 Reference value :  1.35420e-06
 Reference value :  1.35442e-06
 Reference value :  1.35465e-06
 Reference value :  1.35486e-06
 Reference value :  1.35508e-06
 Reference value :  1.35529e-06
 Reference value :  1.35550e-06
 Reference value :  1.35572e-06
 Reference value :  1.35594e-06
 Reference value :  1.35616e-06
 Reference value :  1.35638e-06
 Reference value :  1.35659e-06
 Reference value :  1.35681e-06
 Reference value :  1.35702e-06
 Reference value :  1.35724e-06
 Reference value :  1.35746e-06
 Reference value :  1.35766e-06
 Reference value :  1.35787e-06
 Reference value :  1.35809e-06
 Reference value :  1.35830e-06
 Reference value :  1.35852e-06
 Reference value :  1.35874e-06
 Reference value :  1.35895e-06
 Reference value :  1.35915e-06
 Reference value :  1.35937e-06
 Reference value :  1.35959e-06
 Reference value :  1.35981e-06
 Reference value :  1.36003e-06
 Reference value :  1.36024e-06
 Reference value :  1.36046e-06
 Reference value :  1.36067e-06
 Reference value :  1.36089e-06
 Reference value :  1.36110e-06
 Reference value :  1.36131e-06
 Reference value :  1.36153e-06
 Reference value :  1.36175e-06
 Reference value :  1.36197e-06
 Reference value :  1.36218e-06
 Reference value :  1.36239e-06
 Reference value :  1.36261e-06
 Reference value :  1.36282e-06
 Reference value :  1.36303e-06
 Reference value :  1.36324e-06
 Reference value :  1.36346e-06
 Reference value :  1.36368e-06
 Reference value :  1.36389e-06
 Reference value :  1.36411e-06
 Reference value :  1.36432e-06
 Reference value :  1.36453e-06
 Reference value :  1.36474e-06
 Reference value :  1.36495e-06
 Reference value :  1.36517e-06
 Reference value :  1.36539e-06
 Reference value :  1.36560e-06
 Reference value :  1.36582e-06
 Reference value :  1.36603e-06
 Reference value :  1.36624e-06
 Reference value :  1.36646e-06
 Reference value :  1.36668e-06
 Reference value :  1.36689e-06
 Reference value :  1.36709e-06
 Reference value :  1.36731e-06
 Reference value :  1.36753e-06
 Reference value :  1.36774e-06
 Reference value :  1.36795e-06
 Reference value :  1.36817e-06
 Reference value :  1.36838e-06
 Reference value :  1.36860e-06
 Reference value :  1.36881e-06
 Reference value :  1.36903e-06
 Reference value :  1.36925e-06
 Reference value :  1.36946e-06
 Reference value :  1.36968e-06
 Reference value :  1.36989e-06
 Reference value :  1.37010e-06
 Reference value :  1.37032e-06
 Reference value :  1.37053e-06
 Reference value :  1.37075e-06
 Reference value :  1.37097e-06
 Reference value :  1.37118e-06
 Reference value :  1.37140e-06
 Reference value :  1.37161e-06
 Reference value :  1.37184e-06
 Reference value :  1.37205e-06
 Reference value :  1.37226e-06
 Reference value :  1.37248e-06
 Reference value :  1.37269e-06
 Reference value :  1.37290e-06
 Reference value :  1.37312e-06
 Reference value :  1.37333e-06
 Reference value :  1.37354e-06
 Reference value :  1.37374e-06
 Reference value :  1.37395e-06
 Reference value :  1.37417e-06
 Reference value :  1.37438e-06
 Reference value :  1.37459e-06
 Reference value :  1.37481e-06
 Reference value :  1.37503e-06
 Reference value :  1.37524e-06
 Reference value :  1.37546e-06
 Reference value :  1.37567e-06
 Reference value :  1.37588e-06
 Reference value :  1.37609e-06
 Reference value :  1.37631e-06
 Reference value :  1.37652e-06
 Reference value :  1.37674e-06
 Reference value :  1.37695e-06
 Reference value :  1.37717e-06
 Reference value :  1.37739e-06
 Reference value :  1.37760e-06
 Reference value :  1.37781e-06
 Reference value :  1.37803e-06
 Reference value :  1.37824e-06
 Reference value :  1.37846e-06
 Reference value :  1.37868e-06
 Reference value :  1.37889e-06
 Reference value :  1.37911e-06
 Reference value :  1.37932e-06
 Reference value :  1.37952e-06
 Reference value :  1.37974e-06
 Reference value :  1.37996e-06
 Reference value :  1.38017e-06
 Reference value :  1.38039e-06
 Reference value :  1.38060e-06
 Reference value :  1.38082e-06
 Reference value :  1.38104e-06
 Reference value :  1.38124e-06
 Reference value :  1.38146e-06
 Reference value :  1.38168e-06
 Reference value :  1.38189e-06
 Reference value :  1.38211e-06
 Reference value :  1.38232e-06
 Reference value :  1.38253e-06
 Reference value :  1.38274e-06
 Reference value :  1.38296e-06
 Reference value :  1.38317e-06
 Reference value :  1.38338e-06
 Reference value :  1.38360e-06
 Reference value :  1.38381e-06
 Reference value :  1.38403e-06
 Reference value :  1.38424e-06
 Reference value :  1.38445e-06
 Reference value :  1.38467e-06
 Reference value :  1.38488e-06
 Reference value :  1.38509e-06
 Reference value :  1.38531e-06
 Reference value :  1.38553e-06
 Reference value :  1.38574e-06
 Reference value :  1.38594e-06
 Reference value :  1.38615e-06
 Reference value :  1.38637e-06
 Reference value :  1.38658e-06
 Reference value :  1.38679e-06
 Reference value :  1.38701e-06
 Reference value :  1.38722e-06
 Reference value :  1.38744e-06
 Reference value :  1.38765e-06
 Reference value :  1.38786e-06
 Reference value :  1.38807e-06
 Reference value :  1.38830e-06
 Reference value :  1.38851e-06
 Reference value :  1.38873e-06
 Reference value :  1.38894e-06
 Reference value :  1.38915e-06
 Reference value :  1.38937e-06
 Reference value :  1.38959e-06
 Reference value :  1.38980e-06
 Reference value :  1.39002e-06
 Reference value :  1.39023e-06
 Reference value :  1.39045e-06
 Reference value :  1.39067e-06
 Reference value :  1.39088e-06
 Reference value :  1.39110e-06
 Reference value :  1.39131e-06
 Reference value :  1.39152e-06
 Reference value :  1.39174e-06
 Reference value :  1.39195e-06
 Reference value :  1.39217e-06
 Reference value :  1.39239e-06
 Reference value :  1.39259e-06
 Reference value :  1.39281e-06
 Reference value :  1.39303e-06
 Reference value :  1.39325e-06
 Reference value :  1.39347e-06
 Reference value :  1.39367e-06
 Reference value :  1.39390e-06
 Reference value :  1.39411e-06
 Reference value :  1.39432e-06
 Reference value :  1.39453e-06
 Reference value :  1.39475e-06
 Reference value :  1.39496e-06
 Reference value :  1.39516e-06
 Reference value :  1.39538e-06
 Reference value :  1.39559e-06
 Reference value :  1.39580e-06
 Reference value :  1.39601e-06
 Reference value :  1.39621e-06
 Reference value :  1.39643e-06
 Reference value :  1.39665e-06
 Reference value :  1.39686e-06
 Reference value :  1.39708e-06
 Reference value :  1.39729e-06
 Reference value :  1.39750e-06
 Reference value :  1.39772e-06
 Reference value :  1.39793e-06
 Reference value :  1.39814e-06
 Reference value :  1.39837e-06
 Reference value :  1.39858e-06
 Reference value :  1.39880e-06
 Reference value :  1.39901e-06
 Reference value :  1.39922e-06
 Reference value :  1.39943e-06
 Reference value :  1.39965e-06
 Reference value :  1.39986e-06
 Reference value :  1.40008e-06
 Reference value :  1.40030e-06
 Reference value :  1.40050e-06
 Reference value :  1.40071e-06
 Reference value :  1.40092e-06
 Reference value :  1.40113e-06
 Reference value :  1.40134e-06
 Reference value :  1.40155e-06
 Reference value :  1.40176e-06
 Reference value :  1.40197e-06
 Reference value :  1.40219e-06
 Reference value :  1.40239e-06
 Reference value :  1.40261e-06
 Reference value :  1.40283e-06
 Reference value :  1.40304e-06
 Reference value :  1.40325e-06
 Reference value :  1.40346e-06
 Reference value :  1.40367e-06
 Reference value :  1.40388e-06
 Reference value :  1.40408e-06
 Reference value :  1.40430e-06
 Reference value :  1.40451e-06
 Reference value :  1.40472e-06
 Reference value :  1.40493e-06
 Reference value :  1.40514e-06
 Reference value :  1.40535e-06
 Reference value :  1.40557e-06
 Reference value :  1.40577e-06
 Reference value :  1.40599e-06
 Reference value :  1.40620e-06
 Reference value :  1.40641e-06
 Reference value :  1.40661e-06
 Reference value :  1.40683e-06
 Reference value :  1.40704e-06
 Reference value :  1.40726e-06
 Reference value :  1.40746e-06
 Reference value :  1.40768e-06
 Reference value :  1.40790e-06
 Reference value :  1.40811e-06
 Reference value :  1.40833e-06
 Reference value :  1.40854e-06
 Reference value :  1.40875e-06
 Reference value :  1.40897e-06
 Reference value :  1.40918e-06
 Reference value :  1.40939e-06
 Reference value :  1.40961e-06
 Reference value :  1.40983e-06
 Reference value :  1.41004e-06
 Reference value :  1.41025e-06
 Reference value :  1.41046e-06
 Reference value :  1.41067e-06
 Reference value :  1.41088e-06
 Reference value :  1.41109e-06
 Reference value :  1.41130e-06
 Reference value :  1.41151e-06
 Reference value :  1.41172e-06
 Reference value :  1.41193e-06
 Reference value :  1.41215e-06
 Reference value :  1.41236e-06
 Reference value :  1.41258e-06
 Reference value :  1.41279e-06
 Reference value :  1.41300e-06
 Reference value :  1.41321e-06
 Reference value :  1.41342e-06
 Reference value :  1.41363e-06
 Reference value :  1.41384e-06
 Reference value :  1.41405e-06
 Reference value :  1.41426e-06
 Reference value :  1.41448e-06
 Reference value :  1.41469e-06
 Reference value :  1.41489e-06
 Reference value :  1.41510e-06
 Reference value :  1.41531e-06
 Reference value :  1.41552e-06
 Reference value :  1.41574e-06
 Reference value :  1.41595e-06
 Reference value :  1.41617e-06
 Reference value :  1.41638e-06
 Reference value :  1.41658e-06
 Reference value :  1.41679e-06
 Reference value :  1.41700e-06
 Reference value :  1.41722e-06
 Reference value :  1.41742e-06
 Reference value :  1.41763e-06
 Reference value :  1.41784e-06
 Reference value :  1.41805e-06
 Reference value :  1.41826e-06
 Reference value :  1.41847e-06
 Reference value :  1.41867e-06
 Reference value :  1.41888e-06
 Reference value :  1.41909e-06
 Reference value :  1.41930e-06
 Reference value :  1.41952e-06
 Reference value :  1.41972e-06
 Reference value :  1.41993e-06
 Reference value :  1.42014e-06
 Reference value :  1.42035e-06
 Reference value :  1.42056e-06
 Reference value :  1.42077e-06
 Reference value :  1.42097e-06
 Reference value :  1.42118e-06
 Reference value :  1.42140e-06
 Reference value :  1.42161e-06
 Reference value :  1.42182e-06
 Reference value :  1.42202e-06
 Reference value :  1.42223e-06
 Reference value :  1.42245e-06
 Reference value :  1.42266e-06
 Reference value :  1.42286e-06
 Reference value :  1.42308e-06
 Reference value :  1.42329e-06
 Reference value :  1.42351e-06
 Reference value :  1.42371e-06
 Reference value :  1.42392e-06
 Reference value :  1.42414e-06
 Reference value :  1.42435e-06
 Reference value :  1.42456e-06
 Reference value :  1.42477e-06
 Reference value :  1.42498e-06
 Reference value :  1.42519e-06
 Reference value :  1.42540e-06
 Reference value :  1.42560e-06
 Reference value :  1.42581e-06
 Reference value :  1.42603e-06
 Reference value :  1.42623e-06
 Reference value :  1.42644e-06
 Reference value :  1.42665e-06
 Reference value :  1.42685e-06
 Reference value :  1.42706e-06
 Reference value :  1.42728e-06
 Reference value :  1.42749e-06
 Reference value :  1.42769e-06
 Reference value :  1.42790e-06
 Reference value :  1.42811e-06
 Reference value :  1.42833e-06
 Reference value :  1.42854e-06
 Reference value :  1.42875e-06
 Reference value :  1.42896e-06
 Reference value :  1.42917e-06
 Reference value :  1.42938e-06
 Reference value :  1.42959e-06
 Reference value :  1.42980e-06
 Reference value :  1.43001e-06
 Reference value :  1.43022e-06
 Reference value :  1.43043e-06
 Reference value :  1.43064e-06
 Reference value :  1.43085e-06
 Reference value :  1.43106e-06
 Reference value :  1.43127e-06
 Reference value :  1.43148e-06
 Reference value :  1.43169e-06
 Reference value :  1.43190e-06
 Reference value :  1.43211e-06
 Reference value :  1.43232e-06
 Reference value :  1.43253e-06
 Reference value :  1.43274e-06
 Reference value :  1.43295e-06
 Reference value :  1.43317e-06
 Reference value :  1.43337e-06
 Reference value :  1.43359e-06
 Reference value :  1.43381e-06
 Reference value :  1.43401e-06
 Reference value :  1.43422e-06
 Reference value :  1.43442e-06
 Reference value :  1.43463e-06
 Reference value :  1.43484e-06
 Reference value :  1.43506e-06
 Reference value :  1.43526e-06
 Reference value :  1.43548e-06
 Reference value :  1.43570e-06
 Reference value :  1.43591e-06
 Reference value :  1.43613e-06
 Reference value :  1.43634e-06
 Reference value :  1.43655e-06
 Reference value :  1.43675e-06
 Reference value :  1.43696e-06
 Reference value :  1.43717e-06
 Reference value :  1.43738e-06
 Reference value :  1.43759e-06
 Reference value :  1.43780e-06
 Reference value :  1.43802e-06
 Reference value :  1.43823e-06
 Reference value :  1.43844e-06
 Reference value :  1.43865e-06
 Reference value :  1.43886e-06
 Reference value :  1.43907e-06
 Reference value :  1.43928e-06
 Reference value :  1.43949e-06
 Reference value :  1.43970e-06
 Reference value :  1.43992e-06
 Reference value :  1.44013e-06
 Reference value :  1.44035e-06
 Reference value :  1.44057e-06
 Reference value :  1.44077e-06
 Reference value :  1.44098e-06
 Reference value :  1.44119e-06
 Reference value :  1.44140e-06
 Reference value :  1.44161e-06
 Reference value :  1.44182e-06
 Reference value :  1.44203e-06
 Reference value :  1.44225e-06
 Reference value :  1.44246e-06
 Reference value :  1.44266e-06
 Reference value :  1.44287e-06
 Reference value :  1.44308e-06
 Reference value :  1.44329e-06
 Reference value :  1.44350e-06
 Reference value :  1.44371e-06
 Reference value :  1.44392e-06
 Reference value :  1.44413e-06
 Reference value :  1.44434e-06
 Reference value :  1.44455e-06
 Reference value :  1.44476e-06
 Reference value :  1.44498e-06
 Reference value :  1.44519e-06
 Reference value :  1.44540e-06
 Reference value :  1.44560e-06
 Reference value :  1.44581e-06
 Reference value :  1.44602e-06
 Reference value :  1.44623e-06
 Reference value :  1.44644e-06
 Reference value :  1.44665e-06
 Reference value :  1.44686e-06
 Reference value :  1.44707e-06
 Reference value :  1.44728e-06
 Reference value :  1.44749e-06
 Reference value :  1.44770e-06
 Reference value :  1.44792e-06
 Reference value :  1.44813e-06
 Reference value :  1.44833e-06
 Reference value :  1.44854e-06
 Reference value :  1.44874e-06
 Reference value :  1.44896e-06
 Reference value :  1.44917e-06
 Reference value :  1.44938e-06
 Reference value :  1.44959e-06
 Reference value :  1.44980e-06
 Reference value :  1.45001e-06
 Reference value :  1.45022e-06
 Reference value :  1.45043e-06
 Reference value :  1.45064e-06
 Reference value :  1.45085e-06
 Reference value :  1.45106e-06
 Reference value :  1.45127e-06
 Reference value :  1.45148e-06
 Reference value :  1.45169e-06
 Reference value :  1.45191e-06
 Reference value :  1.45212e-06
 Reference value :  1.45233e-06
 Reference value :  1.45254e-06
 Reference value :  1.45276e-06
 Reference value :  1.45296e-06
 Reference value :  1.45318e-06
 Reference value :  1.45339e-06
 Reference value :  1.45360e-06
 Reference value :  1.45381e-06
 Reference value :  1.45401e-06
 Reference value :  1.45422e-06
 Reference value :  1.45444e-06
 Reference value :  1.45465e-06
 Reference value :  1.45486e-06
 Reference value :  1.45507e-06
 Reference value :  1.45528e-06
 Reference value :  1.45549e-06
 Reference value :  1.45570e-06
 Reference value :  1.45592e-06
 Reference value :  1.45613e-06
 Reference value :  1.45634e-06
 Reference value :  1.45655e-06
 Reference value :  1.45677e-06
 Reference value :  1.45698e-06
 Reference value :  1.45720e-06
 Reference value :  1.45741e-06
 Reference value :  1.45762e-06
 Reference value :  1.45783e-06
 Reference value :  1.45803e-06
 Reference value :  1.45825e-06
 Reference value :  1.45846e-06
 Reference value :  1.45867e-06
 Reference value :  1.45889e-06
 Reference value :  1.45911e-06
 Reference value :  1.45931e-06
 Reference value :  1.45952e-06
 Reference value :  1.45974e-06
 Reference value :  1.45994e-06
 Reference value :  1.46015e-06
 Reference value :  1.46036e-06
 Reference value :  1.46057e-06
 Reference value :  1.46079e-06
 Reference value :  1.46100e-06
 Reference value :  1.46120e-06
 Reference value :  1.46141e-06
 Reference value :  1.46161e-06
 Reference value :  1.46182e-06
 Reference value :  1.46203e-06
 Reference value :  1.46224e-06
 Reference value :  1.46245e-06
 Reference value :  1.46266e-06
 Reference value :  1.46286e-06
 Reference value :  1.46308e-06
 Reference value :  1.46330e-06
 Reference value :  1.46350e-06
 Reference value :  1.46372e-06
 Reference value :  1.46393e-06
 Reference value :  1.46415e-06
 Reference value :  1.46435e-06
 Reference value :  1.46456e-06
 Reference value :  1.46478e-06
 Reference value :  1.46499e-06
 Reference value :  1.46521e-06
 Reference value :  1.46542e-06
 Reference value :  1.46563e-06
 Reference value :  1.46584e-06
 Reference value :  1.46605e-06
 Reference value :  1.46626e-06
 Reference value :  1.46647e-06
 Reference value :  1.46668e-06
 Reference value :  1.46688e-06
 Reference value :  1.46709e-06
 Reference value :  1.46729e-06
 Reference value :  1.46750e-06
 Reference value :  1.46771e-06
 Reference value :  1.46792e-06
 Reference value :  1.46813e-06
 Reference value :  1.46834e-06
 Reference value :  1.46854e-06
 Reference value :  1.46876e-06
 Reference value :  1.46897e-06
 Reference value :  1.46918e-06
 Reference value :  1.46938e-06
 Reference value :  1.46959e-06
 Reference value :  1.46981e-06
 Reference value :  1.47001e-06
 Reference value :  1.47022e-06
 Reference value :  1.47043e-06
 Reference value :  1.47063e-06
 Reference value :  1.47084e-06
 Reference value :  1.47105e-06
 Reference value :  1.47127e-06
 Reference value :  1.47148e-06
 Reference value :  1.47170e-06
 Reference value :  1.47191e-06
 Reference value :  1.47212e-06
 Reference value :  1.47233e-06
 Reference value :  1.47254e-06
 Reference value :  1.47275e-06
 Reference value :  1.47296e-06
 Reference value :  1.47317e-06
 Reference value :  1.47339e-06
 Reference value :  1.47360e-06
 Reference value :  1.47381e-06
 Reference value :  1.47401e-06
 Reference value :  1.47421e-06
 Reference value :  1.47443e-06
 Reference value :  1.47464e-06
 Reference value :  1.47485e-06
 Reference value :  1.47506e-06
 Reference value :  1.47527e-06
 Reference value :  1.47549e-06
 Reference value :  1.47570e-06
 Reference value :  1.47591e-06
 Reference value :  1.47613e-06
 Reference value :  1.47634e-06
 Reference value :  1.47654e-06
 Reference value :  1.47675e-06
 Reference value :  1.47696e-06
 Reference value :  1.47717e-06
 Reference value :  1.47738e-06
 Reference value :  1.47759e-06
 Reference value :  1.47779e-06
 Reference value :  1.47801e-06
 Reference value :  1.47822e-06
 Reference value :  1.47843e-06
 Reference value :  1.47864e-06
 Reference value :  1.47884e-06
 Reference value :  1.47905e-06
 Reference value :  1.47926e-06
 Reference value :  1.47948e-06
 Reference value :  1.47969e-06
 Reference value :  1.47989e-06
 Reference value :  1.48009e-06
 Reference value :  1.48030e-06
 Reference value :  1.48052e-06
 Reference value :  1.48073e-06
 Reference value :  1.48095e-06
 Reference value :  1.48117e-06
 Reference value :  1.48138e-06
 Reference value :  1.48159e-06
 Reference value :  1.48181e-06
 Reference value :  1.48202e-06
 Reference value :  1.48223e-06
 Reference value :  1.48244e-06
 Reference value :  1.48265e-06
 Reference value :  1.48286e-06
 Reference value :  1.48306e-06
 Reference value :  1.48328e-06
 Reference value :  1.48349e-06
 Reference value :  1.48370e-06
 Reference value :  1.48391e-06
 Reference value :  1.48412e-06
 Reference value :  1.48434e-06
 Reference value :  1.48455e-06
 Reference value :  1.48476e-06
 Reference value :  1.48497e-06
 Reference value :  1.48519e-06
 Reference value :  1.48539e-06
 Reference value :  1.48560e-06
 Reference value :  1.48580e-06
 Reference value :  1.48602e-06
 Reference value :  1.48624e-06
 Reference value :  1.48645e-06
 Reference value :  1.48667e-06
 Reference value :  1.48688e-06
 Reference value :  1.48708e-06
 Reference value :  1.48729e-06
 Reference value :  1.48750e-06
 Reference value :  1.48771e-06
 Reference value :  1.48792e-06
 Reference value :  1.48813e-06
 Reference value :  1.48834e-06
 Reference value :  1.48855e-06
 Reference value :  1.48876e-06
 Reference value :  1.48897e-06
 Reference value :  1.48918e-06
 Reference value :  1.48939e-06
 Reference value :  1.48960e-06
 Reference value :  1.48981e-06
 Reference value :  1.49002e-06
 Reference value :  1.49023e-06
 Reference value :  1.49043e-06
 Reference value :  1.49064e-06
 Reference value :  1.49086e-06
 Reference value :  1.49107e-06
 Reference value :  1.49129e-06
 Reference value :  1.49151e-06
 Reference value :  1.49172e-06
 Reference value :  1.49193e-06
 Reference value :  1.49215e-06
 Reference value :  1.49235e-06
 Reference value :  1.49256e-06
 Reference value :  1.49278e-06
 Reference value :  1.49299e-06
 Reference value :  1.49320e-06
 Reference value :  1.49340e-06
 Reference value :  1.49362e-06
 Reference value :  1.49384e-06
 Reference value :  1.49404e-06
 Reference value :  1.49425e-06
 Reference value :  1.49447e-06
 Reference value :  1.49468e-06
 Reference value :  1.49488e-06
 Reference value :  1.49509e-06
 Reference value :  1.49529e-06
 Reference value :  1.49550e-06
 Reference value :  1.49570e-06
 Reference value :  1.49591e-06
 Reference value :  1.49612e-06
 Reference value :  1.49632e-06
 Reference value :  1.49654e-06
 Reference value :  1.49675e-06
 Reference value :  1.49696e-06
 Reference value :  1.49718e-06
 Reference value :  1.49739e-06
 Reference value :  1.49759e-06
 Reference value :  1.49780e-06
 Reference value :  1.49801e-06
 Reference value :  1.49822e-06
 Reference value :  1.49844e-06
 Reference value :  1.49864e-06
 Reference value :  1.49885e-06
 Reference value :  1.49907e-06
 Reference value :  1.49928e-06
 Reference value :  1.49948e-06
 Reference value :  1.49970e-06
 Reference value :  1.49991e-06
 Reference value :  1.50012e-06
 Reference value :  1.50033e-06
 Reference value :  1.50055e-06
 Reference value :  1.50077e-06
 Reference value :  1.50097e-06
 Reference value :  1.50119e-06
 Reference value :  1.50140e-06
 Reference value :  1.50161e-06
 Reference value :  1.50182e-06
 Reference value :  1.50203e-06
 Reference value :  1.50225e-06
 Reference value :  1.50246e-06
 Reference value :  1.50266e-06
 Reference value :  1.50287e-06
 Reference value :  1.50309e-06
 Reference value :  1.50330e-06
 Reference value :  1.50350e-06
 Reference value :  1.50371e-06
 Reference value :  1.50393e-06
 Reference value :  1.50414e-06
 Reference value :  1.50435e-06
 Reference value :  1.50456e-06
 Reference value :  1.50478e-06
 Reference value :  1.50499e-06
 Reference value :  1.50520e-06
 Reference value :  1.50542e-06
 Reference value :  1.50563e-06
 Reference value :  1.50583e-06
 Reference value :  1.50605e-06
 Reference value :  1.50626e-06
 Reference value :  1.50648e-06
 Reference value :  1.50668e-06
 Reference value :  1.50690e-06
 Reference value :  1.50712e-06
 Reference value :  1.50733e-06
 Reference value :  1.50755e-06
 Reference value :  1.50776e-06
 Reference value :  1.50797e-06
 Reference value :  1.50819e-06
 Reference value :  1.50840e-06
 Reference value :  1.50861e-06
 Reference value :  1.50882e-06
 Reference value :  1.50903e-06
 Reference value :  1.50924e-06
 Reference value :  1.50945e-06
 Reference value :  1.50966e-06
 Reference value :  1.50988e-06
 Reference value :  1.51009e-06
 Reference value :  1.51029e-06
 Reference value :  1.51051e-06
 Reference value :  1.51073e-06
 Reference value :  1.51094e-06
 Reference value :  1.51115e-06
 Reference value :  1.51136e-06
 Reference value :  1.51157e-06
 Reference value :  1.51178e-06
 Reference value :  1.51198e-06
 Reference value :  1.51220e-06
 Reference value :  1.51242e-06
 Reference value :  1.51262e-06
 Reference value :  1.51284e-06
 Reference value :  1.51306e-06
 Reference value :  1.51327e-06
 Reference value :  1.51348e-06
 Reference value :  1.51369e-06
 Reference value :  1.51390e-06
 Reference value :  1.51411e-06
 Reference value :  1.51431e-06
 Reference value :  1.51452e-06
 Reference value :  1.51474e-06
 Reference value :  1.51494e-06
 Reference value :  1.51515e-06
 Reference value :  1.51536e-06
 Reference value :  1.51557e-06
 Reference value :  1.51578e-06
 Reference value :  1.51599e-06
 Reference value :  1.51620e-06
 Reference value :  1.51642e-06
 Reference value :  1.51663e-06
 Reference value :  1.51685e-06
 Reference value :  1.51705e-06
 Reference value :  1.51726e-06
 Reference value :  1.51748e-06
 Reference value :  1.51769e-06
 Reference value :  1.51790e-06
 Reference value :  1.51811e-06
 Reference value :  1.51833e-06
 Reference value :  1.51855e-06
 Reference value :  1.51875e-06
 Reference value :  1.51896e-06
 Reference value :  1.51918e-06
 Reference value :  1.51938e-06
 Reference value :  1.51960e-06
 Reference value :  1.51981e-06
 Reference value :  1.52002e-06
 Reference value :  1.52023e-06
 Reference value :  1.52044e-06
 Reference value :  1.52064e-06
 Reference value :  1.52086e-06
 Reference value :  1.52106e-06
 Reference value :  1.52127e-06
 Reference value :  1.52148e-06
 Reference value :  1.52168e-06
 Reference value :  1.52189e-06
 Reference value :  1.52210e-06
 Reference value :  1.52231e-06
 Reference value :  1.52252e-06
 Reference value :  1.52273e-06
 Reference value :  1.52293e-06
 Reference value :  1.52314e-06
 Reference value :  1.52334e-06
 Reference value :  1.52355e-06
 Reference value :  1.52376e-06
 Reference value :  1.52397e-06
 Reference value :  1.52418e-06
 Reference value :  1.52438e-06
 Reference value :  1.52460e-06
 Reference value :  1.52481e-06
 Reference value :  1.52502e-06
 Reference value :  1.52523e-06
 Reference value :  1.52543e-06
 Reference value :  1.52565e-06
 Reference value :  1.52587e-06
 Reference value :  1.52607e-06
 Reference value :  1.52628e-06
 Reference value :  1.52649e-06
 Reference value :  1.52671e-06
 Reference value :  1.52691e-06
 Reference value :  1.52713e-06
 Reference value :  1.52734e-06
 Reference value :  1.52755e-06
 Reference value :  1.52776e-06
 Reference value :  1.52797e-06
 Reference value :  1.52818e-06
 Reference value :  1.52839e-06
 Reference value :  1.52860e-06
 Reference value :  1.52881e-06
 Reference value :  1.52901e-06
 Reference value :  1.52922e-06
 Reference value :  1.52943e-06
 Reference value :  1.52964e-06
 Reference value :  1.52985e-06
 Reference value :  1.53006e-06
 Reference value :  1.53027e-06
 Reference value :  1.53048e-06
 Reference value :  1.53069e-06
 Reference value :  1.53090e-06
 Reference value :  1.53112e-06
 Reference value :  1.53133e-06
 Reference value :  1.53154e-06
 Reference value :  1.53175e-06
 Reference value :  1.53196e-06
 Reference value :  1.53217e-06
 Reference value :  1.53238e-06
 Reference value :  1.53259e-06
 Reference value :  1.53279e-06
 Reference value :  1.53300e-06
 Reference value :  1.53322e-06
 Reference value :  1.53343e-06
 Reference value :  1.53364e-06
 Reference value :  1.53386e-06
 Reference value :  1.53407e-06
 Reference value :  1.53428e-06
 Reference value :  1.53449e-06
 Reference value :  1.53470e-06
 Reference value :  1.53491e-06
 Reference value :  1.53512e-06
 Reference value :  1.53533e-06
 Reference value :  1.53554e-06
 Reference value :  1.53576e-06
 Reference value :  1.53597e-06
 Reference value :  1.53617e-06
 Reference value :  1.53639e-06
 Reference value :  1.53661e-06
 Reference value :  1.53682e-06
 Reference value :  1.53703e-06
 Reference value :  1.53725e-06
 Reference value :  1.53745e-06
 Reference value :  1.53766e-06
 Reference value :  1.53788e-06
 Reference value :  1.53809e-06
 Reference value :  1.53830e-06
 Reference value :  1.53852e-06
 Reference value :  1.53873e-06
 Reference value :  1.53894e-06
 Reference value :  1.53914e-06
 Reference value :  1.53936e-06
 Reference value :  1.53958e-06
 Reference value :  1.53979e-06
 Reference value :  1.53999e-06
 Reference value :  1.54020e-06
 Reference value :  1.54041e-06
 Reference value :  1.54063e-06
 Reference value :  1.54083e-06
 Reference value :  1.54104e-06
 Reference value :  1.54125e-06
 Reference value :  1.54146e-06
 Reference value :  1.54168e-06
 Reference value :  1.54189e-06
 Reference value :  1.54211e-06
 Reference value :  1.54232e-06
 Reference value :  1.54254e-06
 Reference value :  1.54275e-06
 Reference value :  1.54296e-06
 Reference value :  1.54316e-06
 Reference value :  1.54338e-06
 Reference value :  1.54360e-06
 Reference value :  1.54381e-06
 Reference value :  1.54401e-06
 Reference value :  1.54422e-06
 Reference value :  1.54444e-06
 Reference value :  1.54464e-06
 Reference value :  1.54485e-06
 Reference value :  1.54506e-06
 Reference value :  1.54527e-06
 Reference value :  1.54548e-06
 Reference value :  1.54570e-06
 Reference value :  1.54590e-06
 Reference value :  1.54612e-06
 Reference value :  1.54633e-06
 Reference value :  1.54654e-06
 Reference value :  1.54676e-06
 Reference value :  1.54698e-06
 Reference value :  1.54718e-06
 Reference value :  1.54740e-06
 Reference value :  1.54762e-06
 Reference value :  1.54783e-06
 Reference value :  1.54804e-06
 Reference value :  1.54826e-06
 Reference value :  1.54847e-06
 Reference value :  1.54868e-06
 Reference value :  1.54889e-06
 Reference value :  1.54911e-06
 Reference value :  1.54931e-06
 Reference value :  1.54953e-06
 Reference value :  1.54975e-06
 Reference value :  1.54996e-06
 Reference value :  1.55017e-06
 Reference value :  1.55038e-06
 Reference value :  1.55059e-06
 Reference value :  1.55080e-06
 Reference value :  1.55101e-06
 Reference value :  1.55122e-06
 Reference value :  1.55143e-06
 Reference value :  1.55164e-06
 Reference value :  1.55185e-06
 Reference value :  1.55207e-06
 Reference value :  1.55228e-06
 Reference value :  1.55249e-06
 Reference value :  1.55269e-06
 Reference value :  1.55290e-06
 Reference value :  1.55312e-06
 Reference value :  1.55333e-06
 Reference value :  1.55355e-06
 Reference value :  1.55377e-06
 Reference value :  1.55397e-06
 Reference value :  1.55419e-06
 Reference value :  1.55440e-06
 Reference value :  1.55461e-06
 Reference value :  1.55482e-06
 Reference value :  1.55503e-06
 Reference value :  1.55526e-06
 Reference value :  1.55547e-06
 Reference value :  1.55568e-06
 Reference value :  1.55590e-06
 Reference value :  1.55611e-06
 Reference value :  1.55633e-06
 Reference value :  1.55654e-06
 Reference value :  1.55674e-06
 Reference value :  1.55695e-06
 Reference value :  1.55717e-06
 Reference value :  1.55739e-06
 Reference value :  1.55759e-06
 Reference value :  1.55781e-06
 Reference value :  1.55803e-06
 Reference value :  1.55823e-06
 Reference value :  1.55844e-06
 Reference value :  1.55865e-06
 Reference value :  1.55886e-06
 Reference value :  1.55908e-06
 Reference value :  1.55928e-06
 Reference value :  1.55950e-06
 Reference value :  1.55971e-06
 Reference value :  1.55992e-06
 Reference value :  1.56013e-06
 Reference value :  1.56034e-06
 Reference value :  1.56055e-06
 Reference value :  1.56076e-06
 Reference value :  1.56097e-06
 Reference value :  1.56118e-06
 Reference value :  1.56139e-06
 Reference value :  1.56161e-06
 Reference value :  1.56181e-06
 Reference value :  1.56202e-06
 Reference value :  1.56224e-06
 Reference value :  1.56245e-06
 Reference value :  1.56266e-06
 Reference value :  1.56288e-06
 Reference value :  1.56310e-06
 Reference value :  1.56330e-06
 Reference value :  1.56351e-06
 Reference value :  1.56373e-06
 Reference value :  1.56394e-06
 Reference value :  1.56416e-06
 Reference value :  1.56437e-06
 Reference value :  1.56458e-06
 Reference value :  1.56479e-06
 Reference value :  1.56501e-06
 Reference value :  1.56522e-06
 Reference value :  1.56544e-06
 Reference value :  1.56565e-06
 Reference value :  1.56586e-06
 Reference value :  1.56607e-06
 Reference value :  1.56628e-06
 Reference value :  1.56649e-06
 Reference value :  1.56670e-06
 Reference value :  1.56690e-06
 Reference value :  1.56712e-06
 Reference value :  1.56733e-06
 Reference value :  1.56754e-06
 Reference value :  1.56776e-06
 Reference value :  1.56796e-06
 Reference value :  1.56817e-06
 Reference value :  1.56838e-06
 Reference value :  1.56859e-06
 Reference value :  1.56880e-06
 Reference value :  1.56901e-06
 Reference value :  1.56922e-06
 Reference value :  1.56943e-06
 Reference value :  1.56964e-06
 Reference value :  1.56985e-06
 Reference value :  1.57006e-06
 Reference value :  1.57027e-06
 Reference value :  1.57049e-06
 Reference value :  1.57070e-06
 Reference value :  1.57091e-06
 Reference value :  1.57112e-06
 Reference value :  1.57134e-06
 Reference value :  1.57154e-06
 Reference value :  1.57175e-06
 Reference value :  1.57197e-06
 Reference value :  1.57218e-06
 Reference value :  1.57238e-06
 Reference value :  1.57259e-06
 Reference value :  1.57280e-06
 Reference value :  1.57301e-06
 Reference value :  1.57322e-06
 Reference value :  1.57343e-06
 Reference value :  1.57365e-06
 Reference value :  1.57387e-06
 Reference value :  1.57408e-06
 Reference value :  1.57429e-06
 Reference value :  1.57450e-06
 Reference value :  1.57471e-06
 Reference value :  1.57492e-06
 Reference value :  1.57513e-06
 Reference value :  1.57533e-06
 Reference value :  1.57555e-06
 Reference value :  1.57576e-06
 Reference value :  1.57597e-06
 Reference value :  1.57617e-06
 Reference value :  1.57639e-06
 Reference value :  1.57661e-06
 Reference value :  1.57681e-06
 Reference value :  1.57702e-06
 Reference value :  1.57724e-06
 Reference value :  1.57746e-06
 Reference value :  1.57767e-06
 Reference value :  1.57788e-06
 Reference value :  1.57809e-06
 Reference value :  1.57830e-06
 Reference value :  1.57850e-06
 Reference value :  1.57871e-06
 Reference value :  1.57893e-06
 Reference value :  1.57914e-06
 Reference value :  1.57935e-06
 Reference value :  1.57957e-06
 Reference value :  1.57978e-06
 Reference value :  1.57999e-06
 Reference value :  1.58020e-06
 Reference value :  1.58042e-06
 Reference value :  1.58063e-06
 Reference value :  1.58085e-06
 Reference value :  1.58107e-06
 Reference value :  1.58128e-06
 Reference value :  1.58150e-06
 Reference value :  1.58171e-06
 Reference value :  1.58193e-06
 Reference value :  1.58214e-06
 Reference value :  1.58235e-06
 Reference value :  1.58256e-06
 Reference value :  1.58278e-06
 Reference value :  1.58299e-06
 Reference value :  1.58320e-06
 Reference value :  1.58342e-06
 Reference value :  1.58364e-06
 Reference value :  1.58385e-06
 Reference value :  1.58407e-06
 Reference value :  1.58428e-06
 Reference value :  1.58449e-06
 Reference value :  1.58469e-06
 Reference value :  1.58491e-06
 Reference value :  1.58512e-06
 Reference value :  1.58532e-06
 Reference value :  1.58554e-06
 Reference value :  1.58575e-06
 Reference value :  1.58597e-06
 Reference value :  1.58618e-06
 Reference value :  1.58640e-06
 Reference value :  1.58661e-06
 Reference value :  1.58683e-06
 Reference value :  1.58704e-06
 Reference value :  1.58725e-06
 Reference value :  1.58745e-06
 Reference value :  1.58767e-06
 Reference value :  1.58789e-06
 Reference value :  1.58810e-06
 Reference value :  1.58830e-06
 Reference value :  1.58851e-06
 Reference value :  1.58873e-06
 Reference value :  1.58894e-06
 Reference value :  1.58916e-06
 Reference value :  1.58937e-06
 Reference value :  1.58958e-06
 Reference value :  1.58979e-06
 Reference value :  1.59001e-06
 Reference value :  1.59022e-06
 Reference value :  1.59044e-06
 Reference value :  1.59066e-06
 Reference value :  1.59088e-06
 Reference value :  1.59109e-06
 Reference value :  1.59130e-06
 Reference value :  1.59151e-06
 Reference value :  1.59172e-06
 Reference value :  1.59194e-06
 Reference value :  1.59215e-06
 Reference value :  1.59235e-06
 Reference value :  1.59256e-06
 Reference value :  1.59277e-06
 Reference value :  1.59299e-06
 Reference value :  1.59320e-06
 Reference value :  1.59340e-06
 Reference value :  1.59361e-06
 Reference value :  1.59382e-06
 Reference value :  1.59404e-06
 Reference value :  1.59424e-06
 Reference value :  1.59445e-06
 Reference value :  1.59466e-06
 Reference value :  1.59488e-06
 Reference value :  1.59509e-06
 Reference value :  1.59530e-06
 Reference value :  1.59552e-06
 Reference value :  1.59573e-06
 Reference value :  1.59593e-06
 Reference value :  1.59615e-06
 Reference value :  1.59637e-06
 Reference value :  1.59659e-06
 Reference value :  1.59680e-06
 Reference value :  1.59701e-06
 Reference value :  1.59721e-06
 Reference value :  1.59742e-06
 Reference value :  1.59763e-06
 Reference value :  1.59785e-06
 Reference value :  1.59806e-06
 Reference value :  1.59827e-06
 Reference value :  1.59848e-06
 Reference value :  1.59870e-06
 Reference value :  1.59891e-06
 Reference value :  1.59912e-06
 Reference value :  1.59934e-06
 Reference value :  1.59955e-06
 Reference value :  1.59976e-06
 Reference value :  1.59997e-06
 Reference value :  1.60017e-06
 Reference value :  1.60038e-06
 Reference value :  1.60059e-06
 Reference value :  1.60081e-06
 Reference value :  1.60103e-06
 Reference value :  1.60124e-06
 Reference value :  1.60144e-06
 Reference value :  1.60166e-06
 Reference value :  1.60187e-06
 Reference value :  1.60208e-06
 Reference value :  1.60229e-06
 Reference value :  1.60250e-06
 Reference value :  1.60271e-06
 Reference value :  1.60293e-06
 Reference value :  1.60314e-06
 Reference value :  1.60337e-06
 Reference value :  1.60358e-06
 Reference value :  1.60380e-06
 Reference value :  1.60401e-06
 Reference value :  1.60422e-06
 Reference value :  1.60444e-06
 Reference value :  1.60465e-06
 Reference value :  1.60487e-06
 Reference value :  1.60508e-06
 Reference value :  1.60529e-06
 Reference value :  1.60551e-06
 Reference value :  1.60573e-06
 Reference value :  1.60594e-06
 Reference value :  1.60616e-06
 Reference value :  1.60637e-06
 Reference value :  1.60658e-06
 Reference value :  1.60680e-06
 Reference value :  1.60701e-06
 Reference value :  1.60723e-06
 Reference value :  1.60744e-06
 Reference value :  1.60766e-06
 Reference value :  1.60786e-06
 Reference value :  1.60807e-06
 Reference value :  1.60829e-06
 Reference value :  1.60850e-06
 Reference value :  1.60872e-06
 Reference value :  1.60894e-06
 Reference value :  1.60916e-06
 Reference value :  1.60937e-06
 Reference value :  1.60958e-06
 Reference value :  1.60979e-06
 Reference value :  1.61000e-06
 Reference value :  1.61021e-06
 Reference value :  1.61042e-06
 Reference value :  1.61063e-06
 Reference value :  1.61085e-06
 Reference value :  1.61107e-06
 Reference value :  1.61128e-06
 Reference value :  1.61150e-06
 Reference value :  1.61171e-06
 Reference value :  1.61192e-06
 Reference value :  1.61214e-06
 Reference value :  1.61235e-06
 Reference value :  1.61256e-06
 Reference value :  1.61277e-06
 Reference value :  1.61299e-06
 Reference value :  1.61320e-06
 Reference value :  1.61341e-06
 Reference value :  1.61363e-06
 Reference value :  1.61384e-06
 Reference value :  1.61406e-06
 Reference value :  1.61428e-06
 Reference value :  1.61449e-06
 Reference value :  1.61471e-06
 Reference value :  1.61492e-06
 Reference value :  1.61512e-06
 Reference value :  1.61533e-06
 Reference value :  1.61555e-06
 Reference value :  1.61576e-06
 Reference value :  1.61598e-06
 Reference value :  1.61618e-06
 Reference value :  1.61640e-06
 Reference value :  1.61661e-06
 Reference value :  1.61683e-06
 Reference value :  1.61705e-06
 Reference value :  1.61726e-06
 Reference value :  1.61747e-06
 Reference value :  1.61769e-06
 Reference value :  1.61789e-06
 Reference value :  1.61811e-06
 Reference value :  1.61833e-06
 Reference value :  1.61854e-06
 Reference value :  1.61876e-06
 Reference value :  1.61897e-06
 Reference value :  1.61919e-06
 Reference value :  1.61941e-06
 Reference value :  1.61961e-06
 Reference value :  1.61982e-06
 Reference value :  1.62004e-06
 Reference value :  1.62026e-06
 Reference value :  1.62047e-06
 Reference value :  1.62069e-06
 Reference value :  1.62090e-06
 Reference value :  1.62111e-06
 Reference value :  1.62132e-06
 Reference value :  1.62154e-06
 Reference value :  1.62174e-06
 Reference value :  1.62195e-06
 Reference value :  1.62216e-06
 Reference value :  1.62238e-06
 Reference value :  1.62259e-06
 Reference value :  1.62280e-06
 Reference value :  1.62303e-06
 Reference value :  1.62324e-06
 Reference value :  1.62346e-06
 Reference value :  1.62367e-06
 Reference value :  1.62388e-06
 Reference value :  1.62410e-06
 Reference value :  1.62431e-06
 Reference value :  1.62453e-06
 Reference value :  1.62475e-06
 Reference value :  1.62497e-06
 Reference value :  1.62518e-06
 Reference value :  1.62539e-06
 Reference value :  1.62559e-06
 Reference value :  1.62581e-06
 Reference value :  1.62603e-06
 Reference value :  1.62625e-06
 Reference value :  1.62646e-06
 Reference value :  1.62667e-06
 Reference value :  1.62688e-06
 Reference value :  1.62708e-06
 Reference value :  1.62729e-06
 Reference value :  1.62751e-06
 Reference value :  1.62772e-06
 Reference value :  1.62794e-06
 Reference value :  1.62815e-06
 Reference value :  1.62836e-06
 Reference value :  1.62857e-06
 Reference value :  1.62878e-06
 Reference value :  1.62899e-06
 Reference value :  1.62920e-06
 Reference value :  1.62941e-06
 Reference value :  1.62963e-06
 Reference value :  1.62985e-06
 Reference value :  1.63005e-06
 Reference value :  1.63026e-06
 Reference value :  1.63048e-06
 Reference value :  1.63070e-06
 Reference value :  1.63091e-06
 Reference value :  1.63113e-06
 Reference value :  1.63134e-06
 Reference value :  1.63154e-06
 Reference value :  1.63176e-06
 Reference value :  1.63197e-06
 Reference value :  1.63218e-06
 Reference value :  1.63240e-06
 Reference value :  1.63261e-06
 Reference value :  1.63282e-06
 Reference value :  1.63303e-06
 Reference value :  1.63324e-06
 Reference value :  1.63345e-06
 Reference value :  1.63366e-06
 Reference value :  1.63387e-06
 Reference value :  1.63409e-06
 Reference value :  1.63431e-06
 Reference value :  1.63451e-06
 Reference value :  1.63473e-06
 Reference value :  1.63494e-06
 Reference value :  1.63515e-06
 Reference value :  1.63536e-06
 Reference value :  1.63556e-06
 Reference value :  1.63578e-06
 Reference value :  1.63599e-06
 Reference value :  1.63620e-06
 Reference value :  1.63640e-06
 Reference value :  1.63662e-06
 Reference value :  1.63683e-06
 Reference value :  1.63704e-06
 Reference value :  1.63725e-06
 Reference value :  1.63746e-06
 Reference value :  1.63767e-06
 Reference value :  1.63788e-06
 Reference value :  1.63809e-06
 Reference value :  1.63830e-06
 Reference value :  1.63852e-06
 Reference value :  1.63873e-06
 Reference value :  1.63894e-06
 Reference value :  1.63916e-06
 Reference value :  1.63938e-06
 Reference value :  1.63959e-06
 Reference value :  1.63980e-06
 Reference value :  1.64002e-06
 Reference value :  1.64023e-06
 Reference value :  1.64044e-06
 Reference value :  1.64066e-06
 Reference value :  1.64087e-06
 Reference value :  1.64108e-06
 Reference value :  1.64129e-06
 Reference value :  1.64151e-06
 Reference value :  1.64172e-06
 Reference value :  1.64194e-06
 Reference value :  1.64215e-06
 Reference value :  1.64235e-06
 Reference value :  1.64256e-06
 Reference value :  1.64278e-06
 Reference value :  1.64299e-06
 Reference value :  1.64319e-06
 Reference value :  1.64340e-06
 Reference value :  1.64360e-06
 Reference value :  1.64381e-06
 Reference value :  1.64402e-06
 Reference value :  1.64424e-06
 Reference value :  1.64445e-06
 Reference value :  1.64466e-06
 Reference value :  1.64487e-06
 Reference value :  1.64508e-06
 Reference value :  1.64529e-06
 Reference value :  1.64550e-06
 Reference value :  1.64573e-06
 Reference value :  1.64594e-06
 Reference value :  1.64616e-06
 Reference value :  1.64637e-06
 Reference value :  1.64659e-06
 Reference value :  1.64681e-06
 Reference value :  1.64701e-06
 Reference value :  1.64723e-06
 Reference value :  1.64745e-06
 Reference value :  1.64765e-06
 Reference value :  1.64787e-06
 Reference value :  1.64808e-06
 Reference value :  1.64830e-06
 Reference value :  1.64850e-06
 Reference value :  1.64871e-06
 Reference value :  1.64893e-06
 Reference value :  1.64914e-06
 Reference value :  1.64934e-06
 Reference value :  1.64957e-06
 Reference value :  1.64978e-06
 Reference value :  1.64999e-06
 Reference value :  1.65021e-06
 Reference value :  1.65042e-06
 Reference value :  1.65063e-06
 Reference value :  1.65084e-06
 Reference value :  1.65106e-06
 Reference value :  1.65127e-06
 Reference value :  1.65147e-06
 Reference value :  1.65168e-06
 Reference value :  1.65189e-06
 Reference value :  1.65210e-06
 Reference value :  1.65231e-06
 Reference value :  1.65252e-06
 Reference value :  1.65272e-06
 Reference value :  1.65293e-06
 Reference value :  1.65314e-06
 Reference value :  1.65336e-06
 Reference value :  1.65357e-06
 Reference value :  1.65377e-06
 Reference value :  1.65399e-06
 Reference value :  1.65420e-06
 Reference value :  1.65441e-06
 Reference value :  1.65462e-06
 Reference value :  1.65483e-06
 Reference value :  1.65505e-06
 Reference value :  1.65526e-06
 Reference value :  1.65548e-06
 Reference value :  1.65569e-06
 Reference value :  1.65591e-06
 Reference value :  1.65612e-06
 Reference value :  1.65634e-06
 Reference value :  1.65654e-06
 Reference value :  1.65676e-06
 Reference value :  1.65697e-06
 Reference value :  1.65718e-06
 Reference value :  1.65738e-06
 Reference value :  1.65759e-06
 Reference value :  1.65781e-06
 Reference value :  1.65803e-06
 Reference value :  1.65824e-06
 Reference value :  1.65845e-06
 Reference value :  1.65866e-06
 Reference value :  1.65887e-06
 Reference value :  1.65908e-06
 Reference value :  1.65930e-06
 Reference value :  1.65951e-06
 Reference value :  1.65973e-06
 Reference value :  1.65994e-06
 Reference value :  1.66015e-06
 Reference value :  1.66037e-06
 Reference value :  1.66059e-06
 Reference value :  1.66080e-06
 Reference value :  1.66101e-06
 Reference value :  1.66122e-06
 Reference value :  1.66144e-06
 Reference value :  1.66165e-06
 Reference value :  1.66187e-06
 Reference value :  1.66208e-06
 Reference value :  1.66229e-06
 Reference value :  1.66250e-06
 Reference value :  1.66272e-06
 Reference value :  1.66293e-06
 Reference value :  1.66315e-06
 Reference value :  1.66336e-06
 Reference value :  1.66358e-06
 Reference value :  1.66379e-06
 Reference value :  1.66401e-06
 Reference value :  1.66422e-06
 Reference value :  1.66444e-06
 Reference value :  1.66465e-06
 Reference value :  1.66486e-06
 Reference value :  1.66508e-06
 Reference value :  1.66529e-06
 Reference value :  1.66550e-06
 Reference value :  1.66572e-06
 Reference value :  1.66593e-06
 Reference value :  1.66613e-06
 Reference value :  1.66634e-06
 Reference value :  1.66655e-06
 Reference value :  1.66677e-06
 Reference value :  1.66698e-06
 Reference value :  1.66720e-06
 Reference value :  1.66742e-06
 Reference value :  1.66762e-06
 Reference value :  1.66784e-06
 Reference value :  1.66806e-06
 Reference value :  1.66826e-06
 Reference value :  1.66847e-06
 Reference value :  1.66868e-06
 Reference value :  1.66890e-06
 Reference value :  1.66911e-06
 Reference value :  1.66933e-06
 Reference value :  1.66955e-06
 Reference value :  1.66975e-06
 Reference value :  1.66996e-06
 Reference value :  1.67017e-06
 Reference value :  1.67039e-06
 Reference value :  1.67060e-06
 Reference value :  1.67081e-06
 Reference value :  1.67102e-06
 Reference value :  1.67123e-06
 Reference value :  1.67144e-06
 Reference value :  1.67165e-06
 Reference value :  1.67187e-06
 Reference value :  1.67208e-06
 Reference value :  1.67228e-06
 Reference value :  1.67250e-06
 Reference value :  1.67271e-06
 Reference value :  1.67292e-06
 Reference value :  1.67314e-06
 Reference value :  1.67335e-06
 Reference value :  1.67357e-06
 Reference value :  1.67377e-06
 Reference value :  1.67399e-06
 Reference value :  1.67421e-06
 Reference value :  1.67441e-06
 Reference value :  1.67462e-06
 Reference value :  1.67484e-06
 Reference value :  1.67505e-06
 Reference value :  1.67526e-06
 Reference value :  1.67547e-06
 Reference value :  1.67569e-06
 Reference value :  1.67590e-06
 Reference value :  1.67610e-06
 Reference value :  1.67631e-06
 Reference value :  1.67652e-06
 Reference value :  1.67674e-06
 Reference value :  1.67694e-06
 Reference value :  1.67715e-06
 Reference value :  1.67736e-06
 Reference value :  1.67758e-06
 Reference value :  1.67779e-06
 Reference value :  1.67799e-06
 Reference value :  1.67821e-06
 Reference value :  1.67843e-06
 Reference value :  1.67863e-06
 Reference value :  1.67885e-06
 Reference value :  1.67906e-06
 Reference value :  1.67928e-06
 Reference value :  1.67948e-06
 Reference value :  1.67969e-06
 Reference value :  1.67991e-06
 Reference value :  1.68012e-06
 Reference value :  1.68032e-06
 Reference value :  1.68053e-06
 Reference value :  1.68074e-06
 Reference value :  1.68096e-06
 Reference value :  1.68117e-06
 Reference value :  1.68137e-06
 Reference value :  1.68158e-06
 Reference value :  1.68180e-06
 Reference value :  1.68201e-06
 Reference value :  1.68222e-06
 Reference value :  1.68243e-06
 Reference value :  1.68264e-06
 Reference value :  1.68285e-06
 Reference value :  1.68306e-06
 Reference value :  1.68327e-06
 Reference value :  1.68349e-06
 Reference value :  1.68370e-06
 Reference value :  1.68390e-06
 Reference value :  1.68411e-06
 Reference value :  1.68432e-06
 Reference value :  1.68454e-06
 Reference value :  1.68475e-06
 Reference value :  1.68496e-06
 Reference value :  1.68517e-06
 Reference value :  1.68538e-06
 Reference value :  1.68559e-06
 Reference value :  1.68580e-06
 Reference value :  1.68602e-06
 Reference value :  1.68623e-06
 Reference value :  1.68645e-06
 Reference value :  1.68667e-06
 Reference value :  1.68688e-06
 Reference value :  1.68709e-06
 Reference value :  1.68730e-06
 Reference value :  1.68751e-06
 Reference value :  1.68772e-06
 Reference value :  1.68794e-06
 Reference value :  1.68815e-06
 Reference value :  1.68836e-06
 Reference value :  1.68857e-06
 Reference value :  1.68877e-06
 Reference value :  1.68899e-06
 Reference value :  1.68920e-06
 Reference value :  1.68941e-06
 Reference value :  1.68963e-06
 Reference value :  1.68984e-06
 Reference value :  1.69005e-06
 Reference value :  1.69026e-06
 Reference value :  1.69047e-06
 Reference value :  1.69069e-06
 Reference value :  1.69090e-06
 Reference value :  1.69111e-06
 Reference value :  1.69133e-06
 Reference value :  1.69154e-06
 Reference value :  1.69176e-06
 Reference value :  1.69197e-06
 Reference value :  1.69218e-06
 Reference value :  1.69240e-06
 Reference value :  1.69261e-06
 Reference value :  1.69282e-06
 Reference value :  1.69303e-06
 Reference value :  1.69324e-06
 Reference value :  1.69345e-06
 Reference value :  1.69367e-06
 Reference value :  1.69387e-06
 Reference value :  1.69409e-06
 Reference value :  1.69430e-06
 Reference value :  1.69451e-06
 Reference value :  1.69473e-06
 Reference value :  1.69494e-06
 Reference value :  1.69515e-06
 Reference value :  1.69537e-06
 Reference value :  1.69559e-06
 Reference value :  1.69579e-06
 Reference value :  1.69601e-06
 Reference value :  1.69622e-06
 Reference value :  1.69643e-06
 Reference value :  1.69664e-06
 Reference value :  1.69686e-06
 Reference value :  1.69708e-06
 Reference value :  1.69729e-06
 Reference value :  1.69750e-06
 Reference value :  1.69772e-06
 Reference value :  1.69792e-06
 Reference value :  1.69814e-06
 Reference value :  1.69835e-06
 Reference value :  1.69856e-06
 Reference value :  1.69877e-06
 Reference value :  1.69897e-06
 Reference value :  1.69919e-06
 Reference value :  1.69940e-06
 Reference value :  1.69961e-06
 Reference value :  1.69982e-06
 Reference value :  1.70003e-06
 Reference value :  1.70025e-06
 Reference value :  1.70046e-06
 Reference value :  1.70068e-06
 Reference value :  1.70090e-06
 Reference value :  1.70110e-06
 Reference value :  1.70132e-06
 Reference value :  1.70154e-06
 Reference value :  1.70175e-06
 Reference value :  1.70197e-06
 Reference value :  1.70218e-06
 Reference value :  1.70239e-06
 Reference value :  1.70260e-06
 Reference value :  1.70282e-06
 Reference value :  1.70302e-06
 Reference value :  1.70324e-06
 Reference value :  1.70346e-06
 Reference value :  1.70367e-06
 Reference value :  1.70387e-06
 Reference value :  1.70409e-06
 Reference value :  1.70431e-06
 Reference value :  1.70452e-06
 Reference value :  1.70474e-06
 Reference value :  1.70495e-06
 Reference value :  1.70516e-06
 Reference value :  1.70537e-06
 Reference value :  1.70559e-06
 Reference value :  1.70581e-06
 Reference value :  1.70603e-06
 Reference value :  1.70623e-06
 Reference value :  1.70645e-06
 Reference value :  1.70666e-06
 Reference value :  1.70688e-06
 Reference value :  1.70709e-06
 Reference value :  1.70730e-06
 Reference value :  1.70752e-06
 Reference value :  1.70772e-06
 Reference value :  1.70793e-06
 Reference value :  1.70814e-06
 Reference value :  1.70835e-06
 Reference value :  1.70856e-06
 Reference value :  1.70878e-06
 Reference value :  1.70900e-06
 Reference value :  1.70922e-06
 Reference value :  1.70944e-06
 Reference value :  1.70965e-06
 Reference value :  1.70987e-06
 Reference value :  1.71008e-06
 Reference value :  1.71029e-06
 Reference value :  1.71051e-06
 Reference value :  1.71073e-06
 Reference value :  1.71094e-06
 Reference value :  1.71116e-06
 Reference value :  1.71137e-06
 Reference value :  1.71158e-06
 Reference value :  1.71180e-06
 Reference value :  1.71201e-06
 Reference value :  1.71223e-06
 Reference value :  1.71244e-06
 Reference value :  1.71265e-06
 Reference value :  1.71286e-06
 Reference value :  1.71307e-06
 Reference value :  1.71329e-06
 Reference value :  1.71350e-06
 Reference value :  1.71371e-06
 Reference value :  1.71393e-06
 Reference value :  1.71414e-06
 Reference value :  1.71436e-06
 Reference value :  1.71457e-06
 Reference value :  1.71478e-06
 Reference value :  1.71500e-06
 Reference value :  1.71522e-06
 Reference value :  1.71543e-06
 Reference value :  1.71565e-06
 Reference value :  1.71586e-06
 Reference value :  1.71607e-06
 Reference value :  1.71630e-06
 Reference value :  1.71651e-06
 Reference value :  1.71673e-06
 Reference value :  1.71694e-06
 Reference value :  1.71716e-06
 Reference value :  1.71738e-06
 Reference value :  1.71758e-06
 Reference value :  1.71780e-06
 Reference value :  1.71801e-06
 Reference value :  1.71823e-06
 Reference value :  1.71844e-06
 Reference value :  1.71866e-06
 Reference value :  1.71887e-06
 Reference value :  1.71908e-06
 Reference value :  1.71929e-06
 Reference value :  1.71951e-06
 Reference value :  1.71972e-06
 Reference value :  1.71994e-06
 Reference value :  1.72015e-06
 Reference value :  1.72036e-06
 Reference value :  1.72058e-06
 Reference value :  1.72079e-06
 Reference value :  1.72100e-06
 Reference value :  1.72121e-06
 Reference value :  1.72143e-06
 Reference value :  1.72164e-06
 Reference value :  1.72185e-06
 Reference value :  1.72207e-06
 Reference value :  1.72228e-06
 Reference value :  1.72250e-06
 Reference value :  1.72271e-06
 Reference value :  1.72292e-06
 Reference value :  1.72314e-06
 Reference value :  1.72336e-06
 Reference value :  1.72356e-06
 Reference value :  1.72378e-06
 Reference value :  1.72400e-06
 Reference value :  1.72422e-06
 Reference value :  1.72443e-06
 Reference value :  1.72464e-06
 Reference value :  1.72485e-06
 Reference value :  1.72506e-06
 Reference value :  1.72528e-06
 Reference value :  1.72549e-06
 Reference value :  1.72571e-06
 Reference value :  1.72592e-06
 Reference value :  1.72613e-06
 Reference value :  1.72635e-06
 Reference value :  1.72657e-06
 Reference value :  1.72678e-06
 Reference value :  1.72699e-06
 Reference value :  1.72720e-06
 Reference value :  1.72742e-06
 Reference value :  1.72763e-06
 Reference value :  1.72785e-06
 Reference value :  1.72806e-06
 Reference value :  1.72826e-06
 Reference value :  1.72848e-06
 Reference value :  1.72870e-06
 Reference value :  1.72891e-06
 Reference value :  1.72913e-06
 Reference value :  1.72934e-06
 Reference value :  1.72954e-06
 Reference value :  1.72976e-06
 Reference value :  1.72997e-06
 Reference value :  1.73019e-06
 Reference value :  1.73039e-06
 Reference value :  1.73061e-06
 Reference value :  1.73083e-06
 Reference value :  1.73104e-06
 Reference value :  1.73125e-06
 Reference value :  1.73147e-06
 Reference value :  1.73168e-06
 Reference value :  1.73190e-06
 Reference value :  1.73211e-06
 Reference value :  1.73233e-06
 Reference value :  1.73255e-06
 Reference value :  1.73275e-06
 Reference value :  1.73296e-06
 Reference value :  1.73318e-06
 Reference value :  1.73339e-06
 Reference value :  1.73360e-06
 Reference value :  1.73382e-06
 Reference value :  1.73404e-06
 Reference value :  1.73425e-06
 Reference value :  1.73447e-06
 Reference value :  1.73468e-06
 Reference value :  1.73489e-06
 Reference value :  1.73510e-06
 Reference value :  1.73531e-06
 Reference value :  1.73552e-06
 Reference value :  1.73574e-06
 Reference value :  1.73595e-06
 Reference value :  1.73616e-06
 Reference value :  1.73637e-06
 Reference value :  1.73659e-06
 Reference value :  1.73681e-06
 Reference value :  1.73701e-06
 Reference value :  1.73723e-06
 Reference value :  1.73744e-06
 Reference value :  1.73765e-06
 Reference value :  1.73786e-06
 Reference value :  1.73807e-06
 Reference value :  1.73828e-06
 Reference value :  1.73848e-06
 Reference value :  1.73870e-06
 Reference value :  1.73891e-06
 Reference value :  1.73913e-06
 Reference value :  1.73934e-06
 Reference value :  1.73956e-06
 Reference value :  1.73978e-06
 Reference value :  1.73998e-06
 Reference value :  1.74020e-06
 Reference value :  1.74041e-06
 Reference value :  1.74062e-06
 Reference value :  1.74083e-06
 Reference value :  1.74105e-06
 Reference value :  1.74127e-06
 Reference value :  1.74148e-06
 Reference value :  1.74170e-06
 Reference value :  1.74191e-06
 Reference value :  1.74212e-06
 Reference value :  1.74234e-06
 Reference value :  1.74255e-06
 Reference value :  1.74276e-06
 Reference value :  1.74297e-06
 Reference value :  1.74318e-06
 Reference value :  1.74339e-06
 Reference value :  1.74361e-06
 Reference value :  1.74383e-06
 Reference value :  1.74404e-06
 Reference value :  1.74426e-06
 Reference value :  1.74448e-06
 Reference value :  1.74469e-06
 Reference value :  1.74491e-06
 Reference value :  1.74512e-06
 Reference value :  1.74532e-06
 Reference value :  1.74554e-06
 Reference value :  1.74576e-06
 Reference value :  1.74598e-06
 Reference value :  1.74619e-06
 Reference value :  1.74640e-06
 Reference value :  1.74662e-06
 Reference value :  1.74684e-06
 Reference value :  1.74704e-06
 Reference value :  1.74726e-06
 Reference value :  1.74747e-06
 Reference value :  1.74768e-06
 Reference value :  1.74789e-06
 Reference value :  1.74811e-06
 Reference value :  1.74832e-06
 Reference value :  1.74853e-06
 Reference value :  1.74873e-06
 Reference value :  1.74895e-06
 Reference value :  1.74916e-06
 Reference value :  1.74937e-06
 Reference value :  1.74958e-06
 Reference value :  1.74980e-06
 Reference value :  1.75001e-06
 Reference value :  1.75022e-06
 Reference value :  1.75044e-06
 Reference value :  1.75066e-06
 Reference value :  1.75087e-06
 Reference value :  1.75109e-06
 Reference value :  1.75130e-06
 Reference value :  1.75152e-06
 Reference value :  1.75174e-06
 Reference value :  1.75195e-06
 Reference value :  1.75216e-06
 Reference value :  1.75238e-06
 Reference value :  1.75258e-06
 Reference value :  1.75280e-06
 Reference value :  1.75302e-06
 Reference value :  1.75323e-06
 Reference value :  1.75344e-06
 Reference value :  1.75366e-06
 Reference value :  1.75387e-06
 Reference value :  1.75407e-06
 Reference value :  1.75428e-06
 Reference value :  1.75450e-06
 Reference value :  1.75471e-06
 Reference value :  1.75493e-06
 Reference value :  1.75515e-06
 Reference value :  1.75535e-06
 Reference value :  1.75556e-06
 Reference value :  1.75578e-06
 Reference value :  1.75600e-06
 Reference value :  1.75621e-06
 Reference value :  1.75643e-06
 Reference value :  1.75664e-06
 Reference value :  1.75685e-06
 Reference value :  1.75706e-06
 Reference value :  1.75728e-06
 Reference value :  1.75750e-06
 Reference value :  1.75772e-06
 Reference value :  1.75793e-06
 Reference value :  1.75815e-06
 Reference value :  1.75836e-06
 Reference value :  1.75858e-06
 Reference value :  1.75880e-06
 Reference value :  1.75901e-06
 Reference value :  1.75923e-06
 Reference value :  1.75944e-06
 Reference value :  1.75966e-06
 Reference value :  1.75988e-06
 Reference value :  1.76009e-06
 Reference value :  1.76031e-06
 Reference value :  1.76052e-06
 Reference value :  1.76073e-06
 Reference value :  1.76093e-06
 Reference value :  1.76115e-06
 Reference value :  1.76137e-06
 Reference value :  1.76158e-06
 Reference value :  1.76180e-06
 Reference value :  1.76201e-06
 Reference value :  1.76222e-06
 Reference value :  1.76244e-06
 Reference value :  1.76265e-06
 Reference value :  1.76286e-06
 Reference value :  1.76307e-06
 Reference value :  1.76329e-06
 Reference value :  1.76350e-06
 Reference value :  1.76371e-06
 Reference value :  1.76392e-06
 Reference value :  1.76414e-06
 Reference value :  1.76434e-06
 Reference value :  1.76456e-06
 Reference value :  1.76477e-06
 Reference value :  1.76498e-06
 Reference value :  1.76519e-06
 Reference value :  1.76540e-06
 Reference value :  1.76561e-06
 Reference value :  1.76582e-06
 Reference value :  1.76603e-06
 Reference value :  1.76624e-06
 Reference value :  1.76645e-06
 Reference value :  1.76667e-06
 Reference value :  1.76688e-06
 Reference value :  1.76710e-06
 Reference value :  1.76731e-06
 Reference value :  1.76753e-06
 Reference value :  1.76774e-06
 Reference value :  1.76795e-06
 Reference value :  1.76816e-06
 Reference value :  1.76837e-06
 Reference value :  1.76859e-06
 Reference value :  1.76880e-06
 Reference value :  1.76901e-06
 Reference value :  1.76922e-06
 Reference value :  1.76944e-06
 Reference value :  1.76965e-06
 Reference value :  1.76986e-06
 Reference value :  1.77007e-06
 Reference value :  1.77028e-06
 Reference value :  1.77049e-06
 Reference value :  1.77071e-06
 Reference value :  1.77092e-06
 Reference value :  1.77113e-06
 Reference value :  1.77134e-06
 Reference value :  1.77155e-06
 Reference value :  1.77177e-06
 Reference value :  1.77198e-06
 Reference value :  1.77219e-06
 Reference value :  1.77240e-06
 Reference value :  1.77262e-06
 Reference value :  1.77283e-06
 Reference value :  1.77304e-06
 Reference value :  1.77326e-06
 Reference value :  1.77347e-06
 Reference value :  1.77368e-06
 Reference value :  1.77389e-06
 Reference value :  1.77410e-06
 Reference value :  1.77432e-06
 Reference value :  1.77453e-06
 Reference value :  1.77474e-06
 Reference value :  1.77495e-06
 Reference value :  1.77515e-06
 Reference value :  1.77535e-06
 Reference value :  1.77556e-06
 Reference value :  1.77578e-06
 Reference value :  1.77599e-06
 Reference value :  1.77620e-06
 Reference value :  1.77642e-06
 Reference value :  1.77664e-06
 Reference value :  1.77684e-06
 Reference value :  1.77706e-06
 Reference value :  1.77728e-06
 Reference value :  1.77748e-06
 Reference value :  1.77770e-06
 Reference value :  1.77792e-06
 Reference value :  1.77812e-06
 Reference value :  1.77834e-06
 Reference value :  1.77855e-06
 Reference value :  1.77876e-06
 Reference value :  1.77897e-06
 Reference value :  1.77918e-06
 Reference value :  1.77939e-06
 Reference value :  1.77961e-06
 Reference value :  1.77981e-06
 Reference value :  1.78003e-06
 Reference value :  1.78025e-06
 Reference value :  1.78046e-06
 Reference value :  1.78068e-06
 Reference value :  1.78089e-06
 Reference value :  1.78110e-06
 Reference value :  1.78132e-06
 Reference value :  1.78153e-06
 Reference value :  1.78174e-06
 Reference value :  1.78194e-06
 Reference value :  1.78216e-06
 Reference value :  1.78238e-06
 Reference value :  1.78258e-06
 Reference value :  1.78279e-06
 Reference value :  1.78301e-06
 Reference value :  1.78322e-06
 Reference value :  1.78344e-06
 Reference value :  1.78365e-06
 Reference value :  1.78386e-06
 Reference value :  1.78407e-06
 Reference value :  1.78428e-06
 Reference value :  1.78449e-06
 Reference value :  1.78471e-06
 Reference value :  1.78492e-06
 Reference value :  1.78514e-06
 Reference value :  1.78535e-06
 Reference value :  1.78556e-06
 Reference value :  1.78577e-06
 Reference value :  1.78599e-06
 Reference value :  1.78620e-06
 Reference value :  1.78642e-06
 Reference value :  1.78664e-06
 Reference value :  1.78686e-06
 Reference value :  1.78708e-06
 Reference value :  1.78729e-06
 Reference value :  1.78750e-06
 Reference value :  1.78772e-06
 Reference value :  1.78792e-06
 Reference value :  1.78814e-06
 Reference value :  1.78836e-06
 Reference value :  1.78857e-06
 Reference value :  1.78879e-06
 Reference value :  1.78900e-06
 Reference value :  1.78920e-06
 Reference value :  1.78942e-06
 Reference value :  1.78964e-06
 Reference value :  1.78985e-06
 Reference value :  1.79006e-06
 Reference value :  1.79028e-06
 Reference value :  1.79049e-06
 Reference value :  1.79070e-06
 Reference value :  1.79091e-06
 Reference value :  1.79112e-06
 Reference value :  1.79133e-06
 Reference value :  1.79154e-06
 Reference value :  1.79176e-06
 Reference value :  1.79197e-06
 Reference value :  1.79218e-06
 Reference value :  1.79239e-06
 Reference value :  1.79260e-06
 Reference value :  1.79282e-06
 Reference value :  1.79302e-06
 Reference value :  1.79324e-06
 Reference value :  1.79346e-06
 Reference value :  1.79367e-06
 Reference value :  1.79388e-06
 Reference value :  1.79410e-06
 Reference value :  1.79431e-06
 Reference value :  1.79452e-06
 Reference value :  1.79473e-06
 Reference value :  1.79495e-06
 Reference value :  1.79515e-06
 Reference value :  1.79537e-06
 Reference value :  1.79558e-06
 Reference value :  1.79579e-06
 Reference value :  1.79599e-06
 Reference value :  1.79620e-06
 Reference value :  1.79642e-06
 Reference value :  1.79663e-06
 Reference value :  1.79684e-06
 Reference value :  1.79706e-06
 Reference value :  1.79727e-06
 Reference value :  1.79748e-06
 Reference value :  1.79770e-06
 Reference value :  1.79792e-06
 Reference value :  1.79814e-06
 Reference value :  1.79835e-06
 Reference value :  1.79856e-06
 Reference value :  1.79876e-06
 Reference value :  1.79897e-06
 Reference value :  1.79919e-06
 Reference value :  1.79941e-06
 Reference value :  1.79962e-06
 Reference value :  1.79983e-06
 Reference value :  1.80005e-06
 Reference value :  1.80025e-06
 Reference value :  1.80047e-06
 Reference value :  1.80069e-06
 Reference value :  1.80090e-06
 Reference value :  1.80112e-06
 Reference value :  1.80133e-06
 Reference value :  1.80154e-06
 Reference value :  1.80174e-06
 Reference value :  1.80196e-06
 Reference value :  1.80218e-06
 Reference value :  1.80239e-06
 Reference value :  1.80260e-06
 Reference value :  1.80282e-06
 Reference value :  1.80302e-06
 Reference value :  1.80324e-06
 Reference value :  1.80345e-06
 Reference value :  1.80366e-06
 Reference value :  1.80388e-06
 Reference value :  1.80409e-06
 Reference value :  1.80430e-06
 Reference value :  1.80451e-06
 Reference value :  1.80472e-06
 Reference value :  1.80493e-06
 Reference value :  1.80513e-06
 Reference value :  1.80534e-06
 Reference value :  1.80556e-06
 Reference value :  1.80576e-06
 Reference value :  1.80598e-06
 Reference value :  1.80620e-06
 Reference value :  1.80641e-06
 Reference value :  1.80663e-06
 Reference value :  1.80684e-06
 Reference value :  1.80706e-06
 Reference value :  1.80727e-06
 Reference value :  1.80748e-06
 Reference value :  1.80769e-06
 Reference value :  1.80790e-06
 Reference value :  1.80812e-06
 Reference value :  1.80833e-06
 Reference value :  1.80855e-06
 Reference value :  1.80876e-06
 Reference value :  1.80898e-06
 Reference value :  1.80920e-06
 Reference value :  1.80941e-06
 Reference value :  1.80963e-06
 Reference value :  1.80984e-06
 Reference value :  1.81005e-06
 Reference value :  1.81027e-06
 Reference value :  1.81049e-06
 Reference value :  1.81070e-06
 Reference value :  1.81092e-06
 Reference value :  1.81113e-06
 Reference value :  1.81135e-06
 Reference value :  1.81157e-06
 Reference value :  1.81177e-06
 Reference value :  1.81198e-06
 Reference value :  1.81220e-06
 Reference value :  1.81241e-06
 Reference value :  1.81263e-06
 Reference value :  1.81285e-06
 Reference value :  1.81306e-06
 Reference value :  1.81327e-06
 Reference value :  1.81349e-06
 Reference value :  1.81370e-06
 Reference value :  1.81391e-06
 Reference value :  1.81412e-06
 Reference value :  1.81433e-06
 Reference value :  1.81454e-06
 Reference value :  1.81476e-06
 Reference value :  1.81498e-06
 Reference value :  1.81518e-06
 Reference value :  1.81540e-06
 Reference value :  1.81562e-06
 Reference value :  1.81583e-06
 Reference value :  1.81604e-06
 Reference value :  1.81625e-06
 Reference value :  1.81646e-06
 Reference value :  1.81667e-06
 Reference value :  1.81688e-06
 Reference value :  1.81710e-06
 Reference value :  1.81730e-06
 Reference value :  1.81751e-06
 Reference value :  1.81772e-06
 Reference value :  1.81794e-06
 Reference value :  1.81816e-06
 Reference value :  1.81837e-06
 Reference value :  1.81858e-06
 Reference value :  1.81879e-06
 Reference value :  1.81900e-06
 Reference value :  1.81921e-06
 Reference value :  1.81942e-06
 Reference value :  1.81964e-06
 Reference value :  1.81985e-06
 Reference value :  1.82006e-06
 Reference value :  1.82028e-06
 Reference value :  1.82049e-06
 Reference value :  1.82071e-06
 Reference value :  1.82093e-06
 Reference value :  1.82114e-06
 Reference value :  1.82136e-06
 Reference value :  1.82157e-06
 Reference value :  1.82179e-06
 Reference value :  1.82200e-06
 Reference value :  1.82221e-06
 Reference value :  1.82242e-06
 Reference value :  1.82263e-06
 Reference value :  1.82285e-06
 Reference value :  1.82306e-06
 Reference value :  1.82328e-06
 Reference value :  1.82349e-06
 Reference value :  1.82370e-06
 Reference value :  1.82392e-06
 Reference value :  1.82414e-06
 Reference value :  1.82434e-06
 Reference value :  1.82456e-06
 Reference value :  1.82478e-06
 Reference value :  1.82498e-06
 Reference value :  1.82519e-06
 Reference value :  1.82540e-06
 Reference value :  1.82561e-06
 Reference value :  1.82582e-06
 Reference value :  1.82603e-06
 Reference value :  1.82624e-06
 Reference value :  1.82646e-06
 Reference value :  1.82667e-06
 Reference value :  1.82689e-06
 Reference value :  1.82711e-06
 Reference value :  1.82731e-06
 Reference value :  1.82752e-06
 Reference value :  1.82774e-06
 Reference value :  1.82795e-06
 Reference value :  1.82816e-06
 Reference value :  1.82838e-06
 Reference value :  1.82859e-06
 Reference value :  1.82880e-06
 Reference value :  1.82902e-06
 Reference value :  1.82923e-06
 Reference value :  1.82944e-06
 Reference value :  1.82966e-06
 Reference value :  1.82987e-06
 Reference value :  1.83008e-06
 Reference value :  1.83029e-06
 Reference value :  1.83050e-06
 Reference value :  1.83072e-06
 Reference value :  1.83093e-06
 Reference value :  1.83115e-06
 Reference value :  1.83137e-06
 Reference value :  1.83158e-06
 Reference value :  1.83179e-06
 Reference value :  1.83201e-06
 Reference value :  1.83221e-06
 Reference value :  1.83243e-06
 Reference value :  1.83265e-06
 Reference value :  1.83285e-06
 Reference value :  1.83307e-06
 Reference value :  1.83328e-06
 Reference value :  1.83349e-06
 Reference value :  1.83371e-06
 Reference value :  1.83392e-06
 Reference value :  1.83414e-06
 Reference value :  1.83434e-06
 Reference value :  1.83455e-06
 Reference value :  1.83477e-06
 Reference value :  1.83498e-06
 Reference value :  1.83520e-06
 Reference value :  1.83542e-06
 Reference value :  1.83563e-06
 Reference value :  1.83585e-06
 Reference value :  1.83606e-06
 Reference value :  1.83627e-06
 Reference value :  1.83648e-06
 Reference value :  1.83669e-06
 Reference value :  1.83691e-06
 Reference value :  1.83711e-06
 Reference value :  1.83732e-06
 Reference value :  1.83754e-06
 Reference value :  1.83776e-06
 Reference value :  1.83799e-06
 Reference value :  1.83820e-06
 Reference value :  1.83841e-06
 Reference value :  1.83863e-06
 Reference value :  1.83884e-06
 Reference value :  1.83905e-06
 Reference value :  1.83926e-06
 Reference value :  1.83947e-06
 Reference value :  1.83969e-06
 Reference value :  1.83991e-06
 Reference value :  1.84012e-06
 Reference value :  1.84033e-06
 Reference value :  1.84054e-06
 Reference value :  1.84076e-06
 Reference value :  1.84096e-06
 Reference value :  1.84118e-06
 Reference value :  1.84140e-06
 Reference value :  1.84161e-06
 Reference value :  1.84182e-06
 Reference value :  1.84204e-06
 Reference value :  1.84225e-06
 Reference value :  1.84246e-06
 Reference value :  1.84268e-06
 Reference value :  1.84289e-06
 Reference value :  1.84309e-06
 Reference value :  1.84331e-06
 Reference value :  1.84353e-06
 Reference value :  1.84374e-06
 Reference value :  1.84396e-06
 Reference value :  1.84417e-06
 Reference value :  1.84438e-06
 Reference value :  1.84460e-06
 Reference value :  1.84481e-06
 Reference value :  1.84502e-06
 Reference value :  1.84523e-06
 Reference value :  1.84545e-06
 Reference value :  1.84566e-06
 Reference value :  1.84588e-06
 Reference value :  1.84609e-06
 Reference value :  1.84630e-06
 Reference value :  1.84652e-06
 Reference value :  1.84674e-06
 Reference value :  1.84694e-06
 Reference value :  1.84716e-06
 Reference value :  1.84738e-06
 Reference value :  1.84758e-06
 Reference value :  1.84780e-06
 Reference value :  1.84802e-06
 Reference value :  1.84823e-06
 Reference value :  1.84845e-06
 Reference value :  1.84866e-06
 Reference value :  1.84888e-06
 Reference value :  1.84910e-06
 Reference value :  1.84931e-06
 Reference value :  1.84953e-06
 Reference value :  1.84974e-06
 Reference value :  1.84996e-06
 Reference value :  1.85018e-06
 Reference value :  1.85039e-06
 Reference value :  1.85061e-06
 Reference value :  1.85082e-06
 Reference value :  1.85103e-06
 Reference value :  1.85124e-06
 Reference value :  1.85145e-06
 Reference value :  1.85167e-06
 Reference value :  1.85188e-06
 Reference value :  1.85210e-06
 Reference value :  1.85231e-06
 Reference value :  1.85253e-06
 Reference value :  1.85275e-06
 Reference value :  1.85296e-06
 Reference value :  1.85318e-06
 Reference value :  1.85339e-06
 Reference value :  1.85361e-06
 Reference value :  1.85382e-06
 Reference value :  1.85403e-06
 Reference value :  1.85424e-06
 Reference value :  1.85446e-06
 Reference value :  1.85468e-06
 Reference value :  1.85488e-06
 Reference value :  1.85510e-06
 Reference value :  1.85532e-06
 Reference value :  1.85553e-06
 Reference value :  1.85575e-06
 Reference value :  1.85596e-06
 Reference value :  1.85617e-06
 Reference value :  1.85638e-06
 Reference value :  1.85660e-06
 Reference value :  1.85680e-06
 Reference value :  1.85702e-06
 Reference value :  1.85723e-06
 Reference value :  1.85745e-06
 Reference value :  1.85765e-06
 Reference value :  1.85788e-06
 Reference value :  1.85809e-06
 Reference value :  1.85832e-06
 Reference value :  1.85853e-06
 Reference value :  1.85874e-06
 Reference value :  1.85896e-06
 Reference value :  1.85917e-06
 Reference value :  1.85939e-06
 Reference value :  1.85961e-06
 Reference value :  1.85982e-06
 Reference value :  1.86003e-06
 Reference value :  1.86025e-06
 Reference value :  1.86045e-06
 Reference value :  1.86066e-06
 Reference value :  1.86088e-06
 Reference value :  1.86109e-06
 Reference value :  1.86130e-06
 Reference value :  1.86151e-06
 Reference value :  1.86172e-06
 Reference value :  1.86193e-06
 Reference value :  1.86214e-06
 Reference value :  1.86236e-06
 Reference value :  1.86258e-06
 Reference value :  1.86279e-06
 Reference value :  1.86301e-06
 Reference value :  1.86322e-06
 Reference value :  1.86344e-06
 Reference value :  1.86366e-06
 Reference value :  1.86388e-06
 Reference value :  1.86409e-06
 Reference value :  1.86430e-06
 Reference value :  1.86452e-06
 Reference value :  1.86474e-06
 Reference value :  1.86495e-06
 Reference value :  1.86517e-06
 Reference value :  1.86538e-06
 Reference value :  1.86560e-06
 Reference value :  1.86582e-06
 Reference value :  1.86603e-06
 Reference value :  1.86625e-06
 Reference value :  1.86646e-06
 Reference value :  1.86667e-06
 Reference value :  1.86689e-06
 Reference value :  1.86710e-06
 Reference value :  1.86731e-06
 Reference value :  1.86753e-06
 Reference value :  1.86775e-06
 Reference value :  1.86796e-06
 Reference value :  1.86818e-06
 Reference value :  1.86839e-06
 Reference value :  1.86860e-06
 Reference value :  1.86881e-06
 Reference value :  1.86903e-06
 Reference value :  1.86924e-06
 Reference value :  1.86946e-06
 Reference value :  1.86968e-06
 Reference value :  1.86989e-06
 Reference value :  1.87010e-06
 Reference value :  1.87031e-06
 Reference value :  1.87052e-06
 Reference value :  1.87072e-06
 Reference value :  1.87093e-06
 Reference value :  1.87114e-06
 Reference value :  1.87135e-06
 Reference value :  1.87156e-06
 Reference value :  1.87177e-06
 Reference value :  1.87198e-06
 Reference value :  1.87219e-06
 Reference value :  1.87241e-06
 Reference value :  1.87261e-06
 Reference value :  1.87282e-06
 Reference value :  1.87304e-06
 Reference value :  1.87326e-06
 Reference value :  1.87346e-06
 Reference value :  1.87368e-06
 Reference value :  1.87390e-06
 Reference value :  1.87411e-06
 Reference value :  1.87433e-06
 Reference value :  1.87454e-06
 Reference value :  1.87476e-06
 Reference value :  1.87498e-06
 Reference value :  1.87518e-06
 Reference value :  1.87540e-06
 Reference value :  1.87562e-06
 Reference value :  1.87582e-06
 Reference value :  1.87604e-06
 Reference value :  1.87625e-06
 Reference value :  1.87646e-06
 Reference value :  1.87667e-06
 Reference value :  1.87688e-06
 Reference value :  1.87710e-06
 Reference value :  1.87731e-06
 Reference value :  1.87752e-06
 Reference value :  1.87774e-06
 Reference value :  1.87795e-06
 Reference value :  1.87815e-06
 Reference value :  1.87837e-06
 Reference value :  1.87859e-06
 Reference value :  1.87880e-06
 Reference value :  1.87901e-06
 Reference value :  1.87924e-06
 Reference value :  1.87945e-06
 Reference value :  1.87967e-06
 Reference value :  1.87988e-06
 Reference value :  1.88010e-06
 Reference value :  1.88032e-06
 Reference value :  1.88052e-06
 Reference value :  1.88075e-06
 Reference value :  1.88096e-06
 Reference value :  1.88117e-06
 Reference value :  1.88139e-06
 Reference value :  1.88160e-06
 Reference value :  1.88182e-06
 Reference value :  1.88203e-06
 Reference value :  1.88224e-06
 Reference value :  1.88246e-06
 Reference value :  1.88268e-06
 Reference value :  1.88289e-06
 Reference value :  1.88311e-06
 Reference value :  1.88332e-06
 Reference value :  1.88353e-06
 Reference value :  1.88373e-06
 Reference value :  1.88396e-06
 Reference value :  1.88417e-06
 Reference value :  1.88439e-06
 Reference value :  1.88461e-06
 Reference value :  1.88482e-06
 Reference value :  1.88503e-06
 Reference value :  1.88525e-06
 Reference value :  1.88545e-06
 Reference value :  1.88567e-06
 Reference value :  1.88588e-06
 Reference value :  1.88609e-06
 Reference value :  1.88631e-06
 Reference value :  1.88653e-06
 Reference value :  1.88674e-06
 Reference value :  1.88696e-06
 Reference value :  1.88717e-06
 Reference value :  1.88738e-06
 Reference value :  1.88758e-06
 Reference value :  1.88780e-06
 Reference value :  1.88801e-06
 Reference value :  1.88822e-06
 Reference value :  1.88842e-06
 Reference value :  1.88864e-06
 Reference value :  1.88885e-06
 Reference value :  1.88906e-06
 Reference value :  1.88927e-06
 Reference value :  1.88949e-06
 Reference value :  1.88971e-06
 Reference value :  1.88991e-06
 Reference value :  1.89012e-06
 Reference value :  1.89034e-06
 Reference value :  1.89055e-06
 Reference value :  1.89076e-06
 Reference value :  1.89097e-06
 Reference value :  1.89119e-06
 Reference value :  1.89141e-06
 Reference value :  1.89162e-06
 Reference value :  1.89184e-06
 Reference value :  1.89205e-06
 Reference value :  1.89226e-06
 Reference value :  1.89248e-06
 Reference value :  1.89268e-06
 Reference value :  1.89288e-06
 Reference value :  1.89309e-06
 Reference value :  1.89331e-06
 Reference value :  1.89353e-06
 Reference value :  1.89374e-06
 Reference value :  1.89395e-06
 Reference value :  1.89417e-06
 Reference value :  1.89437e-06
 Reference value :  1.89459e-06
 Reference value :  1.89481e-06
 Reference value :  1.89502e-06
 Reference value :  1.89524e-06
 Reference value :  1.89545e-06
 Reference value :  1.89567e-06
 Reference value :  1.89589e-06
 Reference value :  1.89610e-06
 Reference value :  1.89632e-06
 Reference value :  1.89653e-06
 Reference value :  1.89675e-06
 Reference value :  1.89697e-06
 Reference value :  1.89718e-06
 Reference value :  1.89739e-06
 Reference value :  1.89761e-06
 Reference value :  1.89782e-06
 Reference value :  1.89804e-06
 Reference value :  1.89826e-06
 Reference value :  1.89847e-06
 Reference value :  1.89868e-06
 Reference value :  1.89888e-06
 Reference value :  1.89909e-06
 Reference value :  1.89930e-06
 Reference value :  1.89952e-06
 Reference value :  1.89974e-06
 Reference value :  1.89995e-06
 Reference value :  1.90017e-06
 Reference value :  1.90039e-06
 Reference value :  1.90061e-06
 Reference value :  1.90082e-06
 Reference value :  1.90103e-06
 Reference value :  1.90125e-06
 Reference value :  1.90146e-06
 Reference value :  1.90168e-06
 Reference value :  1.90190e-06
 Reference value :  1.90211e-06
 Reference value :  1.90232e-06
 Reference value :  1.90254e-06
 Reference value :  1.90275e-06
 Reference value :  1.90297e-06
 Reference value :  1.90319e-06
 Reference value :  1.90339e-06
 Reference value :  1.90361e-06
 Reference value :  1.90383e-06
 Reference value :  1.90403e-06
 Reference value :  1.90424e-06
 Reference value :  1.90446e-06
 Reference value :  1.90468e-06
 Reference value :  1.90489e-06
 Reference value :  1.90511e-06
 Reference value :  1.90532e-06
 Reference value :  1.90553e-06
 Reference value :  1.90575e-06
 Reference value :  1.90596e-06
 Reference value :  1.90618e-06
 Reference value :  1.90640e-06
 Reference value :  1.90660e-06
 Reference value :  1.90682e-06
 Reference value :  1.90703e-06
 Reference value :  1.90724e-06
 Reference value :  1.90745e-06
 Reference value :  1.90767e-06
 Reference value :  1.90788e-06
 Reference value :  1.90810e-06
 Reference value :  1.90831e-06
 Reference value :  1.90852e-06
 Reference value :  1.90873e-06
 Reference value :  1.90894e-06
 Reference value :  1.90916e-06
 Reference value :  1.90937e-06
 Reference value :  1.90958e-06
 Reference value :  1.90980e-06
 Reference value :  1.91001e-06
 Reference value :  1.91023e-06
 Reference value :  1.91044e-06
 Reference value :  1.91065e-06
 Reference value :  1.91087e-06
 Reference value :  1.91109e-06
 Reference value :  1.91130e-06
 Reference value :  1.91151e-06
 Reference value :  1.91173e-06
 Reference value :  1.91194e-06
 Reference value :  1.91214e-06
 Reference value :  1.91235e-06
 Reference value :  1.91257e-06
 Reference value :  1.91278e-06
 Reference value :  1.91299e-06
 Reference value :  1.91321e-06
 Reference value :  1.91342e-06
 Reference value :  1.91363e-06
 Reference value :  1.91384e-06
 Reference value :  1.91406e-06
 Reference value :  1.91427e-06
 Reference value :  1.91450e-06
 Reference value :  1.91471e-06
 Reference value :  1.91492e-06
 Reference value :  1.91514e-06
 Reference value :  1.91535e-06
 Reference value :  1.91557e-06
 Reference value :  1.91577e-06
 Reference value :  1.91599e-06
 Reference value :  1.91619e-06
 Reference value :  1.91641e-06
 Reference value :  1.91662e-06
 Reference value :  1.91683e-06
 Reference value :  1.91704e-06
 Reference value :  1.91726e-06
 Reference value :  1.91747e-06
 Reference value :  1.91768e-06
 Reference value :  1.91790e-06
 Reference value :  1.91811e-06
 Reference value :  1.91832e-06
 Reference value :  1.91853e-06
 Reference value :  1.91875e-06
 Reference value :  1.91896e-06
 Reference value :  1.91917e-06
 Reference value :  1.91939e-06
 Reference value :  1.91961e-06
 Reference value :  1.91982e-06
 Reference value :  1.92004e-06
 Reference value :  1.92025e-06
 Reference value :  1.92046e-06
 Reference value :  1.92068e-06
 Reference value :  1.92089e-06
 Reference value :  1.92110e-06
 Reference value :  1.92133e-06
 Reference value :  1.92153e-06
 Reference value :  1.92174e-06
 Reference value :  1.92196e-06
 Reference value :  1.92217e-06
 Reference value :  1.92238e-06
 Reference value :  1.92259e-06
 Reference value :  1.92281e-06
 Reference value :  1.92302e-06
 Reference value :  1.92322e-06
 Reference value :  1.92344e-06
 Reference value :  1.92366e-06
 Reference value :  1.92386e-06
 Reference value :  1.92407e-06
 Reference value :  1.92429e-06
 Reference value :  1.92450e-06
 Reference value :  1.92472e-06
 Reference value :  1.92493e-06
 Reference value :  1.92514e-06
 Reference value :  1.92535e-06
 Reference value :  1.92556e-06
 Reference value :  1.92577e-06
 Reference value :  1.92599e-06
 Reference value :  1.92620e-06
 Reference value :  1.92642e-06
 Reference value :  1.92663e-06
 Reference value :  1.92685e-06
 Reference value :  1.92707e-06
 Reference value :  1.92727e-06
 Reference value :  1.92748e-06
 Reference value :  1.92769e-06
 Reference value :  1.92790e-06
 Reference value :  1.92812e-06
 Reference value :  1.92833e-06
 Reference value :  1.92855e-06
 Reference value :  1.92876e-06
 Reference value :  1.92897e-06
 Reference value :  1.92919e-06
 Reference value :  1.92940e-06
 Reference value :  1.92961e-06
 Reference value :  1.92982e-06
 Reference value :  1.93003e-06
 Reference value :  1.93025e-06
 Reference value :  1.93046e-06
 Reference value :  1.93067e-06
 Reference value :  1.93089e-06
 Reference value :  1.93111e-06
 Reference value :  1.93133e-06
 Reference value :  1.93154e-06
 Reference value :  1.93176e-06
 Reference value :  1.93197e-06
 Reference value :  1.93218e-06
 Reference value :  1.93240e-06
 Reference value :  1.93261e-06
 Reference value :  1.93282e-06
 Reference value :  1.93303e-06
 Reference value :  1.93325e-06
 Reference value :  1.93346e-06
 Reference value :  1.93368e-06
 Reference value :  1.93389e-06
 Reference value :  1.93410e-06
 Reference value :  1.93431e-06
 Reference value :  1.93454e-06
 Reference value :  1.93474e-06
 Reference value :  1.93496e-06
 Reference value :  1.93517e-06
 Reference value :  1.93538e-06
 Reference value :  1.93559e-06
 Reference value :  1.93581e-06
 Reference value :  1.93602e-06
 Reference value :  1.93624e-06
 Reference value :  1.93645e-06
 Reference value :  1.93666e-06
 Reference value :  1.93687e-06
 Reference value :  1.93708e-06
 Reference value :  1.93729e-06
 Reference value :  1.93751e-06
 Reference value :  1.93772e-06
 Reference value :  1.93794e-06
 Reference value :  1.93815e-06
 Reference value :  1.93836e-06
 Reference value :  1.93858e-06
 Reference value :  1.93879e-06
 Reference value :  1.93901e-06
 Reference value :  1.93923e-06
 Reference value :  1.93944e-06
 Reference value :  1.93965e-06
 Reference value :  1.93987e-06
 Reference value :  1.94008e-06
 Reference value :  1.94029e-06
 Reference value :  1.94051e-06
 Reference value :  1.94072e-06
 Reference value :  1.94093e-06
 Reference value :  1.94114e-06
 Reference value :  1.94136e-06
 Reference value :  1.94157e-06
 Reference value :  1.94179e-06
 Reference value :  1.94200e-06
 Reference value :  1.94221e-06
 Reference value :  1.94243e-06
 Reference value :  1.94265e-06
 Reference value :  1.94286e-06
 Reference value :  1.94308e-06
 Reference value :  1.94329e-06
 Reference value :  1.94349e-06
 Reference value :  1.94370e-06
 Reference value :  1.94392e-06
 Reference value :  1.94413e-06
 Reference value :  1.94435e-06
 Reference value :  1.94457e-06
 Reference value :  1.94478e-06
 Reference value :  1.94500e-06
 Reference value :  1.94521e-06
 Reference value :  1.94543e-06
 Reference value :  1.94565e-06
 Reference value :  1.94586e-06
 Reference value :  1.94607e-06
 Reference value :  1.94629e-06
 Reference value :  1.94650e-06
 Reference value :  1.94671e-06
 Reference value :  1.94692e-06
 Reference value :  1.94714e-06
 Reference value :  1.94735e-06
 Reference value :  1.94757e-06
 Reference value :  1.94778e-06
 Reference value :  1.94800e-06
 Reference value :  1.94821e-06
 Reference value :  1.94842e-06
 Reference value :  1.94864e-06
 Reference value :  1.94885e-06
 Reference value :  1.94906e-06
 Reference value :  1.94927e-06
 Reference value :  1.94947e-06
 Reference value :  1.94968e-06
 Reference value :  1.94989e-06
 Reference value :  1.95011e-06
 Reference value :  1.95032e-06
 Reference value :  1.95053e-06
 Reference value :  1.95074e-06
 Reference value :  1.95096e-06
 Reference value :  1.95116e-06
 Reference value :  1.95138e-06
 Reference value :  1.95160e-06
 Reference value :  1.95181e-06
 Reference value :  1.95203e-06
 Reference value :  1.95224e-06
 Reference value :  1.95245e-06
 Reference value :  1.95267e-06
 Reference value :  1.95288e-06
 Reference value :  1.95309e-06
 Reference value :  1.95330e-06
 Reference value :  1.95352e-06
 Reference value :  1.95373e-06
 Reference value :  1.95394e-06
 Reference value :  1.95415e-06
 Reference value :  1.95436e-06
 Reference value :  1.95457e-06
 Reference value :  1.95478e-06
 Reference value :  1.95500e-06
 Reference value :  1.95521e-06
 Reference value :  1.95543e-06
 Reference value :  1.95565e-06
 Reference value :  1.95586e-06
 Reference value :  1.95608e-06
 Reference value :  1.95629e-06
 Reference value :  1.95651e-06
 Reference value :  1.95672e-06
 Reference value :  1.95693e-06
 Reference value :  1.95714e-06
 Reference value :  1.95735e-06
 Reference value :  1.95756e-06
 Reference value :  1.95778e-06
 Reference value :  1.95798e-06
 Reference value :  1.95820e-06
 Reference value :  1.95842e-06
 Reference value :  1.95863e-06
 Reference value :  1.95885e-06
 Reference value :  1.95906e-06
 Reference value :  1.95928e-06
 Reference value :  1.95950e-06
 Reference value :  1.95971e-06
 Reference value :  1.95992e-06
 Reference value :  1.96014e-06
 Reference value :  1.96034e-06
 Reference value :  1.96055e-06
 Reference value :  1.96077e-06
 Reference value :  1.96099e-06
 Reference value :  1.96119e-06
 Reference value :  1.96141e-06
 Reference value :  1.96163e-06
 Reference value :  1.96183e-06
 Reference value :  1.96205e-06
 Reference value :  1.96227e-06
 Reference value :  1.96248e-06
 Reference value :  1.96269e-06
 Reference value :  1.96291e-06
 Reference value :  1.96312e-06
 Reference value :  1.96334e-06
 Reference value :  1.96356e-06
 Reference value :  1.96376e-06
 Reference value :  1.96398e-06
 Reference value :  1.96420e-06
 Reference value :  1.96440e-06
 Reference value :  1.96461e-06
 Reference value :  1.96483e-06
 Reference value :  1.96504e-06
 Reference value :  1.96526e-06
 Reference value :  1.96548e-06
 Reference value :  1.96569e-06
 Reference value :  1.96590e-06
 Reference value :  1.96612e-06
 Reference value :  1.96633e-06
 Reference value :  1.96654e-06
 Reference value :  1.96675e-06
 Reference value :  1.96696e-06
 Reference value :  1.96717e-06
 Reference value :  1.96738e-06
 Reference value :  1.96760e-06
 Reference value :  1.96781e-06
 Reference value :  1.96802e-06
 Reference value :  1.96823e-06
 Reference value :  1.96844e-06
 Reference value :  1.96866e-06
 Reference value :  1.96886e-06
 Reference value :  1.96908e-06
 Reference value :  1.96930e-06
 Reference value :  1.96951e-06
 Reference value :  1.96973e-06
 Reference value :  1.96994e-06
 Reference value :  1.97016e-06
 Reference value :  1.97038e-06
 Reference value :  1.97058e-06
 Reference value :  1.97080e-06
 Reference value :  1.97101e-06
 Reference value :  1.97122e-06
 Reference value :  1.97143e-06
 Reference value :  1.97164e-06
 Reference value :  1.97186e-06
 Reference value :  1.97207e-06
 Reference value :  1.97228e-06
 Reference value :  1.97249e-06
 Reference value :  1.97270e-06
 Reference value :  1.97292e-06
 Reference value :  1.97313e-06
 Reference value :  1.97334e-06
 Reference value :  1.97356e-06
 Reference value :  1.97376e-06
 Reference value :  1.97398e-06
 Reference value :  1.97420e-06
 Reference value :  1.97441e-06
 Reference value :  1.97463e-06
 Reference value :  1.97484e-06
 Reference value :  1.97505e-06
 Reference value :  1.97526e-06
 Reference value :  1.97547e-06
 Reference value :  1.97569e-06
 Reference value :  1.97589e-06
 Reference value :  1.97611e-06
 Reference value :  1.97632e-06
 Reference value :  1.97653e-06
 Reference value :  1.97674e-06
 Reference value :  1.97696e-06
 Reference value :  1.97717e-06
 Reference value :  1.97738e-06
 Reference value :  1.97760e-06
 Reference value :  1.97781e-06
 Reference value :  1.97802e-06
 Reference value :  1.97823e-06
 Reference value :  1.97844e-06
 Reference value :  1.97866e-06
 Reference value :  1.97886e-06
 Reference value :  1.97907e-06
 Reference value :  1.97929e-06
 Reference value :  1.97950e-06
 Reference value :  1.97972e-06
 Reference value :  1.97993e-06
 Reference value :  1.98014e-06
 Reference value :  1.98035e-06
 Reference value :  1.98056e-06
 Reference value :  1.98078e-06
 Reference value :  1.98099e-06
 Reference value :  1.98121e-06
 Reference value :  1.98142e-06
 Reference value :  1.98163e-06
 Reference value :  1.98185e-06
 Reference value :  1.98206e-06
 Reference value :  1.98227e-06
 Reference value :  1.98248e-06
 Reference value :  1.98270e-06
 Reference value :  1.98292e-06
 Reference value :  1.98313e-06
 Reference value :  1.98335e-06
 Reference value :  1.98356e-06
 Reference value :  1.98378e-06
 Reference value :  1.98399e-06
 Reference value :  1.98420e-06
 Reference value :  1.98442e-06
 Reference value :  1.98464e-06
 Reference value :  1.98485e-06
 Reference value :  1.98507e-06
 Reference value :  1.98528e-06
 Reference value :  1.98549e-06
 Reference value :  1.98570e-06
 Reference value :  1.98591e-06
 Reference value :  1.98612e-06
 Reference value :  1.98633e-06
 Reference value :  1.98655e-06
 Reference value :  1.98677e-06
 Reference value :  1.98698e-06
 Reference value :  1.98719e-06
 Reference value :  1.98740e-06
 Reference value :  1.98761e-06
 Reference value :  1.98783e-06
 Reference value :  1.98805e-06
 Reference value :  1.98826e-06
 Reference value :  1.98848e-06
 Reference value :  1.98869e-06
 Reference value :  1.98891e-06
 Reference value :  1.98913e-06
 Reference value :  1.98934e-06
 Reference value :  1.98955e-06
 Reference value :  1.98976e-06
 Reference value :  1.98998e-06
 Reference value :  1.99019e-06
 Reference value :  1.99041e-06
 Reference value :  1.99062e-06
 Reference value :  1.99082e-06
 Reference value :  1.99103e-06
 Reference value :  1.99124e-06
 Reference value :  1.99146e-06
 Reference value :  1.99167e-06
 Reference value :  1.99189e-06
 Reference value :  1.99210e-06
 Reference value :  1.99233e-06
 Reference value :  1.99254e-06
 Reference value :  1.99276e-06
 Reference value :  1.99298e-06
 Reference value :  1.99319e-06
 Reference value :  1.99341e-06
 Reference value :  1.99362e-06
 Reference value :  1.99383e-06
 Reference value :  1.99404e-06
 Reference value :  1.99426e-06
 Reference value :  1.99447e-06
 Reference value :  1.99468e-06
 Reference value :  1.99489e-06
 Reference value :  1.99511e-06
 Reference value :  1.99532e-06
 Reference value :  1.99554e-06
 Reference value :  1.99575e-06
 Reference value :  1.99597e-06
 Reference value :  1.99619e-06
 Reference value :  1.99640e-06
 Reference value :  1.99662e-06
 Reference value :  1.99683e-06
 Reference value :  1.99705e-06
 Reference value :  1.99726e-06
 Reference value :  1.99748e-06
 Reference value :  1.99768e-06
 Reference value :  1.99790e-06
 Reference value :  1.99812e-06
 Reference value :  1.99833e-06
 Reference value :  1.99855e-06
 Reference value :  1.99876e-06
 Reference value :  1.99897e-06
 Reference value :  1.99919e-06
 Reference value :  1.99940e-06
 Reference value :  1.99962e-06
 Reference value :  1.99984e-06
 Reference value :  2.00005e-06
 Reference value :  2.00027e-06
 Reference value :  2.00048e-06
 Reference value :  2.00069e-06
 Reference value :  2.00092e-06
 Reference value :  2.00112e-06
 Reference value :  2.00133e-06
 Reference value :  2.00155e-06
 Reference value :  2.00176e-06
 Reference value :  2.00197e-06
 Reference value :  2.00219e-06
 Reference value :  2.00240e-06
 Reference value :  2.00261e-06
 Reference value :  2.00282e-06
 Reference value :  2.00303e-06
 Reference value :  2.00324e-06
 Reference value :  2.00345e-06
 Reference value :  2.00366e-06
 Reference value :  2.00388e-06
 Reference value :  2.00410e-06
 Reference value :  2.00431e-06
 Reference value :  2.00453e-06
 Reference value :  2.00474e-06
 Reference value :  2.00496e-06
 Reference value :  2.00518e-06
 Reference value :  2.00540e-06
 Reference value :  2.00562e-06
 Reference value :  2.00582e-06
 Reference value :  2.00603e-06
 Reference value :  2.00624e-06
 Reference value :  2.00646e-06
 Reference value :  2.00667e-06
 Reference value :  2.00688e-06
 Reference value :  2.00710e-06
 Reference value :  2.00731e-06
 Reference value :  2.00753e-06
 Reference value :  2.00774e-06
 Reference value :  2.00795e-06
 Reference value :  2.00816e-06
 Reference value :  2.00838e-06
 Reference value :  2.00859e-06
 Reference value :  2.00881e-06
 Reference value :  2.00903e-06
 Reference value :  2.00923e-06
 Reference value :  2.00945e-06
 Reference value :  2.00967e-06
 Reference value :  2.00988e-06
 Reference value :  2.01010e-06
 Reference value :  2.01031e-06
 Reference value :  2.01053e-06
 Reference value :  2.01075e-06
 Reference value :  2.01096e-06
 Reference value :  2.01118e-06
 Reference value :  2.01139e-06
 Reference value :  2.01161e-06
 Reference value :  2.01183e-06
 Reference value :  2.01204e-06
 Reference value :  2.01226e-06
 Reference value :  2.01248e-06
 Reference value :  2.01269e-06
 Reference value :  2.01291e-06
 Reference value :  2.01312e-06
 Reference value :  2.01334e-06
 Reference value :  2.01356e-06
 Reference value :  2.01376e-06
 Reference value :  2.01398e-06
 Reference value :  2.01420e-06
 Reference value :  2.01440e-06
 Reference value :  2.01462e-06
 Reference value :  2.01484e-06
 Reference value :  2.01505e-06
 Reference value :  2.01527e-06
 Reference value :  2.01548e-06
 Reference value :  2.01569e-06
 Reference value :  2.01591e-06
 Reference value :  2.01612e-06
 Reference value :  2.01633e-06
 Reference value :  2.01655e-06
 Reference value :  2.01677e-06
 Reference value :  2.01698e-06
 Reference value :  2.01720e-06
 Reference value :  2.01741e-06
 Reference value :  2.01762e-06
 Reference value :  2.01784e-06
 Reference value :  2.01805e-06
 Reference value :  2.01825e-06
 Reference value :  2.01846e-06
 Reference value :  2.01867e-06
 Reference value :  2.01889e-06
 Reference value :  2.01910e-06
 Reference value :  2.01932e-06
 Reference value :  2.01954e-06
 Reference value :  2.01974e-06
 Reference value :  2.01996e-06
 Reference value :  2.02017e-06
 Reference value :  2.02038e-06
 Reference value :  2.02060e-06
 Reference value :  2.02082e-06
 Reference value :  2.02103e-06
 Reference value :  2.02124e-06
 Reference value :  2.02145e-06
 Reference value :  2.02166e-06
 Reference value :  2.02188e-06
 Reference value :  2.02209e-06
 Reference value :  2.02231e-06
 Reference value :  2.02251e-06
 Reference value :  2.02273e-06
 Reference value :  2.02295e-06
 Reference value :  2.02315e-06
 Reference value :  2.02337e-06
 Reference value :  2.02359e-06
 Reference value :  2.02380e-06
 Reference value :  2.02401e-06
 Reference value :  2.02423e-06
 Reference value :  2.02443e-06
 Reference value :  2.02465e-06
 Reference value :  2.02486e-06
 Reference value :  2.02508e-06
 Reference value :  2.02529e-06
 Reference value :  2.02551e-06
 Reference value :  2.02572e-06
 Reference value :  2.02594e-06
 Reference value :  2.02615e-06
 Reference value :  2.02636e-06
 Reference value :  2.02657e-06
 Reference value :  2.02679e-06
 Reference value :  2.02700e-06
 Reference value :  2.02722e-06
 Reference value :  2.02744e-06
 Reference value :  2.02765e-06
 Reference value :  2.02786e-06
 Reference value :  2.02808e-06
 Reference value :  2.02829e-06
 Reference value :  2.02849e-06
 Reference value :  2.02870e-06
 Reference value :  2.02892e-06
 Reference value :  2.02913e-06
 Reference value :  2.02933e-06
 Reference value :  2.02955e-06
 Reference value :  2.02977e-06
 Reference value :  2.02998e-06
 Reference value :  2.03020e-06
 Reference value :  2.03041e-06
 Reference value :  2.03063e-06
 Reference value :  2.03085e-06
 Reference value :  2.03106e-06
 Reference value :  2.03127e-06
 Reference value :  2.03148e-06
 Reference value :  2.03170e-06
 Reference value :  2.03191e-06
 Reference value :  2.03213e-06
 Reference value :  2.03234e-06
 Reference value :  2.03254e-06
 Reference value :  2.03276e-06
 Reference value :  2.03297e-06
 Reference value :  2.03318e-06
 Reference value :  2.03339e-06
 Reference value :  2.03360e-06
 Reference value :  2.03382e-06
 Reference value :  2.03403e-06
 Reference value :  2.03425e-06
 Reference value :  2.03446e-06
 Reference value :  2.03467e-06
 Reference value :  2.03488e-06
 Reference value :  2.03510e-06
 Reference value :  2.03531e-06
 Reference value :  2.03553e-06
 Reference value :  2.03575e-06
 Reference value :  2.03596e-06
 Reference value :  2.03618e-06
 Reference value :  2.03639e-06
 Reference value :  2.03661e-06
 Reference value :  2.03683e-06
 Reference value :  2.03704e-06
 Reference value :  2.03726e-06
 Reference value :  2.03747e-06
 Reference value :  2.03769e-06
 Reference value :  2.03791e-06
 Reference value :  2.03812e-06
 Reference value :  2.03833e-06
 Reference value :  2.03855e-06
 Reference value :  2.03876e-06
 Reference value :  2.03898e-06
 Reference value :  2.03920e-06
 Reference value :  2.03941e-06
 Reference value :  2.03963e-06
 Reference value :  2.03984e-06
 Reference value :  2.04005e-06
 Reference value :  2.04027e-06
 Reference value :  2.04048e-06
 Reference value :  2.04070e-06
 Reference value :  2.04091e-06
 Reference value :  2.04112e-06
 Reference value :  2.04133e-06
 Reference value :  2.04154e-06
 Reference value :  2.04176e-06
 Reference value :  2.04197e-06
 Reference value :  2.04218e-06
 Reference value :  2.04239e-06
 Reference value :  2.04260e-06
 Reference value :  2.04282e-06
 Reference value :  2.04304e-06
 Reference value :  2.04325e-06
 Reference value :  2.04346e-06
 Reference value :  2.04368e-06
 Reference value :  2.04389e-06
 Reference value :  2.04411e-06
 Reference value :  2.04432e-06
 Reference value :  2.04453e-06
 Reference value :  2.04474e-06
 Reference value :  2.04495e-06
 Reference value :  2.04517e-06
 Reference value :  2.04538e-06
 Reference value :  2.04559e-06
 Reference value :  2.04580e-06
 Reference value :  2.04602e-06
 Reference value :  2.04622e-06
 Reference value :  2.04644e-06
 Reference value :  2.04666e-06
 Reference value :  2.04687e-06
 Reference value :  2.04708e-06
 Reference value :  2.04730e-06
 Reference value :  2.04751e-06
 Reference value :  2.04771e-06
 Reference value :  2.04793e-06
 Reference value :  2.04815e-06
 Reference value :  2.04835e-06
 Reference value :  2.04856e-06
 Reference value :  2.04878e-06
 Reference value :  2.04899e-06
 Reference value :  2.04921e-06
 Reference value :  2.04942e-06
 Reference value :  2.04964e-06
 Reference value :  2.04984e-06
 Reference value :  2.05005e-06
 Reference value :  2.05026e-06
 Reference value :  2.05047e-06
 Reference value :  2.05068e-06
 Reference value :  2.05089e-06
 Reference value :  2.05111e-06
 Reference value :  2.05132e-06
 Reference value :  2.05153e-06
 Reference value :  2.05174e-06
 Reference value :  2.05196e-06
 Reference value :  2.05217e-06
 Reference value :  2.05238e-06
 Reference value :  2.05259e-06
 Reference value :  2.05281e-06
 Reference value :  2.05302e-06
 Reference value :  2.05324e-06
 Reference value :  2.05345e-06
 Reference value :  2.05366e-06
 Reference value :  2.05388e-06
 Reference value :  2.05409e-06
 Reference value :  2.05430e-06
 Reference value :  2.05451e-06
 Reference value :  2.05473e-06
 Reference value :  2.05494e-06
 Reference value :  2.05514e-06
 Reference value :  2.05535e-06
 Reference value :  2.05557e-06
 Reference value :  2.05578e-06
 Reference value :  2.05600e-06
 Reference value :  2.05622e-06
 Reference value :  2.05643e-06
 Reference value :  2.05664e-06
 Reference value :  2.05686e-06
 Reference value :  2.05707e-06
 Reference value :  2.05728e-06
 Reference value :  2.05750e-06
 Reference value :  2.05771e-06
 Reference value :  2.05792e-06
 Reference value :  2.05814e-06
 Reference value :  2.05835e-06
 Reference value :  2.05856e-06
 Reference value :  2.05877e-06
 Reference value :  2.05899e-06
 Reference value :  2.05920e-06
 Reference value :  2.05942e-06
 Reference value :  2.05964e-06
 Reference value :  2.05984e-06
 Reference value :  2.06006e-06
 Reference value :  2.06028e-06
 Reference value :  2.06049e-06
 Reference value :  2.06071e-06
 Reference value :  2.06092e-06
 Reference value :  2.06112e-06
 Reference value :  2.06134e-06
 Reference value :  2.06155e-06
 Reference value :  2.06176e-06
 Reference value :  2.06197e-06
 Reference value :  2.06219e-06
 Reference value :  2.06240e-06
 Reference value :  2.06261e-06
 Reference value :  2.06283e-06
 Reference value :  2.06305e-06
 Reference value :  2.06326e-06
 Reference value :  2.06348e-06
 Reference value :  2.06369e-06
 Reference value :  2.06391e-06
 Reference value :  2.06412e-06
 Reference value :  2.06433e-06
 Reference value :  2.06455e-06
 Reference value :  2.06477e-06
 Reference value :  2.06498e-06
 Reference value :  2.06520e-06
 Reference value :  2.06541e-06
 Reference value :  2.06563e-06
 Reference value :  2.06585e-06
 Reference value :  2.06605e-06
 Reference value :  2.06626e-06
 Reference value :  2.06647e-06
 Reference value :  2.06669e-06
 Reference value :  2.06690e-06
 Reference value :  2.06712e-06
 Reference value :  2.06734e-06
 Reference value :  2.06754e-06
 Reference value :  2.06776e-06
 Reference value :  2.06798e-06
 Reference value :  2.06819e-06
 Reference value :  2.06840e-06
 Reference value :  2.06862e-06
 Reference value :  2.06883e-06
 Reference value :  2.06905e-06
 Reference value :  2.06926e-06
 Reference value :  2.06948e-06
 Reference value :  2.06970e-06
 Reference value :  2.06991e-06
 Reference value :  2.07012e-06
 Reference value :  2.07033e-06
 Reference value :  2.07055e-06
 Reference value :  2.07076e-06
 Reference value :  2.07098e-06
 Reference value :  2.07119e-06
 Reference value :  2.07139e-06
 Reference value :  2.07160e-06
 Reference value :  2.07182e-06
 Reference value :  2.07203e-06
 Reference value :  2.07224e-06
 Reference value :  2.07245e-06
 Reference value :  2.07267e-06
 Reference value :  2.07288e-06
 Reference value :  2.07310e-06
 Reference value :  2.07332e-06
 Reference value :  2.07353e-06
 Reference value :  2.07374e-06
 Reference value :  2.07396e-06
 Reference value :  2.07416e-06
 Reference value :  2.07438e-06
 Reference value :  2.07460e-06
 Reference value :  2.07481e-06
 Reference value :  2.07503e-06
 Reference value :  2.07524e-06
 Reference value :  2.07545e-06
 Reference value :  2.07567e-06
 Reference value :  2.07588e-06
 Reference value :  2.07609e-06
 Reference value :  2.07630e-06
 Reference value :  2.07652e-06
 Reference value :  2.07673e-06
 Reference value :  2.07693e-06
 Reference value :  2.07715e-06
 Reference value :  2.07737e-06
 Reference value :  2.07757e-06
 Reference value :  2.07779e-06
 Reference value :  2.07800e-06
 Reference value :  2.07822e-06
 Reference value :  2.07843e-06
 Reference value :  2.07865e-06
 Reference value :  2.07886e-06
 Reference value :  2.07908e-06
 Reference value :  2.07930e-06
 Reference value :  2.07950e-06
 Reference value :  2.07972e-06
 Reference value :  2.07993e-06
 Reference value :  2.08014e-06
 Reference value :  2.08034e-06
 Reference value :  2.08055e-06
 Reference value :  2.08076e-06
 Reference value :  2.08098e-06
 Reference value :  2.08119e-06
 Reference value :  2.08140e-06
 Reference value :  2.08162e-06
 Reference value :  2.08183e-06
 Reference value :  2.08204e-06
 Reference value :  2.08226e-06
 Reference value :  2.08247e-06
 Reference value :  2.08268e-06
 Reference value :  2.08290e-06
 Reference value :  2.08312e-06
 Reference value :  2.08333e-06
 Reference value :  2.08355e-06
 Reference value :  2.08376e-06
 Reference value :  2.08397e-06
 Reference value :  2.08419e-06
 Reference value :  2.08440e-06
 Reference value :  2.08461e-06
 Reference value :  2.08484e-06
 Reference value :  2.08504e-06
 Reference value :  2.08525e-06
 Reference value :  2.08547e-06
 Reference value :  2.08568e-06
 Reference value :  2.08589e-06
 Reference value :  2.08611e-06
 Reference value :  2.08632e-06
 Reference value :  2.08654e-06
 Reference value :  2.08675e-06
 Reference value :  2.08697e-06
 Reference value :  2.08718e-06
 Reference value :  2.08739e-06
 Reference value :  2.08760e-06
 Reference value :  2.08781e-06
 Reference value :  2.08803e-06
 Reference value :  2.08825e-06
 Reference value :  2.08846e-06
 Reference value :  2.08868e-06
 Reference value :  2.08889e-06
 Reference value :  2.08911e-06
 Reference value :  2.08932e-06
 Reference value :  2.08953e-06
 Reference value :  2.08975e-06
 Reference value :  2.08996e-06
 Reference value :  2.09018e-06
 Reference value :  2.09040e-06
 Reference value :  2.09061e-06
 Reference value :  2.09083e-06
 Reference value :  2.09105e-06
 Reference value :  2.09126e-06
 Reference value :  2.09148e-06
 Reference value :  2.09170e-06
 Reference value :  2.09191e-06
 Reference value :  2.09213e-06
 Reference value :  2.09234e-06
 Reference value :  2.09256e-06
 Reference value :  2.09278e-06
 Reference value :  2.09299e-06
 Reference value :  2.09321e-06
 Reference value :  2.09342e-06
 Reference value :  2.09363e-06
 Reference value :  2.09384e-06
 Reference value :  2.09406e-06
 Reference value :  2.09426e-06
 Reference value :  2.09448e-06
 Reference value :  2.09470e-06
 Reference value :  2.09491e-06
 Reference value :  2.09513e-06
 Reference value :  2.09534e-06
 Reference value :  2.09556e-06
 Reference value :  2.09578e-06
 Reference value :  2.09599e-06
 Reference value :  2.09621e-06
 Reference value :  2.09642e-06
 Reference value :  2.09663e-06
 Reference value :  2.09685e-06
 Reference value :  2.09707e-06
 Reference value :  2.09727e-06
 Reference value :  2.09749e-06
 Reference value :  2.09770e-06
 Reference value :  2.09791e-06
 Reference value :  2.09812e-06
 Reference value :  2.09834e-06
 Reference value :  2.09855e-06
 Reference value :  2.09876e-06
 Reference value :  2.09897e-06
 Reference value :  2.09918e-06
 Reference value :  2.09940e-06
 Reference value :  2.09960e-06
 Reference value :  2.09982e-06
 Reference value :  2.10004e-06
 Reference value :  2.10025e-06
 Reference value :  2.10047e-06
 Reference value :  2.10068e-06
 Reference value :  2.10089e-06
 Reference value :  2.10110e-06
 Reference value :  2.10131e-06
 Reference value :  2.10153e-06
 Reference value :  2.10174e-06
 Reference value :  2.10196e-06
 Reference value :  2.10217e-06
 Reference value :  2.10239e-06
 Reference value :  2.10261e-06
 Reference value :  2.10281e-06
 Reference value :  2.10303e-06
 Reference value :  2.10324e-06
 Reference value :  2.10345e-06
 Reference value :  2.10367e-06
 Reference value :  2.10389e-06
 Reference value :  2.10411e-06
 Reference value :  2.10433e-06
 Reference value :  2.10454e-06
 Reference value :  2.10475e-06
 Reference value :  2.10497e-06
 Reference value :  2.10518e-06
 Reference value :  2.10539e-06
 Reference value :  2.10560e-06
 Reference value :  2.10581e-06
 Reference value :  2.10602e-06
 Reference value :  2.10623e-06
 Reference value :  2.10644e-06
 Reference value :  2.10665e-06
 Reference value :  2.10686e-06
 Reference value :  2.10708e-06
 Reference value :  2.10730e-06
 Reference value :  2.10751e-06
 Reference value :  2.10772e-06
 Reference value :  2.10793e-06
 Reference value :  2.10815e-06
 Reference value :  2.10835e-06
 Reference value :  2.10856e-06
 Reference value :  2.10877e-06
 Reference value :  2.10899e-06
 Reference value :  2.10920e-06
 Reference value :  2.10942e-06
 Reference value :  2.10963e-06
 Reference value :  2.10985e-06
 Reference value :  2.11007e-06
 Reference value :  2.11028e-06
 Reference value :  2.11049e-06
 Reference value :  2.11070e-06
 Reference value :  2.11092e-06
 Reference value :  2.11114e-06
 Reference value :  2.11136e-06
 Reference value :  2.11157e-06
 Reference value :  2.11179e-06
 Reference value :  2.11200e-06
 Reference value :  2.11222e-06
 Reference value :  2.11244e-06
 Reference value :  2.11264e-06
 Reference value :  2.11286e-06
 Reference value :  2.11308e-06
 Reference value :  2.11329e-06
 Reference value :  2.11351e-06
 Reference value :  2.11372e-06
 Reference value :  2.11394e-06
 Reference value :  2.11416e-06
 Reference value :  2.11436e-06
 Reference value :  2.11458e-06
 Reference value :  2.11480e-06
 Reference value :  2.11501e-06
 Reference value :  2.11522e-06
 Reference value :  2.11544e-06
 Reference value :  2.11565e-06
 Reference value :  2.11586e-06
 Reference value :  2.11608e-06
 Reference value :  2.11629e-06
 Reference value :  2.11650e-06
 Reference value :  2.11672e-06
 Reference value :  2.11693e-06
 Reference value :  2.11714e-06
 Reference value :  2.11736e-06
 Reference value :  2.11757e-06
 Reference value :  2.11778e-06
 Reference value :  2.11799e-06
 Reference value :  2.11821e-06
 Reference value :  2.11843e-06
 Reference value :  2.11865e-06
 Reference value :  2.11886e-06
 Reference value :  2.11908e-06
 Reference value :  2.11930e-06
 Reference value :  2.11951e-06
 Reference value :  2.11974e-06
 Reference value :  2.11995e-06
 Reference value :  2.12017e-06
 Reference value :  2.12038e-06
 Reference value :  2.12060e-06
 Reference value :  2.12082e-06
 Reference value :  2.12102e-06
 Reference value :  2.12124e-06
 Reference value :  2.12146e-06
 Reference value :  2.12166e-06
 Reference value :  2.12187e-06
 Reference value :  2.12208e-06
 Reference value :  2.12230e-06
 Reference value :  2.12251e-06
 Reference value :  2.12273e-06
 Reference value :  2.12295e-06
 Reference value :  2.12317e-06
 Reference value :  2.12338e-06
 Reference value :  2.12359e-06
 Reference value :  2.12381e-06
 Reference value :  2.12403e-06
 Reference value :  2.12424e-06
 Reference value :  2.12445e-06
 Reference value :  2.12467e-06
 Reference value :  2.12487e-06
 Reference value :  2.12508e-06
 Reference value :  2.12530e-06
 Reference value :  2.12551e-06
 Reference value :  2.12572e-06
 Reference value :  2.12594e-06
 Reference value :  2.12615e-06
 Reference value :  2.12637e-06
 Reference value :  2.12659e-06
 Reference value :  2.12680e-06
 Reference value :  2.12701e-06
 Reference value :  2.12723e-06
 Reference value :  2.12744e-06
 Reference value :  2.12766e-06
 Reference value :  2.12788e-06
 Reference value :  2.12809e-06
 Reference value :  2.12831e-06
 Reference value :  2.12852e-06
 Reference value :  2.12874e-06
 Reference value :  2.12896e-06
 Reference value :  2.12916e-06
 Reference value :  2.12938e-06
 Reference value :  2.12960e-06
 Reference value :  2.12981e-06
 Reference value :  2.13003e-06
 Reference value :  2.13024e-06
 Reference value :  2.13045e-06
 Reference value :  2.13067e-06
 Reference value :  2.13088e-06
 Reference value :  2.13110e-06
 Reference value :  2.13131e-06
 Reference value :  2.13152e-06
 Reference value :  2.13173e-06
 Reference value :  2.13194e-06
 Reference value :  2.13216e-06
 Reference value :  2.13237e-06
 Reference value :  2.13258e-06
 Reference value :  2.13280e-06
 Reference value :  2.13301e-06
 Reference value :  2.13323e-06
 Reference value :  2.13345e-06
 Reference value :  2.13366e-06
 Reference value :  2.13388e-06
 Reference value :  2.13409e-06
 Reference value :  2.13430e-06
 Reference value :  2.13451e-06
 Reference value :  2.13472e-06
 Reference value :  2.13494e-06
 Reference value :  2.13515e-06
 Reference value :  2.13537e-06
 Reference value :  2.13558e-06
 Reference value :  2.13580e-06
 Reference value :  2.13602e-06
 Reference value :  2.13622e-06
 Reference value :  2.13644e-06
 Reference value :  2.13666e-06
 Reference value :  2.13687e-06
 Reference value :  2.13709e-06
 Reference value :  2.13730e-06
 Reference value :  2.13751e-06
 Reference value :  2.13772e-06
 Reference value :  2.13794e-06
 Reference value :  2.13815e-06
 Reference value :  2.13835e-06
 Reference value :  2.13856e-06
 Reference value :  2.13877e-06
 Reference value :  2.13899e-06
 Reference value :  2.13920e-06
 Reference value :  2.13942e-06
 Reference value :  2.13963e-06
 Reference value :  2.13985e-06
 Reference value :  2.14007e-06
 Reference value :  2.14028e-06
 Reference value :  2.14049e-06
 Reference value :  2.14070e-06
 Reference value :  2.14092e-06
 Reference value :  2.14112e-06
 Reference value :  2.14134e-06
 Reference value :  2.14155e-06
 Reference value :  2.14176e-06
 Reference value :  2.14196e-06
 Reference value :  2.14218e-06
 Reference value :  2.14239e-06
 Reference value :  2.14260e-06
 Reference value :  2.14281e-06
 Reference value :  2.14303e-06
 Reference value :  2.14325e-06
 Reference value :  2.14346e-06
 Reference value :  2.14368e-06
 Reference value :  2.14389e-06
 Reference value :  2.14411e-06
 Reference value :  2.14433e-06
 Reference value :  2.14454e-06
 Reference value :  2.14475e-06
 Reference value :  2.14497e-06
 Reference value :  2.14518e-06
 Reference value :  2.14540e-06
 Reference value :  2.14561e-06
 Reference value :  2.14582e-06
 Reference value :  2.14603e-06
 Reference value :  2.14624e-06
 Reference value :  2.14645e-06
 Reference value :  2.14666e-06
 Reference value :  2.14687e-06
 Reference value :  2.14709e-06
 Reference value :  2.14730e-06
 Reference value :  2.14751e-06
 Reference value :  2.14773e-06
 Reference value :  2.14795e-06
 Reference value :  2.14817e-06
 Reference value :  2.14838e-06
 Reference value :  2.14860e-06
 Reference value :  2.14881e-06
 Reference value :  2.14903e-06
 Reference value :  2.14924e-06
 Reference value :  2.14945e-06
 Reference value :  2.14967e-06
 Reference value :  2.14988e-06
 Reference value :  2.15009e-06
 Reference value :  2.15031e-06
 Reference value :  2.15052e-06
 Reference value :  2.15074e-06
 Reference value :  2.15095e-06
 Reference value :  2.15116e-06
 Reference value :  2.15138e-06
 Reference value :  2.15159e-06
 Reference value :  2.15181e-06
 Reference value :  2.15203e-06
 Reference value :  2.15225e-06
 Reference value :  2.15247e-06
 Reference value :  2.15268e-06
 Reference value :  2.15290e-06
 Reference value :  2.15311e-06
 Reference value :  2.15332e-06
 Reference value :  2.15354e-06
 Reference value :  2.15375e-06
 Reference value :  2.15397e-06
 Reference value :  2.15419e-06
 Reference value :  2.15440e-06
 Reference value :  2.15462e-06
 Reference value :  2.15483e-06
 Reference value :  2.15504e-06
 Reference value :  2.15527e-06
 Reference value :  2.15548e-06
 Reference value :  2.15569e-06
 Reference value :  2.15590e-06
 Reference value :  2.15612e-06
 Reference value :  2.15633e-06
 Reference value :  2.15655e-06
 Reference value :  2.15676e-06
 Reference value :  2.15698e-06
 Reference value :  2.15720e-06
 Reference value :  2.15740e-06
 Reference value :  2.15762e-06
 Reference value :  2.15784e-06
 Reference value :  2.15805e-06
 Reference value :  2.15827e-06
 Reference value :  2.15848e-06
 Reference value :  2.15870e-06
 Reference value :  2.15892e-06
 Reference value :  2.15913e-06
 Reference value :  2.15935e-06
 Reference value :  2.15957e-06
 Reference value :  2.15979e-06
 Reference value :  2.16000e-06
 Reference value :  2.16022e-06
 Reference value :  2.16044e-06
 Reference value :  2.16065e-06
 Reference value :  2.16086e-06
 Reference value :  2.16107e-06
 Reference value :  2.16128e-06
 Reference value :  2.16149e-06
 Reference value :  2.16170e-06
 Reference value :  2.16192e-06
 Reference value :  2.16213e-06
 Reference value :  2.16235e-06
 Reference value :  2.16257e-06
 Reference value :  2.16278e-06
 Reference value :  2.16299e-06
 Reference value :  2.16320e-06
 Reference value :  2.16342e-06
 Reference value :  2.16362e-06
 Reference value :  2.16384e-06
 Reference value :  2.16406e-06
 Reference value :  2.16427e-06
 Reference value :  2.16449e-06
 Reference value :  2.16470e-06
 Reference value :  2.16492e-06
 Reference value :  2.16513e-06
 Reference value :  2.16534e-06
 Reference value :  2.16556e-06
 Reference value :  2.16578e-06
 Reference value :  2.16599e-06
 Reference value :  2.16621e-06
 Reference value :  2.16642e-06
 Reference value :  2.16663e-06
 Reference value :  2.16685e-06
 Reference value :  2.16707e-06
 Reference value :  2.16728e-06
 Reference value :  2.16750e-06
 Reference value :  2.16771e-06
 Reference value :  2.16791e-06
 Reference value :  2.16813e-06
 Reference value :  2.16835e-06
 Reference value :  2.16856e-06
 Reference value :  2.16877e-06
 Reference value :  2.16899e-06
 Reference value :  2.16920e-06
 Reference value :  2.16942e-06
 Reference value :  2.16963e-06
 Reference value :  2.16985e-06
 Reference value :  2.17007e-06
 Reference value :  2.17028e-06
 Reference value :  2.17050e-06
 Reference value :  2.17071e-06
 Reference value :  2.17092e-06
 Reference value :  2.17113e-06
 Reference value :  2.17134e-06
 Reference value :  2.17155e-06
 Reference value :  2.17176e-06
 Reference value :  2.17197e-06
 Reference value :  2.17219e-06
 Reference value :  2.17240e-06
 Reference value :  2.17261e-06
 Reference value :  2.17281e-06
 Reference value :  2.17302e-06
 Reference value :  2.17324e-06
 Reference value :  2.17345e-06
 Reference value :  2.17368e-06
 Reference value :  2.17389e-06
 Reference value :  2.17411e-06
 Reference value :  2.17433e-06
 Reference value :  2.17454e-06
 Reference value :  2.17475e-06
 Reference value :  2.17496e-06
 Reference value :  2.17517e-06
 Reference value :  2.17539e-06
 Reference value :  2.17561e-06
 Reference value :  2.17582e-06
 Reference value :  2.17604e-06
 Reference value :  2.17625e-06
 Reference value :  2.17646e-06
 Reference value :  2.17668e-06
 Reference value :  2.17690e-06
 Reference value :  2.17710e-06
 Reference value :  2.17731e-06
 Reference value :  2.17752e-06
 Reference value :  2.17774e-06
 Reference value :  2.17795e-06
 Reference value :  2.17817e-06
 Reference value :  2.17838e-06
 Reference value :  2.17859e-06
 Reference value :  2.17881e-06
 Reference value :  2.17902e-06
 Reference value :  2.17923e-06
 Reference value :  2.17945e-06
 Reference value :  2.17967e-06
 Reference value :  2.17988e-06
 Reference value :  2.18010e-06
 Reference value :  2.18031e-06
 Reference value :  2.18052e-06
 Reference value :  2.18073e-06
 Reference value :  2.18095e-06
 Reference value :  2.18115e-06
 Reference value :  2.18137e-06
 Reference value :  2.18159e-06
 Reference value :  2.18179e-06
 Reference value :  2.18200e-06
 Reference value :  2.18221e-06
 Reference value :  2.18243e-06
 Reference value :  2.18264e-06
 Reference value :  2.18286e-06
 Reference value :  2.18308e-06
 Reference value :  2.18329e-06
 Reference value :  2.18350e-06
 Reference value :  2.18372e-06
 Reference value :  2.18393e-06
 Reference value :  2.18415e-06
 Reference value :  2.18436e-06
 Reference value :  2.18457e-06
 Reference value :  2.18479e-06
 Reference value :  2.18500e-06
 Reference value :  2.18522e-06
 Reference value :  2.18544e-06
 Reference value :  2.18565e-06
 Reference value :  2.18587e-06
 Reference value :  2.18608e-06
 Reference value :  2.18629e-06
 Reference value :  2.18651e-06
 Reference value :  2.18673e-06
 Reference value :  2.18694e-06
 Reference value :  2.18716e-06
 Reference value :  2.18737e-06
 Reference value :  2.18758e-06
 Reference value :  2.18780e-06
 Reference value :  2.18801e-06
 Reference value :  2.18822e-06
 Reference value :  2.18843e-06
 Reference value :  2.18865e-06
 Reference value :  2.18886e-06
 Reference value :  2.18906e-06
 Reference value :  2.18928e-06
 Reference value :  2.18950e-06
 Reference value :  2.18971e-06
 Reference value :  2.18993e-06
 Reference value :  2.19014e-06
 Reference value :  2.19036e-06
 Reference value :  2.19058e-06
 Reference value :  2.19078e-06
 Reference value :  2.19100e-06
 Reference value :  2.19122e-06
 Reference value :  2.19143e-06
 Reference value :  2.19165e-06
 Reference value :  2.19186e-06
 Reference value :  2.19208e-06
 Reference value :  2.19230e-06
 Reference value :  2.19251e-06
 Reference value :  2.19273e-06
 Reference value :  2.19294e-06
 Reference value :  2.19315e-06
 Reference value :  2.19336e-06
 Reference value :  2.19358e-06
 Reference value :  2.19379e-06
 Reference value :  2.19400e-06
 Reference value :  2.19423e-06
 Reference value :  2.19444e-06
 Reference value :  2.19466e-06
 Reference value :  2.19487e-06
 Reference value :  2.19509e-06
 Reference value :  2.19531e-06
 Reference value :  2.19552e-06
 Reference value :  2.19573e-06
 Reference value :  2.19595e-06
 Reference value :  2.19616e-06
 Reference value :  2.19637e-06
 Reference value :  2.19659e-06
 Reference value :  2.19680e-06
 Reference value :  2.19701e-06
 Reference value :  2.19723e-06
 Reference value :  2.19744e-06
 Reference value :  2.19766e-06
 Reference value :  2.19787e-06
 Reference value :  2.19808e-06
 Reference value :  2.19829e-06
 Reference value :  2.19851e-06
 Reference value :  2.19872e-06
 Reference value :  2.19892e-06
 Reference value :  2.19914e-06
 Reference value :  2.19936e-06
 Reference value :  2.19957e-06
 Reference value :  2.19979e-06
 Reference value :  2.20000e-06
 Reference value :  2.20021e-06
 Reference value :  2.20042e-06
 Reference value :  2.20063e-06
 Reference value :  2.20085e-06
 Reference value :  2.20106e-06
 Reference value :  2.20128e-06
 Reference value :  2.20149e-06
 Reference value :  2.20171e-06
 Reference value :  2.20192e-06
 Reference value :  2.20213e-06
 Reference value :  2.20234e-06
 Reference value :  2.20256e-06
 Reference value :  2.20277e-06
 Reference value :  2.20298e-06
 Reference value :  2.20318e-06
 Reference value :  2.20339e-06
 Reference value :  2.20361e-06
 Reference value :  2.20382e-06
 Reference value :  2.20404e-06
 Reference value :  2.20426e-06
 Reference value :  2.20446e-06
 Reference value :  2.20467e-06
 Reference value :  2.20489e-06
 Reference value :  2.20510e-06
 Reference value :  2.20532e-06
 Reference value :  2.20554e-06
 Reference value :  2.20576e-06
 Reference value :  2.20598e-06
 Reference value :  2.20619e-06
 Reference value :  2.20642e-06
 Reference value :  2.20663e-06
 Reference value :  2.20685e-06
 Reference value :  2.20707e-06
 Reference value :  2.20729e-06
 Reference value :  2.20750e-06
 Reference value :  2.20771e-06
 Reference value :  2.20793e-06
 Reference value :  2.20814e-06
 Reference value :  2.20835e-06
 Reference value :  2.20856e-06
 Reference value :  2.20878e-06
 Reference value :  2.20899e-06
 Reference value :  2.20920e-06
 Reference value :  2.20942e-06
 Reference value :  2.20963e-06
 Reference value :  2.20983e-06
 Reference value :  2.21004e-06
 Reference value :  2.21026e-06
 Reference value :  2.21047e-06
 Reference value :  2.21068e-06
 Reference value :  2.21090e-06
 Reference value :  2.21112e-06
 Reference value :  2.21132e-06
 Reference value :  2.21154e-06
 Reference value :  2.21176e-06
 Reference value :  2.21197e-06
 Reference value :  2.21219e-06
 Reference value :  2.21240e-06
 Reference value :  2.21260e-06
 Reference value :  2.21281e-06
 Reference value :  2.21303e-06
 Reference value :  2.21325e-06
 Reference value :  2.21346e-06
 Reference value :  2.21367e-06
 Reference value :  2.21389e-06
 Reference value :  2.21410e-06
 Reference value :  2.21432e-06
 Reference value :  2.21453e-06
 Reference value :  2.21474e-06
 Reference value :  2.21495e-06
 Reference value :  2.21517e-06
 Reference value :  2.21538e-06
 Reference value :  2.21560e-06
 Reference value :  2.21581e-06
 Reference value :  2.21603e-06
 Reference value :  2.21624e-06
 Reference value :  2.21646e-06
 Reference value :  2.21667e-06
 Reference value :  2.21689e-06
 Reference value :  2.21710e-06
 Reference value :  2.21731e-06
 Reference value :  2.21753e-06
 Reference value :  2.21774e-06
 Reference value :  2.21795e-06
 Reference value :  2.21817e-06
 Reference value :  2.21838e-06
 Reference value :  2.21860e-06
 Reference value :  2.21882e-06
 Reference value :  2.21903e-06
 Reference value :  2.21924e-06
 Reference value :  2.21945e-06
 Reference value :  2.21967e-06
 Reference value :  2.21987e-06
 Reference value :  2.22009e-06
 Reference value :  2.22030e-06
 Reference value :  2.22051e-06
 Reference value :  2.22072e-06
 Reference value :  2.22094e-06
 Reference value :  2.22115e-06
 Reference value :  2.22136e-06
 Reference value :  2.22158e-06
 Reference value :  2.22179e-06
 Reference value :  2.22201e-06
 Reference value :  2.22223e-06
 Reference value :  2.22244e-06
 Reference value :  2.22266e-06
 Reference value :  2.22287e-06
 Reference value :  2.22309e-06
 Reference value :  2.22331e-06
 Reference value :  2.22352e-06
 Reference value :  2.22372e-06
 Reference value :  2.22393e-06
 Reference value :  2.22414e-06
 Reference value :  2.22436e-06
 Reference value :  2.22457e-06
 Reference value :  2.22479e-06
 Reference value :  2.22500e-06
 Reference value :  2.22521e-06
 Reference value :  2.22543e-06
 Reference value :  2.22564e-06
 Reference value :  2.22585e-06
 Reference value :  2.22606e-06
 Reference value :  2.22628e-06
 Reference value :  2.22649e-06
 Reference value :  2.22670e-06
 Reference value :  2.22692e-06
 Reference value :  2.22713e-06
 Reference value :  2.22734e-06
 Reference value :  2.22756e-06
 Reference value :  2.22777e-06
 Reference value :  2.22799e-06
 Reference value :  2.22821e-06
 Reference value :  2.22842e-06
 Reference value :  2.22863e-06
 Reference value :  2.22884e-06
 Reference value :  2.22906e-06
 Reference value :  2.22926e-06
 Reference value :  2.22948e-06
 Reference value :  2.22969e-06
 Reference value :  2.22990e-06
 Reference value :  2.23011e-06
 Reference value :  2.23032e-06
 Reference value :  2.23054e-06
 Reference value :  2.23075e-06
 Reference value :  2.23097e-06
 Reference value :  2.23119e-06
 Reference value :  2.23140e-06
 Reference value :  2.23162e-06
 Reference value :  2.23183e-06
 Reference value :  2.23205e-06
 Reference value :  2.23227e-06
 Reference value :  2.23248e-06
 Reference value :  2.23270e-06
 Reference value :  2.23291e-06
 Reference value :  2.23312e-06
 Reference value :  2.23334e-06
 Reference value :  2.23355e-06
 Reference value :  2.23377e-06
 Reference value :  2.23398e-06
 Reference value :  2.23420e-06
 Reference value :  2.23442e-06
 Reference value :  2.23463e-06
 Reference value :  2.23484e-06
 Reference value :  2.23506e-06
 Reference value :  2.23527e-06
 Reference value :  2.23549e-06
 Reference value :  2.23570e-06
 Reference value :  2.23591e-06
 Reference value :  2.23612e-06
 Reference value :  2.23633e-06
 Reference value :  2.23655e-06
 Reference value :  2.23676e-06
 Reference value :  2.23698e-06
 Reference value :  2.23720e-06
 Reference value :  2.23742e-06
 Reference value :  2.23764e-06
 Reference value :  2.23785e-06
 Reference value :  2.23806e-06
 Reference value :  2.23827e-06
 Reference value :  2.23848e-06
 Reference value :  2.23870e-06
 Reference value :  2.23892e-06
 Reference value :  2.23913e-06
 Reference value :  2.23934e-06
 Reference value :  2.23956e-06
 Reference value :  2.23977e-06
 Reference value :  2.23998e-06
 Reference value :  2.24019e-06
 Reference value :  2.24041e-06
 Reference value :  2.24061e-06
 Reference value :  2.24083e-06
 Reference value :  2.24105e-06
 Reference value :  2.24125e-06
 Reference value :  2.24146e-06
 Reference value :  2.24168e-06
 Reference value :  2.24189e-06
 Reference value :  2.24210e-06
 Reference value :  2.24231e-06
 Reference value :  2.24254e-06
 Reference value :  2.24275e-06
 Reference value :  2.24297e-06
 Reference value :  2.24318e-06
 Reference value :  2.24340e-06
 Reference value :  2.24361e-06
 Reference value :  2.24382e-06
 Reference value :  2.24403e-06
 Reference value :  2.24424e-06
 Reference value :  2.24446e-06
 Reference value :  2.24466e-06
 Reference value :  2.24487e-06
 Reference value :  2.24509e-06
 Reference value :  2.24531e-06
 Reference value :  2.24551e-06
 Reference value :  2.24573e-06
 Reference value :  2.24595e-06
 Reference value :  2.24615e-06
 Reference value :  2.24637e-06
 Reference value :  2.24659e-06
 Reference value :  2.24680e-06
 Reference value :  2.24701e-06
 Reference value :  2.24723e-06
 Reference value :  2.24744e-06
 Reference value :  2.24767e-06
 Reference value :  2.24787e-06
 Reference value :  2.24809e-06
 Reference value :  2.24831e-06
 Reference value :  2.24852e-06
 Reference value :  2.24873e-06
 Reference value :  2.24895e-06
 Reference value :  2.24916e-06
 Reference value :  2.24936e-06
 Reference value :  2.24958e-06
 Reference value :  2.24979e-06
 Reference value :  2.25000e-06
 Reference value :  2.25021e-06
 Reference value :  2.25043e-06
 Reference value :  2.25064e-06
 Reference value :  2.25086e-06
 Reference value :  2.25108e-06
 Reference value :  2.25129e-06
 Reference value :  2.25150e-06
 Reference value :  2.25172e-06
 Reference value :  2.25193e-06
 Reference value :  2.25214e-06
 Reference value :  2.25236e-06
 Reference value :  2.25257e-06
 Reference value :  2.25279e-06
 Reference value :  2.25301e-06
 Reference value :  2.25322e-06
 Reference value :  2.25344e-06
 Reference value :  2.25365e-06
 Reference value :  2.25387e-06
 Reference value :  2.25409e-06
 Reference value :  2.25430e-06
 Reference value :  2.25451e-06
 Reference value :  2.25473e-06
 Reference value :  2.25494e-06
 Reference value :  2.25516e-06
 Reference value :  2.25537e-06
 Reference value :  2.25559e-06
 Reference value :  2.25580e-06
 Reference value :  2.25601e-06
 Reference value :  2.25622e-06
 Reference value :  2.25643e-06
 Reference value :  2.25665e-06
 Reference value :  2.25686e-06
 Reference value :  2.25708e-06
 Reference value :  2.25729e-06
 Reference value :  2.25750e-06
 Reference value :  2.25772e-06
 Reference value :  2.25794e-06
 Reference value :  2.25815e-06
 Reference value :  2.25837e-06
 Reference value :  2.25858e-06
 Reference value :  2.25879e-06
 Reference value :  2.25901e-06
 Reference value :  2.25923e-06
 Reference value :  2.25944e-06
 Reference value :  2.25965e-06
 Reference value :  2.25986e-06
 Reference value :  2.26007e-06
 Reference value :  2.26029e-06
 Reference value :  2.26051e-06
 Reference value :  2.26072e-06
 Reference value :  2.26094e-06
 Reference value :  2.26115e-06
 Reference value :  2.26135e-06
 Reference value :  2.26157e-06
 Reference value :  2.26178e-06
 Reference value :  2.26200e-06
 Reference value :  2.26221e-06
 Reference value :  2.26242e-06
 Reference value :  2.26263e-06
 Reference value :  2.26284e-06
 Reference value :  2.26306e-06
 Reference value :  2.26327e-06
 Reference value :  2.26348e-06
 Reference value :  2.26369e-06
 Reference value :  2.26391e-06
 Reference value :  2.26412e-06
 Reference value :  2.26433e-06
 Reference value :  2.26454e-06
 Reference value :  2.26476e-06
 Reference value :  2.26497e-06
 Reference value :  2.26518e-06
 Reference value :  2.26540e-06
 Reference value :  2.26561e-06
 Reference value :  2.26581e-06
 Reference value :  2.26602e-06
 Reference value :  2.26624e-06
 Reference value :  2.26645e-06
 Reference value :  2.26667e-06
 Reference value :  2.26688e-06
 Reference value :  2.26710e-06
 Reference value :  2.26730e-06
 Reference value :  2.26752e-06
 Reference value :  2.26772e-06
 Reference value :  2.26794e-06
 Reference value :  2.26814e-06
 Reference value :  2.26835e-06
 Reference value :  2.26857e-06
 Reference value :  2.26879e-06
 Reference value :  2.26899e-06
 Reference value :  2.26921e-06
 Reference value :  2.26943e-06
 Reference value :  2.26964e-06
 Reference value :  2.26985e-06
 Reference value :  2.27007e-06
 Reference value :  2.27028e-06
 Reference value :  2.27049e-06
 Reference value :  2.27071e-06
 Reference value :  2.27091e-06
 Reference value :  2.27113e-06
 Reference value :  2.27135e-06
 Reference value :  2.27156e-06
 Reference value :  2.27177e-06
 Reference value :  2.27198e-06
 Reference value :  2.27220e-06
 Reference value :  2.27241e-06
 Reference value :  2.27262e-06
 Reference value :  2.27283e-06
 Reference value :  2.27304e-06
 Reference value :  2.27325e-06
 Reference value :  2.27346e-06
 Reference value :  2.27367e-06
 Reference value :  2.27389e-06
 Reference value :  2.27410e-06
 Reference value :  2.27432e-06
 Reference value :  2.27453e-06
 Reference value :  2.27475e-06
 Reference value :  2.27497e-06
 Reference value :  2.27517e-06
 Reference value :  2.27539e-06
 Reference value :  2.27560e-06
 Reference value :  2.27581e-06
 Reference value :  2.27602e-06
 Reference value :  2.27624e-06
 Reference value :  2.27645e-06
 Reference value :  2.27667e-06
 Reference value :  2.27689e-06
 Reference value :  2.27710e-06
 Reference value :  2.27731e-06
 Reference value :  2.27753e-06
 Reference value :  2.27774e-06
 Reference value :  2.27796e-06
 Reference value :  2.27816e-06
 Reference value :  2.27838e-06
 Reference value :  2.27858e-06
 Reference value :  2.27881e-06
 Reference value :  2.27902e-06
 Reference value :  2.27923e-06
 Reference value :  2.27945e-06
 Reference value :  2.27966e-06
 Reference value :  2.27987e-06
 Reference value :  2.28007e-06
 Reference value :  2.28029e-06
 Reference value :  2.28051e-06
 Reference value :  2.28072e-06
 Reference value :  2.28094e-06
 Reference value :  2.28115e-06
 Reference value :  2.28136e-06
 Reference value :  2.28158e-06
 Reference value :  2.28179e-06
 Reference value :  2.28200e-06
 Reference value :  2.28223e-06
 Reference value :  2.28244e-06
 Reference value :  2.28265e-06
 Reference value :  2.28286e-06
 Reference value :  2.28308e-06
 Reference value :  2.28329e-06
 Reference value :  2.28351e-06
 Reference value :  2.28372e-06
 Reference value :  2.28394e-06
 Reference value :  2.28416e-06
 Reference value :  2.28436e-06
 Reference value :  2.28458e-06
 Reference value :  2.28480e-06
 Reference value :  2.28501e-06
 Reference value :  2.28523e-06
 Reference value :  2.28544e-06
 Reference value :  2.28566e-06
 Reference value :  2.28588e-06
 Reference value :  2.28609e-06
 Reference value :  2.28631e-06
 Reference value :  2.28652e-06
 Reference value :  2.28675e-06
 Reference value :  2.28696e-06
 Reference value :  2.28718e-06
 Reference value :  2.28739e-06
 Reference value :  2.28760e-06
 Reference value :  2.28781e-06
 Reference value :  2.28803e-06
 Reference value :  2.28824e-06
 Reference value :  2.28847e-06
 Reference value :  2.28868e-06
 Reference value :  2.28889e-06
 Reference value :  2.28911e-06
 Reference value :  2.28932e-06
 Reference value :  2.28953e-06
 Reference value :  2.28974e-06
 Reference value :  2.28996e-06
 Reference value :  2.29017e-06
 Reference value :  2.29037e-06
 Reference value :  2.29059e-06
 Reference value :  2.29081e-06
 Reference value :  2.29102e-06
 Reference value :  2.29123e-06
 Reference value :  2.29145e-06
 Reference value :  2.29166e-06
 Reference value :  2.29187e-06
 Reference value :  2.29209e-06
 Reference value :  2.29230e-06
 Reference value :  2.29251e-06
 Reference value :  2.29273e-06
 Reference value :  2.29294e-06
 Reference value :  2.29315e-06
 Reference value :  2.29337e-06
 Reference value :  2.29358e-06
 Reference value :  2.29380e-06
 Reference value :  2.29402e-06
 Reference value :  2.29423e-06
 Reference value :  2.29445e-06
 Reference value :  2.29466e-06
 Reference value :  2.29487e-06
 Reference value :  2.29508e-06
 Reference value :  2.29529e-06
 Reference value :  2.29550e-06
 Reference value :  2.29571e-06
 Reference value :  2.29593e-06
 Reference value :  2.29614e-06
 Reference value :  2.29635e-06
 Reference value :  2.29656e-06
 Reference value :  2.29678e-06
 Reference value :  2.29699e-06
 Reference value :  2.29721e-06
 Reference value :  2.29743e-06
 Reference value :  2.29764e-06
 Reference value :  2.29787e-06
 Reference value :  2.29808e-06
 Reference value :  2.29829e-06
 Reference value :  2.29851e-06
 Reference value :  2.29872e-06
 Reference value :  2.29892e-06
 Reference value :  2.29913e-06
 Reference value :  2.29935e-06
 Reference value :  2.29956e-06
 Reference value :  2.29977e-06
 Reference value :  2.29999e-06
 Reference value :  2.30020e-06
 Reference value :  2.30041e-06
 Reference value :  2.30062e-06
 Reference value :  2.30083e-06
 Reference value :  2.30104e-06
 Reference value :  2.30125e-06
 Reference value :  2.30147e-06
 Reference value :  2.30169e-06
 Reference value :  2.30190e-06
 Reference value :  2.30212e-06
 Reference value :  2.30233e-06
 Reference value :  2.30254e-06
 Reference value :  2.30276e-06
 Reference value :  2.30297e-06
 Reference value :  2.30319e-06
 Reference value :  2.30341e-06
 Reference value :  2.30362e-06
 Reference value :  2.30384e-06
 Reference value :  2.30405e-06
 Reference value :  2.30427e-06
 Reference value :  2.30449e-06
 Reference value :  2.30470e-06
 Reference value :  2.30491e-06
 Reference value :  2.30513e-06
 Reference value :  2.30534e-06
 Reference value :  2.30555e-06
 Reference value :  2.30577e-06
 Reference value :  2.30598e-06
 Reference value :  2.30618e-06
 Reference value :  2.30639e-06
 Reference value :  2.30661e-06
 Reference value :  2.30683e-06
 Reference value :  2.30703e-06
 Reference value :  2.30725e-06
 Reference value :  2.30746e-06
 Reference value :  2.30767e-06
 Reference value :  2.30790e-06
 Reference value :  2.30811e-06
 Reference value :  2.30833e-06
 Reference value :  2.30855e-06
 Reference value :  2.30875e-06
 Reference value :  2.30897e-06
 Reference value :  2.30919e-06
 Reference value :  2.30940e-06
 Reference value :  2.30962e-06
 Reference value :  2.30983e-06
 Reference value :  2.31005e-06
 Reference value :  2.31027e-06
 Reference value :  2.31048e-06
 Reference value :  2.31070e-06
 Reference value :  2.31091e-06
 Reference value :  2.31112e-06
 Reference value :  2.31133e-06
 Reference value :  2.31155e-06
 Reference value :  2.31176e-06
 Reference value :  2.31198e-06
 Reference value :  2.31219e-06
 Reference value :  2.31240e-06
 Reference value :  2.31261e-06
 Reference value :  2.31283e-06
 Reference value :  2.31304e-06
 Reference value :  2.31325e-06
 Reference value :  2.31347e-06
 Reference value :  2.31368e-06
 Reference value :  2.31389e-06
 Reference value :  2.31411e-06
 Reference value :  2.31432e-06
 Reference value :  2.31454e-06
 Reference value :  2.31476e-06
 Reference value :  2.31497e-06
 Reference value :  2.31519e-06
 Reference value :  2.31540e-06
 Reference value :  2.31561e-06
 Reference value :  2.31581e-06
 Reference value :  2.31603e-06
 Reference value :  2.31625e-06
 Reference value :  2.31646e-06
 Reference value :  2.31668e-06
 Reference value :  2.31689e-06
 Reference value :  2.31710e-06
 Reference value :  2.31732e-06
 Reference value :  2.31754e-06
 Reference value :  2.31776e-06
 Reference value :  2.31797e-06
 Reference value :  2.31819e-06
 Reference value :  2.31840e-06
 Reference value :  2.31861e-06
 Reference value :  2.31882e-06
 Reference value :  2.31903e-06
 Reference value :  2.31923e-06
 Reference value :  2.31945e-06
 Reference value :  2.31966e-06
 Reference value :  2.31988e-06
 Reference value :  2.32010e-06
 Reference value :  2.32031e-06
 Reference value :  2.32053e-06
 Reference value :  2.32074e-06
 Reference value :  2.32095e-06
 Reference value :  2.32116e-06
 Reference value :  2.32138e-06
 Reference value :  2.32159e-06
 Reference value :  2.32181e-06
 Reference value :  2.32203e-06
 Reference value :  2.32224e-06
 Reference value :  2.32245e-06
 Reference value :  2.32266e-06
 Reference value :  2.32287e-06
 Reference value :  2.32308e-06
 Reference value :  2.32330e-06
 Reference value :  2.32351e-06
 Reference value :  2.32373e-06
 Reference value :  2.32394e-06
 Reference value :  2.32415e-06
 Reference value :  2.32436e-06
 Reference value :  2.32457e-06
 Reference value :  2.32478e-06
 Reference value :  2.32500e-06
 Reference value :  2.32520e-06
 Reference value :  2.32542e-06
 Reference value :  2.32564e-06
 Reference value :  2.32585e-06
 Reference value :  2.32606e-06
 Reference value :  2.32627e-06
 Reference value :  2.32649e-06
 Reference value :  2.32669e-06
 Reference value :  2.32691e-06
 Reference value :  2.32713e-06
 Reference value :  2.32733e-06
 Reference value :  2.32754e-06
 Reference value :  2.32776e-06
 Reference value :  2.32797e-06
 Reference value :  2.32818e-06
 Reference value :  2.32841e-06
 Reference value :  2.32861e-06
 Reference value :  2.32882e-06
 Reference value :  2.32903e-06
 Reference value :  2.32925e-06
 Reference value :  2.32946e-06
 Reference value :  2.32966e-06
 Reference value :  2.32988e-06
 Reference value :  2.33010e-06
 Reference value :  2.33030e-06
 Reference value :  2.33051e-06
 Reference value :  2.33072e-06
 Reference value :  2.33093e-06
 Reference value :  2.33115e-06
 Reference value :  2.33135e-06
 Reference value :  2.33156e-06
 Reference value :  2.33177e-06
 Reference value :  2.33199e-06
 Reference value :  2.33219e-06
 Reference value :  2.33240e-06
 Reference value :  2.33262e-06
 Reference value :  2.33283e-06
 Reference value :  2.33304e-06
 Reference value :  2.33325e-06
 Reference value :  2.33347e-06
 Reference value :  2.33368e-06
 Reference value :  2.33389e-06
 Reference value :  2.33409e-06
 Reference value :  2.33430e-06
 Reference value :  2.33451e-06
 Reference value :  2.33472e-06
 Reference value :  2.33493e-06
 Reference value :  2.33514e-06
 Reference value :  2.33536e-06
 Reference value :  2.33557e-06
 Reference value :  2.33579e-06
 Reference value :  2.33601e-06
 Reference value :  2.33622e-06
 Reference value :  2.33643e-06
 Reference value :  2.33665e-06
 Reference value :  2.33687e-06
 Reference value :  2.33709e-06
 Reference value :  2.33730e-06
 Reference value :  2.33752e-06
 Reference value :  2.33774e-06
 Reference value :  2.33794e-06
 Reference value :  2.33816e-06
 Reference value :  2.33838e-06
 Reference value :  2.33859e-06
 Reference value :  2.33881e-06
 Reference value :  2.33902e-06
 Reference value :  2.33923e-06
 Reference value :  2.33945e-06
 Reference value :  2.33966e-06
 Reference value :  2.33988e-06
 Reference value :  2.34010e-06
 Reference value :  2.34030e-06
 Reference value :  2.34052e-06
 Reference value :  2.34074e-06
 Reference value :  2.34095e-06
 Reference value :  2.34117e-06
 Reference value :  2.34138e-06
 Reference value :  2.34159e-06
 Reference value :  2.34180e-06
 Reference value :  2.34202e-06
 Reference value :  2.34223e-06
 Reference value :  2.34244e-06
 Reference value :  2.34265e-06
 Reference value :  2.34287e-06
 Reference value :  2.34308e-06
 Reference value :  2.34330e-06
 Reference value :  2.34351e-06
 Reference value :  2.34373e-06
 Reference value :  2.34395e-06
 Reference value :  2.34416e-06
 Reference value :  2.34437e-06
 Reference value :  2.34459e-06
 Reference value :  2.34480e-06
 Reference value :  2.34502e-06
 Reference value :  2.34524e-06
 Reference value :  2.34545e-06
 Reference value :  2.34567e-06
 Reference value :  2.34588e-06
 Reference value :  2.34610e-06
 Reference value :  2.34632e-06
 Reference value :  2.34654e-06
 Reference value :  2.34675e-06
 Reference value :  2.34696e-06
 Reference value :  2.34718e-06
 Reference value :  2.34740e-06
 Reference value :  2.34761e-06
 Reference value :  2.34783e-06
 Reference value :  2.34804e-06
 Reference value :  2.34827e-06
 Reference value :  2.34848e-06
 Reference value :  2.34869e-06
 Reference value :  2.34890e-06
 Reference value :  2.34912e-06
 Reference value :  2.34933e-06
 Reference value :  2.34955e-06
 Reference value :  2.34976e-06
 Reference value :  2.34997e-06
 Reference value :  2.35019e-06
 Reference value :  2.35040e-06
 Reference value :  2.35061e-06
 Reference value :  2.35083e-06
 Reference value :  2.35105e-06
 Reference value :  2.35126e-06
 Reference value :  2.35148e-06
 Reference value :  2.35169e-06
 Reference value :  2.35191e-06
 Reference value :  2.35213e-06
 Reference value :  2.35233e-06
 Reference value :  2.35255e-06
 Reference value :  2.35277e-06
 Reference value :  2.35298e-06
 Reference value :  2.35320e-06
 Reference value :  2.35341e-06
 Reference value :  2.35363e-06
 Reference value :  2.35385e-06
 Reference value :  2.35407e-06
 Reference value :  2.35429e-06
 Reference value :  2.35450e-06
 Reference value :  2.35471e-06
 Reference value :  2.35493e-06
 Reference value :  2.35513e-06
 Reference value :  2.35534e-06
 Reference value :  2.35556e-06
 Reference value :  2.35578e-06
 Reference value :  2.35600e-06
 Reference value :  2.35621e-06
 Reference value :  2.35642e-06
 Reference value :  2.35664e-06
 Reference value :  2.35686e-06
 Reference value :  2.35707e-06
 Reference value :  2.35729e-06
 Reference value :  2.35750e-06
 Reference value :  2.35770e-06
 Reference value :  2.35792e-06
 Reference value :  2.35814e-06
 Reference value :  2.35835e-06
 Reference value :  2.35856e-06
 Reference value :  2.35878e-06
 Reference value :  2.35899e-06
 Reference value :  2.35920e-06
 Reference value :  2.35942e-06
 Reference value :  2.35964e-06
 Reference value :  2.35985e-06
 Reference value :  2.36006e-06
 Reference value :  2.36026e-06
 Reference value :  2.36047e-06
 Reference value :  2.36069e-06
 Reference value :  2.36091e-06
 Reference value :  2.36112e-06
 Reference value :  2.36134e-06
 Reference value :  2.36155e-06
 Reference value :  2.36177e-06
 Reference value :  2.36199e-06
 Reference value :  2.36221e-06
 Reference value :  2.36242e-06
 Reference value :  2.36263e-06
 Reference value :  2.36284e-06
 Reference value :  2.36306e-06
 Reference value :  2.36328e-06
 Reference value :  2.36348e-06
 Reference value :  2.36369e-06
 Reference value :  2.36391e-06
 Reference value :  2.36412e-06
 Reference value :  2.36433e-06
 Reference value :  2.36455e-06
 Reference value :  2.36476e-06
 Reference value :  2.36498e-06
 Reference value :  2.36520e-06
 Reference value :  2.36541e-06
 Reference value :  2.36562e-06
 Reference value :  2.36584e-06
 Reference value :  2.36605e-06
 Reference value :  2.36625e-06
 Reference value :  2.36647e-06
 Reference value :  2.36668e-06
 Reference value :  2.36689e-06
 Reference value :  2.36709e-06
 Reference value :  2.36731e-06
 Reference value :  2.36752e-06
 Reference value :  2.36774e-06
 Reference value :  2.36795e-06
 Reference value :  2.36816e-06
 Reference value :  2.36838e-06
 Reference value :  2.36859e-06
 Reference value :  2.36881e-06
 Reference value :  2.36902e-06
 Reference value :  2.36924e-06
 Reference value :  2.36946e-06
 Reference value :  2.36967e-06
 Reference value :  2.36989e-06
 Reference value :  2.37010e-06
 Reference value :  2.37030e-06
 Reference value :  2.37051e-06
 Reference value :  2.37073e-06
 Reference value :  2.37094e-06
 Reference value :  2.37115e-06
 Reference value :  2.37137e-06
 Reference value :  2.37159e-06
 Reference value :  2.37180e-06
 Reference value :  2.37201e-06
 Reference value :  2.37222e-06
 Reference value :  2.37243e-06
 Reference value :  2.37264e-06
 Reference value :  2.37286e-06
 Reference value :  2.37307e-06
 Reference value :  2.37329e-06
 Reference value :  2.37351e-06
 Reference value :  2.37372e-06
 Reference value :  2.37394e-06
 Reference value :  2.37415e-06
 Reference value :  2.37436e-06
 Reference value :  2.37457e-06
 Reference value :  2.37479e-06
 Reference value :  2.37500e-06
 Reference value :  2.37522e-06
 Reference value :  2.37544e-06
 Reference value :  2.37565e-06
 Reference value :  2.37587e-06
 Reference value :  2.37608e-06
 Reference value :  2.37629e-06
 Reference value :  2.37650e-06
 Reference value :  2.37671e-06
 Reference value :  2.37692e-06
 Reference value :  2.37713e-06
 Reference value :  2.37735e-06
 Reference value :  2.37757e-06
 Reference value :  2.37777e-06
 Reference value :  2.37798e-06
 Reference value :  2.37819e-06
 Reference value :  2.37841e-06
 Reference value :  2.37861e-06
 Reference value :  2.37882e-06
 Reference value :  2.37905e-06
 Reference value :  2.37926e-06
 Reference value :  2.37946e-06
 Reference value :  2.37968e-06
 Reference value :  2.37990e-06
 Reference value :  2.38011e-06
 Reference value :  2.38033e-06
 Reference value :  2.38054e-06
 Reference value :  2.38076e-06
 Reference value :  2.38097e-06
 Reference value :  2.38118e-06
 Reference value :  2.38139e-06
 Reference value :  2.38161e-06
 Reference value :  2.38182e-06
 Reference value :  2.38203e-06
 Reference value :  2.38223e-06
 Reference value :  2.38245e-06
 Reference value :  2.38267e-06
 Reference value :  2.38288e-06
 Reference value :  2.38310e-06
 Reference value :  2.38331e-06
 Reference value :  2.38353e-06
 Reference value :  2.38374e-06
 Reference value :  2.38395e-06
 Reference value :  2.38417e-06
 Reference value :  2.38439e-06
 Reference value :  2.38459e-06
 Reference value :  2.38481e-06
 Reference value :  2.38503e-06
 Reference value :  2.38525e-06
 Reference value :  2.38546e-06
 Reference value :  2.38567e-06
 Reference value :  2.38588e-06
 Reference value :  2.38609e-06
 Reference value :  2.38631e-06
 Reference value :  2.38652e-06
 Reference value :  2.38673e-06
 Reference value :  2.38694e-06
 Reference value :  2.38716e-06
 Reference value :  2.38737e-06
 Reference value :  2.38757e-06
 Reference value :  2.38780e-06
 Reference value :  2.38801e-06
 Reference value :  2.38823e-06
 Reference value :  2.38844e-06
 Reference value :  2.38865e-06
 Reference value :  2.38886e-06
 Reference value :  2.38908e-06
 Reference value :  2.38929e-06
 Reference value :  2.38951e-06
 Reference value :  2.38973e-06
 Reference value :  2.38993e-06
 Reference value :  2.39014e-06
 Reference value :  2.39036e-06
 Reference value :  2.39057e-06
 Reference value :  2.39079e-06
 Reference value :  2.39101e-06
 Reference value :  2.39122e-06
 Reference value :  2.39144e-06
 Reference value :  2.39166e-06
 Reference value :  2.39188e-06
 Reference value :  2.39209e-06
 Reference value :  2.39230e-06
 Reference value :  2.39252e-06
 Reference value :  2.39273e-06
 Reference value :  2.39294e-06
 Reference value :  2.39315e-06
 Reference value :  2.39336e-06
 Reference value :  2.39358e-06
 Reference value :  2.39379e-06
 Reference value :  2.39401e-06
 Reference value :  2.39422e-06
 Reference value :  2.39444e-06
 Reference value :  2.39465e-06
 Reference value :  2.39486e-06
 Reference value :  2.39507e-06
 Reference value :  2.39529e-06
 Reference value :  2.39550e-06
 Reference value :  2.39572e-06
 Reference value :  2.39594e-06
 Reference value :  2.39615e-06
 Reference value :  2.39637e-06
 Reference value :  2.39659e-06
 Reference value :  2.39679e-06
 Reference value :  2.39700e-06
 Reference value :  2.39721e-06
 Reference value :  2.39743e-06
 Reference value :  2.39763e-06
 Reference value :  2.39785e-06
 Reference value :  2.39806e-06
 Reference value :  2.39828e-06
 Reference value :  2.39849e-06
 Reference value :  2.39871e-06
 Reference value :  2.39892e-06
 Reference value :  2.39913e-06
 Reference value :  2.39935e-06
 Reference value :  2.39956e-06
 Reference value :  2.39977e-06
 Reference value :  2.40000e-06
 Reference value :  2.40021e-06
 Reference value :  2.40043e-06
 Reference value :  2.40064e-06
 Reference value :  2.40086e-06
 Reference value :  2.40107e-06
 Reference value :  2.40128e-06
 Reference value :  2.40148e-06
 Reference value :  2.40170e-06
 Reference value :  2.40192e-06
 Reference value :  2.40213e-06
 Reference value :  2.40235e-06
 Reference value :  2.40256e-06
 Reference value :  2.40277e-06
 Reference value :  2.40298e-06
 Reference value :  2.40319e-06
 Reference value :  2.40340e-06
 Reference value :  2.40361e-06
 Reference value :  2.40384e-06
 Reference value :  2.40405e-06
 Reference value :  2.40427e-06
 Reference value :  2.40449e-06
 Reference value :  2.40469e-06
 Reference value :  2.40491e-06
 Reference value :  2.40513e-06
 Reference value :  2.40535e-06
 Reference value :  2.40557e-06
 Reference value :  2.40578e-06
 Reference value :  2.40600e-06
 Reference value :  2.40621e-06
 Reference value :  2.40643e-06
 Reference value :  2.40665e-06
 Reference value :  2.40686e-06
 Reference value :  2.40707e-06
 Reference value :  2.40728e-06
 Reference value :  2.40750e-06
 Reference value :  2.40771e-06
 Reference value :  2.40793e-06
 Reference value :  2.40814e-06
 Reference value :  2.40836e-06
 Reference value :  2.40858e-06
 Reference value :  2.40878e-06
 Reference value :  2.40899e-06
 Reference value :  2.40920e-06
 Reference value :  2.40942e-06
 Reference value :  2.40963e-06
 Reference value :  2.40983e-06
 Reference value :  2.41005e-06
 Reference value :  2.41027e-06
 Reference value :  2.41048e-06
 Reference value :  2.41070e-06
 Reference value :  2.41091e-06
 Reference value :  2.41112e-06
 Reference value :  2.41134e-06
 Reference value :  2.41155e-06
 Reference value :  2.41176e-06
 Reference value :  2.41198e-06
 Reference value :  2.41219e-06
 Reference value :  2.41240e-06
 Reference value :  2.41262e-06
 Reference value :  2.41284e-06
 Reference value :  2.41306e-06
 Reference value :  2.41327e-06
 Reference value :  2.41348e-06
 Reference value :  2.41369e-06
 Reference value :  2.41391e-06
 Reference value :  2.41412e-06
 Reference value :  2.41434e-06
 Reference value :  2.41456e-06
 Reference value :  2.41477e-06
 Reference value :  2.41498e-06
 Reference value :  2.41519e-06
 Reference value :  2.41540e-06
 Reference value :  2.41561e-06
 Reference value :  2.41582e-06
 Reference value :  2.41604e-06
 Reference value :  2.41625e-06
 Reference value :  2.41647e-06
 Reference value :  2.41669e-06
 Reference value :  2.41690e-06
 Reference value :  2.41712e-06
 Reference value :  2.41733e-06
 Reference value :  2.41755e-06
 Reference value :  2.41776e-06
 Reference value :  2.41797e-06
 Reference value :  2.41817e-06
 Reference value :  2.41839e-06
 Reference value :  2.41861e-06
 Reference value :  2.41882e-06
 Reference value :  2.41904e-06
 Reference value :  2.41925e-06
 Reference value :  2.41947e-06
 Reference value :  2.41968e-06
 Reference value :  2.41990e-06
 Reference value :  2.42010e-06
 Reference value :  2.42032e-06
 Reference value :  2.42054e-06
 Reference value :  2.42075e-06
 Reference value :  2.42097e-06
 Reference value :  2.42118e-06
 Reference value :  2.42140e-06
 Reference value :  2.42161e-06
 Reference value :  2.42182e-06
 Reference value :  2.42204e-06
 Reference value :  2.42226e-06
 Reference value :  2.42247e-06
 Reference value :  2.42269e-06
 Reference value :  2.42290e-06
 Reference value :  2.42312e-06
 Reference value :  2.42333e-06
 Reference value :  2.42354e-06
 Reference value :  2.42376e-06
 Reference value :  2.42398e-06
 Reference value :  2.42419e-06
 Reference value :  2.42440e-06
 Reference value :  2.42462e-06
 Reference value :  2.42483e-06
 Reference value :  2.42505e-06
 Reference value :  2.42527e-06
 Reference value :  2.42548e-06
 Reference value :  2.42570e-06
 Reference value :  2.42591e-06
 Reference value :  2.42613e-06
 Reference value :  2.42634e-06
 Reference value :  2.42655e-06
 Reference value :  2.42677e-06
 Reference value :  2.42699e-06
 Reference value :  2.42720e-06
 Reference value :  2.42742e-06
 Reference value :  2.42763e-06
 Reference value :  2.42785e-06
 Reference value :  2.42807e-06
 Reference value :  2.42828e-06
 Reference value :  2.42849e-06
 Reference value :  2.42871e-06
 Reference value :  2.42892e-06
 Reference value :  2.42914e-06
 Reference value :  2.42935e-06
 Reference value :  2.42956e-06
 Reference value :  2.42978e-06
 Reference value :  2.43000e-06
 Reference value :  2.43021e-06
 Reference value :  2.43042e-06
 Reference value :  2.43064e-06
 Reference value :  2.43085e-06
 Reference value :  2.43106e-06
 Reference value :  2.43128e-06
 Reference value :  2.43149e-06
 Reference value :  2.43171e-06
 Reference value :  2.43192e-06
 Reference value :  2.43213e-06
 Reference value :  2.43235e-06
 Reference value :  2.43256e-06
 Reference value :  2.43277e-06
 Reference value :  2.43299e-06
 Reference value :  2.43320e-06
 Reference value :  2.43341e-06
 Reference value :  2.43362e-06
 Reference value :  2.43384e-06
 Reference value :  2.43405e-06
 Reference value :  2.43425e-06
 Reference value :  2.43446e-06
 Reference value :  2.43468e-06
 Reference value :  2.43490e-06
 Reference value :  2.43510e-06
 Reference value :  2.43532e-06
 Reference value :  2.43554e-06
 Reference value :  2.43575e-06
 Reference value :  2.43597e-06
 Reference value :  2.43618e-06
 Reference value :  2.43640e-06
 Reference value :  2.43662e-06
 Reference value :  2.43683e-06
 Reference value :  2.43705e-06
 Reference value :  2.43726e-06
 Reference value :  2.43746e-06
 Reference value :  2.43768e-06
 Reference value :  2.43790e-06
 Reference value :  2.43811e-06
 Reference value :  2.43833e-06
 Reference value :  2.43854e-06
 Reference value :  2.43876e-06
 Reference value :  2.43897e-06
 Reference value :  2.43919e-06
 Reference value :  2.43940e-06
 Reference value :  2.43961e-06
 Reference value :  2.43983e-06
 Reference value :  2.44005e-06
 Reference value :  2.44026e-06
 Reference value :  2.44047e-06
 Reference value :  2.44068e-06
 Reference value :  2.44090e-06
 Reference value :  2.44111e-06
 Reference value :  2.44133e-06
 Reference value :  2.44154e-06
 Reference value :  2.44175e-06
 Reference value :  2.44196e-06
 Reference value :  2.44217e-06
 Reference value :  2.44238e-06
 Reference value :  2.44260e-06
 Reference value :  2.44280e-06
 Reference value :  2.44302e-06
 Reference value :  2.44323e-06
 Reference value :  2.44344e-06
 Reference value :  2.44365e-06
 Reference value :  2.44387e-06
 Reference value :  2.44408e-06
 Reference value :  2.44430e-06
 Reference value :  2.44452e-06
 Reference value :  2.44474e-06
 Reference value :  2.44496e-06
 Reference value :  2.44517e-06
 Reference value :  2.44538e-06
 Reference value :  2.44560e-06
 Reference value :  2.44582e-06
 Reference value :  2.44604e-06
 Reference value :  2.44625e-06
 Reference value :  2.44646e-06
 Reference value :  2.44667e-06
 Reference value :  2.44689e-06
 Reference value :  2.44710e-06
 Reference value :  2.44732e-06
 Reference value :  2.44753e-06
 Reference value :  2.44773e-06
 Reference value :  2.44795e-06
 Reference value :  2.44816e-06
 Reference value :  2.44838e-06
 Reference value :  2.44859e-06
 Reference value :  2.44881e-06
 Reference value :  2.44902e-06
 Reference value :  2.44924e-06
 Reference value :  2.44946e-06
 Reference value :  2.44967e-06
 Reference value :  2.44989e-06
 Reference value :  2.45010e-06
 Reference value :  2.45032e-06
 Reference value :  2.45054e-06
 Reference value :  2.45075e-06
 Reference value :  2.45097e-06
 Reference value :  2.45118e-06
 Reference value :  2.45140e-06
 Reference value :  2.45161e-06
 Reference value :  2.45182e-06
 Reference value :  2.45204e-06
 Reference value :  2.45226e-06
 Reference value :  2.45247e-06
 Reference value :  2.45268e-06
 Reference value :  2.45290e-06
 Reference value :  2.45311e-06
 Reference value :  2.45332e-06
 Reference value :  2.45353e-06
 Reference value :  2.45375e-06
 Reference value :  2.45396e-06
 Reference value :  2.45418e-06
 Reference value :  2.45439e-06
 Reference value :  2.45460e-06
 Reference value :  2.45481e-06
 Reference value :  2.45502e-06
 Reference value :  2.45523e-06
 Reference value :  2.45544e-06
 Reference value :  2.45566e-06
 Reference value :  2.45587e-06
 Reference value :  2.45609e-06
 Reference value :  2.45631e-06
 Reference value :  2.45653e-06
 Reference value :  2.45674e-06
 Reference value :  2.45696e-06
 Reference value :  2.45717e-06
 Reference value :  2.45739e-06
 Reference value :  2.45760e-06
 Reference value :  2.45782e-06
 Reference value :  2.45803e-06
 Reference value :  2.45824e-06
 Reference value :  2.45846e-06
 Reference value :  2.45868e-06
 Reference value :  2.45890e-06
 Reference value :  2.45912e-06
 Reference value :  2.45933e-06
 Reference value :  2.45954e-06
 Reference value :  2.45976e-06
 Reference value :  2.45996e-06
 Reference value :  2.46018e-06
 Reference value :  2.46040e-06
 Reference value :  2.46060e-06
 Reference value :  2.46081e-06
 Reference value :  2.46102e-06
 Reference value :  2.46124e-06
 Reference value :  2.46145e-06
 Reference value :  2.46166e-06
 Reference value :  2.46187e-06
 Reference value :  2.46208e-06
 Reference value :  2.46229e-06
 Reference value :  2.46250e-06
 Reference value :  2.46271e-06
 Reference value :  2.46292e-06
 Reference value :  2.46314e-06
 Reference value :  2.46335e-06
 Reference value :  2.46357e-06
 Reference value :  2.46379e-06
 Reference value :  2.46402e-06
 Reference value :  2.46422e-06
 Reference value :  2.46443e-06
 Reference value :  2.46464e-06
 Reference value :  2.46486e-06
 Reference value :  2.46507e-06
 Reference value :  2.46529e-06
 Reference value :  2.46550e-06
 Reference value :  2.46571e-06
 Reference value :  2.46592e-06
 Reference value :  2.46613e-06
 Reference value :  2.46635e-06
 Reference value :  2.46655e-06
 Reference value :  2.46677e-06
 Reference value :  2.46699e-06
 Reference value :  2.46719e-06
 Reference value :  2.46741e-06
 Reference value :  2.46763e-06
 Reference value :  2.46784e-06
 Reference value :  2.46806e-06
 Reference value :  2.46827e-06
 Reference value :  2.46848e-06
 Reference value :  2.46869e-06
 Reference value :  2.46890e-06
 Reference value :  2.46911e-06
 Reference value :  2.46932e-06
 Reference value :  2.46954e-06
 Reference value :  2.46976e-06
 Reference value :  2.46997e-06
 Reference value :  2.47019e-06
 Reference value :  2.47040e-06
 Reference value :  2.47061e-06
 Reference value :  2.47082e-06
 Reference value :  2.47103e-06
 Reference value :  2.47125e-06
 Reference value :  2.47145e-06
 Reference value :  2.47168e-06
 Reference value :  2.47189e-06
 Reference value :  2.47210e-06
 Reference value :  2.47231e-06
 Reference value :  2.47253e-06
 Reference value :  2.47274e-06
 Reference value :  2.47296e-06
 Reference value :  2.47317e-06
 Reference value :  2.47338e-06
 Reference value :  2.47360e-06
 Reference value :  2.47381e-06
 Reference value :  2.47403e-06
 Reference value :  2.47425e-06
 Reference value :  2.47446e-06
 Reference value :  2.47468e-06
 Reference value :  2.47489e-06
 Reference value :  2.47511e-06
 Reference value :  2.47533e-06
 Reference value :  2.47554e-06
 Reference value :  2.47576e-06
 Reference value :  2.47598e-06
 Reference value :  2.47620e-06
 Reference value :  2.47641e-06
 Reference value :  2.47663e-06
 Reference value :  2.47685e-06
 Reference value :  2.47706e-06
 Reference value :  2.47728e-06
 Reference value :  2.47750e-06
 Reference value :  2.47771e-06
 Reference value :  2.47792e-06
 Reference value :  2.47813e-06
 Reference value :  2.47834e-06
 Reference value :  2.47855e-06
 Reference value :  2.47877e-06
 Reference value :  2.47898e-06
 Reference value :  2.47919e-06
 Reference value :  2.47940e-06
 Reference value :  2.47961e-06
 Reference value :  2.47982e-06
 Reference value :  2.48003e-06
 Reference value :  2.48024e-06
 Reference value :  2.48046e-06
 Reference value :  2.48067e-06
 Reference value :  2.48088e-06
 Reference value :  2.48110e-06
 Reference value :  2.48131e-06
 Reference value :  2.48153e-06
 Reference value :  2.48175e-06
 Reference value :  2.48196e-06
 Reference value :  2.48216e-06
 Reference value :  2.48237e-06
 Reference value :  2.48260e-06
 Reference value :  2.48280e-06
 Reference value :  2.48302e-06
 Reference value :  2.48324e-06
 Reference value :  2.48345e-06
 Reference value :  2.48366e-06
 Reference value :  2.48388e-06
 Reference value :  2.48410e-06
 Reference value :  2.48431e-06
 Reference value :  2.48452e-06
 Reference value :  2.48474e-06
 Reference value :  2.48495e-06
 Reference value :  2.48516e-06
 Reference value :  2.48537e-06
 Reference value :  2.48559e-06
 Reference value :  2.48580e-06
 Reference value :  2.48601e-06
 Reference value :  2.48623e-06
 Reference value :  2.48644e-06
 Reference value :  2.48665e-06
 Reference value :  2.48685e-06
 Reference value :  2.48707e-06
 Reference value :  2.48728e-06
 Reference value :  2.48750e-06
 Reference value :  2.48770e-06
 Reference value :  2.48791e-06
 Reference value :  2.48813e-06
 Reference value :  2.48834e-06
 Reference value :  2.48855e-06
 Reference value :  2.48877e-06
 Reference value :  2.48898e-06
 Reference value :  2.48920e-06
 Reference value :  2.48941e-06
 Reference value :  2.48962e-06
 Reference value :  2.48983e-06
 Reference value :  2.49005e-06
 Reference value :  2.49026e-06
 Reference value :  2.49047e-06
 Reference value :  2.49068e-06
 Reference value :  2.49090e-06
 Reference value :  2.49111e-06
 Reference value :  2.49133e-06
 Reference value :  2.49154e-06
 Reference value :  2.49175e-06
 Reference value :  2.49197e-06
 Reference value :  2.49218e-06
 Reference value :  2.49239e-06
 Reference value :  2.49262e-06
 Reference value :  2.49282e-06
 Reference value :  2.49304e-06
 Reference value :  2.49325e-06
 Reference value :  2.49346e-06
 Reference value :  2.49368e-06
 Reference value :  2.49389e-06
 Reference value :  2.49411e-06
 Reference value :  2.49432e-06
 Reference value :  2.49453e-06
 Reference value :  2.49475e-06
 Reference value :  2.49496e-06
 Reference value :  2.49517e-06
 Reference value :  2.49538e-06
 Reference value :  2.49560e-06
 Reference value :  2.49581e-06
 Reference value :  2.49603e-06
 Reference value :  2.49625e-06
 Reference value :  2.49646e-06
 Reference value :  2.49667e-06
 Reference value :  2.49689e-06
 Reference value :  2.49710e-06
 Reference value :  2.49731e-06
 Reference value :  2.49752e-06
 Reference value :  2.49773e-06
 Reference value :  2.49795e-06
 Reference value :  2.49817e-06
 Reference value :  2.49838e-06
 Reference value :  2.49860e-06
 Reference value :  2.49881e-06
 Reference value :  2.49903e-06
 Reference value :  2.49925e-06
 Reference value :  2.49945e-06
 Reference value :  2.49967e-06
 Reference value :  2.49988e-06
 Reference value :  2.50010e-06
 Reference value :  2.50031e-06
 Reference value :  2.50053e-06
 Reference value :  2.50074e-06
 Reference value :  2.50096e-06
 Reference value :  2.50117e-06
 Reference value :  2.50138e-06
 Reference value :  2.50160e-06
 Reference value :  2.50182e-06
 Reference value :  2.50202e-06
 Reference value :  2.50224e-06
 Reference value :  2.50246e-06
 Reference value :  2.50266e-06
 Reference value :  2.50288e-06
 Reference value :  2.50309e-06
 Reference value :  2.50331e-06
 Reference value :  2.50353e-06
 Reference value :  2.50374e-06
 Reference value :  2.50395e-06
 Reference value :  2.50417e-06
 Reference value :  2.50438e-06
 Reference value :  2.50459e-06
 Reference value :  2.50482e-06
 Reference value :  2.50503e-06
 Reference value :  2.50525e-06
 Reference value :  2.50547e-06
 Reference value :  2.50568e-06
 Reference value :  2.50589e-06
 Reference value :  2.50611e-06
 Reference value :  2.50632e-06
 Reference value :  2.50654e-06
 Reference value :  2.50675e-06
 Reference value :  2.50696e-06
 Reference value :  2.50719e-06
 Reference value :  2.50740e-06
 Reference value :  2.50762e-06
 Reference value :  2.50783e-06
 Reference value :  2.50804e-06
 Reference value :  2.50825e-06
 Reference value :  2.50847e-06
 Reference value :  2.50868e-06
 Reference value :  2.50890e-06
 Reference value :  2.50912e-06
 Reference value :  2.50933e-06
 Reference value :  2.50955e-06
 Reference value :  2.50976e-06
 Reference value :  2.50999e-06
 Reference value :  2.51020e-06
 Reference value :  2.51042e-06
 Reference value :  2.51063e-06
 Reference value :  2.51084e-06
 Reference value :  2.51104e-06
 Reference value :  2.51126e-06
 Reference value :  2.51148e-06
 Reference value :  2.51169e-06
 Reference value :  2.51191e-06
 Reference value :  2.51212e-06
 Reference value :  2.51234e-06
 Reference value :  2.51256e-06
 Reference value :  2.51277e-06
 Reference value :  2.51298e-06
 Reference value :  2.51320e-06
 Reference value :  2.51341e-06
 Reference value :  2.51363e-06
 Reference value :  2.51384e-06
 Reference value :  2.51405e-06
 Reference value :  2.51426e-06
 Reference value :  2.51447e-06
 Reference value :  2.51468e-06
 Reference value :  2.51489e-06
 Reference value :  2.51510e-06
 Reference value :  2.51530e-06
 Reference value :  2.51551e-06
 Reference value :  2.51573e-06
 Reference value :  2.51594e-06
 Reference value :  2.51616e-06
 Reference value :  2.51638e-06
 Reference value :  2.51659e-06
 Reference value :  2.51680e-06
 Reference value :  2.51702e-06
 Reference value :  2.51723e-06
 Reference value :  2.51745e-06
 Reference value :  2.51766e-06
 Reference value :  2.51788e-06
 Reference value :  2.51809e-06
 Reference value :  2.51831e-06
 Reference value :  2.51852e-06
 Reference value :  2.51873e-06
 Reference value :  2.51895e-06
 Reference value :  2.51915e-06
 Reference value :  2.51936e-06
 Reference value :  2.51958e-06
 Reference value :  2.51979e-06
 Reference value :  2.52000e-06
 Reference value :  2.52020e-06
 Reference value :  2.52040e-06
 Reference value :  2.52061e-06
 Reference value :  2.52083e-06
 Reference value :  2.52104e-06
 Reference value :  2.52126e-06
 Reference value :  2.52147e-06
 Reference value :  2.52168e-06
 Reference value :  2.52189e-06
 Reference value :  2.52210e-06
 Reference value :  2.52232e-06
 Reference value :  2.52253e-06
 Reference value :  2.52274e-06
 Reference value :  2.52296e-06
 Reference value :  2.52317e-06
 Reference value :  2.52338e-06
 Reference value :  2.52360e-06
 Reference value :  2.52381e-06
 Reference value :  2.52401e-06
 Reference value :  2.52423e-06
 Reference value :  2.52444e-06
 Reference value :  2.52465e-06
 Reference value :  2.52486e-06
 Reference value :  2.52507e-06
 Reference value :  2.52528e-06
 Reference value :  2.52550e-06
 Reference value :  2.52571e-06
 Reference value :  2.52593e-06
 Reference value :  2.52614e-06
 Reference value :  2.52635e-06
 Reference value :  2.52656e-06
 Reference value :  2.52678e-06
 Reference value :  2.52699e-06
 Reference value :  2.52720e-06
 Reference value :  2.52742e-06
 Reference value :  2.52763e-06
 Reference value :  2.52784e-06
 Reference value :  2.52806e-06
 Reference value :  2.52827e-06
 Reference value :  2.52849e-06
 Reference value :  2.52870e-06
 Reference value :  2.52891e-06
 Reference value :  2.52913e-06
 Reference value :  2.52933e-06
 Reference value :  2.52955e-06
 Reference value :  2.52976e-06
 Reference value :  2.52996e-06
 Reference value :  2.53017e-06
 Reference value :  2.53039e-06
 Reference value :  2.53060e-06
 Reference value :  2.53082e-06
 Reference value :  2.53104e-06
 Reference value :  2.53125e-06
 Reference value :  2.53146e-06
 Reference value :  2.53167e-06
 Reference value :  2.53188e-06
 Reference value :  2.53209e-06
 Reference value :  2.53230e-06
 Reference value :  2.53252e-06
 Reference value :  2.53273e-06
 Reference value :  2.53295e-06
 Reference value :  2.53316e-06
 Reference value :  2.53337e-06
 Reference value :  2.53358e-06
 Reference value :  2.53380e-06
 Reference value :  2.53401e-06
 Reference value :  2.53423e-06
 Reference value :  2.53444e-06
 Reference value :  2.53465e-06
 Reference value :  2.53486e-06
 Reference value :  2.53508e-06
 Reference value :  2.53530e-06
 Reference value :  2.53551e-06
 Reference value :  2.53573e-06
 Reference value :  2.53594e-06
 Reference value :  2.53616e-06
 Reference value :  2.53637e-06
 Reference value :  2.53657e-06
 Reference value :  2.53678e-06
 Reference value :  2.53700e-06
 Reference value :  2.53722e-06
 Reference value :  2.53743e-06
 Reference value :  2.53763e-06
 Reference value :  2.53784e-06
 Reference value :  2.53805e-06
 Reference value :  2.53826e-06
 Reference value :  2.53847e-06
 Reference value :  2.53868e-06
 Reference value :  2.53890e-06
 Reference value :  2.53911e-06
 Reference value :  2.53932e-06
 Reference value :  2.53953e-06
 Reference value :  2.53975e-06
 Reference value :  2.53996e-06
 Reference value :  2.54018e-06
 Reference value :  2.54039e-06
 Reference value :  2.54060e-06
 Reference value :  2.54081e-06
 Reference value :  2.54103e-06
 Reference value :  2.54124e-06
 Reference value :  2.54146e-06
 Reference value :  2.54168e-06
 Reference value :  2.54189e-06
 Reference value :  2.54210e-06
 Reference value :  2.54232e-06
 Reference value :  2.54253e-06
 Reference value :  2.54273e-06
 Reference value :  2.54294e-06
 Reference value :  2.54316e-06
 Reference value :  2.54337e-06
 Reference value :  2.54358e-06
 Reference value :  2.54380e-06
 Reference value :  2.54401e-06
 Reference value :  2.54422e-06
 Reference value :  2.54444e-06
 Reference value :  2.54466e-06
 Reference value :  2.54487e-06
 Reference value :  2.54508e-06
 Reference value :  2.54530e-06
 Reference value :  2.54551e-06
 Reference value :  2.54572e-06
 Reference value :  2.54594e-06
 Reference value :  2.54614e-06
 Reference value :  2.54636e-06
 Reference value :  2.54658e-06
 Reference value :  2.54679e-06
 Reference value :  2.54701e-06
 Reference value :  2.54722e-06
 Reference value :  2.54743e-06
 Reference value :  2.54763e-06
 Reference value :  2.54784e-06
 Reference value :  2.54806e-06
 Reference value :  2.54827e-06
 Reference value :  2.54849e-06
 Reference value :  2.54870e-06
 Reference value :  2.54891e-06
 Reference value :  2.54913e-06
 Reference value :  2.54935e-06
 Reference value :  2.54957e-06
 Reference value :  2.54978e-06
 Reference value :  2.54999e-06
 Reference value :  2.55021e-06
 Reference value :  2.55042e-06
 Reference value :  2.55064e-06
 Reference value :  2.55085e-06
 Reference value :  2.55106e-06
 Reference value :  2.55128e-06
 Reference value :  2.55149e-06
 Reference value :  2.55170e-06
 Reference value :  2.55192e-06
 Reference value :  2.55213e-06
 Reference value :  2.55234e-06
 Reference value :  2.55256e-06
 Reference value :  2.55277e-06
 Reference value :  2.55298e-06
 Reference value :  2.55319e-06
 Reference value :  2.55341e-06
 Reference value :  2.55362e-06
 Reference value :  2.55384e-06
 Reference value :  2.55405e-06
 Reference value :  2.55426e-06
 Reference value :  2.55447e-06
 Reference value :  2.55469e-06
 Reference value :  2.55489e-06
 Reference value :  2.55510e-06
 Reference value :  2.55533e-06
 Reference value :  2.55553e-06
 Reference value :  2.55574e-06
 Reference value :  2.55595e-06
 Reference value :  2.55617e-06
 Reference value :  2.55638e-06
 Reference value :  2.55660e-06
 Reference value :  2.55682e-06
 Reference value :  2.55703e-06
 Reference value :  2.55724e-06
 Reference value :  2.55746e-06
 Reference value :  2.55766e-06
 Reference value :  2.55788e-06
 Reference value :  2.55810e-06
 Reference value :  2.55831e-06
 Reference value :  2.55852e-06
 Reference value :  2.55874e-06
 Reference value :  2.55895e-06
 Reference value :  2.55916e-06
 Reference value :  2.55938e-06
 Reference value :  2.55959e-06
 Reference value :  2.55981e-06
 Reference value :  2.56002e-06
 Reference value :  2.56023e-06
 Reference value :  2.56044e-06
 Reference value :  2.56065e-06
 Reference value :  2.56086e-06
 Reference value :  2.56107e-06
 Reference value :  2.56128e-06
 Reference value :  2.56149e-06
 Reference value :  2.56171e-06
 Reference value :  2.56192e-06
 Reference value :  2.56213e-06
 Reference value :  2.56234e-06
 Reference value :  2.56256e-06
 Reference value :  2.56277e-06
 Reference value :  2.56299e-06
 Reference value :  2.56320e-06
 Reference value :  2.56341e-06
 Reference value :  2.56363e-06
 Reference value :  2.56383e-06
 Reference value :  2.56405e-06
 Reference value :  2.56425e-06
 Reference value :  2.56447e-06
 Reference value :  2.56468e-06
 Reference value :  2.56489e-06
 Reference value :  2.56511e-06
 Reference value :  2.56532e-06
 Reference value :  2.56553e-06
 Reference value :  2.56574e-06
 Reference value :  2.56596e-06
 Reference value :  2.56618e-06
 Reference value :  2.56638e-06
 Reference value :  2.56660e-06
 Reference value :  2.56682e-06
 Reference value :  2.56703e-06
 Reference value :  2.56725e-06
 Reference value :  2.56746e-06
 Reference value :  2.56768e-06
 Reference value :  2.56789e-06
 Reference value :  2.56810e-06
 Reference value :  2.56831e-06
 Reference value :  2.56853e-06
 Reference value :  2.56874e-06
 Reference value :  2.56895e-06
 Reference value :  2.56916e-06
 Reference value :  2.56937e-06
 Reference value :  2.56959e-06
 Reference value :  2.56980e-06
 Reference value :  2.57001e-06
 Reference value :  2.57022e-06
 Reference value :  2.57043e-06
 Reference value :  2.57064e-06
 Reference value :  2.57085e-06
 Reference value :  2.57107e-06
 Reference value :  2.57128e-06
 Reference value :  2.57149e-06
 Reference value :  2.57171e-06
 Reference value :  2.57192e-06
 Reference value :  2.57212e-06
 Reference value :  2.57234e-06
 Reference value :  2.57255e-06
 Reference value :  2.57276e-06
 Reference value :  2.57297e-06
 Reference value :  2.57318e-06
 Reference value :  2.57339e-06
 Reference value :  2.57361e-06
 Reference value :  2.57381e-06
 Reference value :  2.57403e-06
 Reference value :  2.57425e-06
 Reference value :  2.57446e-06
 Reference value :  2.57467e-06
 Reference value :  2.57488e-06
 Reference value :  2.57509e-06
 Reference value :  2.57530e-06
 Reference value :  2.57551e-06
 Reference value :  2.57572e-06
 Reference value :  2.57593e-06
 Reference value :  2.57614e-06
 Reference value :  2.57635e-06
 Reference value :  2.57657e-06
 Reference value :  2.57679e-06
 Reference value :  2.57701e-06
 Reference value :  2.57722e-06
 Reference value :  2.57744e-06
 Reference value :  2.57766e-06
 Reference value :  2.57786e-06
 Reference value :  2.57808e-06
 Reference value :  2.57829e-06
 Reference value :  2.57851e-06
 Reference value :  2.57872e-06
 Reference value :  2.57894e-06
 Reference value :  2.57915e-06
 Reference value :  2.57936e-06
 Reference value :  2.57958e-06
 Reference value :  2.57979e-06
 Reference value :  2.58000e-06
 Reference value :  2.58022e-06
 Reference value :  2.58043e-06
 Reference value :  2.58064e-06
 Reference value :  2.58086e-06
 Reference value :  2.58107e-06
 Reference value :  2.58128e-06
 Reference value :  2.58150e-06
 Reference value :  2.58171e-06
 Reference value :  2.58192e-06
 Reference value :  2.58213e-06
 Reference value :  2.58236e-06
 Reference value :  2.58256e-06
 Reference value :  2.58277e-06
 Reference value :  2.58300e-06
 Reference value :  2.58321e-06
 Reference value :  2.58342e-06
 Reference value :  2.58363e-06
 Reference value :  2.58384e-06
 Reference value :  2.58405e-06
 Reference value :  2.58427e-06
 Reference value :  2.58448e-06
 Reference value :  2.58469e-06
 Reference value :  2.58491e-06
 Reference value :  2.58513e-06
 Reference value :  2.58533e-06
 Reference value :  2.58555e-06
 Reference value :  2.58577e-06
 Reference value :  2.58598e-06
 Reference value :  2.58620e-06
 Reference value :  2.58641e-06
 Reference value :  2.58663e-06
 Reference value :  2.58684e-06
 Reference value :  2.58705e-06
 Reference value :  2.58727e-06
 Reference value :  2.58749e-06
 Reference value :  2.58770e-06
 Reference value :  2.58791e-06
 Reference value :  2.58813e-06
 Reference value :  2.58834e-06
 Reference value :  2.58856e-06
 Reference value :  2.58877e-06
 Reference value :  2.58898e-06
 Reference value :  2.58919e-06
 Reference value :  2.58941e-06
 Reference value :  2.58962e-06
 Reference value :  2.58984e-06
 Reference value :  2.59005e-06
 Reference value :  2.59026e-06
 Reference value :  2.59047e-06
 Reference value :  2.59069e-06
 Reference value :  2.59090e-06
 Reference value :  2.59111e-06
 Reference value :  2.59131e-06
 Reference value :  2.59152e-06
 Reference value :  2.59173e-06
 Reference value :  2.59195e-06
 Reference value :  2.59216e-06
 Reference value :  2.59237e-06
 Reference value :  2.59258e-06
 Reference value :  2.59279e-06
 Reference value :  2.59300e-06
 Reference value :  2.59321e-06
 Reference value :  2.59342e-06
 Reference value :  2.59363e-06
 Reference value :  2.59384e-06
 Reference value :  2.59405e-06
 Reference value :  2.59426e-06
 Reference value :  2.59448e-06
 Reference value :  2.59468e-06
 Reference value :  2.59488e-06
 Reference value :  2.59509e-06
 Reference value :  2.59530e-06
 Reference value :  2.59550e-06
 Reference value :  2.59570e-06
 Reference value :  2.59591e-06
 Reference value :  2.59612e-06
 Reference value :  2.59633e-06
 Reference value :  2.59655e-06
 Reference value :  2.59675e-06
 Reference value :  2.59697e-06
 Reference value :  2.59718e-06
 Reference value :  2.59740e-06
 Reference value :  2.59761e-06
 Reference value :  2.59782e-06
 Reference value :  2.59803e-06
 Reference value :  2.59824e-06
 Reference value :  2.59845e-06
 Reference value :  2.59867e-06
 Reference value :  2.59888e-06
 Reference value :  2.59910e-06
 Reference value :  2.59931e-06
 Reference value :  2.59952e-06
 Reference value :  2.59974e-06
 Reference value :  2.59996e-06
 Reference value :  2.60017e-06
 Reference value :  2.60039e-06
 Reference value :  2.60060e-06
 Reference value :  2.60082e-06
 Reference value :  2.60103e-06
 Reference value :  2.60124e-06
 Reference value :  2.60146e-06
 Reference value :  2.60168e-06
 Reference value :  2.60189e-06
 Reference value :  2.60211e-06
 Reference value :  2.60232e-06
 Reference value :  2.60253e-06
 Reference value :  2.60275e-06
 Reference value :  2.60296e-06
 Reference value :  2.60317e-06
 Reference value :  2.60338e-06
 Reference value :  2.60360e-06
 Reference value :  2.60381e-06
 Reference value :  2.60402e-06
 Reference value :  2.60423e-06
 Reference value :  2.60444e-06
 Reference value :  2.60465e-06
 Reference value :  2.60486e-06
 Reference value :  2.60508e-06
 Reference value :  2.60530e-06
 Reference value :  2.60551e-06
 Reference value :  2.60573e-06
 Reference value :  2.60594e-06
 Reference value :  2.60615e-06
 Reference value :  2.60637e-06
 Reference value :  2.60658e-06
 Reference value :  2.60680e-06
 Reference value :  2.60701e-06
 Reference value :  2.60722e-06
 Reference value :  2.60743e-06
 Reference value :  2.60765e-06
 Reference value :  2.60786e-06
 Reference value :  2.60807e-06
 Reference value :  2.60829e-06
 Reference value :  2.60850e-06
 Reference value :  2.60871e-06
 Reference value :  2.60893e-06
 Reference value :  2.60915e-06
 Reference value :  2.60936e-06
 Reference value :  2.60957e-06
 Reference value :  2.60978e-06
 Reference value :  2.60999e-06
 Reference value :  2.61020e-06
 Reference value :  2.61042e-06
 Reference value :  2.61063e-06
 Reference value :  2.61084e-06
 Reference value :  2.61105e-06
 Reference value :  2.61127e-06
 Reference value :  2.61148e-06
 Reference value :  2.61170e-06
 Reference value :  2.61191e-06
 Reference value :  2.61212e-06
 Reference value :  2.61234e-06
 Reference value :  2.61255e-06
 Reference value :  2.61276e-06
 Reference value :  2.61297e-06
 Reference value :  2.61318e-06
 Reference value :  2.61339e-06
 Reference value :  2.61361e-06
 Reference value :  2.61382e-06
 Reference value :  2.61403e-06
 Reference value :  2.61425e-06
 Reference value :  2.61446e-06
 Reference value :  2.61468e-06
 Reference value :  2.61489e-06
 Reference value :  2.61511e-06
 Reference value :  2.61533e-06
 Reference value :  2.61553e-06
 Reference value :  2.61575e-06
 Reference value :  2.61597e-06
 Reference value :  2.61617e-06
 Reference value :  2.61639e-06
 Reference value :  2.61661e-06
 Reference value :  2.61682e-06
 Reference value :  2.61703e-06
 Reference value :  2.61725e-06
 Reference value :  2.61746e-06
 Reference value :  2.61767e-06
 Reference value :  2.61789e-06
 Reference value :  2.61810e-06
 Reference value :  2.61832e-06
 Reference value :  2.61854e-06
 Reference value :  2.61874e-06
 Reference value :  2.61895e-06
 Reference value :  2.61917e-06
 Reference value :  2.61938e-06
 Reference value :  2.61959e-06
 Reference value :  2.61981e-06
 Reference value :  2.62003e-06
 Reference value :  2.62024e-06
 Reference value :  2.62045e-06
 Reference value :  2.62066e-06
 Reference value :  2.62087e-06
 Reference value :  2.62107e-06
 Reference value :  2.62129e-06
 Reference value :  2.62150e-06
 Reference value :  2.62171e-06
 Reference value :  2.62192e-06
 Reference value :  2.62214e-06
 Reference value :  2.62235e-06
 Reference value :  2.62256e-06
 Reference value :  2.62278e-06
 Reference value :  2.62299e-06
 Reference value :  2.62320e-06
 Reference value :  2.62340e-06
 Reference value :  2.62361e-06
 Reference value :  2.62382e-06
 Reference value :  2.62403e-06
 Reference value :  2.62424e-06
 Reference value :  2.62445e-06
 Reference value :  2.62467e-06
 Reference value :  2.62489e-06
 Reference value :  2.62509e-06
 Reference value :  2.62530e-06
 Reference value :  2.62552e-06
 Reference value :  2.62573e-06
 Reference value :  2.62594e-06
 Reference value :  2.62615e-06
 Reference value :  2.62637e-06
 Reference value :  2.62658e-06
 Reference value :  2.62678e-06
 Reference value :  2.62699e-06
 Reference value :  2.62721e-06
 Reference value :  2.62742e-06
 Reference value :  2.62764e-06
 Reference value :  2.62785e-06
 Reference value :  2.62807e-06
 Reference value :  2.62827e-06
 Reference value :  2.62849e-06
 Reference value :  2.62871e-06
 Reference value :  2.62892e-06
 Reference value :  2.62913e-06
 Reference value :  2.62934e-06
 Reference value :  2.62955e-06
 Reference value :  2.62977e-06
 Reference value :  2.62999e-06
 Reference value :  2.63020e-06
 Reference value :  2.63042e-06
 Reference value :  2.63063e-06
 Reference value :  2.63085e-06
 Reference value :  2.63107e-06
 Reference value :  2.63128e-06
 Reference value :  2.63149e-06
 Reference value :  2.63171e-06
 Reference value :  2.63192e-06
 Reference value :  2.63214e-06
 Reference value :  2.63236e-06
 Reference value :  2.63257e-06
 Reference value :  2.63279e-06
 Reference value :  2.63300e-06
 Reference value :  2.63321e-06
 Reference value :  2.63342e-06
 Reference value :  2.63363e-06
 Reference value :  2.63384e-06
 Reference value :  2.63406e-06
 Reference value :  2.63427e-06
 Reference value :  2.63448e-06
 Reference value :  2.63469e-06
 Reference value :  2.63491e-06
 Reference value :  2.63513e-06
 Reference value :  2.63534e-06
 Reference value :  2.63555e-06
 Reference value :  2.63577e-06
 Reference value :  2.63599e-06
 Reference value :  2.63621e-06
 Reference value :  2.63642e-06
 Reference value :  2.63664e-06
 Reference value :  2.63685e-06
 Reference value :  2.63706e-06
 Reference value :  2.63727e-06
 Reference value :  2.63749e-06
 Reference value :  2.63770e-06
 Reference value :  2.63791e-06
 Reference value :  2.63812e-06
 Reference value :  2.63833e-06
 Reference value :  2.63854e-06
 Reference value :  2.63874e-06
 Reference value :  2.63896e-06
 Reference value :  2.63918e-06
 Reference value :  2.63938e-06
 Reference value :  2.63959e-06
 Reference value :  2.63980e-06
 Reference value :  2.64002e-06
 Reference value :  2.64023e-06
 Reference value :  2.64044e-06
 Reference value :  2.64066e-06
 Reference value :  2.64087e-06
 Reference value :  2.64109e-06
 Reference value :  2.64131e-06
 Reference value :  2.64152e-06
 Reference value :  2.64174e-06
 Reference value :  2.64195e-06
 Reference value :  2.64217e-06
 Reference value :  2.64239e-06
 Reference value :  2.64259e-06
 Reference value :  2.64281e-06
 Reference value :  2.64302e-06
 Reference value :  2.64323e-06
 Reference value :  2.64344e-06
 Reference value :  2.64365e-06
 Reference value :  2.64387e-06
 Reference value :  2.64408e-06
 Reference value :  2.64430e-06
 Reference value :  2.64452e-06
 Reference value :  2.64473e-06
 Reference value :  2.64495e-06
 Reference value :  2.64516e-06
 Reference value :  2.64538e-06
 Reference value :  2.64560e-06
 Reference value :  2.64581e-06
 Reference value :  2.64603e-06
 Reference value :  2.64624e-06
 Reference value :  2.64645e-06
 Reference value :  2.64666e-06
 Reference value :  2.64687e-06
 Reference value :  2.64708e-06
 Reference value :  2.64729e-06
 Reference value :  2.64751e-06
 Reference value :  2.64772e-06
 Reference value :  2.64793e-06
 Reference value :  2.64815e-06
 Reference value :  2.64837e-06
 Reference value :  2.64858e-06
 Reference value :  2.64880e-06
 Reference value :  2.64901e-06
 Reference value :  2.64923e-06
 Reference value :  2.64945e-06
 Reference value :  2.64965e-06
 Reference value :  2.64987e-06
 Reference value :  2.65009e-06
 Reference value :  2.65030e-06
 Reference value :  2.65052e-06
 Reference value :  2.65073e-06
 Reference value :  2.65095e-06
 Reference value :  2.65116e-06
 Reference value :  2.65138e-06
 Reference value :  2.65159e-06
 Reference value :  2.65181e-06
 Reference value :  2.65202e-06
 Reference value :  2.65223e-06
 Reference value :  2.65245e-06
 Reference value :  2.65266e-06
 Reference value :  2.65287e-06
 Reference value :  2.65309e-06
 Reference value :  2.65330e-06
 Reference value :  2.65351e-06
 Reference value :  2.65373e-06
 Reference value :  2.65394e-06
 Reference value :  2.65416e-06
 Reference value :  2.65437e-06
 Reference value :  2.65459e-06
 Reference value :  2.65480e-06
 Reference value :  2.65501e-06
 Reference value :  2.65523e-06
 Reference value :  2.65544e-06
 Reference value :  2.65566e-06
 Reference value :  2.65587e-06
 Reference value :  2.65610e-06
 Reference value :  2.65631e-06
 Reference value :  2.65651e-06
 Reference value :  2.65671e-06
 Reference value :  2.65692e-06
 Reference value :  2.65713e-06
 Reference value :  2.65736e-06
 Reference value :  2.65757e-06
 Reference value :  2.65779e-06
 Reference value :  2.65800e-06
 Reference value :  2.65820e-06
 Reference value :  2.65842e-06
 Reference value :  2.65864e-06
 Reference value :  2.65885e-06
 Reference value :  2.65907e-06
 Reference value :  2.65928e-06
 Reference value :  2.65950e-06
 Reference value :  2.65971e-06
 Reference value :  2.65992e-06
 Reference value :  2.66014e-06
 Reference value :  2.66036e-06
 Reference value :  2.66057e-06
 Reference value :  2.66079e-06
 Reference value :  2.66100e-06
 Reference value :  2.66122e-06
 Reference value :  2.66144e-06
 Reference value :  2.66165e-06
 Reference value :  2.66187e-06
 Reference value :  2.66208e-06
 Reference value :  2.66229e-06
 Reference value :  2.66249e-06
 Reference value :  2.66270e-06
 Reference value :  2.66291e-06
 Reference value :  2.66313e-06
 Reference value :  2.66334e-06
 Reference value :  2.66355e-06
 Reference value :  2.66377e-06
 Reference value :  2.66398e-06
 Reference value :  2.66420e-06
 Reference value :  2.66441e-06
 Reference value :  2.66462e-06
 Reference value :  2.66484e-06
 Reference value :  2.66506e-06
 Reference value :  2.66527e-06
 Reference value :  2.66549e-06
 Reference value :  2.66570e-06
 Reference value :  2.66592e-06
 Reference value :  2.66613e-06
 Reference value :  2.66634e-06
 Reference value :  2.66655e-06
 Reference value :  2.66677e-06
 Reference value :  2.66698e-06
 Reference value :  2.66720e-06
 Reference value :  2.66742e-06
 Reference value :  2.66763e-06
 Reference value :  2.66785e-06
 Reference value :  2.66806e-06
 Reference value :  2.66827e-06
 Reference value :  2.66847e-06
 Reference value :  2.66868e-06
 Reference value :  2.66890e-06
 Reference value :  2.66911e-06
 Reference value :  2.66932e-06
 Reference value :  2.66954e-06
 Reference value :  2.66975e-06
 Reference value :  2.66996e-06
 Reference value :  2.67017e-06
 Reference value :  2.67038e-06
 Reference value :  2.67060e-06
 Reference value :  2.67081e-06
 Reference value :  2.67102e-06
 Reference value :  2.67124e-06
 Reference value :  2.67144e-06
 Reference value :  2.67166e-06
 Reference value :  2.67187e-06
 Reference value :  2.67208e-06
 Reference value :  2.67229e-06
 Reference value :  2.67251e-06
 Reference value :  2.67273e-06
 Reference value :  2.67294e-06
 Reference value :  2.67316e-06
 Reference value :  2.67337e-06
 Reference value :  2.67359e-06
 Reference value :  2.67381e-06
 Reference value :  2.67402e-06
 Reference value :  2.67424e-06
 Reference value :  2.67444e-06
 Reference value :  2.67465e-06
 Reference value :  2.67487e-06
 Reference value :  2.67508e-06
 Reference value :  2.67529e-06
 Reference value :  2.67551e-06
 Reference value :  2.67573e-06
 Reference value :  2.67594e-06
 Reference value :  2.67616e-06
 Reference value :  2.67638e-06
 Reference value :  2.67658e-06
 Reference value :  2.67679e-06
 Reference value :  2.67700e-06
 Reference value :  2.67721e-06
 Reference value :  2.67742e-06
 Reference value :  2.67763e-06
 Reference value :  2.67784e-06
 Reference value :  2.67806e-06
 Reference value :  2.67827e-06
 Reference value :  2.67849e-06
 Reference value :  2.67870e-06
 Reference value :  2.67891e-06
 Reference value :  2.67913e-06
 Reference value :  2.67934e-06
 Reference value :  2.67955e-06
 Reference value :  2.67976e-06
 Reference value :  2.67997e-06
 Reference value :  2.68018e-06
 Reference value :  2.68039e-06
 Reference value :  2.68060e-06
 Reference value :  2.68081e-06
 Reference value :  2.68102e-06
 Reference value :  2.68124e-06
 Reference value :  2.68144e-06
 Reference value :  2.68166e-06
 Reference value :  2.68188e-06
 Reference value :  2.68208e-06
 Reference value :  2.68230e-06
 Reference value :  2.68251e-06
 Reference value :  2.68272e-06
 Reference value :  2.68294e-06
 Reference value :  2.68316e-06
 Reference value :  2.68337e-06
 Reference value :  2.68359e-06
 Reference value :  2.68380e-06
 Reference value :  2.68401e-06
 Reference value :  2.68422e-06
 Reference value :  2.68443e-06
 Reference value :  2.68464e-06
 Reference value :  2.68485e-06
 Reference value :  2.68506e-06
 Reference value :  2.68527e-06
 Reference value :  2.68549e-06
 Reference value :  2.68570e-06
 Reference value :  2.68592e-06
 Reference value :  2.68613e-06
 Reference value :  2.68634e-06
 Reference value :  2.68656e-06
 Reference value :  2.68678e-06
 Reference value :  2.68699e-06
 Reference value :  2.68720e-06
 Reference value :  2.68742e-06
 Reference value :  2.68763e-06
 Reference value :  2.68784e-06
 Reference value :  2.68805e-06
 Reference value :  2.68827e-06
 Reference value :  2.68848e-06
 Reference value :  2.68870e-06
 Reference value :  2.68891e-06
 Reference value :  2.68912e-06
 Reference value :  2.68933e-06
 Reference value :  2.68954e-06
 Reference value :  2.68975e-06
 Reference value :  2.68996e-06
 Reference value :  2.69018e-06
 Reference value :  2.69040e-06
 Reference value :  2.69061e-06
 Reference value :  2.69083e-06
 Reference value :  2.69104e-06
 Reference value :  2.69125e-06
 Reference value :  2.69146e-06
 Reference value :  2.69168e-06
 Reference value :  2.69189e-06
 Reference value :  2.69210e-06
 Reference value :  2.69232e-06
 Reference value :  2.69253e-06
 Reference value :  2.69274e-06
 Reference value :  2.69296e-06
 Reference value :  2.69317e-06
 Reference value :  2.69338e-06
 Reference value :  2.69359e-06
 Reference value :  2.69381e-06
 Reference value :  2.69403e-06
 Reference value :  2.69425e-06
 Reference value :  2.69446e-06
 Reference value :  2.69468e-06
 Reference value :  2.69489e-06
 Reference value :  2.69511e-06
 Reference value :  2.69532e-06
 Reference value :  2.69553e-06
 Reference value :  2.69575e-06
 Reference value :  2.69596e-06
 Reference value :  2.69617e-06
 Reference value :  2.69638e-06
 Reference value :  2.69660e-06
 Reference value :  2.69681e-06
 Reference value :  2.69703e-06
 Reference value :  2.69725e-06
 Reference value :  2.69746e-06
 Reference value :  2.69768e-06
 Reference value :  2.69789e-06
 Reference value :  2.69810e-06
 Reference value :  2.69831e-06
 Reference value :  2.69852e-06
 Reference value :  2.69873e-06
 Reference value :  2.69894e-06
 Reference value :  2.69916e-06
 Reference value :  2.69937e-06
 Reference value :  2.69958e-06
 Reference value :  2.69980e-06
 Reference value :  2.70001e-06
 Reference value :  2.70023e-06
 Reference value :  2.70045e-06
 Reference value :  2.70067e-06
 Reference value :  2.70088e-06
 Reference value :  2.70109e-06
 Reference value :  2.70131e-06
 Reference value :  2.70152e-06
 Reference value :  2.70174e-06
 Reference value :  2.70195e-06
 Reference value :  2.70217e-06
 Reference value :  2.70239e-06
 Reference value :  2.70260e-06
 Reference value :  2.70281e-06
 Reference value :  2.70303e-06
 Reference value :  2.70324e-06
 Reference value :  2.70346e-06
 Reference value :  2.70367e-06
 Reference value :  2.70389e-06
 Reference value :  2.70411e-06
 Reference value :  2.70432e-06
 Reference value :  2.70454e-06
 Reference value :  2.70475e-06
 Reference value :  2.70497e-06
 Reference value :  2.70519e-06
 Reference value :  2.70540e-06
 Reference value :  2.70562e-06
 Reference value :  2.70583e-06
 Reference value :  2.70605e-06
 Reference value :  2.70627e-06
 Reference value :  2.70648e-06
 Reference value :  2.70670e-06
 Reference value :  2.70692e-06
 Reference value :  2.70712e-06
 Reference value :  2.70734e-06
 Reference value :  2.70755e-06
 Reference value :  2.70776e-06
 Reference value :  2.70798e-06
 Reference value :  2.70820e-06
 Reference value :  2.70841e-06
 Reference value :  2.70863e-06
 Reference value :  2.70884e-06
 Reference value :  2.70906e-06
 Reference value :  2.70928e-06
 Reference value :  2.70949e-06
 Reference value :  2.70970e-06
 Reference value :  2.70991e-06
 Reference value :  2.71012e-06
 Reference value :  2.71034e-06
 Reference value :  2.71056e-06
 Reference value :  2.71077e-06
 Reference value :  2.71098e-06
 Reference value :  2.71120e-06
 Reference value :  2.71141e-06
 Reference value :  2.71162e-06
 Reference value :  2.71185e-06
 Reference value :  2.71206e-06
 Reference value :  2.71228e-06
 Reference value :  2.71249e-06
 Reference value :  2.71271e-06
 Reference value :  2.71292e-06
 Reference value :  2.71313e-06
 Reference value :  2.71335e-06
 Reference value :  2.71357e-06
 Reference value :  2.71378e-06
 Reference value :  2.71400e-06
 Reference value :  2.71421e-06
 Reference value :  2.71442e-06
 Reference value :  2.71463e-06
 Reference value :  2.71484e-06
 Reference value :  2.71506e-06
 Reference value :  2.71527e-06
 Reference value :  2.71548e-06
 Reference value :  2.71569e-06
 Reference value :  2.71590e-06
 Reference value :  2.71612e-06
 Reference value :  2.71634e-06
 Reference value :  2.71655e-06
 Reference value :  2.71676e-06
 Reference value :  2.71698e-06
 Reference value :  2.71719e-06
 Reference value :  2.71741e-06
 Reference value :  2.71762e-06
 Reference value :  2.71784e-06
 Reference value :  2.71806e-06
 Reference value :  2.71827e-06
 Reference value :  2.71848e-06
 Reference value :  2.71869e-06
 Reference value :  2.71890e-06
 Reference value :  2.71911e-06
 Reference value :  2.71933e-06
 Reference value :  2.71954e-06
 Reference value :  2.71975e-06
 Reference value :  2.71998e-06
 Reference value :  2.72019e-06
 Reference value :  2.72040e-06
 Reference value :  2.72062e-06
 Reference value :  2.72083e-06
 Reference value :  2.72104e-06
 Reference value :  2.72126e-06
 Reference value :  2.72148e-06
 Reference value :  2.72170e-06
 Reference value :  2.72191e-06
 Reference value :  2.72212e-06
 Reference value :  2.72234e-06
 Reference value :  2.72256e-06
 Reference value :  2.72277e-06
 Reference value :  2.72299e-06
 Reference value :  2.72321e-06
 Reference value :  2.72342e-06
 Reference value :  2.72363e-06
 Reference value :  2.72384e-06
 Reference value :  2.72406e-06
 Reference value :  2.72428e-06
 Reference value :  2.72449e-06
 Reference value :  2.72471e-06
 Reference value :  2.72492e-06
 Reference value :  2.72512e-06
 Reference value :  2.72534e-06
 Reference value :  2.72556e-06
 Reference value :  2.72577e-06
 Reference value :  2.72599e-06
 Reference value :  2.72621e-06
 Reference value :  2.72642e-06
 Reference value :  2.72663e-06
 Reference value :  2.72685e-06
 Reference value :  2.72705e-06
 Reference value :  2.72727e-06
 Reference value :  2.72749e-06
 Reference value :  2.72770e-06
 Reference value :  2.72792e-06
 Reference value :  2.72813e-06
 Reference value :  2.72835e-06
 Reference value :  2.72857e-06
 Reference value :  2.72878e-06
 Reference value :  2.72900e-06
 Reference value :  2.72921e-06
 Reference value :  2.72943e-06
 Reference value :  2.72965e-06
 Reference value :  2.72986e-06
 Reference value :  2.73008e-06
 Reference value :  2.73029e-06
 Reference value :  2.73051e-06
 Reference value :  2.73072e-06
 Reference value :  2.73093e-06
 Reference value :  2.73114e-06
 Reference value :  2.73135e-06
 Reference value :  2.73157e-06
 Reference value :  2.73178e-06
 Reference value :  2.73199e-06
 Reference value :  2.73220e-06
 Reference value :  2.73242e-06
 Reference value :  2.73263e-06
 Reference value :  2.73285e-06
 Reference value :  2.73306e-06
 Reference value :  2.73327e-06
 Reference value :  2.73349e-06
 Reference value :  2.73370e-06
 Reference value :  2.73391e-06
 Reference value :  2.73412e-06
 Reference value :  2.73434e-06
 Reference value :  2.73455e-06
 Reference value :  2.73476e-06
 Reference value :  2.73498e-06
 Reference value :  2.73519e-06
 Reference value :  2.73540e-06
 Reference value :  2.73561e-06
 Reference value :  2.73583e-06
 Reference value :  2.73604e-06
 Reference value :  2.73625e-06
 Reference value :  2.73648e-06
 Reference value :  2.73668e-06
 Reference value :  2.73690e-06
 Reference value :  2.73711e-06
 Reference value :  2.73732e-06
 Reference value :  2.73754e-06
 Reference value :  2.73775e-06
 Reference value :  2.73796e-06
 Reference value :  2.73817e-06
 Reference value :  2.73839e-06
 Reference value :  2.73860e-06
 Reference value :  2.73881e-06
 Reference value :  2.73903e-06
 Reference value :  2.73925e-06
 Reference value :  2.73946e-06
 Reference value :  2.73968e-06
 Reference value :  2.73989e-06
 Reference value :  2.74009e-06
 Reference value :  2.74031e-06
 Reference value :  2.74053e-06
 Reference value :  2.74074e-06
 Reference value :  2.74097e-06
 Reference value :  2.74118e-06
 Reference value :  2.74140e-06
 Reference value :  2.74161e-06
 Reference value :  2.74183e-06
 Reference value :  2.74205e-06
 Reference value :  2.74226e-06
 Reference value :  2.74247e-06
 Reference value :  2.74269e-06
 Reference value :  2.74290e-06
 Reference value :  2.74312e-06
 Reference value :  2.74333e-06
 Reference value :  2.74354e-06
 Reference value :  2.74375e-06
 Reference value :  2.74397e-06
 Reference value :  2.74418e-06
 Reference value :  2.74438e-06
 Reference value :  2.74460e-06
 Reference value :  2.74481e-06
 Reference value :  2.74502e-06
 Reference value :  2.74524e-06
 Reference value :  2.74545e-06
 Reference value :  2.74566e-06
 Reference value :  2.74588e-06
 Reference value :  2.74609e-06
 Reference value :  2.74631e-06
 Reference value :  2.74651e-06
 Reference value :  2.74673e-06
 Reference value :  2.74695e-06
 Reference value :  2.74716e-06
 Reference value :  2.74737e-06
 Reference value :  2.74759e-06
 Reference value :  2.74780e-06
 Reference value :  2.74802e-06
 Reference value :  2.74823e-06
 Reference value :  2.74844e-06
 Reference value :  2.74865e-06
 Reference value :  2.74887e-06
 Reference value :  2.74908e-06
 Reference value :  2.74930e-06
 Reference value :  2.74951e-06
 Reference value :  2.74972e-06
 Reference value :  2.74992e-06
 Reference value :  2.75014e-06
 Reference value :  2.75036e-06
 Reference value :  2.75057e-06
 Reference value :  2.75079e-06
 Reference value :  2.75100e-06
 Reference value :  2.75121e-06
 Reference value :  2.75143e-06
 Reference value :  2.75164e-06
 Reference value :  2.75186e-06
 Reference value :  2.75207e-06
 Reference value :  2.75229e-06
 Reference value :  2.75250e-06
 Reference value :  2.75272e-06
 Reference value :  2.75293e-06
 Reference value :  2.75314e-06
 Reference value :  2.75336e-06
 Reference value :  2.75357e-06
 Reference value :  2.75378e-06
 Reference value :  2.75400e-06
 Reference value :  2.75421e-06
 Reference value :  2.75443e-06
 Reference value :  2.75464e-06
 Reference value :  2.75485e-06
 Reference value :  2.75507e-06
 Reference value :  2.75529e-06
 Reference value :  2.75550e-06
 Reference value :  2.75571e-06
 Reference value :  2.75592e-06
 Reference value :  2.75613e-06
 Reference value :  2.75634e-06
 Reference value :  2.75655e-06
 Reference value :  2.75676e-06
 Reference value :  2.75698e-06
 Reference value :  2.75719e-06
 Reference value :  2.75741e-06
 Reference value :  2.75762e-06
 Reference value :  2.75783e-06
 Reference value :  2.75806e-06
 Reference value :  2.75827e-06
 Reference value :  2.75848e-06
 Reference value :  2.75870e-06
 Reference value :  2.75891e-06
 Reference value :  2.75912e-06
 Reference value :  2.75933e-06
 Reference value :  2.75955e-06
 Reference value :  2.75976e-06
 Reference value :  2.75998e-06
 Reference value :  2.76019e-06
 Reference value :  2.76040e-06
 Reference value :  2.76061e-06
 Reference value :  2.76083e-06
 Reference value :  2.76104e-06
 Reference value :  2.76126e-06
 Reference value :  2.76147e-06
 Reference value :  2.76169e-06
 Reference value :  2.76191e-06
 Reference value :  2.76212e-06
 Reference value :  2.76233e-06
 Reference value :  2.76255e-06
 Reference value :  2.76276e-06
 Reference value :  2.76297e-06
 Reference value :  2.76319e-06
 Reference value :  2.76340e-06
 Reference value :  2.76361e-06
 Reference value :  2.76383e-06
 Reference value :  2.76404e-06
 Reference value :  2.76426e-06
 Reference value :  2.76448e-06
 Reference value :  2.76468e-06
 Reference value :  2.76490e-06
 Reference value :  2.76512e-06
 Reference value :  2.76533e-06
 Reference value :  2.76554e-06
 Reference value :  2.76576e-06
 Reference value :  2.76597e-06
 Reference value :  2.76619e-06
 Reference value :  2.76641e-06
 Reference value :  2.76662e-06
 Reference value :  2.76684e-06
 Reference value :  2.76704e-06
 Reference value :  2.76725e-06
 Reference value :  2.76747e-06
 Reference value :  2.76769e-06
 Reference value :  2.76789e-06
 Reference value :  2.76811e-06
 Reference value :  2.76832e-06
 Reference value :  2.76854e-06
 Reference value :  2.76875e-06
 Reference value :  2.76896e-06
 Reference value :  2.76917e-06
 Reference value :  2.76938e-06
 Reference value :  2.76959e-06
 Reference value :  2.76980e-06
 Reference value :  2.77002e-06
 Reference value :  2.77023e-06
 Reference value :  2.77045e-06
 Reference value :  2.77066e-06
 Reference value :  2.77088e-06
 Reference value :  2.77110e-06
 Reference value :  2.77131e-06
 Reference value :  2.77153e-06
 Reference value :  2.77174e-06
 Reference value :  2.77195e-06
 Reference value :  2.77215e-06
 Reference value :  2.77236e-06
 Reference value :  2.77258e-06
 Reference value :  2.77279e-06
 Reference value :  2.77299e-06
 Reference value :  2.77321e-06
 Reference value :  2.77343e-06
 Reference value :  2.77364e-06
 Reference value :  2.77386e-06
 Reference value :  2.77408e-06
 Reference value :  2.77430e-06
 Reference value :  2.77451e-06
 Reference value :  2.77472e-06
 Reference value :  2.77494e-06
 Reference value :  2.77516e-06
 Reference value :  2.77537e-06
 Reference value :  2.77559e-06
 Reference value :  2.77580e-06
 Reference value :  2.77602e-06
 Reference value :  2.77624e-06
 Reference value :  2.77645e-06
 Reference value :  2.77667e-06
 Reference value :  2.77688e-06
 Reference value :  2.77708e-06
 Reference value :  2.77729e-06
 Reference value :  2.77750e-06
 Reference value :  2.77772e-06
 Reference value :  2.77793e-06
 Reference value :  2.77815e-06
 Reference value :  2.77836e-06
 Reference value :  2.77857e-06
 Reference value :  2.77878e-06
 Reference value :  2.77899e-06
 Reference value :  2.77921e-06
 Reference value :  2.77941e-06
 Reference value :  2.77963e-06
 Reference value :  2.77985e-06
 Reference value :  2.78006e-06
 Reference value :  2.78028e-06
 Reference value :  2.78049e-06
 Reference value :  2.78071e-06
 Reference value :  2.78093e-06
 Reference value :  2.78114e-06
 Reference value :  2.78135e-06
 Reference value :  2.78156e-06
 Reference value :  2.78178e-06
 Reference value :  2.78198e-06
 Reference value :  2.78220e-06
 Reference value :  2.78242e-06
 Reference value :  2.78264e-06
 Reference value :  2.78286e-06
 Reference value :  2.78306e-06
 Reference value :  2.78328e-06
 Reference value :  2.78350e-06
 Reference value :  2.78371e-06
 Reference value :  2.78392e-06
 Reference value :  2.78414e-06
 Reference value :  2.78435e-06
 Reference value :  2.78457e-06
 Reference value :  2.78478e-06
 Reference value :  2.78500e-06
 Reference value :  2.78521e-06
 Reference value :  2.78543e-06
 Reference value :  2.78563e-06
 Reference value :  2.78585e-06
 Reference value :  2.78607e-06
 Reference value :  2.78628e-06
 Reference value :  2.78649e-06
 Reference value :  2.78671e-06
 Reference value :  2.78691e-06
 Reference value :  2.78713e-06
 Reference value :  2.78734e-06
 Reference value :  2.78755e-06
 Reference value :  2.78776e-06
 Reference value :  2.78798e-06
 Reference value :  2.78820e-06
 Reference value :  2.78841e-06
 Reference value :  2.78863e-06
 Reference value :  2.78884e-06
 Reference value :  2.78904e-06
 Reference value :  2.78926e-06
 Reference value :  2.78948e-06
 Reference value :  2.78969e-06
 Reference value :  2.78990e-06
 Reference value :  2.79012e-06
 Reference value :  2.79033e-06
 Reference value :  2.79055e-06
 Reference value :  2.79076e-06
 Reference value :  2.79098e-06
 Reference value :  2.79120e-06
 Reference value :  2.79141e-06
 Reference value :  2.79163e-06
 Reference value :  2.79185e-06
 Reference value :  2.79205e-06
 Reference value :  2.79226e-06
 Reference value :  2.79247e-06
 Reference value :  2.79269e-06
 Reference value :  2.79289e-06
 Reference value :  2.79310e-06
 Reference value :  2.79331e-06
 Reference value :  2.79353e-06
 Reference value :  2.79374e-06
 Reference value :  2.79396e-06
 Reference value :  2.79417e-06
 Reference value :  2.79438e-06
 Reference value :  2.79460e-06
 Reference value :  2.79482e-06
 Reference value :  2.79503e-06
 Reference value :  2.79525e-06
 Reference value :  2.79546e-06
 Reference value :  2.79567e-06
 Reference value :  2.79588e-06
 Reference value :  2.79610e-06
 Reference value :  2.79631e-06
 Reference value :  2.79653e-06
 Reference value :  2.79674e-06
 Reference value :  2.79695e-06
 Reference value :  2.79718e-06
 Reference value :  2.79739e-06
 Reference value :  2.79761e-06
 Reference value :  2.79782e-06
 Reference value :  2.79803e-06
 Reference value :  2.79826e-06
 Reference value :  2.79847e-06
 Reference value :  2.79869e-06
 Reference value :  2.79891e-06
 Reference value :  2.79912e-06
 Reference value :  2.79934e-06
 Reference value :  2.79955e-06
 Reference value :  2.79977e-06
 Reference value :  2.79999e-06
 Reference value :  2.80020e-06
 Reference value :  2.80041e-06
 Reference value :  2.80063e-06
 Reference value :  2.80083e-06
 Reference value :  2.80105e-06
 Reference value :  2.80127e-06
 Reference value :  2.80148e-06
 Reference value :  2.80170e-06
 Reference value :  2.80191e-06
 Reference value :  2.80212e-06
 Reference value :  2.80234e-06
 Reference value :  2.80255e-06
 Reference value :  2.80276e-06
 Reference value :  2.80298e-06
 Reference value :  2.80320e-06
 Reference value :  2.80341e-06
 Reference value :  2.80362e-06
 Reference value :  2.80384e-06
 Reference value :  2.80405e-06
 Reference value :  2.80427e-06
 Reference value :  2.80448e-06
 Reference value :  2.80469e-06
 Reference value :  2.80491e-06
 Reference value :  2.80512e-06
 Reference value :  2.80535e-06
 Reference value :  2.80556e-06
 Reference value :  2.80578e-06
 Reference value :  2.80599e-06
 Reference value :  2.80620e-06
 Reference value :  2.80642e-06
 Reference value :  2.80664e-06
 Reference value :  2.80685e-06
 Reference value :  2.80706e-06
 Reference value :  2.80728e-06
 Reference value :  2.80749e-06
 Reference value :  2.80770e-06
 Reference value :  2.80792e-06
 Reference value :  2.80813e-06
 Reference value :  2.80834e-06
 Reference value :  2.80856e-06
 Reference value :  2.80877e-06
 Reference value :  2.80899e-06
 Reference value :  2.80921e-06
 Reference value :  2.80941e-06
 Reference value :  2.80963e-06
 Reference value :  2.80985e-06
 Reference value :  2.81006e-06
 Reference value :  2.81029e-06
 Reference value :  2.81050e-06
 Reference value :  2.81072e-06
 Reference value :  2.81093e-06
 Reference value :  2.81115e-06
 Reference value :  2.81137e-06
 Reference value :  2.81157e-06
 Reference value :  2.81179e-06
 Reference value :  2.81201e-06
 Reference value :  2.81223e-06
 Reference value :  2.81245e-06
 Reference value :  2.81266e-06
 Reference value :  2.81287e-06
 Reference value :  2.81309e-06
 Reference value :  2.81330e-06
 Reference value :  2.81352e-06
 Reference value :  2.81374e-06
 Reference value :  2.81395e-06
 Reference value :  2.81418e-06
 Reference value :  2.81438e-06
 Reference value :  2.81460e-06
 Reference value :  2.81482e-06
 Reference value :  2.81503e-06
 Reference value :  2.81525e-06
 Reference value :  2.81546e-06
 Reference value :  2.81567e-06
 Reference value :  2.81588e-06
 Reference value :  2.81609e-06
 Reference value :  2.81630e-06
 Reference value :  2.81652e-06
 Reference value :  2.81673e-06
 Reference value :  2.81695e-06
 Reference value :  2.81716e-06
 Reference value :  2.81738e-06
 Reference value :  2.81759e-06
 Reference value :  2.81780e-06
 Reference value :  2.81802e-06
 Reference value :  2.81823e-06
 Reference value :  2.81845e-06
 Reference value :  2.81866e-06
 Reference value :  2.81887e-06
 Reference value :  2.81908e-06
 Reference value :  2.81930e-06
 Reference value :  2.81951e-06
 Reference value :  2.81973e-06
 Reference value :  2.81994e-06
 Reference value :  2.82016e-06
 Reference value :  2.82036e-06
 Reference value :  2.82058e-06
 Reference value :  2.82080e-06
 Reference value :  2.82100e-06
 Reference value :  2.82122e-06
 Reference value :  2.82144e-06
 Reference value :  2.82165e-06
 Reference value :  2.82187e-06
 Reference value :  2.82208e-06
 Reference value :  2.82230e-06
 Reference value :  2.82251e-06
 Reference value :  2.82272e-06
 Reference value :  2.82293e-06
 Reference value :  2.82314e-06
 Reference value :  2.82336e-06
 Reference value :  2.82357e-06
 Reference value :  2.82378e-06
 Reference value :  2.82399e-06
 Reference value :  2.82421e-06
 Reference value :  2.82442e-06
 Reference value :  2.82464e-06
 Reference value :  2.82485e-06
 Reference value :  2.82508e-06
 Reference value :  2.82529e-06
 Reference value :  2.82552e-06
 Reference value :  2.82573e-06
 Reference value :  2.82595e-06
 Reference value :  2.82616e-06
 Reference value :  2.82637e-06
 Reference value :  2.82658e-06
 Reference value :  2.82680e-06
 Reference value :  2.82701e-06
 Reference value :  2.82723e-06
 Reference value :  2.82744e-06
 Reference value :  2.82766e-06
 Reference value :  2.82786e-06
 Reference value :  2.82809e-06
 Reference value :  2.82830e-06
 Reference value :  2.82851e-06
 Reference value :  2.82873e-06
 Reference value :  2.82894e-06
 Reference value :  2.82916e-06
 Reference value :  2.82938e-06
 Reference value :  2.82959e-06
 Reference value :  2.82982e-06
 Reference value :  2.83002e-06
 Reference value :  2.83024e-06
 Reference value :  2.83046e-06
 Reference value :  2.83067e-06
 Reference value :  2.83088e-06
 Reference value :  2.83110e-06
 Reference value :  2.83131e-06
 Reference value :  2.83153e-06
 Reference value :  2.83174e-06
 Reference value :  2.83196e-06
 Reference value :  2.83217e-06
 Reference value :  2.83238e-06
 Reference value :  2.83259e-06
 Reference value :  2.83281e-06
 Reference value :  2.83303e-06
 Reference value :  2.83324e-06
 Reference value :  2.83346e-06
 Reference value :  2.83367e-06
 Reference value :  2.83390e-06
 Reference value :  2.83411e-06
 Reference value :  2.83432e-06
 Reference value :  2.83454e-06
 Reference value :  2.83475e-06
 Reference value :  2.83497e-06
 Reference value :  2.83519e-06
 Reference value :  2.83539e-06
 Reference value :  2.83561e-06
 Reference value :  2.83583e-06
 Reference value :  2.83604e-06
 Reference value :  2.83626e-06
 Reference value :  2.83647e-06
 Reference value :  2.83668e-06
 Reference value :  2.83690e-06
 Reference value :  2.83712e-06
 Reference value :  2.83734e-06
 Reference value :  2.83755e-06
 Reference value :  2.83776e-06
 Reference value :  2.83798e-06
 Reference value :  2.83820e-06
 Reference value :  2.83841e-06
 Reference value :  2.83863e-06
 Reference value :  2.83884e-06
 Reference value :  2.83905e-06
 Reference value :  2.83926e-06
 Reference value :  2.83947e-06
 Reference value :  2.83968e-06
 Reference value :  2.83989e-06
 Reference value :  2.84011e-06
 Reference value :  2.84032e-06
 Reference value :  2.84054e-06
 Reference value :  2.84076e-06
 Reference value :  2.84097e-06
 Reference value :  2.84119e-06
 Reference value :  2.84140e-06
 Reference value :  2.84162e-06
 Reference value :  2.84184e-06
 Reference value :  2.84205e-06
 Reference value :  2.84227e-06
 Reference value :  2.84248e-06
 Reference value :  2.84269e-06
 Reference value :  2.84290e-06
 Reference value :  2.84312e-06
 Reference value :  2.84333e-06
 Reference value :  2.84354e-06
 Reference value :  2.84376e-06
 Reference value :  2.84397e-06
 Reference value :  2.84418e-06
 Reference value :  2.84440e-06
 Reference value :  2.84461e-06
 Reference value :  2.84482e-06
 Reference value :  2.84504e-06
 Reference value :  2.84526e-06
 Reference value :  2.84547e-06
 Reference value :  2.84569e-06
 Reference value :  2.84590e-06
 Reference value :  2.84612e-06
 Reference value :  2.84634e-06
 Reference value :  2.84655e-06
 Reference value :  2.84677e-06
 Reference value :  2.84698e-06
 Reference value :  2.84719e-06
 Reference value :  2.84741e-06
 Reference value :  2.84762e-06
 Reference value :  2.84784e-06
 Reference value :  2.84806e-06
 Reference value :  2.84827e-06
 Reference value :  2.84848e-06
 Reference value :  2.84870e-06
 Reference value :  2.84891e-06
 Reference value :  2.84913e-06
 Reference value :  2.84934e-06
 Reference value :  2.84956e-06
 Reference value :  2.84977e-06
 Reference value :  2.84999e-06
 Reference value :  2.85020e-06
 Reference value :  2.85042e-06
 Reference value :  2.85063e-06
 Reference value :  2.85084e-06
 Reference value :  2.85106e-06
 Reference value :  2.85127e-06
 Reference value :  2.85149e-06
 Reference value :  2.85170e-06
 Reference value :  2.85191e-06
 Reference value :  2.85213e-06
 Reference value :  2.85235e-06
 Reference value :  2.85255e-06
 Reference value :  2.85277e-06
 Reference value :  2.85299e-06
 Reference value :  2.85319e-06
 Reference value :  2.85341e-06
 Reference value :  2.85362e-06
 Reference value :  2.85383e-06
 Reference value :  2.85404e-06
 Reference value :  2.85427e-06
 Reference value :  2.85448e-06
 Reference value :  2.85470e-06
 Reference value :  2.85492e-06
 Reference value :  2.85513e-06
 Reference value :  2.85535e-06
 Reference value :  2.85556e-06
 Reference value :  2.85577e-06
 Reference value :  2.85599e-06
 Reference value :  2.85620e-06
 Reference value :  2.85640e-06
 Reference value :  2.85662e-06
 Reference value :  2.85684e-06
 Reference value :  2.85706e-06
 Reference value :  2.85728e-06
 Reference value :  2.85749e-06
 Reference value :  2.85771e-06
 Reference value :  2.85792e-06
 Reference value :  2.85814e-06
 Reference value :  2.85836e-06
 Reference value :  2.85858e-06
 Reference value :  2.85879e-06
 Reference value :  2.85901e-06
 Reference value :  2.85922e-06
 Reference value :  2.85944e-06
 Reference value :  2.85965e-06
 Reference value :  2.85986e-06
 Reference value :  2.86008e-06
 Reference value :  2.86029e-06
 Reference value :  2.86049e-06
 Reference value :  2.86071e-06
 Reference value :  2.86092e-06
 Reference value :  2.86113e-06
 Reference value :  2.86134e-06
 Reference value :  2.86155e-06
 Reference value :  2.86177e-06
 Reference value :  2.86198e-06
 Reference value :  2.86219e-06
 Reference value :  2.86240e-06
 Reference value :  2.86262e-06
 Reference value :  2.86282e-06
 Reference value :  2.86304e-06
 Reference value :  2.86326e-06
 Reference value :  2.86347e-06
 Reference value :  2.86369e-06
 Reference value :  2.86390e-06
 Reference value :  2.86412e-06
 Reference value :  2.86434e-06
 Reference value :  2.86455e-06
 Reference value :  2.86476e-06
 Reference value :  2.86498e-06
 Reference value :  2.86519e-06
 Reference value :  2.86541e-06
 Reference value :  2.86562e-06
 Reference value :  2.86583e-06
 Reference value :  2.86605e-06
 Reference value :  2.86626e-06
 Reference value :  2.86647e-06
 Reference value :  2.86667e-06
 Reference value :  2.86689e-06
 Reference value :  2.86710e-06
 Reference value :  2.86732e-06
 Reference value :  2.86753e-06
 Reference value :  2.86774e-06
 Reference value :  2.86795e-06
 Reference value :  2.86816e-06
 Reference value :  2.86838e-06
 Reference value :  2.86860e-06
 Reference value :  2.86881e-06
 Reference value :  2.86903e-06
 Reference value :  2.86924e-06
 Reference value :  2.86946e-06
 Reference value :  2.86968e-06
 Reference value :  2.86988e-06
 Reference value :  2.87010e-06
 Reference value :  2.87032e-06
 Reference value :  2.87053e-06
 Reference value :  2.87074e-06
 Reference value :  2.87095e-06
 Reference value :  2.87117e-06
 Reference value :  2.87139e-06
 Reference value :  2.87161e-06
 Reference value :  2.87181e-06
 Reference value :  2.87202e-06
 Reference value :  2.87224e-06
 Reference value :  2.87245e-06
 Reference value :  2.87266e-06
 Reference value :  2.87288e-06
 Reference value :  2.87309e-06
 Reference value :  2.87330e-06
 Reference value :  2.87351e-06
 Reference value :  2.87372e-06
 Reference value :  2.87393e-06
 Reference value :  2.87414e-06
 Reference value :  2.87435e-06
 Reference value :  2.87456e-06
 Reference value :  2.87478e-06
 Reference value :  2.87498e-06
 Reference value :  2.87519e-06
 Reference value :  2.87541e-06
 Reference value :  2.87563e-06
 Reference value :  2.87585e-06
 Reference value :  2.87607e-06
 Reference value :  2.87627e-06
 Reference value :  2.87649e-06
 Reference value :  2.87671e-06
 Reference value :  2.87691e-06
 Reference value :  2.87713e-06
 Reference value :  2.87735e-06
 Reference value :  2.87756e-06
 Reference value :  2.87778e-06
 Reference value :  2.87799e-06
 Reference value :  2.87821e-06
 Reference value :  2.87842e-06
 Reference value :  2.87863e-06
 Reference value :  2.87885e-06
 Reference value :  2.87906e-06
 Reference value :  2.87927e-06
 Reference value :  2.87948e-06
 Reference value :  2.87970e-06
 Reference value :  2.87992e-06
 Reference value :  2.88013e-06
 Reference value :  2.88035e-06
 Reference value :  2.88056e-06
 Reference value :  2.88079e-06
 Reference value :  2.88100e-06
 Reference value :  2.88120e-06
 Reference value :  2.88142e-06
 Reference value :  2.88164e-06
 Reference value :  2.88184e-06
 Reference value :  2.88206e-06
 Reference value :  2.88228e-06
 Reference value :  2.88249e-06
 Reference value :  2.88270e-06
 Reference value :  2.88291e-06
 Reference value :  2.88313e-06
 Reference value :  2.88333e-06
 Reference value :  2.88355e-06
 Reference value :  2.88377e-06
 Reference value :  2.88397e-06
 Reference value :  2.88418e-06
 Reference value :  2.88439e-06
 Reference value :  2.88461e-06
 Reference value :  2.88482e-06
 Reference value :  2.88503e-06
 Reference value :  2.88525e-06
 Reference value :  2.88546e-06
 Reference value :  2.88567e-06
 Reference value :  2.88589e-06
 Reference value :  2.88610e-06
 Reference value :  2.88630e-06
 Reference value :  2.88652e-06
 Reference value :  2.88673e-06
 Reference value :  2.88694e-06
 Reference value :  2.88716e-06
 Reference value :  2.88738e-06
 Reference value :  2.88759e-06
 Reference value :  2.88781e-06
 Reference value :  2.88802e-06
 Reference value :  2.88823e-06
 Reference value :  2.88845e-06
 Reference value :  2.88867e-06
 Reference value :  2.88889e-06
 Reference value :  2.88911e-06
 Reference value :  2.88932e-06
 Reference value :  2.88953e-06
 Reference value :  2.88975e-06
 Reference value :  2.88996e-06
 Reference value :  2.89018e-06
 Reference value :  2.89039e-06
 Reference value :  2.89059e-06
 Reference value :  2.89080e-06
 Reference value :  2.89102e-06
 Reference value :  2.89123e-06
 Reference value :  2.89144e-06
 Reference value :  2.89166e-06
 Reference value :  2.89187e-06
 Reference value :  2.89209e-06
 Reference value :  2.89231e-06
 Reference value :  2.89252e-06
 Reference value :  2.89272e-06
 Reference value :  2.89293e-06
 Reference value :  2.89314e-06
 Reference value :  2.89335e-06
 Reference value :  2.89357e-06
 Reference value :  2.89379e-06
 Reference value :  2.89400e-06
 Reference value :  2.89422e-06
 Reference value :  2.89444e-06
 Reference value :  2.89465e-06
 Reference value :  2.89487e-06
 Reference value :  2.89509e-06
 Reference value :  2.89530e-06
 Reference value :  2.89551e-06
 Reference value :  2.89572e-06
 Reference value :  2.89593e-06
 Reference value :  2.89615e-06
 Reference value :  2.89637e-06
 Reference value :  2.89657e-06
 Reference value :  2.89678e-06
 Reference value :  2.89700e-06
 Reference value :  2.89721e-06
 Reference value :  2.89743e-06
 Reference value :  2.89765e-06
 Reference value :  2.89786e-06
 Reference value :  2.89808e-06
 Reference value :  2.89829e-06
 Reference value :  2.89851e-06
 Reference value :  2.89872e-06
 Reference value :  2.89894e-06
 Reference value :  2.89915e-06
 Reference value :  2.89937e-06
 Reference value :  2.89958e-06
 Reference value :  2.89980e-06
 Reference value :  2.90002e-06
 Reference value :  2.90023e-06
 Reference value :  2.90046e-06
 Reference value :  2.90067e-06
 Reference value :  2.90089e-06
 Reference value :  2.90110e-06
 Reference value :  2.90132e-06
 Reference value :  2.90154e-06
 Reference value :  2.90175e-06
 Reference value :  2.90197e-06
 Reference value :  2.90218e-06
 Reference value :  2.90239e-06
 Reference value :  2.90261e-06
 Reference value :  2.90282e-06
 Reference value :  2.90304e-06
 Reference value :  2.90326e-06
 Reference value :  2.90346e-06
 Reference value :  2.90367e-06
 Reference value :  2.90389e-06
 Reference value :  2.90410e-06
 Reference value :  2.90431e-06
 Reference value :  2.90453e-06
 Reference value :  2.90474e-06
 Reference value :  2.90495e-06
 Reference value :  2.90516e-06
 Reference value :  2.90538e-06
 Reference value :  2.90559e-06
 Reference value :  2.90581e-06
 Reference value :  2.90603e-06
 Reference value :  2.90624e-06
 Reference value :  2.90645e-06
 Reference value :  2.90667e-06
 Reference value :  2.90688e-06
 Reference value :  2.90710e-06
 Reference value :  2.90731e-06
 Reference value :  2.90752e-06
 Reference value :  2.90773e-06
 Reference value :  2.90795e-06
 Reference value :  2.90816e-06
 Reference value :  2.90837e-06
 Reference value :  2.90858e-06
 Reference value :  2.90879e-06
 Reference value :  2.90900e-06
 Reference value :  2.90922e-06
 Reference value :  2.90944e-06
 Reference value :  2.90965e-06
 Reference value :  2.90987e-06
 Reference value :  2.91008e-06
 Reference value :  2.91029e-06
 Reference value :  2.91051e-06
 Reference value :  2.91072e-06
 Reference value :  2.91093e-06
 Reference value :  2.91115e-06
 Reference value :  2.91136e-06
 Reference value :  2.91157e-06
 Reference value :  2.91179e-06
 Reference value :  2.91200e-06
 Reference value :  2.91221e-06
 Reference value :  2.91243e-06
 Reference value :  2.91265e-06
 Reference value :  2.91286e-06
 Reference value :  2.91308e-06
 Reference value :  2.91329e-06
 Reference value :  2.91350e-06
 Reference value :  2.91372e-06
 Reference value :  2.91394e-06
 Reference value :  2.91414e-06
 Reference value :  2.91437e-06
 Reference value :  2.91458e-06
 Reference value :  2.91478e-06
 Reference value :  2.91499e-06
 Reference value :  2.91521e-06
 Reference value :  2.91542e-06
 Reference value :  2.91563e-06
 Reference value :  2.91585e-06
 Reference value :  2.91606e-06
 Reference value :  2.91627e-06
 Reference value :  2.91649e-06
 Reference value :  2.91671e-06
 Reference value :  2.91692e-06
 Reference value :  2.91714e-06
 Reference value :  2.91735e-06
 Reference value :  2.91756e-06
 Reference value :  2.91778e-06
 Reference value :  2.91799e-06
 Reference value :  2.91820e-06
 Reference value :  2.91841e-06
 Reference value :  2.91863e-06
 Reference value :  2.91884e-06
 Reference value :  2.91906e-06
 Reference value :  2.91927e-06
 Reference value :  2.91948e-06
 Reference value :  2.91970e-06
 Reference value :  2.91992e-06
 Reference value :  2.92013e-06
 Reference value :  2.92034e-06
 Reference value :  2.92056e-06
 Reference value :  2.92077e-06
 Reference value :  2.92099e-06
 Reference value :  2.92120e-06
 Reference value :  2.92141e-06
 Reference value :  2.92163e-06
 Reference value :  2.92184e-06
 Reference value :  2.92206e-06
 Reference value :  2.92228e-06
 Reference value :  2.92248e-06
 Reference value :  2.92269e-06
 Reference value :  2.92291e-06
 Reference value :  2.92313e-06
 Reference value :  2.92334e-06
 Reference value :  2.92355e-06
 Reference value :  2.92377e-06
 Reference value :  2.92397e-06
 Reference value :  2.92418e-06
 Reference value :  2.92440e-06
 Reference value :  2.92461e-06
 Reference value :  2.92482e-06
 Reference value :  2.92504e-06
 Reference value :  2.92525e-06
 Reference value :  2.92547e-06
 Reference value :  2.92568e-06
 Reference value :  2.92590e-06
 Reference value :  2.92611e-06
 Reference value :  2.92633e-06
 Reference value :  2.92654e-06
 Reference value :  2.92675e-06
 Reference value :  2.92697e-06
 Reference value :  2.92718e-06
 Reference value :  2.92739e-06
 Reference value :  2.92760e-06
 Reference value :  2.92781e-06
 Reference value :  2.92802e-06
 Reference value :  2.92823e-06
 Reference value :  2.92845e-06
 Reference value :  2.92866e-06
 Reference value :  2.92887e-06
 Reference value :  2.92909e-06
 Reference value :  2.92930e-06
 Reference value :  2.92951e-06
 Reference value :  2.92972e-06
 Reference value :  2.92994e-06
 Reference value :  2.93015e-06
 Reference value :  2.93035e-06
 Reference value :  2.93057e-06
 Reference value :  2.93079e-06
 Reference value :  2.93101e-06
 Reference value :  2.93123e-06
 Reference value :  2.93144e-06
 Reference value :  2.93165e-06
 Reference value :  2.93186e-06
 Reference value :  2.93208e-06
 Reference value :  2.93229e-06
 Reference value :  2.93251e-06
 Reference value :  2.93272e-06
 Reference value :  2.93294e-06
 Reference value :  2.93316e-06
 Reference value :  2.93337e-06
 Reference value :  2.93360e-06
 Reference value :  2.93381e-06
 Reference value :  2.93403e-06
 Reference value :  2.93424e-06
 Reference value :  2.93445e-06
 Reference value :  2.93466e-06
 Reference value :  2.93488e-06
 Reference value :  2.93508e-06
 Reference value :  2.93530e-06
 Reference value :  2.93552e-06
 Reference value :  2.93573e-06
 Reference value :  2.93594e-06
 Reference value :  2.93616e-06
 Reference value :  2.93637e-06
 Reference value :  2.93658e-06
 Reference value :  2.93680e-06
 Reference value :  2.93701e-06
 Reference value :  2.93723e-06
 Reference value :  2.93745e-06
 Reference value :  2.93766e-06
 Reference value :  2.93787e-06
 Reference value :  2.93808e-06
 Reference value :  2.93829e-06
 Reference value :  2.93850e-06
 Reference value :  2.93871e-06
 Reference value :  2.93892e-06
 Reference value :  2.93914e-06
 Reference value :  2.93934e-06
 Reference value :  2.93956e-06
 Reference value :  2.93977e-06
 Reference value :  2.93998e-06
 Reference value :  2.94020e-06
 Reference value :  2.94042e-06
 Reference value :  2.94063e-06
 Reference value :  2.94085e-06
 Reference value :  2.94106e-06
 Reference value :  2.94127e-06
 Reference value :  2.94148e-06
 Reference value :  2.94170e-06
 Reference value :  2.94191e-06
 Reference value :  2.94213e-06
 Reference value :  2.94235e-06
 Reference value :  2.94256e-06
 Reference value :  2.94277e-06
 Reference value :  2.94299e-06
 Reference value :  2.94319e-06
 Reference value :  2.94341e-06
 Reference value :  2.94362e-06
 Reference value :  2.94383e-06
 Reference value :  2.94404e-06
 Reference value :  2.94426e-06
 Reference value :  2.94448e-06
 Reference value :  2.94469e-06
 Reference value :  2.94490e-06
 Reference value :  2.94512e-06
 Reference value :  2.94532e-06
 Reference value :  2.94554e-06
 Reference value :  2.94575e-06
 Reference value :  2.94596e-06
 Reference value :  2.94617e-06
 Reference value :  2.94638e-06
 Reference value :  2.94660e-06
 Reference value :  2.94682e-06
 Reference value :  2.94704e-06
 Reference value :  2.94725e-06
 Reference value :  2.94746e-06
 Reference value :  2.94768e-06
 Reference value :  2.94789e-06
 Reference value :  2.94811e-06
 Reference value :  2.94833e-06
 Reference value :  2.94853e-06
 Reference value :  2.94874e-06
 Reference value :  2.94895e-06
 Reference value :  2.94916e-06
 Reference value :  2.94937e-06
 Reference value :  2.94959e-06
 Reference value :  2.94981e-06
 Reference value :  2.95002e-06
 Reference value :  2.95022e-06
 Reference value :  2.95044e-06
 Reference value :  2.95065e-06
 Reference value :  2.95086e-06
 Reference value :  2.95106e-06
 Reference value :  2.95128e-06
 Reference value :  2.95150e-06
 Reference value :  2.95171e-06
 Reference value :  2.95192e-06
 Reference value :  2.95214e-06
 Reference value :  2.95235e-06
 Reference value :  2.95256e-06
 Reference value :  2.95278e-06
 Reference value :  2.95299e-06
 Reference value :  2.95320e-06
 Reference value :  2.95342e-06
 Reference value :  2.95363e-06
 Reference value :  2.95385e-06
 Reference value :  2.95407e-06
 Reference value :  2.95428e-06
 Reference value :  2.95449e-06
 Reference value :  2.95471e-06
 Reference value :  2.95491e-06
 Reference value :  2.95513e-06
 Reference value :  2.95534e-06
 Reference value :  2.95556e-06
 Reference value :  2.95577e-06
 Reference value :  2.95599e-06
 Reference value :  2.95620e-06
 Reference value :  2.95642e-06
 Reference value :  2.95664e-06
 Reference value :  2.95685e-06
 Reference value :  2.95707e-06
 Reference value :  2.95728e-06
 Reference value :  2.95748e-06
 Reference value :  2.95769e-06
 Reference value :  2.95790e-06
 Reference value :  2.95812e-06
 Reference value :  2.95833e-06
 Reference value :  2.95854e-06
 Reference value :  2.95875e-06
 Reference value :  2.95897e-06
 Reference value :  2.95917e-06
 Reference value :  2.95939e-06
 Reference value :  2.95960e-06
 Reference value :  2.95981e-06
 Reference value :  2.96002e-06
 Reference value :  2.96023e-06
 Reference value :  2.96045e-06
 Reference value :  2.96066e-06
 Reference value :  2.96087e-06
 Reference value :  2.96109e-06
 Reference value :  2.96130e-06
 Reference value :  2.96152e-06
 Reference value :  2.96173e-06
 Reference value :  2.96194e-06
 Reference value :  2.96214e-06
 Reference value :  2.96235e-06
 Reference value :  2.96257e-06
 Reference value :  2.96278e-06
 Reference value :  2.96299e-06
No. of Data Rows : 384021
vhold_min           =  1.20000e+00 at=  1.41048e-10
tfirst              =  1.20298e-08
t1                  =  1.85638e-07
t2                  =  1.90267e-07
t3                  =  1.94897e-07
t4                  =  1.99526e-07
t5                  =  2.04156e-07
t6                  =  2.08785e-07
t7                  =  2.13414e-07
t8                  =  2.18044e-07
t9                  =  2.22673e-07
t10                 =  2.27303e-07
t11                 =  2.31932e-07
t12                 =  2.36561e-07
idd_run             =  -3.44849e-04 from=  1.85200e-07 to=  2.96300e-06
vmax                =  1.21208e+00 at=  1.87289e-06
vmin                =  -7.96266e-03 at=  1.76410e-06
Note: Simulation executed from .control section 
Note: Starting dynamic gmin stepping
Note: Dynamic gmin stepping completed
Error: &v(xdut.vbp): no such variable.
Error: &v(xdut.vbn): no such variable.
Note: Starting dynamic gmin stepping
Note: Dynamic gmin stepping completed
