
Note: Compatibility modes selected: hs a


Circuit: * tt_analog_ring, code 16

Doing analysis at TEMP = 27.000000 and TNOM = 27.000000

Using SPARSE 1.3 as Direct Linear Solver
 Reference value :  0.00000e+00
No. of Data Rows : 1
idd_dis=5.10561E-05 vbp= vbn= clk_dis=1.2
Doing analysis at TEMP = 27.000000 and TNOM = 27.000000

Using SPARSE 1.3 as Direct Linear Solver

Initial Transient Solution
--------------------------

Node                                   Voltage
----                                   -------
vpwr                                       1.2
code[0]                                      0
code[1]                                      0
code[2]                                      0
code[3]                                      0
code[4]                                    1.2
code[5]                                      0
code[6]                                      0
code[7]                                      0
enable                                       0
vbp                                   0.745783
clk_out                                    1.2
xdut.b1                            1.55519e-07
xdut.s3                            2.16912e-06
xdut.s2                                    1.2
xdut.n_126                                 1.2
xdut.s1                            2.16914e-06
xdut.n_125                                 1.2
xdut.s10                                   1.2
xdut.s6                                    1.2
xdut.s5                            2.16912e-06
xdut.n_128                                 1.2
xdut.s9                            2.16912e-06
xdut.n_133                                 1.2
xdut.s4                                    1.2
xdut.n_129                                 1.2
xdut.s8                                    1.2
xdut.n_132                                 1.2
xdut.s7                            2.16912e-06
xdut.n_130                                 1.2
xdut.n_127                                 1.2
xdut.n_131                                 1.2
xdut.s0                                    1.2
xdut.n_124                                 1.2
xdut.n_71                          2.07874e-06
xdut.n_72                          2.07872e-06
xdut.n_70                           2.8408e-07
xdut.n_77                          2.07872e-06
xdut.n_75                           2.8408e-07
xdut.n_73                           2.8408e-07
xdut.n_67                           2.8408e-07
xdut.n_76                           2.8408e-07
xdut.n_69                          2.07872e-06
xdut.n_74                          2.07872e-06
xdut.n_122                                 1.2
xdut.n_i1005                            1.0259
xdut.n_68                          6.13059e-07
vbn                                   0.351597
ven#branch                         7.40121e-12
vc7#branch                         4.04228e-12
vc6#branch                         2.02114e-12
vc5#branch                         1.01057e-12
vc4#branch                        -6.77552e-09
vc3#branch                         2.52643e-13
vc2#branch                         1.26321e-13
vc1#branch                         6.31607e-14
vc0#branch                         3.15803e-14
vdd#branch                        -5.10561e-05

 Reference value :  0.00000e+00
 Reference value :  3.27717e-09
 Reference value :  7.25169e-09
 Reference value :  1.12262e-08
 Reference value :  1.52007e-08
 Reference value :  1.91753e-08
 Reference value :  2.31498e-08
 Reference value :  2.71243e-08
 Reference value :  3.10988e-08
 Reference value :  3.50733e-08
 Reference value :  3.90479e-08
 Reference value :  4.29320e-08
 Reference value :  4.68162e-08
 Reference value :  5.07908e-08
 Reference value :  5.47653e-08
 Reference value :  5.87398e-08
 Reference value :  6.26240e-08
 Reference value :  6.65082e-08
 Reference value :  7.04827e-08
 Reference value :  7.44572e-08
 Reference value :  7.83414e-08
 Reference value :  8.23159e-08
 Reference value :  8.63808e-08
 Reference value :  9.05360e-08
 Reference value :  9.63171e-08
 Reference value :  1.02008e-07
 Reference value :  1.08060e-07
 Reference value :  1.10867e-07
 Reference value :  1.13577e-07
 Reference value :  1.16286e-07
 Reference value :  1.18996e-07
 Reference value :  1.21616e-07
 Reference value :  1.24326e-07
 Reference value :  1.27036e-07
 Reference value :  1.29746e-07
 Reference value :  1.32456e-07
 Reference value :  1.35165e-07
 Reference value :  1.37695e-07
 Reference value :  1.40405e-07
 Reference value :  1.43114e-07
 Reference value :  1.45824e-07
 Reference value :  1.48534e-07
 Reference value :  1.51154e-07
 Reference value :  1.53864e-07
 Reference value :  1.56483e-07
 Reference value :  1.59103e-07
 Reference value :  1.61813e-07
 Reference value :  1.64432e-07
 Reference value :  1.67052e-07
 Reference value :  1.69762e-07
 Reference value :  1.72472e-07
 Reference value :  1.75182e-07
 Reference value :  1.77892e-07
 Reference value :  1.80601e-07
 Reference value :  1.83311e-07
 Reference value :  1.86021e-07
 Reference value :  1.88731e-07
 Reference value :  1.91441e-07
 Reference value :  1.94061e-07
 Reference value :  1.96770e-07
 Reference value :  1.99480e-07
 Reference value :  2.02190e-07
 Reference value :  2.04810e-07
 Reference value :  2.07520e-07
 Reference value :  2.10230e-07
 Reference value :  2.12849e-07
 Reference value :  2.15559e-07
 Reference value :  2.18269e-07
 Reference value :  2.20889e-07
 Reference value :  2.23598e-07
 Reference value :  2.26308e-07
 Reference value :  2.29018e-07
 Reference value :  2.31638e-07
 Reference value :  2.34348e-07
 Reference value :  2.37058e-07
 Reference value :  2.39768e-07
 Reference value :  2.42477e-07
 Reference value :  2.45187e-07
 Reference value :  2.47717e-07
 Reference value :  2.50426e-07
 Reference value :  2.53136e-07
 Reference value :  2.55756e-07
 Reference value :  2.58376e-07
 Reference value :  2.61085e-07
 Reference value :  2.63705e-07
 Reference value :  2.66415e-07
 Reference value :  2.69034e-07
 Reference value :  2.71744e-07
 Reference value :  2.74454e-07
 Reference value :  2.76893e-07
 Reference value :  2.79603e-07
 Reference value :  2.82313e-07
 Reference value :  2.84933e-07
 Reference value :  2.87642e-07
 Reference value :  2.90352e-07
 Reference value :  2.93062e-07
 Reference value :  2.95772e-07
 Reference value :  2.98482e-07
 Reference value :  3.01282e-07
 Reference value :  3.03992e-07
 Reference value :  3.06702e-07
 Reference value :  3.09412e-07
 Reference value :  3.12212e-07
 Reference value :  3.14922e-07
 Reference value :  3.17632e-07
 Reference value :  3.20342e-07
 Reference value :  3.23052e-07
 Reference value :  3.25762e-07
 Reference value :  3.28472e-07
 Reference value :  3.31091e-07
 Reference value :  3.33801e-07
 Reference value :  3.36511e-07
 Reference value :  3.39221e-07
 Reference value :  3.41931e-07
 Reference value :  3.44641e-07
 Reference value :  3.47351e-07
 Reference value :  3.50060e-07
 Reference value :  3.52861e-07
 Reference value :  3.55571e-07
 Reference value :  3.58190e-07
 Reference value :  3.60900e-07
 Reference value :  3.63520e-07
 Reference value :  3.66230e-07
 Reference value :  3.68939e-07
 Reference value :  3.71649e-07
 Reference value :  3.74359e-07
 Reference value :  3.77069e-07
 Reference value :  3.79689e-07
 Reference value :  3.82399e-07
 Reference value :  3.85109e-07
 Reference value :  3.87638e-07
 Reference value :  3.90348e-07
 Reference value :  3.93058e-07
 Reference value :  3.95767e-07
 Reference value :  3.98477e-07
 Reference value :  4.01187e-07
 Reference value :  4.03897e-07
 Reference value :  4.06607e-07
 Reference value :  4.09407e-07
 Reference value :  4.12117e-07
 Reference value :  4.14737e-07
 Reference value :  4.17356e-07
 Reference value :  4.19886e-07
 Reference value :  4.22505e-07
 Reference value :  4.25125e-07
 Reference value :  4.27835e-07
 Reference value :  4.30545e-07
 Reference value :  4.33254e-07
 Reference value :  4.35874e-07
 Reference value :  4.38584e-07
 Reference value :  4.41203e-07
 Reference value :  4.43913e-07
 Reference value :  4.46714e-07
 Reference value :  4.49423e-07
 Reference value :  4.52043e-07
 Reference value :  4.54753e-07
 Reference value :  4.57463e-07
 Reference value :  4.60082e-07
 Reference value :  4.62792e-07
 Reference value :  4.65502e-07
 Reference value :  4.68212e-07
 Reference value :  4.70832e-07
 Reference value :  4.73542e-07
 Reference value :  4.76251e-07
 Reference value :  4.78961e-07
 Reference value :  4.81671e-07
 Reference value :  4.84472e-07
 Reference value :  4.87181e-07
 Reference value :  4.89801e-07
 Reference value :  4.92511e-07
 Reference value :  4.95221e-07
 Reference value :  4.97840e-07
 Reference value :  5.00550e-07
 Reference value :  5.03260e-07
 Reference value :  5.05609e-07
 Reference value :  5.07957e-07
 Reference value :  5.10396e-07
 Reference value :  5.12745e-07
 Reference value :  5.15184e-07
 Reference value :  5.17623e-07
 Reference value :  5.20062e-07
 Reference value :  5.22500e-07
 Reference value :  5.24849e-07
 Reference value :  5.27288e-07
 Reference value :  5.29727e-07
 Reference value :  5.32166e-07
 Reference value :  5.34605e-07
 Reference value :  5.37044e-07
 Reference value :  5.39482e-07
 Reference value :  5.41921e-07
 Reference value :  5.44360e-07
 Reference value :  5.46799e-07
 Reference value :  5.49238e-07
 Reference value :  5.51677e-07
 Reference value :  5.54026e-07
 Reference value :  5.56465e-07
 Reference value :  5.58903e-07
 Reference value :  5.61252e-07
 Reference value :  5.63601e-07
 Reference value :  5.65949e-07
 Reference value :  5.68298e-07
 Reference value :  5.70646e-07
 Reference value :  5.73176e-07
 Reference value :  5.75614e-07
 Reference value :  5.78053e-07
 Reference value :  5.80402e-07
 Reference value :  5.82841e-07
 Reference value :  5.85280e-07
 Reference value :  5.87628e-07
 Reference value :  5.90067e-07
 Reference value :  5.92506e-07
 Reference value :  5.95035e-07
 Reference value :  5.97474e-07
 Reference value :  5.99823e-07
 Reference value :  6.02172e-07
 Reference value :  6.04610e-07
 Reference value :  6.07049e-07
 Reference value :  6.09398e-07
 Reference value :  6.11837e-07
 Reference value :  6.14276e-07
 Reference value :  6.16715e-07
 Reference value :  6.18973e-07
 Reference value :  6.21321e-07
 Reference value :  6.23760e-07
 Reference value :  6.26199e-07
 Reference value :  6.28548e-07
 Reference value :  6.30987e-07
 Reference value :  6.33335e-07
 Reference value :  6.35684e-07
 Reference value :  6.38213e-07
 Reference value :  6.40562e-07
 Reference value :  6.43001e-07
 Reference value :  6.45440e-07
 Reference value :  6.47878e-07
 Reference value :  6.50227e-07
 Reference value :  6.52666e-07
 Reference value :  6.55105e-07
 Reference value :  6.57544e-07
 Reference value :  6.59983e-07
 Reference value :  6.63144e-07
 Reference value :  6.66757e-07
 Reference value :  6.70642e-07
 Reference value :  6.74255e-07
 Reference value :  6.78320e-07
 Reference value :  6.82294e-07
 Reference value :  6.86088e-07
 Reference value :  6.89972e-07
 Reference value :  6.93676e-07
 Reference value :  6.97741e-07
 Reference value :  7.01715e-07
 Reference value :  7.05599e-07
 Reference value :  7.09484e-07
 Reference value :  7.13368e-07
 Reference value :  7.16891e-07
 Reference value :  7.20413e-07
 Reference value :  7.24569e-07
 Reference value :  7.28182e-07
 Reference value :  7.32066e-07
 Reference value :  7.36221e-07
 Reference value :  7.39925e-07
 Reference value :  7.43809e-07
 Reference value :  7.47422e-07
 Reference value :  7.50764e-07
 Reference value :  7.54107e-07
 Reference value :  7.57539e-07
 Reference value :  7.61152e-07
 Reference value :  7.64585e-07
 Reference value :  7.67837e-07
 Reference value :  7.71179e-07
 Reference value :  7.74611e-07
 Reference value :  7.78225e-07
 Reference value :  7.81838e-07
 Reference value :  7.85903e-07
 Reference value :  7.89968e-07
 Reference value :  7.93852e-07
 Reference value :  7.97646e-07
 Reference value :  8.00898e-07
 Reference value :  8.05053e-07
 Reference value :  8.08666e-07
 Reference value :  8.12550e-07
 Reference value :  8.16434e-07
 Reference value :  8.20138e-07
 Reference value :  8.23841e-07
 Reference value :  8.27364e-07
 Reference value :  8.31158e-07
 Reference value :  8.35313e-07
 Reference value :  8.39017e-07
 Reference value :  8.42720e-07
 Reference value :  8.46243e-07
 Reference value :  8.49856e-07
 Reference value :  8.53560e-07
 Reference value :  8.57083e-07
 Reference value :  8.60786e-07
 Reference value :  8.63767e-07
 Reference value :  8.66116e-07
 Reference value :  8.68555e-07
 Reference value :  8.70903e-07
 Reference value :  8.73342e-07
 Reference value :  8.75691e-07
 Reference value :  8.78039e-07
 Reference value :  8.80478e-07
 Reference value :  8.82917e-07
 Reference value :  8.85175e-07
 Reference value :  8.87524e-07
 Reference value :  8.89963e-07
 Reference value :  8.92311e-07
 Reference value :  8.94750e-07
 Reference value :  8.97189e-07
 Reference value :  8.99538e-07
 Reference value :  9.01977e-07
 Reference value :  9.04325e-07
 Reference value :  9.06764e-07
 Reference value :  9.09203e-07
 Reference value :  9.11552e-07
 Reference value :  9.13991e-07
 Reference value :  9.16430e-07
 Reference value :  9.18868e-07
 Reference value :  9.21307e-07
 Reference value :  9.23656e-07
 Reference value :  9.26095e-07
 Reference value :  9.28443e-07
 Reference value :  9.30882e-07
 Reference value :  9.33231e-07
 Reference value :  9.35670e-07
 Reference value :  9.38109e-07
 Reference value :  9.40367e-07
 Reference value :  9.42806e-07
 Reference value :  9.45245e-07
 Reference value :  9.47684e-07
 Reference value :  9.50123e-07
 Reference value :  9.52562e-07
 Reference value :  9.55000e-07
 Reference value :  9.57349e-07
 Reference value :  9.59698e-07
 Reference value :  9.62137e-07
 Reference value :  9.64575e-07
 Reference value :  9.66924e-07
 Reference value :  9.69363e-07
 Reference value :  9.71892e-07
 Reference value :  9.75415e-07
 Reference value :  9.79480e-07
 Reference value :  9.83364e-07
 Reference value :  9.85984e-07
 Reference value :  9.89958e-07
 Reference value :  9.94023e-07
 Reference value :  9.98088e-07
 Reference value :  1.00197e-06
 Reference value :  1.00468e-06
 Reference value :  1.00802e-06
 Reference value :  1.01155e-06
 Reference value :  1.01552e-06
 Reference value :  1.01923e-06
 Reference value :  1.02266e-06
 Reference value :  1.02654e-06
 Reference value :  1.03016e-06
 Reference value :  1.03350e-06
 Reference value :  1.03684e-06
 Reference value :  1.04045e-06
 Reference value :  1.04425e-06
 Reference value :  1.04759e-06
 Reference value :  1.05120e-06
 Reference value :  1.05482e-06
 Reference value :  1.05861e-06
 Reference value :  1.06267e-06
 Reference value :  1.06629e-06
 Reference value :  1.06900e-06
 Reference value :  1.07189e-06
 Reference value :  1.07550e-06
 Reference value :  1.07920e-06
 Reference value :  1.08291e-06
 Reference value :  1.08661e-06
 Reference value :  1.09031e-06
 Reference value :  1.09411e-06
 Reference value :  1.09772e-06
 Reference value :  1.10161e-06
 Reference value :  1.10522e-06
 Reference value :  1.10874e-06
 Reference value :  1.11227e-06
 Reference value :  1.11552e-06
 Reference value :  1.11922e-06
 Reference value :  1.12265e-06
 Reference value :  1.12627e-06
 Reference value :  1.12997e-06
 Reference value :  1.13340e-06
 Reference value :  1.13693e-06
 Reference value :  1.14036e-06
 Reference value :  1.14271e-06
 Reference value :  1.14515e-06
 Reference value :  1.14749e-06
 Reference value :  1.14993e-06
 Reference value :  1.15237e-06
 Reference value :  1.15463e-06
 Reference value :  1.15698e-06
 Reference value :  1.15933e-06
 Reference value :  1.16159e-06
 Reference value :  1.16402e-06
 Reference value :  1.16646e-06
 Reference value :  1.16908e-06
 Reference value :  1.17279e-06
 Reference value :  1.17613e-06
 Reference value :  1.17911e-06
 Reference value :  1.18245e-06
 Reference value :  1.18534e-06
 Reference value :  1.18787e-06
 Reference value :  1.19049e-06
 Reference value :  1.19392e-06
 Reference value :  1.19745e-06
 Reference value :  1.20070e-06
 Reference value :  1.20440e-06
 Reference value :  1.20792e-06
 Reference value :  1.21145e-06
 Reference value :  1.21479e-06
 Reference value :  1.21741e-06
 Reference value :  1.22012e-06
 Reference value :  1.22283e-06
 Reference value :  1.22572e-06
 Reference value :  1.22933e-06
 Reference value :  1.23313e-06
 Reference value :  1.23683e-06
 Reference value :  1.24035e-06
 Reference value :  1.24379e-06
 Reference value :  1.24731e-06
 Reference value :  1.25065e-06
 Reference value :  1.25426e-06
 Reference value :  1.25779e-06
 Reference value :  1.26158e-06
 Reference value :  1.26510e-06
 Reference value :  1.26899e-06
 Reference value :  1.27251e-06
 Reference value :  1.27603e-06
 Reference value :  1.28010e-06
 Reference value :  1.28308e-06
 Reference value :  1.28579e-06
 Reference value :  1.28850e-06
 Reference value :  1.29121e-06
 Reference value :  1.29392e-06
 Reference value :  1.29663e-06
 Reference value :  1.29925e-06
 Reference value :  1.30196e-06
 Reference value :  1.30467e-06
 Reference value :  1.30738e-06
 Reference value :  1.31009e-06
 Reference value :  1.31280e-06
 Reference value :  1.31542e-06
 Reference value :  1.31813e-06
 Reference value :  1.32075e-06
 Reference value :  1.32346e-06
 Reference value :  1.32608e-06
 Reference value :  1.32870e-06
 Reference value :  1.33141e-06
 Reference value :  1.33412e-06
 Reference value :  1.33683e-06
 Reference value :  1.33954e-06
 Reference value :  1.34225e-06
 Reference value :  1.34496e-06
 Reference value :  1.34767e-06
 Reference value :  1.35047e-06
 Reference value :  1.35308e-06
 Reference value :  1.35570e-06
 Reference value :  1.35841e-06
 Reference value :  1.36112e-06
 Reference value :  1.36383e-06
 Reference value :  1.36654e-06
 Reference value :  1.36925e-06
 Reference value :  1.37205e-06
 Reference value :  1.37467e-06
 Reference value :  1.37738e-06
 Reference value :  1.38009e-06
 Reference value :  1.38271e-06
 Reference value :  1.38551e-06
 Reference value :  1.38822e-06
 Reference value :  1.39093e-06
 Reference value :  1.39364e-06
 Reference value :  1.39635e-06
 Reference value :  1.39906e-06
 Reference value :  1.40177e-06
 Reference value :  1.40457e-06
 Reference value :  1.40737e-06
 Reference value :  1.40999e-06
 Reference value :  1.41270e-06
 Reference value :  1.41541e-06
 Reference value :  1.41812e-06
 Reference value :  1.42083e-06
 Reference value :  1.42354e-06
 Reference value :  1.42616e-06
 Reference value :  1.42887e-06
 Reference value :  1.43149e-06
 Reference value :  1.43420e-06
 Reference value :  1.43691e-06
 Reference value :  1.43953e-06
 Reference value :  1.44233e-06
 Reference value :  1.44504e-06
 Reference value :  1.44775e-06
 Reference value :  1.45046e-06
 Reference value :  1.45317e-06
 Reference value :  1.45588e-06
 Reference value :  1.45868e-06
 Reference value :  1.46139e-06
 Reference value :  1.46410e-06
 Reference value :  1.46672e-06
 Reference value :  1.46943e-06
 Reference value :  1.47214e-06
 Reference value :  1.47485e-06
 Reference value :  1.47747e-06
 Reference value :  1.48018e-06
 Reference value :  1.48289e-06
 Reference value :  1.48551e-06
 Reference value :  1.48822e-06
 Reference value :  1.49093e-06
 Reference value :  1.49355e-06
 Reference value :  1.49626e-06
 Reference value :  1.49897e-06
 Reference value :  1.50168e-06
 Reference value :  1.50439e-06
 Reference value :  1.50710e-06
 Reference value :  1.50981e-06
 Reference value :  1.51252e-06
 Reference value :  1.51523e-06
 Reference value :  1.51794e-06
 Reference value :  1.52056e-06
 Reference value :  1.52327e-06
 Reference value :  1.52589e-06
 Reference value :  1.52851e-06
 Reference value :  1.53113e-06
 Reference value :  1.53402e-06
 Reference value :  1.53763e-06
 Reference value :  1.54151e-06
 Reference value :  1.54549e-06
 Reference value :  1.54883e-06
 Reference value :  1.55280e-06
 Reference value :  1.55651e-06
 Reference value :  1.55994e-06
 Reference value :  1.56337e-06
 Reference value :  1.56699e-06
 Reference value :  1.57096e-06
 Reference value :  1.57475e-06
 Reference value :  1.57864e-06
 Reference value :  1.58270e-06
 Reference value :  1.58659e-06
 Reference value :  1.59074e-06
 Reference value :  1.59445e-06
 Reference value :  1.59833e-06
 Reference value :  1.60231e-06
 Reference value :  1.60538e-06
 Reference value :  1.60827e-06
 Reference value :  1.61179e-06
 Reference value :  1.61540e-06
 Reference value :  1.61893e-06
 Reference value :  1.62236e-06
 Reference value :  1.62597e-06
 Reference value :  1.62958e-06
 Reference value :  1.63338e-06
 Reference value :  1.63681e-06
 Reference value :  1.64042e-06
 Reference value :  1.64404e-06
 Reference value :  1.64756e-06
 Reference value :  1.65117e-06
 Reference value :  1.65479e-06
 Reference value :  1.65840e-06
 Reference value :  1.66201e-06
 Reference value :  1.66527e-06
 Reference value :  1.66852e-06
 Reference value :  1.67204e-06
 Reference value :  1.67556e-06
 Reference value :  1.67909e-06
 Reference value :  1.68261e-06
 Reference value :  1.68613e-06
 Reference value :  1.68965e-06
 Reference value :  1.69318e-06
 Reference value :  1.69679e-06
 Reference value :  1.69959e-06
 Reference value :  1.70230e-06
 Reference value :  1.70492e-06
 Reference value :  1.70754e-06
 Reference value :  1.71025e-06
 Reference value :  1.71305e-06
 Reference value :  1.71585e-06
 Reference value :  1.71928e-06
 Reference value :  1.72199e-06
 Reference value :  1.72461e-06
 Reference value :  1.72732e-06
 Reference value :  1.73003e-06
 Reference value :  1.73274e-06
 Reference value :  1.73554e-06
 Reference value :  1.73825e-06
 Reference value :  1.74096e-06
 Reference value :  1.74358e-06
 Reference value :  1.74629e-06
 Reference value :  1.74900e-06
 Reference value :  1.75171e-06
 Reference value :  1.75451e-06
 Reference value :  1.75722e-06
 Reference value :  1.75993e-06
 Reference value :  1.76255e-06
 Reference value :  1.76526e-06
 Reference value :  1.76806e-06
 Reference value :  1.77068e-06
 Reference value :  1.77339e-06
 Reference value :  1.77637e-06
 Reference value :  1.78026e-06
 Reference value :  1.78396e-06
 Reference value :  1.78757e-06
 Reference value :  1.79146e-06
 Reference value :  1.79516e-06
 Reference value :  1.79850e-06
 Reference value :  1.80202e-06
 Reference value :  1.80546e-06
 Reference value :  1.80898e-06
 Reference value :  1.81250e-06
 Reference value :  1.81594e-06
 Reference value :  1.81964e-06
 Reference value :  1.82316e-06
 Reference value :  1.82678e-06
 Reference value :  1.83048e-06
 Reference value :  1.83400e-06
 Reference value :  1.83771e-06
 Reference value :  1.84105e-06
 Reference value :  1.84376e-06
 Reference value :  1.84647e-06
 Reference value :  1.85044e-06
 Reference value :  1.85424e-06
 Reference value :  1.85803e-06
 Reference value :  1.86182e-06
 Reference value :  1.86544e-06
 Reference value :  1.86923e-06
 Reference value :  1.87284e-06
 Reference value :  1.87564e-06
 Reference value :  1.87835e-06
 Reference value :  1.88097e-06
 Reference value :  1.88368e-06
 Reference value :  1.88639e-06
 Reference value :  1.88910e-06
 Reference value :  1.89181e-06
 Reference value :  1.89443e-06
 Reference value :  1.89714e-06
 Reference value :  1.89976e-06
 Reference value :  1.90247e-06
 Reference value :  1.90518e-06
 Reference value :  1.90771e-06
 Reference value :  1.91042e-06
 Reference value :  1.91304e-06
 Reference value :  1.91575e-06
 Reference value :  1.91846e-06
 Reference value :  1.92117e-06
 Reference value :  1.92388e-06
 Reference value :  1.92659e-06
 Reference value :  1.92921e-06
 Reference value :  1.93192e-06
 Reference value :  1.93463e-06
 Reference value :  1.93725e-06
 Reference value :  1.93996e-06
 Reference value :  1.94267e-06
 Reference value :  1.94529e-06
 Reference value :  1.94800e-06
 Reference value :  1.95071e-06
 Reference value :  1.95342e-06
 Reference value :  1.95613e-06
 Reference value :  1.95884e-06
 Reference value :  1.96155e-06
 Reference value :  1.96408e-06
 Reference value :  1.96679e-06
 Reference value :  1.96950e-06
 Reference value :  1.97221e-06
 Reference value :  1.97492e-06
 Reference value :  1.97763e-06
 Reference value :  1.98034e-06
 Reference value :  1.98305e-06
 Reference value :  1.98576e-06
 Reference value :  1.98847e-06
 Reference value :  1.99109e-06
 Reference value :  1.99380e-06
 Reference value :  1.99651e-06
 Reference value :  1.99922e-06
 Reference value :  2.00193e-06
 Reference value :  2.00464e-06
 Reference value :  2.00734e-06
 Reference value :  2.01005e-06
 Reference value :  2.01276e-06
 Reference value :  2.01547e-06
 Reference value :  2.01809e-06
 Reference value :  2.02080e-06
 Reference value :  2.02342e-06
 Reference value :  2.02613e-06
 Reference value :  2.02893e-06
 Reference value :  2.03164e-06
 Reference value :  2.03435e-06
 Reference value :  2.03706e-06
 Reference value :  2.03977e-06
 Reference value :  2.04248e-06
 Reference value :  2.04519e-06
 Reference value :  2.04772e-06
 Reference value :  2.05034e-06
 Reference value :  2.05305e-06
 Reference value :  2.05567e-06
 Reference value :  2.05838e-06
 Reference value :  2.06109e-06
 Reference value :  2.06380e-06
 Reference value :  2.06651e-06
 Reference value :  2.06922e-06
 Reference value :  2.07193e-06
 Reference value :  2.07446e-06
 Reference value :  2.07717e-06
 Reference value :  2.07979e-06
 Reference value :  2.08241e-06
 Reference value :  2.08503e-06
 Reference value :  2.08765e-06
 Reference value :  2.09036e-06
 Reference value :  2.09307e-06
 Reference value :  2.09569e-06
 Reference value :  2.09840e-06
 Reference value :  2.10102e-06
 Reference value :  2.10364e-06
 Reference value :  2.10635e-06
 Reference value :  2.10906e-06
 Reference value :  2.11168e-06
 Reference value :  2.11439e-06
 Reference value :  2.11710e-06
 Reference value :  2.11981e-06
 Reference value :  2.12252e-06
 Reference value :  2.12523e-06
 Reference value :  2.12785e-06
 Reference value :  2.13037e-06
 Reference value :  2.13308e-06
 Reference value :  2.13579e-06
 Reference value :  2.13850e-06
 Reference value :  2.14121e-06
 Reference value :  2.14392e-06
 Reference value :  2.14663e-06
 Reference value :  2.14925e-06
 Reference value :  2.15196e-06
 Reference value :  2.15467e-06
 Reference value :  2.15729e-06
 Reference value :  2.16000e-06
 Reference value :  2.16271e-06
 Reference value :  2.16542e-06
 Reference value :  2.16813e-06
 Reference value :  2.17084e-06
 Reference value :  2.17355e-06
 Reference value :  2.17626e-06
 Reference value :  2.17897e-06
 Reference value :  2.18168e-06
 Reference value :  2.18421e-06
 Reference value :  2.18692e-06
 Reference value :  2.18963e-06
 Reference value :  2.19225e-06
 Reference value :  2.19487e-06
 Reference value :  2.19749e-06
 Reference value :  2.20011e-06
 Reference value :  2.20282e-06
 Reference value :  2.20544e-06
 Reference value :  2.20815e-06
 Reference value :  2.21086e-06
 Reference value :  2.21348e-06
 Reference value :  2.21619e-06
 Reference value :  2.21890e-06
 Reference value :  2.22161e-06
 Reference value :  2.22432e-06
 Reference value :  2.22712e-06
 Reference value :  2.22983e-06
 Reference value :  2.23245e-06
 Reference value :  2.23516e-06
 Reference value :  2.23787e-06
 Reference value :  2.24049e-06
 Reference value :  2.24320e-06
 Reference value :  2.24591e-06
 Reference value :  2.24871e-06
 Reference value :  2.25142e-06
 Reference value :  2.25413e-06
 Reference value :  2.25693e-06
 Reference value :  2.26018e-06
 Reference value :  2.26298e-06
 Reference value :  2.26560e-06
 Reference value :  2.26822e-06
 Reference value :  2.27093e-06
 Reference value :  2.27364e-06
 Reference value :  2.27635e-06
 Reference value :  2.27897e-06
 Reference value :  2.28159e-06
 Reference value :  2.28430e-06
 Reference value :  2.28692e-06
 Reference value :  2.28963e-06
 Reference value :  2.29225e-06
 Reference value :  2.29478e-06
 Reference value :  2.29748e-06
 Reference value :  2.30010e-06
 Reference value :  2.30281e-06
 Reference value :  2.30543e-06
 Reference value :  2.30814e-06
 Reference value :  2.31076e-06
 Reference value :  2.31338e-06
 Reference value :  2.31600e-06
 Reference value :  2.31871e-06
 Reference value :  2.32142e-06
 Reference value :  2.32386e-06
 Reference value :  2.32657e-06
 Reference value :  2.32928e-06
 Reference value :  2.33199e-06
 Reference value :  2.33470e-06
 Reference value :  2.33741e-06
 Reference value :  2.34012e-06
 Reference value :  2.34283e-06
 Reference value :  2.34554e-06
 Reference value :  2.34825e-06
 Reference value :  2.35087e-06
 Reference value :  2.35358e-06
 Reference value :  2.35629e-06
 Reference value :  2.35900e-06
 Reference value :  2.36171e-06
 Reference value :  2.36442e-06
 Reference value :  2.36713e-06
 Reference value :  2.36984e-06
 Reference value :  2.37246e-06
 Reference value :  2.37517e-06
 Reference value :  2.37788e-06
 Reference value :  2.38059e-06
 Reference value :  2.38330e-06
 Reference value :  2.38610e-06
 Reference value :  2.38881e-06
 Reference value :  2.39152e-06
 Reference value :  2.39423e-06
 Reference value :  2.39694e-06
 Reference value :  2.39974e-06
 Reference value :  2.40245e-06
 Reference value :  2.40507e-06
 Reference value :  2.40769e-06
 Reference value :  2.41040e-06
 Reference value :  2.41311e-06
 Reference value :  2.41582e-06
 Reference value :  2.41853e-06
 Reference value :  2.42124e-06
 Reference value :  2.42395e-06
 Reference value :  2.42648e-06
 Reference value :  2.42892e-06
 Reference value :  2.43135e-06
 Reference value :  2.43388e-06
 Reference value :  2.43741e-06
 Reference value :  2.44102e-06
 Reference value :  2.44463e-06
 Reference value :  2.44816e-06
 Reference value :  2.45159e-06
 Reference value :  2.45484e-06
 Reference value :  2.45755e-06
 Reference value :  2.46026e-06
 Reference value :  2.46297e-06
 Reference value :  2.46568e-06
 Reference value :  2.46848e-06
 Reference value :  2.47119e-06
 Reference value :  2.47390e-06
 Reference value :  2.47724e-06
 Reference value :  2.48058e-06
 Reference value :  2.48375e-06
 Reference value :  2.48646e-06
 Reference value :  2.48907e-06
 Reference value :  2.49188e-06
 Reference value :  2.49459e-06
 Reference value :  2.49729e-06
 Reference value :  2.50000e-06
 Reference value :  2.50271e-06
 Reference value :  2.50542e-06
 Reference value :  2.50822e-06
 Reference value :  2.51103e-06
 Reference value :  2.51373e-06
 Reference value :  2.51644e-06
 Reference value :  2.51915e-06
 Reference value :  2.52186e-06
 Reference value :  2.52457e-06
 Reference value :  2.52728e-06
 Reference value :  2.53008e-06
 Reference value :  2.53279e-06
 Reference value :  2.53550e-06
 Reference value :  2.53812e-06
 Reference value :  2.54092e-06
 Reference value :  2.54363e-06
 Reference value :  2.54625e-06
 Reference value :  2.54896e-06
 Reference value :  2.55176e-06
 Reference value :  2.55447e-06
 Reference value :  2.55727e-06
 Reference value :  2.55998e-06
 Reference value :  2.56269e-06
 Reference value :  2.56540e-06
 Reference value :  2.56811e-06
 Reference value :  2.57091e-06
 Reference value :  2.57353e-06
 Reference value :  2.57624e-06
 Reference value :  2.57895e-06
 Reference value :  2.58166e-06
 Reference value :  2.58437e-06
 Reference value :  2.58708e-06
 Reference value :  2.58979e-06
 Reference value :  2.59241e-06
 Reference value :  2.59521e-06
 Reference value :  2.59801e-06
 Reference value :  2.60063e-06
 Reference value :  2.60343e-06
 Reference value :  2.60614e-06
 Reference value :  2.60885e-06
 Reference value :  2.61156e-06
 Reference value :  2.61427e-06
 Reference value :  2.61698e-06
 Reference value :  2.61969e-06
 Reference value :  2.62249e-06
 Reference value :  2.62529e-06
 Reference value :  2.62791e-06
 Reference value :  2.63071e-06
 Reference value :  2.63342e-06
 Reference value :  2.63613e-06
 Reference value :  2.63875e-06
 Reference value :  2.64146e-06
 Reference value :  2.64426e-06
 Reference value :  2.64706e-06
 Reference value :  2.64977e-06
 Reference value :  2.65248e-06
 Reference value :  2.65519e-06
 Reference value :  2.65799e-06
 Reference value :  2.66070e-06
 Reference value :  2.66350e-06
 Reference value :  2.66621e-06
 Reference value :  2.66901e-06
 Reference value :  2.67172e-06
 Reference value :  2.67443e-06
 Reference value :  2.67723e-06
 Reference value :  2.67994e-06
 Reference value :  2.68256e-06
 Reference value :  2.68527e-06
 Reference value :  2.68798e-06
 Reference value :  2.69069e-06
 Reference value :  2.69340e-06
 Reference value :  2.69611e-06
 Reference value :  2.69882e-06
 Reference value :  2.70153e-06
 Reference value :  2.70415e-06
 Reference value :  2.70686e-06
 Reference value :  2.70948e-06
 Reference value :  2.71192e-06
 Reference value :  2.71589e-06
 Reference value :  2.71869e-06
 Reference value :  2.72140e-06
 Reference value :  2.72411e-06
 Reference value :  2.72673e-06
 Reference value :  2.72944e-06
 Reference value :  2.73215e-06
 Reference value :  2.73486e-06
 Reference value :  2.73748e-06
 Reference value :  2.74010e-06
 Reference value :  2.74281e-06
 Reference value :  2.74543e-06
 Reference value :  2.74814e-06
 Reference value :  2.75085e-06
 Reference value :  2.75365e-06
 Reference value :  2.75645e-06
 Reference value :  2.75907e-06
 Reference value :  2.76187e-06
 Reference value :  2.76458e-06
 Reference value :  2.76720e-06
 Reference value :  2.76991e-06
 Reference value :  2.77271e-06
 Reference value :  2.77542e-06
 Reference value :  2.77813e-06
 Reference value :  2.78093e-06
 Reference value :  2.78364e-06
 Reference value :  2.78635e-06
 Reference value :  2.78915e-06
 Reference value :  2.79195e-06
 Reference value :  2.79457e-06
 Reference value :  2.79728e-06
 Reference value :  2.79999e-06
 Reference value :  2.80279e-06
 Reference value :  2.80550e-06
 Reference value :  2.80884e-06
 Reference value :  2.81237e-06
 Reference value :  2.81571e-06
 Reference value :  2.81932e-06
 Reference value :  2.82266e-06
 Reference value :  2.82646e-06
 Reference value :  2.83025e-06
 Reference value :  2.83359e-06
 Reference value :  2.83739e-06
 Reference value :  2.84127e-06
 Reference value :  2.84488e-06
 Reference value :  2.84832e-06
 Reference value :  2.85193e-06
 Reference value :  2.85572e-06
 Reference value :  2.85916e-06
 Reference value :  2.86214e-06
 Reference value :  2.86485e-06
 Reference value :  2.86828e-06
 Reference value :  2.87189e-06
 Reference value :  2.87533e-06
 Reference value :  2.87776e-06
 Reference value :  2.88020e-06
 Reference value :  2.88273e-06
 Reference value :  2.88517e-06
 Reference value :  2.88761e-06
 Reference value :  2.89005e-06
 Reference value :  2.89249e-06
 Reference value :  2.89493e-06
 Reference value :  2.89746e-06
 Reference value :  2.89990e-06
 Reference value :  2.90242e-06
 Reference value :  2.90477e-06
 Reference value :  2.90730e-06
 Reference value :  2.90965e-06
 Reference value :  2.91209e-06
 Reference value :  2.91453e-06
 Reference value :  2.91697e-06
 Reference value :  2.91941e-06
 Reference value :  2.92185e-06
 Reference value :  2.92419e-06
 Reference value :  2.92672e-06
 Reference value :  2.92916e-06
 Reference value :  2.93151e-06
 Reference value :  2.93395e-06
 Reference value :  2.93648e-06
 Reference value :  2.93892e-06
 Reference value :  2.94136e-06
 Reference value :  2.94380e-06
 Reference value :  2.94624e-06
 Reference value :  2.94867e-06
 Reference value :  2.95111e-06
 Reference value :  2.95355e-06
 Reference value :  2.95599e-06
 Reference value :  2.95843e-06
 Reference value :  2.96078e-06
 Reference value :  2.96322e-06
 Reference value :  2.96566e-06
 Reference value :  2.96809e-06
 Reference value :  2.97044e-06
 Reference value :  2.97279e-06
 Reference value :  2.97514e-06
 Reference value :  2.97758e-06
 Reference value :  2.97993e-06
 Reference value :  2.98237e-06
 Reference value :  2.98481e-06
 Reference value :  2.98706e-06
 Reference value :  2.98932e-06
 Reference value :  2.99158e-06
 Reference value :  2.99375e-06
 Reference value :  2.99592e-06
 Reference value :  2.99827e-06
 Reference value :  3.00070e-06
 Reference value :  3.00314e-06
 Reference value :  3.00549e-06
 Reference value :  3.00793e-06
 Reference value :  3.01037e-06
 Reference value :  3.01281e-06
 Reference value :  3.01507e-06
 Reference value :  3.01751e-06
 Reference value :  3.01994e-06
 Reference value :  3.02220e-06
 Reference value :  3.02473e-06
 Reference value :  3.02708e-06
 Reference value :  3.02952e-06
 Reference value :  3.03205e-06
 Reference value :  3.03449e-06
 Reference value :  3.03693e-06
 Reference value :  3.03927e-06
 Reference value :  3.04162e-06
 Reference value :  3.04406e-06
 Reference value :  3.04650e-06
 Reference value :  3.04894e-06
 Reference value :  3.05129e-06
 Reference value :  3.05373e-06
 Reference value :  3.05617e-06
 Reference value :  3.05870e-06
 Reference value :  3.06113e-06
 Reference value :  3.06357e-06
 Reference value :  3.06601e-06
 Reference value :  3.06845e-06
 Reference value :  3.07080e-06
 Reference value :  3.07324e-06
 Reference value :  3.07568e-06
 Reference value :  3.07812e-06
 Reference value :  3.08047e-06
 Reference value :  3.08290e-06
 Reference value :  3.08534e-06
 Reference value :  3.08778e-06
 Reference value :  3.09013e-06
 Reference value :  3.09257e-06
 Reference value :  3.09501e-06
 Reference value :  3.09727e-06
 Reference value :  3.09962e-06
 Reference value :  3.10205e-06
 Reference value :  3.10449e-06
 Reference value :  3.10693e-06
 Reference value :  3.10937e-06
 Reference value :  3.11181e-06
 Reference value :  3.11416e-06
 Reference value :  3.11651e-06
 Reference value :  3.11895e-06
 Reference value :  3.12120e-06
 Reference value :  3.12355e-06
 Reference value :  3.12572e-06
 Reference value :  3.12816e-06
 Reference value :  3.13051e-06
 Reference value :  3.13286e-06
 Reference value :  3.13521e-06
 Reference value :  3.13755e-06
 Reference value :  3.13981e-06
 Reference value :  3.14198e-06
 Reference value :  3.14415e-06
 Reference value :  3.14632e-06
 Reference value :  3.14857e-06
 Reference value :  3.15083e-06
 Reference value :  3.15300e-06
 Reference value :  3.15526e-06
 Reference value :  3.15752e-06
 Reference value :  3.15978e-06
 Reference value :  3.16203e-06
 Reference value :  3.16429e-06
 Reference value :  3.16664e-06
 Reference value :  3.16899e-06
 Reference value :  3.17134e-06
 Reference value :  3.17378e-06
 Reference value :  3.17622e-06
 Reference value :  3.17865e-06
 Reference value :  3.18100e-06
 Reference value :  3.18344e-06
 Reference value :  3.18588e-06
 Reference value :  3.18832e-06
 Reference value :  3.19067e-06
 Reference value :  3.19311e-06
 Reference value :  3.19546e-06
 Reference value :  3.19789e-06
 Reference value :  3.20033e-06
 Reference value :  3.20277e-06
 Reference value :  3.20521e-06
 Reference value :  3.20747e-06
 Reference value :  3.20973e-06
 Reference value :  3.21217e-06
 Reference value :  3.21461e-06
 Reference value :  3.21695e-06
 Reference value :  3.21939e-06
 Reference value :  3.22183e-06
 Reference value :  3.22427e-06
 Reference value :  3.22671e-06
 Reference value :  3.22915e-06
 Reference value :  3.23159e-06
 Reference value :  3.23403e-06
 Reference value :  3.23628e-06
 Reference value :  3.23872e-06
 Reference value :  3.24107e-06
 Reference value :  3.24351e-06
 Reference value :  3.24586e-06
 Reference value :  3.24830e-06
 Reference value :  3.25074e-06
 Reference value :  3.25309e-06
 Reference value :  3.25552e-06
 Reference value :  3.25787e-06
 Reference value :  3.26031e-06
 Reference value :  3.26266e-06
 Reference value :  3.26501e-06
 Reference value :  3.26745e-06
 Reference value :  3.26989e-06
 Reference value :  3.27233e-06
 Reference value :  3.27477e-06
 Reference value :  3.27720e-06
 Reference value :  3.27964e-06
 Reference value :  3.28199e-06
 Reference value :  3.28443e-06
 Reference value :  3.28678e-06
 Reference value :  3.28922e-06
 Reference value :  3.29157e-06
 Reference value :  3.29401e-06
 Reference value :  3.29635e-06
 Reference value :  3.29870e-06
 Reference value :  3.30114e-06
 Reference value :  3.30358e-06
 Reference value :  3.30593e-06
 Reference value :  3.30828e-06
 Reference value :  3.31063e-06
 Reference value :  3.31288e-06
 Reference value :  3.31514e-06
 Reference value :  3.31758e-06
 Reference value :  3.31984e-06
 Reference value :  3.32228e-06
 Reference value :  3.32472e-06
 Reference value :  3.32707e-06
 Reference value :  3.32941e-06
 Reference value :  3.33185e-06
 Reference value :  3.33429e-06
 Reference value :  3.33673e-06
 Reference value :  3.33917e-06
 Reference value :  3.34161e-06
 Reference value :  3.34405e-06
 Reference value :  3.34631e-06
 Reference value :  3.34875e-06
 Reference value :  3.35109e-06
 Reference value :  3.35344e-06
 Reference value :  3.35579e-06
 Reference value :  3.35814e-06
 Reference value :  3.36049e-06
 Reference value :  3.36284e-06
 Reference value :  3.36519e-06
 Reference value :  3.36744e-06
 Reference value :  3.36979e-06
 Reference value :  3.37214e-06
 Reference value :  3.37440e-06
 Reference value :  3.37675e-06
 Reference value :  3.37919e-06
 Reference value :  3.38154e-06
 Reference value :  3.38379e-06
 Reference value :  3.38614e-06
 Reference value :  3.38849e-06
 Reference value :  3.39084e-06
 Reference value :  3.39328e-06
 Reference value :  3.39572e-06
 Reference value :  3.39816e-06
 Reference value :  3.40059e-06
 Reference value :  3.40285e-06
 Reference value :  3.40529e-06
 Reference value :  3.40764e-06
 Reference value :  3.41008e-06
 Reference value :  3.41252e-06
 Reference value :  3.41496e-06
 Reference value :  3.41740e-06
 Reference value :  3.41984e-06
 Reference value :  3.42218e-06
 Reference value :  3.42462e-06
 Reference value :  3.42706e-06
 Reference value :  3.42941e-06
 Reference value :  3.43176e-06
 Reference value :  3.43420e-06
 Reference value :  3.43655e-06
 Reference value :  3.43889e-06
 Reference value :  3.44124e-06
 Reference value :  3.44377e-06
 Reference value :  3.44630e-06
 Reference value :  3.44865e-06
 Reference value :  3.45118e-06
 Reference value :  3.45362e-06
 Reference value :  3.45615e-06
 Reference value :  3.45850e-06
 Reference value :  3.46094e-06
 Reference value :  3.46337e-06
 Reference value :  3.46581e-06
 Reference value :  3.46807e-06
 Reference value :  3.47042e-06
 Reference value :  3.47268e-06
 Reference value :  3.47503e-06
 Reference value :  3.47738e-06
 Reference value :  3.47981e-06
 Reference value :  3.48216e-06
 Reference value :  3.48442e-06
 Reference value :  3.48677e-06
 Reference value :  3.48921e-06
 Reference value :  3.49165e-06
 Reference value :  3.49409e-06
 Reference value :  3.49653e-06
 Reference value :  3.49896e-06
 Reference value :  3.50140e-06
 Reference value :  3.50384e-06
 Reference value :  3.50628e-06
 Reference value :  3.50872e-06
 Reference value :  3.51116e-06
 Reference value :  3.51351e-06
 Reference value :  3.51595e-06
 Reference value :  3.51839e-06
 Reference value :  3.52082e-06
 Reference value :  3.52326e-06
 Reference value :  3.52570e-06
 Reference value :  3.52814e-06
 Reference value :  3.53058e-06
 Reference value :  3.53284e-06
 Reference value :  3.53510e-06
 Reference value :  3.53763e-06
 Reference value :  3.53997e-06
 Reference value :  3.54241e-06
 Reference value :  3.54485e-06
 Reference value :  3.54720e-06
 Reference value :  3.54964e-06
 Reference value :  3.55199e-06
 Reference value :  3.55443e-06
 Reference value :  3.55687e-06
 Reference value :  3.55921e-06
 Reference value :  3.56156e-06
 Reference value :  3.56400e-06
 Reference value :  3.56644e-06
 Reference value :  3.56879e-06
 Reference value :  3.57123e-06
 Reference value :  3.57367e-06
 Reference value :  3.57611e-06
 Reference value :  3.57855e-06
 Reference value :  3.58098e-06
 Reference value :  3.58333e-06
 Reference value :  3.58577e-06
 Reference value :  3.58803e-06
 Reference value :  3.59047e-06
 Reference value :  3.59291e-06
 Reference value :  3.59517e-06
 Reference value :  3.59742e-06
 Reference value :  3.59986e-06
 Reference value :  3.60221e-06
 Reference value :  3.60456e-06
 Reference value :  3.60691e-06
 Reference value :  3.60935e-06
 Reference value :  3.61179e-06
 Reference value :  3.61423e-06
 Reference value :  3.61666e-06
 Reference value :  3.61910e-06
 Reference value :  3.62154e-06
 Reference value :  3.62389e-06
 Reference value :  3.62624e-06
 Reference value :  3.62859e-06
 Reference value :  3.63094e-06
 Reference value :  3.63328e-06
 Reference value :  3.63572e-06
 Reference value :  3.63816e-06
 Reference value :  3.64060e-06
 Reference value :  3.64304e-06
 Reference value :  3.64539e-06
 Reference value :  3.64783e-06
 Reference value :  3.65018e-06
 Reference value :  3.65253e-06
 Reference value :  3.65496e-06
 Reference value :  3.65740e-06
 Reference value :  3.65984e-06
 Reference value :  3.66228e-06
 Reference value :  3.66463e-06
 Reference value :  3.66707e-06
 Reference value :  3.66951e-06
 Reference value :  3.67186e-06
 Reference value :  3.67420e-06
 Reference value :  3.67655e-06
 Reference value :  3.67881e-06
 Reference value :  3.68116e-06
 Reference value :  3.68342e-06
 Reference value :  3.68577e-06
 Reference value :  3.68812e-06
 Reference value :  3.69046e-06
 Reference value :  3.69281e-06
 Reference value :  3.69516e-06
 Reference value :  3.69751e-06
 Reference value :  3.69977e-06
 Reference value :  3.70230e-06
 Reference value :  3.70474e-06
 Reference value :  3.70708e-06
 Reference value :  3.70952e-06
 Reference value :  3.71205e-06
 Reference value :  3.71431e-06
 Reference value :  3.71666e-06
 Reference value :  3.71892e-06
 Reference value :  3.72109e-06
 Reference value :  3.72343e-06
 Reference value :  3.72605e-06
 Reference value :  3.72976e-06
 Reference value :  3.73328e-06
 Reference value :  3.73689e-06
 Reference value :  3.74078e-06
 Reference value :  3.74448e-06
 Reference value :  3.74837e-06
 Reference value :  3.75216e-06
 Reference value :  3.75568e-06
 Reference value :  3.75966e-06
 Reference value :  3.76345e-06
 Reference value :  3.76752e-06
 Reference value :  3.77131e-06
 Reference value :  3.77492e-06
 Reference value :  3.77826e-06
 Reference value :  3.78188e-06
 Reference value :  3.78576e-06
 Reference value :  3.78919e-06
 Reference value :  3.79308e-06
 Reference value :  3.79705e-06
 Reference value :  3.80049e-06
 Reference value :  3.80437e-06
 Reference value :  3.80780e-06
 Reference value :  3.81142e-06
 Reference value :  3.81512e-06
 Reference value :  3.81855e-06
 Reference value :  3.82235e-06
 Reference value :  3.82578e-06
 Reference value :  3.82912e-06
 Reference value :  3.83273e-06
 Reference value :  3.83626e-06
 Reference value :  3.83978e-06
 Reference value :  3.84303e-06
 Reference value :  3.84628e-06
 Reference value :  3.84963e-06
 Reference value :  3.85288e-06
 Reference value :  3.85631e-06
 Reference value :  3.85947e-06
 Reference value :  3.86317e-06
 Reference value :  3.86688e-06
 Reference value :  3.87076e-06
 Reference value :  3.87456e-06
 Reference value :  3.87817e-06
 Reference value :  3.88196e-06
 Reference value :  3.88549e-06
 Reference value :  3.88910e-06
 Reference value :  3.89262e-06
 Reference value :  3.89596e-06
 Reference value :  3.89958e-06
 Reference value :  3.90274e-06
 Reference value :  3.90545e-06
 Reference value :  3.90816e-06
 Reference value :  3.91087e-06
 Reference value :  3.91358e-06
 Reference value :  3.91629e-06
 Reference value :  3.91936e-06
 Reference value :  3.92288e-06
 Reference value :  3.92677e-06
 Reference value :  3.93065e-06
 Reference value :  3.93399e-06
 Reference value :  3.93706e-06
 Reference value :  3.94023e-06
 Reference value :  3.94393e-06
 Reference value :  3.94754e-06
 Reference value :  3.95089e-06
 Reference value :  3.95441e-06
 Reference value :  3.95784e-06
 Reference value :  3.96100e-06
 Reference value :  3.96443e-06
 Reference value :  3.96705e-06
 Reference value :  3.96967e-06
 Reference value :  3.97284e-06
 Reference value :  3.97609e-06
 Reference value :  3.97952e-06
 Reference value :  3.98304e-06
 Reference value :  3.98675e-06
 Reference value :  3.99027e-06
 Reference value :  3.99379e-06
 Reference value :  3.99713e-06
 Reference value :  4.00120e-06
 Reference value :  4.00490e-06
 Reference value :  4.00897e-06
 Reference value :  4.01276e-06
 Reference value :  4.01628e-06
 Reference value :  4.01972e-06
 Reference value :  4.02315e-06
 Reference value :  4.02658e-06
 Reference value :  4.03001e-06
 Reference value :  4.03272e-06
 Reference value :  4.03543e-06
 Reference value :  4.03805e-06
 Reference value :  4.04076e-06
 Reference value :  4.04347e-06
 Reference value :  4.04618e-06
 Reference value :  4.04889e-06
 Reference value :  4.05151e-06
 Reference value :  4.05431e-06
 Reference value :  4.05757e-06
 Reference value :  4.06027e-06
 Reference value :  4.06298e-06
 Reference value :  4.06551e-06
 Reference value :  4.06822e-06
 Reference value :  4.07084e-06
 Reference value :  4.07355e-06
 Reference value :  4.07626e-06
 Reference value :  4.07888e-06
 Reference value :  4.08150e-06
 Reference value :  4.08412e-06
 Reference value :  4.08674e-06
 Reference value :  4.08945e-06
 Reference value :  4.09207e-06
 Reference value :  4.09460e-06
 Reference value :  4.09731e-06
 Reference value :  4.09993e-06
 Reference value :  4.10255e-06
 Reference value :  4.10526e-06
 Reference value :  4.10797e-06
 Reference value :  4.11059e-06
 Reference value :  4.11294e-06
 Reference value :  4.11529e-06
 Reference value :  4.11763e-06
 Reference value :  4.11998e-06
 Reference value :  4.12224e-06
 Reference value :  4.12468e-06
 Reference value :  4.12694e-06
 Reference value :  4.12911e-06
 Reference value :  4.13136e-06
 Reference value :  4.13362e-06
 Reference value :  4.13588e-06
 Reference value :  4.13814e-06
 Reference value :  4.14049e-06
 Reference value :  4.14284e-06
 Reference value :  4.14528e-06
 Reference value :  4.14771e-06
 Reference value :  4.14997e-06
 Reference value :  4.15241e-06
 Reference value :  4.15476e-06
 Reference value :  4.15711e-06
 Reference value :  4.15955e-06
 Reference value :  4.16190e-06
 Reference value :  4.16434e-06
 Reference value :  4.16668e-06
 Reference value :  4.16912e-06
 Reference value :  4.17156e-06
 Reference value :  4.17400e-06
 Reference value :  4.17635e-06
 Reference value :  4.17879e-06
 Reference value :  4.18123e-06
 Reference value :  4.18358e-06
 Reference value :  4.18592e-06
 Reference value :  4.18827e-06
 Reference value :  4.19062e-06
 Reference value :  4.19297e-06
 Reference value :  4.19514e-06
 Reference value :  4.19749e-06
 Reference value :  4.19983e-06
 Reference value :  4.20218e-06
 Reference value :  4.20453e-06
 Reference value :  4.20688e-06
 Reference value :  4.20932e-06
 Reference value :  4.21167e-06
 Reference value :  4.21411e-06
 Reference value :  4.21646e-06
 Reference value :  4.21889e-06
 Reference value :  4.22133e-06
 Reference value :  4.22368e-06
 Reference value :  4.22612e-06
 Reference value :  4.22856e-06
 Reference value :  4.23091e-06
 Reference value :  4.23317e-06
 Reference value :  4.23552e-06
 Reference value :  4.23795e-06
 Reference value :  4.24021e-06
 Reference value :  4.24247e-06
 Reference value :  4.24482e-06
 Reference value :  4.24717e-06
 Reference value :  4.24952e-06
 Reference value :  4.25177e-06
 Reference value :  4.25412e-06
 Reference value :  4.25656e-06
 Reference value :  4.25891e-06
 Reference value :  4.26126e-06
 Reference value :  4.26361e-06
 Reference value :  4.26605e-06
 Reference value :  4.26840e-06
 Reference value :  4.27083e-06
 Reference value :  4.27327e-06
 Reference value :  4.27562e-06
 Reference value :  4.27797e-06
 Reference value :  4.28032e-06
 Reference value :  4.28276e-06
 Reference value :  4.28520e-06
 Reference value :  4.28745e-06
 Reference value :  4.28989e-06
 Reference value :  4.29224e-06
 Reference value :  4.29459e-06
 Reference value :  4.29694e-06
 Reference value :  4.29929e-06
 Reference value :  4.30164e-06
 Reference value :  4.30408e-06
 Reference value :  4.30642e-06
 Reference value :  4.30868e-06
 Reference value :  4.31103e-06
 Reference value :  4.31338e-06
 Reference value :  4.31564e-06
 Reference value :  4.31799e-06
 Reference value :  4.32033e-06
 Reference value :  4.32268e-06
 Reference value :  4.32503e-06
 Reference value :  4.32729e-06
 Reference value :  4.32964e-06
 Reference value :  4.33199e-06
 Reference value :  4.33434e-06
 Reference value :  4.33668e-06
 Reference value :  4.33903e-06
 Reference value :  4.34147e-06
 Reference value :  4.34373e-06
 Reference value :  4.34608e-06
 Reference value :  4.34834e-06
 Reference value :  4.35060e-06
 Reference value :  4.35285e-06
 Reference value :  4.35520e-06
 Reference value :  4.35746e-06
 Reference value :  4.35981e-06
 Reference value :  4.36207e-06
 Reference value :  4.36424e-06
 Reference value :  4.36658e-06
 Reference value :  4.36884e-06
 Reference value :  4.37101e-06
 Reference value :  4.37336e-06
 Reference value :  4.37571e-06
 Reference value :  4.37815e-06
 Reference value :  4.38049e-06
 Reference value :  4.38293e-06
 Reference value :  4.38537e-06
 Reference value :  4.38772e-06
 Reference value :  4.39016e-06
 Reference value :  4.39260e-06
 Reference value :  4.39504e-06
 Reference value :  4.39739e-06
 Reference value :  4.39983e-06
 Reference value :  4.40226e-06
 Reference value :  4.40461e-06
 Reference value :  4.40705e-06
 Reference value :  4.40949e-06
 Reference value :  4.41184e-06
 Reference value :  4.41428e-06
 Reference value :  4.41663e-06
 Reference value :  4.41907e-06
 Reference value :  4.42150e-06
 Reference value :  4.42394e-06
 Reference value :  4.42629e-06
 Reference value :  4.42873e-06
 Reference value :  4.43117e-06
 Reference value :  4.43352e-06
 Reference value :  4.43596e-06
 Reference value :  4.43831e-06
 Reference value :  4.44111e-06
 Reference value :  4.44427e-06
 Reference value :  4.44788e-06
 Reference value :  4.45131e-06
 Reference value :  4.45448e-06
 Reference value :  4.45764e-06
 Reference value :  4.46134e-06
 Reference value :  4.46468e-06
 Reference value :  4.46730e-06
 Reference value :  4.47001e-06
 Reference value :  4.47272e-06
 Reference value :  4.47633e-06
 Reference value :  4.47995e-06
 Reference value :  4.48347e-06
 Reference value :  4.48690e-06
 Reference value :  4.49025e-06
 Reference value :  4.49386e-06
 Reference value :  4.49783e-06
 Reference value :  4.50199e-06
 Reference value :  4.50578e-06
 Reference value :  4.50976e-06
 Reference value :  4.51310e-06
 Reference value :  4.51581e-06
 Reference value :  4.51852e-06
 Reference value :  4.52186e-06
 Reference value :  4.52584e-06
 Reference value :  4.52954e-06
 Reference value :  4.53234e-06
 Reference value :  4.53469e-06
 Reference value :  4.53695e-06
 Reference value :  4.53939e-06
 Reference value :  4.54182e-06
 Reference value :  4.54426e-06
 Reference value :  4.54661e-06
 Reference value :  4.54896e-06
 Reference value :  4.55140e-06
 Reference value :  4.55375e-06
 Reference value :  4.55601e-06
 Reference value :  4.55826e-06
 Reference value :  4.56052e-06
 Reference value :  4.56287e-06
 Reference value :  4.56513e-06
 Reference value :  4.56748e-06
 Reference value :  4.56983e-06
 Reference value :  4.57218e-06
 Reference value :  4.57461e-06
 Reference value :  4.57705e-06
 Reference value :  4.57949e-06
 Reference value :  4.58184e-06
 Reference value :  4.58419e-06
 Reference value :  4.58663e-06
 Reference value :  4.58907e-06
 Reference value :  4.59151e-06
 Reference value :  4.59385e-06
 Reference value :  4.59620e-06
 Reference value :  4.59855e-06
 Reference value :  4.60090e-06
 Reference value :  4.60325e-06
 Reference value :  4.60560e-06
 Reference value :  4.60804e-06
 Reference value :  4.61038e-06
 Reference value :  4.61273e-06
 Reference value :  4.61517e-06
 Reference value :  4.61752e-06
 Reference value :  4.62005e-06
 Reference value :  4.62366e-06
 Reference value :  4.62719e-06
 Reference value :  4.63071e-06
 Reference value :  4.63405e-06
 Reference value :  4.63757e-06
 Reference value :  4.64083e-06
 Reference value :  4.64444e-06
 Reference value :  4.64787e-06
 Reference value :  4.65148e-06
 Reference value :  4.65510e-06
 Reference value :  4.65853e-06
 Reference value :  4.66214e-06
 Reference value :  4.66576e-06
 Reference value :  4.66874e-06
 Reference value :  4.67199e-06
 Reference value :  4.67524e-06
 Reference value :  4.67867e-06
 Reference value :  4.68211e-06
 Reference value :  4.68563e-06
 Reference value :  4.68933e-06
 Reference value :  4.69286e-06
 Reference value :  4.69665e-06
 Reference value :  4.70017e-06
 Reference value :  4.70397e-06
 Reference value :  4.70758e-06
 Reference value :  4.71074e-06
 Reference value :  4.71345e-06
 Reference value :  4.71607e-06
 Reference value :  4.71878e-06
 Reference value :  4.72140e-06
 Reference value :  4.72411e-06
 Reference value :  4.72682e-06
 Reference value :  4.72944e-06
 Reference value :  4.73215e-06
 Reference value :  4.73513e-06
 Reference value :  4.73910e-06
 Reference value :  4.74209e-06
 Reference value :  4.74471e-06
 Reference value :  4.74742e-06
 Reference value :  4.75003e-06
 Reference value :  4.75284e-06
 Reference value :  4.75564e-06
 Reference value :  4.75807e-06
 Reference value :  4.76078e-06
 Reference value :  4.76340e-06
 Reference value :  4.76611e-06
 Reference value :  4.76882e-06
 Reference value :  4.77153e-06
 Reference value :  4.77424e-06
 Reference value :  4.77686e-06
 Reference value :  4.77957e-06
 Reference value :  4.78228e-06
 Reference value :  4.78490e-06
 Reference value :  4.78788e-06
 Reference value :  4.79086e-06
 Reference value :  4.79448e-06
 Reference value :  4.79836e-06
 Reference value :  4.80107e-06
 Reference value :  4.80378e-06
 Reference value :  4.80640e-06
 Reference value :  4.80911e-06
 Reference value :  4.81173e-06
 Reference value :  4.81426e-06
 Reference value :  4.81697e-06
 Reference value :  4.81968e-06
 Reference value :  4.82239e-06
 Reference value :  4.82501e-06
 Reference value :  4.82772e-06
 Reference value :  4.83034e-06
 Reference value :  4.83386e-06
 Reference value :  4.83802e-06
 Reference value :  4.84172e-06
 Reference value :  4.84443e-06
 Reference value :  4.84714e-06
 Reference value :  4.84985e-06
 Reference value :  4.85256e-06
 Reference value :  4.85527e-06
 Reference value :  4.85798e-06
 Reference value :  4.86060e-06
 Reference value :  4.86349e-06
 Reference value :  4.86746e-06
 Reference value :  4.87026e-06
 Reference value :  4.87306e-06
 Reference value :  4.87568e-06
 Reference value :  4.87803e-06
 Reference value :  4.88047e-06
 Reference value :  4.88291e-06
 Reference value :  4.88535e-06
 Reference value :  4.88770e-06
 Reference value :  4.89014e-06
 Reference value :  4.89249e-06
 Reference value :  4.89492e-06
 Reference value :  4.89727e-06
 Reference value :  4.89962e-06
 Reference value :  4.90197e-06
 Reference value :  4.90486e-06
 Reference value :  4.90757e-06
 Reference value :  4.91010e-06
 Reference value :  4.91272e-06
 Reference value :  4.91534e-06
 Reference value :  4.91796e-06
 Reference value :  4.92067e-06
 Reference value :  4.92329e-06
 Reference value :  4.92699e-06
 Reference value :  4.93088e-06
 Reference value :  4.93431e-06
 Reference value :  4.93801e-06
 Reference value :  4.94162e-06
 Reference value :  4.94488e-06
 Reference value :  4.94750e-06
 Reference value :  4.95021e-06
 Reference value :  4.95382e-06
 Reference value :  4.95716e-06
 Reference value :  4.96105e-06
 Reference value :  4.96475e-06
 Reference value :  4.96836e-06
 Reference value :  4.97198e-06
 Reference value :  4.97559e-06
 Reference value :  4.97920e-06
 Reference value :  4.98272e-06
 Reference value :  4.98625e-06
 Reference value :  4.98977e-06
 Reference value :  4.99338e-06
 Reference value :  4.99682e-06
 Reference value :  5.00034e-06
 Reference value :  5.00395e-06
 Reference value :  5.00757e-06
 Reference value :  5.01127e-06
 Reference value :  5.01524e-06
 Reference value :  5.01895e-06
 Reference value :  5.02265e-06
 Reference value :  5.02644e-06
 Reference value :  5.03024e-06
 Reference value :  5.03394e-06
 Reference value :  5.03774e-06
 Reference value :  5.04180e-06
 Reference value :  5.04550e-06
 Reference value :  5.04948e-06
 Reference value :  5.05327e-06
 Reference value :  5.05707e-06
 Reference value :  5.05987e-06
 Reference value :  5.06212e-06
 Reference value :  5.06456e-06
 Reference value :  5.06700e-06
 Reference value :  5.06935e-06
 Reference value :  5.07179e-06
 Reference value :  5.07423e-06
 Reference value :  5.07676e-06
 Reference value :  5.07929e-06
 Reference value :  5.08173e-06
 Reference value :  5.08408e-06
 Reference value :  5.08651e-06
 Reference value :  5.08895e-06
 Reference value :  5.09130e-06
 Reference value :  5.09374e-06
 Reference value :  5.09618e-06
 Reference value :  5.09853e-06
 Reference value :  5.10097e-06
 Reference value :  5.10341e-06
 Reference value :  5.10584e-06
 Reference value :  5.10828e-06
 Reference value :  5.11072e-06
 Reference value :  5.11316e-06
 Reference value :  5.11560e-06
 Reference value :  5.11795e-06
 Reference value :  5.12048e-06
 Reference value :  5.12292e-06
 Reference value :  5.12536e-06
 Reference value :  5.12779e-06
 Reference value :  5.13023e-06
 Reference value :  5.13267e-06
 Reference value :  5.13511e-06
 Reference value :  5.13746e-06
 Reference value :  5.13981e-06
 Reference value :  5.14234e-06
 Reference value :  5.14469e-06
 Reference value :  5.14704e-06
 Reference value :  5.14956e-06
 Reference value :  5.15200e-06
 Reference value :  5.15444e-06
 Reference value :  5.15688e-06
 Reference value :  5.15932e-06
 Reference value :  5.16176e-06
 Reference value :  5.16411e-06
 Reference value :  5.16664e-06
 Reference value :  5.16908e-06
 Reference value :  5.17151e-06
 Reference value :  5.17386e-06
 Reference value :  5.17630e-06
 Reference value :  5.17874e-06
 Reference value :  5.18118e-06
 Reference value :  5.18362e-06
 Reference value :  5.18606e-06
 Reference value :  5.18850e-06
 Reference value :  5.19202e-06
 Reference value :  5.19518e-06
 Reference value :  5.19925e-06
 Reference value :  5.20286e-06
 Reference value :  5.20638e-06
 Reference value :  5.21036e-06
 Reference value :  5.21361e-06
 Reference value :  5.21731e-06
 Reference value :  5.22074e-06
 Reference value :  5.22345e-06
 Reference value :  5.22616e-06
 Reference value :  5.22869e-06
 Reference value :  5.23167e-06
 Reference value :  5.23547e-06
 Reference value :  5.23953e-06
 Reference value :  5.24351e-06
 Reference value :  5.24721e-06
 Reference value :  5.25128e-06
 Reference value :  5.25507e-06
 Reference value :  5.25877e-06
 Reference value :  5.26284e-06
 Reference value :  5.26672e-06
 Reference value :  5.26988e-06
 Reference value :  5.27268e-06
 Reference value :  5.27621e-06
 Reference value :  5.28000e-06
 Reference value :  5.28361e-06
 Reference value :  5.28723e-06
 Reference value :  5.29084e-06
 Reference value :  5.29463e-06
 Reference value :  5.29825e-06
 Reference value :  5.30204e-06
 Reference value :  5.30565e-06
 Reference value :  5.30936e-06
 Reference value :  5.31288e-06
 Reference value :  5.31667e-06
 Reference value :  5.32029e-06
 Reference value :  5.32408e-06
 Reference value :  5.32688e-06
 Reference value :  5.32968e-06
 Reference value :  5.33248e-06
 Reference value :  5.33528e-06
 Reference value :  5.33790e-06
 Reference value :  5.34061e-06
 Reference value :  5.34332e-06
 Reference value :  5.34603e-06
 Reference value :  5.34874e-06
 Reference value :  5.35145e-06
 Reference value :  5.35416e-06
 Reference value :  5.35687e-06
 Reference value :  5.35949e-06
 Reference value :  5.36220e-06
 Reference value :  5.36572e-06
 Reference value :  5.36952e-06
 Reference value :  5.37376e-06
 Reference value :  5.37747e-06
 Reference value :  5.38171e-06
 Reference value :  5.38560e-06
 Reference value :  5.38939e-06
 Reference value :  5.39291e-06
 Reference value :  5.39626e-06
 Reference value :  5.39897e-06
 Reference value :  5.40168e-06
 Reference value :  5.40429e-06
 Reference value :  5.40746e-06
 Reference value :  5.41089e-06
 Reference value :  5.41441e-06
 Reference value :  5.41775e-06
 Reference value :  5.42110e-06
 Reference value :  5.42471e-06
 Reference value :  5.42832e-06
 Reference value :  5.43185e-06
 Reference value :  5.43519e-06
 Reference value :  5.43898e-06
 Reference value :  5.44269e-06
 Reference value :  5.44612e-06
 Reference value :  5.44955e-06
 Reference value :  5.45289e-06
 Reference value :  5.45560e-06
 Reference value :  5.45831e-06
 Reference value :  5.46102e-06
 Reference value :  5.46382e-06
 Reference value :  5.46653e-06
 Reference value :  5.46924e-06
 Reference value :  5.47331e-06
 Reference value :  5.47665e-06
 Reference value :  5.48008e-06
 Reference value :  5.48370e-06
 Reference value :  5.48749e-06
 Reference value :  5.49128e-06
 Reference value :  5.49481e-06
 Reference value :  5.49752e-06
 Reference value :  5.50032e-06
 Reference value :  5.50303e-06
 Reference value :  5.50565e-06
 Reference value :  5.50836e-06
 Reference value :  5.51107e-06
 Reference value :  5.51377e-06
 Reference value :  5.51648e-06
 Reference value :  5.51919e-06
 Reference value :  5.52199e-06
 Reference value :  5.52461e-06
 Reference value :  5.52741e-06
 Reference value :  5.53021e-06
 Reference value :  5.53274e-06
 Reference value :  5.53554e-06
 Reference value :  5.53834e-06
 Reference value :  5.54105e-06
 Reference value :  5.54376e-06
 Reference value :  5.54647e-06
 Reference value :  5.55000e-06
 Reference value :  5.55388e-06
 Reference value :  5.55777e-06
 Reference value :  5.56174e-06
 Reference value :  5.56535e-06
 Reference value :  5.56915e-06
 Reference value :  5.57285e-06
 Reference value :  5.57646e-06
 Reference value :  5.58017e-06
 Reference value :  5.58360e-06
 Reference value :  5.58721e-06
 Reference value :  5.59083e-06
 Reference value :  5.59435e-06
 Reference value :  5.59787e-06
 Reference value :  5.60149e-06
 Reference value :  5.60528e-06
 Reference value :  5.60862e-06
 Reference value :  5.61214e-06
 Reference value :  5.61576e-06
 Reference value :  5.61937e-06
 Reference value :  5.62307e-06
 Reference value :  5.62651e-06
 Reference value :  5.62994e-06
 Reference value :  5.63337e-06
 Reference value :  5.63671e-06
 Reference value :  5.64042e-06
 Reference value :  5.64385e-06
 Reference value :  5.64746e-06
 Reference value :  5.65017e-06
 Reference value :  5.65288e-06
 Reference value :  5.65568e-06
 Reference value :  5.65839e-06
 Reference value :  5.66110e-06
 Reference value :  5.66390e-06
 Reference value :  5.66670e-06
 Reference value :  5.66950e-06
 Reference value :  5.67212e-06
 Reference value :  5.67483e-06
 Reference value :  5.67754e-06
 Reference value :  5.68089e-06
 Reference value :  5.68459e-06
 Reference value :  5.68856e-06
 Reference value :  5.69254e-06
 Reference value :  5.69615e-06
 Reference value :  5.69995e-06
 Reference value :  5.70320e-06
 Reference value :  5.70591e-06
 Reference value :  5.70853e-06
 Reference value :  5.71115e-06
 Reference value :  5.71386e-06
 Reference value :  5.71648e-06
 Reference value :  5.71910e-06
 Reference value :  5.72171e-06
 Reference value :  5.72442e-06
 Reference value :  5.72704e-06
 Reference value :  5.72966e-06
 Reference value :  5.73237e-06
 Reference value :  5.73499e-06
 Reference value :  5.73770e-06
 Reference value :  5.74041e-06
 Reference value :  5.74312e-06
 Reference value :  5.74574e-06
 Reference value :  5.74845e-06
 Reference value :  5.75116e-06
 Reference value :  5.75369e-06
 Reference value :  5.75640e-06
 Reference value :  5.75911e-06
 Reference value :  5.76173e-06
 Reference value :  5.76444e-06
 Reference value :  5.76715e-06
 Reference value :  5.76986e-06
 Reference value :  5.77248e-06
 Reference value :  5.77519e-06
 Reference value :  5.77790e-06
 Reference value :  5.78052e-06
 Reference value :  5.78323e-06
 Reference value :  5.78594e-06
 Reference value :  5.78865e-06
 Reference value :  5.79136e-06
 Reference value :  5.79407e-06
 Reference value :  5.79669e-06
 Reference value :  5.79931e-06
 Reference value :  5.80193e-06
 Reference value :  5.80464e-06
 Reference value :  5.80735e-06
 Reference value :  5.80988e-06
 Reference value :  5.81259e-06
 Reference value :  5.81530e-06
 Reference value :  5.81792e-06
 Reference value :  5.82063e-06
 Reference value :  5.82325e-06
 Reference value :  5.82587e-06
 Reference value :  5.82857e-06
 Reference value :  5.83119e-06
 Reference value :  5.83390e-06
 Reference value :  5.83643e-06
 Reference value :  5.83914e-06
 Reference value :  5.84185e-06
 Reference value :  5.84447e-06
 Reference value :  5.84718e-06
 Reference value :  5.84989e-06
 Reference value :  5.85260e-06
 Reference value :  5.85531e-06
 Reference value :  5.85875e-06
 Reference value :  5.86272e-06
 Reference value :  5.86543e-06
 Reference value :  5.86814e-06
 Reference value :  5.87085e-06
 Reference value :  5.87374e-06
 Reference value :  5.87790e-06
 Reference value :  5.88151e-06
 Reference value :  5.88422e-06
 Reference value :  5.88702e-06
 Reference value :  5.88973e-06
 Reference value :  5.89217e-06
 Reference value :  5.89479e-06
 Reference value :  5.89741e-06
 Reference value :  5.90003e-06
 Reference value :  5.90265e-06
 Reference value :  5.90545e-06
 Reference value :  5.90816e-06
 Reference value :  5.91096e-06
 Reference value :  5.91367e-06
 Reference value :  5.91647e-06
 Reference value :  5.91918e-06
 Reference value :  5.92189e-06
 Reference value :  5.92460e-06
 Reference value :  5.92731e-06
 Reference value :  5.92993e-06
 Reference value :  5.93264e-06
 Reference value :  5.93535e-06
 Reference value :  5.93805e-06
 Reference value :  5.94086e-06
 Reference value :  5.94357e-06
 Reference value :  5.94627e-06
 Reference value :  5.94880e-06
 Reference value :  5.95151e-06
 Reference value :  5.95422e-06
 Reference value :  5.95693e-06
 Reference value :  5.95964e-06
 Reference value :  5.96235e-06
 Reference value :  5.96506e-06
 Reference value :  5.96768e-06
 Reference value :  5.97048e-06
 Reference value :  5.97319e-06
 Reference value :  5.97581e-06
 Reference value :  5.97861e-06
 Reference value :  5.98132e-06
 Reference value :  5.98403e-06
 Reference value :  5.98674e-06
 Reference value :  5.98945e-06
 Reference value :  5.99216e-06
 Reference value :  5.99487e-06
 Reference value :  5.99767e-06
 Reference value :  6.00038e-06
 Reference value :  6.00300e-06
 Reference value :  6.00689e-06
 Reference value :  6.01050e-06
 Reference value :  6.01420e-06
 Reference value :  6.01764e-06
 Reference value :  6.02107e-06
 Reference value :  6.02450e-06
 Reference value :  6.02775e-06
 Reference value :  6.03082e-06
 Reference value :  6.03408e-06
 Reference value :  6.03769e-06
 Reference value :  6.04121e-06
 Reference value :  6.04483e-06
 Reference value :  6.04835e-06
 Reference value :  6.05187e-06
 Reference value :  6.05585e-06
 Reference value :  6.05955e-06
 Reference value :  6.06325e-06
 Reference value :  6.06678e-06
 Reference value :  6.07021e-06
 Reference value :  6.07382e-06
 Reference value :  6.07671e-06
 Reference value :  6.07978e-06
 Reference value :  6.08358e-06
 Reference value :  6.08710e-06
 Reference value :  6.09107e-06
 Reference value :  6.09433e-06
 Reference value :  6.09704e-06
 Reference value :  6.09975e-06
 Reference value :  6.10237e-06
 Reference value :  6.10508e-06
 Reference value :  6.10779e-06
 Reference value :  6.11049e-06
 Reference value :  6.11302e-06
 Reference value :  6.11573e-06
 Reference value :  6.11835e-06
 Reference value :  6.12106e-06
 Reference value :  6.12377e-06
 Reference value :  6.12648e-06
 Reference value :  6.12919e-06
 Reference value :  6.13190e-06
 Reference value :  6.13452e-06
 Reference value :  6.13723e-06
 Reference value :  6.13994e-06
 Reference value :  6.14256e-06
 Reference value :  6.14527e-06
 Reference value :  6.14798e-06
 Reference value :  6.15069e-06
 Reference value :  6.15340e-06
 Reference value :  6.15620e-06
 Reference value :  6.15891e-06
 Reference value :  6.16162e-06
 Reference value :  6.16442e-06
 Reference value :  6.16713e-06
 Reference value :  6.16966e-06
 Reference value :  6.17237e-06
 Reference value :  6.17508e-06
 Reference value :  6.17788e-06
 Reference value :  6.18059e-06
 Reference value :  6.18330e-06
 Reference value :  6.18601e-06
 Reference value :  6.18863e-06
 Reference value :  6.19134e-06
 Reference value :  6.19405e-06
 Reference value :  6.19667e-06
 Reference value :  6.19938e-06
 Reference value :  6.20209e-06
 Reference value :  6.20489e-06
 Reference value :  6.20760e-06
 Reference value :  6.21031e-06
 Reference value :  6.21293e-06
 Reference value :  6.21573e-06
 Reference value :  6.21844e-06
 Reference value :  6.22124e-06
 Reference value :  6.22395e-06
 Reference value :  6.22666e-06
 Reference value :  6.22937e-06
 Reference value :  6.23199e-06
 Reference value :  6.23470e-06
 Reference value :  6.23741e-06
 Reference value :  6.24021e-06
 Reference value :  6.24427e-06
 Reference value :  6.24816e-06
 Reference value :  6.25168e-06
 Reference value :  6.25529e-06
 Reference value :  6.25882e-06
 Reference value :  6.26216e-06
 Reference value :  6.26568e-06
 Reference value :  6.26948e-06
 Reference value :  6.27291e-06
 Reference value :  6.27661e-06
 Reference value :  6.28022e-06
 Reference value :  6.28375e-06
 Reference value :  6.28754e-06
 Reference value :  6.29115e-06
 Reference value :  6.29468e-06
 Reference value :  6.29829e-06
 Reference value :  6.30181e-06
 Reference value :  6.30570e-06
 Reference value :  6.30922e-06
 Reference value :  6.31202e-06
 Reference value :  6.31473e-06
 Reference value :  6.31735e-06
 Reference value :  6.32015e-06
 Reference value :  6.32286e-06
 Reference value :  6.32557e-06
 Reference value :  6.32837e-06
 Reference value :  6.33117e-06
 Reference value :  6.33388e-06
 Reference value :  6.33650e-06
 Reference value :  6.33921e-06
 Reference value :  6.34192e-06
 Reference value :  6.34463e-06
 Reference value :  6.34734e-06
 Reference value :  6.35014e-06
 Reference value :  6.35294e-06
 Reference value :  6.35565e-06
 Reference value :  6.35836e-06
 Reference value :  6.36107e-06
 Reference value :  6.36369e-06
 Reference value :  6.36631e-06
 Reference value :  6.36893e-06
 Reference value :  6.37164e-06
 Reference value :  6.37435e-06
 Reference value :  6.37706e-06
 Reference value :  6.37977e-06
 Reference value :  6.38239e-06
 Reference value :  6.38501e-06
 Reference value :  6.38772e-06
 Reference value :  6.39025e-06
 Reference value :  6.39296e-06
 Reference value :  6.39558e-06
 Reference value :  6.39829e-06
 Reference value :  6.40091e-06
 Reference value :  6.40353e-06
 Reference value :  6.40615e-06
 Reference value :  6.40876e-06
 Reference value :  6.41147e-06
 Reference value :  6.41418e-06
 Reference value :  6.41680e-06
 Reference value :  6.41933e-06
 Reference value :  6.42204e-06
 Reference value :  6.42475e-06
 Reference value :  6.42737e-06
 Reference value :  6.43008e-06
 Reference value :  6.43279e-06
 Reference value :  6.43541e-06
 Reference value :  6.43812e-06
 Reference value :  6.44083e-06
 Reference value :  6.44354e-06
 Reference value :  6.44616e-06
 Reference value :  6.44878e-06
 Reference value :  6.45149e-06
 Reference value :  6.45420e-06
 Reference value :  6.45691e-06
 Reference value :  6.45953e-06
 Reference value :  6.46224e-06
 Reference value :  6.46495e-06
 Reference value :  6.46766e-06
 Reference value :  6.47046e-06
 Reference value :  6.47299e-06
 Reference value :  6.47570e-06
 Reference value :  6.47841e-06
 Reference value :  6.48121e-06
 Reference value :  6.48401e-06
 Reference value :  6.48663e-06
 Reference value :  6.48934e-06
 Reference value :  6.49196e-06
 Reference value :  6.49467e-06
 Reference value :  6.49738e-06
 Reference value :  6.50000e-06
 Reference value :  6.50271e-06
 Reference value :  6.50542e-06
 Reference value :  6.50813e-06
 Reference value :  6.51093e-06
 Reference value :  6.51364e-06
 Reference value :  6.51635e-06
 Reference value :  6.51906e-06
 Reference value :  6.52168e-06
 Reference value :  6.52439e-06
 Reference value :  6.52710e-06
 Reference value :  6.52963e-06
 Reference value :  6.53243e-06
 Reference value :  6.53523e-06
 Reference value :  6.53794e-06
 Reference value :  6.54065e-06
 Reference value :  6.54345e-06
 Reference value :  6.54616e-06
 Reference value :  6.54887e-06
 Reference value :  6.55167e-06
 Reference value :  6.55438e-06
 Reference value :  6.55691e-06
 Reference value :  6.55962e-06
 Reference value :  6.56233e-06
 Reference value :  6.56513e-06
 Reference value :  6.56784e-06
 Reference value :  6.57064e-06
 Reference value :  6.57335e-06
 Reference value :  6.57597e-06
 Reference value :  6.57868e-06
 Reference value :  6.58148e-06
 Reference value :  6.58410e-06
 Reference value :  6.58681e-06
 Reference value :  6.58951e-06
 Reference value :  6.59222e-06
 Reference value :  6.59503e-06
 Reference value :  6.59773e-06
 Reference value :  6.60044e-06
 Reference value :  6.60325e-06
 Reference value :  6.60595e-06
 Reference value :  6.60876e-06
 Reference value :  6.61147e-06
 Reference value :  6.61417e-06
 Reference value :  6.61688e-06
 Reference value :  6.61959e-06
 Reference value :  6.62230e-06
 Reference value :  6.62501e-06
 Reference value :  6.62781e-06
 Reference value :  6.63052e-06
 Reference value :  6.63314e-06
 Reference value :  6.63585e-06
 Reference value :  6.63856e-06
 Reference value :  6.64127e-06
 Reference value :  6.64398e-06
 Reference value :  6.64669e-06
 Reference value :  6.64940e-06
 Reference value :  6.65211e-06
 Reference value :  6.65491e-06
 Reference value :  6.65762e-06
 Reference value :  6.66024e-06
 Reference value :  6.66295e-06
 Reference value :  6.66557e-06
 Reference value :  6.66819e-06
 Reference value :  6.67090e-06
 Reference value :  6.67361e-06
 Reference value :  6.67641e-06
 Reference value :  6.67912e-06
 Reference value :  6.68192e-06
 Reference value :  6.68472e-06
 Reference value :  6.68734e-06
 Reference value :  6.69014e-06
 Reference value :  6.69285e-06
 Reference value :  6.69547e-06
 Reference value :  6.69818e-06
 Reference value :  6.70098e-06
 Reference value :  6.70369e-06
 Reference value :  6.70640e-06
 Reference value :  6.70911e-06
 Reference value :  6.71182e-06
 Reference value :  6.71453e-06
 Reference value :  6.71724e-06
 Reference value :  6.71986e-06
 Reference value :  6.72248e-06
 Reference value :  6.72546e-06
 Reference value :  6.72817e-06
 Reference value :  6.73088e-06
 Reference value :  6.73368e-06
 Reference value :  6.73639e-06
 Reference value :  6.73910e-06
 Reference value :  6.74181e-06
 Reference value :  6.74452e-06
 Reference value :  6.74732e-06
 Reference value :  6.74994e-06
 Reference value :  6.75265e-06
 Reference value :  6.75545e-06
 Reference value :  6.75816e-06
 Reference value :  6.76087e-06
 Reference value :  6.76358e-06
 Reference value :  6.76638e-06
 Reference value :  6.76909e-06
 Reference value :  6.77180e-06
 Reference value :  6.77451e-06
 Reference value :  6.77713e-06
 Reference value :  6.77984e-06
 Reference value :  6.78255e-06
 Reference value :  6.78526e-06
 Reference value :  6.78797e-06
 Reference value :  6.79068e-06
 Reference value :  6.79339e-06
 Reference value :  6.79610e-06
 Reference value :  6.79863e-06
 Reference value :  6.80134e-06
 Reference value :  6.80396e-06
 Reference value :  6.80649e-06
 Reference value :  6.80929e-06
 Reference value :  6.81200e-06
 Reference value :  6.81471e-06
 Reference value :  6.81742e-06
 Reference value :  6.82013e-06
 Reference value :  6.82284e-06
 Reference value :  6.82555e-06
 Reference value :  6.82835e-06
 Reference value :  6.83115e-06
 Reference value :  6.83377e-06
 Reference value :  6.83648e-06
 Reference value :  6.83928e-06
 Reference value :  6.84199e-06
 Reference value :  6.84461e-06
 Reference value :  6.84741e-06
 Reference value :  6.85012e-06
 Reference value :  6.85274e-06
 Reference value :  6.85554e-06
 Reference value :  6.85825e-06
 Reference value :  6.86087e-06
 Reference value :  6.86358e-06
 Reference value :  6.86638e-06
 Reference value :  6.86918e-06
 Reference value :  6.87189e-06
 Reference value :  6.87460e-06
 Reference value :  6.87731e-06
 Reference value :  6.88011e-06
 Reference value :  6.88282e-06
 Reference value :  6.88553e-06
 Reference value :  6.88815e-06
 Reference value :  6.89086e-06
 Reference value :  6.89357e-06
 Reference value :  6.89637e-06
 Reference value :  6.89908e-06
 Reference value :  6.90179e-06
 Reference value :  6.90450e-06
 Reference value :  6.90721e-06
 Reference value :  6.90992e-06
 Reference value :  6.91263e-06
 Reference value :  6.91524e-06
 Reference value :  6.91786e-06
 Reference value :  6.92066e-06
 Reference value :  6.92337e-06
 Reference value :  6.92608e-06
 Reference value :  6.92879e-06
 Reference value :  6.93150e-06
 Reference value :  6.93421e-06
 Reference value :  6.93692e-06
 Reference value :  6.93963e-06
 Reference value :  6.94234e-06
 Reference value :  6.94496e-06
 Reference value :  6.94767e-06
 Reference value :  6.95038e-06
 Reference value :  6.95309e-06
 Reference value :  6.95580e-06
 Reference value :  6.95851e-06
 Reference value :  6.96122e-06
 Reference value :  6.96384e-06
 Reference value :  6.96664e-06
 Reference value :  6.96944e-06
 Reference value :  6.97197e-06
 Reference value :  6.97468e-06
 Reference value :  6.97739e-06
 Reference value :  6.98010e-06
 Reference value :  6.98281e-06
 Reference value :  6.98552e-06
 Reference value :  6.98823e-06
 Reference value :  6.99094e-06
 Reference value :  6.99374e-06
 Reference value :  6.99654e-06
 Reference value :  6.99916e-06
 Reference value :  7.00187e-06
 Reference value :  7.00449e-06
 Reference value :  7.00729e-06
 Reference value :  7.01009e-06
 Reference value :  7.01280e-06
 Reference value :  7.01560e-06
 Reference value :  7.01831e-06
 Reference value :  7.02102e-06
 Reference value :  7.02373e-06
 Reference value :  7.02635e-06
 Reference value :  7.02906e-06
 Reference value :  7.03186e-06
 Reference value :  7.03457e-06
 Reference value :  7.03728e-06
 Reference value :  7.04008e-06
 Reference value :  7.04288e-06
 Reference value :  7.04559e-06
 Reference value :  7.04830e-06
 Reference value :  7.05101e-06
 Reference value :  7.05363e-06
 Reference value :  7.05643e-06
 Reference value :  7.05914e-06
 Reference value :  7.06185e-06
 Reference value :  7.06447e-06
 Reference value :  7.06709e-06
 Reference value :  7.06980e-06
 Reference value :  7.07251e-06
 Reference value :  7.07513e-06
 Reference value :  7.07784e-06
 Reference value :  7.08055e-06
 Reference value :  7.08317e-06
 Reference value :  7.08588e-06
 Reference value :  7.08859e-06
 Reference value :  7.09130e-06
 Reference value :  7.09401e-06
 Reference value :  7.09672e-06
 Reference value :  7.09934e-06
 Reference value :  7.10295e-06
 Reference value :  7.10575e-06
 Reference value :  7.10810e-06
 Reference value :  7.11027e-06
 Reference value :  7.11271e-06
 Reference value :  7.11505e-06
 Reference value :  7.11740e-06
 Reference value :  7.11984e-06
 Reference value :  7.12219e-06
 Reference value :  7.12463e-06
 Reference value :  7.12707e-06
 Reference value :  7.12933e-06
 Reference value :  7.13177e-06
 Reference value :  7.13411e-06
 Reference value :  7.13655e-06
 Reference value :  7.13890e-06
 Reference value :  7.14143e-06
 Reference value :  7.14387e-06
 Reference value :  7.14631e-06
 Reference value :  7.14875e-06
 Reference value :  7.15092e-06
 Reference value :  7.15317e-06
 Reference value :  7.15543e-06
 Reference value :  7.15769e-06
 Reference value :  7.15995e-06
 Reference value :  7.16239e-06
 Reference value :  7.16474e-06
 Reference value :  7.16708e-06
 Reference value :  7.16943e-06
 Reference value :  7.17187e-06
 Reference value :  7.17422e-06
 Reference value :  7.17657e-06
 Reference value :  7.17892e-06
 Reference value :  7.18118e-06
 Reference value :  7.18352e-06
 Reference value :  7.18578e-06
 Reference value :  7.18813e-06
 Reference value :  7.19048e-06
 Reference value :  7.19265e-06
 Reference value :  7.19500e-06
 Reference value :  7.19744e-06
 Reference value :  7.19987e-06
 Reference value :  7.20213e-06
 Reference value :  7.20457e-06
 Reference value :  7.20701e-06
 Reference value :  7.20945e-06
 Reference value :  7.21189e-06
 Reference value :  7.21424e-06
 Reference value :  7.21668e-06
 Reference value :  7.21902e-06
 Reference value :  7.22146e-06
 Reference value :  7.22390e-06
 Reference value :  7.22634e-06
 Reference value :  7.22869e-06
 Reference value :  7.23104e-06
 Reference value :  7.23348e-06
 Reference value :  7.23592e-06
 Reference value :  7.23836e-06
 Reference value :  7.24070e-06
 Reference value :  7.24305e-06
 Reference value :  7.24549e-06
 Reference value :  7.24775e-06
 Reference value :  7.25019e-06
 Reference value :  7.25263e-06
 Reference value :  7.25507e-06
 Reference value :  7.25751e-06
 Reference value :  7.25976e-06
 Reference value :  7.26220e-06
 Reference value :  7.26464e-06
 Reference value :  7.26708e-06
 Reference value :  7.26952e-06
 Reference value :  7.27196e-06
 Reference value :  7.27440e-06
 Reference value :  7.27675e-06
 Reference value :  7.27918e-06
 Reference value :  7.28162e-06
 Reference value :  7.28406e-06
 Reference value :  7.28641e-06
 Reference value :  7.28876e-06
 Reference value :  7.29111e-06
 Reference value :  7.29346e-06
 Reference value :  7.29571e-06
 Reference value :  7.29806e-06
 Reference value :  7.30041e-06
 Reference value :  7.30267e-06
 Reference value :  7.30502e-06
 Reference value :  7.30746e-06
 Reference value :  7.30990e-06
 Reference value :  7.31234e-06
 Reference value :  7.31477e-06
 Reference value :  7.31721e-06
 Reference value :  7.31974e-06
 Reference value :  7.32218e-06
 Reference value :  7.32462e-06
 Reference value :  7.32715e-06
 Reference value :  7.32959e-06
 Reference value :  7.33203e-06
 Reference value :  7.33447e-06
 Reference value :  7.33691e-06
 Reference value :  7.33943e-06
 Reference value :  7.34178e-06
 Reference value :  7.34422e-06
 Reference value :  7.34666e-06
 Reference value :  7.34919e-06
 Reference value :  7.35163e-06
 Reference value :  7.35398e-06
 Reference value :  7.35651e-06
 Reference value :  7.35886e-06
 Reference value :  7.36129e-06
 Reference value :  7.36373e-06
 Reference value :  7.36617e-06
 Reference value :  7.36870e-06
 Reference value :  7.37114e-06
 Reference value :  7.37358e-06
 Reference value :  7.37602e-06
 Reference value :  7.37846e-06
 Reference value :  7.38081e-06
 Reference value :  7.38306e-06
 Reference value :  7.38532e-06
 Reference value :  7.38767e-06
 Reference value :  7.39011e-06
 Reference value :  7.39246e-06
 Reference value :  7.39481e-06
 Reference value :  7.39725e-06
 Reference value :  7.39959e-06
 Reference value :  7.40203e-06
 Reference value :  7.40438e-06
 Reference value :  7.40673e-06
 Reference value :  7.40908e-06
 Reference value :  7.41143e-06
 Reference value :  7.41369e-06
 Reference value :  7.41612e-06
 Reference value :  7.41856e-06
 Reference value :  7.42091e-06
 Reference value :  7.42335e-06
 Reference value :  7.42579e-06
 Reference value :  7.42823e-06
 Reference value :  7.43067e-06
 Reference value :  7.43311e-06
 Reference value :  7.43555e-06
 Reference value :  7.43798e-06
 Reference value :  7.44033e-06
 Reference value :  7.44268e-06
 Reference value :  7.44503e-06
 Reference value :  7.44747e-06
 Reference value :  7.44991e-06
 Reference value :  7.45226e-06
 Reference value :  7.45470e-06
 Reference value :  7.45713e-06
 Reference value :  7.45957e-06
 Reference value :  7.46192e-06
 Reference value :  7.46427e-06
 Reference value :  7.46671e-06
 Reference value :  7.46897e-06
 Reference value :  7.47132e-06
 Reference value :  7.47376e-06
 Reference value :  7.47610e-06
 Reference value :  7.47854e-06
 Reference value :  7.48089e-06
 Reference value :  7.48333e-06
 Reference value :  7.48577e-06
 Reference value :  7.48821e-06
 Reference value :  7.49065e-06
 Reference value :  7.49300e-06
 Reference value :  7.49534e-06
 Reference value :  7.49751e-06
 Reference value :  7.49986e-06
 Reference value :  7.50221e-06
 Reference value :  7.50465e-06
 Reference value :  7.50718e-06
 Reference value :  7.50962e-06
 Reference value :  7.51206e-06
 Reference value :  7.51449e-06
 Reference value :  7.51693e-06
 Reference value :  7.51937e-06
 Reference value :  7.52181e-06
 Reference value :  7.52416e-06
 Reference value :  7.52660e-06
 Reference value :  7.52904e-06
 Reference value :  7.53148e-06
 Reference value :  7.53392e-06
 Reference value :  7.53635e-06
 Reference value :  7.53879e-06
 Reference value :  7.54123e-06
 Reference value :  7.54367e-06
 Reference value :  7.54611e-06
 Reference value :  7.54855e-06
 Reference value :  7.55099e-06
 Reference value :  7.55316e-06
 Reference value :  7.55559e-06
 Reference value :  7.55794e-06
 Reference value :  7.56038e-06
 Reference value :  7.56282e-06
 Reference value :  7.56526e-06
 Reference value :  7.56770e-06
 Reference value :  7.57014e-06
 Reference value :  7.57258e-06
 Reference value :  7.57502e-06
 Reference value :  7.57754e-06
 Reference value :  7.57989e-06
 Reference value :  7.58233e-06
 Reference value :  7.58477e-06
 Reference value :  7.58721e-06
 Reference value :  7.58956e-06
 Reference value :  7.59200e-06
 Reference value :  7.59444e-06
 Reference value :  7.59688e-06
 Reference value :  7.59931e-06
 Reference value :  7.60175e-06
 Reference value :  7.60419e-06
 Reference value :  7.60654e-06
 Reference value :  7.60898e-06
 Reference value :  7.61142e-06
 Reference value :  7.61395e-06
 Reference value :  7.61639e-06
 Reference value :  7.61883e-06
 Reference value :  7.62126e-06
 Reference value :  7.62370e-06
 Reference value :  7.62614e-06
 Reference value :  7.62849e-06
 Reference value :  7.63093e-06
 Reference value :  7.63337e-06
 Reference value :  7.63572e-06
 Reference value :  7.63816e-06
 Reference value :  7.64050e-06
 Reference value :  7.64294e-06
 Reference value :  7.64529e-06
 Reference value :  7.64755e-06
 Reference value :  7.64999e-06
 Reference value :  7.65234e-06
 Reference value :  7.65478e-06
 Reference value :  7.65722e-06
 Reference value :  7.65965e-06
 Reference value :  7.66200e-06
 Reference value :  7.66444e-06
 Reference value :  7.66688e-06
 Reference value :  7.66923e-06
 Reference value :  7.67149e-06
 Reference value :  7.67375e-06
 Reference value :  7.67600e-06
 Reference value :  7.67826e-06
 Reference value :  7.68052e-06
 Reference value :  7.68278e-06
 Reference value :  7.68513e-06
 Reference value :  7.68739e-06
 Reference value :  7.68973e-06
 Reference value :  7.69199e-06
 Reference value :  7.69443e-06
 Reference value :  7.69687e-06
 Reference value :  7.69922e-06
 Reference value :  7.70166e-06
 Reference value :  7.70410e-06
 Reference value :  7.70654e-06
 Reference value :  7.70897e-06
 Reference value :  7.71141e-06
 Reference value :  7.71376e-06
 Reference value :  7.71602e-06
 Reference value :  7.71819e-06
 Reference value :  7.72045e-06
 Reference value :  7.72280e-06
 Reference value :  7.72514e-06
 Reference value :  7.72740e-06
 Reference value :  7.72966e-06
 Reference value :  7.73192e-06
 Reference value :  7.73409e-06
 Reference value :  7.73643e-06
 Reference value :  7.73878e-06
 Reference value :  7.74131e-06
 Reference value :  7.74375e-06
 Reference value :  7.74610e-06
 Reference value :  7.74854e-06
 Reference value :  7.75098e-06
 Reference value :  7.75342e-06
 Reference value :  7.75577e-06
 Reference value :  7.75820e-06
 Reference value :  7.76064e-06
 Reference value :  7.76299e-06
 Reference value :  7.76534e-06
 Reference value :  7.76778e-06
 Reference value :  7.77022e-06
 Reference value :  7.77257e-06
 Reference value :  7.77501e-06
 Reference value :  7.77735e-06
 Reference value :  7.77970e-06
 Reference value :  7.78205e-06
 Reference value :  7.78431e-06
 Reference value :  7.78666e-06
 Reference value :  7.78910e-06
 Reference value :  7.79163e-06
 Reference value :  7.79407e-06
 Reference value :  7.79650e-06
 Reference value :  7.79894e-06
 Reference value :  7.80120e-06
 Reference value :  7.80373e-06
 Reference value :  7.80626e-06
 Reference value :  7.80870e-06
 Reference value :  7.81114e-06
 Reference value :  7.81358e-06
 Reference value :  7.81602e-06
 Reference value :  7.81845e-06
 Reference value :  7.82089e-06
 Reference value :  7.82333e-06
 Reference value :  7.82577e-06
 Reference value :  7.82812e-06
 Reference value :  7.83056e-06
 Reference value :  7.83300e-06
 Reference value :  7.83544e-06
 Reference value :  7.83779e-06
 Reference value :  7.84022e-06
 Reference value :  7.84257e-06
 Reference value :  7.84501e-06
 Reference value :  7.84745e-06
 Reference value :  7.84980e-06
 Reference value :  7.85224e-06
 Reference value :  7.85468e-06
 Reference value :  7.85694e-06
 Reference value :  7.85937e-06
 Reference value :  7.86172e-06
 Reference value :  7.86425e-06
 Reference value :  7.86669e-06
 Reference value :  7.86922e-06
 Reference value :  7.87166e-06
 Reference value :  7.87401e-06
 Reference value :  7.87645e-06
 Reference value :  7.87889e-06
 Reference value :  7.88132e-06
 Reference value :  7.88358e-06
 Reference value :  7.88602e-06
 Reference value :  7.88846e-06
 Reference value :  7.89081e-06
 Reference value :  7.89325e-06
 Reference value :  7.89569e-06
 Reference value :  7.89813e-06
 Reference value :  7.90056e-06
 Reference value :  7.90300e-06
 Reference value :  7.90544e-06
 Reference value :  7.90779e-06
 Reference value :  7.91023e-06
 Reference value :  7.91258e-06
 Reference value :  7.91511e-06
 Reference value :  7.91755e-06
 Reference value :  7.91990e-06
 Reference value :  7.92233e-06
 Reference value :  7.92477e-06
 Reference value :  7.92721e-06
 Reference value :  7.92965e-06
 Reference value :  7.93209e-06
 Reference value :  7.93453e-06
 Reference value :  7.93688e-06
 Reference value :  7.93914e-06
 Reference value :  7.94157e-06
 Reference value :  7.94401e-06
 Reference value :  7.94645e-06
 Reference value :  7.94880e-06
 Reference value :  7.95124e-06
 Reference value :  7.95359e-06
 Reference value :  7.95603e-06
 Reference value :  7.95856e-06
 Reference value :  7.96090e-06
 Reference value :  7.96343e-06
 Reference value :  7.96587e-06
 Reference value :  7.96831e-06
 Reference value :  7.97084e-06
 Reference value :  7.97328e-06
 Reference value :  7.97572e-06
 Reference value :  7.97816e-06
 Reference value :  7.98060e-06
 Reference value :  7.98304e-06
 Reference value :  7.98547e-06
 Reference value :  7.98800e-06
 Reference value :  7.99044e-06
 Reference value :  7.99288e-06
 Reference value :  7.99523e-06
 Reference value :  7.99767e-06
 Reference value :  8.00011e-06
 Reference value :  8.00255e-06
 Reference value :  8.00499e-06
 Reference value :  8.00742e-06
 Reference value :  8.00986e-06
 Reference value :  8.01230e-06
 Reference value :  8.01465e-06
 Reference value :  8.01718e-06
 Reference value :  8.01962e-06
 Reference value :  8.02206e-06
 Reference value :  8.02450e-06
 Reference value :  8.02703e-06
 Reference value :  8.02956e-06
 Reference value :  8.03199e-06
 Reference value :  8.03443e-06
 Reference value :  8.03687e-06
 Reference value :  8.03940e-06
 Reference value :  8.04175e-06
 Reference value :  8.04419e-06
 Reference value :  8.04663e-06
 Reference value :  8.04889e-06
 Reference value :  8.05114e-06
 Reference value :  8.05349e-06
 Reference value :  8.05593e-06
 Reference value :  8.05837e-06
 Reference value :  8.06081e-06
 Reference value :  8.06325e-06
 Reference value :  8.06569e-06
 Reference value :  8.06813e-06
 Reference value :  8.07057e-06
 Reference value :  8.07300e-06
 Reference value :  8.07553e-06
 Reference value :  8.07779e-06
 Reference value :  8.08032e-06
 Reference value :  8.08276e-06
 Reference value :  8.08529e-06
 Reference value :  8.08773e-06
 Reference value :  8.09017e-06
 Reference value :  8.09261e-06
 Reference value :  8.09505e-06
 Reference value :  8.09748e-06
 Reference value :  8.10001e-06
 Reference value :  8.10245e-06
 Reference value :  8.10480e-06
 Reference value :  8.10724e-06
 Reference value :  8.10968e-06
 Reference value :  8.11212e-06
 Reference value :  8.11456e-06
 Reference value :  8.11700e-06
 Reference value :  8.11943e-06
 Reference value :  8.12187e-06
 Reference value :  8.12431e-06
 Reference value :  8.12666e-06
 Reference value :  8.12910e-06
 Reference value :  8.13154e-06
 Reference value :  8.13380e-06
 Reference value :  8.13615e-06
 Reference value :  8.13849e-06
 Reference value :  8.14084e-06
 Reference value :  8.14319e-06
 Reference value :  8.14554e-06
 Reference value :  8.14789e-06
 Reference value :  8.15024e-06
 Reference value :  8.15277e-06
 Reference value :  8.15511e-06
 Reference value :  8.15764e-06
 Reference value :  8.15990e-06
 Reference value :  8.16243e-06
 Reference value :  8.16487e-06
 Reference value :  8.16731e-06
 Reference value :  8.16975e-06
 Reference value :  8.17219e-06
 Reference value :  8.17463e-06
 Reference value :  8.17706e-06
 Reference value :  8.17950e-06
 Reference value :  8.18194e-06
 Reference value :  8.18438e-06
 Reference value :  8.18682e-06
 Reference value :  8.18908e-06
 Reference value :  8.19161e-06
 Reference value :  8.19414e-06
 Reference value :  8.19649e-06
 Reference value :  8.19892e-06
 Reference value :  8.20136e-06
 Reference value :  8.20389e-06
 Reference value :  8.20633e-06
 Reference value :  8.20877e-06
 Reference value :  8.21130e-06
 Reference value :  8.21374e-06
 Reference value :  8.21609e-06
 Reference value :  8.21862e-06
 Reference value :  8.22097e-06
 Reference value :  8.22340e-06
 Reference value :  8.22584e-06
 Reference value :  8.22828e-06
 Reference value :  8.23072e-06
 Reference value :  8.23316e-06
 Reference value :  8.23560e-06
 Reference value :  8.23795e-06
 Reference value :  8.24039e-06
 Reference value :  8.24273e-06
 Reference value :  8.24508e-06
 Reference value :  8.24752e-06
 Reference value :  8.24996e-06
 Reference value :  8.25240e-06
 Reference value :  8.25484e-06
 Reference value :  8.25728e-06
 Reference value :  8.25972e-06
 Reference value :  8.26216e-06
 Reference value :  8.26468e-06
 Reference value :  8.26712e-06
 Reference value :  8.26956e-06
 Reference value :  8.27191e-06
 Reference value :  8.27435e-06
 Reference value :  8.27679e-06
 Reference value :  8.27914e-06
 Reference value :  8.28158e-06
 Reference value :  8.28402e-06
 Reference value :  8.28645e-06
 Reference value :  8.28898e-06
 Reference value :  8.29133e-06
 Reference value :  8.29377e-06
 Reference value :  8.29621e-06
 Reference value :  8.29856e-06
 Reference value :  8.30091e-06
 Reference value :  8.30335e-06
 Reference value :  8.30578e-06
 Reference value :  8.30822e-06
 Reference value :  8.31066e-06
 Reference value :  8.31310e-06
 Reference value :  8.31554e-06
 Reference value :  8.31798e-06
 Reference value :  8.32042e-06
 Reference value :  8.32286e-06
 Reference value :  8.32530e-06
 Reference value :  8.32764e-06
 Reference value :  8.33008e-06
 Reference value :  8.33243e-06
 Reference value :  8.33487e-06
 Reference value :  8.33722e-06
 Reference value :  8.33966e-06
 Reference value :  8.34210e-06
 Reference value :  8.34454e-06
 Reference value :  8.34689e-06
 Reference value :  8.34932e-06
 Reference value :  8.35176e-06
 Reference value :  8.35429e-06
 Reference value :  8.35700e-06
 Reference value :  8.35971e-06
 Reference value :  8.36233e-06
 Reference value :  8.36504e-06
 Reference value :  8.36766e-06
 Reference value :  8.37028e-06
 Reference value :  8.37290e-06
 Reference value :  8.37552e-06
 Reference value :  8.37823e-06
 Reference value :  8.38094e-06
 Reference value :  8.38356e-06
 Reference value :  8.38627e-06
 Reference value :  8.38889e-06
 Reference value :  8.39160e-06
 Reference value :  8.39431e-06
 Reference value :  8.39702e-06
 Reference value :  8.39973e-06
 Reference value :  8.40235e-06
 Reference value :  8.40515e-06
 Reference value :  8.40795e-06
 Reference value :  8.41057e-06
 Reference value :  8.41337e-06
 Reference value :  8.41608e-06
 Reference value :  8.41879e-06
 Reference value :  8.42150e-06
 Reference value :  8.42421e-06
 Reference value :  8.42692e-06
 Reference value :  8.42954e-06
 Reference value :  8.43225e-06
 Reference value :  8.43496e-06
 Reference value :  8.43758e-06
 Reference value :  8.44038e-06
 Reference value :  8.44309e-06
 Reference value :  8.44580e-06
 Reference value :  8.44851e-06
 Reference value :  8.45122e-06
 Reference value :  8.45393e-06
 Reference value :  8.45664e-06
 Reference value :  8.45935e-06
 Reference value :  8.46206e-06
 Reference value :  8.46468e-06
 Reference value :  8.46739e-06
 Reference value :  8.47019e-06
 Reference value :  8.47290e-06
 Reference value :  8.47561e-06
 Reference value :  8.47841e-06
 Reference value :  8.48112e-06
 Reference value :  8.48383e-06
 Reference value :  8.48663e-06
 Reference value :  8.48943e-06
 Reference value :  8.49205e-06
 Reference value :  8.49476e-06
 Reference value :  8.49737e-06
 Reference value :  8.50008e-06
 Reference value :  8.50279e-06
 Reference value :  8.50550e-06
 Reference value :  8.50830e-06
 Reference value :  8.51165e-06
 Reference value :  8.51562e-06
 Reference value :  8.51923e-06
 Reference value :  8.52294e-06
 Reference value :  8.52655e-06
 Reference value :  8.53025e-06
 Reference value :  8.53387e-06
 Reference value :  8.53766e-06
 Reference value :  8.54155e-06
 Reference value :  8.54453e-06
 Reference value :  8.54715e-06
 Reference value :  8.54986e-06
 Reference value :  8.55257e-06
 Reference value :  8.55636e-06
 Reference value :  8.56024e-06
 Reference value :  8.56404e-06
 Reference value :  8.56765e-06
 Reference value :  8.57172e-06
 Reference value :  8.57551e-06
 Reference value :  8.57939e-06
 Reference value :  8.58346e-06
 Reference value :  8.58698e-06
 Reference value :  8.59069e-06
 Reference value :  8.59421e-06
 Reference value :  8.59773e-06
 Reference value :  8.60125e-06
 Reference value :  8.60460e-06
 Reference value :  8.60812e-06
 Reference value :  8.61173e-06
 Reference value :  8.61535e-06
 Reference value :  8.61896e-06
 Reference value :  8.62239e-06
 Reference value :  8.62591e-06
 Reference value :  8.62953e-06
 Reference value :  8.63287e-06
 Reference value :  8.63630e-06
 Reference value :  8.64001e-06
 Reference value :  8.64398e-06
 Reference value :  8.64786e-06
 Reference value :  8.65193e-06
 Reference value :  8.65590e-06
 Reference value :  8.65961e-06
 Reference value :  8.66358e-06
 Reference value :  8.66729e-06
 Reference value :  8.67126e-06
 Reference value :  8.67496e-06
 Reference value :  8.67840e-06
 Reference value :  8.68174e-06
 Reference value :  8.68517e-06
 Reference value :  8.68842e-06
 Reference value :  8.69186e-06
 Reference value :  8.69520e-06
 Reference value :  8.69854e-06
 Reference value :  8.70206e-06
 Reference value :  8.70568e-06
 Reference value :  8.70893e-06
 Reference value :  8.71254e-06
 Reference value :  8.71480e-06
 Reference value :  8.71715e-06
 Reference value :  8.71950e-06
 Reference value :  8.72184e-06
 Reference value :  8.72419e-06
 Reference value :  8.72654e-06
 Reference value :  8.72889e-06
 Reference value :  8.73124e-06
 Reference value :  8.73359e-06
 Reference value :  8.73594e-06
 Reference value :  8.73828e-06
 Reference value :  8.74063e-06
 Reference value :  8.74289e-06
 Reference value :  8.74524e-06
 Reference value :  8.74768e-06
 Reference value :  8.75003e-06
 Reference value :  8.75265e-06
 Reference value :  8.75536e-06
 Reference value :  8.75798e-06
 Reference value :  8.76069e-06
 Reference value :  8.76340e-06
 Reference value :  8.76728e-06
 Reference value :  8.77071e-06
 Reference value :  8.77342e-06
 Reference value :  8.77613e-06
 Reference value :  8.78011e-06
 Reference value :  8.78426e-06
 Reference value :  8.78797e-06
 Reference value :  8.79059e-06
 Reference value :  8.79330e-06
 Reference value :  8.79601e-06
 Reference value :  8.79863e-06
 Reference value :  8.80134e-06
 Reference value :  8.80405e-06
 Reference value :  8.80739e-06
 Reference value :  8.81082e-06
 Reference value :  8.81434e-06
 Reference value :  8.81778e-06
 Reference value :  8.82112e-06
 Reference value :  8.82446e-06
 Reference value :  8.82807e-06
 Reference value :  8.83187e-06
 Reference value :  8.83548e-06
 Reference value :  8.83918e-06
 Reference value :  8.84289e-06
 Reference value :  8.84668e-06
 Reference value :  8.85038e-06
 Reference value :  8.85391e-06
 Reference value :  8.85770e-06
 Reference value :  8.86113e-06
 Reference value :  8.86457e-06
 Reference value :  8.86800e-06
 Reference value :  8.87170e-06
 Reference value :  8.87550e-06
 Reference value :  8.87911e-06
 Reference value :  8.88290e-06
 Reference value :  8.88616e-06
 Reference value :  8.88986e-06
 Reference value :  8.89347e-06
 Reference value :  8.89718e-06
 Reference value :  8.90070e-06
 Reference value :  8.90431e-06
 Reference value :  8.90765e-06
 Reference value :  8.91118e-06
 Reference value :  8.91461e-06
 Reference value :  8.91804e-06
 Reference value :  8.92147e-06
 Reference value :  8.92491e-06
 Reference value :  8.92834e-06
 Reference value :  8.93141e-06
 Reference value :  8.93421e-06
 Reference value :  8.93683e-06
 Reference value :  8.93954e-06
 Reference value :  8.94225e-06
 Reference value :  8.94460e-06
 Reference value :  8.94704e-06
 Reference value :  8.94939e-06
 Reference value :  8.95183e-06
 Reference value :  8.95417e-06
 Reference value :  8.95652e-06
 Reference value :  8.95887e-06
 Reference value :  8.96140e-06
 Reference value :  8.96366e-06
 Reference value :  8.96601e-06
 Reference value :  8.96845e-06
 Reference value :  8.97079e-06
 Reference value :  8.97441e-06
 Reference value :  8.97856e-06
 Reference value :  8.98236e-06
 Reference value :  8.98642e-06
 Reference value :  8.98976e-06
 Reference value :  8.99238e-06
 Reference value :  8.99500e-06
 Reference value :  8.99771e-06
 Reference value :  9.00042e-06
 Reference value :  9.00313e-06
 Reference value :  9.00584e-06
 Reference value :  9.00855e-06
 Reference value :  9.01099e-06
 Reference value :  9.01334e-06
 Reference value :  9.01569e-06
 Reference value :  9.01795e-06
 Reference value :  9.02030e-06
 Reference value :  9.02264e-06
 Reference value :  9.02508e-06
 Reference value :  9.02743e-06
 Reference value :  9.02969e-06
 Reference value :  9.03204e-06
 Reference value :  9.03439e-06
 Reference value :  9.03674e-06
 Reference value :  9.03908e-06
 Reference value :  9.04152e-06
 Reference value :  9.04387e-06
 Reference value :  9.04613e-06
 Reference value :  9.04848e-06
 Reference value :  9.05083e-06
 Reference value :  9.05318e-06
 Reference value :  9.05552e-06
 Reference value :  9.05787e-06
 Reference value :  9.06013e-06
 Reference value :  9.06248e-06
 Reference value :  9.06474e-06
 Reference value :  9.06700e-06
 Reference value :  9.06934e-06
 Reference value :  9.07169e-06
 Reference value :  9.07395e-06
 Reference value :  9.07630e-06
 Reference value :  9.07865e-06
 Reference value :  9.08226e-06
 Reference value :  9.08461e-06
 Reference value :  9.08705e-06
 Reference value :  9.08940e-06
 Reference value :  9.09184e-06
 Reference value :  9.09428e-06
 Reference value :  9.09680e-06
 Reference value :  9.09933e-06
 Reference value :  9.10168e-06
 Reference value :  9.10421e-06
 Reference value :  9.10665e-06
 Reference value :  9.10909e-06
 Reference value :  9.11144e-06
 Reference value :  9.11370e-06
 Reference value :  9.11595e-06
 Reference value :  9.11812e-06
 Reference value :  9.12038e-06
 Reference value :  9.12255e-06
 Reference value :  9.12481e-06
 Reference value :  9.12707e-06
 Reference value :  9.12923e-06
 Reference value :  9.13158e-06
 Reference value :  9.13393e-06
 Reference value :  9.13628e-06
 Reference value :  9.13854e-06
 Reference value :  9.14071e-06
 Reference value :  9.14296e-06
 Reference value :  9.14522e-06
 Reference value :  9.14748e-06
 Reference value :  9.14983e-06
 Reference value :  9.15218e-06
 Reference value :  9.15453e-06
 Reference value :  9.15669e-06
 Reference value :  9.15904e-06
 Reference value :  9.16139e-06
 Reference value :  9.16374e-06
 Reference value :  9.16609e-06
 Reference value :  9.16844e-06
 Reference value :  9.17069e-06
 Reference value :  9.17304e-06
 Reference value :  9.17539e-06
 Reference value :  9.17765e-06
 Reference value :  9.18000e-06
 Reference value :  9.18235e-06
 Reference value :  9.18461e-06
 Reference value :  9.18695e-06
 Reference value :  9.18930e-06
 Reference value :  9.19174e-06
 Reference value :  9.19418e-06
 Reference value :  9.19662e-06
 Reference value :  9.19906e-06
 Reference value :  9.20159e-06
 Reference value :  9.20394e-06
 Reference value :  9.20647e-06
 Reference value :  9.20890e-06
 Reference value :  9.21125e-06
 Reference value :  9.21378e-06
 Reference value :  9.21622e-06
 Reference value :  9.21866e-06
 Reference value :  9.22101e-06
 Reference value :  9.22345e-06
 Reference value :  9.22589e-06
 Reference value :  9.22833e-06
 Reference value :  9.23067e-06
 Reference value :  9.23302e-06
 Reference value :  9.23555e-06
 Reference value :  9.23808e-06
 Reference value :  9.24034e-06
 Reference value :  9.24287e-06
 Reference value :  9.24522e-06
 Reference value :  9.24757e-06
 Reference value :  9.24991e-06
 Reference value :  9.25235e-06
 Reference value :  9.25479e-06
 Reference value :  9.25723e-06
 Reference value :  9.25958e-06
 Reference value :  9.26202e-06
 Reference value :  9.26446e-06
 Reference value :  9.26672e-06
 Reference value :  9.26915e-06
 Reference value :  9.27150e-06
 Reference value :  9.27394e-06
 Reference value :  9.27629e-06
 Reference value :  9.27873e-06
 Reference value :  9.28108e-06
 Reference value :  9.28352e-06
 Reference value :  9.28596e-06
 Reference value :  9.28830e-06
 Reference value :  9.29065e-06
 Reference value :  9.29300e-06
 Reference value :  9.29517e-06
 Reference value :  9.29752e-06
 Reference value :  9.29987e-06
 Reference value :  9.30222e-06
 Reference value :  9.30456e-06
 Reference value :  9.30691e-06
 Reference value :  9.30935e-06
 Reference value :  9.31170e-06
 Reference value :  9.31405e-06
 Reference value :  9.31640e-06
 Reference value :  9.31875e-06
 Reference value :  9.32118e-06
 Reference value :  9.32344e-06
 Reference value :  9.32579e-06
 Reference value :  9.32814e-06
 Reference value :  9.33040e-06
 Reference value :  9.33257e-06
 Reference value :  9.33482e-06
 Reference value :  9.33708e-06
 Reference value :  9.33943e-06
 Reference value :  9.34169e-06
 Reference value :  9.34395e-06
 Reference value :  9.34630e-06
 Reference value :  9.34864e-06
 Reference value :  9.35081e-06
 Reference value :  9.35316e-06
 Reference value :  9.35551e-06
 Reference value :  9.35795e-06
 Reference value :  9.36039e-06
 Reference value :  9.36283e-06
 Reference value :  9.36527e-06
 Reference value :  9.36770e-06
 Reference value :  9.37014e-06
 Reference value :  9.37258e-06
 Reference value :  9.37502e-06
 Reference value :  9.37737e-06
 Reference value :  9.37981e-06
 Reference value :  9.38216e-06
 Reference value :  9.38451e-06
 Reference value :  9.38694e-06
 Reference value :  9.38929e-06
 Reference value :  9.39173e-06
 Reference value :  9.39417e-06
 Reference value :  9.39661e-06
 Reference value :  9.39905e-06
 Reference value :  9.40149e-06
 Reference value :  9.40393e-06
 Reference value :  9.40628e-06
 Reference value :  9.40871e-06
 Reference value :  9.41115e-06
 Reference value :  9.41359e-06
 Reference value :  9.41603e-06
 Reference value :  9.41829e-06
 Reference value :  9.42082e-06
 Reference value :  9.42317e-06
 Reference value :  9.42561e-06
 Reference value :  9.42804e-06
 Reference value :  9.43048e-06
 Reference value :  9.43283e-06
 Reference value :  9.43527e-06
 Reference value :  9.43925e-06
 Reference value :  9.44304e-06
 Reference value :  9.44656e-06
 Reference value :  9.44927e-06
 Reference value :  9.45198e-06
 Reference value :  9.45460e-06
 Reference value :  9.45731e-06
 Reference value :  9.46002e-06
 Reference value :  9.46264e-06
 Reference value :  9.46535e-06
 Reference value :  9.46806e-06
 Reference value :  9.47068e-06
 Reference value :  9.47339e-06
 Reference value :  9.47610e-06
 Reference value :  9.47926e-06
 Reference value :  9.48188e-06
 Reference value :  9.48459e-06
 Reference value :  9.48730e-06
 Reference value :  9.48983e-06
 Reference value :  9.49254e-06
 Reference value :  9.49525e-06
 Reference value :  9.49823e-06
 Reference value :  9.50148e-06
 Reference value :  9.50410e-06
 Reference value :  9.50672e-06
 Reference value :  9.50997e-06
 Reference value :  9.51332e-06
 Reference value :  9.51585e-06
 Reference value :  9.51856e-06
 Reference value :  9.52127e-06
 Reference value :  9.52398e-06
 Reference value :  9.52714e-06
 Reference value :  9.53129e-06
 Reference value :  9.53518e-06
 Reference value :  9.53924e-06
 Reference value :  9.54204e-06
 Reference value :  9.54565e-06
 Reference value :  9.54845e-06
 Reference value :  9.55162e-06
 Reference value :  9.55496e-06
 Reference value :  9.55767e-06
 Reference value :  9.56038e-06
 Reference value :  9.56309e-06
 Reference value :  9.56634e-06
 Reference value :  9.57050e-06
 Reference value :  9.57411e-06
 Reference value :  9.57817e-06
 Reference value :  9.58197e-06
 Reference value :  9.58594e-06
 Reference value :  9.58965e-06
 Reference value :  9.59326e-06
 Reference value :  9.59714e-06
 Reference value :  9.60067e-06
 Reference value :  9.60428e-06
 Reference value :  9.60789e-06
 Reference value :  9.61123e-06
 Reference value :  9.61485e-06
 Reference value :  9.61846e-06
 Reference value :  9.62216e-06
 Reference value :  9.62587e-06
 Reference value :  9.62948e-06
 Reference value :  9.63318e-06
 Reference value :  9.63653e-06
 Reference value :  9.64014e-06
 Reference value :  9.64402e-06
 Reference value :  9.64764e-06
 Reference value :  9.65071e-06
 Reference value :  9.65450e-06
 Reference value :  9.65821e-06
 Reference value :  9.66182e-06
 Reference value :  9.66543e-06
 Reference value :  9.66895e-06
 Reference value :  9.67266e-06
 Reference value :  9.67636e-06
 Reference value :  9.68025e-06
 Reference value :  9.68422e-06
 Reference value :  9.68838e-06
 Reference value :  9.69199e-06
 Reference value :  9.69542e-06
 Reference value :  9.69894e-06
 Reference value :  9.70247e-06
 Reference value :  9.70617e-06
 Reference value :  9.70987e-06
 Reference value :  9.71367e-06
 Reference value :  9.71719e-06
 Reference value :  9.72080e-06
 Reference value :  9.72442e-06
 Reference value :  9.72803e-06
 Reference value :  9.73164e-06
 Reference value :  9.73526e-06
 Reference value :  9.73887e-06
 Reference value :  9.74275e-06
 Reference value :  9.74628e-06
 Reference value :  9.75016e-06
 Reference value :  9.75368e-06
 Reference value :  9.75748e-06
 Reference value :  9.76073e-06
 Reference value :  9.76362e-06
 Reference value :  9.76750e-06
 Reference value :  9.77121e-06
 Reference value :  9.77527e-06
 Reference value :  9.77925e-06
 Reference value :  9.78268e-06
 Reference value :  9.78611e-06
 Reference value :  9.78936e-06
 Reference value :  9.79198e-06
 Reference value :  9.79460e-06
 Reference value :  9.79731e-06
 Reference value :  9.80002e-06
 Reference value :  9.80255e-06
 Reference value :  9.80508e-06
 Reference value :  9.80770e-06
 Reference value :  9.81023e-06
 Reference value :  9.81285e-06
 Reference value :  9.81547e-06
 Reference value :  9.81809e-06
 Reference value :  9.82062e-06
 Reference value :  9.82324e-06
 Reference value :  9.82586e-06
 Reference value :  9.82848e-06
 Reference value :  9.83164e-06
 Reference value :  9.83543e-06
 Reference value :  9.83950e-06
 Reference value :  9.84338e-06
 Reference value :  9.84727e-06
 Reference value :  9.85106e-06
 Reference value :  9.85467e-06
 Reference value :  9.85829e-06
 Reference value :  9.86163e-06
 Reference value :  9.86515e-06
 Reference value :  9.86867e-06
 Reference value :  9.87211e-06
 Reference value :  9.87536e-06
 Reference value :  9.87861e-06
 Reference value :  9.88186e-06
 Reference value :  9.88530e-06
 Reference value :  9.88864e-06
 Reference value :  9.89144e-06
 Reference value :  9.89415e-06
 Reference value :  9.89677e-06
 Reference value :  9.89948e-06
 Reference value :  9.90219e-06
 Reference value :  9.90481e-06
 Reference value :  9.90752e-06
 Reference value :  9.91023e-06
 Reference value :  9.91294e-06
 Reference value :  9.91556e-06
 Reference value :  9.91836e-06
 Reference value :  9.92098e-06
 Reference value :  9.92378e-06
 Reference value :  9.92730e-06
 Reference value :  9.93109e-06
 Reference value :  9.93480e-06
 Reference value :  9.93823e-06
 Reference value :  9.94193e-06
 Reference value :  9.94473e-06
 Reference value :  9.94744e-06
 Reference value :  9.95006e-06
 Reference value :  9.95304e-06
 Reference value :  9.95666e-06
 Reference value :  9.96027e-06
 Reference value :  9.96307e-06
 Reference value :  9.96569e-06
 Reference value :  9.96831e-06
 Reference value :  9.97102e-06
 Reference value :  9.97364e-06
 Reference value :  9.97644e-06
 Reference value :  9.97915e-06
 Reference value :  9.98195e-06
 Reference value :  9.98475e-06
 Reference value :  9.98737e-06
 Reference value :  9.99008e-06
 Reference value :  9.99279e-06
 Reference value :  9.99550e-06
 Reference value :  9.99821e-06
 Reference value :  1.00009e-05
 Reference value :  1.00037e-05
 Reference value :  1.00064e-05
 Reference value :  1.00091e-05
 Reference value :  1.00119e-05
 Reference value :  1.00146e-05
 Reference value :  1.00174e-05
 Reference value :  1.00202e-05
 Reference value :  1.00229e-05
 Reference value :  1.00256e-05
 Reference value :  1.00287e-05
 Reference value :  1.00326e-05
 Reference value :  1.00363e-05
 Reference value :  1.00394e-05
 Reference value :  1.00420e-05
 Reference value :  1.00447e-05
 Reference value :  1.00474e-05
 Reference value :  1.00501e-05
 Reference value :  1.00533e-05
 Reference value :  1.00567e-05
 Reference value :  1.00605e-05
 Reference value :  1.00635e-05
 Reference value :  1.00661e-05
 Reference value :  1.00688e-05
 Reference value :  1.00719e-05
 Reference value :  1.00761e-05
 Reference value :  1.00799e-05
 Reference value :  1.00836e-05
 Reference value :  1.00874e-05
 Reference value :  1.00912e-05
 Reference value :  1.00950e-05
 Reference value :  1.00986e-05
 Reference value :  1.01024e-05
 Reference value :  1.01062e-05
 Reference value :  1.01098e-05
 Reference value :  1.01139e-05
 Reference value :  1.01172e-05
 Reference value :  1.01202e-05
 Reference value :  1.01234e-05
 Reference value :  1.01260e-05
 Reference value :  1.01284e-05
 Reference value :  1.01308e-05
 Reference value :  1.01333e-05
 Reference value :  1.01357e-05
 Reference value :  1.01381e-05
 Reference value :  1.01406e-05
 Reference value :  1.01430e-05
 Reference value :  1.01454e-05
 Reference value :  1.01479e-05
 Reference value :  1.01502e-05
 Reference value :  1.01525e-05
 Reference value :  1.01548e-05
 Reference value :  1.01572e-05
 Reference value :  1.01594e-05
 Reference value :  1.01617e-05
 Reference value :  1.01641e-05
 Reference value :  1.01664e-05
 Reference value :  1.01688e-05
 Reference value :  1.01711e-05
 Reference value :  1.01734e-05
 Reference value :  1.01757e-05
 Reference value :  1.01781e-05
 Reference value :  1.01803e-05
 Reference value :  1.01827e-05
 Reference value :  1.01850e-05
 Reference value :  1.01874e-05
 Reference value :  1.01897e-05
 Reference value :  1.01921e-05
 Reference value :  1.01943e-05
 Reference value :  1.01966e-05
 Reference value :  1.01988e-05
 Reference value :  1.02013e-05
 Reference value :  1.02035e-05
 Reference value :  1.02058e-05
 Reference value :  1.02079e-05
 Reference value :  1.02101e-05
 Reference value :  1.02123e-05
 Reference value :  1.02145e-05
 Reference value :  1.02167e-05
 Reference value :  1.02191e-05
 Reference value :  1.02214e-05
 Reference value :  1.02238e-05
 Reference value :  1.02261e-05
 Reference value :  1.02288e-05
 Reference value :  1.02316e-05
 Reference value :  1.02343e-05
 Reference value :  1.02375e-05
 Reference value :  1.02410e-05
 Reference value :  1.02447e-05
 Reference value :  1.02474e-05
 Reference value :  1.02501e-05
 Reference value :  1.02528e-05
 Reference value :  1.02556e-05
 Reference value :  1.02584e-05
 Reference value :  1.02611e-05
 Reference value :  1.02637e-05
 Reference value :  1.02671e-05
 Reference value :  1.02699e-05
 Reference value :  1.02726e-05
 Reference value :  1.02764e-05
 Reference value :  1.02792e-05
 Reference value :  1.02819e-05
 Reference value :  1.02846e-05
 Reference value :  1.02874e-05
 Reference value :  1.02901e-05
 Reference value :  1.02928e-05
 Reference value :  1.02956e-05
 Reference value :  1.02980e-05
 Reference value :  1.03005e-05
 Reference value :  1.03029e-05
 Reference value :  1.03053e-05
 Reference value :  1.03077e-05
 Reference value :  1.03101e-05
 Reference value :  1.03125e-05
 Reference value :  1.03149e-05
 Reference value :  1.03173e-05
 Reference value :  1.03196e-05
 Reference value :  1.03220e-05
 Reference value :  1.03243e-05
 Reference value :  1.03267e-05
 Reference value :  1.03292e-05
 Reference value :  1.03316e-05
 Reference value :  1.03340e-05
 Reference value :  1.03364e-05
 Reference value :  1.03388e-05
 Reference value :  1.03412e-05
 Reference value :  1.03437e-05
 Reference value :  1.03461e-05
 Reference value :  1.03484e-05
 Reference value :  1.03509e-05
 Reference value :  1.03533e-05
 Reference value :  1.03557e-05
 Reference value :  1.03579e-05
 Reference value :  1.03601e-05
 Reference value :  1.03623e-05
 Reference value :  1.03645e-05
 Reference value :  1.03668e-05
 Reference value :  1.03690e-05
 Reference value :  1.03714e-05
 Reference value :  1.03736e-05
 Reference value :  1.03760e-05
 Reference value :  1.03783e-05
 Reference value :  1.03807e-05
 Reference value :  1.03830e-05
 Reference value :  1.03853e-05
 Reference value :  1.03876e-05
 Reference value :  1.03900e-05
 Reference value :  1.03923e-05
 Reference value :  1.03946e-05
 Reference value :  1.03969e-05
 Reference value :  1.03993e-05
 Reference value :  1.04015e-05
 Reference value :  1.04039e-05
 Reference value :  1.04061e-05
 Reference value :  1.04085e-05
 Reference value :  1.04107e-05
 Reference value :  1.04131e-05
 Reference value :  1.04154e-05
 Reference value :  1.04178e-05
 Reference value :  1.04200e-05
 Reference value :  1.04225e-05
 Reference value :  1.04249e-05
 Reference value :  1.04274e-05
 Reference value :  1.04296e-05
 Reference value :  1.04320e-05
 Reference value :  1.04344e-05
 Reference value :  1.04368e-05
 Reference value :  1.04391e-05
 Reference value :  1.04415e-05
 Reference value :  1.04439e-05
 Reference value :  1.04463e-05
 Reference value :  1.04488e-05
 Reference value :  1.04511e-05
 Reference value :  1.04536e-05
 Reference value :  1.04560e-05
 Reference value :  1.04583e-05
 Reference value :  1.04608e-05
 Reference value :  1.04631e-05
 Reference value :  1.04654e-05
 Reference value :  1.04677e-05
 Reference value :  1.04701e-05
 Reference value :  1.04724e-05
 Reference value :  1.04749e-05
 Reference value :  1.04772e-05
 Reference value :  1.04797e-05
 Reference value :  1.04821e-05
 Reference value :  1.04844e-05
 Reference value :  1.04868e-05
 Reference value :  1.04892e-05
 Reference value :  1.04917e-05
 Reference value :  1.04941e-05
 Reference value :  1.04965e-05
 Reference value :  1.04987e-05
 Reference value :  1.05010e-05
 Reference value :  1.05035e-05
 Reference value :  1.05060e-05
 Reference value :  1.05085e-05
 Reference value :  1.05109e-05
 Reference value :  1.05131e-05
 Reference value :  1.05154e-05
 Reference value :  1.05178e-05
 Reference value :  1.05202e-05
 Reference value :  1.05226e-05
 Reference value :  1.05250e-05
 Reference value :  1.05275e-05
 Reference value :  1.05299e-05
 Reference value :  1.05324e-05
 Reference value :  1.05350e-05
 Reference value :  1.05377e-05
 Reference value :  1.05402e-05
 Reference value :  1.05428e-05
 Reference value :  1.05453e-05
 Reference value :  1.05479e-05
 Reference value :  1.05505e-05
 Reference value :  1.05530e-05
 Reference value :  1.05555e-05
 Reference value :  1.05582e-05
 Reference value :  1.05606e-05
 Reference value :  1.05632e-05
 Reference value :  1.05658e-05
 Reference value :  1.05683e-05
 Reference value :  1.05709e-05
 Reference value :  1.05734e-05
 Reference value :  1.05760e-05
 Reference value :  1.05787e-05
 Reference value :  1.05812e-05
 Reference value :  1.05838e-05
 Reference value :  1.05864e-05
 Reference value :  1.05891e-05
 Reference value :  1.05917e-05
 Reference value :  1.05943e-05
 Reference value :  1.05968e-05
 Reference value :  1.05994e-05
 Reference value :  1.06020e-05
 Reference value :  1.06046e-05
 Reference value :  1.06072e-05
 Reference value :  1.06098e-05
 Reference value :  1.06125e-05
 Reference value :  1.06150e-05
 Reference value :  1.06176e-05
 Reference value :  1.06202e-05
 Reference value :  1.06227e-05
 Reference value :  1.06252e-05
 Reference value :  1.06278e-05
 Reference value :  1.06304e-05
 Reference value :  1.06330e-05
 Reference value :  1.06357e-05
 Reference value :  1.06383e-05
 Reference value :  1.06409e-05
 Reference value :  1.06435e-05
 Reference value :  1.06461e-05
 Reference value :  1.06488e-05
 Reference value :  1.06512e-05
 Reference value :  1.06537e-05
 Reference value :  1.06564e-05
 Reference value :  1.06590e-05
 Reference value :  1.06616e-05
 Reference value :  1.06642e-05
 Reference value :  1.06668e-05
 Reference value :  1.06695e-05
 Reference value :  1.06720e-05
 Reference value :  1.06746e-05
 Reference value :  1.06771e-05
 Reference value :  1.06796e-05
 Reference value :  1.06821e-05
 Reference value :  1.06846e-05
 Reference value :  1.06872e-05
 Reference value :  1.06897e-05
 Reference value :  1.06923e-05
 Reference value :  1.06948e-05
 Reference value :  1.06975e-05
 Reference value :  1.07001e-05
 Reference value :  1.07027e-05
 Reference value :  1.07052e-05
 Reference value :  1.07077e-05
 Reference value :  1.07104e-05
 Reference value :  1.07130e-05
 Reference value :  1.07156e-05
 Reference value :  1.07182e-05
 Reference value :  1.07208e-05
 Reference value :  1.07234e-05
 Reference value :  1.07259e-05
 Reference value :  1.07284e-05
 Reference value :  1.07311e-05
 Reference value :  1.07335e-05
 Reference value :  1.07361e-05
 Reference value :  1.07387e-05
 Reference value :  1.07414e-05
 Reference value :  1.07439e-05
 Reference value :  1.07465e-05
 Reference value :  1.07491e-05
 Reference value :  1.07517e-05
 Reference value :  1.07544e-05
 Reference value :  1.07570e-05
 Reference value :  1.07596e-05
 Reference value :  1.07621e-05
 Reference value :  1.07647e-05
 Reference value :  1.07674e-05
 Reference value :  1.07701e-05
 Reference value :  1.07726e-05
 Reference value :  1.07751e-05
 Reference value :  1.07778e-05
 Reference value :  1.07806e-05
 Reference value :  1.07832e-05
 Reference value :  1.07859e-05
 Reference value :  1.07885e-05
 Reference value :  1.07911e-05
 Reference value :  1.07938e-05
 Reference value :  1.07965e-05
 Reference value :  1.07991e-05
 Reference value :  1.08017e-05
 Reference value :  1.08044e-05
 Reference value :  1.08070e-05
 Reference value :  1.08096e-05
 Reference value :  1.08123e-05
 Reference value :  1.08149e-05
 Reference value :  1.08174e-05
 Reference value :  1.08200e-05
 Reference value :  1.08226e-05
 Reference value :  1.08252e-05
 Reference value :  1.08278e-05
 Reference value :  1.08305e-05
 Reference value :  1.08332e-05
 Reference value :  1.08360e-05
 Reference value :  1.08388e-05
 Reference value :  1.08416e-05
 Reference value :  1.08442e-05
 Reference value :  1.08470e-05
 Reference value :  1.08498e-05
 Reference value :  1.08525e-05
 Reference value :  1.08553e-05
 Reference value :  1.08580e-05
 Reference value :  1.08608e-05
 Reference value :  1.08635e-05
 Reference value :  1.08663e-05
 Reference value :  1.08691e-05
 Reference value :  1.08717e-05
 Reference value :  1.08745e-05
 Reference value :  1.08772e-05
 Reference value :  1.08799e-05
 Reference value :  1.08827e-05
 Reference value :  1.08854e-05
 Reference value :  1.08883e-05
 Reference value :  1.08912e-05
 Reference value :  1.08939e-05
 Reference value :  1.08967e-05
 Reference value :  1.08994e-05
 Reference value :  1.09023e-05
 Reference value :  1.09052e-05
 Reference value :  1.09079e-05
 Reference value :  1.09106e-05
 Reference value :  1.09134e-05
 Reference value :  1.09162e-05
 Reference value :  1.09190e-05
 Reference value :  1.09218e-05
 Reference value :  1.09245e-05
 Reference value :  1.09273e-05
 Reference value :  1.09301e-05
 Reference value :  1.09329e-05
 Reference value :  1.09357e-05
 Reference value :  1.09385e-05
 Reference value :  1.09413e-05
 Reference value :  1.09441e-05
 Reference value :  1.09469e-05
 Reference value :  1.09497e-05
 Reference value :  1.09526e-05
 Reference value :  1.09553e-05
 Reference value :  1.09581e-05
 Reference value :  1.09609e-05
 Reference value :  1.09645e-05
 Reference value :  1.09672e-05
 Reference value :  1.09709e-05
 Reference value :  1.09753e-05
 Reference value :  1.09781e-05
 Reference value :  1.09810e-05
 Reference value :  1.09837e-05
 Reference value :  1.09865e-05
 Reference value :  1.09894e-05
 Reference value :  1.09923e-05
 Reference value :  1.09959e-05
 Reference value :  1.09987e-05
 Reference value :  1.10017e-05
 Reference value :  1.10045e-05
 Reference value :  1.10074e-05
 Reference value :  1.10100e-05
 Reference value :  1.10127e-05
 Reference value :  1.10155e-05
 Reference value :  1.10182e-05
 Reference value :  1.10210e-05
 Reference value :  1.10239e-05
 Reference value :  1.10272e-05
 Reference value :  1.10311e-05
 Reference value :  1.10361e-05
 Reference value :  1.10409e-05
 Reference value :  1.10458e-05
 Reference value :  1.10507e-05
 Reference value :  1.10558e-05
 Reference value :  1.10607e-05
 Reference value :  1.10655e-05
 Reference value :  1.10707e-05
 Reference value :  1.10754e-05
 Reference value :  1.10800e-05
 Reference value :  1.10842e-05
 Reference value :  1.10890e-05
 Reference value :  1.10936e-05
 Reference value :  1.10971e-05
 Reference value :  1.11023e-05
 Reference value :  1.11060e-05
 Reference value :  1.11100e-05
 Reference value :  1.11145e-05
 Reference value :  1.11195e-05
 Reference value :  1.11242e-05
 Reference value :  1.11290e-05
 Reference value :  1.11339e-05
 Reference value :  1.11389e-05
 Reference value :  1.11439e-05
 Reference value :  1.11487e-05
 Reference value :  1.11537e-05
 Reference value :  1.11587e-05
 Reference value :  1.11629e-05
 Reference value :  1.11662e-05
 Reference value :  1.11690e-05
 Reference value :  1.11719e-05
 Reference value :  1.11761e-05
 Reference value :  1.11801e-05
 Reference value :  1.11850e-05
 Reference value :  1.11882e-05
 Reference value :  1.11924e-05
 Reference value :  1.11965e-05
 Reference value :  1.12009e-05
 Reference value :  1.12049e-05
 Reference value :  1.12099e-05
 Reference value :  1.12149e-05
 Reference value :  1.12202e-05
 Reference value :  1.12251e-05
 Reference value :  1.12300e-05
 Reference value :  1.12348e-05
 Reference value :  1.12398e-05
 Reference value :  1.12449e-05
 Reference value :  1.12498e-05
 Reference value :  1.12547e-05
 Reference value :  1.12596e-05
 Reference value :  1.12645e-05
 Reference value :  1.12694e-05
 Reference value :  1.12744e-05
 Reference value :  1.12793e-05
 Reference value :  1.12842e-05
 Reference value :  1.12891e-05
 Reference value :  1.12942e-05
 Reference value :  1.12991e-05
 Reference value :  1.13043e-05
 Reference value :  1.13092e-05
 Reference value :  1.13140e-05
 Reference value :  1.13190e-05
 Reference value :  1.13241e-05
 Reference value :  1.13291e-05
 Reference value :  1.13343e-05
 Reference value :  1.13394e-05
 Reference value :  1.13443e-05
 Reference value :  1.13493e-05
 Reference value :  1.13542e-05
 Reference value :  1.13593e-05
 Reference value :  1.13643e-05
 Reference value :  1.13692e-05
 Reference value :  1.13742e-05
 Reference value :  1.13792e-05
 Reference value :  1.13839e-05
 Reference value :  1.13889e-05
 Reference value :  1.13925e-05
 Reference value :  1.13965e-05
 Reference value :  1.14015e-05
 Reference value :  1.14061e-05
 Reference value :  1.14111e-05
 Reference value :  1.14158e-05
 Reference value :  1.14205e-05
 Reference value :  1.14252e-05
 Reference value :  1.14292e-05
 Reference value :  1.14343e-05
 Reference value :  1.14385e-05
 Reference value :  1.14437e-05
 Reference value :  1.14487e-05
 Reference value :  1.14536e-05
 Reference value :  1.14588e-05
 Reference value :  1.14638e-05
 Reference value :  1.14689e-05
 Reference value :  1.14739e-05
 Reference value :  1.14790e-05
 Reference value :  1.14831e-05
 Reference value :  1.14869e-05
 Reference value :  1.14922e-05
 Reference value :  1.14974e-05
 Reference value :  1.15026e-05
 Reference value :  1.15077e-05
 Reference value :  1.15129e-05
 Reference value :  1.15179e-05
 Reference value :  1.15228e-05
 Reference value :  1.15275e-05
 Reference value :  1.15327e-05
 Reference value :  1.15373e-05
 Reference value :  1.15418e-05
 Reference value :  1.15468e-05
 Reference value :  1.15520e-05
 Reference value :  1.15566e-05
 Reference value :  1.15616e-05
 Reference value :  1.15665e-05
 Reference value :  1.15717e-05
 Reference value :  1.15766e-05
 Reference value :  1.15818e-05
 Reference value :  1.15869e-05
 Reference value :  1.15920e-05
 Reference value :  1.15971e-05
 Reference value :  1.16024e-05
 Reference value :  1.16075e-05
 Reference value :  1.16127e-05
 Reference value :  1.16180e-05
 Reference value :  1.16234e-05
 Reference value :  1.16287e-05
 Reference value :  1.16341e-05
 Reference value :  1.16395e-05
 Reference value :  1.16449e-05
 Reference value :  1.16503e-05
 Reference value :  1.16556e-05
 Reference value :  1.16609e-05
 Reference value :  1.16663e-05
 Reference value :  1.16717e-05
 Reference value :  1.16768e-05
 Reference value :  1.16821e-05
 Reference value :  1.16875e-05
 Reference value :  1.16927e-05
 Reference value :  1.16980e-05
 Reference value :  1.17032e-05
 Reference value :  1.17084e-05
 Reference value :  1.17137e-05
 Reference value :  1.17190e-05
 Reference value :  1.17242e-05
 Reference value :  1.17294e-05
 Reference value :  1.17347e-05
 Reference value :  1.17400e-05
 Reference value :  1.17452e-05
 Reference value :  1.17504e-05
 Reference value :  1.17557e-05
 Reference value :  1.17609e-05
 Reference value :  1.17661e-05
 Reference value :  1.17713e-05
 Reference value :  1.17766e-05
 Reference value :  1.17819e-05
 Reference value :  1.17870e-05
 Reference value :  1.17923e-05
 Reference value :  1.17976e-05
 Reference value :  1.18029e-05
 Reference value :  1.18079e-05
 Reference value :  1.18131e-05
 Reference value :  1.18184e-05
 Reference value :  1.18237e-05
 Reference value :  1.18290e-05
 Reference value :  1.18343e-05
 Reference value :  1.18395e-05
 Reference value :  1.18447e-05
 Reference value :  1.18497e-05
 Reference value :  1.18550e-05
 Reference value :  1.18605e-05
 Reference value :  1.18658e-05
 Reference value :  1.18709e-05
 Reference value :  1.18761e-05
 Reference value :  1.18814e-05
 Reference value :  1.18866e-05
 Reference value :  1.18919e-05
 Reference value :  1.18970e-05
 Reference value :  1.19024e-05
 Reference value :  1.19075e-05
 Reference value :  1.19128e-05
 Reference value :  1.19182e-05
 Reference value :  1.19234e-05
 Reference value :  1.19287e-05
 Reference value :  1.19341e-05
 Reference value :  1.19393e-05
 Reference value :  1.19445e-05
 Reference value :  1.19499e-05
 Reference value :  1.19551e-05
 Reference value :  1.19604e-05
 Reference value :  1.19658e-05
 Reference value :  1.19711e-05
 Reference value :  1.19764e-05
 Reference value :  1.19816e-05
 Reference value :  1.19868e-05
 Reference value :  1.19922e-05
 Reference value :  1.19976e-05
 Reference value :  1.20029e-05
 Reference value :  1.20081e-05
 Reference value :  1.20135e-05
 Reference value :  1.20188e-05
 Reference value :  1.20240e-05
 Reference value :  1.20293e-05
 Reference value :  1.20345e-05
 Reference value :  1.20398e-05
 Reference value :  1.20452e-05
 Reference value :  1.20505e-05
 Reference value :  1.20557e-05
 Reference value :  1.20610e-05
 Reference value :  1.20662e-05
 Reference value :  1.20715e-05
 Reference value :  1.20768e-05
 Reference value :  1.20820e-05
 Reference value :  1.20875e-05
 Reference value :  1.20928e-05
 Reference value :  1.20981e-05
 Reference value :  1.21035e-05
 Reference value :  1.21090e-05
 Reference value :  1.21144e-05
 Reference value :  1.21196e-05
 Reference value :  1.21248e-05
 Reference value :  1.21301e-05
 Reference value :  1.21353e-05
 Reference value :  1.21408e-05
 Reference value :  1.21461e-05
 Reference value :  1.21515e-05
 Reference value :  1.21569e-05
 Reference value :  1.21622e-05
 Reference value :  1.21673e-05
 Reference value :  1.21725e-05
 Reference value :  1.21778e-05
 Reference value :  1.21830e-05
 Reference value :  1.21883e-05
 Reference value :  1.21937e-05
 Reference value :  1.21990e-05
 Reference value :  1.22042e-05
 Reference value :  1.22095e-05
 Reference value :  1.22148e-05
 Reference value :  1.22201e-05
 Reference value :  1.22254e-05
 Reference value :  1.22306e-05
 Reference value :  1.22360e-05
 Reference value :  1.22412e-05
 Reference value :  1.22466e-05
 Reference value :  1.22519e-05
 Reference value :  1.22571e-05
 Reference value :  1.22623e-05
 Reference value :  1.22677e-05
 Reference value :  1.22724e-05
 Reference value :  1.22776e-05
 Reference value :  1.22828e-05
 Reference value :  1.22882e-05
 Reference value :  1.22934e-05
 Reference value :  1.22987e-05
 Reference value :  1.23040e-05
 Reference value :  1.23093e-05
 Reference value :  1.23144e-05
 Reference value :  1.23197e-05
 Reference value :  1.23243e-05
 Reference value :  1.23296e-05
 Reference value :  1.23349e-05
 Reference value :  1.23401e-05
 Reference value :  1.23451e-05
 Reference value :  1.23503e-05
 Reference value :  1.23555e-05
 Reference value :  1.23610e-05
 Reference value :  1.23662e-05
 Reference value :  1.23715e-05
 Reference value :  1.23768e-05
 Reference value :  1.23821e-05
 Reference value :  1.23873e-05
 Reference value :  1.23928e-05
 Reference value :  1.23979e-05
 Reference value :  1.24032e-05
 Reference value :  1.24086e-05
 Reference value :  1.24140e-05
 Reference value :  1.24194e-05
 Reference value :  1.24246e-05
 Reference value :  1.24295e-05
 Reference value :  1.24349e-05
 Reference value :  1.24403e-05
 Reference value :  1.24456e-05
 Reference value :  1.24510e-05
 Reference value :  1.24564e-05
 Reference value :  1.24621e-05
 Reference value :  1.24677e-05
 Reference value :  1.24732e-05
 Reference value :  1.24784e-05
 Reference value :  1.24838e-05
 Reference value :  1.24892e-05
 Reference value :  1.24947e-05
 Reference value :  1.25000e-05
 Reference value :  1.25053e-05
 Reference value :  1.25107e-05
 Reference value :  1.25161e-05
 Reference value :  1.25214e-05
 Reference value :  1.25265e-05
 Reference value :  1.25319e-05
 Reference value :  1.25372e-05
 Reference value :  1.25425e-05
 Reference value :  1.25479e-05
 Reference value :  1.25529e-05
 Reference value :  1.25583e-05
 Reference value :  1.25634e-05
 Reference value :  1.25687e-05
 Reference value :  1.25741e-05
 Reference value :  1.25795e-05
 Reference value :  1.25850e-05
 Reference value :  1.25902e-05
 Reference value :  1.25955e-05
 Reference value :  1.26008e-05
 Reference value :  1.26062e-05
 Reference value :  1.26115e-05
 Reference value :  1.26168e-05
 Reference value :  1.26222e-05
 Reference value :  1.26274e-05
 Reference value :  1.26330e-05
 Reference value :  1.26384e-05
 Reference value :  1.26436e-05
 Reference value :  1.26489e-05
 Reference value :  1.26542e-05
 Reference value :  1.26595e-05
 Reference value :  1.26646e-05
 Reference value :  1.26699e-05
 Reference value :  1.26751e-05
 Reference value :  1.26804e-05
 Reference value :  1.26858e-05
 Reference value :  1.26910e-05
 Reference value :  1.26964e-05
 Reference value :  1.27016e-05
 Reference value :  1.27071e-05
 Reference value :  1.27124e-05
 Reference value :  1.27176e-05
 Reference value :  1.27229e-05
 Reference value :  1.27282e-05
 Reference value :  1.27337e-05
 Reference value :  1.27390e-05
 Reference value :  1.27442e-05
 Reference value :  1.27497e-05
 Reference value :  1.27550e-05
 Reference value :  1.27602e-05
 Reference value :  1.27656e-05
 Reference value :  1.27709e-05
 Reference value :  1.27759e-05
 Reference value :  1.27812e-05
 Reference value :  1.27865e-05
 Reference value :  1.27918e-05
 Reference value :  1.27972e-05
 Reference value :  1.28024e-05
 Reference value :  1.28078e-05
 Reference value :  1.28131e-05
 Reference value :  1.28184e-05
 Reference value :  1.28239e-05
 Reference value :  1.28293e-05
 Reference value :  1.28346e-05
 Reference value :  1.28388e-05
 Reference value :  1.28445e-05
 Reference value :  1.28499e-05
 Reference value :  1.28551e-05
 Reference value :  1.28607e-05
 Reference value :  1.28660e-05
 Reference value :  1.28716e-05
 Reference value :  1.28773e-05
 Reference value :  1.28830e-05
 Reference value :  1.28887e-05
 Reference value :  1.28941e-05
 Reference value :  1.28995e-05
 Reference value :  1.29050e-05
 Reference value :  1.29104e-05
 Reference value :  1.29163e-05
 Reference value :  1.29219e-05
 Reference value :  1.29276e-05
 Reference value :  1.29333e-05
 Reference value :  1.29390e-05
 Reference value :  1.29446e-05
 Reference value :  1.29501e-05
 Reference value :  1.29557e-05
 Reference value :  1.29613e-05
 Reference value :  1.29668e-05
 Reference value :  1.29724e-05
 Reference value :  1.29776e-05
 Reference value :  1.29832e-05
 Reference value :  1.29888e-05
 Reference value :  1.29940e-05
 Reference value :  1.29996e-05
 Reference value :  1.30050e-05
 Reference value :  1.30106e-05
 Reference value :  1.30162e-05
 Reference value :  1.30218e-05
 Reference value :  1.30274e-05
 Reference value :  1.30328e-05
 Reference value :  1.30384e-05
 Reference value :  1.30440e-05
 Reference value :  1.30493e-05
 Reference value :  1.30550e-05
 Reference value :  1.30603e-05
 Reference value :  1.30658e-05
 Reference value :  1.30714e-05
 Reference value :  1.30767e-05
 Reference value :  1.30823e-05
 Reference value :  1.30879e-05
 Reference value :  1.30936e-05
 Reference value :  1.30992e-05
 Reference value :  1.31047e-05
 Reference value :  1.31102e-05
 Reference value :  1.31155e-05
 Reference value :  1.31209e-05
 Reference value :  1.31264e-05
 Reference value :  1.31320e-05
 Reference value :  1.31375e-05
 Reference value :  1.31431e-05
 Reference value :  1.31486e-05
 Reference value :  1.31542e-05
 Reference value :  1.31598e-05
 Reference value :  1.31654e-05
 Reference value :  1.31710e-05
 Reference value :  1.31765e-05
 Reference value :  1.31820e-05
 Reference value :  1.31876e-05
 Reference value :  1.31933e-05
 Reference value :  1.31988e-05
 Reference value :  1.32044e-05
 Reference value :  1.32099e-05
 Reference value :  1.32155e-05
 Reference value :  1.32212e-05
 Reference value :  1.32268e-05
 Reference value :  1.32326e-05
 Reference value :  1.32383e-05
 Reference value :  1.32439e-05
 Reference value :  1.32495e-05
 Reference value :  1.32548e-05
 Reference value :  1.32603e-05
 Reference value :  1.32659e-05
 Reference value :  1.32713e-05
 Reference value :  1.32768e-05
 Reference value :  1.32822e-05
 Reference value :  1.32877e-05
 Reference value :  1.32932e-05
 Reference value :  1.32987e-05
 Reference value :  1.33042e-05
 Reference value :  1.33098e-05
 Reference value :  1.33155e-05
 Reference value :  1.33211e-05
 Reference value :  1.33267e-05
 Reference value :  1.33325e-05
 Reference value :  1.33379e-05
 Reference value :  1.33436e-05
 Reference value :  1.33493e-05
 Reference value :  1.33551e-05
 Reference value :  1.33607e-05
 Reference value :  1.33663e-05
 Reference value :  1.33720e-05
 Reference value :  1.33778e-05
 Reference value :  1.33834e-05
 Reference value :  1.33891e-05
 Reference value :  1.33948e-05
 Reference value :  1.34006e-05
 Reference value :  1.34063e-05
 Reference value :  1.34120e-05
 Reference value :  1.34176e-05
 Reference value :  1.34232e-05
 Reference value :  1.34283e-05
 Reference value :  1.34336e-05
 Reference value :  1.34388e-05
 Reference value :  1.34439e-05
 Reference value :  1.34489e-05
 Reference value :  1.34539e-05
 Reference value :  1.34589e-05
 Reference value :  1.34641e-05
 Reference value :  1.34693e-05
 Reference value :  1.34747e-05
 Reference value :  1.34802e-05
 Reference value :  1.34856e-05
 Reference value :  1.34909e-05
 Reference value :  1.34961e-05
 Reference value :  1.35013e-05
 Reference value :  1.35065e-05
 Reference value :  1.35117e-05
 Reference value :  1.35170e-05
 Reference value :  1.35226e-05
 Reference value :  1.35281e-05
 Reference value :  1.35336e-05
 Reference value :  1.35394e-05
 Reference value :  1.35449e-05
 Reference value :  1.35503e-05
 Reference value :  1.35559e-05
 Reference value :  1.35617e-05
 Reference value :  1.35674e-05
 Reference value :  1.35731e-05
 Reference value :  1.35788e-05
 Reference value :  1.35843e-05
 Reference value :  1.35900e-05
 Reference value :  1.35956e-05
 Reference value :  1.36010e-05
 Reference value :  1.36067e-05
 Reference value :  1.36123e-05
 Reference value :  1.36182e-05
 Reference value :  1.36237e-05
 Reference value :  1.36290e-05
 Reference value :  1.36347e-05
 Reference value :  1.36404e-05
 Reference value :  1.36459e-05
 Reference value :  1.36517e-05
 Reference value :  1.36573e-05
 Reference value :  1.36628e-05
 Reference value :  1.36682e-05
 Reference value :  1.36737e-05
 Reference value :  1.36792e-05
 Reference value :  1.36848e-05
 Reference value :  1.36904e-05
 Reference value :  1.36962e-05
 Reference value :  1.37020e-05
 Reference value :  1.37075e-05
 Reference value :  1.37130e-05
 Reference value :  1.37187e-05
 Reference value :  1.37246e-05
 Reference value :  1.37304e-05
 Reference value :  1.37367e-05
 Reference value :  1.37429e-05
 Reference value :  1.37493e-05
 Reference value :  1.37552e-05
 Reference value :  1.37614e-05
 Reference value :  1.37677e-05
 Reference value :  1.37741e-05
 Reference value :  1.37804e-05
 Reference value :  1.37867e-05
 Reference value :  1.37932e-05
 Reference value :  1.37995e-05
 Reference value :  1.38058e-05
 Reference value :  1.38121e-05
 Reference value :  1.38184e-05
 Reference value :  1.38246e-05
 Reference value :  1.38307e-05
 Reference value :  1.38368e-05
 Reference value :  1.38426e-05
 Reference value :  1.38484e-05
 Reference value :  1.38548e-05
 Reference value :  1.38610e-05
 Reference value :  1.38672e-05
 Reference value :  1.38732e-05
 Reference value :  1.38788e-05
 Reference value :  1.38843e-05
 Reference value :  1.38900e-05
 Reference value :  1.38956e-05
 Reference value :  1.39008e-05
 Reference value :  1.39061e-05
 Reference value :  1.39114e-05
 Reference value :  1.39167e-05
 Reference value :  1.39221e-05
 Reference value :  1.39278e-05
 Reference value :  1.39333e-05
 Reference value :  1.39389e-05
 Reference value :  1.39445e-05
 Reference value :  1.39502e-05
 Reference value :  1.39558e-05
 Reference value :  1.39612e-05
 Reference value :  1.39669e-05
 Reference value :  1.39727e-05
 Reference value :  1.39786e-05
 Reference value :  1.39845e-05
 Reference value :  1.39904e-05
 Reference value :  1.39964e-05
 Reference value :  1.40022e-05
 Reference value :  1.40080e-05
 Reference value :  1.40139e-05
 Reference value :  1.40199e-05
 Reference value :  1.40258e-05
 Reference value :  1.40316e-05
 Reference value :  1.40375e-05
 Reference value :  1.40435e-05
 Reference value :  1.40493e-05
 Reference value :  1.40551e-05
 Reference value :  1.40611e-05
 Reference value :  1.40669e-05
 Reference value :  1.40729e-05
 Reference value :  1.40789e-05
 Reference value :  1.40846e-05
 Reference value :  1.40905e-05
 Reference value :  1.40964e-05
 Reference value :  1.41023e-05
 Reference value :  1.41081e-05
 Reference value :  1.41140e-05
 Reference value :  1.41198e-05
 Reference value :  1.41257e-05
 Reference value :  1.41316e-05
 Reference value :  1.41375e-05
 Reference value :  1.41435e-05
 Reference value :  1.41493e-05
 Reference value :  1.41553e-05
 Reference value :  1.41610e-05
 Reference value :  1.41665e-05
 Reference value :  1.41724e-05
 Reference value :  1.41782e-05
 Reference value :  1.41846e-05
 Reference value :  1.41911e-05
 Reference value :  1.41974e-05
 Reference value :  1.42034e-05
 Reference value :  1.42093e-05
 Reference value :  1.42152e-05
 Reference value :  1.42210e-05
 Reference value :  1.42269e-05
 Reference value :  1.42329e-05
 Reference value :  1.42387e-05
 Reference value :  1.42449e-05
 Reference value :  1.42507e-05
 Reference value :  1.42565e-05
 Reference value :  1.42623e-05
 Reference value :  1.42687e-05
 Reference value :  1.42752e-05
 Reference value :  1.42816e-05
 Reference value :  1.42882e-05
 Reference value :  1.42942e-05
 Reference value :  1.43009e-05
 Reference value :  1.43073e-05
 Reference value :  1.43139e-05
 Reference value :  1.43202e-05
 Reference value :  1.43266e-05
 Reference value :  1.43322e-05
 Reference value :  1.43381e-05
 Reference value :  1.43443e-05
 Reference value :  1.43504e-05
 Reference value :  1.43562e-05
 Reference value :  1.43618e-05
 Reference value :  1.43677e-05
 Reference value :  1.43737e-05
 Reference value :  1.43795e-05
 Reference value :  1.43853e-05
 Reference value :  1.43911e-05
 Reference value :  1.43971e-05
 Reference value :  1.44030e-05
 Reference value :  1.44089e-05
 Reference value :  1.44149e-05
 Reference value :  1.44208e-05
 Reference value :  1.44268e-05
 Reference value :  1.44327e-05
 Reference value :  1.44386e-05
 Reference value :  1.44443e-05
 Reference value :  1.44502e-05
 Reference value :  1.44563e-05
 Reference value :  1.44623e-05
 Reference value :  1.44682e-05
 Reference value :  1.44741e-05
 Reference value :  1.44801e-05
 Reference value :  1.44859e-05
 Reference value :  1.44919e-05
 Reference value :  1.44982e-05
 Reference value :  1.45046e-05
 Reference value :  1.45111e-05
 Reference value :  1.45174e-05
 Reference value :  1.45237e-05
 Reference value :  1.45301e-05
 Reference value :  1.45365e-05
 Reference value :  1.45429e-05
 Reference value :  1.45493e-05
 Reference value :  1.45557e-05
 Reference value :  1.45620e-05
 Reference value :  1.45685e-05
 Reference value :  1.45748e-05
 Reference value :  1.45812e-05
 Reference value :  1.45873e-05
 Reference value :  1.45932e-05
 Reference value :  1.45991e-05
 Reference value :  1.46050e-05
 Reference value :  1.46109e-05
 Reference value :  1.46166e-05
 Reference value :  1.46225e-05
 Reference value :  1.46283e-05
 Reference value :  1.46342e-05
 Reference value :  1.46401e-05
 Reference value :  1.46457e-05
 Reference value :  1.46516e-05
 Reference value :  1.46575e-05
 Reference value :  1.46633e-05
 Reference value :  1.46692e-05
 Reference value :  1.46751e-05
 Reference value :  1.46812e-05
 Reference value :  1.46871e-05
 Reference value :  1.46930e-05
 Reference value :  1.46990e-05
 Reference value :  1.47049e-05
 Reference value :  1.47108e-05
 Reference value :  1.47168e-05
 Reference value :  1.47226e-05
 Reference value :  1.47286e-05
 Reference value :  1.47346e-05
 Reference value :  1.47404e-05
 Reference value :  1.47460e-05
 Reference value :  1.47518e-05
 Reference value :  1.47576e-05
 Reference value :  1.47634e-05
 Reference value :  1.47693e-05
 Reference value :  1.47749e-05
 Reference value :  1.47808e-05
 Reference value :  1.47866e-05
 Reference value :  1.47926e-05
 Reference value :  1.47986e-05
 Reference value :  1.48045e-05
 Reference value :  1.48104e-05
 Reference value :  1.48164e-05
 Reference value :  1.48224e-05
 Reference value :  1.48282e-05
 Reference value :  1.48342e-05
 Reference value :  1.48403e-05
 Reference value :  1.48462e-05
 Reference value :  1.48522e-05
 Reference value :  1.48581e-05
 Reference value :  1.48640e-05
 Reference value :  1.48699e-05
 Reference value :  1.48758e-05
 Reference value :  1.48817e-05
 Reference value :  1.48876e-05
 Reference value :  1.48936e-05
 Reference value :  1.48995e-05
 Reference value :  1.49055e-05
 Reference value :  1.49113e-05
 Reference value :  1.49173e-05
 Reference value :  1.49232e-05
 Reference value :  1.49291e-05
 Reference value :  1.49348e-05
 Reference value :  1.49403e-05
 Reference value :  1.49461e-05
 Reference value :  1.49517e-05
 Reference value :  1.49574e-05
 Reference value :  1.49632e-05
 Reference value :  1.49688e-05
 Reference value :  1.49744e-05
 Reference value :  1.49804e-05
 Reference value :  1.49863e-05
 Reference value :  1.49923e-05
 Reference value :  1.49982e-05
 Reference value :  1.50042e-05
 Reference value :  1.50103e-05
 Reference value :  1.50162e-05
 Reference value :  1.50222e-05
 Reference value :  1.50281e-05
 Reference value :  1.50341e-05
 Reference value :  1.50402e-05
 Reference value :  1.50462e-05
 Reference value :  1.50522e-05
 Reference value :  1.50581e-05
 Reference value :  1.50641e-05
 Reference value :  1.50701e-05
 Reference value :  1.50761e-05
 Reference value :  1.50820e-05
 Reference value :  1.50879e-05
 Reference value :  1.50939e-05
 Reference value :  1.50999e-05
 Reference value :  1.51057e-05
 Reference value :  1.51117e-05
 Reference value :  1.51176e-05
 Reference value :  1.51236e-05
 Reference value :  1.51297e-05
 Reference value :  1.51356e-05
 Reference value :  1.51416e-05
 Reference value :  1.51477e-05
 Reference value :  1.51535e-05
 Reference value :  1.51595e-05
 Reference value :  1.51654e-05
 Reference value :  1.51714e-05
 Reference value :  1.51773e-05
 Reference value :  1.51841e-05
 Reference value :  1.51906e-05
 Reference value :  1.51970e-05
 Reference value :  1.52028e-05
 Reference value :  1.52086e-05
 Reference value :  1.52146e-05
 Reference value :  1.52205e-05
 Reference value :  1.52264e-05
 Reference value :  1.52324e-05
 Reference value :  1.52385e-05
 Reference value :  1.52444e-05
 Reference value :  1.52504e-05
 Reference value :  1.52563e-05
 Reference value :  1.52622e-05
 Reference value :  1.52682e-05
 Reference value :  1.52740e-05
 Reference value :  1.52805e-05
 Reference value :  1.52868e-05
 Reference value :  1.52933e-05
 Reference value :  1.52991e-05
 Reference value :  1.53050e-05
 Reference value :  1.53110e-05
 Reference value :  1.53170e-05
 Reference value :  1.53227e-05
 Reference value :  1.53287e-05
 Reference value :  1.53347e-05
 Reference value :  1.53408e-05
 Reference value :  1.53465e-05
 Reference value :  1.53521e-05
 Reference value :  1.53575e-05
 Reference value :  1.53633e-05
 Reference value :  1.53693e-05
 Reference value :  1.53751e-05
 Reference value :  1.53809e-05
 Reference value :  1.53868e-05
 Reference value :  1.53926e-05
 Reference value :  1.53984e-05
 Reference value :  1.54043e-05
 Reference value :  1.54101e-05
 Reference value :  1.54161e-05
 Reference value :  1.54219e-05
 Reference value :  1.54278e-05
 Reference value :  1.54336e-05
 Reference value :  1.54392e-05
 Reference value :  1.54450e-05
 Reference value :  1.54505e-05
 Reference value :  1.54561e-05
 Reference value :  1.54617e-05
 Reference value :  1.54672e-05
 Reference value :  1.54728e-05
 Reference value :  1.54784e-05
 Reference value :  1.54838e-05
 Reference value :  1.54893e-05
 Reference value :  1.54948e-05
 Reference value :  1.55003e-05
 Reference value :  1.55059e-05
 Reference value :  1.55115e-05
 Reference value :  1.55172e-05
 Reference value :  1.55228e-05
 Reference value :  1.55284e-05
 Reference value :  1.55344e-05
 Reference value :  1.55402e-05
 Reference value :  1.55463e-05
 Reference value :  1.55521e-05
 Reference value :  1.55581e-05
 Reference value :  1.55641e-05
 Reference value :  1.55702e-05
 Reference value :  1.55762e-05
 Reference value :  1.55820e-05
 Reference value :  1.55879e-05
 Reference value :  1.55938e-05
 Reference value :  1.55998e-05
 Reference value :  1.56056e-05
 Reference value :  1.56117e-05
 Reference value :  1.56177e-05
 Reference value :  1.56238e-05
 Reference value :  1.56295e-05
 Reference value :  1.56347e-05
 Reference value :  1.56406e-05
 Reference value :  1.56466e-05
 Reference value :  1.56526e-05
 Reference value :  1.56586e-05
 Reference value :  1.56647e-05
 Reference value :  1.56707e-05
 Reference value :  1.56767e-05
 Reference value :  1.56828e-05
 Reference value :  1.56887e-05
 Reference value :  1.56947e-05
 Reference value :  1.57007e-05
 Reference value :  1.57067e-05
 Reference value :  1.57128e-05
 Reference value :  1.57187e-05
 Reference value :  1.57247e-05
 Reference value :  1.57306e-05
 Reference value :  1.57367e-05
 Reference value :  1.57426e-05
 Reference value :  1.57486e-05
 Reference value :  1.57546e-05
 Reference value :  1.57605e-05
 Reference value :  1.57665e-05
 Reference value :  1.57724e-05
 Reference value :  1.57782e-05
 Reference value :  1.57841e-05
 Reference value :  1.57907e-05
 Reference value :  1.57967e-05
 Reference value :  1.58026e-05
 Reference value :  1.58086e-05
 Reference value :  1.58146e-05
 Reference value :  1.58212e-05
 Reference value :  1.58275e-05
 Reference value :  1.58334e-05
 Reference value :  1.58393e-05
 Reference value :  1.58453e-05
 Reference value :  1.58513e-05
 Reference value :  1.58573e-05
 Reference value :  1.58631e-05
 Reference value :  1.58690e-05
 Reference value :  1.58749e-05
 Reference value :  1.58807e-05
 Reference value :  1.58866e-05
 Reference value :  1.58927e-05
 Reference value :  1.58990e-05
 Reference value :  1.59050e-05
 Reference value :  1.59108e-05
 Reference value :  1.59167e-05
 Reference value :  1.59226e-05
 Reference value :  1.59290e-05
 Reference value :  1.59354e-05
 Reference value :  1.59420e-05
 Reference value :  1.59483e-05
 Reference value :  1.59547e-05
 Reference value :  1.59614e-05
 Reference value :  1.59673e-05
 Reference value :  1.59733e-05
 Reference value :  1.59791e-05
 Reference value :  1.59851e-05
 Reference value :  1.59909e-05
 Reference value :  1.59969e-05
 Reference value :  1.60028e-05
 Reference value :  1.60089e-05
 Reference value :  1.60149e-05
 Reference value :  1.60208e-05
 Reference value :  1.60267e-05
 Reference value :  1.60325e-05
 Reference value :  1.60385e-05
 Reference value :  1.60445e-05
 Reference value :  1.60505e-05
 Reference value :  1.60566e-05
 Reference value :  1.60623e-05
 Reference value :  1.60683e-05
 Reference value :  1.60742e-05
 Reference value :  1.60801e-05
 Reference value :  1.60862e-05
 Reference value :  1.60922e-05
 Reference value :  1.60980e-05
 Reference value :  1.61039e-05
 Reference value :  1.61099e-05
 Reference value :  1.61159e-05
 Reference value :  1.61219e-05
 Reference value :  1.61279e-05
 Reference value :  1.61340e-05
 Reference value :  1.61400e-05
 Reference value :  1.61461e-05
 Reference value :  1.61520e-05
 Reference value :  1.61580e-05
 Reference value :  1.61641e-05
 Reference value :  1.61700e-05
 Reference value :  1.61760e-05
 Reference value :  1.61820e-05
 Reference value :  1.61880e-05
 Reference value :  1.61942e-05
 Reference value :  1.62008e-05
 Reference value :  1.62073e-05
 Reference value :  1.62137e-05
 Reference value :  1.62202e-05
 Reference value :  1.62261e-05
 Reference value :  1.62322e-05
 Reference value :  1.62382e-05
 Reference value :  1.62442e-05
 Reference value :  1.62501e-05
 Reference value :  1.62562e-05
 Reference value :  1.62622e-05
 Reference value :  1.62680e-05
 Reference value :  1.62742e-05
 Reference value :  1.62800e-05
 Reference value :  1.62865e-05
 Reference value :  1.62931e-05
 Reference value :  1.62990e-05
 Reference value :  1.63050e-05
 Reference value :  1.63108e-05
 Reference value :  1.63165e-05
 Reference value :  1.63221e-05
 Reference value :  1.63278e-05
 Reference value :  1.63334e-05
 Reference value :  1.63394e-05
 Reference value :  1.63455e-05
 Reference value :  1.63515e-05
 Reference value :  1.63576e-05
 Reference value :  1.63636e-05
 Reference value :  1.63697e-05
 Reference value :  1.63758e-05
 Reference value :  1.63817e-05
 Reference value :  1.63880e-05
 Reference value :  1.63947e-05
 Reference value :  1.64007e-05
 Reference value :  1.64067e-05
 Reference value :  1.64129e-05
 Reference value :  1.64188e-05
 Reference value :  1.64246e-05
 Reference value :  1.64306e-05
 Reference value :  1.64366e-05
 Reference value :  1.64425e-05
 Reference value :  1.64486e-05
 Reference value :  1.64546e-05
 Reference value :  1.64606e-05
 Reference value :  1.64666e-05
 Reference value :  1.64726e-05
 Reference value :  1.64787e-05
 Reference value :  1.64846e-05
 Reference value :  1.64906e-05
 Reference value :  1.64967e-05
 Reference value :  1.65028e-05
 Reference value :  1.65087e-05
 Reference value :  1.65147e-05
 Reference value :  1.65208e-05
 Reference value :  1.65268e-05
 Reference value :  1.65329e-05
 Reference value :  1.65389e-05
 Reference value :  1.65450e-05
 Reference value :  1.65510e-05
 Reference value :  1.65569e-05
 Reference value :  1.65630e-05
 Reference value :  1.65692e-05
 Reference value :  1.65751e-05
 Reference value :  1.65812e-05
 Reference value :  1.65873e-05
 Reference value :  1.65935e-05
 Reference value :  1.65995e-05
 Reference value :  1.66058e-05
 Reference value :  1.66124e-05
 Reference value :  1.66191e-05
 Reference value :  1.66257e-05
 Reference value :  1.66323e-05
 Reference value :  1.66390e-05
 Reference value :  1.66458e-05
 Reference value :  1.66523e-05
 Reference value :  1.66586e-05
 Reference value :  1.66647e-05
 Reference value :  1.66714e-05
 Reference value :  1.66777e-05
 Reference value :  1.66843e-05
 Reference value :  1.66908e-05
 Reference value :  1.66974e-05
 Reference value :  1.67039e-05
 Reference value :  1.67104e-05
 Reference value :  1.67170e-05
 Reference value :  1.67235e-05
 Reference value :  1.67300e-05
 Reference value :  1.67365e-05
 Reference value :  1.67429e-05
 Reference value :  1.67495e-05
 Reference value :  1.67559e-05
 Reference value :  1.67624e-05
 Reference value :  1.67688e-05
 Reference value :  1.67752e-05
 Reference value :  1.67819e-05
 Reference value :  1.67883e-05
 Reference value :  1.67948e-05
 Reference value :  1.68013e-05
 Reference value :  1.68076e-05
 Reference value :  1.68141e-05
 Reference value :  1.68205e-05
 Reference value :  1.68272e-05
 Reference value :  1.68337e-05
 Reference value :  1.68403e-05
 Reference value :  1.68468e-05
 Reference value :  1.68534e-05
 Reference value :  1.68599e-05
 Reference value :  1.68664e-05
 Reference value :  1.68728e-05
 Reference value :  1.68793e-05
 Reference value :  1.68856e-05
 Reference value :  1.68916e-05
 Reference value :  1.68976e-05
 Reference value :  1.69039e-05
 Reference value :  1.69105e-05
 Reference value :  1.69170e-05
 Reference value :  1.69235e-05
 Reference value :  1.69300e-05
 Reference value :  1.69366e-05
 Reference value :  1.69430e-05
 Reference value :  1.69491e-05
 Reference value :  1.69552e-05
 Reference value :  1.69612e-05
 Reference value :  1.69672e-05
 Reference value :  1.69732e-05
 Reference value :  1.69793e-05
 Reference value :  1.69854e-05
 Reference value :  1.69915e-05
 Reference value :  1.69976e-05
 Reference value :  1.70037e-05
 Reference value :  1.70101e-05
 Reference value :  1.70168e-05
 Reference value :  1.70233e-05
 Reference value :  1.70290e-05
 Reference value :  1.70347e-05
 Reference value :  1.70405e-05
 Reference value :  1.70462e-05
 Reference value :  1.70520e-05
 Reference value :  1.70577e-05
 Reference value :  1.70635e-05
 Reference value :  1.70691e-05
 Reference value :  1.70750e-05
 Reference value :  1.70812e-05
 Reference value :  1.70873e-05
 Reference value :  1.70934e-05
 Reference value :  1.70994e-05
 Reference value :  1.71053e-05
 Reference value :  1.71109e-05
 Reference value :  1.71168e-05
 Reference value :  1.71229e-05
 Reference value :  1.71289e-05
 Reference value :  1.71350e-05
 Reference value :  1.71411e-05
 Reference value :  1.71471e-05
 Reference value :  1.71528e-05
 Reference value :  1.71586e-05
 Reference value :  1.71643e-05
 Reference value :  1.71701e-05
 Reference value :  1.71760e-05
 Reference value :  1.71819e-05
 Reference value :  1.71879e-05
 Reference value :  1.71937e-05
 Reference value :  1.71996e-05
 Reference value :  1.72053e-05
 Reference value :  1.72111e-05
 Reference value :  1.72172e-05
 Reference value :  1.72233e-05
 Reference value :  1.72294e-05
 Reference value :  1.72354e-05
 Reference value :  1.72413e-05
 Reference value :  1.72471e-05
 Reference value :  1.72529e-05
 Reference value :  1.72586e-05
 Reference value :  1.72643e-05
 Reference value :  1.72701e-05
 Reference value :  1.72759e-05
 Reference value :  1.72818e-05
 Reference value :  1.72877e-05
 Reference value :  1.72933e-05
 Reference value :  1.72993e-05
 Reference value :  1.73053e-05
 Reference value :  1.73112e-05
 Reference value :  1.73173e-05
 Reference value :  1.73232e-05
 Reference value :  1.73293e-05
 Reference value :  1.73354e-05
 Reference value :  1.73414e-05
 Reference value :  1.73474e-05
 Reference value :  1.73533e-05
 Reference value :  1.73593e-05
 Reference value :  1.73653e-05
 Reference value :  1.73714e-05
 Reference value :  1.73774e-05
 Reference value :  1.73835e-05
 Reference value :  1.73896e-05
 Reference value :  1.73956e-05
 Reference value :  1.74016e-05
 Reference value :  1.74076e-05
 Reference value :  1.74136e-05
 Reference value :  1.74197e-05
 Reference value :  1.74258e-05
 Reference value :  1.74317e-05
 Reference value :  1.74377e-05
 Reference value :  1.74437e-05
 Reference value :  1.74498e-05
 Reference value :  1.74559e-05
 Reference value :  1.74619e-05
 Reference value :  1.74680e-05
 Reference value :  1.74741e-05
 Reference value :  1.74802e-05
 Reference value :  1.74861e-05
 Reference value :  1.74922e-05
 Reference value :  1.74982e-05
 Reference value :  1.75042e-05
 Reference value :  1.75103e-05
 Reference value :  1.75163e-05
 Reference value :  1.75222e-05
 Reference value :  1.75283e-05
 Reference value :  1.75348e-05
 Reference value :  1.75407e-05
 Reference value :  1.75467e-05
 Reference value :  1.75528e-05
 Reference value :  1.75588e-05
 Reference value :  1.75650e-05
 Reference value :  1.75709e-05
 Reference value :  1.75770e-05
 Reference value :  1.75828e-05
 Reference value :  1.75880e-05
 Reference value :  1.75941e-05
 Reference value :  1.76001e-05
 Reference value :  1.76062e-05
 Reference value :  1.76122e-05
 Reference value :  1.76184e-05
 Reference value :  1.76243e-05
 Reference value :  1.76304e-05
 Reference value :  1.76365e-05
 Reference value :  1.76425e-05
 Reference value :  1.76485e-05
 Reference value :  1.76545e-05
 Reference value :  1.76605e-05
 Reference value :  1.76665e-05
 Reference value :  1.76726e-05
 Reference value :  1.76785e-05
 Reference value :  1.76847e-05
 Reference value :  1.76907e-05
 Reference value :  1.76967e-05
 Reference value :  1.77027e-05
 Reference value :  1.77087e-05
 Reference value :  1.77147e-05
 Reference value :  1.77208e-05
 Reference value :  1.77268e-05
 Reference value :  1.77329e-05
 Reference value :  1.77389e-05
 Reference value :  1.77447e-05
 Reference value :  1.77506e-05
 Reference value :  1.77564e-05
 Reference value :  1.77623e-05
 Reference value :  1.77684e-05
 Reference value :  1.77744e-05
 Reference value :  1.77809e-05
 Reference value :  1.77876e-05
 Reference value :  1.77940e-05
 Reference value :  1.78006e-05
 Reference value :  1.78066e-05
 Reference value :  1.78127e-05
 Reference value :  1.78186e-05
 Reference value :  1.78247e-05
 Reference value :  1.78307e-05
 Reference value :  1.78369e-05
 Reference value :  1.78430e-05
 Reference value :  1.78491e-05
 Reference value :  1.78551e-05
 Reference value :  1.78613e-05
 Reference value :  1.78674e-05
 Reference value :  1.78734e-05
 Reference value :  1.78795e-05
 Reference value :  1.78856e-05
 Reference value :  1.78909e-05
 Reference value :  1.78967e-05
 Reference value :  1.79026e-05
 Reference value :  1.79088e-05
 Reference value :  1.79148e-05
 Reference value :  1.79209e-05
 Reference value :  1.79268e-05
 Reference value :  1.79330e-05
 Reference value :  1.79391e-05
 Reference value :  1.79456e-05
 Reference value :  1.79523e-05
 Reference value :  1.79588e-05
 Reference value :  1.79654e-05
 Reference value :  1.79720e-05
 Reference value :  1.79786e-05
 Reference value :  1.79850e-05
 Reference value :  1.79915e-05
 Reference value :  1.79981e-05
 Reference value :  1.80047e-05
 Reference value :  1.80110e-05
 Reference value :  1.80174e-05
 Reference value :  1.80240e-05
 Reference value :  1.80304e-05
 Reference value :  1.80368e-05
 Reference value :  1.80426e-05
 Reference value :  1.80492e-05
 Reference value :  1.80557e-05
 Reference value :  1.80622e-05
 Reference value :  1.80687e-05
 Reference value :  1.80753e-05
 Reference value :  1.80820e-05
 Reference value :  1.80885e-05
 Reference value :  1.80950e-05
 Reference value :  1.81016e-05
 Reference value :  1.81083e-05
 Reference value :  1.81148e-05
 Reference value :  1.81208e-05
 Reference value :  1.81270e-05
 Reference value :  1.81336e-05
 Reference value :  1.81403e-05
 Reference value :  1.81467e-05
 Reference value :  1.81532e-05
 Reference value :  1.81596e-05
 Reference value :  1.81663e-05
 Reference value :  1.81729e-05
 Reference value :  1.81792e-05
 Reference value :  1.81858e-05
 Reference value :  1.81923e-05
 Reference value :  1.81988e-05
 Reference value :  1.82051e-05
 Reference value :  1.82117e-05
 Reference value :  1.82182e-05
 Reference value :  1.82247e-05
 Reference value :  1.82312e-05
 Reference value :  1.82372e-05
 Reference value :  1.82432e-05
 Reference value :  1.82494e-05
 Reference value :  1.82559e-05
 Reference value :  1.82622e-05
 Reference value :  1.82683e-05
 Reference value :  1.82742e-05
 Reference value :  1.82800e-05
 Reference value :  1.82865e-05
 Reference value :  1.82928e-05
 Reference value :  1.82986e-05
 Reference value :  1.83045e-05
 Reference value :  1.83106e-05
 Reference value :  1.83163e-05
 Reference value :  1.83224e-05
 Reference value :  1.83285e-05
 Reference value :  1.83347e-05
 Reference value :  1.83408e-05
 Reference value :  1.83468e-05
 Reference value :  1.83528e-05
 Reference value :  1.83590e-05
 Reference value :  1.83650e-05
 Reference value :  1.83710e-05
 Reference value :  1.83770e-05
 Reference value :  1.83830e-05
 Reference value :  1.83888e-05
 Reference value :  1.83948e-05
 Reference value :  1.84007e-05
 Reference value :  1.84068e-05
 Reference value :  1.84128e-05
 Reference value :  1.84186e-05
 Reference value :  1.84246e-05
 Reference value :  1.84306e-05
 Reference value :  1.84366e-05
 Reference value :  1.84426e-05
 Reference value :  1.84487e-05
 Reference value :  1.84545e-05
 Reference value :  1.84606e-05
 Reference value :  1.84666e-05
 Reference value :  1.84726e-05
 Reference value :  1.84787e-05
 Reference value :  1.84848e-05
 Reference value :  1.84909e-05
 Reference value :  1.84968e-05
 Reference value :  1.85030e-05
 Reference value :  1.85089e-05
 Reference value :  1.85150e-05
 Reference value :  1.85210e-05
 Reference value :  1.85266e-05
 Reference value :  1.85324e-05
 Reference value :  1.85381e-05
 Reference value :  1.85438e-05
 Reference value :  1.85496e-05
 Reference value :  1.85554e-05
 Reference value :  1.85612e-05
 Reference value :  1.85669e-05
 Reference value :  1.85727e-05
 Reference value :  1.85785e-05
 Reference value :  1.85843e-05
 Reference value :  1.85900e-05
 Reference value :  1.85958e-05
 Reference value :  1.86015e-05
 Reference value :  1.86073e-05
 Reference value :  1.86131e-05
 Reference value :  1.86189e-05
 Reference value :  1.86250e-05
 Reference value :  1.86311e-05
 Reference value :  1.86372e-05
 Reference value :  1.86432e-05
 Reference value :  1.86493e-05
 Reference value :  1.86553e-05
 Reference value :  1.86615e-05
 Reference value :  1.86676e-05
 Reference value :  1.86737e-05
 Reference value :  1.86797e-05
 Reference value :  1.86857e-05
 Reference value :  1.86918e-05
 Reference value :  1.86979e-05
 Reference value :  1.87039e-05
 Reference value :  1.87099e-05
 Reference value :  1.87161e-05
 Reference value :  1.87222e-05
 Reference value :  1.87283e-05
 Reference value :  1.87343e-05
 Reference value :  1.87403e-05
 Reference value :  1.87465e-05
 Reference value :  1.87523e-05
 Reference value :  1.87582e-05
 Reference value :  1.87643e-05
 Reference value :  1.87703e-05
 Reference value :  1.87763e-05
 Reference value :  1.87824e-05
 Reference value :  1.87884e-05
 Reference value :  1.87945e-05
 Reference value :  1.88007e-05
 Reference value :  1.88067e-05
 Reference value :  1.88126e-05
 Reference value :  1.88187e-05
 Reference value :  1.88247e-05
 Reference value :  1.88308e-05
 Reference value :  1.88369e-05
 Reference value :  1.88430e-05
 Reference value :  1.88487e-05
 Reference value :  1.88544e-05
 Reference value :  1.88603e-05
 Reference value :  1.88663e-05
 Reference value :  1.88716e-05
 Reference value :  1.88777e-05
 Reference value :  1.88837e-05
 Reference value :  1.88904e-05
 Reference value :  1.88969e-05
 Reference value :  1.89033e-05
 Reference value :  1.89100e-05
 Reference value :  1.89164e-05
 Reference value :  1.89225e-05
 Reference value :  1.89284e-05
 Reference value :  1.89345e-05
 Reference value :  1.89406e-05
 Reference value :  1.89467e-05
 Reference value :  1.89527e-05
 Reference value :  1.89589e-05
 Reference value :  1.89652e-05
 Reference value :  1.89711e-05
 Reference value :  1.89774e-05
 Reference value :  1.89834e-05
 Reference value :  1.89895e-05
 Reference value :  1.89955e-05
 Reference value :  1.90017e-05
 Reference value :  1.90075e-05
 Reference value :  1.90135e-05
 Reference value :  1.90196e-05
 Reference value :  1.90258e-05
 Reference value :  1.90319e-05
 Reference value :  1.90380e-05
 Reference value :  1.90441e-05
 Reference value :  1.90504e-05
 Reference value :  1.90564e-05
 Reference value :  1.90625e-05
 Reference value :  1.90687e-05
 Reference value :  1.90747e-05
 Reference value :  1.90808e-05
 Reference value :  1.90869e-05
 Reference value :  1.90930e-05
 Reference value :  1.90990e-05
 Reference value :  1.91051e-05
 Reference value :  1.91111e-05
 Reference value :  1.91172e-05
 Reference value :  1.91233e-05
 Reference value :  1.91294e-05
 Reference value :  1.91356e-05
 Reference value :  1.91417e-05
 Reference value :  1.91476e-05
 Reference value :  1.91538e-05
 Reference value :  1.91598e-05
 Reference value :  1.91660e-05
 Reference value :  1.91720e-05
 Reference value :  1.91782e-05
 Reference value :  1.91848e-05
 Reference value :  1.91914e-05
 Reference value :  1.91979e-05
 Reference value :  1.92044e-05
 Reference value :  1.92108e-05
 Reference value :  1.92174e-05
 Reference value :  1.92234e-05
 Reference value :  1.92294e-05
 Reference value :  1.92354e-05
 Reference value :  1.92415e-05
 Reference value :  1.92475e-05
 Reference value :  1.92532e-05
 Reference value :  1.92590e-05
 Reference value :  1.92651e-05
 Reference value :  1.92712e-05
 Reference value :  1.92774e-05
 Reference value :  1.92835e-05
 Reference value :  1.92896e-05
 Reference value :  1.92958e-05
 Reference value :  1.93020e-05
 Reference value :  1.93085e-05
 Reference value :  1.93152e-05
 Reference value :  1.93218e-05
 Reference value :  1.93285e-05
 Reference value :  1.93350e-05
 Reference value :  1.93410e-05
 Reference value :  1.93471e-05
 Reference value :  1.93531e-05
 Reference value :  1.93591e-05
 Reference value :  1.93652e-05
 Reference value :  1.93713e-05
 Reference value :  1.93772e-05
 Reference value :  1.93832e-05
 Reference value :  1.93895e-05
 Reference value :  1.93956e-05
 Reference value :  1.94017e-05
 Reference value :  1.94078e-05
 Reference value :  1.94138e-05
 Reference value :  1.94200e-05
 Reference value :  1.94262e-05
 Reference value :  1.94328e-05
 Reference value :  1.94395e-05
 Reference value :  1.94462e-05
 Reference value :  1.94528e-05
 Reference value :  1.94594e-05
 Reference value :  1.94660e-05
 Reference value :  1.94723e-05
 Reference value :  1.94788e-05
 Reference value :  1.94854e-05
 Reference value :  1.94920e-05
 Reference value :  1.94987e-05
 Reference value :  1.95050e-05
 Reference value :  1.95116e-05
 Reference value :  1.95182e-05
 Reference value :  1.95247e-05
 Reference value :  1.95313e-05
 Reference value :  1.95378e-05
 Reference value :  1.95444e-05
 Reference value :  1.95510e-05
 Reference value :  1.95576e-05
 Reference value :  1.95640e-05
 Reference value :  1.95705e-05
 Reference value :  1.95772e-05
 Reference value :  1.95837e-05
 Reference value :  1.95900e-05
 Reference value :  1.95963e-05
 Reference value :  1.96030e-05
 Reference value :  1.96095e-05
 Reference value :  1.96160e-05
 Reference value :  1.96225e-05
 Reference value :  1.96289e-05
 Reference value :  1.96354e-05
 Reference value :  1.96417e-05
 Reference value :  1.96483e-05
 Reference value :  1.96548e-05
 Reference value :  1.96613e-05
 Reference value :  1.96678e-05
 Reference value :  1.96741e-05
 Reference value :  1.96807e-05
 Reference value :  1.96872e-05
 Reference value :  1.96935e-05
 Reference value :  1.96999e-05
 Reference value :  1.97064e-05
 Reference value :  1.97128e-05
 Reference value :  1.97194e-05
 Reference value :  1.97258e-05
 Reference value :  1.97324e-05
 Reference value :  1.97389e-05
 Reference value :  1.97452e-05
 Reference value :  1.97518e-05
 Reference value :  1.97582e-05
 Reference value :  1.97646e-05
 Reference value :  1.97711e-05
 Reference value :  1.97778e-05
 Reference value :  1.97843e-05
 Reference value :  1.97908e-05
 Reference value :  1.97972e-05
 Reference value :  1.98036e-05
 Reference value :  1.98100e-05
 Reference value :  1.98165e-05
 Reference value :  1.98230e-05
 Reference value :  1.98295e-05
 Reference value :  1.98360e-05
 Reference value :  1.98424e-05
 Reference value :  1.98489e-05
 Reference value :  1.98555e-05
 Reference value :  1.98619e-05
 Reference value :  1.98683e-05
 Reference value :  1.98747e-05
 Reference value :  1.98812e-05
 Reference value :  1.98877e-05
 Reference value :  1.98942e-05
 Reference value :  1.99005e-05
 Reference value :  1.99070e-05
 Reference value :  1.99136e-05
 Reference value :  1.99200e-05
 Reference value :  1.99266e-05
 Reference value :  1.99329e-05
 Reference value :  1.99393e-05
 Reference value :  1.99457e-05
 Reference value :  1.99522e-05
 Reference value :  1.99587e-05
 Reference value :  1.99652e-05
 Reference value :  1.99717e-05
 Reference value :  1.99780e-05
 Reference value :  1.99846e-05
 Reference value :  1.99908e-05
 Reference value :  1.99974e-05
 Reference value :  2.00038e-05
 Reference value :  2.00102e-05
 Reference value :  2.00167e-05
 Reference value :  2.00229e-05
 Reference value :  2.00288e-05
 Reference value :  2.00347e-05
 Reference value :  2.00407e-05
 Reference value :  2.00467e-05
 Reference value :  2.00528e-05
 Reference value :  2.00588e-05
 Reference value :  2.00649e-05
 Reference value :  2.00714e-05
 Reference value :  2.00779e-05
 Reference value :  2.00845e-05
 Reference value :  2.00909e-05
 Reference value :  2.00975e-05
 Reference value :  2.01040e-05
 Reference value :  2.01100e-05
 Reference value :  2.01160e-05
 Reference value :  2.01219e-05
 Reference value :  2.01280e-05
 Reference value :  2.01340e-05
 Reference value :  2.01400e-05
 Reference value :  2.01461e-05
 Reference value :  2.01521e-05
 Reference value :  2.01582e-05
 Reference value :  2.01645e-05
 Reference value :  2.01711e-05
 Reference value :  2.01775e-05
 Reference value :  2.01836e-05
 Reference value :  2.01897e-05
 Reference value :  2.01957e-05
 Reference value :  2.02017e-05
 Reference value :  2.02078e-05
 Reference value :  2.02139e-05
 Reference value :  2.02204e-05
 Reference value :  2.02268e-05
 Reference value :  2.02334e-05
 Reference value :  2.02400e-05
 Reference value :  2.02465e-05
 Reference value :  2.02530e-05
 Reference value :  2.02594e-05
 Reference value :  2.02660e-05
 Reference value :  2.02723e-05
 Reference value :  2.02788e-05
 Reference value :  2.02853e-05
 Reference value :  2.02920e-05
 Reference value :  2.02985e-05
 Reference value :  2.03044e-05
 Reference value :  2.03103e-05
 Reference value :  2.03165e-05
 Reference value :  2.03227e-05
 Reference value :  2.03288e-05
 Reference value :  2.03348e-05
 Reference value :  2.03408e-05
 Reference value :  2.03468e-05
 Reference value :  2.03527e-05
 Reference value :  2.03587e-05
 Reference value :  2.03646e-05
 Reference value :  2.03705e-05
 Reference value :  2.03766e-05
 Reference value :  2.03825e-05
 Reference value :  2.03885e-05
 Reference value :  2.03945e-05
 Reference value :  2.04004e-05
 Reference value :  2.04066e-05
 Reference value :  2.04125e-05
 Reference value :  2.04185e-05
 Reference value :  2.04245e-05
 Reference value :  2.04306e-05
 Reference value :  2.04367e-05
 Reference value :  2.04427e-05
 Reference value :  2.04487e-05
 Reference value :  2.04547e-05
 Reference value :  2.04608e-05
 Reference value :  2.04667e-05
 Reference value :  2.04727e-05
 Reference value :  2.04787e-05
 Reference value :  2.04848e-05
 Reference value :  2.04908e-05
 Reference value :  2.04969e-05
 Reference value :  2.05029e-05
 Reference value :  2.05088e-05
 Reference value :  2.05148e-05
 Reference value :  2.05207e-05
 Reference value :  2.05268e-05
 Reference value :  2.05328e-05
 Reference value :  2.05387e-05
 Reference value :  2.05448e-05
 Reference value :  2.05508e-05
 Reference value :  2.05568e-05
 Reference value :  2.05628e-05
 Reference value :  2.05689e-05
 Reference value :  2.05749e-05
 Reference value :  2.05810e-05
 Reference value :  2.05870e-05
 Reference value :  2.05930e-05
 Reference value :  2.05992e-05
 Reference value :  2.06052e-05
 Reference value :  2.06112e-05
 Reference value :  2.06172e-05
 Reference value :  2.06233e-05
 Reference value :  2.06294e-05
 Reference value :  2.06353e-05
 Reference value :  2.06410e-05
 Reference value :  2.06469e-05
 Reference value :  2.06530e-05
 Reference value :  2.06589e-05
 Reference value :  2.06647e-05
 Reference value :  2.06703e-05
 Reference value :  2.06762e-05
 Reference value :  2.06823e-05
 Reference value :  2.06884e-05
 Reference value :  2.06945e-05
 Reference value :  2.07005e-05
 Reference value :  2.07066e-05
 Reference value :  2.07127e-05
 Reference value :  2.07188e-05
 Reference value :  2.07244e-05
 Reference value :  2.07304e-05
 Reference value :  2.07363e-05
 Reference value :  2.07421e-05
 Reference value :  2.07480e-05
 Reference value :  2.07538e-05
 Reference value :  2.07598e-05
 Reference value :  2.07657e-05
 Reference value :  2.07717e-05
 Reference value :  2.07775e-05
 Reference value :  2.07834e-05
 Reference value :  2.07894e-05
 Reference value :  2.07954e-05
 Reference value :  2.08014e-05
 Reference value :  2.08075e-05
 Reference value :  2.08135e-05
 Reference value :  2.08195e-05
 Reference value :  2.08256e-05
 Reference value :  2.08317e-05
 Reference value :  2.08376e-05
 Reference value :  2.08435e-05
 Reference value :  2.08495e-05
 Reference value :  2.08554e-05
 Reference value :  2.08612e-05
 Reference value :  2.08673e-05
 Reference value :  2.08732e-05
 Reference value :  2.08792e-05
 Reference value :  2.08851e-05
 Reference value :  2.08910e-05
 Reference value :  2.08971e-05
 Reference value :  2.09031e-05
 Reference value :  2.09093e-05
 Reference value :  2.09152e-05
 Reference value :  2.09214e-05
 Reference value :  2.09273e-05
 Reference value :  2.09334e-05
 Reference value :  2.09395e-05
 Reference value :  2.09455e-05
 Reference value :  2.09514e-05
 Reference value :  2.09575e-05
 Reference value :  2.09635e-05
 Reference value :  2.09696e-05
 Reference value :  2.09757e-05
 Reference value :  2.09816e-05
 Reference value :  2.09878e-05
 Reference value :  2.09938e-05
 Reference value :  2.09997e-05
 Reference value :  2.10057e-05
 Reference value :  2.10117e-05
 Reference value :  2.10177e-05
 Reference value :  2.10238e-05
 Reference value :  2.10297e-05
 Reference value :  2.10356e-05
 Reference value :  2.10417e-05
 Reference value :  2.10477e-05
 Reference value :  2.10537e-05
 Reference value :  2.10597e-05
 Reference value :  2.10658e-05
 Reference value :  2.10719e-05
 Reference value :  2.10780e-05
 Reference value :  2.10840e-05
 Reference value :  2.10901e-05
 Reference value :  2.10962e-05
 Reference value :  2.11026e-05
 Reference value :  2.11085e-05
 Reference value :  2.11147e-05
 Reference value :  2.11207e-05
 Reference value :  2.11268e-05
 Reference value :  2.11328e-05
 Reference value :  2.11389e-05
 Reference value :  2.11451e-05
 Reference value :  2.11513e-05
 Reference value :  2.11574e-05
 Reference value :  2.11634e-05
 Reference value :  2.11696e-05
 Reference value :  2.11756e-05
 Reference value :  2.11816e-05
 Reference value :  2.11877e-05
 Reference value :  2.11937e-05
 Reference value :  2.11999e-05
 Reference value :  2.12059e-05
 Reference value :  2.12120e-05
 Reference value :  2.12182e-05
 Reference value :  2.12242e-05
 Reference value :  2.12301e-05
 Reference value :  2.12362e-05
 Reference value :  2.12421e-05
 Reference value :  2.12481e-05
 Reference value :  2.12542e-05
 Reference value :  2.12602e-05
 Reference value :  2.12661e-05
 Reference value :  2.12719e-05
 Reference value :  2.12776e-05
 Reference value :  2.12835e-05
 Reference value :  2.12895e-05
 Reference value :  2.12952e-05
 Reference value :  2.13011e-05
 Reference value :  2.13069e-05
 Reference value :  2.13128e-05
 Reference value :  2.13186e-05
 Reference value :  2.13245e-05
 Reference value :  2.13303e-05
 Reference value :  2.13362e-05
 Reference value :  2.13421e-05
 Reference value :  2.13480e-05
 Reference value :  2.13539e-05
 Reference value :  2.13597e-05
 Reference value :  2.13655e-05
 Reference value :  2.13714e-05
 Reference value :  2.13774e-05
 Reference value :  2.13834e-05
 Reference value :  2.13891e-05
 Reference value :  2.13950e-05
 Reference value :  2.14008e-05
 Reference value :  2.14066e-05
 Reference value :  2.14125e-05
 Reference value :  2.14183e-05
 Reference value :  2.14241e-05
 Reference value :  2.14299e-05
 Reference value :  2.14359e-05
 Reference value :  2.14418e-05
 Reference value :  2.14476e-05
 Reference value :  2.14538e-05
 Reference value :  2.14598e-05
 Reference value :  2.14660e-05
 Reference value :  2.14719e-05
 Reference value :  2.14781e-05
 Reference value :  2.14842e-05
 Reference value :  2.14904e-05
 Reference value :  2.14965e-05
 Reference value :  2.15026e-05
 Reference value :  2.15087e-05
 Reference value :  2.15147e-05
 Reference value :  2.15209e-05
 Reference value :  2.15269e-05
 Reference value :  2.15331e-05
 Reference value :  2.15392e-05
 Reference value :  2.15454e-05
 Reference value :  2.15514e-05
 Reference value :  2.15575e-05
 Reference value :  2.15635e-05
 Reference value :  2.15697e-05
 Reference value :  2.15758e-05
 Reference value :  2.15819e-05
 Reference value :  2.15880e-05
 Reference value :  2.15941e-05
 Reference value :  2.16003e-05
 Reference value :  2.16063e-05
 Reference value :  2.16124e-05
 Reference value :  2.16185e-05
 Reference value :  2.16247e-05
 Reference value :  2.16308e-05
 Reference value :  2.16369e-05
 Reference value :  2.16430e-05
 Reference value :  2.16492e-05
 Reference value :  2.16553e-05
 Reference value :  2.16614e-05
 Reference value :  2.16676e-05
 Reference value :  2.16738e-05
 Reference value :  2.16800e-05
 Reference value :  2.16862e-05
 Reference value :  2.16922e-05
 Reference value :  2.16983e-05
 Reference value :  2.17044e-05
 Reference value :  2.17105e-05
 Reference value :  2.17165e-05
 Reference value :  2.17226e-05
 Reference value :  2.17288e-05
 Reference value :  2.17346e-05
 Reference value :  2.17404e-05
 Reference value :  2.17463e-05
 Reference value :  2.17522e-05
 Reference value :  2.17582e-05
 Reference value :  2.17641e-05
 Reference value :  2.17702e-05
 Reference value :  2.17761e-05
 Reference value :  2.17820e-05
 Reference value :  2.17880e-05
 Reference value :  2.17939e-05
 Reference value :  2.17998e-05
 Reference value :  2.18058e-05
 Reference value :  2.18117e-05
 Reference value :  2.18177e-05
 Reference value :  2.18238e-05
 Reference value :  2.18296e-05
 Reference value :  2.18356e-05
 Reference value :  2.18416e-05
 Reference value :  2.18476e-05
 Reference value :  2.18536e-05
 Reference value :  2.18596e-05
 Reference value :  2.18658e-05
 Reference value :  2.18719e-05
 Reference value :  2.18781e-05
 Reference value :  2.18842e-05
 Reference value :  2.18903e-05
 Reference value :  2.18965e-05
 Reference value :  2.19026e-05
 Reference value :  2.19088e-05
 Reference value :  2.19148e-05
 Reference value :  2.19209e-05
 Reference value :  2.19270e-05
 Reference value :  2.19332e-05
 Reference value :  2.19393e-05
 Reference value :  2.19454e-05
 Reference value :  2.19516e-05
 Reference value :  2.19576e-05
 Reference value :  2.19638e-05
 Reference value :  2.19697e-05
 Reference value :  2.19759e-05
 Reference value :  2.19820e-05
 Reference value :  2.19882e-05
 Reference value :  2.19941e-05
 Reference value :  2.20003e-05
 Reference value :  2.20063e-05
 Reference value :  2.20124e-05
 Reference value :  2.20184e-05
 Reference value :  2.20244e-05
 Reference value :  2.20305e-05
 Reference value :  2.20367e-05
 Reference value :  2.20428e-05
 Reference value :  2.20489e-05
 Reference value :  2.20549e-05
 Reference value :  2.20610e-05
 Reference value :  2.20671e-05
 Reference value :  2.20732e-05
 Reference value :  2.20791e-05
 Reference value :  2.20853e-05
 Reference value :  2.20913e-05
 Reference value :  2.20975e-05
 Reference value :  2.21035e-05
 Reference value :  2.21095e-05
 Reference value :  2.21156e-05
 Reference value :  2.21217e-05
 Reference value :  2.21277e-05
 Reference value :  2.21337e-05
 Reference value :  2.21398e-05
 Reference value :  2.21459e-05
 Reference value :  2.21519e-05
 Reference value :  2.21581e-05
 Reference value :  2.21641e-05
 Reference value :  2.21703e-05
 Reference value :  2.21762e-05
 Reference value :  2.21824e-05
 Reference value :  2.21883e-05
 Reference value :  2.21945e-05
 Reference value :  2.22004e-05
 Reference value :  2.22065e-05
 Reference value :  2.22127e-05
 Reference value :  2.22188e-05
 Reference value :  2.22249e-05
 Reference value :  2.22311e-05
 Reference value :  2.22371e-05
 Reference value :  2.22432e-05
 Reference value :  2.22493e-05
 Reference value :  2.22555e-05
 Reference value :  2.22618e-05
 Reference value :  2.22681e-05
 Reference value :  2.22741e-05
 Reference value :  2.22803e-05
 Reference value :  2.22868e-05
 Reference value :  2.22932e-05
 Reference value :  2.22993e-05
 Reference value :  2.23055e-05
 Reference value :  2.23116e-05
 Reference value :  2.23178e-05
 Reference value :  2.23240e-05
 Reference value :  2.23301e-05
 Reference value :  2.23363e-05
 Reference value :  2.23424e-05
 Reference value :  2.23486e-05
 Reference value :  2.23546e-05
 Reference value :  2.23609e-05
 Reference value :  2.23671e-05
 Reference value :  2.23740e-05
 Reference value :  2.23806e-05
 Reference value :  2.23872e-05
 Reference value :  2.23938e-05
 Reference value :  2.24002e-05
 Reference value :  2.24069e-05
 Reference value :  2.24133e-05
 Reference value :  2.24200e-05
 Reference value :  2.24267e-05
 Reference value :  2.24332e-05
 Reference value :  2.24398e-05
 Reference value :  2.24463e-05
 Reference value :  2.24528e-05
 Reference value :  2.24592e-05
 Reference value :  2.24658e-05
 Reference value :  2.24725e-05
 Reference value :  2.24790e-05
 Reference value :  2.24857e-05
 Reference value :  2.24922e-05
 Reference value :  2.24989e-05
 Reference value :  2.25054e-05
 Reference value :  2.25119e-05
 Reference value :  2.25185e-05
 Reference value :  2.25250e-05
 Reference value :  2.25315e-05
 Reference value :  2.25380e-05
 Reference value :  2.25446e-05
 Reference value :  2.25508e-05
 Reference value :  2.25574e-05
 Reference value :  2.25639e-05
 Reference value :  2.25701e-05
 Reference value :  2.25761e-05
 Reference value :  2.25829e-05
 Reference value :  2.25895e-05
 Reference value :  2.25962e-05
 Reference value :  2.26029e-05
 Reference value :  2.26093e-05
 Reference value :  2.26160e-05
 Reference value :  2.26225e-05
 Reference value :  2.26291e-05
 Reference value :  2.26356e-05
 Reference value :  2.26423e-05
 Reference value :  2.26489e-05
 Reference value :  2.26557e-05
 Reference value :  2.26621e-05
 Reference value :  2.26686e-05
 Reference value :  2.26752e-05
 Reference value :  2.26818e-05
 Reference value :  2.26884e-05
 Reference value :  2.26950e-05
 Reference value :  2.27016e-05
 Reference value :  2.27081e-05
 Reference value :  2.27144e-05
 Reference value :  2.27209e-05
 Reference value :  2.27275e-05
 Reference value :  2.27341e-05
 Reference value :  2.27406e-05
 Reference value :  2.27472e-05
 Reference value :  2.27536e-05
 Reference value :  2.27603e-05
 Reference value :  2.27669e-05
 Reference value :  2.27733e-05
 Reference value :  2.27799e-05
 Reference value :  2.27865e-05
 Reference value :  2.27931e-05
 Reference value :  2.27994e-05
 Reference value :  2.28061e-05
 Reference value :  2.28126e-05
 Reference value :  2.28193e-05
 Reference value :  2.28257e-05
 Reference value :  2.28323e-05
 Reference value :  2.28390e-05
 Reference value :  2.28456e-05
 Reference value :  2.28521e-05
 Reference value :  2.28587e-05
 Reference value :  2.28652e-05
 Reference value :  2.28717e-05
 Reference value :  2.28778e-05
 Reference value :  2.28842e-05
 Reference value :  2.28908e-05
 Reference value :  2.28974e-05
 Reference value :  2.29038e-05
 Reference value :  2.29103e-05
 Reference value :  2.29168e-05
 Reference value :  2.29235e-05
 Reference value :  2.29299e-05
 Reference value :  2.29364e-05
 Reference value :  2.29427e-05
 Reference value :  2.29487e-05
 Reference value :  2.29548e-05
 Reference value :  2.29609e-05
 Reference value :  2.29670e-05
 Reference value :  2.29729e-05
 Reference value :  2.29789e-05
 Reference value :  2.29850e-05
 Reference value :  2.29910e-05
 Reference value :  2.29971e-05
 Reference value :  2.30032e-05
 Reference value :  2.30093e-05
 Reference value :  2.30154e-05
 Reference value :  2.30214e-05
 Reference value :  2.30275e-05
 Reference value :  2.30336e-05
 Reference value :  2.30398e-05
 Reference value :  2.30458e-05
 Reference value :  2.30520e-05
 Reference value :  2.30581e-05
 Reference value :  2.30643e-05
 Reference value :  2.30703e-05
 Reference value :  2.30763e-05
 Reference value :  2.30823e-05
 Reference value :  2.30885e-05
 Reference value :  2.30945e-05
 Reference value :  2.31006e-05
 Reference value :  2.31067e-05
 Reference value :  2.31129e-05
 Reference value :  2.31190e-05
 Reference value :  2.31250e-05
 Reference value :  2.31311e-05
 Reference value :  2.31372e-05
 Reference value :  2.31434e-05
 Reference value :  2.31495e-05
 Reference value :  2.31556e-05
 Reference value :  2.31616e-05
 Reference value :  2.31677e-05
 Reference value :  2.31737e-05
 Reference value :  2.31798e-05
 Reference value :  2.31858e-05
 Reference value :  2.31919e-05
 Reference value :  2.31980e-05
 Reference value :  2.32042e-05
 Reference value :  2.32103e-05
 Reference value :  2.32163e-05
 Reference value :  2.32223e-05
 Reference value :  2.32284e-05
 Reference value :  2.32344e-05
 Reference value :  2.32404e-05
 Reference value :  2.32465e-05
 Reference value :  2.32527e-05
 Reference value :  2.32589e-05
 Reference value :  2.32651e-05
 Reference value :  2.32710e-05
 Reference value :  2.32771e-05
 Reference value :  2.32833e-05
 Reference value :  2.32894e-05
 Reference value :  2.32954e-05
 Reference value :  2.33016e-05
 Reference value :  2.33076e-05
 Reference value :  2.33137e-05
 Reference value :  2.33197e-05
 Reference value :  2.33255e-05
 Reference value :  2.33313e-05
 Reference value :  2.33371e-05
 Reference value :  2.33430e-05
 Reference value :  2.33490e-05
 Reference value :  2.33549e-05
 Reference value :  2.33607e-05
 Reference value :  2.33666e-05
 Reference value :  2.33728e-05
 Reference value :  2.33790e-05
 Reference value :  2.33850e-05
 Reference value :  2.33913e-05
 Reference value :  2.33974e-05
 Reference value :  2.34036e-05
 Reference value :  2.34097e-05
 Reference value :  2.34157e-05
 Reference value :  2.34219e-05
 Reference value :  2.34280e-05
 Reference value :  2.34342e-05
 Reference value :  2.34403e-05
 Reference value :  2.34465e-05
 Reference value :  2.34525e-05
 Reference value :  2.34586e-05
 Reference value :  2.34647e-05
 Reference value :  2.34708e-05
 Reference value :  2.34770e-05
 Reference value :  2.34831e-05
 Reference value :  2.34892e-05
 Reference value :  2.34952e-05
 Reference value :  2.35014e-05
 Reference value :  2.35075e-05
 Reference value :  2.35137e-05
 Reference value :  2.35197e-05
 Reference value :  2.35258e-05
 Reference value :  2.35321e-05
 Reference value :  2.35383e-05
 Reference value :  2.35444e-05
 Reference value :  2.35505e-05
 Reference value :  2.35567e-05
 Reference value :  2.35629e-05
 Reference value :  2.35690e-05
 Reference value :  2.35752e-05
 Reference value :  2.35812e-05
 Reference value :  2.35873e-05
 Reference value :  2.35934e-05
 Reference value :  2.35995e-05
 Reference value :  2.36056e-05
 Reference value :  2.36117e-05
 Reference value :  2.36178e-05
 Reference value :  2.36239e-05
 Reference value :  2.36299e-05
 Reference value :  2.36361e-05
 Reference value :  2.36422e-05
 Reference value :  2.36483e-05
 Reference value :  2.36544e-05
 Reference value :  2.36605e-05
 Reference value :  2.36666e-05
 Reference value :  2.36727e-05
 Reference value :  2.36788e-05
 Reference value :  2.36848e-05
 Reference value :  2.36909e-05
 Reference value :  2.36970e-05
 Reference value :  2.37031e-05
 Reference value :  2.37091e-05
 Reference value :  2.37152e-05
 Reference value :  2.37211e-05
 Reference value :  2.37269e-05
 Reference value :  2.37328e-05
 Reference value :  2.37387e-05
 Reference value :  2.37445e-05
 Reference value :  2.37503e-05
 Reference value :  2.37563e-05
 Reference value :  2.37624e-05
 Reference value :  2.37685e-05
 Reference value :  2.37746e-05
 Reference value :  2.37808e-05
 Reference value :  2.37869e-05
 Reference value :  2.37930e-05
 Reference value :  2.37992e-05
 Reference value :  2.38053e-05
 Reference value :  2.38115e-05
 Reference value :  2.38176e-05
 Reference value :  2.38238e-05
 Reference value :  2.38298e-05
 Reference value :  2.38360e-05
 Reference value :  2.38420e-05
 Reference value :  2.38481e-05
 Reference value :  2.38543e-05
 Reference value :  2.38603e-05
 Reference value :  2.38664e-05
 Reference value :  2.38725e-05
 Reference value :  2.38786e-05
 Reference value :  2.38846e-05
 Reference value :  2.38908e-05
 Reference value :  2.38968e-05
 Reference value :  2.39029e-05
 Reference value :  2.39090e-05
 Reference value :  2.39150e-05
 Reference value :  2.39211e-05
 Reference value :  2.39273e-05
 Reference value :  2.39333e-05
 Reference value :  2.39394e-05
 Reference value :  2.39453e-05
 Reference value :  2.39514e-05
 Reference value :  2.39574e-05
 Reference value :  2.39634e-05
 Reference value :  2.39694e-05
 Reference value :  2.39755e-05
 Reference value :  2.39816e-05
 Reference value :  2.39874e-05
 Reference value :  2.39934e-05
 Reference value :  2.39994e-05
 Reference value :  2.40052e-05
 Reference value :  2.40112e-05
 Reference value :  2.40172e-05
 Reference value :  2.40230e-05
 Reference value :  2.40290e-05
 Reference value :  2.40349e-05
 Reference value :  2.40407e-05
 Reference value :  2.40467e-05
 Reference value :  2.40525e-05
 Reference value :  2.40583e-05
 Reference value :  2.40642e-05
 Reference value :  2.40701e-05
 Reference value :  2.40760e-05
 Reference value :  2.40820e-05
 Reference value :  2.40880e-05
 Reference value :  2.40940e-05
 Reference value :  2.40998e-05
 Reference value :  2.41059e-05
 Reference value :  2.41120e-05
 Reference value :  2.41181e-05
 Reference value :  2.41242e-05
 Reference value :  2.41303e-05
 Reference value :  2.41364e-05
 Reference value :  2.41424e-05
 Reference value :  2.41486e-05
 Reference value :  2.41546e-05
 Reference value :  2.41609e-05
 Reference value :  2.41670e-05
 Reference value :  2.41731e-05
 Reference value :  2.41791e-05
 Reference value :  2.41852e-05
 Reference value :  2.41909e-05
 Reference value :  2.41968e-05
 Reference value :  2.42030e-05
 Reference value :  2.42096e-05
 Reference value :  2.42163e-05
 Reference value :  2.42230e-05
 Reference value :  2.42296e-05
 Reference value :  2.42362e-05
 Reference value :  2.42424e-05
 Reference value :  2.42486e-05
 Reference value :  2.42546e-05
 Reference value :  2.42609e-05
 Reference value :  2.42670e-05
 Reference value :  2.42734e-05
 Reference value :  2.42801e-05
 Reference value :  2.42867e-05
 Reference value :  2.42934e-05
 Reference value :  2.43000e-05
 Reference value :  2.43068e-05
 Reference value :  2.43134e-05
 Reference value :  2.43198e-05
 Reference value :  2.43262e-05
 Reference value :  2.43322e-05
 Reference value :  2.43384e-05
 Reference value :  2.43445e-05
 Reference value :  2.43507e-05
 Reference value :  2.43566e-05
 Reference value :  2.43628e-05
 Reference value :  2.43689e-05
 Reference value :  2.43749e-05
 Reference value :  2.43808e-05
 Reference value :  2.43867e-05
 Reference value :  2.43927e-05
 Reference value :  2.43986e-05
 Reference value :  2.44044e-05
 Reference value :  2.44103e-05
 Reference value :  2.44162e-05
 Reference value :  2.44222e-05
 Reference value :  2.44280e-05
 Reference value :  2.44341e-05
 Reference value :  2.44403e-05
 Reference value :  2.44464e-05
 Reference value :  2.44525e-05
 Reference value :  2.44585e-05
 Reference value :  2.44646e-05
 Reference value :  2.44709e-05
 Reference value :  2.44770e-05
 Reference value :  2.44832e-05
 Reference value :  2.44894e-05
 Reference value :  2.44954e-05
 Reference value :  2.45015e-05
 Reference value :  2.45074e-05
 Reference value :  2.45132e-05
 Reference value :  2.45193e-05
 Reference value :  2.45254e-05
 Reference value :  2.45312e-05
 Reference value :  2.45374e-05
 Reference value :  2.45434e-05
 Reference value :  2.45495e-05
 Reference value :  2.45556e-05
 Reference value :  2.45617e-05
 Reference value :  2.45677e-05
 Reference value :  2.45739e-05
 Reference value :  2.45800e-05
 Reference value :  2.45861e-05
 Reference value :  2.45924e-05
 Reference value :  2.45983e-05
 Reference value :  2.46045e-05
 Reference value :  2.46107e-05
 Reference value :  2.46168e-05
 Reference value :  2.46228e-05
 Reference value :  2.46286e-05
 Reference value :  2.46346e-05
 Reference value :  2.46408e-05
 Reference value :  2.46468e-05
 Reference value :  2.46526e-05
 Reference value :  2.46584e-05
 Reference value :  2.46644e-05
 Reference value :  2.46702e-05
 Reference value :  2.46761e-05
 Reference value :  2.46820e-05
 Reference value :  2.46879e-05
 Reference value :  2.46941e-05
 Reference value :  2.47004e-05
 Reference value :  2.47065e-05
 Reference value :  2.47126e-05
 Reference value :  2.47189e-05
 Reference value :  2.47250e-05
 Reference value :  2.47311e-05
 Reference value :  2.47372e-05
 Reference value :  2.47432e-05
 Reference value :  2.47490e-05
 Reference value :  2.47551e-05
 Reference value :  2.47613e-05
 Reference value :  2.47674e-05
 Reference value :  2.47737e-05
 Reference value :  2.47796e-05
 Reference value :  2.47854e-05
 Reference value :  2.47912e-05
 Reference value :  2.47972e-05
 Reference value :  2.48032e-05
 Reference value :  2.48090e-05
 Reference value :  2.48146e-05
 Reference value :  2.48206e-05
 Reference value :  2.48268e-05
 Reference value :  2.48329e-05
 Reference value :  2.48384e-05
 Reference value :  2.48445e-05
 Reference value :  2.48508e-05
 Reference value :  2.48569e-05
 Reference value :  2.48629e-05
 Reference value :  2.48691e-05
 Reference value :  2.48750e-05
 Reference value :  2.48810e-05
 Reference value :  2.48871e-05
 Reference value :  2.48934e-05
 Reference value :  2.48994e-05
 Reference value :  2.49055e-05
 Reference value :  2.49117e-05
 Reference value :  2.49178e-05
 Reference value :  2.49240e-05
 Reference value :  2.49299e-05
 Reference value :  2.49361e-05
 Reference value :  2.49422e-05
 Reference value :  2.49483e-05
 Reference value :  2.49543e-05
 Reference value :  2.49610e-05
 Reference value :  2.49677e-05
 Reference value :  2.49743e-05
 Reference value :  2.49810e-05
 Reference value :  2.49875e-05
 Reference value :  2.49942e-05
 Reference value :  2.50008e-05
 Reference value :  2.50069e-05
 Reference value :  2.50130e-05
 Reference value :  2.50190e-05
 Reference value :  2.50251e-05
 Reference value :  2.50311e-05
 Reference value :  2.50372e-05
 Reference value :  2.50431e-05
 Reference value :  2.50492e-05
 Reference value :  2.50553e-05
 Reference value :  2.50614e-05
 Reference value :  2.50673e-05
 Reference value :  2.50734e-05
 Reference value :  2.50795e-05
 Reference value :  2.50857e-05
 Reference value :  2.50918e-05
 Reference value :  2.50980e-05
 Reference value :  2.51040e-05
 Reference value :  2.51101e-05
 Reference value :  2.51162e-05
 Reference value :  2.51223e-05
 Reference value :  2.51283e-05
 Reference value :  2.51344e-05
 Reference value :  2.51405e-05
 Reference value :  2.51467e-05
 Reference value :  2.51527e-05
 Reference value :  2.51587e-05
 Reference value :  2.51649e-05
 Reference value :  2.51709e-05
 Reference value :  2.51770e-05
 Reference value :  2.51831e-05
 Reference value :  2.51892e-05
 Reference value :  2.51953e-05
 Reference value :  2.52015e-05
 Reference value :  2.52074e-05
 Reference value :  2.52136e-05
 Reference value :  2.52197e-05
 Reference value :  2.52258e-05
 Reference value :  2.52319e-05
 Reference value :  2.52381e-05
 Reference value :  2.52443e-05
 Reference value :  2.52504e-05
 Reference value :  2.52566e-05
 Reference value :  2.52626e-05
 Reference value :  2.52688e-05
 Reference value :  2.52750e-05
 Reference value :  2.52811e-05
 Reference value :  2.52872e-05
 Reference value :  2.52934e-05
 Reference value :  2.52995e-05
 Reference value :  2.53057e-05
 Reference value :  2.53119e-05
 Reference value :  2.53181e-05
 Reference value :  2.53241e-05
 Reference value :  2.53304e-05
 Reference value :  2.53364e-05
 Reference value :  2.53425e-05
 Reference value :  2.53486e-05
 Reference value :  2.53548e-05
 Reference value :  2.53610e-05
 Reference value :  2.53671e-05
 Reference value :  2.53732e-05
 Reference value :  2.53793e-05
 Reference value :  2.53856e-05
 Reference value :  2.53916e-05
 Reference value :  2.53978e-05
 Reference value :  2.54039e-05
 Reference value :  2.54099e-05
 Reference value :  2.54159e-05
 Reference value :  2.54221e-05
 Reference value :  2.54282e-05
 Reference value :  2.54343e-05
 Reference value :  2.54401e-05
 Reference value :  2.54462e-05
 Reference value :  2.54522e-05
 Reference value :  2.54585e-05
 Reference value :  2.54646e-05
 Reference value :  2.54707e-05
 Reference value :  2.54769e-05
 Reference value :  2.54828e-05
 Reference value :  2.54890e-05
 Reference value :  2.54951e-05
 Reference value :  2.55012e-05
 Reference value :  2.55073e-05
 Reference value :  2.55135e-05
 Reference value :  2.55196e-05
 Reference value :  2.55258e-05
 Reference value :  2.55319e-05
 Reference value :  2.55380e-05
 Reference value :  2.55441e-05
 Reference value :  2.55503e-05
 Reference value :  2.55564e-05
 Reference value :  2.55628e-05
 Reference value :  2.55689e-05
 Reference value :  2.55749e-05
 Reference value :  2.55809e-05
 Reference value :  2.55866e-05
 Reference value :  2.55925e-05
 Reference value :  2.55984e-05
 Reference value :  2.56043e-05
 Reference value :  2.56102e-05
 Reference value :  2.56161e-05
 Reference value :  2.56219e-05
 Reference value :  2.56277e-05
 Reference value :  2.56337e-05
 Reference value :  2.56398e-05
 Reference value :  2.56459e-05
 Reference value :  2.56519e-05
 Reference value :  2.56579e-05
 Reference value :  2.56640e-05
 Reference value :  2.56701e-05
 Reference value :  2.56762e-05
 Reference value :  2.56823e-05
 Reference value :  2.56884e-05
 Reference value :  2.56946e-05
 Reference value :  2.57006e-05
 Reference value :  2.57068e-05
 Reference value :  2.57129e-05
 Reference value :  2.57191e-05
 Reference value :  2.57251e-05
 Reference value :  2.57310e-05
 Reference value :  2.57371e-05
 Reference value :  2.57434e-05
 Reference value :  2.57495e-05
 Reference value :  2.57556e-05
 Reference value :  2.57617e-05
 Reference value :  2.57678e-05
 Reference value :  2.57740e-05
 Reference value :  2.57801e-05
 Reference value :  2.57862e-05
 Reference value :  2.57923e-05
 Reference value :  2.57986e-05
 Reference value :  2.58046e-05
 Reference value :  2.58108e-05
 Reference value :  2.58169e-05
 Reference value :  2.58230e-05
 Reference value :  2.58293e-05
 Reference value :  2.58353e-05
 Reference value :  2.58414e-05
 Reference value :  2.58475e-05
 Reference value :  2.58537e-05
 Reference value :  2.58598e-05
 Reference value :  2.58660e-05
 Reference value :  2.58720e-05
 Reference value :  2.58781e-05
 Reference value :  2.58843e-05
 Reference value :  2.58903e-05
 Reference value :  2.58964e-05
 Reference value :  2.59025e-05
 Reference value :  2.59087e-05
 Reference value :  2.59148e-05
 Reference value :  2.59210e-05
 Reference value :  2.59271e-05
 Reference value :  2.59332e-05
 Reference value :  2.59395e-05
 Reference value :  2.59455e-05
 Reference value :  2.59516e-05
 Reference value :  2.59577e-05
 Reference value :  2.59639e-05
 Reference value :  2.59702e-05
 Reference value :  2.59764e-05
 Reference value :  2.59825e-05
 Reference value :  2.59886e-05
 Reference value :  2.59947e-05
 Reference value :  2.60008e-05
 Reference value :  2.60069e-05
 Reference value :  2.60131e-05
 Reference value :  2.60192e-05
 Reference value :  2.60254e-05
 Reference value :  2.60317e-05
 Reference value :  2.60377e-05
 Reference value :  2.60438e-05
 Reference value :  2.60507e-05
 Reference value :  2.60573e-05
 Reference value :  2.60639e-05
 Reference value :  2.60705e-05
 Reference value :  2.60772e-05
 Reference value :  2.60839e-05
 Reference value :  2.60905e-05
 Reference value :  2.60972e-05
 Reference value :  2.61037e-05
 Reference value :  2.61104e-05
 Reference value :  2.61169e-05
 Reference value :  2.61236e-05
 Reference value :  2.61302e-05
 Reference value :  2.61368e-05
 Reference value :  2.61433e-05
 Reference value :  2.61498e-05
 Reference value :  2.61563e-05
 Reference value :  2.61629e-05
 Reference value :  2.61694e-05
 Reference value :  2.61759e-05
 Reference value :  2.61825e-05
 Reference value :  2.61891e-05
 Reference value :  2.61959e-05
 Reference value :  2.62025e-05
 Reference value :  2.62091e-05
 Reference value :  2.62157e-05
 Reference value :  2.62221e-05
 Reference value :  2.62287e-05
 Reference value :  2.62352e-05
 Reference value :  2.62419e-05
 Reference value :  2.62485e-05
 Reference value :  2.62550e-05
 Reference value :  2.62617e-05
 Reference value :  2.62684e-05
 Reference value :  2.62750e-05
 Reference value :  2.62816e-05
 Reference value :  2.62882e-05
 Reference value :  2.62948e-05
 Reference value :  2.63015e-05
 Reference value :  2.63082e-05
 Reference value :  2.63147e-05
 Reference value :  2.63214e-05
 Reference value :  2.63280e-05
 Reference value :  2.63346e-05
 Reference value :  2.63410e-05
 Reference value :  2.63477e-05
 Reference value :  2.63543e-05
 Reference value :  2.63609e-05
 Reference value :  2.63674e-05
 Reference value :  2.63740e-05
 Reference value :  2.63806e-05
 Reference value :  2.63872e-05
 Reference value :  2.63937e-05
 Reference value :  2.63998e-05
 Reference value :  2.64057e-05
 Reference value :  2.64117e-05
 Reference value :  2.64179e-05
 Reference value :  2.64238e-05
 Reference value :  2.64299e-05
 Reference value :  2.64360e-05
 Reference value :  2.64421e-05
 Reference value :  2.64482e-05
 Reference value :  2.64543e-05
 Reference value :  2.64611e-05
 Reference value :  2.64678e-05
 Reference value :  2.64747e-05
 Reference value :  2.64812e-05
 Reference value :  2.64878e-05
 Reference value :  2.64942e-05
 Reference value :  2.65002e-05
 Reference value :  2.65062e-05
 Reference value :  2.65122e-05
 Reference value :  2.65184e-05
 Reference value :  2.65245e-05
 Reference value :  2.65307e-05
 Reference value :  2.65368e-05
 Reference value :  2.65430e-05
 Reference value :  2.65491e-05
 Reference value :  2.65552e-05
 Reference value :  2.65618e-05
 Reference value :  2.65683e-05
 Reference value :  2.65749e-05
 Reference value :  2.65814e-05
 Reference value :  2.65873e-05
 Reference value :  2.65932e-05
 Reference value :  2.65992e-05
 Reference value :  2.66053e-05
 Reference value :  2.66112e-05
 Reference value :  2.66172e-05
 Reference value :  2.66233e-05
 Reference value :  2.66294e-05
 Reference value :  2.66354e-05
 Reference value :  2.66413e-05
 Reference value :  2.66474e-05
 Reference value :  2.66534e-05
 Reference value :  2.66595e-05
 Reference value :  2.66654e-05
 Reference value :  2.66715e-05
 Reference value :  2.66776e-05
 Reference value :  2.66837e-05
 Reference value :  2.66897e-05
 Reference value :  2.66959e-05
 Reference value :  2.67020e-05
 Reference value :  2.67081e-05
 Reference value :  2.67142e-05
 Reference value :  2.67202e-05
 Reference value :  2.67261e-05
 Reference value :  2.67322e-05
 Reference value :  2.67383e-05
 Reference value :  2.67443e-05
 Reference value :  2.67504e-05
 Reference value :  2.67564e-05
 Reference value :  2.67625e-05
 Reference value :  2.67686e-05
 Reference value :  2.67747e-05
 Reference value :  2.67811e-05
 Reference value :  2.67874e-05
 Reference value :  2.67934e-05
 Reference value :  2.67996e-05
 Reference value :  2.68058e-05
 Reference value :  2.68119e-05
 Reference value :  2.68179e-05
 Reference value :  2.68242e-05
 Reference value :  2.68302e-05
 Reference value :  2.68364e-05
 Reference value :  2.68425e-05
 Reference value :  2.68486e-05
 Reference value :  2.68548e-05
 Reference value :  2.68610e-05
 Reference value :  2.68671e-05
 Reference value :  2.68730e-05
 Reference value :  2.68793e-05
 Reference value :  2.68851e-05
 Reference value :  2.68912e-05
 Reference value :  2.68973e-05
 Reference value :  2.69034e-05
 Reference value :  2.69094e-05
 Reference value :  2.69156e-05
 Reference value :  2.69221e-05
 Reference value :  2.69283e-05
 Reference value :  2.69346e-05
 Reference value :  2.69407e-05
 Reference value :  2.69467e-05
 Reference value :  2.69529e-05
 Reference value :  2.69589e-05
 Reference value :  2.69651e-05
 Reference value :  2.69712e-05
 Reference value :  2.69773e-05
 Reference value :  2.69834e-05
 Reference value :  2.69895e-05
 Reference value :  2.69953e-05
 Reference value :  2.70011e-05
 Reference value :  2.70070e-05
 Reference value :  2.70128e-05
 Reference value :  2.70187e-05
 Reference value :  2.70246e-05
 Reference value :  2.70305e-05
 Reference value :  2.70363e-05
 Reference value :  2.70423e-05
 Reference value :  2.70483e-05
 Reference value :  2.70541e-05
 Reference value :  2.70600e-05
 Reference value :  2.70659e-05
 Reference value :  2.70718e-05
 Reference value :  2.70777e-05
 Reference value :  2.70836e-05
 Reference value :  2.70895e-05
 Reference value :  2.70954e-05
 Reference value :  2.71014e-05
 Reference value :  2.71073e-05
 Reference value :  2.71130e-05
 Reference value :  2.71191e-05
 Reference value :  2.71252e-05
 Reference value :  2.71312e-05
 Reference value :  2.71374e-05
 Reference value :  2.71435e-05
 Reference value :  2.71495e-05
 Reference value :  2.71557e-05
 Reference value :  2.71617e-05
 Reference value :  2.71679e-05
 Reference value :  2.71741e-05
 Reference value :  2.71802e-05
 Reference value :  2.71863e-05
 Reference value :  2.71925e-05
 Reference value :  2.71985e-05
 Reference value :  2.72046e-05
 Reference value :  2.72109e-05
 Reference value :  2.72170e-05
 Reference value :  2.72231e-05
 Reference value :  2.72293e-05
 Reference value :  2.72354e-05
 Reference value :  2.72416e-05
 Reference value :  2.72478e-05
 Reference value :  2.72539e-05
 Reference value :  2.72600e-05
 Reference value :  2.72661e-05
 Reference value :  2.72723e-05
 Reference value :  2.72784e-05
 Reference value :  2.72846e-05
 Reference value :  2.72906e-05
 Reference value :  2.72968e-05
 Reference value :  2.73030e-05
 Reference value :  2.73090e-05
 Reference value :  2.73153e-05
 Reference value :  2.73216e-05
 Reference value :  2.73282e-05
 Reference value :  2.73349e-05
 Reference value :  2.73416e-05
 Reference value :  2.73483e-05
 Reference value :  2.73549e-05
 Reference value :  2.73615e-05
 Reference value :  2.73682e-05
 Reference value :  2.73748e-05
 Reference value :  2.73814e-05
 Reference value :  2.73880e-05
 Reference value :  2.73946e-05
 Reference value :  2.74011e-05
 Reference value :  2.74072e-05
 Reference value :  2.74134e-05
 Reference value :  2.74195e-05
 Reference value :  2.74256e-05
 Reference value :  2.74316e-05
 Reference value :  2.74377e-05
 Reference value :  2.74438e-05
 Reference value :  2.74500e-05
 Reference value :  2.74560e-05
 Reference value :  2.74621e-05
 Reference value :  2.74682e-05
 Reference value :  2.74743e-05
 Reference value :  2.74803e-05
 Reference value :  2.74864e-05
 Reference value :  2.74925e-05
 Reference value :  2.74987e-05
 Reference value :  2.75047e-05
 Reference value :  2.75107e-05
 Reference value :  2.75168e-05
 Reference value :  2.75230e-05
 Reference value :  2.75294e-05
 Reference value :  2.75360e-05
 Reference value :  2.75426e-05
 Reference value :  2.75492e-05
 Reference value :  2.75557e-05
 Reference value :  2.75624e-05
 Reference value :  2.75684e-05
 Reference value :  2.75745e-05
 Reference value :  2.75807e-05
 Reference value :  2.75866e-05
 Reference value :  2.75928e-05
 Reference value :  2.75989e-05
 Reference value :  2.76050e-05
 Reference value :  2.76109e-05
 Reference value :  2.76171e-05
 Reference value :  2.76231e-05
 Reference value :  2.76292e-05
 Reference value :  2.76353e-05
 Reference value :  2.76413e-05
 Reference value :  2.76473e-05
 Reference value :  2.76533e-05
 Reference value :  2.76593e-05
 Reference value :  2.76654e-05
 Reference value :  2.76716e-05
 Reference value :  2.76777e-05
 Reference value :  2.76837e-05
 Reference value :  2.76899e-05
 Reference value :  2.76959e-05
 Reference value :  2.77020e-05
 Reference value :  2.77080e-05
 Reference value :  2.77142e-05
 Reference value :  2.77204e-05
 Reference value :  2.77266e-05
 Reference value :  2.77327e-05
 Reference value :  2.77389e-05
 Reference value :  2.77452e-05
 Reference value :  2.77512e-05
 Reference value :  2.77574e-05
 Reference value :  2.77635e-05
 Reference value :  2.77696e-05
 Reference value :  2.77757e-05
 Reference value :  2.77817e-05
 Reference value :  2.77878e-05
 Reference value :  2.77940e-05
 Reference value :  2.78002e-05
 Reference value :  2.78062e-05
 Reference value :  2.78124e-05
 Reference value :  2.78185e-05
 Reference value :  2.78247e-05
 Reference value :  2.78307e-05
 Reference value :  2.78368e-05
 Reference value :  2.78428e-05
 Reference value :  2.78490e-05
 Reference value :  2.78551e-05
 Reference value :  2.78611e-05
 Reference value :  2.78674e-05
 Reference value :  2.78734e-05
 Reference value :  2.78795e-05
 Reference value :  2.78857e-05
 Reference value :  2.78917e-05
 Reference value :  2.78977e-05
 Reference value :  2.79039e-05
 Reference value :  2.79100e-05
 Reference value :  2.79161e-05
 Reference value :  2.79222e-05
 Reference value :  2.79283e-05
 Reference value :  2.79344e-05
 Reference value :  2.79406e-05
 Reference value :  2.79467e-05
 Reference value :  2.79528e-05
 Reference value :  2.79590e-05
 Reference value :  2.79652e-05
 Reference value :  2.79713e-05
 Reference value :  2.79774e-05
 Reference value :  2.79835e-05
 Reference value :  2.79897e-05
 Reference value :  2.79957e-05
 Reference value :  2.80018e-05
 Reference value :  2.80079e-05
 Reference value :  2.80142e-05
 Reference value :  2.80203e-05
 Reference value :  2.80263e-05
 Reference value :  2.80324e-05
 Reference value :  2.80385e-05
 Reference value :  2.80446e-05
 Reference value :  2.80507e-05
 Reference value :  2.80567e-05
 Reference value :  2.80629e-05
 Reference value :  2.80690e-05
 Reference value :  2.80750e-05
 Reference value :  2.80811e-05
 Reference value :  2.80872e-05
 Reference value :  2.80932e-05
 Reference value :  2.80993e-05
 Reference value :  2.81055e-05
 Reference value :  2.81115e-05
 Reference value :  2.81177e-05
 Reference value :  2.81237e-05
 Reference value :  2.81300e-05
 Reference value :  2.81358e-05
 Reference value :  2.81420e-05
 Reference value :  2.81480e-05
 Reference value :  2.81542e-05
 Reference value :  2.81603e-05
 Reference value :  2.81663e-05
 Reference value :  2.81724e-05
 Reference value :  2.81786e-05
 Reference value :  2.81847e-05
 Reference value :  2.81908e-05
 Reference value :  2.81970e-05
 Reference value :  2.82031e-05
 Reference value :  2.82094e-05
 Reference value :  2.82154e-05
 Reference value :  2.82215e-05
 Reference value :  2.82276e-05
 Reference value :  2.82338e-05
 Reference value :  2.82399e-05
 Reference value :  2.82460e-05
 Reference value :  2.82522e-05
 Reference value :  2.82582e-05
 Reference value :  2.82644e-05
 Reference value :  2.82704e-05
 Reference value :  2.82763e-05
 Reference value :  2.82824e-05
 Reference value :  2.82886e-05
 Reference value :  2.82947e-05
 Reference value :  2.83009e-05
 Reference value :  2.83069e-05
 Reference value :  2.83130e-05
 Reference value :  2.83191e-05
 Reference value :  2.83253e-05
 Reference value :  2.83313e-05
 Reference value :  2.83375e-05
 Reference value :  2.83437e-05
 Reference value :  2.83498e-05
 Reference value :  2.83560e-05
 Reference value :  2.83619e-05
 Reference value :  2.83680e-05
 Reference value :  2.83741e-05
 Reference value :  2.83802e-05
 Reference value :  2.83862e-05
 Reference value :  2.83925e-05
 Reference value :  2.83985e-05
 Reference value :  2.84047e-05
 Reference value :  2.84108e-05
 Reference value :  2.84168e-05
 Reference value :  2.84229e-05
 Reference value :  2.84295e-05
 Reference value :  2.84364e-05
 Reference value :  2.84428e-05
 Reference value :  2.84496e-05
 Reference value :  2.84561e-05
 Reference value :  2.84626e-05
 Reference value :  2.84687e-05
 Reference value :  2.84746e-05
 Reference value :  2.84805e-05
 Reference value :  2.84866e-05
 Reference value :  2.84926e-05
 Reference value :  2.84984e-05
 Reference value :  2.85045e-05
 Reference value :  2.85104e-05
 Reference value :  2.85165e-05
 Reference value :  2.85224e-05
 Reference value :  2.85283e-05
 Reference value :  2.85342e-05
 Reference value :  2.85400e-05
 Reference value :  2.85461e-05
 Reference value :  2.85521e-05
 Reference value :  2.85583e-05
 Reference value :  2.85644e-05
 Reference value :  2.85705e-05
 Reference value :  2.85767e-05
 Reference value :  2.85825e-05
 Reference value :  2.85885e-05
 Reference value :  2.85944e-05
 Reference value :  2.86004e-05
 Reference value :  2.86065e-05
 Reference value :  2.86134e-05
 Reference value :  2.86193e-05
 Reference value :  2.86252e-05
 Reference value :  2.86311e-05
 Reference value :  2.86371e-05
 Reference value :  2.86430e-05
 Reference value :  2.86490e-05
 Reference value :  2.86550e-05
 Reference value :  2.86609e-05
 Reference value :  2.86668e-05
 Reference value :  2.86733e-05
 Reference value :  2.86800e-05
 Reference value :  2.86868e-05
 Reference value :  2.86934e-05
 Reference value :  2.87001e-05
 Reference value :  2.87066e-05
 Reference value :  2.87133e-05
 Reference value :  2.87196e-05
 Reference value :  2.87263e-05
 Reference value :  2.87329e-05
 Reference value :  2.87396e-05
 Reference value :  2.87462e-05
 Reference value :  2.87524e-05
 Reference value :  2.87586e-05
 Reference value :  2.87646e-05
 Reference value :  2.87708e-05
 Reference value :  2.87767e-05
 Reference value :  2.87829e-05
 Reference value :  2.87891e-05
 Reference value :  2.87952e-05
 Reference value :  2.88012e-05
 Reference value :  2.88074e-05
 Reference value :  2.88134e-05
 Reference value :  2.88195e-05
 Reference value :  2.88255e-05
 Reference value :  2.88316e-05
 Reference value :  2.88377e-05
 Reference value :  2.88438e-05
 Reference value :  2.88500e-05
 Reference value :  2.88560e-05
 Reference value :  2.88622e-05
 Reference value :  2.88683e-05
 Reference value :  2.88744e-05
 Reference value :  2.88805e-05
 Reference value :  2.88866e-05
 Reference value :  2.88927e-05
 Reference value :  2.88988e-05
 Reference value :  2.89049e-05
 Reference value :  2.89110e-05
 Reference value :  2.89171e-05
 Reference value :  2.89232e-05
 Reference value :  2.89293e-05
 Reference value :  2.89354e-05
 Reference value :  2.89414e-05
 Reference value :  2.89475e-05
 Reference value :  2.89536e-05
 Reference value :  2.89597e-05
 Reference value :  2.89658e-05
 Reference value :  2.89718e-05
 Reference value :  2.89780e-05
 Reference value :  2.89842e-05
 Reference value :  2.89904e-05
 Reference value :  2.89964e-05
 Reference value :  2.90025e-05
 Reference value :  2.90086e-05
 Reference value :  2.90148e-05
 Reference value :  2.90208e-05
 Reference value :  2.90269e-05
 Reference value :  2.90331e-05
 Reference value :  2.90391e-05
 Reference value :  2.90452e-05
 Reference value :  2.90512e-05
 Reference value :  2.90574e-05
 Reference value :  2.90634e-05
 Reference value :  2.90696e-05
 Reference value :  2.90757e-05
 Reference value :  2.90817e-05
 Reference value :  2.90877e-05
 Reference value :  2.90938e-05
 Reference value :  2.90999e-05
 Reference value :  2.91060e-05
 Reference value :  2.91121e-05
 Reference value :  2.91181e-05
 Reference value :  2.91242e-05
 Reference value :  2.91305e-05
 Reference value :  2.91364e-05
 Reference value :  2.91426e-05
 Reference value :  2.91487e-05
 Reference value :  2.91548e-05
 Reference value :  2.91607e-05
 Reference value :  2.91669e-05
 Reference value :  2.91730e-05
 Reference value :  2.91792e-05
 Reference value :  2.91854e-05
 Reference value :  2.91913e-05
 Reference value :  2.91975e-05
 Reference value :  2.92036e-05
 Reference value :  2.92098e-05
 Reference value :  2.92157e-05
 Reference value :  2.92220e-05
 Reference value :  2.92280e-05
 Reference value :  2.92342e-05
 Reference value :  2.92404e-05
 Reference value :  2.92464e-05
 Reference value :  2.92526e-05
 Reference value :  2.92586e-05
 Reference value :  2.92646e-05
 Reference value :  2.92707e-05
 Reference value :  2.92768e-05
 Reference value :  2.92829e-05
 Reference value :  2.92891e-05
 Reference value :  2.92953e-05
 Reference value :  2.93014e-05
 Reference value :  2.93075e-05
 Reference value :  2.93135e-05
 Reference value :  2.93196e-05
 Reference value :  2.93257e-05
 Reference value :  2.93319e-05
 Reference value :  2.93380e-05
 Reference value :  2.93441e-05
 Reference value :  2.93503e-05
 Reference value :  2.93564e-05
 Reference value :  2.93623e-05
 Reference value :  2.93684e-05
 Reference value :  2.93745e-05
 Reference value :  2.93806e-05
 Reference value :  2.93867e-05
 Reference value :  2.93929e-05
 Reference value :  2.93990e-05
 Reference value :  2.94052e-05
 Reference value :  2.94113e-05
 Reference value :  2.94174e-05
 Reference value :  2.94235e-05
 Reference value :  2.94295e-05
 Reference value :  2.94357e-05
 Reference value :  2.94417e-05
 Reference value :  2.94477e-05
 Reference value :  2.94538e-05
 Reference value :  2.94599e-05
 Reference value :  2.94659e-05
 Reference value :  2.94724e-05
 Reference value :  2.94784e-05
 Reference value :  2.94845e-05
 Reference value :  2.94906e-05
 Reference value :  2.94967e-05
 Reference value :  2.95026e-05
 Reference value :  2.95089e-05
 Reference value :  2.95152e-05
 Reference value :  2.95212e-05
 Reference value :  2.95278e-05
 Reference value :  2.95345e-05
 Reference value :  2.95411e-05
 Reference value :  2.95477e-05
 Reference value :  2.95542e-05
 Reference value :  2.95603e-05
 Reference value :  2.95664e-05
 Reference value :  2.95726e-05
 Reference value :  2.95787e-05
 Reference value :  2.95848e-05
 Reference value :  2.95910e-05
 Reference value :  2.95971e-05
 Reference value :  2.96032e-05
 Reference value :  2.96092e-05
 Reference value :  2.96154e-05
 Reference value :  2.96216e-05
 Reference value :  2.96277e-05
 Reference value :  2.96338e-05
 Reference value :  2.96399e-05
 Reference value :  2.96462e-05
 Reference value :  2.96522e-05
 Reference value :  2.96583e-05
 Reference value :  2.96644e-05
 Reference value :  2.96705e-05
 Reference value :  2.96771e-05
 Reference value :  2.96838e-05
 Reference value :  2.96905e-05
 Reference value :  2.96970e-05
 Reference value :  2.97037e-05
 Reference value :  2.97101e-05
 Reference value :  2.97163e-05
 Reference value :  2.97229e-05
 Reference value :  2.97295e-05
 Reference value :  2.97362e-05
 Reference value :  2.97424e-05
 Reference value :  2.97491e-05
 Reference value :  2.97557e-05
 Reference value :  2.97624e-05
 Reference value :  2.97688e-05
 Reference value :  2.97755e-05
 Reference value :  2.97821e-05
 Reference value :  2.97887e-05
 Reference value :  2.97953e-05
 Reference value :  2.98020e-05
 Reference value :  2.98087e-05
 Reference value :  2.98153e-05
 Reference value :  2.98218e-05
 Reference value :  2.98284e-05
 Reference value :  2.98349e-05
 Reference value :  2.98416e-05
 Reference value :  2.98482e-05
 Reference value :  2.98548e-05
 Reference value :  2.98612e-05
 Reference value :  2.98677e-05
 Reference value :  2.98742e-05
 Reference value :  2.98807e-05
 Reference value :  2.98873e-05
 Reference value :  2.98939e-05
 Reference value :  2.99006e-05
 Reference value :  2.99071e-05
 Reference value :  2.99137e-05
 Reference value :  2.99203e-05
 Reference value :  2.99268e-05
 Reference value :  2.99332e-05
 Reference value :  2.99397e-05
 Reference value :  2.99462e-05
 Reference value :  2.99529e-05
 Reference value :  2.99596e-05
 Reference value :  2.99660e-05
 Reference value :  2.99727e-05
 Reference value :  2.99792e-05
 Reference value :  2.99859e-05
 Reference value :  2.99923e-05
 Reference value :  2.99989e-05
 Reference value :  3.00054e-05
 Reference value :  3.00120e-05
 Reference value :  3.00185e-05
 Reference value :  3.00251e-05
 Reference value :  3.00318e-05
 Reference value :  3.00382e-05
 Reference value :  3.00448e-05
 Reference value :  3.00513e-05
 Reference value :  3.00578e-05
 Reference value :  3.00644e-05
 Reference value :  3.00710e-05
 Reference value :  3.00776e-05
 Reference value :  3.00840e-05
 Reference value :  3.00906e-05
 Reference value :  3.00965e-05
 Reference value :  3.01024e-05
 Reference value :  3.01083e-05
 Reference value :  3.01142e-05
 Reference value :  3.01202e-05
 Reference value :  3.01261e-05
 Reference value :  3.01319e-05
 Reference value :  3.01377e-05
 Reference value :  3.01438e-05
 Reference value :  3.01497e-05
 Reference value :  3.01556e-05
 Reference value :  3.01618e-05
 Reference value :  3.01676e-05
 Reference value :  3.01737e-05
 Reference value :  3.01796e-05
 Reference value :  3.01855e-05
 Reference value :  3.01912e-05
 Reference value :  3.01971e-05
 Reference value :  3.02025e-05
 Reference value :  3.02086e-05
 Reference value :  3.02145e-05
 Reference value :  3.02206e-05
 Reference value :  3.02267e-05
 Reference value :  3.02328e-05
 Reference value :  3.02388e-05
 Reference value :  3.02449e-05
 Reference value :  3.02509e-05
 Reference value :  3.02571e-05
 Reference value :  3.02632e-05
 Reference value :  3.02693e-05
 Reference value :  3.02753e-05
 Reference value :  3.02814e-05
 Reference value :  3.02874e-05
 Reference value :  3.02934e-05
 Reference value :  3.02994e-05
 Reference value :  3.03056e-05
 Reference value :  3.03117e-05
 Reference value :  3.03178e-05
 Reference value :  3.03237e-05
 Reference value :  3.03298e-05
 Reference value :  3.03359e-05
 Reference value :  3.03420e-05
 Reference value :  3.03481e-05
 Reference value :  3.03542e-05
 Reference value :  3.03602e-05
 Reference value :  3.03666e-05
 Reference value :  3.03733e-05
 Reference value :  3.03800e-05
 Reference value :  3.03866e-05
 Reference value :  3.03933e-05
 Reference value :  3.04000e-05
 Reference value :  3.04066e-05
 Reference value :  3.04131e-05
 Reference value :  3.04199e-05
 Reference value :  3.04265e-05
 Reference value :  3.04327e-05
 Reference value :  3.04394e-05
 Reference value :  3.04460e-05
 Reference value :  3.04528e-05
 Reference value :  3.04592e-05
 Reference value :  3.04659e-05
 Reference value :  3.04725e-05
 Reference value :  3.04792e-05
 Reference value :  3.04857e-05
 Reference value :  3.04923e-05
 Reference value :  3.04990e-05
 Reference value :  3.05056e-05
 Reference value :  3.05122e-05
 Reference value :  3.05185e-05
 Reference value :  3.05252e-05
 Reference value :  3.05318e-05
 Reference value :  3.05383e-05
 Reference value :  3.05449e-05
 Reference value :  3.05515e-05
 Reference value :  3.05582e-05
 Reference value :  3.05648e-05
 Reference value :  3.05714e-05
 Reference value :  3.05778e-05
 Reference value :  3.05842e-05
 Reference value :  3.05906e-05
 Reference value :  3.05972e-05
 Reference value :  3.06038e-05
 Reference value :  3.06104e-05
 Reference value :  3.06170e-05
 Reference value :  3.06236e-05
 Reference value :  3.06300e-05
 Reference value :  3.06366e-05
 Reference value :  3.06432e-05
 Reference value :  3.06497e-05
 Reference value :  3.06562e-05
 Reference value :  3.06628e-05
 Reference value :  3.06693e-05
 Reference value :  3.06760e-05
 Reference value :  3.06826e-05
 Reference value :  3.06893e-05
 Reference value :  3.06957e-05
 Reference value :  3.07023e-05
 Reference value :  3.07088e-05
 Reference value :  3.07155e-05
 Reference value :  3.07222e-05
 Reference value :  3.07287e-05
 Reference value :  3.07354e-05
 Reference value :  3.07419e-05
 Reference value :  3.07485e-05
 Reference value :  3.07550e-05
 Reference value :  3.07617e-05
 Reference value :  3.07682e-05
 Reference value :  3.07749e-05
 Reference value :  3.07815e-05
 Reference value :  3.07881e-05
 Reference value :  3.07947e-05
 Reference value :  3.08011e-05
 Reference value :  3.08078e-05
 Reference value :  3.08145e-05
 Reference value :  3.08204e-05
 Reference value :  3.08264e-05
 Reference value :  3.08324e-05
 Reference value :  3.08385e-05
 Reference value :  3.08446e-05
 Reference value :  3.08505e-05
 Reference value :  3.08566e-05
 Reference value :  3.08626e-05
 Reference value :  3.08686e-05
 Reference value :  3.08746e-05
 Reference value :  3.08806e-05
 Reference value :  3.08865e-05
 Reference value :  3.08925e-05
 Reference value :  3.08985e-05
 Reference value :  3.09045e-05
 Reference value :  3.09105e-05
 Reference value :  3.09166e-05
 Reference value :  3.09225e-05
 Reference value :  3.09286e-05
 Reference value :  3.09346e-05
 Reference value :  3.09406e-05
 Reference value :  3.09466e-05
 Reference value :  3.09527e-05
 Reference value :  3.09587e-05
 Reference value :  3.09647e-05
 Reference value :  3.09707e-05
 Reference value :  3.09767e-05
 Reference value :  3.09828e-05
 Reference value :  3.09890e-05
 Reference value :  3.09951e-05
 Reference value :  3.10016e-05
 Reference value :  3.10084e-05
 Reference value :  3.10150e-05
 Reference value :  3.10217e-05
 Reference value :  3.10283e-05
 Reference value :  3.10349e-05
 Reference value :  3.10415e-05
 Reference value :  3.10477e-05
 Reference value :  3.10538e-05
 Reference value :  3.10599e-05
 Reference value :  3.10661e-05
 Reference value :  3.10720e-05
 Reference value :  3.10782e-05
 Reference value :  3.10843e-05
 Reference value :  3.10904e-05
 Reference value :  3.10963e-05
 Reference value :  3.11025e-05
 Reference value :  3.11086e-05
 Reference value :  3.11147e-05
 Reference value :  3.11210e-05
 Reference value :  3.11270e-05
 Reference value :  3.11331e-05
 Reference value :  3.11391e-05
 Reference value :  3.11450e-05
 Reference value :  3.11508e-05
 Reference value :  3.11567e-05
 Reference value :  3.11623e-05
 Reference value :  3.11681e-05
 Reference value :  3.11742e-05
 Reference value :  3.11801e-05
 Reference value :  3.11862e-05
 Reference value :  3.11922e-05
 Reference value :  3.11984e-05
 Reference value :  3.12044e-05
 Reference value :  3.12104e-05
 Reference value :  3.12165e-05
 Reference value :  3.12225e-05
 Reference value :  3.12286e-05
 Reference value :  3.12345e-05
 Reference value :  3.12406e-05
 Reference value :  3.12466e-05
 Reference value :  3.12527e-05
 Reference value :  3.12587e-05
 Reference value :  3.12647e-05
 Reference value :  3.12707e-05
 Reference value :  3.12768e-05
 Reference value :  3.12828e-05
 Reference value :  3.12889e-05
 Reference value :  3.12949e-05
 Reference value :  3.13009e-05
 Reference value :  3.13071e-05
 Reference value :  3.13130e-05
 Reference value :  3.13191e-05
 Reference value :  3.13251e-05
 Reference value :  3.13313e-05
 Reference value :  3.13381e-05
 Reference value :  3.13447e-05
 Reference value :  3.13515e-05
 Reference value :  3.13579e-05
 Reference value :  3.13646e-05
 Reference value :  3.13712e-05
 Reference value :  3.13776e-05
 Reference value :  3.13841e-05
 Reference value :  3.13908e-05
 Reference value :  3.13974e-05
 Reference value :  3.14038e-05
 Reference value :  3.14104e-05
 Reference value :  3.14169e-05
 Reference value :  3.14236e-05
 Reference value :  3.14301e-05
 Reference value :  3.14367e-05
 Reference value :  3.14433e-05
 Reference value :  3.14498e-05
 Reference value :  3.14564e-05
 Reference value :  3.14630e-05
 Reference value :  3.14696e-05
 Reference value :  3.14761e-05
 Reference value :  3.14827e-05
 Reference value :  3.14892e-05
 Reference value :  3.14958e-05
 Reference value :  3.15021e-05
 Reference value :  3.15087e-05
 Reference value :  3.15152e-05
 Reference value :  3.15213e-05
 Reference value :  3.15274e-05
 Reference value :  3.15334e-05
 Reference value :  3.15400e-05
 Reference value :  3.15466e-05
 Reference value :  3.15531e-05
 Reference value :  3.15598e-05
 Reference value :  3.15662e-05
 Reference value :  3.15728e-05
 Reference value :  3.15795e-05
 Reference value :  3.15861e-05
 Reference value :  3.15924e-05
 Reference value :  3.15989e-05
 Reference value :  3.16053e-05
 Reference value :  3.16119e-05
 Reference value :  3.16185e-05
 Reference value :  3.16249e-05
 Reference value :  3.16311e-05
 Reference value :  3.16369e-05
 Reference value :  3.16429e-05
 Reference value :  3.16490e-05
 Reference value :  3.16550e-05
 Reference value :  3.16611e-05
 Reference value :  3.16671e-05
 Reference value :  3.16733e-05
 Reference value :  3.16792e-05
 Reference value :  3.16853e-05
 Reference value :  3.16914e-05
 Reference value :  3.16975e-05
 Reference value :  3.17036e-05
 Reference value :  3.17097e-05
 Reference value :  3.17157e-05
 Reference value :  3.17217e-05
 Reference value :  3.17278e-05
 Reference value :  3.17336e-05
 Reference value :  3.17396e-05
 Reference value :  3.17455e-05
 Reference value :  3.17515e-05
 Reference value :  3.17573e-05
 Reference value :  3.17636e-05
 Reference value :  3.17695e-05
 Reference value :  3.17756e-05
 Reference value :  3.17823e-05
 Reference value :  3.17888e-05
 Reference value :  3.17955e-05
 Reference value :  3.18021e-05
 Reference value :  3.18087e-05
 Reference value :  3.18153e-05
 Reference value :  3.18218e-05
 Reference value :  3.18283e-05
 Reference value :  3.18349e-05
 Reference value :  3.18417e-05
 Reference value :  3.18481e-05
 Reference value :  3.18547e-05
 Reference value :  3.18612e-05
 Reference value :  3.18678e-05
 Reference value :  3.18742e-05
 Reference value :  3.18808e-05
 Reference value :  3.18874e-05
 Reference value :  3.18939e-05
 Reference value :  3.19003e-05
 Reference value :  3.19062e-05
 Reference value :  3.19123e-05
 Reference value :  3.19183e-05
 Reference value :  3.19244e-05
 Reference value :  3.19303e-05
 Reference value :  3.19364e-05
 Reference value :  3.19424e-05
 Reference value :  3.19485e-05
 Reference value :  3.19544e-05
 Reference value :  3.19605e-05
 Reference value :  3.19666e-05
 Reference value :  3.19727e-05
 Reference value :  3.19787e-05
 Reference value :  3.19847e-05
 Reference value :  3.19908e-05
 Reference value :  3.19969e-05
 Reference value :  3.20029e-05
 Reference value :  3.20089e-05
 Reference value :  3.20156e-05
 Reference value :  3.20224e-05
 Reference value :  3.20290e-05
 Reference value :  3.20355e-05
 Reference value :  3.20421e-05
 Reference value :  3.20485e-05
 Reference value :  3.20550e-05
 Reference value :  3.20616e-05
 Reference value :  3.20682e-05
 Reference value :  3.20746e-05
 Reference value :  3.20812e-05
 Reference value :  3.20878e-05
 Reference value :  3.20943e-05
 Reference value :  3.21010e-05
 Reference value :  3.21076e-05
 Reference value :  3.21139e-05
 Reference value :  3.21198e-05
 Reference value :  3.21260e-05
 Reference value :  3.21320e-05
 Reference value :  3.21381e-05
 Reference value :  3.21441e-05
 Reference value :  3.21502e-05
 Reference value :  3.21568e-05
 Reference value :  3.21633e-05
 Reference value :  3.21700e-05
 Reference value :  3.21764e-05
 Reference value :  3.21830e-05
 Reference value :  3.21891e-05
 Reference value :  3.21955e-05
 Reference value :  3.22023e-05
 Reference value :  3.22089e-05
 Reference value :  3.22155e-05
 Reference value :  3.22222e-05
 Reference value :  3.22283e-05
 Reference value :  3.22343e-05
 Reference value :  3.22409e-05
 Reference value :  3.22475e-05
 Reference value :  3.22541e-05
 Reference value :  3.22606e-05
 Reference value :  3.22670e-05
 Reference value :  3.22737e-05
 Reference value :  3.22803e-05
 Reference value :  3.22868e-05
 Reference value :  3.22934e-05
 Reference value :  3.23000e-05
 Reference value :  3.23066e-05
 Reference value :  3.23131e-05
 Reference value :  3.23196e-05
 Reference value :  3.23261e-05
 Reference value :  3.23327e-05
 Reference value :  3.23393e-05
 Reference value :  3.23456e-05
 Reference value :  3.23515e-05
 Reference value :  3.23576e-05
 Reference value :  3.23636e-05
 Reference value :  3.23695e-05
 Reference value :  3.23757e-05
 Reference value :  3.23816e-05
 Reference value :  3.23877e-05
 Reference value :  3.23937e-05
 Reference value :  3.23997e-05
 Reference value :  3.24057e-05
 Reference value :  3.24118e-05
 Reference value :  3.24178e-05
 Reference value :  3.24237e-05
 Reference value :  3.24298e-05
 Reference value :  3.24358e-05
 Reference value :  3.24419e-05
 Reference value :  3.24479e-05
 Reference value :  3.24539e-05
 Reference value :  3.24599e-05
 Reference value :  3.24660e-05
 Reference value :  3.24720e-05
 Reference value :  3.24781e-05
 Reference value :  3.24842e-05
 Reference value :  3.24902e-05
 Reference value :  3.24963e-05
 Reference value :  3.25024e-05
 Reference value :  3.25084e-05
 Reference value :  3.25139e-05
 Reference value :  3.25196e-05
 Reference value :  3.25258e-05
 Reference value :  3.25317e-05
 Reference value :  3.25380e-05
 Reference value :  3.25439e-05
 Reference value :  3.25499e-05
 Reference value :  3.25563e-05
 Reference value :  3.25627e-05
 Reference value :  3.25690e-05
 Reference value :  3.25750e-05
 Reference value :  3.25812e-05
 Reference value :  3.25872e-05
 Reference value :  3.25933e-05
 Reference value :  3.25993e-05
 Reference value :  3.26057e-05
 Reference value :  3.26121e-05
 Reference value :  3.26181e-05
 Reference value :  3.26242e-05
 Reference value :  3.26302e-05
 Reference value :  3.26363e-05
 Reference value :  3.26421e-05
 Reference value :  3.26482e-05
 Reference value :  3.26542e-05
 Reference value :  3.26603e-05
 Reference value :  3.26664e-05
 Reference value :  3.26725e-05
 Reference value :  3.26786e-05
 Reference value :  3.26846e-05
 Reference value :  3.26906e-05
 Reference value :  3.26966e-05
 Reference value :  3.27026e-05
 Reference value :  3.27086e-05
 Reference value :  3.27147e-05
 Reference value :  3.27208e-05
 Reference value :  3.27270e-05
 Reference value :  3.27329e-05
 Reference value :  3.27390e-05
 Reference value :  3.27449e-05
 Reference value :  3.27510e-05
 Reference value :  3.27572e-05
 Reference value :  3.27634e-05
 Reference value :  3.27694e-05
 Reference value :  3.27755e-05
 Reference value :  3.27815e-05
 Reference value :  3.27876e-05
 Reference value :  3.27936e-05
 Reference value :  3.27999e-05
 Reference value :  3.28064e-05
 Reference value :  3.28130e-05
 Reference value :  3.28196e-05
 Reference value :  3.28261e-05
 Reference value :  3.28327e-05
 Reference value :  3.28391e-05
 Reference value :  3.28457e-05
 Reference value :  3.28523e-05
 Reference value :  3.28589e-05
 Reference value :  3.28652e-05
 Reference value :  3.28718e-05
 Reference value :  3.28784e-05
 Reference value :  3.28850e-05
 Reference value :  3.28916e-05
 Reference value :  3.28980e-05
 Reference value :  3.29047e-05
 Reference value :  3.29113e-05
 Reference value :  3.29179e-05
 Reference value :  3.29244e-05
 Reference value :  3.29310e-05
 Reference value :  3.29376e-05
 Reference value :  3.29442e-05
 Reference value :  3.29507e-05
 Reference value :  3.29572e-05
 Reference value :  3.29639e-05
 Reference value :  3.29704e-05
 Reference value :  3.29771e-05
 Reference value :  3.29836e-05
 Reference value :  3.29900e-05
 Reference value :  3.29960e-05
 Reference value :  3.30020e-05
 Reference value :  3.30080e-05
 Reference value :  3.30138e-05
 Reference value :  3.30198e-05
 Reference value :  3.30258e-05
 Reference value :  3.30320e-05
 Reference value :  3.30387e-05
 Reference value :  3.30453e-05
 Reference value :  3.30519e-05
 Reference value :  3.30585e-05
 Reference value :  3.30651e-05
 Reference value :  3.30715e-05
 Reference value :  3.30782e-05
 Reference value :  3.30846e-05
 Reference value :  3.30910e-05
 Reference value :  3.30976e-05
 Reference value :  3.31040e-05
 Reference value :  3.31100e-05
 Reference value :  3.31159e-05
 Reference value :  3.31219e-05
 Reference value :  3.31277e-05
 Reference value :  3.31336e-05
 Reference value :  3.31395e-05
 Reference value :  3.31455e-05
 Reference value :  3.31516e-05
 Reference value :  3.31576e-05
 Reference value :  3.31637e-05
 Reference value :  3.31699e-05
 Reference value :  3.31766e-05
 Reference value :  3.31833e-05
 Reference value :  3.31902e-05
 Reference value :  3.31965e-05
 Reference value :  3.32030e-05
 Reference value :  3.32097e-05
 Reference value :  3.32162e-05
 Reference value :  3.32229e-05
 Reference value :  3.32294e-05
 Reference value :  3.32360e-05
 Reference value :  3.32426e-05
 Reference value :  3.32491e-05
 Reference value :  3.32556e-05
 Reference value :  3.32622e-05
 Reference value :  3.32686e-05
 Reference value :  3.32744e-05
 Reference value :  3.32804e-05
 Reference value :  3.32862e-05
 Reference value :  3.32921e-05
 Reference value :  3.32980e-05
 Reference value :  3.33040e-05
 Reference value :  3.33099e-05
 Reference value :  3.33158e-05
 Reference value :  3.33218e-05
 Reference value :  3.33283e-05
 Reference value :  3.33344e-05
 Reference value :  3.33405e-05
 Reference value :  3.33466e-05
 Reference value :  3.33528e-05
 Reference value :  3.33588e-05
 Reference value :  3.33650e-05
 Reference value :  3.33711e-05
 Reference value :  3.33772e-05
 Reference value :  3.33834e-05
 Reference value :  3.33896e-05
 Reference value :  3.33955e-05
 Reference value :  3.34016e-05
 Reference value :  3.34078e-05
 Reference value :  3.34138e-05
 Reference value :  3.34199e-05
 Reference value :  3.34260e-05
 Reference value :  3.34325e-05
 Reference value :  3.34390e-05
 Reference value :  3.34457e-05
 Reference value :  3.34522e-05
 Reference value :  3.34587e-05
 Reference value :  3.34654e-05
 Reference value :  3.34719e-05
 Reference value :  3.34782e-05
 Reference value :  3.34848e-05
 Reference value :  3.34915e-05
 Reference value :  3.34982e-05
 Reference value :  3.35048e-05
 Reference value :  3.35114e-05
 Reference value :  3.35179e-05
 Reference value :  3.35245e-05
 Reference value :  3.35308e-05
 Reference value :  3.35374e-05
 Reference value :  3.35440e-05
 Reference value :  3.35507e-05
 Reference value :  3.35574e-05
 Reference value :  3.35639e-05
 Reference value :  3.35705e-05
 Reference value :  3.35766e-05
 Reference value :  3.35825e-05
 Reference value :  3.35882e-05
 Reference value :  3.35942e-05
 Reference value :  3.36007e-05
 Reference value :  3.36074e-05
 Reference value :  3.36139e-05
 Reference value :  3.36205e-05
 Reference value :  3.36274e-05
 Reference value :  3.36338e-05
 Reference value :  3.36398e-05
 Reference value :  3.36458e-05
 Reference value :  3.36518e-05
 Reference value :  3.36579e-05
 Reference value :  3.36640e-05
 Reference value :  3.36701e-05
 Reference value :  3.36762e-05
 Reference value :  3.36824e-05
 Reference value :  3.36885e-05
 Reference value :  3.36947e-05
 Reference value :  3.37007e-05
 Reference value :  3.37069e-05
 Reference value :  3.37131e-05
 Reference value :  3.37193e-05
 Reference value :  3.37255e-05
 Reference value :  3.37316e-05
 Reference value :  3.37378e-05
 Reference value :  3.37440e-05
 Reference value :  3.37501e-05
 Reference value :  3.37562e-05
 Reference value :  3.37623e-05
 Reference value :  3.37685e-05
 Reference value :  3.37748e-05
 Reference value :  3.37808e-05
 Reference value :  3.37870e-05
 Reference value :  3.37931e-05
 Reference value :  3.37993e-05
 Reference value :  3.38052e-05
 Reference value :  3.38112e-05
 Reference value :  3.38173e-05
 Reference value :  3.38236e-05
 Reference value :  3.38296e-05
 Reference value :  3.38358e-05
 Reference value :  3.38418e-05
 Reference value :  3.38480e-05
 Reference value :  3.38541e-05
 Reference value :  3.38602e-05
 Reference value :  3.38664e-05
 Reference value :  3.38726e-05
 Reference value :  3.38787e-05
 Reference value :  3.38850e-05
 Reference value :  3.38910e-05
 Reference value :  3.38971e-05
 Reference value :  3.39031e-05
 Reference value :  3.39093e-05
 Reference value :  3.39154e-05
 Reference value :  3.39215e-05
 Reference value :  3.39275e-05
 Reference value :  3.39338e-05
 Reference value :  3.39399e-05
 Reference value :  3.39460e-05
 Reference value :  3.39520e-05
 Reference value :  3.39581e-05
 Reference value :  3.39644e-05
 Reference value :  3.39705e-05
 Reference value :  3.39765e-05
 Reference value :  3.39824e-05
 Reference value :  3.39886e-05
 Reference value :  3.39947e-05
 Reference value :  3.40008e-05
 Reference value :  3.40069e-05
 Reference value :  3.40132e-05
 Reference value :  3.40193e-05
 Reference value :  3.40254e-05
 Reference value :  3.40313e-05
 Reference value :  3.40375e-05
 Reference value :  3.40436e-05
 Reference value :  3.40497e-05
 Reference value :  3.40558e-05
 Reference value :  3.40619e-05
 Reference value :  3.40681e-05
 Reference value :  3.40741e-05
 Reference value :  3.40803e-05
 Reference value :  3.40863e-05
 Reference value :  3.40926e-05
 Reference value :  3.40987e-05
 Reference value :  3.41048e-05
 Reference value :  3.41110e-05
 Reference value :  3.41171e-05
 Reference value :  3.41232e-05
 Reference value :  3.41293e-05
 Reference value :  3.41354e-05
 Reference value :  3.41412e-05
 Reference value :  3.41474e-05
 Reference value :  3.41535e-05
 Reference value :  3.41597e-05
 Reference value :  3.41656e-05
 Reference value :  3.41714e-05
 Reference value :  3.41773e-05
 Reference value :  3.41833e-05
 Reference value :  3.41892e-05
 Reference value :  3.41951e-05
 Reference value :  3.42011e-05
 Reference value :  3.42071e-05
 Reference value :  3.42131e-05
 Reference value :  3.42190e-05
 Reference value :  3.42248e-05
 Reference value :  3.42308e-05
 Reference value :  3.42368e-05
 Reference value :  3.42427e-05
 Reference value :  3.42487e-05
 Reference value :  3.42547e-05
 Reference value :  3.42608e-05
 Reference value :  3.42667e-05
 Reference value :  3.42729e-05
 Reference value :  3.42789e-05
 Reference value :  3.42851e-05
 Reference value :  3.42911e-05
 Reference value :  3.42972e-05
 Reference value :  3.43034e-05
 Reference value :  3.43094e-05
 Reference value :  3.43155e-05
 Reference value :  3.43216e-05
 Reference value :  3.43279e-05
 Reference value :  3.43339e-05
 Reference value :  3.43401e-05
 Reference value :  3.43461e-05
 Reference value :  3.43521e-05
 Reference value :  3.43581e-05
 Reference value :  3.43641e-05
 Reference value :  3.43701e-05
 Reference value :  3.43762e-05
 Reference value :  3.43822e-05
 Reference value :  3.43880e-05
 Reference value :  3.43944e-05
 Reference value :  3.44014e-05
 Reference value :  3.44083e-05
 Reference value :  3.44152e-05
 Reference value :  3.44221e-05
 Reference value :  3.44291e-05
 Reference value :  3.44362e-05
 Reference value :  3.44431e-05
 Reference value :  3.44501e-05
 Reference value :  3.44570e-05
 Reference value :  3.44640e-05
 Reference value :  3.44710e-05
 Reference value :  3.44779e-05
 Reference value :  3.44848e-05
 Reference value :  3.44918e-05
 Reference value :  3.44987e-05
 Reference value :  3.45056e-05
 Reference value :  3.45125e-05
 Reference value :  3.45194e-05
 Reference value :  3.45263e-05
 Reference value :  3.45325e-05
 Reference value :  3.45386e-05
 Reference value :  3.45451e-05
 Reference value :  3.45522e-05
 Reference value :  3.45589e-05
 Reference value :  3.45660e-05
 Reference value :  3.45729e-05
 Reference value :  3.45799e-05
 Reference value :  3.45867e-05
 Reference value :  3.45935e-05
 Reference value :  3.46006e-05
 Reference value :  3.46075e-05
 Reference value :  3.46144e-05
 Reference value :  3.46214e-05
 Reference value :  3.46284e-05
 Reference value :  3.46354e-05
 Reference value :  3.46422e-05
 Reference value :  3.46491e-05
 Reference value :  3.46558e-05
 Reference value :  3.46627e-05
 Reference value :  3.46695e-05
 Reference value :  3.46765e-05
 Reference value :  3.46833e-05
No. of Data Rows : 384050
vhold_min           =  1.20000e+00 at=  1.15622e-10
tfirst              =  1.36110e-07
t1                  =  2.21159e-06
t2                  =  2.26693e-06
t3                  =  2.32226e-06
t4                  =  2.37759e-06
t5                  =  2.43293e-06
t6                  =  2.48826e-06
t7                  =  2.54359e-06
t8                  =  2.59893e-06
t9                  =  2.65426e-06
t10                 =  2.70959e-06
t11                 =  2.76493e-06
t12                 =  2.82026e-06
idd_run             =  -5.38083e-05 from=  2.16800e-06 to=  3.46900e-05
vmax                =  1.20199e+00 at=  2.12174e-05
vmin                =  -2.80535e-03 at=  2.26017e-05
Note: Simulation executed from .control section 
Warning: m=xx on .subckt line will override multiplier m hierarchy!

Note: Starting dynamic gmin stepping
Note: Dynamic gmin stepping completed
Error: &v(xdut.vbp): no such variable.
Error: &v(xdut.vbn): no such variable.
Note: Starting dynamic gmin stepping
Note: Dynamic gmin stepping completed
