
Note: Compatibility modes selected: hs a


Circuit: * environment: xcode {'bit': 7} code 16

Doing analysis at TEMP = 27.000000 and TNOM = 27.000000

Using SPARSE 1.3 as Direct Linear Solver

Initial Transient Solution
--------------------------

Node                                   Voltage
----                                   -------
vpwr                                       1.2
code[0]                                      0
code[1]                                      0
code[2]                                      0
code[3]                                      0
code[4]                                    1.2
code[5]                                      0
code[6]                                      0
c7s                                          0
code[7]                            2.02114e-09
ag                                           0
enable                                     1.2
xdut.vbp                              0.745783
clk_out                              0.0247152
xdut.b1                               0.720111
xdut.s3                                0.61907
xdut.s2                                0.61907
xdut.n_126                             1.09803
xdut.s1                                0.61907
xdut.n_125                             1.09803
xdut.s10                              0.602666
xdut.s6                                0.61907
xdut.s5                                0.61907
xdut.n_128                             1.09802
xdut.s9                               0.619933
xdut.n_133                             1.09807
xdut.s4                                0.61907
xdut.n_129                             1.09803
xdut.s8                               0.619025
xdut.n_132                             1.09802
xdut.s7                               0.619072
xdut.n_130                             1.09802
xdut.n_127                             1.09803
xdut.n_131                             1.09803
xdut.s0                                0.61907
xdut.n_124                             1.09803
xdut.n_71                             0.118274
xdut.n_72                             0.118274
xdut.n_70                             0.118274
xdut.n_77                             0.118274
xdut.n_75                             0.118274
xdut.n_73                             0.118274
xdut.n_67                             0.118206
xdut.n_76                             0.118274
xdut.n_69                             0.118278
xdut.n_74                             0.118274
xdut.n_122                             1.08576
xdut.n_i1005                          0.139707
xdut.n_68                             0.138201
xdut.vbn                              0.351597
vag#branch                                   0
ven#branch                        -6.98609e-12
vc7#branch                         4.04228e-12
vc6#branch                         2.02114e-12
vc5#branch                         1.01057e-12
vc4#branch                        -6.77552e-09
vc3#branch                         2.52643e-13
vc2#branch                         1.26321e-13
vc1#branch                         6.31607e-14
vc0#branch                         3.15803e-14
vdd#branch                         -7.6051e-05

 Reference value :  0.00000e+00
 Reference value :  1.22500e-09
 Reference value :  3.57500e-09
 Reference value :  5.47500e-09
 Reference value :  6.82500e-09
 Reference value :  8.22500e-09
 Reference value :  9.62500e-09
 Reference value :  1.07750e-08
 Reference value :  1.21750e-08
 Reference value :  1.35750e-08
 Reference value :  1.49750e-08
 Reference value :  1.63750e-08
 Reference value :  1.77250e-08
 Reference value :  1.90750e-08
 Reference value :  2.02000e-08
 Reference value :  2.14250e-08
 Reference value :  2.27250e-08
 Reference value :  2.40250e-08
 Reference value :  2.53250e-08
 Reference value :  2.66250e-08
 Reference value :  2.79250e-08
 Reference value :  2.92250e-08
 Reference value :  3.02750e-08
 Reference value :  3.15750e-08
 Reference value :  3.28750e-08
 Reference value :  3.41750e-08
 Reference value :  3.54750e-08
 Reference value :  3.67750e-08
 Reference value :  3.82750e-08
 Reference value :  3.97250e-08
 Reference value :  4.09250e-08
 Reference value :  4.23750e-08
 Reference value :  4.37750e-08
 Reference value :  4.52250e-08
 Reference value :  4.66750e-08
 Reference value :  4.81250e-08
 Reference value :  4.95250e-08
 Reference value :  5.07250e-08
 Reference value :  5.21750e-08
 Reference value :  5.35750e-08
 Reference value :  5.49750e-08
 Reference value :  5.64750e-08
 Reference value :  5.78750e-08
 Reference value :  5.93250e-08
 Reference value :  6.04750e-08
 Reference value :  6.19250e-08
 Reference value :  6.33750e-08
 Reference value :  6.48250e-08
 Reference value :  6.62750e-08
 Reference value :  6.78250e-08
 Reference value :  6.93250e-08
 Reference value :  7.05250e-08
 Reference value :  7.19250e-08
 Reference value :  7.33250e-08
 Reference value :  7.47250e-08
 Reference value :  7.61250e-08
 Reference value :  7.75750e-08
 Reference value :  7.89750e-08
 Reference value :  8.02000e-08
 Reference value :  8.14750e-08
 Reference value :  8.28750e-08
 Reference value :  8.42750e-08
 Reference value :  8.56750e-08
 Reference value :  8.70750e-08
 Reference value :  8.84750e-08
 Reference value :  8.98750e-08
 Reference value :  9.10250e-08
 Reference value :  9.24750e-08
 Reference value :  9.41250e-08
 Reference value :  9.55750e-08
 Reference value :  9.69750e-08
 Reference value :  9.83250e-08
 Reference value :  9.97250e-08
 Reference value :  1.00875e-07
 Reference value :  1.02325e-07
 Reference value :  1.03725e-07
 Reference value :  1.05175e-07
 Reference value :  1.06625e-07
 Reference value :  1.08075e-07
 Reference value :  1.09525e-07
 Reference value :  1.10675e-07
 Reference value :  1.12075e-07
 Reference value :  1.13475e-07
 Reference value :  1.14875e-07
 Reference value :  1.16275e-07
 Reference value :  1.17475e-07
 Reference value :  1.18725e-07
 Reference value :  1.20000e-07
 Reference value :  1.21025e-07
 Reference value :  1.22325e-07
 Reference value :  1.23625e-07
 Reference value :  1.24925e-07
 Reference value :  1.26225e-07
 Reference value :  1.27525e-07
 Reference value :  1.28725e-07
 Reference value :  1.29963e-07
 Reference value :  1.30925e-07
 Reference value :  1.32175e-07
 Reference value :  1.33475e-07
 Reference value :  1.34775e-07
 Reference value :  1.36075e-07
 Reference value :  1.37375e-07
 Reference value :  1.38675e-07
 Reference value :  1.39963e-07
 Reference value :  1.41025e-07
 Reference value :  1.42425e-07
 Reference value :  1.43875e-07
 Reference value :  1.45275e-07
 Reference value :  1.46675e-07
 Reference value :  1.48075e-07
 Reference value :  1.49475e-07
 Reference value :  1.50625e-07
 Reference value :  1.51975e-07
 Reference value :  1.53325e-07
 Reference value :  1.54725e-07
 Reference value :  1.56075e-07
 Reference value :  1.57475e-07
 Reference value :  1.58875e-07
 Reference value :  1.60125e-07
 Reference value :  1.61425e-07
 Reference value :  1.62825e-07
 Reference value :  1.64225e-07
 Reference value :  1.65625e-07
 Reference value :  1.67025e-07
 Reference value :  1.68475e-07
 Reference value :  1.69875e-07
 Reference value :  1.71025e-07
 Reference value :  1.72425e-07
 Reference value :  1.73825e-07
 Reference value :  1.75075e-07
 Reference value :  1.76425e-07
 Reference value :  1.77875e-07
 Reference value :  1.79275e-07
 Reference value :  1.80425e-07
 Reference value :  1.81875e-07
 Reference value :  1.83375e-07
 Reference value :  1.84825e-07
 Reference value :  1.86275e-07
 Reference value :  1.87575e-07
 Reference value :  1.88875e-07
 Reference value :  1.90015e-07
 Reference value :  1.91175e-07
 Reference value :  1.92475e-07
 Reference value :  1.93775e-07
 Reference value :  1.95075e-07
 Reference value :  1.96375e-07
 Reference value :  1.97675e-07
 Reference value :  1.98925e-07
 Reference value :  2.00075e-07
 Reference value :  2.01175e-07
 Reference value :  2.02475e-07
 Reference value :  2.03875e-07
 Reference value :  2.05275e-07
 Reference value :  2.06725e-07
 Reference value :  2.08125e-07
 Reference value :  2.09525e-07
 Reference value :  2.10725e-07
 Reference value :  2.12175e-07
 Reference value :  2.13625e-07
 Reference value :  2.15075e-07
 Reference value :  2.16525e-07
 Reference value :  2.17975e-07
 Reference value :  2.19375e-07
 Reference value :  2.20525e-07
 Reference value :  2.21925e-07
 Reference value :  2.23325e-07
 Reference value :  2.24775e-07
 Reference value :  2.26275e-07
 Reference value :  2.27675e-07
 Reference value :  2.29075e-07
 Reference value :  2.30235e-07
 Reference value :  2.31675e-07
 Reference value :  2.33125e-07
 Reference value :  2.34525e-07
 Reference value :  2.35975e-07
 Reference value :  2.37375e-07
 Reference value :  2.38875e-07
 Reference value :  2.40163e-07
 Reference value :  2.41475e-07
 Reference value :  2.42875e-07
 Reference value :  2.44275e-07
 Reference value :  2.45675e-07
 Reference value :  2.47075e-07
 Reference value :  2.48475e-07
 Reference value :  2.49875e-07
 Reference value :  2.51025e-07
 Reference value :  2.52375e-07
 Reference value :  2.53825e-07
 Reference value :  2.55275e-07
 Reference value :  2.56725e-07
 Reference value :  2.58125e-07
 Reference value :  2.59575e-07
 Reference value :  2.60725e-07
 Reference value :  2.62125e-07
 Reference value :  2.63525e-07
 Reference value :  2.64875e-07
 Reference value :  2.66275e-07
 Reference value :  2.67675e-07
 Reference value :  2.69075e-07
 Reference value :  2.70235e-07
 Reference value :  2.71625e-07
 Reference value :  2.73025e-07
 Reference value :  2.74425e-07
 Reference value :  2.75825e-07
 Reference value :  2.77225e-07
 Reference value :  2.78625e-07
 Reference value :  2.79875e-07
 Reference value :  2.80975e-07
 Reference value :  2.82175e-07
 Reference value :  2.83475e-07
 Reference value :  2.84875e-07
 Reference value :  2.86325e-07
 Reference value :  2.87775e-07
 Reference value :  2.89225e-07
 Reference value :  2.90425e-07
 Reference value :  2.91875e-07
 Reference value :  2.93325e-07
 Reference value :  2.94725e-07
 Reference value :  2.96125e-07
 Reference value :  2.97525e-07
 Reference value :  2.99025e-07
 Reference value :  3.00215e-07
 Reference value :  3.01625e-07
 Reference value :  3.03075e-07
 Reference value :  3.04425e-07
 Reference value :  3.05675e-07
 Reference value :  3.06925e-07
 Reference value :  3.08175e-07
 Reference value :  3.09425e-07
 Reference value :  3.10425e-07
 Reference value :  3.11675e-07
 Reference value :  3.12925e-07
 Reference value :  3.14175e-07
 Reference value :  3.15425e-07
 Reference value :  3.16825e-07
 Reference value :  3.18275e-07
 Reference value :  3.19675e-07
 Reference value :  3.20825e-07
 Reference value :  3.22175e-07
 Reference value :  3.23575e-07
 Reference value :  3.24975e-07
 Reference value :  3.26425e-07
 Reference value :  3.27825e-07
 Reference value :  3.29275e-07
 Reference value :  3.30425e-07
 Reference value :  3.31875e-07
 Reference value :  3.33325e-07
 Reference value :  3.34725e-07
 Reference value :  3.36075e-07
 Reference value :  3.37225e-07
 Reference value :  3.38575e-07
 Reference value :  3.39963e-07
 Reference value :  3.41125e-07
 Reference value :  3.42575e-07
 Reference value :  3.44025e-07
 Reference value :  3.45325e-07
 Reference value :  3.46625e-07
 Reference value :  3.47875e-07
 Reference value :  3.49175e-07
 Reference value :  3.50235e-07
 Reference value :  3.51525e-07
 Reference value :  3.52825e-07
 Reference value :  3.54125e-07
 Reference value :  3.55425e-07
 Reference value :  3.56725e-07
 Reference value :  3.57975e-07
 Reference value :  3.59275e-07
 Reference value :  3.60275e-07
 Reference value :  3.61625e-07
 Reference value :  3.62925e-07
 Reference value :  3.64175e-07
 Reference value :  3.65475e-07
 Reference value :  3.66875e-07
 Reference value :  3.68275e-07
 Reference value :  3.69725e-07
 Reference value :  3.70875e-07
 Reference value :  3.72325e-07
 Reference value :  3.73725e-07
 Reference value :  3.75125e-07
 Reference value :  3.76525e-07
 Reference value :  3.77925e-07
 Reference value :  3.79325e-07
 Reference value :  3.80425e-07
 Reference value :  3.81825e-07
 Reference value :  3.83225e-07
 Reference value :  3.84675e-07
 Reference value :  3.86075e-07
 Reference value :  3.87475e-07
 Reference value :  3.88875e-07
 Reference value :  3.90125e-07
 Reference value :  3.91375e-07
 Reference value :  3.92725e-07
 Reference value :  3.94125e-07
 Reference value :  3.95525e-07
 Reference value :  3.96875e-07
 Reference value :  3.98275e-07
 Reference value :  3.99675e-07
 Reference value :  4.00775e-07
 Reference value :  4.02175e-07
 Reference value :  4.03575e-07
 Reference value :  4.05025e-07
 Reference value :  4.06425e-07
 Reference value :  4.07825e-07
 Reference value :  4.09225e-07
 Reference value :  4.10375e-07
 Reference value :  4.11775e-07
 Reference value :  4.13225e-07
 Reference value :  4.14625e-07
 Reference value :  4.16075e-07
 Reference value :  4.17525e-07
 Reference value :  4.19225e-07
 Reference value :  4.20975e-07
 Reference value :  4.23025e-07
 Reference value :  4.24525e-07
 Reference value :  4.26025e-07
 Reference value :  4.27475e-07
 Reference value :  4.28925e-07
 Reference value :  4.30163e-07
 Reference value :  4.31525e-07
 Reference value :  4.32975e-07
 Reference value :  4.34425e-07
 Reference value :  4.35875e-07
 Reference value :  4.37325e-07
 Reference value :  4.38775e-07
 Reference value :  4.40075e-07
 Reference value :  4.41375e-07
 Reference value :  4.42825e-07
 Reference value :  4.44075e-07
 Reference value :  4.45325e-07
 Reference value :  4.46625e-07
 Reference value :  4.47875e-07
 Reference value :  4.49125e-07
 Reference value :  4.50205e-07
 Reference value :  4.51425e-07
 Reference value :  4.52675e-07
 Reference value :  4.53925e-07
 Reference value :  4.55275e-07
 Reference value :  4.56675e-07
 Reference value :  4.58125e-07
 Reference value :  4.59575e-07
 Reference value :  4.60575e-07
 Reference value :  4.61875e-07
 Reference value :  4.63175e-07
 Reference value :  4.64475e-07
 Reference value :  4.65775e-07
 Reference value :  4.67075e-07
 Reference value :  4.68375e-07
 Reference value :  4.69675e-07
 Reference value :  4.70725e-07
 Reference value :  4.72025e-07
 Reference value :  4.73325e-07
 Reference value :  4.74625e-07
 Reference value :  4.75875e-07
 Reference value :  4.77075e-07
 Reference value :  4.78275e-07
 Reference value :  4.79475e-07
 Reference value :  4.80425e-07
 Reference value :  4.81625e-07
 Reference value :  4.82825e-07
 Reference value :  4.84025e-07
 Reference value :  4.85225e-07
 Reference value :  4.86425e-07
 Reference value :  4.87625e-07
 Reference value :  4.88875e-07
 Reference value :  4.90015e-07
 Reference value :  4.91175e-07
 Reference value :  4.92475e-07
 Reference value :  4.93775e-07
 Reference value :  4.95075e-07
 Reference value :  4.96375e-07
 Reference value :  4.97675e-07
 Reference value :  4.98975e-07
 Reference value :  5.00215e-07
 Reference value :  5.01675e-07
 Reference value :  5.03125e-07
 Reference value :  5.04575e-07
 Reference value :  5.06025e-07
 Reference value :  5.07475e-07
 Reference value :  5.08925e-07
 Reference value :  5.10200e-07
 Reference value :  5.11575e-07
 Reference value :  5.13025e-07
 Reference value :  5.14475e-07
 Reference value :  5.15925e-07
 Reference value :  5.17325e-07
 Reference value :  5.18775e-07
 Reference value :  5.20125e-07
 Reference value :  5.21425e-07
 Reference value :  5.22875e-07
 Reference value :  5.24325e-07
 Reference value :  5.25775e-07
 Reference value :  5.27225e-07
 Reference value :  5.28675e-07
 Reference value :  5.30015e-07
 Reference value :  5.31375e-07
 Reference value :  5.32825e-07
 Reference value :  5.34225e-07
 Reference value :  5.35625e-07
 Reference value :  5.36925e-07
 Reference value :  5.38175e-07
 Reference value :  5.39525e-07
 Reference value :  5.40625e-07
 Reference value :  5.42025e-07
 Reference value :  5.43375e-07
 Reference value :  5.44825e-07
 Reference value :  5.46275e-07
 Reference value :  5.47725e-07
 Reference value :  5.49175e-07
 Reference value :  5.50375e-07
 Reference value :  5.51825e-07
 Reference value :  5.53225e-07
 Reference value :  5.54625e-07
 Reference value :  5.56025e-07
 Reference value :  5.57425e-07
 Reference value :  5.58825e-07
 Reference value :  5.60075e-07
 Reference value :  5.61375e-07
 Reference value :  5.62825e-07
 Reference value :  5.64225e-07
 Reference value :  5.65675e-07
 Reference value :  5.67125e-07
 Reference value :  5.68575e-07
 Reference value :  5.70015e-07
 Reference value :  5.71275e-07
 Reference value :  5.72875e-07
 Reference value :  5.74325e-07
 Reference value :  5.75775e-07
 Reference value :  5.77225e-07
 Reference value :  5.78675e-07
 Reference value :  5.80015e-07
 Reference value :  5.81275e-07
 Reference value :  5.82725e-07
 Reference value :  5.84175e-07
 Reference value :  5.85625e-07
 Reference value :  5.87025e-07
 Reference value :  5.88425e-07
 Reference value :  5.89725e-07
 Reference value :  5.90775e-07
 Reference value :  5.92075e-07
 Reference value :  5.93375e-07
 Reference value :  5.94675e-07
 Reference value :  5.95925e-07
 Reference value :  5.97125e-07
 Reference value :  5.98325e-07
 Reference value :  5.99525e-07
 Reference value :  6.00475e-07
 Reference value :  6.01675e-07
 Reference value :  6.02925e-07
 Reference value :  6.04175e-07
 Reference value :  6.05425e-07
 Reference value :  6.06675e-07
 Reference value :  6.07975e-07
 Reference value :  6.09275e-07
 Reference value :  6.10325e-07
 Reference value :  6.11625e-07
 Reference value :  6.12975e-07
 Reference value :  6.14375e-07
 Reference value :  6.15725e-07
 Reference value :  6.17125e-07
 Reference value :  6.18525e-07
 Reference value :  6.19963e-07
 Reference value :  6.21125e-07
 Reference value :  6.22575e-07
 Reference value :  6.24025e-07
 Reference value :  6.25475e-07
 Reference value :  6.26925e-07
 Reference value :  6.28375e-07
 Reference value :  6.29825e-07
 Reference value :  6.31025e-07
 Reference value :  6.32475e-07
 Reference value :  6.33925e-07
 Reference value :  6.35425e-07
 Reference value :  6.36875e-07
 Reference value :  6.38325e-07
 Reference value :  6.39775e-07
 Reference value :  6.40975e-07
 Reference value :  6.42425e-07
 Reference value :  6.43825e-07
 Reference value :  6.45225e-07
 Reference value :  6.46675e-07
 Reference value :  6.48075e-07
 Reference value :  6.49475e-07
 Reference value :  6.50675e-07
 Reference value :  6.52125e-07
 Reference value :  6.53575e-07
 Reference value :  6.55075e-07
 Reference value :  6.56525e-07
 Reference value :  6.57975e-07
 Reference value :  6.59475e-07
 Reference value :  6.60675e-07
 Reference value :  6.62125e-07
 Reference value :  6.63525e-07
 Reference value :  6.64975e-07
 Reference value :  6.66475e-07
 Reference value :  6.67925e-07
 Reference value :  6.69375e-07
 Reference value :  6.70575e-07
 Reference value :  6.72075e-07
 Reference value :  6.73525e-07
 Reference value :  6.74975e-07
 Reference value :  6.76425e-07
 Reference value :  6.77875e-07
 Reference value :  6.79275e-07
 Reference value :  6.80375e-07
 Reference value :  6.81775e-07
 Reference value :  6.83175e-07
 Reference value :  6.84575e-07
 Reference value :  6.86025e-07
 Reference value :  6.87475e-07
 Reference value :  6.88775e-07
 Reference value :  6.90000e-07
 Reference value :  6.90975e-07
 Reference value :  6.92175e-07
 Reference value :  6.93375e-07
 Reference value :  6.94675e-07
 Reference value :  6.96525e-07
 Reference value :  6.97975e-07
 Reference value :  6.99375e-07
 Reference value :  7.00525e-07
 Reference value :  7.02025e-07
 Reference value :  7.03525e-07
 Reference value :  7.04975e-07
 Reference value :  7.06425e-07
 Reference value :  7.07825e-07
 Reference value :  7.09225e-07
 Reference value :  7.10325e-07
 Reference value :  7.11675e-07
 Reference value :  7.13025e-07
 Reference value :  7.14425e-07
 Reference value :  7.15875e-07
 Reference value :  7.17325e-07
 Reference value :  7.18775e-07
 Reference value :  7.20035e-07
 Reference value :  7.21175e-07
 Reference value :  7.22375e-07
 Reference value :  7.23575e-07
 Reference value :  7.24825e-07
 Reference value :  7.26075e-07
 Reference value :  7.27325e-07
 Reference value :  7.28575e-07
 Reference value :  7.29875e-07
 Reference value :  7.30925e-07
 Reference value :  7.32225e-07
 Reference value :  7.33575e-07
 Reference value :  7.34825e-07
 Reference value :  7.36075e-07
 Reference value :  7.37325e-07
 Reference value :  7.38575e-07
 Reference value :  7.39825e-07
 Reference value :  7.40775e-07
 Reference value :  7.41975e-07
 Reference value :  7.43175e-07
 Reference value :  7.44475e-07
 Reference value :  7.45725e-07
 Reference value :  7.46975e-07
 Reference value :  7.48225e-07
 Reference value :  7.49525e-07
 Reference value :  7.50575e-07
 Reference value :  7.51875e-07
 Reference value :  7.53175e-07
 Reference value :  7.54475e-07
 Reference value :  7.55775e-07
 Reference value :  7.57125e-07
 Reference value :  7.58425e-07
 Reference value :  7.59725e-07
 Reference value :  7.60725e-07
 Reference value :  7.61975e-07
 Reference value :  7.63275e-07
 Reference value :  7.64475e-07
 Reference value :  7.65725e-07
 Reference value :  7.66975e-07
 Reference value :  7.68175e-07
 Reference value :  7.69375e-07
 Reference value :  7.70375e-07
 Reference value :  7.71575e-07
 Reference value :  7.72775e-07
 Reference value :  7.74025e-07
 Reference value :  7.75325e-07
 Reference value :  7.76525e-07
 Reference value :  7.77775e-07
 Reference value :  7.79025e-07
 Reference value :  7.80200e-07
 Reference value :  7.81425e-07
 Reference value :  7.82725e-07
 Reference value :  7.84025e-07
 Reference value :  7.85275e-07
 Reference value :  7.86575e-07
 Reference value :  7.87875e-07
 Reference value :  7.89075e-07
 Reference value :  7.90163e-07
 Reference value :  7.91275e-07
 Reference value :  7.92475e-07
 Reference value :  7.93725e-07
 Reference value :  7.94975e-07
 Reference value :  7.96225e-07
 Reference value :  7.97425e-07
 Reference value :  7.98725e-07
 Reference value :  8.00005e-07
 Reference value :  8.01125e-07
 Reference value :  8.02475e-07
 Reference value :  8.03775e-07
 Reference value :  8.05125e-07
 Reference value :  8.06375e-07
 Reference value :  8.07625e-07
 Reference value :  8.08875e-07
 Reference value :  8.10035e-07
 Reference value :  8.11225e-07
 Reference value :  8.12575e-07
 Reference value :  8.13875e-07
 Reference value :  8.15175e-07
 Reference value :  8.16475e-07
 Reference value :  8.17725e-07
 Reference value :  8.19025e-07
 Reference value :  8.20163e-07
 Reference value :  8.21325e-07
 Reference value :  8.22725e-07
 Reference value :  8.24175e-07
 Reference value :  8.25625e-07
 Reference value :  8.27075e-07
 Reference value :  8.28525e-07
 Reference value :  8.29963e-07
 Reference value :  8.31175e-07
 Reference value :  8.32625e-07
 Reference value :  8.34075e-07
 Reference value :  8.35475e-07
 Reference value :  8.36725e-07
 Reference value :  8.38175e-07
 Reference value :  8.39725e-07
 Reference value :  8.40975e-07
 Reference value :  8.42375e-07
 Reference value :  8.44075e-07
 Reference value :  8.45675e-07
 Reference value :  8.47225e-07
 Reference value :  8.48625e-07
 Reference value :  8.50005e-07
 Reference value :  8.51225e-07
 Reference value :  8.52675e-07
 Reference value :  8.54125e-07
 Reference value :  8.55575e-07
 Reference value :  8.56975e-07
 Reference value :  8.58375e-07
 Reference value :  8.59825e-07
 Reference value :  8.61025e-07
 Reference value :  8.62425e-07
 Reference value :  8.63825e-07
 Reference value :  8.65275e-07
 Reference value :  8.66725e-07
 Reference value :  8.68225e-07
 Reference value :  8.69625e-07
 Reference value :  8.70825e-07
 Reference value :  8.72275e-07
 Reference value :  8.73675e-07
 Reference value :  8.75125e-07
 Reference value :  8.76575e-07
 Reference value :  8.78025e-07
 Reference value :  8.79475e-07
 Reference value :  8.80675e-07
 Reference value :  8.81975e-07
 Reference value :  8.83275e-07
 Reference value :  8.84525e-07
 Reference value :  8.85725e-07
 Reference value :  8.86975e-07
 Reference value :  8.88175e-07
 Reference value :  8.89375e-07
 Reference value :  8.90325e-07
 Reference value :  8.91575e-07
 Reference value :  8.92825e-07
 Reference value :  8.94125e-07
 Reference value :  8.95375e-07
 Reference value :  8.96675e-07
 Reference value :  8.97975e-07
 Reference value :  8.99275e-07
 Reference value :  9.00275e-07
 Reference value :  9.01525e-07
 Reference value :  9.02825e-07
 Reference value :  9.04125e-07
 Reference value :  9.05425e-07
 Reference value :  9.06725e-07
 Reference value :  9.08025e-07
 Reference value :  9.09325e-07
 Reference value :  9.10375e-07
 Reference value :  9.11675e-07
 Reference value :  9.12975e-07
 Reference value :  9.14275e-07
 Reference value :  9.15525e-07
 Reference value :  9.16875e-07
 Reference value :  9.18275e-07
 Reference value :  9.19675e-07
 Reference value :  9.20825e-07
 Reference value :  9.22225e-07
 Reference value :  9.23625e-07
 Reference value :  9.25025e-07
 Reference value :  9.26475e-07
 Reference value :  9.27925e-07
 Reference value :  9.29325e-07
 Reference value :  9.30525e-07
 Reference value :  9.31975e-07
 Reference value :  9.33425e-07
 Reference value :  9.34875e-07
 Reference value :  9.36325e-07
 Reference value :  9.37775e-07
 Reference value :  9.39225e-07
 Reference value :  9.40425e-07
 Reference value :  9.41875e-07
 Reference value :  9.43425e-07
 Reference value :  9.44875e-07
 Reference value :  9.46325e-07
 Reference value :  9.47775e-07
 Reference value :  9.49225e-07
 Reference value :  9.50425e-07
 Reference value :  9.51825e-07
 Reference value :  9.53225e-07
 Reference value :  9.54675e-07
 Reference value :  9.56075e-07
 Reference value :  9.57525e-07
 Reference value :  9.58975e-07
 Reference value :  9.60205e-07
 Reference value :  9.61575e-07
 Reference value :  9.63025e-07
 Reference value :  9.64425e-07
 Reference value :  9.65825e-07
 Reference value :  9.67225e-07
 Reference value :  9.68675e-07
 Reference value :  9.70015e-07
 Reference value :  9.71275e-07
 Reference value :  9.72725e-07
 Reference value :  9.74175e-07
 Reference value :  9.75625e-07
 Reference value :  9.77025e-07
 Reference value :  9.78475e-07
 Reference value :  9.79925e-07
 Reference value :  9.81075e-07
 Reference value :  9.82475e-07
 Reference value :  9.83825e-07
 Reference value :  9.85225e-07
 Reference value :  9.86675e-07
 Reference value :  9.88125e-07
 Reference value :  9.89575e-07
 Reference value :  9.90675e-07
 Reference value :  9.91975e-07
 Reference value :  9.93275e-07
 Reference value :  9.94575e-07
 Reference value :  9.95875e-07
 Reference value :  9.97125e-07
 Reference value :  9.98325e-07
 Reference value :  9.99575e-07
 Reference value :  1.00052e-06
 Reference value :  1.00177e-06
 Reference value :  1.00302e-06
 Reference value :  1.00432e-06
 Reference value :  1.00562e-06
 Reference value :  1.00692e-06
 Reference value :  1.00822e-06
 Reference value :  1.00952e-06
 Reference value :  1.01057e-06
 Reference value :  1.01187e-06
 Reference value :  1.01322e-06
 Reference value :  1.01457e-06
 Reference value :  1.01592e-06
 Reference value :  1.01722e-06
 Reference value :  1.01852e-06
 Reference value :  1.01982e-06
 Reference value :  1.02087e-06
 Reference value :  1.02217e-06
 Reference value :  1.02347e-06
 Reference value :  1.02477e-06
 Reference value :  1.02607e-06
 Reference value :  1.02737e-06
 Reference value :  1.02867e-06
 Reference value :  1.02996e-06
 Reference value :  1.03102e-06
 Reference value :  1.03232e-06
 Reference value :  1.03367e-06
 Reference value :  1.03497e-06
 Reference value :  1.03627e-06
 Reference value :  1.03757e-06
 Reference value :  1.03887e-06
 Reference value :  1.04001e-06
 Reference value :  1.04107e-06
 Reference value :  1.04227e-06
 Reference value :  1.04347e-06
 Reference value :  1.04467e-06
 Reference value :  1.04592e-06
 Reference value :  1.04717e-06
 Reference value :  1.04842e-06
 Reference value :  1.04967e-06
 Reference value :  1.05067e-06
 Reference value :  1.05197e-06
 Reference value :  1.05327e-06
 Reference value :  1.05457e-06
 Reference value :  1.05587e-06
 Reference value :  1.05717e-06
 Reference value :  1.05847e-06
 Reference value :  1.05977e-06
 Reference value :  1.06082e-06
 Reference value :  1.06212e-06
 Reference value :  1.06342e-06
 Reference value :  1.06472e-06
 Reference value :  1.06602e-06
 Reference value :  1.06732e-06
 Reference value :  1.06862e-06
 Reference value :  1.06992e-06
 Reference value :  1.07097e-06
 Reference value :  1.07227e-06
 Reference value :  1.07352e-06
 Reference value :  1.07477e-06
 Reference value :  1.07607e-06
 Reference value :  1.07737e-06
 Reference value :  1.07867e-06
 Reference value :  1.07996e-06
 Reference value :  1.08097e-06
 Reference value :  1.08227e-06
 Reference value :  1.08357e-06
 Reference value :  1.08487e-06
 Reference value :  1.08612e-06
 Reference value :  1.08742e-06
 Reference value :  1.08872e-06
 Reference value :  1.09000e-06
 Reference value :  1.09107e-06
 Reference value :  1.09237e-06
 Reference value :  1.09367e-06
 Reference value :  1.09492e-06
 Reference value :  1.09622e-06
 Reference value :  1.09747e-06
 Reference value :  1.09877e-06
 Reference value :  1.10000e-06
 Reference value :  1.10102e-06
 Reference value :  1.10232e-06
 Reference value :  1.10362e-06
 Reference value :  1.10492e-06
 Reference value :  1.10632e-06
 Reference value :  1.10772e-06
 Reference value :  1.10922e-06
 Reference value :  1.11067e-06
 Reference value :  1.11212e-06
 Reference value :  1.11347e-06
 Reference value :  1.11482e-06
 Reference value :  1.11632e-06
 Reference value :  1.11777e-06
 Reference value :  1.11917e-06
 Reference value :  1.12032e-06
 Reference value :  1.12177e-06
 Reference value :  1.12322e-06
 Reference value :  1.12472e-06
 Reference value :  1.12617e-06
 Reference value :  1.12762e-06
 Reference value :  1.12902e-06
 Reference value :  1.13023e-06
 Reference value :  1.13162e-06
 Reference value :  1.13312e-06
 Reference value :  1.13467e-06
 Reference value :  1.13612e-06
 Reference value :  1.13757e-06
 Reference value :  1.13892e-06
 Reference value :  1.14012e-06
 Reference value :  1.14122e-06
 Reference value :  1.14247e-06
 Reference value :  1.14377e-06
 Reference value :  1.14507e-06
 Reference value :  1.14637e-06
 Reference value :  1.14762e-06
 Reference value :  1.14887e-06
 Reference value :  1.15003e-06
 Reference value :  1.15117e-06
 Reference value :  1.15247e-06
 Reference value :  1.15377e-06
 Reference value :  1.15522e-06
 Reference value :  1.15667e-06
 Reference value :  1.15807e-06
 Reference value :  1.15952e-06
 Reference value :  1.16072e-06
 Reference value :  1.16217e-06
 Reference value :  1.16362e-06
 Reference value :  1.16507e-06
 Reference value :  1.16652e-06
 Reference value :  1.16797e-06
 Reference value :  1.16942e-06
 Reference value :  1.17062e-06
 Reference value :  1.17207e-06
 Reference value :  1.17352e-06
 Reference value :  1.17502e-06
 Reference value :  1.17647e-06
 Reference value :  1.17792e-06
 Reference value :  1.17937e-06
 Reference value :  1.18057e-06
 Reference value :  1.18202e-06
 Reference value :  1.18352e-06
 Reference value :  1.18497e-06
 Reference value :  1.18642e-06
 Reference value :  1.18777e-06
 Reference value :  1.18907e-06
 Reference value :  1.19023e-06
 Reference value :  1.19172e-06
 Reference value :  1.19312e-06
 Reference value :  1.19457e-06
 Reference value :  1.19602e-06
 Reference value :  1.19747e-06
 Reference value :  1.19892e-06
 Reference value :  1.20020e-06
 Reference value :  1.20152e-06
 Reference value :  1.20297e-06
 Reference value :  1.20437e-06
 Reference value :  1.20577e-06
 Reference value :  1.20717e-06
 Reference value :  1.20862e-06
 Reference value :  1.21000e-06
 Reference value :  1.21127e-06
 Reference value :  1.21272e-06
 Reference value :  1.21417e-06
 Reference value :  1.21562e-06
 Reference value :  1.21707e-06
 Reference value :  1.21852e-06
 Reference value :  1.21996e-06
 Reference value :  1.22112e-06
 Reference value :  1.22242e-06
 Reference value :  1.22372e-06
 Reference value :  1.22502e-06
 Reference value :  1.22632e-06
 Reference value :  1.22762e-06
 Reference value :  1.22892e-06
 Reference value :  1.23020e-06
 Reference value :  1.23157e-06
 Reference value :  1.23302e-06
 Reference value :  1.23447e-06
 Reference value :  1.23592e-06
 Reference value :  1.23737e-06
 Reference value :  1.23867e-06
 Reference value :  1.23996e-06
 Reference value :  1.24097e-06
 Reference value :  1.24222e-06
 Reference value :  1.24347e-06
 Reference value :  1.24472e-06
 Reference value :  1.24602e-06
 Reference value :  1.24732e-06
 Reference value :  1.24862e-06
 Reference value :  1.24992e-06
 Reference value :  1.25097e-06
 Reference value :  1.25227e-06
 Reference value :  1.25357e-06
 Reference value :  1.25487e-06
 Reference value :  1.25617e-06
 Reference value :  1.25747e-06
 Reference value :  1.25877e-06
 Reference value :  1.26000e-06
 Reference value :  1.26122e-06
 Reference value :  1.26267e-06
 Reference value :  1.26422e-06
 Reference value :  1.26567e-06
 Reference value :  1.26702e-06
 Reference value :  1.26842e-06
 Reference value :  1.26992e-06
 Reference value :  1.27112e-06
 Reference value :  1.27257e-06
 Reference value :  1.27407e-06
 Reference value :  1.27567e-06
 Reference value :  1.27727e-06
 Reference value :  1.27867e-06
 Reference value :  1.28002e-06
 Reference value :  1.28127e-06
 Reference value :  1.28272e-06
 Reference value :  1.28417e-06
 Reference value :  1.28562e-06
 Reference value :  1.28707e-06
 Reference value :  1.28847e-06
 Reference value :  1.28987e-06
 Reference value :  1.29107e-06
 Reference value :  1.29247e-06
 Reference value :  1.29392e-06
 Reference value :  1.29537e-06
 Reference value :  1.29682e-06
 Reference value :  1.29822e-06
 Reference value :  1.29962e-06
 Reference value :  1.30072e-06
 Reference value :  1.30212e-06
 Reference value :  1.30352e-06
 Reference value :  1.30492e-06
 Reference value :  1.30627e-06
 Reference value :  1.30767e-06
 Reference value :  1.30907e-06
 Reference value :  1.31027e-06
 Reference value :  1.31167e-06
 Reference value :  1.31297e-06
 Reference value :  1.31437e-06
 Reference value :  1.31572e-06
 Reference value :  1.31707e-06
 Reference value :  1.31847e-06
 Reference value :  1.31987e-06
 Reference value :  1.32097e-06
 Reference value :  1.32237e-06
 Reference value :  1.32377e-06
 Reference value :  1.32502e-06
 Reference value :  1.32627e-06
 Reference value :  1.32767e-06
 Reference value :  1.32912e-06
 Reference value :  1.33032e-06
 Reference value :  1.33182e-06
 Reference value :  1.33327e-06
 Reference value :  1.33472e-06
 Reference value :  1.33607e-06
 Reference value :  1.33737e-06
 Reference value :  1.33867e-06
 Reference value :  1.33996e-06
 Reference value :  1.34097e-06
 Reference value :  1.34222e-06
 Reference value :  1.34347e-06
 Reference value :  1.34477e-06
 Reference value :  1.34607e-06
 Reference value :  1.34737e-06
 Reference value :  1.34867e-06
 Reference value :  1.35001e-06
 Reference value :  1.35127e-06
 Reference value :  1.35272e-06
 Reference value :  1.35412e-06
 Reference value :  1.35557e-06
 Reference value :  1.35702e-06
 Reference value :  1.35847e-06
 Reference value :  1.35992e-06
 Reference value :  1.36112e-06
 Reference value :  1.36252e-06
 Reference value :  1.36392e-06
 Reference value :  1.36532e-06
 Reference value :  1.36672e-06
 Reference value :  1.36812e-06
 Reference value :  1.36952e-06
 Reference value :  1.37072e-06
 Reference value :  1.37217e-06
 Reference value :  1.37372e-06
 Reference value :  1.37522e-06
 Reference value :  1.37667e-06
 Reference value :  1.37812e-06
 Reference value :  1.37957e-06
 Reference value :  1.38072e-06
 Reference value :  1.38217e-06
 Reference value :  1.38362e-06
 Reference value :  1.38507e-06
 Reference value :  1.38647e-06
 Reference value :  1.38792e-06
 Reference value :  1.38937e-06
 Reference value :  1.39052e-06
 Reference value :  1.39192e-06
 Reference value :  1.39337e-06
 Reference value :  1.39507e-06
 Reference value :  1.39647e-06
 Reference value :  1.39792e-06
 Reference value :  1.39932e-06
 Reference value :  1.40052e-06
 Reference value :  1.40207e-06
 Reference value :  1.40352e-06
 Reference value :  1.40497e-06
 Reference value :  1.40642e-06
 Reference value :  1.40782e-06
 Reference value :  1.40922e-06
 Reference value :  1.41032e-06
 Reference value :  1.41172e-06
 Reference value :  1.41312e-06
 Reference value :  1.41472e-06
 Reference value :  1.41627e-06
 Reference value :  1.41772e-06
 Reference value :  1.41917e-06
 Reference value :  1.42032e-06
 Reference value :  1.42182e-06
 Reference value :  1.42327e-06
 Reference value :  1.42472e-06
 Reference value :  1.42612e-06
 Reference value :  1.42757e-06
 Reference value :  1.42902e-06
 Reference value :  1.43023e-06
 Reference value :  1.43167e-06
 Reference value :  1.43327e-06
 Reference value :  1.43482e-06
 Reference value :  1.43627e-06
 Reference value :  1.43772e-06
 Reference value :  1.43917e-06
 Reference value :  1.44032e-06
 Reference value :  1.44172e-06
 Reference value :  1.44302e-06
 Reference value :  1.44442e-06
 Reference value :  1.44587e-06
 Reference value :  1.44732e-06
 Reference value :  1.44877e-06
 Reference value :  1.45012e-06
 Reference value :  1.45147e-06
 Reference value :  1.45292e-06
 Reference value :  1.45432e-06
 Reference value :  1.45577e-06
 Reference value :  1.45722e-06
 Reference value :  1.45867e-06
 Reference value :  1.46001e-06
 Reference value :  1.46127e-06
 Reference value :  1.46272e-06
 Reference value :  1.46417e-06
 Reference value :  1.46562e-06
 Reference value :  1.46702e-06
 Reference value :  1.46847e-06
 Reference value :  1.46987e-06
 Reference value :  1.47107e-06
 Reference value :  1.47252e-06
 Reference value :  1.47417e-06
 Reference value :  1.47582e-06
 Reference value :  1.47732e-06
 Reference value :  1.47877e-06
 Reference value :  1.48007e-06
 Reference value :  1.48132e-06
 Reference value :  1.48277e-06
 Reference value :  1.48422e-06
 Reference value :  1.48572e-06
 Reference value :  1.48717e-06
 Reference value :  1.48862e-06
 Reference value :  1.49007e-06
 Reference value :  1.49137e-06
 Reference value :  1.49282e-06
 Reference value :  1.49422e-06
 Reference value :  1.49567e-06
 Reference value :  1.49712e-06
 Reference value :  1.49857e-06
 Reference value :  1.50000e-06
 Reference value :  1.50122e-06
 Reference value :  1.50262e-06
 Reference value :  1.50402e-06
 Reference value :  1.50542e-06
 Reference value :  1.50682e-06
 Reference value :  1.50827e-06
 Reference value :  1.50967e-06
 Reference value :  1.51087e-06
 Reference value :  1.51232e-06
 Reference value :  1.51377e-06
 Reference value :  1.51517e-06
 Reference value :  1.51657e-06
 Reference value :  1.51797e-06
 Reference value :  1.51937e-06
 Reference value :  1.52052e-06
 Reference value :  1.52192e-06
 Reference value :  1.52332e-06
 Reference value :  1.52472e-06
 Reference value :  1.52612e-06
 Reference value :  1.52757e-06
 Reference value :  1.52897e-06
 Reference value :  1.53021e-06
 Reference value :  1.53172e-06
 Reference value :  1.53312e-06
 Reference value :  1.53457e-06
 Reference value :  1.53602e-06
 Reference value :  1.53747e-06
 Reference value :  1.53892e-06
 Reference value :  1.54021e-06
 Reference value :  1.54152e-06
 Reference value :  1.54297e-06
 Reference value :  1.54437e-06
 Reference value :  1.54587e-06
 Reference value :  1.54727e-06
 Reference value :  1.54872e-06
 Reference value :  1.55003e-06
 Reference value :  1.55127e-06
 Reference value :  1.55267e-06
 Reference value :  1.55402e-06
 Reference value :  1.55532e-06
 Reference value :  1.55652e-06
 Reference value :  1.55782e-06
 Reference value :  1.55922e-06
 Reference value :  1.56032e-06
 Reference value :  1.56172e-06
 Reference value :  1.56312e-06
 Reference value :  1.56452e-06
 Reference value :  1.56587e-06
 Reference value :  1.56722e-06
 Reference value :  1.56867e-06
 Reference value :  1.57001e-06
 Reference value :  1.57127e-06
 Reference value :  1.57272e-06
 Reference value :  1.57417e-06
 Reference value :  1.57562e-06
 Reference value :  1.57702e-06
 Reference value :  1.57857e-06
 Reference value :  1.58000e-06
 Reference value :  1.58117e-06
 Reference value :  1.58257e-06
 Reference value :  1.58402e-06
 Reference value :  1.58547e-06
 Reference value :  1.58697e-06
 Reference value :  1.58842e-06
 Reference value :  1.58982e-06
 Reference value :  1.59092e-06
 Reference value :  1.59232e-06
 Reference value :  1.59372e-06
 Reference value :  1.59512e-06
 Reference value :  1.59652e-06
 Reference value :  1.59792e-06
 Reference value :  1.59932e-06
 Reference value :  1.60042e-06
 Reference value :  1.60182e-06
 Reference value :  1.60322e-06
 Reference value :  1.60462e-06
 Reference value :  1.60607e-06
 Reference value :  1.60747e-06
 Reference value :  1.60887e-06
 Reference value :  1.61016e-06
 Reference value :  1.61147e-06
 Reference value :  1.61287e-06
 Reference value :  1.61432e-06
 Reference value :  1.61572e-06
 Reference value :  1.61717e-06
 Reference value :  1.61857e-06
 Reference value :  1.62000e-06
 Reference value :  1.62122e-06
 Reference value :  1.62267e-06
 Reference value :  1.62407e-06
 Reference value :  1.62547e-06
 Reference value :  1.62687e-06
 Reference value :  1.62832e-06
 Reference value :  1.62972e-06
 Reference value :  1.63087e-06
 Reference value :  1.63232e-06
 Reference value :  1.63372e-06
 Reference value :  1.63517e-06
 Reference value :  1.63657e-06
 Reference value :  1.63802e-06
 Reference value :  1.63947e-06
 Reference value :  1.64062e-06
 Reference value :  1.64207e-06
 Reference value :  1.64352e-06
 Reference value :  1.64497e-06
 Reference value :  1.64642e-06
 Reference value :  1.64777e-06
 Reference value :  1.64922e-06
 Reference value :  1.65047e-06
 Reference value :  1.65187e-06
 Reference value :  1.65337e-06
 Reference value :  1.65477e-06
 Reference value :  1.65617e-06
 Reference value :  1.65767e-06
 Reference value :  1.65912e-06
 Reference value :  1.66032e-06
 Reference value :  1.66177e-06
 Reference value :  1.66317e-06
 Reference value :  1.66457e-06
 Reference value :  1.66597e-06
 Reference value :  1.66742e-06
 Reference value :  1.66887e-06
 Reference value :  1.67020e-06
 Reference value :  1.67157e-06
 Reference value :  1.67307e-06
 Reference value :  1.67452e-06
 Reference value :  1.67597e-06
 Reference value :  1.67747e-06
 Reference value :  1.67892e-06
 Reference value :  1.68020e-06
 Reference value :  1.68152e-06
 Reference value :  1.68297e-06
 Reference value :  1.68442e-06
 Reference value :  1.68587e-06
 Reference value :  1.68732e-06
 Reference value :  1.68877e-06
 Reference value :  1.69007e-06
 Reference value :  1.69142e-06
 Reference value :  1.69282e-06
 Reference value :  1.69432e-06
 Reference value :  1.69572e-06
 Reference value :  1.69712e-06
 Reference value :  1.69857e-06
 Reference value :  1.69996e-06
 Reference value :  1.70112e-06
 Reference value :  1.70252e-06
 Reference value :  1.70412e-06
 Reference value :  1.70557e-06
 Reference value :  1.70707e-06
 Reference value :  1.70852e-06
 Reference value :  1.70996e-06
 Reference value :  1.71117e-06
 Reference value :  1.71262e-06
 Reference value :  1.71407e-06
 Reference value :  1.71547e-06
 Reference value :  1.71692e-06
 Reference value :  1.71837e-06
 Reference value :  1.71982e-06
 Reference value :  1.72102e-06
 Reference value :  1.72247e-06
 Reference value :  1.72392e-06
 Reference value :  1.72537e-06
 Reference value :  1.72682e-06
 Reference value :  1.72827e-06
 Reference value :  1.72967e-06
 Reference value :  1.73082e-06
 Reference value :  1.73227e-06
 Reference value :  1.73377e-06
 Reference value :  1.73522e-06
 Reference value :  1.73667e-06
 Reference value :  1.73807e-06
 Reference value :  1.73937e-06
 Reference value :  1.74042e-06
 Reference value :  1.74172e-06
 Reference value :  1.74302e-06
 Reference value :  1.74432e-06
 Reference value :  1.74562e-06
 Reference value :  1.74692e-06
 Reference value :  1.74822e-06
 Reference value :  1.74952e-06
 Reference value :  1.75057e-06
 Reference value :  1.75187e-06
 Reference value :  1.75322e-06
 Reference value :  1.75452e-06
 Reference value :  1.75582e-06
 Reference value :  1.75722e-06
 Reference value :  1.75862e-06
 Reference value :  1.76001e-06
 Reference value :  1.76122e-06
 Reference value :  1.76262e-06
 Reference value :  1.76402e-06
 Reference value :  1.76542e-06
 Reference value :  1.76702e-06
 Reference value :  1.76847e-06
 Reference value :  1.76992e-06
 Reference value :  1.77112e-06
 Reference value :  1.77257e-06
 Reference value :  1.77402e-06
 Reference value :  1.77532e-06
 Reference value :  1.77662e-06
 Reference value :  1.77797e-06
 Reference value :  1.77927e-06
 Reference value :  1.78028e-06
 Reference value :  1.78157e-06
 Reference value :  1.78282e-06
 Reference value :  1.78412e-06
 Reference value :  1.78537e-06
 Reference value :  1.78657e-06
 Reference value :  1.78782e-06
 Reference value :  1.78907e-06
 Reference value :  1.79016e-06
 Reference value :  1.79132e-06
 Reference value :  1.79257e-06
 Reference value :  1.79382e-06
 Reference value :  1.79512e-06
 Reference value :  1.79642e-06
 Reference value :  1.79772e-06
 Reference value :  1.79907e-06
 Reference value :  1.80021e-06
 Reference value :  1.80142e-06
 Reference value :  1.80267e-06
 Reference value :  1.80392e-06
 Reference value :  1.80517e-06
 Reference value :  1.80642e-06
 Reference value :  1.80767e-06
 Reference value :  1.80897e-06
 Reference value :  1.81012e-06
 Reference value :  1.81132e-06
 Reference value :  1.81262e-06
 Reference value :  1.81382e-06
 Reference value :  1.81502e-06
 Reference value :  1.81627e-06
 Reference value :  1.81752e-06
 Reference value :  1.81882e-06
 Reference value :  1.82002e-06
 Reference value :  1.82117e-06
 Reference value :  1.82247e-06
 Reference value :  1.82377e-06
 Reference value :  1.82497e-06
 Reference value :  1.82627e-06
 Reference value :  1.82757e-06
 Reference value :  1.82887e-06
 Reference value :  1.83003e-06
 Reference value :  1.83117e-06
 Reference value :  1.83247e-06
 Reference value :  1.83377e-06
 Reference value :  1.83507e-06
 Reference value :  1.83637e-06
 Reference value :  1.83767e-06
 Reference value :  1.83897e-06
 Reference value :  1.84016e-06
 Reference value :  1.84137e-06
 Reference value :  1.84272e-06
 Reference value :  1.84402e-06
 Reference value :  1.84542e-06
 Reference value :  1.84677e-06
 Reference value :  1.84807e-06
 Reference value :  1.84942e-06
 Reference value :  1.85062e-06
 Reference value :  1.85207e-06
 Reference value :  1.85332e-06
 Reference value :  1.85462e-06
 Reference value :  1.85592e-06
 Reference value :  1.85722e-06
 Reference value :  1.85847e-06
 Reference value :  1.85972e-06
 Reference value :  1.86072e-06
 Reference value :  1.86197e-06
 Reference value :  1.86327e-06
 Reference value :  1.86457e-06
 Reference value :  1.86587e-06
 Reference value :  1.86717e-06
 Reference value :  1.86847e-06
 Reference value :  1.86977e-06
 Reference value :  1.87082e-06
 Reference value :  1.87212e-06
 Reference value :  1.87342e-06
 Reference value :  1.87472e-06
 Reference value :  1.87602e-06
 Reference value :  1.87732e-06
 Reference value :  1.87862e-06
 Reference value :  1.87992e-06
 Reference value :  1.88097e-06
 Reference value :  1.88242e-06
 Reference value :  1.88387e-06
 Reference value :  1.88507e-06
 Reference value :  1.88622e-06
 Reference value :  1.88757e-06
 Reference value :  1.88897e-06
 Reference value :  1.89020e-06
 Reference value :  1.89157e-06
 Reference value :  1.89292e-06
 Reference value :  1.89422e-06
 Reference value :  1.89552e-06
 Reference value :  1.89687e-06
 Reference value :  1.89832e-06
 Reference value :  1.89977e-06
 Reference value :  1.90097e-06
 Reference value :  1.90242e-06
 Reference value :  1.90387e-06
 Reference value :  1.90532e-06
 Reference value :  1.90677e-06
 Reference value :  1.90822e-06
 Reference value :  1.90962e-06
 Reference value :  1.91083e-06
 Reference value :  1.91223e-06
 Reference value :  1.91363e-06
 Reference value :  1.91503e-06
 Reference value :  1.91643e-06
 Reference value :  1.91768e-06
 Reference value :  1.91898e-06
 Reference value :  1.92007e-06
 Reference value :  1.92123e-06
 Reference value :  1.92263e-06
 Reference value :  1.92398e-06
 Reference value :  1.92543e-06
 Reference value :  1.92683e-06
 Reference value :  1.92823e-06
 Reference value :  1.92963e-06
 Reference value :  1.93078e-06
 Reference value :  1.93218e-06
 Reference value :  1.93358e-06
 Reference value :  1.93498e-06
 Reference value :  1.93638e-06
 Reference value :  1.93778e-06
 Reference value :  1.93918e-06
 Reference value :  1.94021e-06
 Reference value :  1.94138e-06
 Reference value :  1.94258e-06
 Reference value :  1.94378e-06
 Reference value :  1.94503e-06
 Reference value :  1.94628e-06
 Reference value :  1.94753e-06
 Reference value :  1.94878e-06
 Reference value :  1.95000e-06
 Reference value :  1.95108e-06
 Reference value :  1.95238e-06
 Reference value :  1.95368e-06
 Reference value :  1.95498e-06
 Reference value :  1.95628e-06
 Reference value :  1.95753e-06
 Reference value :  1.95873e-06
 Reference value :  1.95996e-06
 Reference value :  1.96098e-06
 Reference value :  1.96223e-06
 Reference value :  1.96343e-06
 Reference value :  1.96463e-06
 Reference value :  1.96588e-06
 Reference value :  1.96718e-06
 Reference value :  1.96848e-06
 Reference value :  1.96973e-06
 Reference value :  1.97073e-06
 Reference value :  1.97193e-06
 Reference value :  1.97318e-06
 Reference value :  1.97448e-06
 Reference value :  1.97573e-06
 Reference value :  1.97698e-06
 Reference value :  1.97823e-06
 Reference value :  1.97943e-06
 Reference value :  1.98043e-06
 Reference value :  1.98173e-06
 Reference value :  1.98303e-06
 Reference value :  1.98433e-06
 Reference value :  1.98563e-06
 Reference value :  1.98688e-06
 Reference value :  1.98813e-06
 Reference value :  1.98943e-06
 Reference value :  1.99048e-06
 Reference value :  1.99183e-06
 Reference value :  1.99308e-06
 Reference value :  1.99438e-06
 Reference value :  1.99568e-06
 Reference value :  1.99698e-06
 Reference value :  1.99828e-06
 Reference value :  1.99958e-06
 Reference value :  2.00058e-06
 Reference value :  2.00188e-06
 Reference value :  2.00318e-06
 Reference value :  2.00443e-06
 Reference value :  2.00573e-06
 Reference value :  2.00703e-06
 Reference value :  2.00833e-06
 Reference value :  2.00963e-06
 Reference value :  2.01068e-06
 Reference value :  2.01198e-06
 Reference value :  2.01328e-06
 Reference value :  2.01463e-06
 Reference value :  2.01583e-06
 Reference value :  2.01703e-06
 Reference value :  2.01838e-06
 Reference value :  2.01973e-06
 Reference value :  2.02078e-06
 Reference value :  2.02208e-06
 Reference value :  2.02338e-06
 Reference value :  2.02468e-06
 Reference value :  2.02598e-06
 Reference value :  2.02728e-06
 Reference value :  2.02858e-06
 Reference value :  2.02988e-06
 Reference value :  2.03083e-06
 Reference value :  2.03203e-06
 Reference value :  2.03328e-06
 Reference value :  2.03448e-06
 Reference value :  2.03568e-06
 Reference value :  2.03693e-06
 Reference value :  2.03813e-06
 Reference value :  2.03938e-06
 Reference value :  2.04037e-06
 Reference value :  2.04158e-06
 Reference value :  2.04273e-06
 Reference value :  2.04393e-06
 Reference value :  2.04513e-06
 Reference value :  2.04638e-06
 Reference value :  2.04758e-06
 Reference value :  2.04883e-06
 Reference value :  2.05000e-06
 Reference value :  2.05098e-06
 Reference value :  2.05223e-06
 Reference value :  2.05348e-06
 Reference value :  2.05478e-06
 Reference value :  2.05598e-06
 Reference value :  2.05718e-06
 Reference value :  2.05843e-06
 Reference value :  2.05963e-06
 Reference value :  2.06058e-06
 Reference value :  2.06178e-06
 Reference value :  2.06298e-06
 Reference value :  2.06423e-06
 Reference value :  2.06548e-06
 Reference value :  2.06678e-06
 Reference value :  2.06808e-06
 Reference value :  2.06933e-06
 Reference value :  2.07032e-06
 Reference value :  2.07153e-06
 Reference value :  2.07273e-06
 Reference value :  2.07398e-06
 Reference value :  2.07523e-06
 Reference value :  2.07648e-06
 Reference value :  2.07773e-06
 Reference value :  2.07898e-06
 Reference value :  2.08003e-06
 Reference value :  2.08108e-06
 Reference value :  2.08228e-06
 Reference value :  2.08348e-06
 Reference value :  2.08468e-06
 Reference value :  2.08588e-06
 Reference value :  2.08708e-06
 Reference value :  2.08833e-06
 Reference value :  2.08973e-06
 Reference value :  2.09088e-06
 Reference value :  2.09228e-06
 Reference value :  2.09368e-06
 Reference value :  2.09508e-06
 Reference value :  2.09643e-06
 Reference value :  2.09778e-06
 Reference value :  2.09918e-06
 Reference value :  2.10027e-06
 Reference value :  2.10168e-06
 Reference value :  2.10308e-06
 Reference value :  2.10453e-06
 Reference value :  2.10593e-06
 Reference value :  2.10733e-06
 Reference value :  2.10868e-06
 Reference value :  2.11001e-06
 Reference value :  2.11143e-06
 Reference value :  2.11278e-06
 Reference value :  2.11423e-06
 Reference value :  2.11563e-06
 Reference value :  2.11698e-06
 Reference value :  2.11833e-06
 Reference value :  2.11973e-06
 Reference value :  2.12088e-06
 Reference value :  2.12228e-06
 Reference value :  2.12368e-06
 Reference value :  2.12503e-06
 Reference value :  2.12643e-06
 Reference value :  2.12783e-06
 Reference value :  2.12903e-06
 Reference value :  2.13007e-06
 Reference value :  2.13118e-06
 Reference value :  2.13243e-06
 Reference value :  2.13368e-06
 Reference value :  2.13503e-06
 Reference value :  2.13643e-06
 Reference value :  2.13778e-06
 Reference value :  2.13918e-06
 Reference value :  2.14032e-06
 Reference value :  2.14173e-06
 Reference value :  2.14313e-06
 Reference value :  2.14448e-06
 Reference value :  2.14583e-06
 Reference value :  2.14723e-06
 Reference value :  2.14858e-06
 Reference value :  2.14996e-06
 Reference value :  2.15108e-06
 Reference value :  2.15248e-06
 Reference value :  2.15388e-06
 Reference value :  2.15528e-06
 Reference value :  2.15663e-06
 Reference value :  2.15793e-06
 Reference value :  2.15933e-06
 Reference value :  2.16043e-06
 Reference value :  2.16183e-06
 Reference value :  2.16318e-06
 Reference value :  2.16458e-06
 Reference value :  2.16598e-06
 Reference value :  2.16743e-06
 Reference value :  2.16893e-06
 Reference value :  2.17020e-06
 Reference value :  2.17148e-06
 Reference value :  2.17283e-06
 Reference value :  2.17418e-06
 Reference value :  2.17558e-06
 Reference value :  2.17698e-06
 Reference value :  2.17838e-06
 Reference value :  2.17978e-06
 Reference value :  2.18093e-06
 Reference value :  2.18233e-06
 Reference value :  2.18363e-06
 Reference value :  2.18493e-06
 Reference value :  2.18613e-06
 Reference value :  2.18733e-06
 Reference value :  2.18858e-06
 Reference value :  2.18983e-06
 Reference value :  2.19083e-06
 Reference value :  2.19208e-06
 Reference value :  2.19338e-06
 Reference value :  2.19468e-06
 Reference value :  2.19598e-06
 Reference value :  2.19728e-06
 Reference value :  2.19858e-06
 Reference value :  2.19983e-06
 Reference value :  2.20088e-06
 Reference value :  2.20228e-06
 Reference value :  2.20368e-06
 Reference value :  2.20518e-06
 Reference value :  2.20678e-06
 Reference value :  2.20818e-06
 Reference value :  2.20948e-06
 Reference value :  2.21053e-06
 Reference value :  2.21178e-06
 Reference value :  2.21303e-06
 Reference value :  2.21423e-06
 Reference value :  2.21543e-06
 Reference value :  2.21678e-06
 Reference value :  2.21818e-06
 Reference value :  2.21958e-06
 Reference value :  2.22078e-06
 Reference value :  2.22223e-06
 Reference value :  2.22363e-06
 Reference value :  2.22493e-06
 Reference value :  2.22623e-06
 Reference value :  2.22763e-06
 Reference value :  2.22903e-06
 Reference value :  2.23023e-06
 Reference value :  2.23168e-06
 Reference value :  2.23313e-06
 Reference value :  2.23458e-06
 Reference value :  2.23603e-06
 Reference value :  2.23748e-06
 Reference value :  2.23893e-06
 Reference value :  2.24020e-06
 Reference value :  2.24153e-06
 Reference value :  2.24298e-06
 Reference value :  2.24443e-06
 Reference value :  2.24583e-06
 Reference value :  2.24723e-06
 Reference value :  2.24863e-06
 Reference value :  2.25000e-06
 Reference value :  2.25118e-06
 Reference value :  2.25258e-06
 Reference value :  2.25383e-06
 Reference value :  2.25518e-06
 Reference value :  2.25658e-06
 Reference value :  2.25798e-06
 Reference value :  2.25938e-06
 Reference value :  2.26053e-06
 Reference value :  2.26193e-06
 Reference value :  2.26333e-06
 Reference value :  2.26473e-06
 Reference value :  2.26613e-06
 Reference value :  2.26768e-06
 Reference value :  2.26918e-06
 Reference value :  2.27048e-06
 Reference value :  2.27198e-06
 Reference value :  2.27338e-06
 Reference value :  2.27478e-06
 Reference value :  2.27613e-06
 Reference value :  2.27738e-06
 Reference value :  2.27878e-06
 Reference value :  2.28003e-06
 Reference value :  2.28133e-06
 Reference value :  2.28278e-06
 Reference value :  2.28418e-06
 Reference value :  2.28563e-06
 Reference value :  2.28703e-06
 Reference value :  2.28848e-06
 Reference value :  2.28988e-06
 Reference value :  2.29108e-06
 Reference value :  2.29248e-06
 Reference value :  2.29388e-06
 Reference value :  2.29528e-06
 Reference value :  2.29673e-06
 Reference value :  2.29813e-06
 Reference value :  2.29948e-06
 Reference value :  2.30063e-06
 Reference value :  2.30228e-06
 Reference value :  2.30373e-06
 Reference value :  2.30513e-06
 Reference value :  2.30653e-06
 Reference value :  2.30798e-06
 Reference value :  2.30938e-06
 Reference value :  2.31058e-06
 Reference value :  2.31193e-06
 Reference value :  2.31323e-06
 Reference value :  2.31448e-06
 Reference value :  2.31573e-06
 Reference value :  2.31698e-06
 Reference value :  2.31823e-06
 Reference value :  2.31948e-06
 Reference value :  2.32048e-06
 Reference value :  2.32178e-06
 Reference value :  2.32308e-06
 Reference value :  2.32433e-06
 Reference value :  2.32553e-06
 Reference value :  2.32673e-06
 Reference value :  2.32798e-06
 Reference value :  2.32933e-06
 Reference value :  2.33048e-06
 Reference value :  2.33198e-06
 Reference value :  2.33343e-06
 Reference value :  2.33488e-06
 Reference value :  2.33628e-06
 Reference value :  2.33773e-06
 Reference value :  2.33918e-06
 Reference value :  2.34032e-06
 Reference value :  2.34178e-06
 Reference value :  2.34323e-06
 Reference value :  2.34468e-06
 Reference value :  2.34613e-06
 Reference value :  2.34758e-06
 Reference value :  2.34903e-06
 Reference value :  2.35027e-06
 Reference value :  2.35173e-06
 Reference value :  2.35318e-06
 Reference value :  2.35463e-06
 Reference value :  2.35608e-06
 Reference value :  2.35748e-06
 Reference value :  2.35893e-06
 Reference value :  2.36020e-06
 Reference value :  2.36158e-06
 Reference value :  2.36293e-06
 Reference value :  2.36418e-06
 Reference value :  2.36543e-06
 Reference value :  2.36668e-06
 Reference value :  2.36793e-06
 Reference value :  2.36923e-06
 Reference value :  2.37023e-06
 Reference value :  2.37153e-06
 Reference value :  2.37283e-06
 Reference value :  2.37413e-06
 Reference value :  2.37543e-06
 Reference value :  2.37668e-06
 Reference value :  2.37788e-06
 Reference value :  2.37908e-06
 Reference value :  2.38012e-06
 Reference value :  2.38118e-06
 Reference value :  2.38238e-06
 Reference value :  2.38358e-06
 Reference value :  2.38478e-06
 Reference value :  2.38598e-06
 Reference value :  2.38723e-06
 Reference value :  2.38843e-06
 Reference value :  2.38963e-06
 Reference value :  2.39063e-06
 Reference value :  2.39188e-06
 Reference value :  2.39318e-06
 Reference value :  2.39448e-06
 Reference value :  2.39568e-06
 Reference value :  2.39688e-06
 Reference value :  2.39808e-06
 Reference value :  2.39928e-06
 Reference value :  2.40021e-06
 Reference value :  2.40138e-06
 Reference value :  2.40258e-06
 Reference value :  2.40378e-06
 Reference value :  2.40508e-06
 Reference value :  2.40648e-06
 Reference value :  2.40788e-06
 Reference value :  2.40933e-06
 Reference value :  2.41047e-06
 Reference value :  2.41193e-06
 Reference value :  2.41338e-06
 Reference value :  2.41483e-06
 Reference value :  2.41628e-06
 Reference value :  2.41773e-06
 Reference value :  2.41923e-06
 Reference value :  2.42043e-06
 Reference value :  2.42193e-06
 Reference value :  2.42338e-06
 Reference value :  2.42483e-06
 Reference value :  2.42623e-06
 Reference value :  2.42753e-06
 Reference value :  2.42888e-06
 Reference value :  2.43007e-06
 Reference value :  2.43128e-06
 Reference value :  2.43258e-06
 Reference value :  2.43388e-06
 Reference value :  2.43518e-06
 Reference value :  2.43643e-06
 Reference value :  2.43768e-06
 Reference value :  2.43893e-06
 Reference value :  2.44007e-06
 Reference value :  2.44118e-06
 Reference value :  2.44243e-06
 Reference value :  2.44373e-06
 Reference value :  2.44503e-06
 Reference value :  2.44633e-06
 Reference value :  2.44773e-06
 Reference value :  2.44918e-06
 Reference value :  2.45037e-06
 Reference value :  2.45183e-06
 Reference value :  2.45328e-06
 Reference value :  2.45473e-06
 Reference value :  2.45618e-06
 Reference value :  2.45763e-06
 Reference value :  2.45908e-06
 Reference value :  2.46024e-06
 Reference value :  2.46168e-06
 Reference value :  2.46313e-06
 Reference value :  2.46458e-06
 Reference value :  2.46603e-06
 Reference value :  2.46748e-06
 Reference value :  2.46893e-06
 Reference value :  2.47021e-06
 Reference value :  2.47158e-06
 Reference value :  2.47303e-06
 Reference value :  2.47443e-06
 Reference value :  2.47583e-06
 Reference value :  2.47718e-06
 Reference value :  2.47858e-06
 Reference value :  2.47996e-06
 Reference value :  2.48113e-06
 Reference value :  2.48253e-06
 Reference value :  2.48393e-06
 Reference value :  2.48533e-06
 Reference value :  2.48673e-06
 Reference value :  2.48813e-06
 Reference value :  2.48953e-06
 Reference value :  2.49073e-06
 Reference value :  2.49213e-06
 Reference value :  2.49353e-06
 Reference value :  2.49498e-06
 Reference value :  2.49628e-06
 Reference value :  2.49758e-06
 Reference value :  2.49888e-06
 Reference value :  2.50003e-06
 Reference value :  2.50118e-06
 Reference value :  2.50248e-06
 Reference value :  2.50378e-06
 Reference value :  2.50513e-06
 Reference value :  2.50643e-06
 Reference value :  2.50828e-06
 Reference value :  2.50978e-06
 Reference value :  2.51098e-06
 Reference value :  2.51253e-06
 Reference value :  2.51428e-06
 Reference value :  2.51613e-06
 Reference value :  2.51783e-06
 Reference value :  2.51968e-06
 Reference value :  2.52118e-06
 Reference value :  2.52303e-06
 Reference value :  2.52473e-06
 Reference value :  2.52658e-06
 Reference value :  2.52823e-06
 Reference value :  2.52993e-06
 Reference value :  2.53118e-06
 Reference value :  2.53258e-06
 Reference value :  2.53403e-06
 Reference value :  2.53543e-06
 Reference value :  2.53683e-06
 Reference value :  2.53823e-06
 Reference value :  2.53948e-06
 Reference value :  2.54048e-06
 Reference value :  2.54178e-06
 Reference value :  2.54308e-06
 Reference value :  2.54438e-06
 Reference value :  2.54568e-06
 Reference value :  2.54703e-06
 Reference value :  2.54833e-06
 Reference value :  2.54963e-06
 Reference value :  2.55068e-06
 Reference value :  2.55203e-06
 Reference value :  2.55338e-06
 Reference value :  2.55473e-06
 Reference value :  2.55608e-06
 Reference value :  2.55743e-06
 Reference value :  2.55878e-06
 Reference value :  2.56000e-06
 Reference value :  2.56108e-06
 Reference value :  2.56243e-06
 Reference value :  2.56378e-06
 Reference value :  2.56513e-06
 Reference value :  2.56643e-06
 Reference value :  2.56778e-06
 Reference value :  2.56913e-06
 Reference value :  2.57023e-06
 Reference value :  2.57153e-06
 Reference value :  2.57283e-06
 Reference value :  2.57418e-06
 Reference value :  2.57553e-06
 Reference value :  2.57688e-06
 Reference value :  2.57818e-06
 Reference value :  2.57948e-06
 Reference value :  2.58053e-06
 Reference value :  2.58183e-06
 Reference value :  2.58318e-06
 Reference value :  2.58448e-06
 Reference value :  2.58578e-06
 Reference value :  2.58708e-06
 Reference value :  2.58833e-06
 Reference value :  2.58963e-06
 Reference value :  2.59068e-06
 Reference value :  2.59198e-06
 Reference value :  2.59328e-06
 Reference value :  2.59458e-06
 Reference value :  2.59588e-06
 Reference value :  2.59718e-06
 Reference value :  2.59868e-06
 Reference value :  2.60032e-06
 Reference value :  2.60208e-06
 Reference value :  2.60363e-06
 Reference value :  2.60513e-06
 Reference value :  2.60663e-06
 Reference value :  2.60813e-06
 Reference value :  2.60963e-06
 Reference value :  2.61093e-06
 Reference value :  2.61243e-06
 Reference value :  2.61388e-06
 Reference value :  2.61563e-06
 Reference value :  2.61713e-06
 Reference value :  2.61863e-06
 Reference value :  2.62001e-06
 Reference value :  2.62128e-06
 Reference value :  2.62273e-06
 Reference value :  2.62448e-06
 Reference value :  2.62633e-06
 Reference value :  2.62783e-06
 Reference value :  2.62938e-06
 Reference value :  2.63068e-06
 Reference value :  2.63223e-06
 Reference value :  2.63378e-06
 Reference value :  2.63533e-06
 Reference value :  2.63688e-06
 Reference value :  2.63848e-06
 Reference value :  2.64000e-06
 Reference value :  2.64133e-06
 Reference value :  2.64293e-06
 Reference value :  2.64448e-06
 Reference value :  2.64603e-06
 Reference value :  2.64758e-06
 Reference value :  2.64913e-06
 Reference value :  2.65043e-06
 Reference value :  2.65203e-06
 Reference value :  2.65358e-06
 Reference value :  2.65513e-06
 Reference value :  2.65673e-06
 Reference value :  2.65828e-06
 Reference value :  2.65983e-06
 Reference value :  2.66113e-06
 Reference value :  2.66273e-06
 Reference value :  2.66428e-06
 Reference value :  2.66583e-06
 Reference value :  2.66738e-06
 Reference value :  2.66893e-06
 Reference value :  2.67023e-06
 Reference value :  2.67178e-06
 Reference value :  2.67333e-06
 Reference value :  2.67493e-06
 Reference value :  2.67648e-06
 Reference value :  2.67803e-06
 Reference value :  2.67958e-06
 Reference value :  2.68088e-06
 Reference value :  2.68238e-06
 Reference value :  2.68388e-06
 Reference value :  2.68543e-06
 Reference value :  2.68698e-06
 Reference value :  2.68853e-06
 Reference value :  2.69000e-06
 Reference value :  2.69133e-06
 Reference value :  2.69288e-06
 Reference value :  2.69448e-06
 Reference value :  2.69603e-06
 Reference value :  2.69758e-06
 Reference value :  2.69908e-06
 Reference value :  2.70037e-06
 Reference value :  2.70193e-06
 Reference value :  2.70348e-06
 Reference value :  2.70503e-06
 Reference value :  2.70658e-06
 Reference value :  2.70813e-06
 Reference value :  2.70968e-06
 Reference value :  2.71098e-06
 Reference value :  2.71253e-06
 Reference value :  2.71408e-06
 Reference value :  2.71563e-06
 Reference value :  2.71718e-06
 Reference value :  2.71873e-06
 Reference value :  2.72012e-06
 Reference value :  2.72158e-06
 Reference value :  2.72308e-06
 Reference value :  2.72463e-06
 Reference value :  2.72613e-06
 Reference value :  2.72763e-06
 Reference value :  2.72918e-06
 Reference value :  2.73048e-06
 Reference value :  2.73203e-06
 Reference value :  2.73358e-06
 Reference value :  2.73513e-06
 Reference value :  2.73668e-06
 Reference value :  2.73823e-06
 Reference value :  2.73978e-06
 Reference value :  2.74108e-06
 Reference value :  2.74263e-06
 Reference value :  2.74418e-06
 Reference value :  2.74598e-06
 Reference value :  2.74823e-06
 Reference value :  2.75021e-06
 Reference value :  2.75248e-06
 Reference value :  2.75483e-06
 Reference value :  2.75723e-06
 Reference value :  2.75958e-06
 Reference value :  2.76168e-06
 Reference value :  2.76398e-06
 Reference value :  2.76633e-06
 Reference value :  2.76868e-06
 Reference value :  2.77083e-06
 Reference value :  2.77313e-06
 Reference value :  2.77553e-06
 Reference value :  2.77778e-06
 Reference value :  2.78003e-06
 Reference value :  2.78228e-06
 Reference value :  2.78453e-06
 Reference value :  2.78693e-06
 Reference value :  2.78938e-06
 Reference value :  2.79158e-06
 Reference value :  2.79393e-06
 Reference value :  2.79628e-06
 Reference value :  2.79868e-06
 Reference value :  2.80078e-06
 Reference value :  2.80323e-06
 Reference value :  2.80563e-06
 Reference value :  2.80808e-06
 Reference value :  2.81021e-06
 Reference value :  2.81258e-06
 Reference value :  2.81508e-06
 Reference value :  2.81748e-06
 Reference value :  2.81993e-06
 Reference value :  2.82203e-06
 Reference value :  2.82433e-06
 Reference value :  2.82668e-06
 Reference value :  2.82853e-06
 Reference value :  2.82993e-06
 Reference value :  2.83103e-06
 Reference value :  2.83243e-06
 Reference value :  2.83383e-06
 Reference value :  2.83523e-06
 Reference value :  2.83663e-06
 Reference value :  2.83803e-06
 Reference value :  2.83943e-06
 Reference value :  2.84058e-06
 Reference value :  2.84198e-06
 Reference value :  2.84338e-06
 Reference value :  2.84468e-06
 Reference value :  2.84588e-06
 Reference value :  2.84713e-06
 Reference value :  2.84843e-06
 Reference value :  2.84978e-06
 Reference value :  2.85093e-06
 Reference value :  2.85228e-06
 Reference value :  2.85363e-06
 Reference value :  2.85498e-06
 Reference value :  2.85633e-06
 Reference value :  2.85768e-06
 Reference value :  2.85903e-06
 Reference value :  2.86021e-06
 Reference value :  2.86153e-06
 Reference value :  2.86288e-06
 Reference value :  2.86423e-06
 Reference value :  2.86553e-06
 Reference value :  2.86688e-06
 Reference value :  2.86823e-06
 Reference value :  2.86958e-06
 Reference value :  2.87068e-06
 Reference value :  2.87203e-06
 Reference value :  2.87338e-06
 Reference value :  2.87473e-06
 Reference value :  2.87603e-06
 Reference value :  2.87733e-06
 Reference value :  2.87863e-06
 Reference value :  2.87996e-06
 Reference value :  2.88103e-06
 Reference value :  2.88238e-06
 Reference value :  2.88373e-06
 Reference value :  2.88508e-06
 Reference value :  2.88643e-06
 Reference value :  2.88778e-06
 Reference value :  2.88913e-06
 Reference value :  2.89023e-06
 Reference value :  2.89158e-06
 Reference value :  2.89293e-06
 Reference value :  2.89428e-06
 Reference value :  2.89563e-06
 Reference value :  2.89698e-06
 Reference value :  2.89828e-06
 Reference value :  2.89963e-06
 Reference value :  2.90073e-06
 Reference value :  2.90208e-06
 Reference value :  2.90343e-06
 Reference value :  2.90478e-06
 Reference value :  2.90613e-06
 Reference value :  2.90748e-06
 Reference value :  2.90883e-06
 Reference value :  2.91003e-06
 Reference value :  2.91128e-06
 Reference value :  2.91263e-06
 Reference value :  2.91398e-06
 Reference value :  2.91538e-06
 Reference value :  2.91673e-06
 Reference value :  2.91808e-06
 Reference value :  2.91943e-06
 Reference value :  2.92048e-06
 Reference value :  2.92188e-06
 Reference value :  2.92318e-06
 Reference value :  2.92453e-06
 Reference value :  2.92588e-06
 Reference value :  2.92723e-06
 Reference value :  2.92858e-06
 Reference value :  2.92988e-06
 Reference value :  2.93098e-06
 Reference value :  2.93233e-06
 Reference value :  2.93368e-06
 Reference value :  2.93503e-06
 Reference value :  2.93638e-06
 Reference value :  2.93773e-06
 Reference value :  2.93908e-06
 Reference value :  2.94022e-06
 Reference value :  2.94153e-06
 Reference value :  2.94288e-06
 Reference value :  2.94423e-06
 Reference value :  2.94558e-06
 Reference value :  2.94693e-06
 Reference value :  2.94828e-06
 Reference value :  2.94963e-06
 Reference value :  2.95073e-06
 Reference value :  2.95208e-06
 Reference value :  2.95343e-06
 Reference value :  2.95478e-06
 Reference value :  2.95613e-06
 Reference value :  2.95743e-06
 Reference value :  2.95878e-06
 Reference value :  2.96001e-06
 Reference value :  2.96118e-06
 Reference value :  2.96253e-06
 Reference value :  2.96403e-06
 Reference value :  2.96558e-06
 Reference value :  2.96708e-06
 Reference value :  2.96858e-06
 Reference value :  2.97003e-06
 Reference value :  2.97143e-06
 Reference value :  2.97298e-06
 Reference value :  2.97448e-06
 Reference value :  2.97593e-06
 Reference value :  2.97748e-06
 Reference value :  2.97888e-06
 Reference value :  2.98022e-06
 Reference value :  2.98173e-06
 Reference value :  2.98323e-06
 Reference value :  2.98458e-06
 Reference value :  2.98598e-06
 Reference value :  2.98733e-06
 Reference value :  2.98868e-06
 Reference value :  2.99000e-06
 Reference value :  2.99118e-06
 Reference value :  2.99253e-06
 Reference value :  2.99388e-06
 Reference value :  2.99523e-06
 Reference value :  2.99663e-06
 Reference value :  2.99798e-06
 Reference value :  2.99933e-06
 Reference value :  3.00043e-06
 Reference value :  3.00178e-06
 Reference value :  3.00313e-06
 Reference value :  3.00443e-06
 Reference value :  3.00578e-06
 Reference value :  3.00713e-06
 Reference value :  3.00848e-06
 Reference value :  3.00983e-06
 Reference value :  3.01093e-06
 Reference value :  3.01228e-06
 Reference value :  3.01358e-06
 Reference value :  3.01488e-06
 Reference value :  3.01618e-06
 Reference value :  3.01758e-06
 Reference value :  3.01898e-06
 Reference value :  3.02016e-06
 Reference value :  3.02148e-06
 Reference value :  3.02283e-06
 Reference value :  3.02418e-06
 Reference value :  3.02553e-06
 Reference value :  3.02688e-06
 Reference value :  3.02823e-06
 Reference value :  3.02958e-06
 Reference value :  3.03068e-06
 Reference value :  3.03203e-06
 Reference value :  3.03338e-06
 Reference value :  3.03473e-06
 Reference value :  3.03608e-06
 Reference value :  3.03748e-06
 Reference value :  3.03883e-06
 Reference value :  3.04003e-06
 Reference value :  3.04123e-06
 Reference value :  3.04248e-06
 Reference value :  3.04373e-06
 Reference value :  3.04498e-06
 Reference value :  3.04638e-06
 Reference value :  3.04778e-06
 Reference value :  3.04913e-06
 Reference value :  3.05023e-06
 Reference value :  3.05158e-06
 Reference value :  3.05293e-06
 Reference value :  3.05428e-06
 Reference value :  3.05563e-06
 Reference value :  3.05698e-06
 Reference value :  3.05833e-06
 Reference value :  3.05968e-06
 Reference value :  3.06078e-06
 Reference value :  3.06208e-06
 Reference value :  3.06343e-06
 Reference value :  3.06478e-06
 Reference value :  3.06613e-06
 Reference value :  3.06748e-06
 Reference value :  3.06883e-06
 Reference value :  3.07007e-06
 Reference value :  3.07133e-06
 Reference value :  3.07268e-06
 Reference value :  3.07403e-06
 Reference value :  3.07538e-06
 Reference value :  3.07673e-06
 Reference value :  3.07808e-06
 Reference value :  3.07943e-06
 Reference value :  3.08053e-06
 Reference value :  3.08188e-06
 Reference value :  3.08323e-06
 Reference value :  3.08458e-06
 Reference value :  3.08593e-06
 Reference value :  3.08728e-06
 Reference value :  3.08863e-06
 Reference value :  3.08996e-06
 Reference value :  3.09103e-06
 Reference value :  3.09238e-06
 Reference value :  3.09373e-06
 Reference value :  3.09503e-06
 Reference value :  3.09638e-06
 Reference value :  3.09778e-06
 Reference value :  3.09913e-06
 Reference value :  3.10023e-06
 Reference value :  3.10163e-06
 Reference value :  3.10293e-06
 Reference value :  3.10433e-06
 Reference value :  3.10568e-06
 Reference value :  3.10703e-06
 Reference value :  3.10838e-06
 Reference value :  3.10973e-06
 Reference value :  3.11083e-06
 Reference value :  3.11218e-06
 Reference value :  3.11353e-06
 Reference value :  3.11483e-06
 Reference value :  3.11618e-06
 Reference value :  3.11743e-06
 Reference value :  3.11898e-06
 Reference value :  3.12024e-06
 Reference value :  3.12178e-06
 Reference value :  3.12333e-06
 Reference value :  3.12488e-06
 Reference value :  3.12643e-06
 Reference value :  3.12798e-06
 Reference value :  3.12953e-06
 Reference value :  3.13083e-06
 Reference value :  3.13233e-06
 Reference value :  3.13388e-06
 Reference value :  3.13543e-06
 Reference value :  3.13698e-06
 Reference value :  3.13848e-06
 Reference value :  3.14000e-06
 Reference value :  3.14128e-06
 Reference value :  3.14283e-06
 Reference value :  3.14438e-06
 Reference value :  3.14593e-06
 Reference value :  3.14743e-06
 Reference value :  3.14893e-06
 Reference value :  3.15021e-06
 Reference value :  3.15173e-06
 Reference value :  3.15323e-06
 Reference value :  3.15478e-06
 Reference value :  3.15633e-06
 Reference value :  3.15783e-06
 Reference value :  3.15938e-06
 Reference value :  3.16063e-06
 Reference value :  3.16218e-06
 Reference value :  3.16373e-06
 Reference value :  3.16528e-06
 Reference value :  3.16683e-06
 Reference value :  3.16838e-06
 Reference value :  3.16993e-06
 Reference value :  3.17123e-06
 Reference value :  3.17278e-06
 Reference value :  3.17433e-06
 Reference value :  3.17588e-06
 Reference value :  3.17743e-06
 Reference value :  3.17898e-06
 Reference value :  3.18023e-06
 Reference value :  3.18178e-06
 Reference value :  3.18333e-06
 Reference value :  3.18488e-06
 Reference value :  3.18643e-06
 Reference value :  3.18798e-06
 Reference value :  3.18953e-06
 Reference value :  3.19083e-06
 Reference value :  3.19248e-06
 Reference value :  3.19403e-06
 Reference value :  3.19558e-06
 Reference value :  3.19708e-06
 Reference value :  3.19863e-06
 Reference value :  3.20003e-06
 Reference value :  3.20143e-06
 Reference value :  3.20298e-06
 Reference value :  3.20448e-06
 Reference value :  3.20603e-06
 Reference value :  3.20758e-06
 Reference value :  3.20908e-06
 Reference value :  3.21020e-06
 Reference value :  3.21148e-06
 Reference value :  3.21278e-06
 Reference value :  3.21408e-06
 Reference value :  3.21543e-06
 Reference value :  3.21678e-06
 Reference value :  3.21808e-06
 Reference value :  3.21948e-06
 Reference value :  3.22058e-06
 Reference value :  3.22193e-06
 Reference value :  3.22328e-06
 Reference value :  3.22458e-06
 Reference value :  3.22598e-06
 Reference value :  3.22733e-06
 Reference value :  3.22868e-06
 Reference value :  3.23000e-06
 Reference value :  3.23113e-06
 Reference value :  3.23253e-06
 Reference value :  3.23388e-06
 Reference value :  3.23528e-06
 Reference value :  3.23668e-06
 Reference value :  3.23803e-06
 Reference value :  3.23943e-06
 Reference value :  3.24053e-06
 Reference value :  3.24188e-06
 Reference value :  3.24323e-06
 Reference value :  3.24458e-06
 Reference value :  3.24593e-06
 Reference value :  3.24728e-06
 Reference value :  3.24868e-06
 Reference value :  3.24996e-06
 Reference value :  3.25108e-06
 Reference value :  3.25238e-06
 Reference value :  3.25373e-06
 Reference value :  3.25508e-06
 Reference value :  3.25643e-06
 Reference value :  3.25778e-06
 Reference value :  3.25913e-06
 Reference value :  3.26024e-06
 Reference value :  3.26158e-06
 Reference value :  3.26288e-06
 Reference value :  3.26428e-06
 Reference value :  3.26568e-06
 Reference value :  3.26703e-06
 Reference value :  3.26843e-06
 Reference value :  3.26978e-06
 Reference value :  3.27093e-06
 Reference value :  3.27223e-06
 Reference value :  3.27358e-06
 Reference value :  3.27498e-06
 Reference value :  3.27638e-06
 Reference value :  3.27778e-06
 Reference value :  3.27913e-06
 Reference value :  3.28023e-06
 Reference value :  3.28158e-06
 Reference value :  3.28293e-06
 Reference value :  3.28428e-06
 Reference value :  3.28563e-06
 Reference value :  3.28703e-06
 Reference value :  3.28843e-06
 Reference value :  3.28983e-06
 Reference value :  3.29093e-06
 Reference value :  3.29228e-06
 Reference value :  3.29368e-06
 Reference value :  3.29503e-06
 Reference value :  3.29643e-06
 Reference value :  3.29783e-06
 Reference value :  3.29918e-06
 Reference value :  3.30027e-06
 Reference value :  3.30163e-06
 Reference value :  3.30298e-06
 Reference value :  3.30438e-06
 Reference value :  3.30573e-06
 Reference value :  3.30708e-06
 Reference value :  3.30843e-06
 Reference value :  3.30983e-06
 Reference value :  3.31093e-06
 Reference value :  3.31233e-06
 Reference value :  3.31368e-06
 Reference value :  3.31498e-06
 Reference value :  3.31633e-06
 Reference value :  3.31773e-06
 Reference value :  3.31913e-06
 Reference value :  3.32027e-06
 Reference value :  3.32158e-06
 Reference value :  3.32293e-06
 Reference value :  3.32428e-06
 Reference value :  3.32563e-06
 Reference value :  3.32698e-06
 Reference value :  3.32833e-06
 Reference value :  3.32968e-06
 Reference value :  3.33078e-06
 Reference value :  3.33213e-06
 Reference value :  3.33348e-06
 Reference value :  3.33488e-06
 Reference value :  3.33623e-06
 Reference value :  3.33753e-06
 Reference value :  3.33888e-06
 Reference value :  3.34012e-06
 Reference value :  3.34138e-06
 Reference value :  3.34278e-06
 Reference value :  3.34413e-06
 Reference value :  3.34548e-06
 Reference value :  3.34683e-06
 Reference value :  3.34818e-06
 Reference value :  3.34958e-06
 Reference value :  3.35073e-06
 Reference value :  3.35213e-06
 Reference value :  3.35353e-06
 Reference value :  3.35493e-06
 Reference value :  3.35633e-06
 Reference value :  3.35773e-06
 Reference value :  3.35908e-06
 Reference value :  3.36021e-06
 Reference value :  3.36153e-06
 Reference value :  3.36288e-06
 Reference value :  3.36423e-06
 Reference value :  3.36573e-06
 Reference value :  3.36728e-06
 Reference value :  3.36883e-06
 Reference value :  3.37020e-06
 Reference value :  3.37168e-06
 Reference value :  3.37323e-06
 Reference value :  3.37478e-06
 Reference value :  3.37633e-06
 Reference value :  3.37788e-06
 Reference value :  3.37943e-06
 Reference value :  3.38068e-06
 Reference value :  3.38218e-06
 Reference value :  3.38368e-06
 Reference value :  3.38523e-06
 Reference value :  3.38678e-06
 Reference value :  3.38828e-06
 Reference value :  3.38983e-06
 Reference value :  3.39113e-06
 Reference value :  3.39268e-06
 Reference value :  3.39418e-06
 Reference value :  3.39563e-06
 Reference value :  3.39713e-06
 Reference value :  3.39858e-06
 Reference value :  3.40000e-06
 Reference value :  3.40123e-06
 Reference value :  3.40273e-06
 Reference value :  3.40423e-06
 Reference value :  3.40573e-06
 Reference value :  3.40728e-06
 Reference value :  3.40883e-06
 Reference value :  3.41020e-06
 Reference value :  3.41168e-06
 Reference value :  3.41348e-06
 Reference value :  3.41538e-06
 Reference value :  3.41733e-06
 Reference value :  3.41933e-06
 Reference value :  3.42098e-06
 Reference value :  3.42298e-06
 Reference value :  3.42483e-06
 Reference value :  3.42638e-06
 Reference value :  3.42793e-06
 Reference value :  3.42948e-06
 Reference value :  3.43078e-06
 Reference value :  3.43233e-06
 Reference value :  3.43388e-06
 Reference value :  3.43543e-06
 Reference value :  3.43693e-06
 Reference value :  3.43838e-06
 Reference value :  3.44016e-06
 Reference value :  3.44153e-06
 Reference value :  3.44363e-06
 Reference value :  3.44563e-06
 Reference value :  3.44793e-06
 Reference value :  3.45003e-06
 Reference value :  3.45218e-06
 Reference value :  3.45443e-06
 Reference value :  3.45653e-06
 Reference value :  3.45883e-06
 Reference value :  3.46063e-06
 Reference value :  3.46288e-06
 Reference value :  3.46508e-06
 Reference value :  3.46718e-06
 Reference value :  3.46948e-06
 Reference value :  3.47133e-06
 Reference value :  3.47358e-06
 Reference value :  3.47583e-06
 Reference value :  3.47798e-06
 Reference value :  3.48001e-06
 Reference value :  3.48188e-06
 Reference value :  3.48398e-06
 Reference value :  3.48603e-06
 Reference value :  3.48808e-06
 Reference value :  3.49007e-06
 Reference value :  3.49203e-06
 Reference value :  3.49413e-06
 Reference value :  3.49618e-06
 Reference value :  3.49838e-06
 Reference value :  3.50012e-06
 Reference value :  3.50178e-06
 Reference value :  3.50393e-06
 Reference value :  3.50593e-06
 Reference value :  3.50808e-06
 Reference value :  3.51003e-06
 Reference value :  3.51178e-06
 Reference value :  3.51378e-06
 Reference value :  3.51588e-06
 Reference value :  3.51793e-06
 Reference value :  3.51996e-06
 Reference value :  3.52173e-06
 Reference value :  3.52378e-06
 Reference value :  3.52573e-06
 Reference value :  3.52773e-06
 Reference value :  3.52958e-06
 Reference value :  3.53133e-06
 Reference value :  3.53338e-06
 Reference value :  3.53533e-06
 Reference value :  3.53733e-06
 Reference value :  3.53933e-06
 Reference value :  3.54108e-06
 Reference value :  3.54313e-06
 Reference value :  3.54533e-06
 Reference value :  3.54753e-06
 Reference value :  3.54968e-06
 Reference value :  3.55158e-06
 Reference value :  3.55373e-06
 Reference value :  3.55598e-06
 Reference value :  3.55823e-06
 Reference value :  3.56001e-06
 Reference value :  3.56193e-06
 Reference value :  3.56388e-06
 Reference value :  3.56598e-06
 Reference value :  3.56803e-06
 Reference value :  3.56996e-06
 Reference value :  3.57168e-06
 Reference value :  3.57358e-06
 Reference value :  3.57548e-06
 Reference value :  3.57748e-06
 Reference value :  3.57943e-06
 Reference value :  3.58128e-06
 Reference value :  3.58298e-06
 Reference value :  3.58448e-06
 Reference value :  3.58603e-06
 Reference value :  3.58758e-06
 Reference value :  3.58913e-06
 Reference value :  3.59043e-06
 Reference value :  3.59198e-06
 Reference value :  3.59353e-06
 Reference value :  3.59508e-06
 Reference value :  3.59663e-06
 Reference value :  3.59818e-06
 Reference value :  3.59973e-06
 Reference value :  3.60098e-06
 Reference value :  3.60253e-06
 Reference value :  3.60403e-06
 Reference value :  3.60558e-06
 Reference value :  3.60713e-06
 Reference value :  3.60868e-06
 Reference value :  3.61007e-06
 Reference value :  3.61148e-06
 Reference value :  3.61303e-06
 Reference value :  3.61453e-06
 Reference value :  3.61603e-06
 Reference value :  3.61753e-06
 Reference value :  3.61903e-06
 Reference value :  3.62027e-06
 Reference value :  3.62178e-06
 Reference value :  3.62328e-06
 Reference value :  3.62478e-06
 Reference value :  3.62623e-06
 Reference value :  3.62773e-06
 Reference value :  3.62918e-06
 Reference value :  3.63043e-06
 Reference value :  3.63193e-06
 Reference value :  3.63343e-06
 Reference value :  3.63503e-06
 Reference value :  3.63658e-06
 Reference value :  3.63813e-06
 Reference value :  3.63963e-06
 Reference value :  3.64088e-06
 Reference value :  3.64243e-06
 Reference value :  3.64398e-06
 Reference value :  3.64553e-06
 Reference value :  3.64698e-06
 Reference value :  3.64848e-06
 Reference value :  3.65000e-06
 Reference value :  3.65133e-06
 Reference value :  3.65288e-06
 Reference value :  3.65438e-06
 Reference value :  3.65588e-06
 Reference value :  3.65738e-06
 Reference value :  3.65888e-06
 Reference value :  3.66020e-06
 Reference value :  3.66158e-06
 Reference value :  3.66313e-06
 Reference value :  3.66463e-06
 Reference value :  3.66618e-06
 Reference value :  3.66768e-06
 Reference value :  3.66918e-06
 Reference value :  3.67043e-06
 Reference value :  3.67193e-06
 Reference value :  3.67343e-06
 Reference value :  3.67493e-06
 Reference value :  3.67643e-06
 Reference value :  3.67793e-06
 Reference value :  3.67943e-06
 Reference value :  3.68073e-06
 Reference value :  3.68223e-06
 Reference value :  3.68373e-06
 Reference value :  3.68523e-06
 Reference value :  3.68708e-06
 Reference value :  3.68943e-06
 Reference value :  3.69133e-06
 Reference value :  3.69348e-06
 Reference value :  3.69558e-06
 Reference value :  3.69783e-06
 Reference value :  3.70000e-06
 Reference value :  3.70193e-06
 Reference value :  3.70408e-06
 Reference value :  3.70613e-06
 Reference value :  3.70823e-06
 Reference value :  3.71020e-06
 Reference value :  3.71213e-06
 Reference value :  3.71428e-06
 Reference value :  3.71628e-06
 Reference value :  3.71853e-06
 Reference value :  3.72058e-06
 Reference value :  3.72263e-06
 Reference value :  3.72498e-06
 Reference value :  3.72708e-06
 Reference value :  3.72938e-06
 Reference value :  3.73138e-06
 Reference value :  3.73348e-06
 Reference value :  3.73563e-06
 Reference value :  3.73763e-06
 Reference value :  3.73988e-06
 Reference value :  3.74173e-06
 Reference value :  3.74388e-06
 Reference value :  3.74613e-06
 Reference value :  3.74813e-06
 Reference value :  3.75001e-06
 Reference value :  3.75178e-06
 Reference value :  3.75383e-06
 Reference value :  3.75598e-06
 Reference value :  3.75803e-06
 Reference value :  3.76016e-06
 Reference value :  3.76218e-06
 Reference value :  3.76448e-06
 Reference value :  3.76668e-06
 Reference value :  3.76868e-06
 Reference value :  3.77053e-06
 Reference value :  3.77243e-06
 Reference value :  3.77453e-06
 Reference value :  3.77663e-06
 Reference value :  3.77873e-06
 Reference value :  3.78078e-06
 Reference value :  3.78303e-06
 Reference value :  3.78518e-06
 Reference value :  3.78738e-06
 Reference value :  3.78953e-06
 Reference value :  3.79158e-06
 Reference value :  3.79358e-06
 Reference value :  3.79593e-06
 Reference value :  3.79808e-06
 Reference value :  3.80021e-06
 Reference value :  3.80223e-06
 Reference value :  3.80418e-06
 Reference value :  3.80618e-06
 Reference value :  3.80813e-06
 Reference value :  3.81000e-06
 Reference value :  3.81198e-06
 Reference value :  3.81408e-06
 Reference value :  3.81613e-06
 Reference value :  3.81808e-06
 Reference value :  3.82002e-06
 Reference value :  3.82188e-06
 Reference value :  3.82393e-06
 Reference value :  3.82613e-06
 Reference value :  3.82813e-06
 Reference value :  3.83021e-06
 Reference value :  3.83228e-06
 Reference value :  3.83438e-06
 Reference value :  3.83668e-06
 Reference value :  3.83878e-06
 Reference value :  3.84078e-06
 Reference value :  3.84303e-06
 Reference value :  3.84488e-06
 Reference value :  3.84623e-06
 Reference value :  3.84758e-06
 Reference value :  3.84898e-06
 Reference value :  3.85020e-06
 Reference value :  3.85153e-06
 Reference value :  3.85288e-06
 Reference value :  3.85423e-06
 Reference value :  3.85568e-06
 Reference value :  3.85703e-06
 Reference value :  3.85843e-06
 Reference value :  3.85978e-06
 Reference value :  3.86088e-06
 Reference value :  3.86213e-06
 Reference value :  3.86348e-06
 Reference value :  3.86488e-06
 Reference value :  3.86628e-06
 Reference value :  3.86768e-06
 Reference value :  3.86908e-06
 Reference value :  3.87024e-06
 Reference value :  3.87163e-06
 Reference value :  3.87303e-06
 Reference value :  3.87443e-06
 Reference value :  3.87583e-06
 Reference value :  3.87718e-06
 Reference value :  3.87858e-06
 Reference value :  3.87993e-06
 Reference value :  3.88103e-06
 Reference value :  3.88238e-06
 Reference value :  3.88378e-06
 Reference value :  3.88518e-06
 Reference value :  3.88658e-06
 Reference value :  3.88798e-06
 Reference value :  3.88938e-06
 Reference value :  3.89053e-06
 Reference value :  3.89188e-06
 Reference value :  3.89328e-06
 Reference value :  3.89468e-06
 Reference value :  3.89603e-06
 Reference value :  3.89743e-06
 Reference value :  3.89878e-06
 Reference value :  3.90003e-06
 Reference value :  3.90128e-06
 Reference value :  3.90263e-06
 Reference value :  3.90398e-06
 Reference value :  3.90528e-06
 Reference value :  3.90663e-06
 Reference value :  3.90798e-06
 Reference value :  3.90933e-06
 Reference value :  3.91043e-06
 Reference value :  3.91178e-06
 Reference value :  3.91313e-06
 Reference value :  3.91448e-06
 Reference value :  3.91578e-06
 Reference value :  3.91713e-06
 Reference value :  3.91848e-06
 Reference value :  3.91978e-06
 Reference value :  3.92083e-06
 Reference value :  3.92218e-06
 Reference value :  3.92353e-06
 Reference value :  3.92543e-06
 Reference value :  3.92743e-06
 Reference value :  3.92938e-06
 Reference value :  3.93113e-06
 Reference value :  3.93318e-06
 Reference value :  3.93523e-06
 Reference value :  3.93728e-06
 Reference value :  3.93928e-06
 Reference value :  3.94113e-06
 Reference value :  3.94323e-06
 Reference value :  3.94533e-06
 Reference value :  3.94743e-06
 Reference value :  3.94903e-06
 Reference value :  3.95028e-06
 Reference value :  3.95178e-06
 Reference value :  3.95328e-06
 Reference value :  3.95483e-06
 Reference value :  3.95638e-06
 Reference value :  3.95793e-06
 Reference value :  3.95948e-06
 Reference value :  3.96073e-06
 Reference value :  3.96228e-06
 Reference value :  3.96383e-06
 Reference value :  3.96538e-06
 Reference value :  3.96723e-06
 Reference value :  3.96938e-06
 Reference value :  3.97113e-06
 Reference value :  3.97318e-06
 Reference value :  3.97528e-06
 Reference value :  3.97723e-06
 Reference value :  3.97923e-06
 Reference value :  3.98098e-06
 Reference value :  3.98303e-06
 Reference value :  3.98508e-06
 Reference value :  3.98718e-06
 Reference value :  3.98923e-06
 Reference value :  3.99103e-06
 Reference value :  3.99303e-06
 Reference value :  3.99498e-06
 Reference value :  3.99693e-06
 Reference value :  3.99888e-06
 Reference value :  4.00053e-06
 Reference value :  4.00258e-06
 Reference value :  4.00463e-06
 Reference value :  4.00668e-06
 Reference value :  4.00873e-06
 Reference value :  4.01043e-06
 Reference value :  4.01228e-06
 Reference value :  4.01383e-06
 Reference value :  4.01538e-06
 Reference value :  4.01693e-06
 Reference value :  4.01848e-06
 Reference value :  4.02000e-06
 Reference value :  4.02153e-06
 Reference value :  4.02373e-06
 Reference value :  4.02573e-06
 Reference value :  4.02768e-06
 Reference value :  4.02983e-06
 Reference value :  4.03123e-06
 Reference value :  4.03278e-06
 Reference value :  4.03448e-06
 Reference value :  4.03668e-06
 Reference value :  4.03898e-06
 Reference value :  4.04083e-06
 Reference value :  4.04273e-06
 Reference value :  4.04478e-06
 Reference value :  4.04683e-06
 Reference value :  4.04893e-06
 Reference value :  4.05078e-06
 Reference value :  4.05308e-06
 Reference value :  4.05518e-06
 Reference value :  4.05733e-06
 Reference value :  4.05928e-06
 Reference value :  4.06093e-06
 Reference value :  4.06298e-06
 Reference value :  4.06493e-06
 Reference value :  4.06703e-06
 Reference value :  4.06923e-06
 Reference value :  4.07103e-06
 Reference value :  4.07328e-06
 Reference value :  4.07528e-06
 Reference value :  4.07758e-06
 Reference value :  4.07978e-06
 Reference value :  4.08173e-06
 Reference value :  4.08383e-06
 Reference value :  4.08593e-06
 Reference value :  4.08818e-06
 Reference value :  4.09016e-06
 Reference value :  4.09208e-06
 Reference value :  4.09433e-06
 Reference value :  4.09628e-06
 Reference value :  4.09843e-06
 Reference value :  4.10023e-06
 Reference value :  4.10228e-06
 Reference value :  4.10443e-06
 Reference value :  4.10633e-06
 Reference value :  4.10833e-06
 Reference value :  4.11007e-06
 Reference value :  4.11193e-06
 Reference value :  4.11388e-06
 Reference value :  4.11578e-06
 Reference value :  4.11773e-06
 Reference value :  4.11968e-06
 Reference value :  4.12138e-06
 Reference value :  4.12343e-06
 Reference value :  4.12543e-06
 Reference value :  4.12748e-06
 Reference value :  4.12953e-06
 Reference value :  4.13143e-06
 Reference value :  4.13363e-06
 Reference value :  4.13593e-06
 Reference value :  4.13818e-06
 Reference value :  4.14020e-06
 Reference value :  4.14233e-06
 Reference value :  4.14448e-06
 Reference value :  4.14683e-06
 Reference value :  4.14918e-06
 Reference value :  4.15108e-06
 Reference value :  4.15333e-06
 Reference value :  4.15553e-06
 Reference value :  4.15788e-06
 Reference value :  4.16001e-06
 Reference value :  4.16178e-06
 Reference value :  4.16383e-06
 Reference value :  4.16578e-06
 Reference value :  4.16768e-06
 Reference value :  4.16953e-06
 Reference value :  4.17128e-06
 Reference value :  4.17348e-06
 Reference value :  4.17513e-06
 Reference value :  4.17668e-06
 Reference value :  4.17823e-06
 Reference value :  4.17978e-06
 Reference value :  4.18103e-06
 Reference value :  4.18253e-06
 Reference value :  4.18408e-06
 Reference value :  4.18563e-06
 Reference value :  4.18718e-06
 Reference value :  4.18873e-06
 Reference value :  4.19012e-06
 Reference value :  4.19158e-06
 Reference value :  4.19308e-06
 Reference value :  4.19463e-06
 Reference value :  4.19618e-06
 Reference value :  4.19773e-06
 Reference value :  4.19983e-06
 Reference value :  4.20158e-06
 Reference value :  4.20378e-06
 Reference value :  4.20583e-06
 Reference value :  4.20778e-06
 Reference value :  4.20933e-06
 Reference value :  4.21063e-06
 Reference value :  4.21218e-06
 Reference value :  4.21373e-06
 Reference value :  4.21528e-06
 Reference value :  4.21683e-06
 Reference value :  4.21838e-06
 Reference value :  4.21978e-06
 Reference value :  4.22088e-06
 Reference value :  4.22228e-06
 Reference value :  4.22368e-06
 Reference value :  4.22503e-06
 Reference value :  4.22643e-06
 Reference value :  4.22778e-06
 Reference value :  4.22918e-06
 Reference value :  4.23028e-06
 Reference value :  4.23168e-06
 Reference value :  4.23303e-06
 Reference value :  4.23433e-06
 Reference value :  4.23568e-06
 Reference value :  4.23708e-06
 Reference value :  4.23848e-06
 Reference value :  4.23988e-06
 Reference value :  4.24098e-06
 Reference value :  4.24238e-06
 Reference value :  4.24378e-06
 Reference value :  4.24518e-06
 Reference value :  4.24658e-06
 Reference value :  4.24793e-06
 Reference value :  4.24933e-06
 Reference value :  4.25043e-06
 Reference value :  4.25183e-06
 Reference value :  4.25318e-06
 Reference value :  4.25458e-06
 Reference value :  4.25598e-06
 Reference value :  4.25733e-06
 Reference value :  4.25873e-06
 Reference value :  4.26002e-06
 Reference value :  4.26123e-06
 Reference value :  4.26263e-06
 Reference value :  4.26403e-06
 Reference value :  4.26543e-06
 Reference value :  4.26678e-06
 Reference value :  4.26818e-06
 Reference value :  4.26958e-06
 Reference value :  4.27073e-06
 Reference value :  4.27213e-06
 Reference value :  4.27353e-06
 Reference value :  4.27493e-06
 Reference value :  4.27628e-06
 Reference value :  4.27768e-06
 Reference value :  4.27903e-06
 Reference value :  4.28020e-06
 Reference value :  4.28148e-06
 Reference value :  4.28288e-06
 Reference value :  4.28428e-06
 Reference value :  4.28563e-06
 Reference value :  4.28703e-06
 Reference value :  4.28843e-06
 Reference value :  4.28978e-06
 Reference value :  4.29093e-06
 Reference value :  4.29233e-06
 Reference value :  4.29373e-06
 Reference value :  4.29513e-06
 Reference value :  4.29648e-06
 Reference value :  4.29788e-06
 Reference value :  4.29928e-06
 Reference value :  4.30038e-06
 Reference value :  4.30178e-06
 Reference value :  4.30308e-06
 Reference value :  4.30448e-06
 Reference value :  4.30583e-06
 Reference value :  4.30723e-06
 Reference value :  4.30863e-06
 Reference value :  4.31002e-06
 Reference value :  4.31138e-06
 Reference value :  4.31283e-06
 Reference value :  4.31413e-06
 Reference value :  4.31543e-06
 Reference value :  4.31673e-06
 Reference value :  4.31808e-06
 Reference value :  4.31943e-06
 Reference value :  4.32048e-06
 Reference value :  4.32173e-06
 Reference value :  4.32308e-06
 Reference value :  4.32438e-06
 Reference value :  4.32568e-06
 Reference value :  4.32698e-06
 Reference value :  4.32828e-06
 Reference value :  4.32958e-06
 Reference value :  4.33063e-06
 Reference value :  4.33198e-06
 Reference value :  4.33333e-06
 Reference value :  4.33468e-06
 Reference value :  4.33608e-06
 Reference value :  4.33743e-06
 Reference value :  4.33883e-06
 Reference value :  4.34008e-06
 Reference value :  4.34133e-06
 Reference value :  4.34268e-06
 Reference value :  4.34403e-06
 Reference value :  4.34543e-06
 Reference value :  4.34678e-06
 Reference value :  4.34818e-06
 Reference value :  4.34953e-06
 Reference value :  4.35063e-06
 Reference value :  4.35203e-06
 Reference value :  4.35343e-06
 Reference value :  4.35478e-06
 Reference value :  4.35618e-06
 Reference value :  4.35753e-06
 Reference value :  4.35888e-06
 Reference value :  4.36013e-06
 Reference value :  4.36133e-06
 Reference value :  4.36263e-06
 Reference value :  4.36398e-06
 Reference value :  4.36538e-06
 Reference value :  4.36673e-06
 Reference value :  4.36813e-06
 Reference value :  4.36948e-06
 Reference value :  4.37063e-06
 Reference value :  4.37198e-06
 Reference value :  4.37333e-06
 Reference value :  4.37458e-06
 Reference value :  4.37588e-06
 Reference value :  4.37718e-06
 Reference value :  4.37853e-06
 Reference value :  4.37983e-06
 Reference value :  4.38093e-06
 Reference value :  4.38228e-06
 Reference value :  4.38368e-06
 Reference value :  4.38508e-06
 Reference value :  4.38643e-06
 Reference value :  4.38778e-06
 Reference value :  4.38913e-06
 Reference value :  4.39028e-06
 Reference value :  4.39168e-06
 Reference value :  4.39308e-06
 Reference value :  4.39448e-06
 Reference value :  4.39583e-06
 Reference value :  4.39723e-06
 Reference value :  4.39858e-06
 Reference value :  4.39996e-06
 Reference value :  4.40113e-06
 Reference value :  4.40253e-06
 Reference value :  4.40393e-06
 Reference value :  4.40528e-06
 Reference value :  4.40668e-06
 Reference value :  4.40808e-06
 Reference value :  4.40948e-06
 Reference value :  4.41063e-06
 Reference value :  4.41198e-06
 Reference value :  4.41338e-06
 Reference value :  4.41473e-06
 Reference value :  4.41608e-06
 Reference value :  4.41748e-06
 Reference value :  4.41883e-06
 Reference value :  4.42008e-06
 Reference value :  4.42133e-06
 Reference value :  4.42273e-06
 Reference value :  4.42408e-06
 Reference value :  4.42548e-06
 Reference value :  4.42688e-06
 Reference value :  4.42823e-06
 Reference value :  4.42958e-06
 Reference value :  4.43068e-06
 Reference value :  4.43203e-06
 Reference value :  4.43338e-06
 Reference value :  4.43473e-06
 Reference value :  4.43613e-06
 Reference value :  4.43748e-06
 Reference value :  4.43883e-06
 Reference value :  4.44002e-06
 Reference value :  4.44123e-06
 Reference value :  4.44258e-06
 Reference value :  4.44398e-06
 Reference value :  4.44538e-06
 Reference value :  4.44673e-06
 Reference value :  4.44803e-06
 Reference value :  4.44928e-06
 Reference value :  4.45024e-06
 Reference value :  4.45148e-06
 Reference value :  4.45278e-06
 Reference value :  4.45413e-06
 Reference value :  4.45548e-06
 Reference value :  4.45683e-06
 Reference value :  4.45823e-06
 Reference value :  4.45963e-06
 Reference value :  4.46073e-06
 Reference value :  4.46208e-06
 Reference value :  4.46343e-06
 Reference value :  4.46483e-06
 Reference value :  4.46618e-06
 Reference value :  4.46753e-06
 Reference value :  4.46893e-06
 Reference value :  4.47008e-06
 Reference value :  4.47133e-06
 Reference value :  4.47273e-06
 Reference value :  4.47408e-06
 Reference value :  4.47548e-06
 Reference value :  4.47683e-06
 Reference value :  4.47818e-06
 Reference value :  4.47958e-06
 Reference value :  4.48068e-06
 Reference value :  4.48203e-06
 Reference value :  4.48338e-06
 Reference value :  4.48473e-06
 Reference value :  4.48613e-06
 Reference value :  4.48753e-06
 Reference value :  4.48893e-06
 Reference value :  4.49016e-06
 Reference value :  4.49148e-06
 Reference value :  4.49283e-06
 Reference value :  4.49418e-06
 Reference value :  4.49553e-06
 Reference value :  4.49688e-06
 Reference value :  4.49823e-06
 Reference value :  4.49958e-06
 Reference value :  4.50068e-06
 Reference value :  4.50203e-06
 Reference value :  4.50343e-06
 Reference value :  4.50483e-06
 Reference value :  4.50623e-06
 Reference value :  4.50763e-06
 Reference value :  4.50898e-06
 Reference value :  4.51020e-06
 Reference value :  4.51148e-06
 Reference value :  4.51288e-06
 Reference value :  4.51428e-06
 Reference value :  4.51568e-06
 Reference value :  4.51703e-06
 Reference value :  4.51838e-06
 Reference value :  4.51978e-06
 Reference value :  4.52088e-06
 Reference value :  4.52218e-06
 Reference value :  4.52348e-06
 Reference value :  4.52473e-06
 Reference value :  4.52608e-06
 Reference value :  4.52743e-06
 Reference value :  4.52878e-06
 Reference value :  4.53002e-06
 Reference value :  4.53118e-06
 Reference value :  4.53243e-06
 Reference value :  4.53363e-06
 Reference value :  4.53488e-06
 Reference value :  4.53613e-06
 Reference value :  4.53738e-06
 Reference value :  4.53863e-06
 Reference value :  4.53993e-06
 Reference value :  4.54093e-06
 Reference value :  4.54218e-06
 Reference value :  4.54343e-06
 Reference value :  4.54473e-06
 Reference value :  4.54598e-06
 Reference value :  4.54733e-06
 Reference value :  4.54863e-06
 Reference value :  4.54993e-06
 Reference value :  4.55103e-06
 Reference value :  4.55238e-06
 Reference value :  4.55373e-06
 Reference value :  4.55508e-06
 Reference value :  4.55643e-06
 Reference value :  4.55778e-06
 Reference value :  4.55913e-06
 Reference value :  4.56023e-06
 Reference value :  4.56158e-06
 Reference value :  4.56293e-06
 Reference value :  4.56428e-06
 Reference value :  4.56563e-06
 Reference value :  4.56698e-06
 Reference value :  4.56833e-06
 Reference value :  4.56963e-06
 Reference value :  4.57073e-06
 Reference value :  4.57208e-06
 Reference value :  4.57343e-06
 Reference value :  4.57483e-06
 Reference value :  4.57618e-06
 Reference value :  4.57753e-06
 Reference value :  4.57888e-06
 Reference value :  4.58008e-06
 Reference value :  4.58133e-06
 Reference value :  4.58268e-06
 Reference value :  4.58403e-06
 Reference value :  4.58538e-06
 Reference value :  4.58673e-06
 Reference value :  4.58808e-06
 Reference value :  4.58943e-06
 Reference value :  4.59048e-06
 Reference value :  4.59183e-06
 Reference value :  4.59318e-06
 Reference value :  4.59453e-06
 Reference value :  4.59588e-06
 Reference value :  4.59723e-06
 Reference value :  4.59858e-06
 Reference value :  4.59993e-06
 Reference value :  4.60103e-06
 Reference value :  4.60238e-06
 Reference value :  4.60378e-06
 Reference value :  4.60518e-06
 Reference value :  4.60653e-06
 Reference value :  4.60788e-06
 Reference value :  4.60923e-06
 Reference value :  4.61033e-06
 Reference value :  4.61168e-06
 Reference value :  4.61303e-06
 Reference value :  4.61438e-06
 Reference value :  4.61573e-06
 Reference value :  4.61708e-06
 Reference value :  4.61843e-06
 Reference value :  4.61978e-06
 Reference value :  4.62088e-06
 Reference value :  4.62223e-06
 Reference value :  4.62358e-06
 Reference value :  4.62488e-06
 Reference value :  4.62618e-06
 Reference value :  4.62748e-06
 Reference value :  4.62878e-06
 Reference value :  4.63003e-06
 Reference value :  4.63128e-06
 Reference value :  4.63263e-06
 Reference value :  4.63398e-06
 Reference value :  4.63528e-06
 Reference value :  4.63663e-06
 Reference value :  4.63798e-06
 Reference value :  4.63933e-06
 Reference value :  4.64043e-06
 Reference value :  4.64178e-06
 Reference value :  4.64313e-06
 Reference value :  4.64448e-06
 Reference value :  4.64583e-06
 Reference value :  4.64718e-06
 Reference value :  4.64848e-06
 Reference value :  4.64978e-06
 Reference value :  4.65088e-06
 Reference value :  4.65218e-06
 Reference value :  4.65348e-06
 Reference value :  4.65483e-06
 Reference value :  4.65618e-06
 Reference value :  4.65748e-06
 Reference value :  4.65878e-06
 Reference value :  4.66002e-06
 Reference value :  4.66118e-06
 Reference value :  4.66253e-06
 Reference value :  4.66383e-06
 Reference value :  4.66513e-06
 Reference value :  4.66643e-06
 Reference value :  4.66773e-06
 Reference value :  4.66908e-06
 Reference value :  4.67021e-06
 Reference value :  4.67153e-06
 Reference value :  4.67288e-06
 Reference value :  4.67423e-06
 Reference value :  4.67558e-06
 Reference value :  4.67693e-06
 Reference value :  4.67828e-06
 Reference value :  4.67963e-06
 Reference value :  4.68078e-06
 Reference value :  4.68213e-06
 Reference value :  4.68348e-06
 Reference value :  4.68483e-06
 Reference value :  4.68623e-06
 Reference value :  4.68763e-06
 Reference value :  4.68898e-06
 Reference value :  4.69016e-06
 Reference value :  4.69138e-06
 Reference value :  4.69273e-06
 Reference value :  4.69453e-06
 Reference value :  4.69643e-06
 Reference value :  4.69858e-06
 Reference value :  4.70042e-06
 Reference value :  4.70238e-06
 Reference value :  4.70448e-06
 Reference value :  4.70643e-06
 Reference value :  4.70818e-06
 Reference value :  4.70973e-06
 Reference value :  4.71103e-06
 Reference value :  4.71258e-06
 Reference value :  4.71413e-06
 Reference value :  4.71568e-06
 Reference value :  4.71723e-06
 Reference value :  4.71873e-06
 Reference value :  4.72023e-06
 Reference value :  4.72173e-06
 Reference value :  4.72318e-06
 Reference value :  4.72473e-06
 Reference value :  4.72628e-06
 Reference value :  4.72778e-06
 Reference value :  4.72928e-06
 Reference value :  4.73053e-06
 Reference value :  4.73208e-06
 Reference value :  4.73363e-06
 Reference value :  4.73538e-06
 Reference value :  4.73693e-06
 Reference value :  4.73848e-06
 Reference value :  4.74000e-06
 Reference value :  4.74173e-06
 Reference value :  4.74378e-06
 Reference value :  4.74578e-06
 Reference value :  4.74783e-06
 Reference value :  4.74983e-06
 Reference value :  4.75163e-06
 Reference value :  4.75353e-06
 Reference value :  4.75528e-06
 Reference value :  4.75728e-06
 Reference value :  4.75928e-06
 Reference value :  4.76083e-06
 Reference value :  4.76233e-06
 Reference value :  4.76383e-06
 Reference value :  4.76528e-06
 Reference value :  4.76713e-06
 Reference value :  4.76913e-06
 Reference value :  4.77093e-06
 Reference value :  4.77308e-06
 Reference value :  4.77503e-06
 Reference value :  4.77718e-06
 Reference value :  4.77923e-06
 Reference value :  4.78088e-06
 Reference value :  4.78288e-06
 Reference value :  4.78478e-06
 Reference value :  4.78673e-06
 Reference value :  4.78888e-06
 Reference value :  4.79073e-06
 Reference value :  4.79283e-06
 Reference value :  4.79473e-06
 Reference value :  4.79693e-06
 Reference value :  4.79893e-06
 Reference value :  4.80093e-06
 Reference value :  4.80318e-06
 Reference value :  4.80528e-06
 Reference value :  4.80713e-06
 Reference value :  4.80863e-06
 Reference value :  4.81003e-06
 Reference value :  4.81143e-06
 Reference value :  4.81298e-06
 Reference value :  4.81448e-06
 Reference value :  4.81663e-06
 Reference value :  4.81828e-06
 Reference value :  4.81978e-06
 Reference value :  4.82108e-06
 Reference value :  4.82258e-06
 Reference value :  4.82413e-06
 Reference value :  4.82568e-06
 Reference value :  4.82723e-06
 Reference value :  4.82878e-06
 Reference value :  4.83016e-06
 Reference value :  4.83158e-06
 Reference value :  4.83308e-06
 Reference value :  4.83458e-06
 Reference value :  4.83608e-06
 Reference value :  4.83758e-06
 Reference value :  4.83908e-06
 Reference value :  4.84033e-06
 Reference value :  4.84188e-06
 Reference value :  4.84343e-06
 Reference value :  4.84498e-06
 Reference value :  4.84648e-06
 Reference value :  4.84803e-06
 Reference value :  4.84958e-06
 Reference value :  4.85088e-06
 Reference value :  4.85253e-06
 Reference value :  4.85408e-06
 Reference value :  4.85563e-06
 Reference value :  4.85708e-06
 Reference value :  4.85863e-06
 Reference value :  4.86003e-06
 Reference value :  4.86138e-06
 Reference value :  4.86288e-06
 Reference value :  4.86438e-06
 Reference value :  4.86588e-06
 Reference value :  4.86738e-06
 Reference value :  4.86888e-06
 Reference value :  4.87020e-06
 Reference value :  4.87163e-06
 Reference value :  4.87313e-06
 Reference value :  4.87463e-06
 Reference value :  4.87613e-06
 Reference value :  4.87763e-06
 Reference value :  4.87913e-06
 Reference value :  4.88042e-06
 Reference value :  4.88198e-06
 Reference value :  4.88353e-06
 Reference value :  4.88508e-06
 Reference value :  4.88663e-06
 Reference value :  4.88818e-06
 Reference value :  4.88968e-06
 Reference value :  4.89088e-06
 Reference value :  4.89233e-06
 Reference value :  4.89378e-06
 Reference value :  4.89528e-06
 Reference value :  4.89673e-06
 Reference value :  4.89818e-06
 Reference value :  4.89963e-06
 Reference value :  4.90083e-06
 Reference value :  4.90233e-06
 Reference value :  4.90383e-06
 Reference value :  4.90533e-06
 Reference value :  4.90688e-06
 Reference value :  4.90838e-06
 Reference value :  4.90988e-06
 Reference value :  4.91148e-06
 Reference value :  4.91338e-06
 Reference value :  4.91523e-06
 Reference value :  4.91733e-06
 Reference value :  4.91938e-06
 Reference value :  4.92108e-06
 Reference value :  4.92308e-06
 Reference value :  4.92503e-06
 Reference value :  4.92698e-06
 Reference value :  4.92888e-06
 Reference value :  4.93048e-06
 Reference value :  4.93233e-06
 Reference value :  4.93438e-06
 Reference value :  4.93648e-06
 Reference value :  4.93843e-06
 Reference value :  4.94027e-06
 Reference value :  4.94233e-06
 Reference value :  4.94458e-06
 Reference value :  4.94678e-06
 Reference value :  4.94888e-06
 Reference value :  4.95093e-06
 Reference value :  4.95293e-06
 Reference value :  4.95508e-06
 Reference value :  4.95723e-06
 Reference value :  4.95908e-06
 Reference value :  4.96108e-06
 Reference value :  4.96328e-06
 Reference value :  4.96518e-06
 Reference value :  4.96708e-06
 Reference value :  4.96863e-06
 Reference value :  4.97003e-06
 Reference value :  4.97143e-06
 Reference value :  4.97298e-06
 Reference value :  4.97443e-06
 Reference value :  4.97593e-06
 Reference value :  4.97743e-06
 Reference value :  4.97893e-06
 Reference value :  4.98021e-06
 Reference value :  4.98168e-06
 Reference value :  4.98323e-06
 Reference value :  4.98478e-06
 Reference value :  4.98633e-06
 Reference value :  4.98788e-06
 Reference value :  4.98943e-06
 Reference value :  4.99073e-06
 Reference value :  4.99223e-06
 Reference value :  4.99368e-06
 Reference value :  4.99513e-06
 Reference value :  4.99658e-06
 Reference value :  4.99808e-06
 Reference value :  4.99958e-06
 Reference value :  5.00078e-06
 Reference value :  5.00238e-06
 Reference value :  5.00408e-06
 Reference value :  5.00583e-06
 Reference value :  5.00783e-06
 Reference value :  5.00973e-06
 Reference value :  5.01138e-06
 Reference value :  5.01338e-06
 Reference value :  5.01508e-06
 Reference value :  5.01673e-06
 Reference value :  5.01848e-06
 Reference value :  5.02016e-06
 Reference value :  5.02208e-06
 Reference value :  5.02353e-06
 Reference value :  5.02508e-06
 Reference value :  5.02663e-06
 Reference value :  5.02813e-06
 Reference value :  5.02963e-06
 Reference value :  5.03088e-06
 Reference value :  5.03243e-06
 Reference value :  5.03398e-06
 Reference value :  5.03548e-06
 Reference value :  5.03698e-06
 Reference value :  5.03848e-06
 Reference value :  5.04008e-06
 Reference value :  5.04198e-06
 Reference value :  5.04403e-06
 Reference value :  5.04613e-06
 Reference value :  5.04818e-06
 Reference value :  5.05013e-06
 Reference value :  5.05203e-06
 Reference value :  5.05428e-06
 Reference value :  5.05633e-06
 Reference value :  5.05828e-06
 Reference value :  5.06021e-06
 Reference value :  5.06218e-06
 Reference value :  5.06423e-06
 Reference value :  5.06628e-06
 Reference value :  5.06843e-06
 Reference value :  5.07043e-06
 Reference value :  5.07253e-06
 Reference value :  5.07468e-06
 Reference value :  5.07678e-06
 Reference value :  5.07868e-06
 Reference value :  5.08038e-06
 Reference value :  5.08238e-06
 Reference value :  5.08443e-06
 Reference value :  5.08648e-06
 Reference value :  5.08838e-06
 Reference value :  5.09028e-06
 Reference value :  5.09238e-06
 Reference value :  5.09463e-06
 Reference value :  5.09658e-06
 Reference value :  5.09883e-06
 Reference value :  5.10083e-06
 Reference value :  5.10308e-06
 Reference value :  5.10523e-06
 Reference value :  5.10718e-06
 Reference value :  5.10928e-06
 Reference value :  5.11113e-06
 Reference value :  5.11268e-06
 Reference value :  5.11423e-06
 Reference value :  5.11573e-06
 Reference value :  5.11718e-06
 Reference value :  5.11868e-06
 Reference value :  5.12004e-06
 Reference value :  5.12138e-06
 Reference value :  5.12288e-06
 Reference value :  5.12438e-06
 Reference value :  5.12593e-06
 Reference value :  5.12748e-06
 Reference value :  5.12908e-06
 Reference value :  5.13024e-06
 Reference value :  5.13163e-06
 Reference value :  5.13293e-06
 Reference value :  5.13428e-06
 Reference value :  5.13563e-06
 Reference value :  5.13698e-06
 Reference value :  5.13833e-06
 Reference value :  5.13968e-06
 Reference value :  5.14078e-06
 Reference value :  5.14218e-06
 Reference value :  5.14353e-06
 Reference value :  5.14488e-06
 Reference value :  5.14623e-06
 Reference value :  5.14758e-06
 Reference value :  5.14893e-06
 Reference value :  5.15007e-06
 Reference value :  5.15128e-06
 Reference value :  5.15263e-06
 Reference value :  5.15393e-06
 Reference value :  5.15523e-06
 Reference value :  5.15658e-06
 Reference value :  5.15788e-06
 Reference value :  5.15923e-06
 Reference value :  5.16027e-06
 Reference value :  5.16163e-06
 Reference value :  5.16298e-06
 Reference value :  5.16433e-06
 Reference value :  5.16568e-06
 Reference value :  5.16703e-06
 Reference value :  5.16838e-06
 Reference value :  5.16973e-06
 Reference value :  5.17083e-06
 Reference value :  5.17218e-06
 Reference value :  5.17353e-06
 Reference value :  5.17488e-06
 Reference value :  5.17623e-06
 Reference value :  5.17758e-06
 Reference value :  5.17893e-06
 Reference value :  5.18003e-06
 Reference value :  5.18123e-06
 Reference value :  5.18258e-06
 Reference value :  5.18393e-06
 Reference value :  5.18523e-06
 Reference value :  5.18658e-06
 Reference value :  5.18793e-06
 Reference value :  5.18928e-06
 Reference value :  5.19038e-06
 Reference value :  5.19173e-06
 Reference value :  5.19308e-06
 Reference value :  5.19443e-06
 Reference value :  5.19578e-06
 Reference value :  5.19713e-06
 Reference value :  5.19848e-06
 Reference value :  5.19983e-06
 Reference value :  5.20093e-06
 Reference value :  5.20223e-06
 Reference value :  5.20358e-06
 Reference value :  5.20493e-06
 Reference value :  5.20623e-06
 Reference value :  5.20758e-06
 Reference value :  5.20888e-06
 Reference value :  5.21013e-06
 Reference value :  5.21138e-06
 Reference value :  5.21273e-06
 Reference value :  5.21408e-06
 Reference value :  5.21543e-06
 Reference value :  5.21678e-06
 Reference value :  5.21808e-06
 Reference value :  5.21938e-06
 Reference value :  5.22043e-06
 Reference value :  5.22178e-06
 Reference value :  5.22313e-06
 Reference value :  5.22448e-06
 Reference value :  5.22578e-06
 Reference value :  5.22713e-06
 Reference value :  5.22848e-06
 Reference value :  5.22978e-06
 Reference value :  5.23083e-06
 Reference value :  5.23213e-06
 Reference value :  5.23348e-06
 Reference value :  5.23483e-06
 Reference value :  5.23618e-06
 Reference value :  5.23753e-06
 Reference value :  5.23893e-06
 Reference value :  5.24007e-06
 Reference value :  5.24123e-06
 Reference value :  5.24253e-06
 Reference value :  5.24378e-06
 Reference value :  5.24508e-06
 Reference value :  5.24643e-06
 Reference value :  5.24773e-06
 Reference value :  5.24903e-06
 Reference value :  5.25016e-06
 Reference value :  5.25138e-06
 Reference value :  5.25268e-06
 Reference value :  5.25398e-06
 Reference value :  5.25533e-06
 Reference value :  5.25668e-06
 Reference value :  5.25808e-06
 Reference value :  5.25943e-06
 Reference value :  5.26053e-06
 Reference value :  5.26188e-06
 Reference value :  5.26328e-06
 Reference value :  5.26468e-06
 Reference value :  5.26608e-06
 Reference value :  5.26743e-06
 Reference value :  5.26878e-06
 Reference value :  5.27004e-06
 Reference value :  5.27133e-06
 Reference value :  5.27268e-06
 Reference value :  5.27408e-06
 Reference value :  5.27543e-06
 Reference value :  5.27683e-06
 Reference value :  5.27818e-06
 Reference value :  5.27958e-06
 Reference value :  5.28073e-06
 Reference value :  5.28213e-06
 Reference value :  5.28353e-06
 Reference value :  5.28493e-06
 Reference value :  5.28633e-06
 Reference value :  5.28773e-06
 Reference value :  5.28908e-06
 Reference value :  5.29022e-06
 Reference value :  5.29148e-06
 Reference value :  5.29268e-06
 Reference value :  5.29403e-06
 Reference value :  5.29533e-06
 Reference value :  5.29663e-06
 Reference value :  5.29793e-06
 Reference value :  5.29928e-06
 Reference value :  5.30038e-06
 Reference value :  5.30178e-06
 Reference value :  5.30313e-06
 Reference value :  5.30448e-06
 Reference value :  5.30588e-06
 Reference value :  5.30718e-06
 Reference value :  5.30853e-06
 Reference value :  5.30983e-06
 Reference value :  5.31093e-06
 Reference value :  5.31228e-06
 Reference value :  5.31363e-06
 Reference value :  5.31498e-06
 Reference value :  5.31633e-06
 Reference value :  5.31768e-06
 Reference value :  5.31903e-06
 Reference value :  5.32020e-06
 Reference value :  5.32148e-06
 Reference value :  5.32283e-06
 Reference value :  5.32418e-06
 Reference value :  5.32553e-06
 Reference value :  5.32683e-06
 Reference value :  5.32818e-06
 Reference value :  5.32958e-06
 Reference value :  5.33068e-06
 Reference value :  5.33208e-06
 Reference value :  5.33348e-06
 Reference value :  5.33488e-06
 Reference value :  5.33618e-06
 Reference value :  5.33758e-06
 Reference value :  5.33898e-06
 Reference value :  5.34016e-06
 Reference value :  5.34133e-06
 Reference value :  5.34258e-06
 Reference value :  5.34383e-06
 Reference value :  5.34518e-06
 Reference value :  5.34653e-06
 Reference value :  5.34788e-06
 Reference value :  5.34928e-06
 Reference value :  5.35038e-06
 Reference value :  5.35173e-06
 Reference value :  5.35313e-06
 Reference value :  5.35448e-06
 Reference value :  5.35578e-06
 Reference value :  5.35713e-06
 Reference value :  5.35853e-06
 Reference value :  5.35993e-06
 Reference value :  5.36103e-06
 Reference value :  5.36233e-06
 Reference value :  5.36368e-06
 Reference value :  5.36498e-06
 Reference value :  5.36633e-06
 Reference value :  5.36768e-06
 Reference value :  5.36898e-06
 Reference value :  5.37020e-06
 Reference value :  5.37138e-06
 Reference value :  5.37273e-06
 Reference value :  5.37413e-06
 Reference value :  5.37548e-06
 Reference value :  5.37688e-06
 Reference value :  5.37823e-06
 Reference value :  5.37963e-06
 Reference value :  5.38073e-06
 Reference value :  5.38213e-06
 Reference value :  5.38348e-06
 Reference value :  5.38483e-06
 Reference value :  5.38623e-06
 Reference value :  5.38758e-06
 Reference value :  5.38898e-06
 Reference value :  5.39020e-06
 Reference value :  5.39148e-06
 Reference value :  5.39288e-06
 Reference value :  5.39418e-06
 Reference value :  5.39558e-06
 Reference value :  5.39688e-06
 Reference value :  5.39818e-06
 Reference value :  5.39953e-06
 Reference value :  5.40063e-06
 Reference value :  5.40198e-06
 Reference value :  5.40333e-06
 Reference value :  5.40473e-06
 Reference value :  5.40608e-06
 Reference value :  5.40743e-06
 Reference value :  5.40883e-06
 Reference value :  5.41003e-06
 Reference value :  5.41128e-06
 Reference value :  5.41263e-06
 Reference value :  5.41393e-06
 Reference value :  5.41523e-06
 Reference value :  5.41653e-06
 Reference value :  5.41788e-06
 Reference value :  5.41923e-06
No. of Data Rows : 111657
vmin_out            =  -1.05054e-03 at=  1.01037e-06
vmax_out            =  1.20204e+00 at=  2.31023e-06
vg_min              =  -3.32780e-02 at=  4.13020e-06
vg_max              =  3.32321e-02 at=  3.48020e-06
Note: Simulation executed from .control section 
Warning: m=xx on .subckt line will override multiplier m hierarchy!

Note: Starting dynamic gmin stepping
Note: Dynamic gmin stepping completed
