
Note: Compatibility modes selected: hs a


Circuit: * tt_analog_ring, code 128

Doing analysis at TEMP = 27.000000 and TNOM = 27.000000

Using SPARSE 1.3 as Direct Linear Solver
 Reference value :  0.00000e+00
No. of Data Rows : 1
idd_dis=0.000329709 vbp= vbn= clk_dis=1.2
Doing analysis at TEMP = 27.000000 and TNOM = 27.000000

Using SPARSE 1.3 as Direct Linear Solver

Initial Transient Solution
--------------------------

Node                                   Voltage
----                                   -------
vpwr                                       1.2
code[0]                                      0
code[1]                                      0
code[2]                                      0
code[3]                                      0
code[4]                                      0
code[5]                                      0
code[6]                                      0
code[7]                                    1.2
enable                                       0
vbp                                   0.557076
clk_out                                    1.2
xdut.b1                            1.55518e-07
xdut.s3                            7.01948e-07
xdut.s2                                    1.2
xdut.n_126                                 1.2
xdut.s1                             7.0195e-07
xdut.n_125                                 1.2
xdut.s10                                   1.2
xdut.s6                                    1.2
xdut.s5                            7.01948e-07
xdut.n_128                                 1.2
xdut.s9                            7.01948e-07
xdut.n_133                                 1.2
xdut.s4                                    1.2
xdut.n_129                                 1.2
xdut.s8                                    1.2
xdut.n_132                                 1.2
xdut.s7                            7.01948e-07
xdut.n_130                                 1.2
xdut.n_127                                 1.2
xdut.n_131                                 1.2
xdut.s0                                    1.2
xdut.n_124                                 1.2
xdut.n_71                          6.11551e-07
xdut.n_72                           6.1155e-07
xdut.n_70                           9.2223e-08
xdut.n_77                           6.1155e-07
xdut.n_75                           9.2223e-08
xdut.n_73                           9.2223e-08
xdut.n_67                           9.2223e-08
xdut.n_76                           9.2223e-08
xdut.n_69                           6.1155e-07
xdut.n_74                           6.1155e-07
xdut.n_122                                 1.2
xdut.n_i1005                            1.0259
xdut.n_68                          1.87426e-07
vbn                                   0.501129
ven#branch                         7.40123e-12
vc7#branch                        -5.85964e-08
vc6#branch                         8.60845e-13
vc5#branch                         4.30422e-13
vc4#branch                         2.15211e-13
vc3#branch                         1.07606e-13
vc2#branch                         5.38028e-14
vc1#branch                         2.69014e-14
vc0#branch                         1.34507e-14
vdd#branch                        -0.000329709

 Reference value :  0.00000e+00
 Reference value :  4.86125e-10
 Reference value :  1.04173e-09
 Reference value :  1.55104e-09
 Reference value :  2.03874e-09
 Reference value :  2.52332e-09
 Reference value :  2.98635e-09
 Reference value :  3.49561e-09
 Reference value :  3.95864e-09
 Reference value :  4.44634e-09
 Reference value :  4.93093e-09
 Reference value :  5.39395e-09
 Reference value :  5.90322e-09
 Reference value :  6.35081e-09
 Reference value :  6.85240e-09
 Reference value :  7.32310e-09
 Reference value :  7.78920e-09
 Reference value :  8.27996e-09
 Reference value :  8.74298e-09
 Reference value :  9.24841e-09
 Reference value :  9.71527e-09
 Reference value :  1.01906e-08
 Reference value :  1.07184e-08
 Reference value :  1.11969e-08
 Reference value :  1.16784e-08
 Reference value :  1.22000e-08
 Reference value :  1.26630e-08
 Reference value :  1.31507e-08
 Reference value :  1.36508e-08
 Reference value :  1.41292e-08
 Reference value :  1.46308e-08
 Reference value :  1.51015e-08
 Reference value :  1.55614e-08
 Reference value :  1.60584e-08
 Reference value :  1.65214e-08
 Reference value :  1.70268e-08
 Reference value :  1.74937e-08
 Reference value :  1.79690e-08
 Reference value :  1.84660e-08
 Reference value :  1.88055e-08
 Reference value :  1.91450e-08
 Reference value :  1.94846e-08
 Reference value :  1.98210e-08
 Reference value :  2.01752e-08
 Reference value :  2.05032e-08
 Reference value :  2.08273e-08
 Reference value :  2.11514e-08
 Reference value :  2.14847e-08
 Reference value :  2.18304e-08
 Reference value :  2.21391e-08
 Reference value :  2.24632e-08
 Reference value :  2.28027e-08
 Reference value :  2.31546e-08
 Reference value :  2.35088e-08
 Reference value :  2.38522e-08
 Reference value :  2.41763e-08
 Reference value :  2.45004e-08
 Reference value :  2.48276e-08
 Reference value :  2.51872e-08
 Reference value :  2.55190e-08
 Reference value :  2.58431e-08
 Reference value :  2.61672e-08
 Reference value :  2.64944e-08
 Reference value :  2.68540e-08
 Reference value :  2.71858e-08
 Reference value :  2.75099e-08
 Reference value :  2.78803e-08
 Reference value :  2.82198e-08
 Reference value :  2.85439e-08
 Reference value :  2.88927e-08
 Reference value :  2.92384e-08
 Reference value :  2.95625e-08
 Reference value :  2.98866e-08
 Reference value :  3.02107e-08
 Reference value :  3.05595e-08
 Reference value :  3.09052e-08
 Reference value :  3.12293e-08
 Reference value :  3.15380e-08
 Reference value :  3.18590e-08
 Reference value :  3.22132e-08
 Reference value :  3.25566e-08
 Reference value :  3.28961e-08
 Reference value :  3.32202e-08
 Reference value :  3.35443e-08
 Reference value :  3.38931e-08
 Reference value :  3.42388e-08
 Reference value :  3.45629e-08
 Reference value :  3.48870e-08
 Reference value :  3.51988e-08
 Reference value :  3.55584e-08
 Reference value :  3.58902e-08
 Reference value :  3.62143e-08
 Reference value :  3.65384e-08
 Reference value :  3.68656e-08
 Reference value :  3.72360e-08
 Reference value :  3.75971e-08
 Reference value :  3.79274e-08
 Reference value :  3.82515e-08
 Reference value :  3.85910e-08
 Reference value :  3.89306e-08
 Reference value :  3.92732e-08
 Reference value :  3.96328e-08
 Reference value :  3.99646e-08
 Reference value :  4.02887e-08
 Reference value :  4.06128e-08
 Reference value :  4.09400e-08
 Reference value :  4.13011e-08
 Reference value :  4.16584e-08
 Reference value :  4.20018e-08
 Reference value :  4.23568e-08
 Reference value :  4.26963e-08
 Reference value :  4.30204e-08
 Reference value :  4.33599e-08
 Reference value :  4.37087e-08
 Reference value :  4.40544e-08
 Reference value :  4.43785e-08
 Reference value :  4.47026e-08
 Reference value :  4.50267e-08
 Reference value :  4.53755e-08
 Reference value :  4.57212e-08
 Reference value :  4.60299e-08
 Reference value :  4.63386e-08
 Reference value :  4.66812e-08
 Reference value :  4.70423e-08
 Reference value :  4.73996e-08
 Reference value :  4.77276e-08
 Reference value :  4.80671e-08
 Reference value :  4.83758e-08
 Reference value :  4.87122e-08
 Reference value :  4.90664e-08
 Reference value :  4.93944e-08
 Reference value :  4.97185e-08
 Reference value :  5.00426e-08
 Reference value :  5.03852e-08
 Reference value :  5.07448e-08
 Reference value :  5.10920e-08
 Reference value :  5.14316e-08
 Reference value :  5.17865e-08
 Reference value :  5.21261e-08
 Reference value :  5.24502e-08
 Reference value :  5.27866e-08
 Reference value :  5.31408e-08
 Reference value :  5.34379e-08
 Reference value :  5.37311e-08
 Reference value :  5.40784e-08
 Reference value :  5.44256e-08
 Reference value :  5.47652e-08
 Reference value :  5.50893e-08
 Reference value :  5.54288e-08
 Reference value :  5.57498e-08
 Reference value :  5.61156e-08
 Reference value :  5.64628e-08
 Reference value :  5.68024e-08
 Reference value :  5.71265e-08
 Reference value :  5.74506e-08
 Reference value :  5.77870e-08
 Reference value :  5.81412e-08
 Reference value :  5.84537e-08
 Reference value :  5.87778e-08
 Reference value :  5.91019e-08
 Reference value :  5.94507e-08
 Reference value :  5.97964e-08
 Reference value :  6.01205e-08
 Reference value :  6.04601e-08
 Reference value :  6.07996e-08
 Reference value :  6.11546e-08
 Reference value :  6.14910e-08
 Reference value :  6.18452e-08
 Reference value :  6.21732e-08
 Reference value :  6.24973e-08
 Reference value :  6.28214e-08
 Reference value :  6.31578e-08
 Reference value :  6.35120e-08
 Reference value :  6.38400e-08
 Reference value :  6.41641e-08
 Reference value :  6.44882e-08
 Reference value :  6.48215e-08
 Reference value :  6.51672e-08
 Reference value :  6.55068e-08
 Reference value :  6.58772e-08
 Reference value :  6.62167e-08
 Reference value :  6.65408e-08
 Reference value :  6.68680e-08
 Reference value :  6.72276e-08
 Reference value :  6.75748e-08
 Reference value :  6.79144e-08
 Reference value :  6.82539e-08
 Reference value :  6.85934e-08
 Reference value :  6.89175e-08
 Reference value :  6.92694e-08
 Reference value :  6.96236e-08
 Reference value :  6.99670e-08
 Reference value :  7.03065e-08
 Reference value :  7.06615e-08
 Reference value :  7.10010e-08
 Reference value :  7.13251e-08
 Reference value :  7.16770e-08
 Reference value :  7.20312e-08
 Reference value :  7.23592e-08
 Reference value :  7.26678e-08
 Reference value :  7.29796e-08
 Reference value :  7.33407e-08
 Reference value :  7.36864e-08
 Reference value :  7.39951e-08
 Reference value :  7.43192e-08
 Reference value :  7.46464e-08
 Reference value :  7.50106e-08
 Reference value :  7.53764e-08
 Reference value :  7.57352e-08
 Reference value :  7.60632e-08
 Reference value :  7.63873e-08
 Reference value :  7.67268e-08
 Reference value :  7.70663e-08
 Reference value :  7.74151e-08
 Reference value :  7.77608e-08
 Reference value :  7.80849e-08
 Reference value :  7.84090e-08
 Reference value :  7.87331e-08
 Reference value :  7.90819e-08
 Reference value :  7.94392e-08
 Reference value :  7.97517e-08
 Reference value :  8.01067e-08
 Reference value :  8.04154e-08
 Reference value :  8.07580e-08
 Reference value :  8.11176e-08
 Reference value :  8.14494e-08
 Reference value :  8.17889e-08
 Reference value :  8.20976e-08
 Reference value :  8.24371e-08
 Reference value :  8.27859e-08
 Reference value :  8.31316e-08
 Reference value :  8.34712e-08
 Reference value :  8.37953e-08
 Reference value :  8.41348e-08
 Reference value :  8.44743e-08
 Reference value :  8.48324e-08
 Reference value :  8.51935e-08
 Reference value :  8.55392e-08
 Reference value :  8.58788e-08
 Reference value :  8.62029e-08
 Reference value :  8.65270e-08
 Reference value :  8.68634e-08
 Reference value :  8.72176e-08
 Reference value :  8.75610e-08
 Reference value :  8.78851e-08
 Reference value :  8.82246e-08
 Reference value :  8.85487e-08
 Reference value :  8.88975e-08
 Reference value :  8.92548e-08
 Reference value :  8.96136e-08
 Reference value :  8.99532e-08
 Reference value :  9.02927e-08
 Reference value :  9.06168e-08
 Reference value :  9.09440e-08
 Reference value :  9.13036e-08
 Reference value :  9.16508e-08
 Reference value :  9.19749e-08
 Reference value :  9.23145e-08
 Reference value :  9.26386e-08
 Reference value :  9.29750e-08
 Reference value :  9.33408e-08
 Reference value :  9.36726e-08
 Reference value :  9.39967e-08
 Reference value :  9.43362e-08
 Reference value :  9.46603e-08
 Reference value :  9.50076e-08
 Reference value :  9.53394e-08
 Reference value :  9.56635e-08
 Reference value :  9.59567e-08
 Reference value :  9.63055e-08
 Reference value :  9.66512e-08
 Reference value :  9.69599e-08
 Reference value :  9.72840e-08
 Reference value :  9.76050e-08
 Reference value :  9.79708e-08
 Reference value :  9.83026e-08
 Reference value :  9.86267e-08
 Reference value :  9.89971e-08
 Reference value :  9.93212e-08
 Reference value :  9.96607e-08
 Reference value :  1.00013e-07
 Reference value :  1.00378e-07
 Reference value :  1.00726e-07
 Reference value :  1.01050e-07
 Reference value :  1.01389e-07
 Reference value :  1.01713e-07
 Reference value :  1.02050e-07
 Reference value :  1.02404e-07
 Reference value :  1.02732e-07
 Reference value :  1.03071e-07
 Reference value :  1.03380e-07
 Reference value :  1.03735e-07
 Reference value :  1.04087e-07
 Reference value :  1.04430e-07
 Reference value :  1.04754e-07
 Reference value :  1.05078e-07
 Reference value :  1.05402e-07
 Reference value :  1.05751e-07
 Reference value :  1.06096e-07
 Reference value :  1.06421e-07
 Reference value :  1.06745e-07
 Reference value :  1.07069e-07
 Reference value :  1.07416e-07
 Reference value :  1.07748e-07
 Reference value :  1.08072e-07
 Reference value :  1.08411e-07
 Reference value :  1.08766e-07
 Reference value :  1.09094e-07
 Reference value :  1.09455e-07
 Reference value :  1.09800e-07
 Reference value :  1.10109e-07
 Reference value :  1.10449e-07
 Reference value :  1.10773e-07
 Reference value :  1.11122e-07
 Reference value :  1.11479e-07
 Reference value :  1.11807e-07
 Reference value :  1.12131e-07
 Reference value :  1.12455e-07
 Reference value :  1.12798e-07
 Reference value :  1.13162e-07
 Reference value :  1.13528e-07
 Reference value :  1.13875e-07
 Reference value :  1.14214e-07
 Reference value :  1.14538e-07
 Reference value :  1.14863e-07
 Reference value :  1.15205e-07
 Reference value :  1.15565e-07
 Reference value :  1.15897e-07
 Reference value :  1.16221e-07
 Reference value :  1.16545e-07
 Reference value :  1.16872e-07
 Reference value :  1.17232e-07
 Reference value :  1.17563e-07
 Reference value :  1.17903e-07
 Reference value :  1.18242e-07
 Reference value :  1.18567e-07
 Reference value :  1.18903e-07
 Reference value :  1.19257e-07
 Reference value :  1.19601e-07
 Reference value :  1.19925e-07
 Reference value :  1.20249e-07
 Reference value :  1.20576e-07
 Reference value :  1.20924e-07
 Reference value :  1.21267e-07
 Reference value :  1.21607e-07
 Reference value :  1.21946e-07
 Reference value :  1.22271e-07
 Reference value :  1.22613e-07
 Reference value :  1.22974e-07
 Reference value :  1.23320e-07
 Reference value :  1.23644e-07
 Reference value :  1.23968e-07
 Reference value :  1.24292e-07
 Reference value :  1.24644e-07
 Reference value :  1.24998e-07
 Reference value :  1.25326e-07
 Reference value :  1.25650e-07
 Reference value :  1.25990e-07
 Reference value :  1.26317e-07
 Reference value :  1.26677e-07
 Reference value :  1.27009e-07
 Reference value :  1.27364e-07
 Reference value :  1.27719e-07
 Reference value :  1.28058e-07
 Reference value :  1.28367e-07
 Reference value :  1.28716e-07
 Reference value :  1.29073e-07
 Reference value :  1.29401e-07
 Reference value :  1.29725e-07
 Reference value :  1.30064e-07
 Reference value :  1.30404e-07
 Reference value :  1.30756e-07
 Reference value :  1.31122e-07
 Reference value :  1.31469e-07
 Reference value :  1.31808e-07
 Reference value :  1.32163e-07
 Reference value :  1.32503e-07
 Reference value :  1.32827e-07
 Reference value :  1.33163e-07
 Reference value :  1.33518e-07
 Reference value :  1.33846e-07
 Reference value :  1.34185e-07
 Reference value :  1.34509e-07
 Reference value :  1.34836e-07
 Reference value :  1.35198e-07
 Reference value :  1.35543e-07
 Reference value :  1.35867e-07
 Reference value :  1.36191e-07
 Reference value :  1.36531e-07
 Reference value :  1.36901e-07
 Reference value :  1.37244e-07
 Reference value :  1.37604e-07
 Reference value :  1.37920e-07
 Reference value :  1.38259e-07
 Reference value :  1.38584e-07
 Reference value :  1.38911e-07
 Reference value :  1.39270e-07
 Reference value :  1.39602e-07
 Reference value :  1.39926e-07
 Reference value :  1.40250e-07
 Reference value :  1.40571e-07
 Reference value :  1.40926e-07
 Reference value :  1.41223e-07
 Reference value :  1.41531e-07
 Reference value :  1.41865e-07
 Reference value :  1.42210e-07
 Reference value :  1.42535e-07
 Reference value :  1.42859e-07
 Reference value :  1.43198e-07
 Reference value :  1.43535e-07
 Reference value :  1.43900e-07
 Reference value :  1.44232e-07
 Reference value :  1.44556e-07
 Reference value :  1.44880e-07
 Reference value :  1.45201e-07
 Reference value :  1.45556e-07
 Reference value :  1.45868e-07
 Reference value :  1.46208e-07
 Reference value :  1.46563e-07
 Reference value :  1.46902e-07
 Reference value :  1.47245e-07
 Reference value :  1.47606e-07
 Reference value :  1.47952e-07
 Reference value :  1.48276e-07
 Reference value :  1.48600e-07
 Reference value :  1.48924e-07
 Reference value :  1.49271e-07
 Reference value :  1.49572e-07
 Reference value :  1.49896e-07
 Reference value :  1.50202e-07
 Reference value :  1.50544e-07
 Reference value :  1.50869e-07
 Reference value :  1.51239e-07
 Reference value :  1.51594e-07
 Reference value :  1.51918e-07
 Reference value :  1.52245e-07
 Reference value :  1.52605e-07
 Reference value :  1.52937e-07
 Reference value :  1.53261e-07
 Reference value :  1.53600e-07
 Reference value :  1.53924e-07
 Reference value :  1.54273e-07
 Reference value :  1.54619e-07
 Reference value :  1.54943e-07
 Reference value :  1.55282e-07
 Reference value :  1.55622e-07
 Reference value :  1.55977e-07
 Reference value :  1.56320e-07
 Reference value :  1.56679e-07
 Reference value :  1.57026e-07
 Reference value :  1.57351e-07
 Reference value :  1.57690e-07
 Reference value :  1.58014e-07
 Reference value :  1.58351e-07
 Reference value :  1.58705e-07
 Reference value :  1.59048e-07
 Reference value :  1.59388e-07
 Reference value :  1.59712e-07
 Reference value :  1.60036e-07
 Reference value :  1.60406e-07
 Reference value :  1.60764e-07
 Reference value :  1.61126e-07
 Reference value :  1.61471e-07
 Reference value :  1.61795e-07
 Reference value :  1.62135e-07
 Reference value :  1.62474e-07
 Reference value :  1.62814e-07
 Reference value :  1.63163e-07
 Reference value :  1.63508e-07
 Reference value :  1.63848e-07
 Reference value :  1.64172e-07
 Reference value :  1.64496e-07
 Reference value :  1.64833e-07
 Reference value :  1.65187e-07
 Reference value :  1.65546e-07
 Reference value :  1.65885e-07
 Reference value :  1.66209e-07
 Reference value :  1.66533e-07
 Reference value :  1.66876e-07
 Reference value :  1.67237e-07
 Reference value :  1.67583e-07
 Reference value :  1.67922e-07
 Reference value :  1.68246e-07
 Reference value :  1.68586e-07
 Reference value :  1.68926e-07
 Reference value :  1.69274e-07
 Reference value :  1.69632e-07
 Reference value :  1.69990e-07
 Reference value :  1.70345e-07
 Reference value :  1.70685e-07
 Reference value :  1.71009e-07
 Reference value :  1.71349e-07
 Reference value :  1.71685e-07
 Reference value :  1.72039e-07
 Reference value :  1.72383e-07
 Reference value :  1.72722e-07
 Reference value :  1.73062e-07
 Reference value :  1.73386e-07
 Reference value :  1.73728e-07
 Reference value :  1.74088e-07
 Reference value :  1.74435e-07
 Reference value :  1.74775e-07
 Reference value :  1.75130e-07
 Reference value :  1.75469e-07
 Reference value :  1.75793e-07
 Reference value :  1.76130e-07
 Reference value :  1.76484e-07
 Reference value :  1.76812e-07
 Reference value :  1.77136e-07
 Reference value :  1.77460e-07
 Reference value :  1.77797e-07
 Reference value :  1.78151e-07
 Reference value :  1.78494e-07
 Reference value :  1.78834e-07
 Reference value :  1.79158e-07
 Reference value :  1.79513e-07
 Reference value :  1.79852e-07
 Reference value :  1.80204e-07
 Reference value :  1.80570e-07
 Reference value :  1.80917e-07
 Reference value :  1.81241e-07
 Reference value :  1.81550e-07
 Reference value :  1.81877e-07
 Reference value :  1.82225e-07
 Reference value :  1.82538e-07
 Reference value :  1.82846e-07
 Reference value :  1.83167e-07
 Reference value :  1.83495e-07
 Reference value :  1.83803e-07
 Reference value :  1.84112e-07
 Reference value :  1.84459e-07
 Reference value :  1.84776e-07
 Reference value :  1.85084e-07
 Reference value :  1.85396e-07
 Reference value :  1.85744e-07
 Reference value :  1.86072e-07
 Reference value :  1.86411e-07
 Reference value :  1.86736e-07
 Reference value :  1.87063e-07
 Reference value :  1.87422e-07
 Reference value :  1.87754e-07
 Reference value :  1.88078e-07
 Reference value :  1.88402e-07
 Reference value :  1.88720e-07
 Reference value :  1.89066e-07
 Reference value :  1.89390e-07
 Reference value :  1.89714e-07
 Reference value :  1.90038e-07
 Reference value :  1.90387e-07
 Reference value :  1.90733e-07
 Reference value :  1.91041e-07
 Reference value :  1.91350e-07
 Reference value :  1.91684e-07
 Reference value :  1.92029e-07
 Reference value :  1.92338e-07
 Reference value :  1.92647e-07
 Reference value :  1.92983e-07
 Reference value :  1.93326e-07
 Reference value :  1.93650e-07
 Reference value :  1.94005e-07
 Reference value :  1.94313e-07
 Reference value :  1.94647e-07
 Reference value :  1.94977e-07
 Reference value :  1.95286e-07
 Reference value :  1.95610e-07
 Reference value :  1.95943e-07
 Reference value :  1.96289e-07
 Reference value :  1.96613e-07
 Reference value :  1.96937e-07
 Reference value :  1.97249e-07
 Reference value :  1.97608e-07
 Reference value :  1.97956e-07
 Reference value :  1.98295e-07
 Reference value :  1.98650e-07
 Reference value :  1.99005e-07
 Reference value :  1.99329e-07
 Reference value :  1.99669e-07
 Reference value :  2.00021e-07
 Reference value :  2.00375e-07
 Reference value :  2.00718e-07
 Reference value :  2.01058e-07
 Reference value :  2.01397e-07
 Reference value :  2.01721e-07
 Reference value :  2.02064e-07
 Reference value :  2.02424e-07
 Reference value :  2.02771e-07
 Reference value :  2.03110e-07
 Reference value :  2.03465e-07
 Reference value :  2.03805e-07
 Reference value :  2.04129e-07
 Reference value :  2.04472e-07
 Reference value :  2.04833e-07
 Reference value :  2.05190e-07
 Reference value :  2.05533e-07
 Reference value :  2.05857e-07
 Reference value :  2.06197e-07
 Reference value :  2.06537e-07
 Reference value :  2.06879e-07
 Reference value :  2.07240e-07
 Reference value :  2.07586e-07
 Reference value :  2.07956e-07
 Reference value :  2.08281e-07
 Reference value :  2.08620e-07
 Reference value :  2.08960e-07
 Reference value :  2.09287e-07
 Reference value :  2.09646e-07
 Reference value :  2.09994e-07
 Reference value :  2.10333e-07
 Reference value :  2.10657e-07
 Reference value :  2.10981e-07
 Reference value :  2.11318e-07
 Reference value :  2.11672e-07
 Reference value :  2.12015e-07
 Reference value :  2.12355e-07
 Reference value :  2.12710e-07
 Reference value :  2.13080e-07
 Reference value :  2.13420e-07
 Reference value :  2.13744e-07
 Reference value :  2.14093e-07
 Reference value :  2.14450e-07
 Reference value :  2.14793e-07
 Reference value :  2.15117e-07
 Reference value :  2.15457e-07
 Reference value :  2.15781e-07
 Reference value :  2.16133e-07
 Reference value :  2.16487e-07
 Reference value :  2.16831e-07
 Reference value :  2.17170e-07
 Reference value :  2.17510e-07
 Reference value :  2.17849e-07
 Reference value :  2.18189e-07
 Reference value :  2.18538e-07
 Reference value :  2.18895e-07
 Reference value :  2.19223e-07
 Reference value :  2.19562e-07
 Reference value :  2.19886e-07
 Reference value :  2.20214e-07
 Reference value :  2.20573e-07
 Reference value :  2.20890e-07
 Reference value :  2.21214e-07
 Reference value :  2.21522e-07
 Reference value :  2.21871e-07
 Reference value :  2.22240e-07
 Reference value :  2.22587e-07
 Reference value :  2.22942e-07
 Reference value :  2.23266e-07
 Reference value :  2.23590e-07
 Reference value :  2.23930e-07
 Reference value :  2.24282e-07
 Reference value :  2.24648e-07
 Reference value :  2.24979e-07
 Reference value :  2.25303e-07
 Reference value :  2.25643e-07
 Reference value :  2.25967e-07
 Reference value :  2.26319e-07
 Reference value :  2.26673e-07
 Reference value :  2.27044e-07
 Reference value :  2.27372e-07
 Reference value :  2.27711e-07
 Reference value :  2.28004e-07
 Reference value :  2.28353e-07
 Reference value :  2.28710e-07
 Reference value :  2.29038e-07
 Reference value :  2.29378e-07
 Reference value :  2.29717e-07
 Reference value :  2.30042e-07
 Reference value :  2.30393e-07
 Reference value :  2.30759e-07
 Reference value :  2.31091e-07
 Reference value :  2.31431e-07
 Reference value :  2.31785e-07
 Reference value :  2.32140e-07
 Reference value :  2.32465e-07
 Reference value :  2.32807e-07
 Reference value :  2.33167e-07
 Reference value :  2.33514e-07
 Reference value :  2.33838e-07
 Reference value :  2.34178e-07
 Reference value :  2.34517e-07
 Reference value :  2.34857e-07
 Reference value :  2.35209e-07
 Reference value :  2.35563e-07
 Reference value :  2.35906e-07
 Reference value :  2.36246e-07
 Reference value :  2.36601e-07
 Reference value :  2.36940e-07
 Reference value :  2.37264e-07
 Reference value :  2.37616e-07
 Reference value :  2.37982e-07
 Reference value :  2.38314e-07
 Reference value :  2.38653e-07
 Reference value :  2.38962e-07
 Reference value :  2.39289e-07
 Reference value :  2.39649e-07
 Reference value :  2.39981e-07
 Reference value :  2.40305e-07
 Reference value :  2.40629e-07
 Reference value :  2.40956e-07
 Reference value :  2.41317e-07
 Reference value :  2.41674e-07
 Reference value :  2.42002e-07
 Reference value :  2.42326e-07
 Reference value :  2.42635e-07
 Reference value :  2.42982e-07
 Reference value :  2.43299e-07
 Reference value :  2.43623e-07
 Reference value :  2.43962e-07
 Reference value :  2.44302e-07
 Reference value :  2.44651e-07
 Reference value :  2.45008e-07
 Reference value :  2.45351e-07
 Reference value :  2.45691e-07
 Reference value :  2.46061e-07
 Reference value :  2.46401e-07
 Reference value :  2.46725e-07
 Reference value :  2.47068e-07
 Reference value :  2.47427e-07
 Reference value :  2.47759e-07
 Reference value :  2.48083e-07
 Reference value :  2.48407e-07
 Reference value :  2.48734e-07
 Reference value :  2.49094e-07
 Reference value :  2.49426e-07
 Reference value :  2.49765e-07
 Reference value :  2.50089e-07
 Reference value :  2.50414e-07
 Reference value :  2.50784e-07
 Reference value :  2.51136e-07
 Reference value :  2.51502e-07
 Reference value :  2.51833e-07
 Reference value :  2.52157e-07
 Reference value :  2.52512e-07
 Reference value :  2.52821e-07
 Reference value :  2.53173e-07
 Reference value :  2.53539e-07
 Reference value :  2.53871e-07
 Reference value :  2.54195e-07
 Reference value :  2.54519e-07
 Reference value :  2.54846e-07
 Reference value :  2.55207e-07
 Reference value :  2.55576e-07
 Reference value :  2.55923e-07
 Reference value :  2.56247e-07
 Reference value :  2.56571e-07
 Reference value :  2.56896e-07
 Reference value :  2.57244e-07
 Reference value :  2.57590e-07
 Reference value :  2.57899e-07
 Reference value :  2.58223e-07
 Reference value :  2.58550e-07
 Reference value :  2.58910e-07
 Reference value :  2.59241e-07
 Reference value :  2.59565e-07
 Reference value :  2.59890e-07
 Reference value :  2.60245e-07
 Reference value :  2.60587e-07
 Reference value :  2.60948e-07
 Reference value :  2.61294e-07
 Reference value :  2.61618e-07
 Reference value :  2.61942e-07
 Reference value :  2.62266e-07
 Reference value :  2.62615e-07
 Reference value :  2.62961e-07
 Reference value :  2.63300e-07
 Reference value :  2.63624e-07
 Reference value :  2.63964e-07
 Reference value :  2.64291e-07
 Reference value :  2.64651e-07
 Reference value :  2.65010e-07
 Reference value :  2.65338e-07
 Reference value :  2.65646e-07
 Reference value :  2.65970e-07
 Reference value :  2.66319e-07
 Reference value :  2.66665e-07
 Reference value :  2.66989e-07
 Reference value :  2.67313e-07
 Reference value :  2.67637e-07
 Reference value :  2.67986e-07
 Reference value :  2.68316e-07
 Reference value :  2.68625e-07
 Reference value :  2.68934e-07
 Reference value :  2.69281e-07
 Reference value :  2.69628e-07
 Reference value :  2.69952e-07
 Reference value :  2.70292e-07
 Reference value :  2.70616e-07
 Reference value :  2.70952e-07
 Reference value :  2.71306e-07
 Reference value :  2.71634e-07
 Reference value :  2.71958e-07
 Reference value :  2.72283e-07
 Reference value :  2.72619e-07
 Reference value :  2.72973e-07
 Reference value :  2.73286e-07
 Reference value :  2.73610e-07
 Reference value :  2.73934e-07
 Reference value :  2.74286e-07
 Reference value :  2.74652e-07
 Reference value :  2.74983e-07
 Reference value :  2.75323e-07
 Reference value :  2.75647e-07
 Reference value :  2.75971e-07
 Reference value :  2.76320e-07
 Reference value :  2.76650e-07
 Reference value :  2.76974e-07
 Reference value :  2.77298e-07
 Reference value :  2.77626e-07
 Reference value :  2.77985e-07
 Reference value :  2.78317e-07
 Reference value :  2.78641e-07
 Reference value :  2.78981e-07
 Reference value :  2.79336e-07
 Reference value :  2.79675e-07
 Reference value :  2.80027e-07
 Reference value :  2.80393e-07
 Reference value :  2.80725e-07
 Reference value :  2.81064e-07
 Reference value :  2.81388e-07
 Reference value :  2.81728e-07
 Reference value :  2.82064e-07
 Reference value :  2.82430e-07
 Reference value :  2.82777e-07
 Reference value :  2.83117e-07
 Reference value :  2.83456e-07
 Reference value :  2.83811e-07
 Reference value :  2.84151e-07
 Reference value :  2.84478e-07
 Reference value :  2.84838e-07
 Reference value :  2.85185e-07
 Reference value :  2.85524e-07
 Reference value :  2.85864e-07
 Reference value :  2.86188e-07
 Reference value :  2.86515e-07
 Reference value :  2.86876e-07
 Reference value :  2.87222e-07
 Reference value :  2.87562e-07
 Reference value :  2.87901e-07
 Reference value :  2.88225e-07
 Reference value :  2.88565e-07
 Reference value :  2.88917e-07
 Reference value :  2.89271e-07
 Reference value :  2.89614e-07
 Reference value :  2.89938e-07
 Reference value :  2.90278e-07
 Reference value :  2.90602e-07
 Reference value :  2.90951e-07
 Reference value :  2.91296e-07
 Reference value :  2.91636e-07
 Reference value :  2.91975e-07
 Reference value :  2.92300e-07
 Reference value :  2.92639e-07
 Reference value :  2.92991e-07
 Reference value :  2.93361e-07
 Reference value :  2.93729e-07
 Reference value :  2.94086e-07
 Reference value :  2.94429e-07
 Reference value :  2.94753e-07
 Reference value :  2.95093e-07
 Reference value :  2.95433e-07
 Reference value :  2.95769e-07
 Reference value :  2.96135e-07
 Reference value :  2.96482e-07
 Reference value :  2.96822e-07
 Reference value :  2.97130e-07
 Reference value :  2.97470e-07
 Reference value :  2.97812e-07
 Reference value :  2.98177e-07
 Reference value :  2.98544e-07
 Reference value :  2.98901e-07
 Reference value :  2.99245e-07
 Reference value :  2.99584e-07
 Reference value :  2.99924e-07
 Reference value :  3.00263e-07
 Reference value :  3.00590e-07
 Reference value :  3.00950e-07
 Reference value :  3.01297e-07
 Reference value :  3.01621e-07
 Reference value :  3.01961e-07
 Reference value :  3.02285e-07
 Reference value :  3.02640e-07
 Reference value :  3.02998e-07
 Reference value :  3.03359e-07
 Reference value :  3.03716e-07
 Reference value :  3.04044e-07
 Reference value :  3.04384e-07
 Reference value :  3.04723e-07
 Reference value :  3.05063e-07
 Reference value :  3.05406e-07
 Reference value :  3.05765e-07
 Reference value :  3.06112e-07
 Reference value :  3.06437e-07
 Reference value :  3.06776e-07
 Reference value :  3.07116e-07
 Reference value :  3.07471e-07
 Reference value :  3.07826e-07
 Reference value :  3.08184e-07
 Reference value :  3.08545e-07
 Reference value :  3.08902e-07
 Reference value :  3.09245e-07
 Reference value :  3.09585e-07
 Reference value :  3.09909e-07
 Reference value :  3.10249e-07
 Reference value :  3.10591e-07
 Reference value :  3.10952e-07
 Reference value :  3.11298e-07
 Reference value :  3.11622e-07
 Reference value :  3.11962e-07
 Reference value :  3.12286e-07
 Reference value :  3.12622e-07
 Reference value :  3.12990e-07
 Reference value :  3.13347e-07
 Reference value :  3.13690e-07
 Reference value :  3.14014e-07
 Reference value :  3.14354e-07
 Reference value :  3.14678e-07
 Reference value :  3.15027e-07
 Reference value :  3.15384e-07
 Reference value :  3.15712e-07
 Reference value :  3.16051e-07
 Reference value :  3.16391e-07
 Reference value :  3.16731e-07
 Reference value :  3.17086e-07
 Reference value :  3.17437e-07
 Reference value :  3.17792e-07
 Reference value :  3.18135e-07
 Reference value :  3.18475e-07
 Reference value :  3.18814e-07
 Reference value :  3.19138e-07
 Reference value :  3.19481e-07
 Reference value :  3.19840e-07
 Reference value :  3.20172e-07
 Reference value :  3.20481e-07
 Reference value :  3.20805e-07
 Reference value :  3.21138e-07
 Reference value :  3.21469e-07
 Reference value :  3.21808e-07
 Reference value :  3.22148e-07
 Reference value :  3.22456e-07
 Reference value :  3.22804e-07
 Reference value :  3.23105e-07
 Reference value :  3.23429e-07
 Reference value :  3.23753e-07
 Reference value :  3.24100e-07
 Reference value :  3.24416e-07
 Reference value :  3.24725e-07
 Reference value :  3.25037e-07
 Reference value :  3.25385e-07
 Reference value :  3.25713e-07
 Reference value :  3.26037e-07
 Reference value :  3.26361e-07
 Reference value :  3.26731e-07
 Reference value :  3.27068e-07
 Reference value :  3.27434e-07
 Reference value :  3.27781e-07
 Reference value :  3.28120e-07
 Reference value :  3.28460e-07
 Reference value :  3.28784e-07
 Reference value :  3.29111e-07
 Reference value :  3.29471e-07
 Reference value :  3.29803e-07
 Reference value :  3.30127e-07
 Reference value :  3.30451e-07
 Reference value :  3.30790e-07
 Reference value :  3.31161e-07
 Reference value :  3.31513e-07
 Reference value :  3.31878e-07
 Reference value :  3.32210e-07
 Reference value :  3.32534e-07
 Reference value :  3.32858e-07
 Reference value :  3.33179e-07
 Reference value :  3.33534e-07
 Reference value :  3.33862e-07
 Reference value :  3.34201e-07
 Reference value :  3.34510e-07
 Reference value :  3.34852e-07
 Reference value :  3.35212e-07
 Reference value :  3.35559e-07
 Reference value :  3.35883e-07
 Reference value :  3.36238e-07
 Reference value :  3.36547e-07
 Reference value :  3.36880e-07
 Reference value :  3.37211e-07
 Reference value :  3.37535e-07
 Reference value :  3.37859e-07
 Reference value :  3.38186e-07
 Reference value :  3.38546e-07
 Reference value :  3.38893e-07
 Reference value :  3.39232e-07
 Reference value :  3.39556e-07
 Reference value :  3.39896e-07
 Reference value :  3.40223e-07
 Reference value :  3.40594e-07
 Reference value :  3.40958e-07
 Reference value :  3.41312e-07
 Reference value :  3.41655e-07
 Reference value :  3.41979e-07
 Reference value :  3.42319e-07
 Reference value :  3.42643e-07
 Reference value :  3.42995e-07
 Reference value :  3.43361e-07
 Reference value :  3.43693e-07
 Reference value :  3.44032e-07
 Reference value :  3.44356e-07
 Reference value :  3.44696e-07
 Reference value :  3.45038e-07
 Reference value :  3.45400e-07
 Reference value :  3.45768e-07
 Reference value :  3.46100e-07
 Reference value :  3.46440e-07
 Reference value :  3.46779e-07
 Reference value :  3.47103e-07
 Reference value :  3.47446e-07
 Reference value :  3.47806e-07
 Reference value :  3.48153e-07
 Reference value :  3.48477e-07
 Reference value :  3.48816e-07
 Reference value :  3.49156e-07
 Reference value :  3.49483e-07
 Reference value :  3.49844e-07
 Reference value :  3.50202e-07
 Reference value :  3.50545e-07
 Reference value :  3.50885e-07
 Reference value :  3.51209e-07
 Reference value :  3.51533e-07
 Reference value :  3.51882e-07
 Reference value :  3.52239e-07
 Reference value :  3.52567e-07
 Reference value :  3.52891e-07
 Reference value :  3.53200e-07
 Reference value :  3.53548e-07
 Reference value :  3.53894e-07
 Reference value :  3.54234e-07
 Reference value :  3.54573e-07
 Reference value :  3.54913e-07
 Reference value :  3.55237e-07
 Reference value :  3.55584e-07
 Reference value :  3.55869e-07
 Reference value :  3.56150e-07
 Reference value :  3.56498e-07
 Reference value :  3.56826e-07
 Reference value :  3.57150e-07
 Reference value :  3.57475e-07
 Reference value :  3.57817e-07
 Reference value :  3.58177e-07
 Reference value :  3.58509e-07
 Reference value :  3.58833e-07
 Reference value :  3.59157e-07
 Reference value :  3.59496e-07
 Reference value :  3.59854e-07
 Reference value :  3.60214e-07
 Reference value :  3.60561e-07
 Reference value :  3.60885e-07
 Reference value :  3.61225e-07
 Reference value :  3.61564e-07
 Reference value :  3.61904e-07
 Reference value :  3.62256e-07
 Reference value :  3.62598e-07
 Reference value :  3.62923e-07
 Reference value :  3.63262e-07
 Reference value :  3.63586e-07
 Reference value :  3.63923e-07
 Reference value :  3.64277e-07
 Reference value :  3.64636e-07
 Reference value :  3.64975e-07
 Reference value :  3.65315e-07
 Reference value :  3.65639e-07
 Reference value :  3.65978e-07
 Reference value :  3.66330e-07
 Reference value :  3.66684e-07
 Reference value :  3.67012e-07
 Reference value :  3.67336e-07
 Reference value :  3.67661e-07
 Reference value :  3.67997e-07
 Reference value :  3.68351e-07
 Reference value :  3.68695e-07
 Reference value :  3.69034e-07
 Reference value :  3.69389e-07
 Reference value :  3.69744e-07
 Reference value :  3.70084e-07
 Reference value :  3.70423e-07
 Reference value :  3.70772e-07
 Reference value :  3.71118e-07
 Reference value :  3.71457e-07
 Reference value :  3.71797e-07
 Reference value :  3.72136e-07
 Reference value :  3.72460e-07
 Reference value :  3.72812e-07
 Reference value :  3.73155e-07
 Reference value :  3.73479e-07
 Reference value :  3.73803e-07
 Reference value :  3.74143e-07
 Reference value :  3.74476e-07
 Reference value :  3.74806e-07
 Reference value :  3.75146e-07
 Reference value :  3.75470e-07
 Reference value :  3.75794e-07
 Reference value :  3.76143e-07
 Reference value :  3.76488e-07
 Reference value :  3.76782e-07
 Reference value :  3.77072e-07
 Reference value :  3.77384e-07
 Reference value :  3.77677e-07
 Reference value :  3.77995e-07
 Reference value :  3.78310e-07
 Reference value :  3.78649e-07
 Reference value :  3.78973e-07
 Reference value :  3.79291e-07
 Reference value :  3.79606e-07
 Reference value :  3.79899e-07
 Reference value :  3.80217e-07
 Reference value :  3.80547e-07
 Reference value :  3.80871e-07
 Reference value :  3.81180e-07
 Reference value :  3.81517e-07
 Reference value :  3.81871e-07
 Reference value :  3.82214e-07
 Reference value :  3.82538e-07
 Reference value :  3.82862e-07
 Reference value :  3.83190e-07
 Reference value :  3.83554e-07
 Reference value :  3.83920e-07
 Reference value :  3.84251e-07
 Reference value :  3.84575e-07
 Reference value :  3.84900e-07
 Reference value :  3.85239e-07
 Reference value :  3.85586e-07
 Reference value :  3.85918e-07
 Reference value :  3.86227e-07
 Reference value :  3.86536e-07
 Reference value :  3.86884e-07
 Reference value :  3.87230e-07
 Reference value :  3.87554e-07
 Reference value :  3.87878e-07
 Reference value :  3.88249e-07
 Reference value :  3.88588e-07
 Reference value :  3.88925e-07
 Reference value :  3.89279e-07
 Reference value :  3.89607e-07
 Reference value :  3.89931e-07
 Reference value :  3.90255e-07
 Reference value :  3.90591e-07
 Reference value :  3.90946e-07
 Reference value :  3.91274e-07
 Reference value :  3.91598e-07
 Reference value :  3.91922e-07
 Reference value :  3.92258e-07
 Reference value :  3.92612e-07
 Reference value :  3.92956e-07
 Reference value :  3.93295e-07
 Reference value :  3.93635e-07
 Reference value :  3.93959e-07
 Reference value :  3.94295e-07
 Reference value :  3.94650e-07
 Reference value :  3.94978e-07
 Reference value :  3.95317e-07
 Reference value :  3.95657e-07
 Reference value :  3.95981e-07
 Reference value :  3.96330e-07
 Reference value :  3.96675e-07
 Reference value :  3.96999e-07
 Reference value :  3.97323e-07
 Reference value :  3.97663e-07
 Reference value :  3.97999e-07
 Reference value :  3.98354e-07
 Reference value :  3.98682e-07
 Reference value :  3.99006e-07
 Reference value :  3.99330e-07
 Reference value :  3.99666e-07
 Reference value :  4.00020e-07
 Reference value :  4.00333e-07
 Reference value :  4.00642e-07
 Reference value :  4.00963e-07
 Reference value :  4.01305e-07
 Reference value :  4.01614e-07
 Reference value :  4.01938e-07
 Reference value :  4.02265e-07
 Reference value :  4.02626e-07
 Reference value :  4.02972e-07
 Reference value :  4.03296e-07
 Reference value :  4.03620e-07
 Reference value :  4.03944e-07
 Reference value :  4.04293e-07
 Reference value :  4.04639e-07
 Reference value :  4.04963e-07
 Reference value :  4.05287e-07
 Reference value :  4.05611e-07
 Reference value :  4.05960e-07
 Reference value :  4.06306e-07
 Reference value :  4.06630e-07
 Reference value :  4.06954e-07
 Reference value :  4.07293e-07
 Reference value :  4.07630e-07
 Reference value :  4.07984e-07
 Reference value :  4.08297e-07
 Reference value :  4.08621e-07
 Reference value :  4.08932e-07
 Reference value :  4.09292e-07
 Reference value :  4.09624e-07
 Reference value :  4.09948e-07
 Reference value :  4.10272e-07
 Reference value :  4.10599e-07
 Reference value :  4.10947e-07
 Reference value :  4.11260e-07
 Reference value :  4.11584e-07
 Reference value :  4.11923e-07
 Reference value :  4.12266e-07
 Reference value :  4.12626e-07
 Reference value :  4.12957e-07
 Reference value :  4.13281e-07
 Reference value :  4.13606e-07
 Reference value :  4.13945e-07
 Reference value :  4.14294e-07
 Reference value :  4.14640e-07
 Reference value :  4.14948e-07
 Reference value :  4.15272e-07
 Reference value :  4.15600e-07
 Reference value :  4.15948e-07
 Reference value :  4.16291e-07
 Reference value :  4.16646e-07
 Reference value :  4.16985e-07
 Reference value :  4.17310e-07
 Reference value :  4.17637e-07
 Reference value :  4.17996e-07
 Reference value :  4.18328e-07
 Reference value :  4.18652e-07
 Reference value :  4.18976e-07
 Reference value :  4.19304e-07
 Reference value :  4.19665e-07
 Reference value :  4.20010e-07
 Reference value :  4.20350e-07
 Reference value :  4.20689e-07
 Reference value :  4.21014e-07
 Reference value :  4.21369e-07
 Reference value :  4.21724e-07
 Reference value :  4.22072e-07
 Reference value :  4.22430e-07
 Reference value :  4.22773e-07
 Reference value :  4.23082e-07
 Reference value :  4.23406e-07
 Reference value :  4.23739e-07
 Reference value :  4.24085e-07
 Reference value :  4.24409e-07
 Reference value :  4.24718e-07
 Reference value :  4.25039e-07
 Reference value :  4.25393e-07
 Reference value :  4.25721e-07
 Reference value :  4.26091e-07
 Reference value :  4.26431e-07
 Reference value :  4.26770e-07
 Reference value :  4.27094e-07
 Reference value :  4.27443e-07
 Reference value :  4.27800e-07
 Reference value :  4.28128e-07
 Reference value :  4.28452e-07
 Reference value :  4.28777e-07
 Reference value :  4.29113e-07
 Reference value :  4.29467e-07
 Reference value :  4.29795e-07
 Reference value :  4.30119e-07
 Reference value :  4.30459e-07
 Reference value :  4.30814e-07
 Reference value :  4.31169e-07
 Reference value :  4.31518e-07
 Reference value :  4.31863e-07
 Reference value :  4.32172e-07
 Reference value :  4.32481e-07
 Reference value :  4.32823e-07
 Reference value :  4.33183e-07
 Reference value :  4.33530e-07
 Reference value :  4.33854e-07
 Reference value :  4.34163e-07
 Reference value :  4.34490e-07
 Reference value :  4.34850e-07
 Reference value :  4.35197e-07
 Reference value :  4.35536e-07
 Reference value :  4.35876e-07
 Reference value :  4.36215e-07
 Reference value :  4.36555e-07
 Reference value :  4.36898e-07
 Reference value :  4.37257e-07
 Reference value :  4.37604e-07
 Reference value :  4.37944e-07
 Reference value :  4.38268e-07
 Reference value :  4.38608e-07
 Reference value :  4.38929e-07
 Reference value :  4.39283e-07
 Reference value :  4.39611e-07
 Reference value :  4.39935e-07
 Reference value :  4.40274e-07
 Reference value :  4.40629e-07
 Reference value :  4.40966e-07
 Reference value :  4.41320e-07
 Reference value :  4.41648e-07
 Reference value :  4.41972e-07
 Reference value :  4.42296e-07
 Reference value :  4.42633e-07
 Reference value :  4.42987e-07
 Reference value :  4.43315e-07
 Reference value :  4.43639e-07
 Reference value :  4.43963e-07
 Reference value :  4.44299e-07
 Reference value :  4.44654e-07
 Reference value :  4.44997e-07
 Reference value :  4.45321e-07
 Reference value :  4.45645e-07
 Reference value :  4.45966e-07
 Reference value :  4.46320e-07
 Reference value :  4.46664e-07
 Reference value :  4.46988e-07
 Reference value :  4.47327e-07
 Reference value :  4.47652e-07
 Reference value :  4.48000e-07
 Reference value :  4.48346e-07
 Reference value :  4.48670e-07
 Reference value :  4.48994e-07
 Reference value :  4.49318e-07
 Reference value :  4.49667e-07
 Reference value :  4.50036e-07
 Reference value :  4.50383e-07
 Reference value :  4.50723e-07
 Reference value :  4.51062e-07
 Reference value :  4.51371e-07
 Reference value :  4.51707e-07
 Reference value :  4.52050e-07
 Reference value :  4.52374e-07
 Reference value :  4.52698e-07
 Reference value :  4.53010e-07
 Reference value :  4.53358e-07
 Reference value :  4.53671e-07
 Reference value :  4.53979e-07
 Reference value :  4.54306e-07
 Reference value :  4.54666e-07
 Reference value :  4.54998e-07
 Reference value :  4.55306e-07
 Reference value :  4.55615e-07
 Reference value :  4.55967e-07
 Reference value :  4.56333e-07
 Reference value :  4.56680e-07
 Reference value :  4.57004e-07
 Reference value :  4.57328e-07
 Reference value :  4.57652e-07
 Reference value :  4.58000e-07
 Reference value :  4.58301e-07
 Reference value :  4.58578e-07
 Reference value :  4.58926e-07
 Reference value :  4.59227e-07
 Reference value :  4.59535e-07
 Reference value :  4.59853e-07
 Reference value :  4.60168e-07
 Reference value :  4.60477e-07
 Reference value :  4.60788e-07
 Reference value :  4.61148e-07
 Reference value :  4.61464e-07
 Reference value :  4.61773e-07
 Reference value :  4.62085e-07
 Reference value :  4.62433e-07
 Reference value :  4.62745e-07
 Reference value :  4.63069e-07
 Reference value :  4.63394e-07
 Reference value :  4.63742e-07
 Reference value :  4.64100e-07
 Reference value :  4.64443e-07
 Reference value :  4.64767e-07
 Reference value :  4.65091e-07
 Reference value :  4.65418e-07
 Reference value :  4.65778e-07
 Reference value :  4.66079e-07
 Reference value :  4.66388e-07
 Reference value :  4.66709e-07
 Reference value :  4.67063e-07
 Reference value :  4.67375e-07
 Reference value :  4.67684e-07
 Reference value :  4.68005e-07
 Reference value :  4.68359e-07
 Reference value :  4.68687e-07
 Reference value :  4.69058e-07
 Reference value :  4.69382e-07
 Reference value :  4.69672e-07
 Reference value :  4.69984e-07
 Reference value :  4.70261e-07
 Reference value :  4.70595e-07
 Reference value :  4.70940e-07
 Reference value :  4.71249e-07
 Reference value :  4.71558e-07
 Reference value :  4.71894e-07
 Reference value :  4.72248e-07
 Reference value :  4.72576e-07
 Reference value :  4.72900e-07
 Reference value :  4.73209e-07
 Reference value :  4.73558e-07
 Reference value :  4.73888e-07
 Reference value :  4.74197e-07
 Reference value :  4.74521e-07
 Reference value :  4.74857e-07
 Reference value :  4.75212e-07
 Reference value :  4.75540e-07
 Reference value :  4.75864e-07
 Reference value :  4.76188e-07
 Reference value :  4.76524e-07
 Reference value :  4.76878e-07
 Reference value :  4.77206e-07
 Reference value :  4.77530e-07
 Reference value :  4.77827e-07
 Reference value :  4.78163e-07
 Reference value :  4.78503e-07
 Reference value :  4.78827e-07
 Reference value :  4.79151e-07
 Reference value :  4.79484e-07
 Reference value :  4.79830e-07
 Reference value :  4.80154e-07
 Reference value :  4.80463e-07
 Reference value :  4.80790e-07
 Reference value :  4.81150e-07
 Reference value :  4.81481e-07
 Reference value :  4.81775e-07
 Reference value :  4.82099e-07
 Reference value :  4.82446e-07
 Reference value :  4.82762e-07
 Reference value :  4.83102e-07
 Reference value :  4.83441e-07
 Reference value :  4.83766e-07
 Reference value :  4.84114e-07
 Reference value :  4.84460e-07
 Reference value :  4.84784e-07
 Reference value :  4.85108e-07
 Reference value :  4.85432e-07
 Reference value :  4.85781e-07
 Reference value :  4.86138e-07
 Reference value :  4.86466e-07
 Reference value :  4.86775e-07
 Reference value :  4.87099e-07
 Reference value :  4.87451e-07
 Reference value :  4.87818e-07
 Reference value :  4.88176e-07
 Reference value :  4.88534e-07
 Reference value :  4.88874e-07
 Reference value :  4.89213e-07
 Reference value :  4.89553e-07
 Reference value :  4.89893e-07
 Reference value :  4.90229e-07
 Reference value :  4.90583e-07
 Reference value :  4.90927e-07
 Reference value :  4.91251e-07
 Reference value :  4.91559e-07
 Reference value :  4.91896e-07
 Reference value :  4.92250e-07
 Reference value :  4.92593e-07
 Reference value :  4.92933e-07
 Reference value :  4.93242e-07
 Reference value :  4.93560e-07
 Reference value :  4.93890e-07
 Reference value :  4.94198e-07
 Reference value :  4.94507e-07
 Reference value :  4.94854e-07
 Reference value :  4.95171e-07
 Reference value :  4.95495e-07
 Reference value :  4.95819e-07
 Reference value :  4.96152e-07
 Reference value :  4.96483e-07
 Reference value :  4.96807e-07
 Reference value :  4.97131e-07
 Reference value :  4.97486e-07
 Reference value :  4.97822e-07
 Reference value :  4.98188e-07
 Reference value :  4.98520e-07
 Reference value :  4.98844e-07
 Reference value :  4.99168e-07
 Reference value :  4.99489e-07
 Reference value :  4.99855e-07
 Reference value :  5.00171e-07
 Reference value :  5.00464e-07
 Reference value :  5.00785e-07
 Reference value :  5.01113e-07
 Reference value :  5.01421e-07
 Reference value :  5.01730e-07
 Reference value :  5.02088e-07
 Reference value :  5.02452e-07
 Reference value :  5.02818e-07
 Reference value :  5.03165e-07
 Reference value :  5.03505e-07
 Reference value :  5.03829e-07
 Reference value :  5.04153e-07
 Reference value :  5.04489e-07
 Reference value :  5.04855e-07
 Reference value :  5.05187e-07
 Reference value :  5.05511e-07
 Reference value :  5.05835e-07
 Reference value :  5.06162e-07
 Reference value :  5.06524e-07
 Reference value :  5.06881e-07
 Reference value :  5.07240e-07
 Reference value :  5.07579e-07
 Reference value :  5.07919e-07
 Reference value :  5.08243e-07
 Reference value :  5.08570e-07
 Reference value :  5.08918e-07
 Reference value :  5.09231e-07
 Reference value :  5.09539e-07
 Reference value :  5.09857e-07
 Reference value :  5.10187e-07
 Reference value :  5.10511e-07
 Reference value :  5.10820e-07
 Reference value :  5.11163e-07
 Reference value :  5.11524e-07
 Reference value :  5.11881e-07
 Reference value :  5.12209e-07
 Reference value :  5.12533e-07
 Reference value :  5.12842e-07
 Reference value :  5.13191e-07
 Reference value :  5.13548e-07
 Reference value :  5.13876e-07
 Reference value :  5.14200e-07
 Reference value :  5.14524e-07
 Reference value :  5.14861e-07
 Reference value :  5.15215e-07
 Reference value :  5.15543e-07
 Reference value :  5.15867e-07
 Reference value :  5.16206e-07
 Reference value :  5.16527e-07
 Reference value :  5.16882e-07
 Reference value :  5.17210e-07
 Reference value :  5.17518e-07
 Reference value :  5.17842e-07
 Reference value :  5.18191e-07
 Reference value :  5.18537e-07
 Reference value :  5.18861e-07
 Reference value :  5.19185e-07
 Reference value :  5.19509e-07
 Reference value :  5.19858e-07
 Reference value :  5.20204e-07
 Reference value :  5.20528e-07
 Reference value :  5.20883e-07
 Reference value :  5.21222e-07
 Reference value :  5.21562e-07
 Reference value :  5.21898e-07
 Reference value :  5.22241e-07
 Reference value :  5.22565e-07
 Reference value :  5.22889e-07
 Reference value :  5.23201e-07
 Reference value :  5.23560e-07
 Reference value :  5.23877e-07
 Reference value :  5.24201e-07
 Reference value :  5.24525e-07
 Reference value :  5.24861e-07
 Reference value :  5.25216e-07
 Reference value :  5.25544e-07
 Reference value :  5.25883e-07
 Reference value :  5.26223e-07
 Reference value :  5.26534e-07
 Reference value :  5.26882e-07
 Reference value :  5.27195e-07
 Reference value :  5.27519e-07
 Reference value :  5.27843e-07
 Reference value :  5.28190e-07
 Reference value :  5.28507e-07
 Reference value :  5.28815e-07
 Reference value :  5.29127e-07
 Reference value :  5.29475e-07
 Reference value :  5.29803e-07
 Reference value :  5.30127e-07
 Reference value :  5.30467e-07
 Reference value :  5.30806e-07
 Reference value :  5.31155e-07
 Reference value :  5.31501e-07
 Reference value :  5.31809e-07
 Reference value :  5.32103e-07
 Reference value :  5.32450e-07
 Reference value :  5.32766e-07
 Reference value :  5.33075e-07
 Reference value :  5.33399e-07
 Reference value :  5.33746e-07
 Reference value :  5.34063e-07
 Reference value :  5.34371e-07
 Reference value :  5.34683e-07
 Reference value :  5.35031e-07
 Reference value :  5.35375e-07
 Reference value :  5.35714e-07
 Reference value :  5.36054e-07
 Reference value :  5.36393e-07
 Reference value :  5.36720e-07
 Reference value :  5.37082e-07
 Reference value :  5.37412e-07
 Reference value :  5.37751e-07
 Reference value :  5.38091e-07
 Reference value :  5.38430e-07
 Reference value :  5.38770e-07
 Reference value :  5.39119e-07
 Reference value :  5.39476e-07
 Reference value :  5.39819e-07
 Reference value :  5.40159e-07
 Reference value :  5.40514e-07
 Reference value :  5.40838e-07
 Reference value :  5.41178e-07
 Reference value :  5.41526e-07
 Reference value :  5.41884e-07
 Reference value :  5.42227e-07
 Reference value :  5.42551e-07
 Reference value :  5.42891e-07
 Reference value :  5.43230e-07
 Reference value :  5.43573e-07
 Reference value :  5.43932e-07
 Reference value :  5.44264e-07
 Reference value :  5.44604e-07
 Reference value :  5.44943e-07
 Reference value :  5.45240e-07
 Reference value :  5.45588e-07
 Reference value :  5.45916e-07
 Reference value :  5.46209e-07
 Reference value :  5.46536e-07
 Reference value :  5.46897e-07
 Reference value :  5.47254e-07
 Reference value :  5.47582e-07
 Reference value :  5.47906e-07
 Reference value :  5.48231e-07
 Reference value :  5.48567e-07
 Reference value :  5.48910e-07
 Reference value :  5.49234e-07
 Reference value :  5.49589e-07
 Reference value :  5.49913e-07
 Reference value :  5.50240e-07
 Reference value :  5.50600e-07
 Reference value :  5.50947e-07
 Reference value :  5.51271e-07
 Reference value :  5.51610e-07
 Reference value :  5.51935e-07
 Reference value :  5.52271e-07
 Reference value :  5.52625e-07
 Reference value :  5.52953e-07
 Reference value :  5.53277e-07
 Reference value :  5.53617e-07
 Reference value :  5.53938e-07
 Reference value :  5.54305e-07
 Reference value :  5.54674e-07
 Reference value :  5.55021e-07
 Reference value :  5.55361e-07
 Reference value :  5.55700e-07
 Reference value :  5.56055e-07
 Reference value :  5.56364e-07
 Reference value :  5.56716e-07
 Reference value :  5.57082e-07
 Reference value :  5.57413e-07
 Reference value :  5.57707e-07
 Reference value :  5.58012e-07
 Reference value :  5.58355e-07
 Reference value :  5.58679e-07
 Reference value :  5.59034e-07
 Reference value :  5.59358e-07
 Reference value :  5.59685e-07
 Reference value :  5.60045e-07
 Reference value :  5.60377e-07
 Reference value :  5.60716e-07
 Reference value :  5.61056e-07
 Reference value :  5.61364e-07
 Reference value :  5.61713e-07
 Reference value :  5.62070e-07
 Reference value :  5.62414e-07
 Reference value :  5.62738e-07
 Reference value :  5.63047e-07
 Reference value :  5.63380e-07
 Reference value :  5.63726e-07
 Reference value :  5.64065e-07
 Reference value :  5.64389e-07
 Reference value :  5.64698e-07
 Reference value :  5.65050e-07
 Reference value :  5.65392e-07
 Reference value :  5.65732e-07
 Reference value :  5.66071e-07
 Reference value :  5.66396e-07
 Reference value :  5.66735e-07
 Reference value :  5.67084e-07
 Reference value :  5.67441e-07
 Reference value :  5.67769e-07
 Reference value :  5.68109e-07
 Reference value :  5.68464e-07
 Reference value :  5.68803e-07
 Reference value :  5.69130e-07
 Reference value :  5.69490e-07
 Reference value :  5.69837e-07
 Reference value :  5.70177e-07
 Reference value :  5.70501e-07
 Reference value :  5.70840e-07
 Reference value :  5.71161e-07
 Reference value :  5.71527e-07
 Reference value :  5.71828e-07
 Reference value :  5.72137e-07
 Reference value :  5.72464e-07
 Reference value :  5.72825e-07
 Reference value :  5.73182e-07
 Reference value :  5.73526e-07
 Reference value :  5.73865e-07
 Reference value :  5.74189e-07
 Reference value :  5.74529e-07
 Reference value :  5.74865e-07
 Reference value :  5.75220e-07
 Reference value :  5.75548e-07
 Reference value :  5.75872e-07
 Reference value :  5.76180e-07
 Reference value :  5.76528e-07
 Reference value :  5.76829e-07
 Reference value :  5.77153e-07
 Reference value :  5.77477e-07
 Reference value :  5.77835e-07
 Reference value :  5.78196e-07
 Reference value :  5.78553e-07
 Reference value :  5.78897e-07
 Reference value :  5.79236e-07
 Reference value :  5.79560e-07
 Reference value :  5.79884e-07
 Reference value :  5.80233e-07
 Reference value :  5.80590e-07
 Reference value :  5.80918e-07
 Reference value :  5.81242e-07
 Reference value :  5.81567e-07
 Reference value :  5.81900e-07
 Reference value :  5.82257e-07
 Reference value :  5.82601e-07
 Reference value :  5.82956e-07
 Reference value :  5.83295e-07
 Reference value :  5.83604e-07
 Reference value :  5.83937e-07
 Reference value :  5.84283e-07
 Reference value :  5.84607e-07
 Reference value :  5.84931e-07
 Reference value :  5.85255e-07
 Reference value :  5.85604e-07
 Reference value :  5.85950e-07
 Reference value :  5.86258e-07
 Reference value :  5.86567e-07
 Reference value :  5.86900e-07
 Reference value :  5.87246e-07
 Reference value :  5.87586e-07
 Reference value :  5.87894e-07
 Reference value :  5.88206e-07
 Reference value :  5.88566e-07
 Reference value :  5.88913e-07
 Reference value :  5.89237e-07
 Reference value :  5.89561e-07
 Reference value :  5.89873e-07
 Reference value :  5.90232e-07
 Reference value :  5.90564e-07
 Reference value :  5.90888e-07
 Reference value :  5.91197e-07
 Reference value :  5.91530e-07
 Reference value :  5.91876e-07
 Reference value :  5.92231e-07
 Reference value :  5.92586e-07
 Reference value :  5.92925e-07
 Reference value :  5.93265e-07
 Reference value :  5.93605e-07
 Reference value :  5.93947e-07
 Reference value :  5.94295e-07
 Reference value :  5.94639e-07
 Reference value :  5.94963e-07
 Reference value :  5.95287e-07
 Reference value :  5.95614e-07
 Reference value :  5.95974e-07
 Reference value :  5.96305e-07
 Reference value :  5.96629e-07
 Reference value :  5.96984e-07
 Reference value :  5.97324e-07
 Reference value :  5.97651e-07
 Reference value :  5.98011e-07
 Reference value :  5.98327e-07
 Reference value :  5.98636e-07
 Reference value :  5.98975e-07
 Reference value :  5.99312e-07
 Reference value :  5.99639e-07
 Reference value :  5.99932e-07
 Reference value :  6.00244e-07
 Reference value :  6.00592e-07
 Reference value :  6.00920e-07
 Reference value :  6.01244e-07
 Reference value :  6.01584e-07
 Reference value :  6.01911e-07
 Reference value :  6.02259e-07
 Reference value :  6.02571e-07
 Reference value :  6.02895e-07
 Reference value :  6.03220e-07
 Reference value :  6.03568e-07
 Reference value :  6.03914e-07
 Reference value :  6.04223e-07
 Reference value :  6.04547e-07
 Reference value :  6.04874e-07
 Reference value :  6.05234e-07
 Reference value :  6.05565e-07
 Reference value :  6.05889e-07
 Reference value :  6.06214e-07
 Reference value :  6.06553e-07
 Reference value :  6.06902e-07
 Reference value :  6.07248e-07
 Reference value :  6.07556e-07
 Reference value :  6.07880e-07
 Reference value :  6.08208e-07
 Reference value :  6.08567e-07
 Reference value :  6.08899e-07
 Reference value :  6.09223e-07
 Reference value :  6.09547e-07
 Reference value :  6.09874e-07
 Reference value :  6.10234e-07
 Reference value :  6.10566e-07
 Reference value :  6.10905e-07
 Reference value :  6.11245e-07
 Reference value :  6.11584e-07
 Reference value :  6.11912e-07
 Reference value :  6.12271e-07
 Reference value :  6.12603e-07
 Reference value :  6.12943e-07
 Reference value :  6.13267e-07
 Reference value :  6.13591e-07
 Reference value :  6.13938e-07
 Reference value :  6.14270e-07
 Reference value :  6.14594e-07
 Reference value :  6.14933e-07
 Reference value :  6.15258e-07
 Reference value :  6.15609e-07
 Reference value :  6.15975e-07
 Reference value :  6.16334e-07
 Reference value :  6.16677e-07
 Reference value :  6.17001e-07
 Reference value :  6.17326e-07
 Reference value :  6.17653e-07
 Reference value :  6.18012e-07
 Reference value :  6.18344e-07
 Reference value :  6.18668e-07
 Reference value :  6.18992e-07
 Reference value :  6.19313e-07
 Reference value :  6.19668e-07
 Reference value :  6.19996e-07
 Reference value :  6.20335e-07
 Reference value :  6.20690e-07
 Reference value :  6.21030e-07
 Reference value :  6.21369e-07
 Reference value :  6.21718e-07
 Reference value :  6.22075e-07
 Reference value :  6.22419e-07
 Reference value :  6.22743e-07
 Reference value :  6.23067e-07
 Reference value :  6.23394e-07
 Reference value :  6.23754e-07
 Reference value :  6.24101e-07
 Reference value :  6.24425e-07
 Reference value :  6.24764e-07
 Reference value :  6.25089e-07
 Reference value :  6.25459e-07
 Reference value :  6.25802e-07
 Reference value :  6.26161e-07
 Reference value :  6.26508e-07
 Reference value :  6.26833e-07
 Reference value :  6.27172e-07
 Reference value :  6.27512e-07
 Reference value :  6.27851e-07
 Reference value :  6.28203e-07
 Reference value :  6.28557e-07
 Reference value :  6.28901e-07
 Reference value :  6.29240e-07
 Reference value :  6.29580e-07
 Reference value :  6.29919e-07
 Reference value :  6.30274e-07
 Reference value :  6.30617e-07
 Reference value :  6.30976e-07
 Reference value :  6.31324e-07
 Reference value :  6.31663e-07
 Reference value :  6.31987e-07
 Reference value :  6.32311e-07
 Reference value :  6.32648e-07
 Reference value :  6.33002e-07
 Reference value :  6.33330e-07
 Reference value :  6.33639e-07
 Reference value :  6.33963e-07
 Reference value :  6.34312e-07
 Reference value :  6.34669e-07
 Reference value :  6.35039e-07
 Reference value :  6.35383e-07
 Reference value :  6.35722e-07
 Reference value :  6.36046e-07
 Reference value :  6.36370e-07
 Reference value :  6.36719e-07
 Reference value :  6.37065e-07
 Reference value :  6.37389e-07
 Reference value :  6.37713e-07
 Reference value :  6.38037e-07
 Reference value :  6.38386e-07
 Reference value :  6.38732e-07
 Reference value :  6.39071e-07
 Reference value :  6.39380e-07
 Reference value :  6.39735e-07
 Reference value :  6.40074e-07
 Reference value :  6.40426e-07
 Reference value :  6.40780e-07
 Reference value :  6.41124e-07
 Reference value :  6.41479e-07
 Reference value :  6.41803e-07
 Reference value :  6.42142e-07
 Reference value :  6.42470e-07
 Reference value :  6.42831e-07
 Reference value :  6.43188e-07
 Reference value :  6.43531e-07
 Reference value :  6.43871e-07
 Reference value :  6.44210e-07
 Reference value :  6.44565e-07
 Reference value :  6.44905e-07
 Reference value :  6.45241e-07
 Reference value :  6.45607e-07
 Reference value :  6.45954e-07
 Reference value :  6.46294e-07
 Reference value :  6.46618e-07
 Reference value :  6.46942e-07
 Reference value :  6.47279e-07
 Reference value :  6.47633e-07
 Reference value :  6.47976e-07
 Reference value :  6.48316e-07
 Reference value :  6.48655e-07
 Reference value :  6.49010e-07
 Reference value :  6.49365e-07
 Reference value :  6.49705e-07
 Reference value :  6.50054e-07
 Reference value :  6.50411e-07
 Reference value :  6.50754e-07
 Reference value :  6.51094e-07
 Reference value :  6.51418e-07
 Reference value :  6.51757e-07
 Reference value :  6.52094e-07
 Reference value :  6.52460e-07
 Reference value :  6.52807e-07
 Reference value :  6.53146e-07
 Reference value :  6.53455e-07
 Reference value :  6.53810e-07
 Reference value :  6.54128e-07
 Reference value :  6.54458e-07
 Reference value :  6.54767e-07
 Reference value :  6.55076e-07
 Reference value :  6.55424e-07
 Reference value :  6.55770e-07
 Reference value :  6.56110e-07
 Reference value :  6.56418e-07
 Reference value :  6.56730e-07
 Reference value :  6.57078e-07
 Reference value :  6.57391e-07
 Reference value :  6.57715e-07
 Reference value :  6.58039e-07
 Reference value :  6.58391e-07
 Reference value :  6.58758e-07
 Reference value :  6.59115e-07
 Reference value :  6.59459e-07
 Reference value :  6.59798e-07
 Reference value :  6.60122e-07
 Reference value :  6.60462e-07
 Reference value :  6.60798e-07
 Reference value :  6.61164e-07
 Reference value :  6.61496e-07
 Reference value :  6.61820e-07
 Reference value :  6.62144e-07
 Reference value :  6.62471e-07
 Reference value :  6.62832e-07
 Reference value :  6.63190e-07
 Reference value :  6.63533e-07
 Reference value :  6.63873e-07
 Reference value :  6.64212e-07
 Reference value :  6.64536e-07
 Reference value :  6.64873e-07
 Reference value :  6.65227e-07
 Reference value :  6.65555e-07
 Reference value :  6.65894e-07
 Reference value :  6.66234e-07
 Reference value :  6.66558e-07
 Reference value :  6.66907e-07
 Reference value :  6.67264e-07
 Reference value :  6.67592e-07
 Reference value :  6.67931e-07
 Reference value :  6.68286e-07
 Reference value :  6.68626e-07
 Reference value :  6.68966e-07
 Reference value :  6.69314e-07
 Reference value :  6.69672e-07
 Reference value :  6.70000e-07
 Reference value :  6.70324e-07
 Reference value :  6.70648e-07
 Reference value :  6.70981e-07
 Reference value :  6.71327e-07
 Reference value :  6.71651e-07
 Reference value :  6.71975e-07
 Reference value :  6.72299e-07
 Reference value :  6.72657e-07
 Reference value :  6.73021e-07
 Reference value :  6.73387e-07
 Reference value :  6.73734e-07
 Reference value :  6.74059e-07
 Reference value :  6.74398e-07
 Reference value :  6.74738e-07
 Reference value :  6.75065e-07
 Reference value :  6.75413e-07
 Reference value :  6.75741e-07
 Reference value :  6.76049e-07
 Reference value :  6.76361e-07
 Reference value :  6.76709e-07
 Reference value :  6.77037e-07
 Reference value :  6.77361e-07
 Reference value :  6.77701e-07
 Reference value :  6.78028e-07
 Reference value :  6.78388e-07
 Reference value :  6.78719e-07
 Reference value :  6.79043e-07
 Reference value :  6.79383e-07
 Reference value :  6.79723e-07
 Reference value :  6.80065e-07
 Reference value :  6.80426e-07
 Reference value :  6.80772e-07
 Reference value :  6.81096e-07
 Reference value :  6.81420e-07
 Reference value :  6.81744e-07
 Reference value :  6.82096e-07
 Reference value :  6.82462e-07
 Reference value :  6.82809e-07
 Reference value :  6.83133e-07
 Reference value :  6.83457e-07
 Reference value :  6.83769e-07
 Reference value :  6.84117e-07
 Reference value :  6.84461e-07
 Reference value :  6.84769e-07
 Reference value :  6.85078e-07
 Reference value :  6.85425e-07
 Reference value :  6.85757e-07
 Reference value :  6.86081e-07
 Reference value :  6.86405e-07
 Reference value :  6.86732e-07
 Reference value :  6.87097e-07
 Reference value :  6.87462e-07
 Reference value :  6.87794e-07
 Reference value :  6.88118e-07
 Reference value :  6.88442e-07
 Reference value :  6.88782e-07
 Reference value :  6.89131e-07
 Reference value :  6.89476e-07
 Reference value :  6.89801e-07
 Reference value :  6.90125e-07
 Reference value :  6.90449e-07
 Reference value :  6.90798e-07
 Reference value :  6.91143e-07
 Reference value :  6.91467e-07
 Reference value :  6.91807e-07
 Reference value :  6.92131e-07
 Reference value :  6.92467e-07
 Reference value :  6.92822e-07
 Reference value :  6.93150e-07
 Reference value :  6.93474e-07
 Reference value :  6.93798e-07
 Reference value :  6.94134e-07
 Reference value :  6.94500e-07
 Reference value :  6.94847e-07
 Reference value :  6.95187e-07
 Reference value :  6.95526e-07
 Reference value :  6.95850e-07
 Reference value :  6.96178e-07
 Reference value :  6.96539e-07
 Reference value :  6.96896e-07
 Reference value :  6.97239e-07
 Reference value :  6.97563e-07
 Reference value :  6.97872e-07
 Reference value :  6.98209e-07
 Reference value :  6.98563e-07
 Reference value :  6.98891e-07
 Reference value :  6.99215e-07
 Reference value :  6.99539e-07
 Reference value :  6.99875e-07
 Reference value :  7.00230e-07
 Reference value :  7.00558e-07
 Reference value :  7.00851e-07
 Reference value :  7.01190e-07
 Reference value :  7.01539e-07
 Reference value :  7.01885e-07
 Reference value :  7.02209e-07
 Reference value :  7.02533e-07
 Reference value :  7.02857e-07
 Reference value :  7.03209e-07
 Reference value :  7.03575e-07
 Reference value :  7.03922e-07
 Reference value :  7.04246e-07
 Reference value :  7.04586e-07
 Reference value :  7.04925e-07
 Reference value :  7.05252e-07
 Reference value :  7.05614e-07
 Reference value :  7.05971e-07
 Reference value :  7.06314e-07
 Reference value :  7.06654e-07
 Reference value :  7.06993e-07
 Reference value :  7.07333e-07
 Reference value :  7.07660e-07
 Reference value :  7.07996e-07
 Reference value :  7.08290e-07
 Reference value :  7.08598e-07
 Reference value :  7.08947e-07
 Reference value :  7.09293e-07
 Reference value :  7.09632e-07
 Reference value :  7.09972e-07
 Reference value :  7.10296e-07
 Reference value :  7.10651e-07
 Reference value :  7.11006e-07
 Reference value :  7.11355e-07
 Reference value :  7.11700e-07
 Reference value :  7.12025e-07
 Reference value :  7.12349e-07
 Reference value :  7.12673e-07
 Reference value :  7.13025e-07
 Reference value :  7.13379e-07
 Reference value :  7.13722e-07
 Reference value :  7.14062e-07
 Reference value :  7.14386e-07
 Reference value :  7.14710e-07
 Reference value :  7.15057e-07
 Reference value :  7.15404e-07
 Reference value :  7.15759e-07
 Reference value :  7.16099e-07
 Reference value :  7.16423e-07
 Reference value :  7.16747e-07
 Reference value :  7.17099e-07
 Reference value :  7.17453e-07
 Reference value :  7.17797e-07
 Reference value :  7.18136e-07
 Reference value :  7.18476e-07
 Reference value :  7.18815e-07
 Reference value :  7.19142e-07
 Reference value :  7.19504e-07
 Reference value :  7.19861e-07
 Reference value :  7.20220e-07
 Reference value :  7.20559e-07
 Reference value :  7.20883e-07
 Reference value :  7.21207e-07
 Reference value :  7.21544e-07
 Reference value :  7.21910e-07
 Reference value :  7.22241e-07
 Reference value :  7.22550e-07
 Reference value :  7.22859e-07
 Reference value :  7.23206e-07
 Reference value :  7.23507e-07
 Reference value :  7.23816e-07
 Reference value :  7.24134e-07
 Reference value :  7.24448e-07
 Reference value :  7.24757e-07
 Reference value :  7.25097e-07
 Reference value :  7.25433e-07
 Reference value :  7.25776e-07
 Reference value :  7.26084e-07
 Reference value :  7.26393e-07
 Reference value :  7.26729e-07
 Reference value :  7.27072e-07
 Reference value :  7.27396e-07
 Reference value :  7.27720e-07
 Reference value :  7.28044e-07
 Reference value :  7.28393e-07
 Reference value :  7.28723e-07
 Reference value :  7.29047e-07
 Reference value :  7.29372e-07
 Reference value :  7.29757e-07
 Reference value :  7.30112e-07
 Reference value :  7.30452e-07
 Reference value :  7.30804e-07
 Reference value :  7.31158e-07
 Reference value :  7.31501e-07
 Reference value :  7.31841e-07
 Reference value :  7.32165e-07
 Reference value :  7.32477e-07
 Reference value :  7.32836e-07
 Reference value :  7.33153e-07
 Reference value :  7.33461e-07
 Reference value :  7.33786e-07
 Reference value :  7.34134e-07
 Reference value :  7.34492e-07
 Reference value :  7.34850e-07
 Reference value :  7.35175e-07
 Reference value :  7.35499e-07
 Reference value :  7.35810e-07
 Reference value :  7.36170e-07
 Reference value :  7.36502e-07
 Reference value :  7.36826e-07
 Reference value :  7.37165e-07
 Reference value :  7.37505e-07
 Reference value :  7.37841e-07
 Reference value :  7.38207e-07
 Reference value :  7.38554e-07
 Reference value :  7.38894e-07
 Reference value :  7.39249e-07
 Reference value :  7.39573e-07
 Reference value :  7.39913e-07
 Reference value :  7.40249e-07
 Reference value :  7.40615e-07
 Reference value :  7.40947e-07
 Reference value :  7.41286e-07
 Reference value :  7.41626e-07
 Reference value :  7.41965e-07
 Reference value :  7.42305e-07
 Reference value :  7.42654e-07
 Reference value :  7.43011e-07
 Reference value :  7.43354e-07
 Reference value :  7.43678e-07
 Reference value :  7.44049e-07
 Reference value :  7.44388e-07
 Reference value :  7.44728e-07
 Reference value :  7.45064e-07
 Reference value :  7.45418e-07
 Reference value :  7.45762e-07
 Reference value :  7.46086e-07
 Reference value :  7.46425e-07
 Reference value :  7.46750e-07
 Reference value :  7.47098e-07
 Reference value :  7.47444e-07
 Reference value :  7.47768e-07
 Reference value :  7.48092e-07
 Reference value :  7.48416e-07
 Reference value :  7.48774e-07
 Reference value :  7.49139e-07
 Reference value :  7.49493e-07
 Reference value :  7.49821e-07
 Reference value :  7.50145e-07
 Reference value :  7.50454e-07
 Reference value :  7.50802e-07
 Reference value :  7.51133e-07
 Reference value :  7.51441e-07
 Reference value :  7.51750e-07
 Reference value :  7.52097e-07
 Reference value :  7.52414e-07
 Reference value :  7.52722e-07
 Reference value :  7.53034e-07
 Reference value :  7.53394e-07
 Reference value :  7.53741e-07
 Reference value :  7.54080e-07
 Reference value :  7.54404e-07
 Reference value :  7.54729e-07
 Reference value :  7.55065e-07
 Reference value :  7.55431e-07
 Reference value :  7.55747e-07
 Reference value :  7.56087e-07
 Reference value :  7.56411e-07
 Reference value :  7.56738e-07
 Reference value :  7.57098e-07
 Reference value :  7.57429e-07
 Reference value :  7.57753e-07
 Reference value :  7.58093e-07
 Reference value :  7.58433e-07
 Reference value :  7.58769e-07
 Reference value :  7.59123e-07
 Reference value :  7.59451e-07
 Reference value :  7.59775e-07
 Reference value :  7.60099e-07
 Reference value :  7.60436e-07
 Reference value :  7.60778e-07
 Reference value :  7.61103e-07
 Reference value :  7.61427e-07
 Reference value :  7.61732e-07
 Reference value :  7.62059e-07
 Reference value :  7.62353e-07
 Reference value :  7.62677e-07
 Reference value :  7.63029e-07
 Reference value :  7.63383e-07
 Reference value :  7.63711e-07
 Reference value :  7.64019e-07
 Reference value :  7.64331e-07
 Reference value :  7.64679e-07
 Reference value :  7.65007e-07
 Reference value :  7.65331e-07
 Reference value :  7.65655e-07
 Reference value :  7.65989e-07
 Reference value :  7.66319e-07
 Reference value :  7.66643e-07
 Reference value :  7.66967e-07
 Reference value :  7.67307e-07
 Reference value :  7.67677e-07
 Reference value :  7.68026e-07
 Reference value :  7.68372e-07
 Reference value :  7.68696e-07
 Reference value :  7.69020e-07
 Reference value :  7.69332e-07
 Reference value :  7.69691e-07
 Reference value :  7.70023e-07
 Reference value :  7.70332e-07
 Reference value :  7.70640e-07
 Reference value :  7.70989e-07
 Reference value :  7.71319e-07
 Reference value :  7.71628e-07
 Reference value :  7.71952e-07
 Reference value :  7.72295e-07
 Reference value :  7.72656e-07
 Reference value :  7.73002e-07
 Reference value :  7.73310e-07
 Reference value :  7.73619e-07
 Reference value :  7.73955e-07
 Reference value :  7.74310e-07
 Reference value :  7.74638e-07
 Reference value :  7.74962e-07
 Reference value :  7.75270e-07
 Reference value :  7.75622e-07
 Reference value :  7.75976e-07
 Reference value :  7.76320e-07
 Reference value :  7.76644e-07
 Reference value :  7.76983e-07
 Reference value :  7.77308e-07
 Reference value :  7.77655e-07
 Reference value :  7.77971e-07
 Reference value :  7.78280e-07
 Reference value :  7.78604e-07
 Reference value :  7.78953e-07
 Reference value :  7.79310e-07
 Reference value :  7.79638e-07
 Reference value :  7.79962e-07
 Reference value :  7.80286e-07
 Reference value :  7.80629e-07
 Reference value :  7.80988e-07
 Reference value :  7.81320e-07
 Reference value :  7.81644e-07
 Reference value :  7.81999e-07
 Reference value :  7.82339e-07
 Reference value :  7.82678e-07
 Reference value :  7.83030e-07
 Reference value :  7.83384e-07
 Reference value :  7.83728e-07
 Reference value :  7.84052e-07
 Reference value :  7.84376e-07
 Reference value :  7.84716e-07
 Reference value :  7.85063e-07
 Reference value :  7.85379e-07
 Reference value :  7.85703e-07
 Reference value :  7.86027e-07
 Reference value :  7.86370e-07
 Reference value :  7.86734e-07
 Reference value :  7.87100e-07
 Reference value :  7.87447e-07
 Reference value :  7.87756e-07
 Reference value :  7.88080e-07
 Reference value :  7.88420e-07
 Reference value :  7.88771e-07
 Reference value :  7.89126e-07
 Reference value :  7.89438e-07
 Reference value :  7.89762e-07
 Reference value :  7.90086e-07
 Reference value :  7.90438e-07
 Reference value :  7.90792e-07
 Reference value :  7.91136e-07
 Reference value :  7.91475e-07
 Reference value :  7.91799e-07
 Reference value :  7.92139e-07
 Reference value :  7.92482e-07
 Reference value :  7.92841e-07
 Reference value :  7.93188e-07
 Reference value :  7.93513e-07
 Reference value :  7.93852e-07
 Reference value :  7.94176e-07
 Reference value :  7.94510e-07
 Reference value :  7.94840e-07
 Reference value :  7.95164e-07
 Reference value :  7.95503e-07
 Reference value :  7.95843e-07
 Reference value :  7.96198e-07
 Reference value :  7.96547e-07
 Reference value :  7.96904e-07
 Reference value :  7.97232e-07
 Reference value :  7.97556e-07
 Reference value :  7.97880e-07
 Reference value :  7.98214e-07
 Reference value :  7.98544e-07
 Reference value :  7.98837e-07
 Reference value :  7.99143e-07
 Reference value :  7.99497e-07
 Reference value :  7.99825e-07
 Reference value :  8.00164e-07
 Reference value :  8.00488e-07
 Reference value :  8.00828e-07
 Reference value :  8.01186e-07
 Reference value :  8.01546e-07
 Reference value :  8.01877e-07
 Reference value :  8.02201e-07
 Reference value :  8.02541e-07
 Reference value :  8.02865e-07
 Reference value :  8.03214e-07
 Reference value :  8.03560e-07
 Reference value :  8.03884e-07
 Reference value :  8.04208e-07
 Reference value :  8.04532e-07
 Reference value :  8.04881e-07
 Reference value :  8.05211e-07
 Reference value :  8.05535e-07
 Reference value :  8.05844e-07
 Reference value :  8.06180e-07
 Reference value :  8.06523e-07
 Reference value :  8.06847e-07
 Reference value :  8.07171e-07
 Reference value :  8.07511e-07
 Reference value :  8.07847e-07
 Reference value :  8.08201e-07
 Reference value :  8.08529e-07
 Reference value :  8.08853e-07
 Reference value :  8.09177e-07
 Reference value :  8.09514e-07
 Reference value :  8.09868e-07
 Reference value :  8.10196e-07
 Reference value :  8.10551e-07
 Reference value :  8.10890e-07
 Reference value :  8.11230e-07
 Reference value :  8.11557e-07
 Reference value :  8.11917e-07
 Reference value :  8.12264e-07
 Reference value :  8.12588e-07
 Reference value :  8.12928e-07
 Reference value :  8.13252e-07
 Reference value :  8.13588e-07
 Reference value :  8.13954e-07
 Reference value :  8.14301e-07
 Reference value :  8.14625e-07
 Reference value :  8.14996e-07
 Reference value :  8.15320e-07
 Reference value :  8.15632e-07
 Reference value :  8.15991e-07
 Reference value :  8.16292e-07
 Reference value :  8.16632e-07
 Reference value :  8.16956e-07
 Reference value :  8.17292e-07
 Reference value :  8.17646e-07
 Reference value :  8.17974e-07
 Reference value :  8.18298e-07
 Reference value :  8.18623e-07
 Reference value :  8.18956e-07
 Reference value :  8.19313e-07
 Reference value :  8.19657e-07
 Reference value :  8.20027e-07
 Reference value :  8.20367e-07
 Reference value :  8.20691e-07
 Reference value :  8.21030e-07
 Reference value :  8.21367e-07
 Reference value :  8.21721e-07
 Reference value :  8.22049e-07
 Reference value :  8.22373e-07
 Reference value :  8.22697e-07
 Reference value :  8.23033e-07
 Reference value :  8.23388e-07
 Reference value :  8.23716e-07
 Reference value :  8.24055e-07
 Reference value :  8.24410e-07
 Reference value :  8.24765e-07
 Reference value :  8.25105e-07
 Reference value :  8.25441e-07
 Reference value :  8.25795e-07
 Reference value :  8.26123e-07
 Reference value :  8.26447e-07
 Reference value :  8.26771e-07
 Reference value :  8.27108e-07
 Reference value :  8.27474e-07
 Reference value :  8.27790e-07
 Reference value :  8.28114e-07
 Reference value :  8.28423e-07
 Reference value :  8.28772e-07
 Reference value :  8.29117e-07
 Reference value :  8.29441e-07
 Reference value :  8.29781e-07
 Reference value :  8.30105e-07
 Reference value :  8.30448e-07
 Reference value :  8.30809e-07
 Reference value :  8.31154e-07
 Reference value :  8.31463e-07
 Reference value :  8.31772e-07
 Reference value :  8.32108e-07
 Reference value :  8.32462e-07
 Reference value :  8.32790e-07
 Reference value :  8.33099e-07
 Reference value :  8.33411e-07
 Reference value :  8.33770e-07
 Reference value :  8.34118e-07
 Reference value :  8.34442e-07
 Reference value :  8.34766e-07
 Reference value :  8.35078e-07
 Reference value :  8.35437e-07
 Reference value :  8.35769e-07
 Reference value :  8.36093e-07
 Reference value :  8.36417e-07
 Reference value :  8.36744e-07
 Reference value :  8.37092e-07
 Reference value :  8.37405e-07
 Reference value :  8.37729e-07
 Reference value :  8.38053e-07
 Reference value :  8.38402e-07
 Reference value :  8.38759e-07
 Reference value :  8.39103e-07
 Reference value :  8.39427e-07
 Reference value :  8.39751e-07
 Reference value :  8.40078e-07
 Reference value :  8.40438e-07
 Reference value :  8.40769e-07
 Reference value :  8.41109e-07
 Reference value :  8.41448e-07
 Reference value :  8.41773e-07
 Reference value :  8.42109e-07
 Reference value :  8.42463e-07
 Reference value :  8.42807e-07
 Reference value :  8.43131e-07
 Reference value :  8.43486e-07
 Reference value :  8.43841e-07
 Reference value :  8.44180e-07
 Reference value :  8.44517e-07
 Reference value :  8.44871e-07
 Reference value :  8.45214e-07
 Reference value :  8.45554e-07
 Reference value :  8.45878e-07
 Reference value :  8.46202e-07
 Reference value :  8.46551e-07
 Reference value :  8.46908e-07
 Reference value :  8.47236e-07
 Reference value :  8.47575e-07
 Reference value :  8.47900e-07
 Reference value :  8.48239e-07
 Reference value :  8.48588e-07
 Reference value :  8.48934e-07
 Reference value :  8.49258e-07
 Reference value :  8.49582e-07
 Reference value :  8.49894e-07
 Reference value :  8.50253e-07
 Reference value :  8.50585e-07
 Reference value :  8.50909e-07
 Reference value :  8.51218e-07
 Reference value :  8.51554e-07
 Reference value :  8.51908e-07
 Reference value :  8.52236e-07
 Reference value :  8.52560e-07
 Reference value :  8.52900e-07
 Reference value :  8.53227e-07
 Reference value :  8.53575e-07
 Reference value :  8.53888e-07
 Reference value :  8.54212e-07
 Reference value :  8.54551e-07
 Reference value :  8.54888e-07
 Reference value :  8.55254e-07
 Reference value :  8.55585e-07
 Reference value :  8.55909e-07
 Reference value :  8.56234e-07
 Reference value :  8.56561e-07
 Reference value :  8.56922e-07
 Reference value :  8.57268e-07
 Reference value :  8.57607e-07
 Reference value :  8.57978e-07
 Reference value :  8.58317e-07
 Reference value :  8.58657e-07
 Reference value :  8.58996e-07
 Reference value :  8.59339e-07
 Reference value :  8.59687e-07
 Reference value :  8.59984e-07
 Reference value :  8.60293e-07
 Reference value :  8.60624e-07
 Reference value :  8.60941e-07
 Reference value :  8.61249e-07
 Reference value :  8.61589e-07
 Reference value :  8.61932e-07
 Reference value :  8.62291e-07
 Reference value :  8.62662e-07
 Reference value :  8.63009e-07
 Reference value :  8.63348e-07
 Reference value :  8.63688e-07
 Reference value :  8.63997e-07
 Reference value :  8.64333e-07
 Reference value :  8.64676e-07
 Reference value :  8.65000e-07
 Reference value :  8.65308e-07
 Reference value :  8.65629e-07
 Reference value :  8.65984e-07
 Reference value :  8.66312e-07
 Reference value :  8.66636e-07
 Reference value :  8.66960e-07
 Reference value :  8.67330e-07
 Reference value :  8.67685e-07
 Reference value :  8.68034e-07
 Reference value :  8.68391e-07
 Reference value :  8.68719e-07
 Reference value :  8.69059e-07
 Reference value :  8.69398e-07
 Reference value :  8.69738e-07
 Reference value :  8.70080e-07
 Reference value :  8.70440e-07
 Reference value :  8.70772e-07
 Reference value :  8.71096e-07
 Reference value :  8.71420e-07
 Reference value :  8.71775e-07
 Reference value :  8.72118e-07
 Reference value :  8.72479e-07
 Reference value :  8.72824e-07
 Reference value :  8.73149e-07
 Reference value :  8.73488e-07
 Reference value :  8.73812e-07
 Reference value :  8.74149e-07
 Reference value :  8.74503e-07
 Reference value :  8.74846e-07
 Reference value :  8.75186e-07
 Reference value :  8.75510e-07
 Reference value :  8.75849e-07
 Reference value :  8.76186e-07
 Reference value :  8.76552e-07
 Reference value :  8.76910e-07
 Reference value :  8.77254e-07
 Reference value :  8.77578e-07
 Reference value :  8.77887e-07
 Reference value :  8.78229e-07
 Reference value :  8.78589e-07
 Reference value :  8.78936e-07
 Reference value :  8.79245e-07
 Reference value :  8.79553e-07
 Reference value :  8.79890e-07
 Reference value :  8.80232e-07
 Reference value :  8.80541e-07
 Reference value :  8.80865e-07
 Reference value :  8.81186e-07
 Reference value :  8.81552e-07
 Reference value :  8.81884e-07
 Reference value :  8.82223e-07
 Reference value :  8.82563e-07
 Reference value :  8.82902e-07
 Reference value :  8.83242e-07
 Reference value :  8.83591e-07
 Reference value :  8.83948e-07
 Reference value :  8.84276e-07
 Reference value :  8.84615e-07
 Reference value :  8.84955e-07
 Reference value :  8.85279e-07
 Reference value :  8.85631e-07
 Reference value :  8.85985e-07
 Reference value :  8.86344e-07
 Reference value :  8.86699e-07
 Reference value :  8.87023e-07
 Reference value :  8.87378e-07
 Reference value :  8.87718e-07
 Reference value :  8.88073e-07
 Reference value :  8.88409e-07
 Reference value :  8.88763e-07
 Reference value :  8.89107e-07
 Reference value :  8.89431e-07
 Reference value :  8.89755e-07
 Reference value :  8.90082e-07
 Reference value :  8.90442e-07
 Reference value :  8.90789e-07
 Reference value :  8.91144e-07
 Reference value :  8.91483e-07
 Reference value :  8.91807e-07
 Reference value :  8.92132e-07
 Reference value :  8.92480e-07
 Reference value :  8.92811e-07
 Reference value :  8.93135e-07
 Reference value :  8.93443e-07
 Reference value :  8.93786e-07
 Reference value :  8.94134e-07
 Reference value :  8.94462e-07
 Reference value :  8.94801e-07
 Reference value :  8.95126e-07
 Reference value :  8.95453e-07
 Reference value :  8.95814e-07
 Reference value :  8.96171e-07
 Reference value :  8.96499e-07
 Reference value :  8.96823e-07
 Reference value :  8.97147e-07
 Reference value :  8.97484e-07
 Reference value :  8.97826e-07
 Reference value :  8.98151e-07
 Reference value :  8.98475e-07
 Reference value :  8.98799e-07
 Reference value :  8.99148e-07
 Reference value :  8.99493e-07
 Reference value :  8.99817e-07
 Reference value :  9.00141e-07
 Reference value :  9.00496e-07
 Reference value :  9.00836e-07
 Reference value :  9.01185e-07
 Reference value :  9.01530e-07
 Reference value :  9.01855e-07
 Reference value :  9.02179e-07
 Reference value :  9.02503e-07
 Reference value :  9.02852e-07
 Reference value :  9.03197e-07
 Reference value :  9.03537e-07
 Reference value :  9.03861e-07
 Reference value :  9.04170e-07
 Reference value :  9.04521e-07
 Reference value :  9.04864e-07
 Reference value :  9.05219e-07
 Reference value :  9.05574e-07
 Reference value :  9.05898e-07
 Reference value :  9.06238e-07
 Reference value :  9.06565e-07
 Reference value :  9.06926e-07
 Reference value :  9.07272e-07
 Reference value :  9.07596e-07
 Reference value :  9.07920e-07
 Reference value :  9.08232e-07
 Reference value :  9.08580e-07
 Reference value :  9.08892e-07
 Reference value :  9.09216e-07
 Reference value :  9.09540e-07
 Reference value :  9.09898e-07
 Reference value :  9.10260e-07
 Reference value :  9.10617e-07
 Reference value :  9.10960e-07
 Reference value :  9.11300e-07
 Reference value :  9.11639e-07
 Reference value :  9.11979e-07
 Reference value :  9.12306e-07
 Reference value :  9.12667e-07
 Reference value :  9.13024e-07
 Reference value :  9.13352e-07
 Reference value :  9.13692e-07
 Reference value :  9.14016e-07
 Reference value :  9.14356e-07
 Reference value :  9.14714e-07
 Reference value :  9.15075e-07
 Reference value :  9.15432e-07
 Reference value :  9.15775e-07
 Reference value :  9.16099e-07
 Reference value :  9.16408e-07
 Reference value :  9.16745e-07
 Reference value :  9.17110e-07
 Reference value :  9.17427e-07
 Reference value :  9.17766e-07
 Reference value :  9.18090e-07
 Reference value :  9.18418e-07
 Reference value :  9.18779e-07
 Reference value :  9.19124e-07
 Reference value :  9.19479e-07
 Reference value :  9.19819e-07
 Reference value :  9.20158e-07
 Reference value :  9.20498e-07
 Reference value :  9.20838e-07
 Reference value :  9.21189e-07
 Reference value :  9.21544e-07
 Reference value :  9.21872e-07
 Reference value :  9.22196e-07
 Reference value :  9.22535e-07
 Reference value :  9.22862e-07
 Reference value :  9.23224e-07
 Reference value :  9.23581e-07
 Reference value :  9.23909e-07
 Reference value :  9.24264e-07
 Reference value :  9.24619e-07
 Reference value :  9.24958e-07
 Reference value :  9.25298e-07
 Reference value :  9.25634e-07
 Reference value :  9.26000e-07
 Reference value :  9.26332e-07
 Reference value :  9.26671e-07
 Reference value :  9.27011e-07
 Reference value :  9.27335e-07
 Reference value :  9.27671e-07
 Reference value :  9.28026e-07
 Reference value :  9.28369e-07
 Reference value :  9.28709e-07
 Reference value :  9.29048e-07
 Reference value :  9.29372e-07
 Reference value :  9.29706e-07
 Reference value :  9.30051e-07
 Reference value :  9.30391e-07
 Reference value :  9.30699e-07
 Reference value :  9.31039e-07
 Reference value :  9.31375e-07
 Reference value :  9.31730e-07
 Reference value :  9.32058e-07
 Reference value :  9.32382e-07
 Reference value :  9.32706e-07
 Reference value :  9.33038e-07
 Reference value :  9.33339e-07
 Reference value :  9.33663e-07
 Reference value :  9.33974e-07
 Reference value :  9.34322e-07
 Reference value :  9.34635e-07
 Reference value :  9.34944e-07
 Reference value :  9.35265e-07
 Reference value :  9.35607e-07
 Reference value :  9.35931e-07
 Reference value :  9.36255e-07
 Reference value :  9.36580e-07
 Reference value :  9.36928e-07
 Reference value :  9.37274e-07
 Reference value :  9.37598e-07
 Reference value :  9.37938e-07
 Reference value :  9.38293e-07
 Reference value :  9.38648e-07
 Reference value :  9.38975e-07
 Reference value :  9.39323e-07
 Reference value :  9.39620e-07
 Reference value :  9.39929e-07
 Reference value :  9.40260e-07
 Reference value :  9.40608e-07
 Reference value :  9.40916e-07
 Reference value :  9.41210e-07
 Reference value :  9.41545e-07
 Reference value :  9.41842e-07
 Reference value :  9.42136e-07
 Reference value :  9.42483e-07
 Reference value :  9.42830e-07
 Reference value :  9.43185e-07
 Reference value :  9.43540e-07
 Reference value :  9.43879e-07
 Reference value :  9.44188e-07
 Reference value :  9.44531e-07
 Reference value :  9.44892e-07
 Reference value :  9.45249e-07
 Reference value :  9.45577e-07
 Reference value :  9.45901e-07
 Reference value :  9.46225e-07
 Reference value :  9.46559e-07
 Reference value :  9.46904e-07
 Reference value :  9.47229e-07
 Reference value :  9.47553e-07
 Reference value :  9.47908e-07
 Reference value :  9.48235e-07
 Reference value :  9.48594e-07
 Reference value :  9.48895e-07
 Reference value :  9.49204e-07
 Reference value :  9.49525e-07
 Reference value :  9.49879e-07
 Reference value :  9.50207e-07
 Reference value :  9.50531e-07
 Reference value :  9.50855e-07
 Reference value :  9.51192e-07
 Reference value :  9.51546e-07
 Reference value :  9.51889e-07
 Reference value :  9.52229e-07
 Reference value :  9.52584e-07
 Reference value :  9.52939e-07
 Reference value :  9.53294e-07
 Reference value :  9.53633e-07
 Reference value :  9.53976e-07
 Reference value :  9.54337e-07
 Reference value :  9.54683e-07
 Reference value :  9.55007e-07
 Reference value :  9.55331e-07
 Reference value :  9.55655e-07
 Reference value :  9.56004e-07
 Reference value :  9.56361e-07
 Reference value :  9.56674e-07
 Reference value :  9.56998e-07
 Reference value :  9.57368e-07
 Reference value :  9.57723e-07
 Reference value :  9.58063e-07
 Reference value :  9.58412e-07
 Reference value :  9.58769e-07
 Reference value :  9.59097e-07
 Reference value :  9.59421e-07
 Reference value :  9.59745e-07
 Reference value :  9.60081e-07
 Reference value :  9.60447e-07
 Reference value :  9.60764e-07
 Reference value :  9.61103e-07
 Reference value :  9.61427e-07
 Reference value :  9.61767e-07
 Reference value :  9.62125e-07
 Reference value :  9.62484e-07
 Reference value :  9.62832e-07
 Reference value :  9.63156e-07
 Reference value :  9.63480e-07
 Reference value :  9.63804e-07
 Reference value :  9.64153e-07
 Reference value :  9.64483e-07
 Reference value :  9.64807e-07
 Reference value :  9.65131e-07
 Reference value :  9.65458e-07
 Reference value :  9.65820e-07
 Reference value :  9.66177e-07
 Reference value :  9.66505e-07
 Reference value :  9.66860e-07
 Reference value :  9.67199e-07
 Reference value :  9.67539e-07
 Reference value :  9.67866e-07
 Reference value :  9.68226e-07
 Reference value :  9.68573e-07
 Reference value :  9.68897e-07
 Reference value :  9.69221e-07
 Reference value :  9.69561e-07
 Reference value :  9.69897e-07
 Reference value :  9.70251e-07
 Reference value :  9.70564e-07
 Reference value :  9.70872e-07
 Reference value :  9.71200e-07
 Reference value :  9.71561e-07
 Reference value :  9.71930e-07
 Reference value :  9.72261e-07
 Reference value :  9.72601e-07
 Reference value :  9.72925e-07
 Reference value :  9.73249e-07
 Reference value :  9.73601e-07
 Reference value :  9.73955e-07
 Reference value :  9.74299e-07
 Reference value :  9.74623e-07
 Reference value :  9.74962e-07
 Reference value :  9.75302e-07
 Reference value :  9.75638e-07
 Reference value :  9.76004e-07
 Reference value :  9.76363e-07
 Reference value :  9.76706e-07
 Reference value :  9.77046e-07
 Reference value :  9.77370e-07
 Reference value :  9.77709e-07
 Reference value :  9.78046e-07
 Reference value :  9.78412e-07
 Reference value :  9.78759e-07
 Reference value :  9.79098e-07
 Reference value :  9.79438e-07
 Reference value :  9.79762e-07
 Reference value :  9.80102e-07
 Reference value :  9.80450e-07
 Reference value :  9.80808e-07
 Reference value :  9.81166e-07
 Reference value :  9.81506e-07
 Reference value :  9.81845e-07
 Reference value :  9.82170e-07
 Reference value :  9.82509e-07
 Reference value :  9.82861e-07
 Reference value :  9.83227e-07
 Reference value :  9.83574e-07
 Reference value :  9.83914e-07
 Reference value :  9.84253e-07
 Reference value :  9.84577e-07
 Reference value :  9.84917e-07
 Reference value :  9.85266e-07
 Reference value :  9.85611e-07
 Reference value :  9.85982e-07
 Reference value :  9.86290e-07
 Reference value :  9.86614e-07
 Reference value :  9.86942e-07
 Reference value :  9.87301e-07
 Reference value :  9.87648e-07
 Reference value :  9.87988e-07
 Reference value :  9.88327e-07
 Reference value :  9.88667e-07
 Reference value :  9.88991e-07
 Reference value :  9.89343e-07
 Reference value :  9.89697e-07
 Reference value :  9.90041e-07
 Reference value :  9.90365e-07
 Reference value :  9.90751e-07
 Reference value :  9.91090e-07
 Reference value :  9.91430e-07
 Reference value :  9.91757e-07
 Reference value :  9.92116e-07
 Reference value :  9.92464e-07
 Reference value :  9.92788e-07
 Reference value :  9.93112e-07
 Reference value :  9.93451e-07
 Reference value :  9.93788e-07
 Reference value :  9.94142e-07
 Reference value :  9.94485e-07
 Reference value :  9.94809e-07
 Reference value :  9.95164e-07
 Reference value :  9.95504e-07
 Reference value :  9.95844e-07
 Reference value :  9.96192e-07
 Reference value :  9.96550e-07
 Reference value :  9.96893e-07
 Reference value :  9.97217e-07
 Reference value :  9.97557e-07
 Reference value :  9.97881e-07
 Reference value :  9.98228e-07
 Reference value :  9.98544e-07
 Reference value :  9.98853e-07
 Reference value :  9.99165e-07
 Reference value :  9.99524e-07
 Reference value :  9.99856e-07
 Reference value :  1.00020e-06
 Reference value :  1.00054e-06
 Reference value :  1.00089e-06
 Reference value :  1.00121e-06
 Reference value :  1.00157e-06
 Reference value :  1.00192e-06
 Reference value :  1.00226e-06
 Reference value :  1.00260e-06
 Reference value :  1.00293e-06
 Reference value :  1.00325e-06
 Reference value :  1.00360e-06
 Reference value :  1.00396e-06
 Reference value :  1.00430e-06
 Reference value :  1.00464e-06
 Reference value :  1.00498e-06
 Reference value :  1.00532e-06
 Reference value :  1.00566e-06
 Reference value :  1.00601e-06
 Reference value :  1.00637e-06
 Reference value :  1.00671e-06
 Reference value :  1.00705e-06
 Reference value :  1.00739e-06
 Reference value :  1.00773e-06
 Reference value :  1.00805e-06
 Reference value :  1.00842e-06
 Reference value :  1.00876e-06
 Reference value :  1.00910e-06
 Reference value :  1.00944e-06
 Reference value :  1.00980e-06
 Reference value :  1.01013e-06
 Reference value :  1.01046e-06
 Reference value :  1.01082e-06
 Reference value :  1.01117e-06
 Reference value :  1.01149e-06
 Reference value :  1.01182e-06
 Reference value :  1.01216e-06
 Reference value :  1.01249e-06
 Reference value :  1.01285e-06
 Reference value :  1.01318e-06
 Reference value :  1.01350e-06
 Reference value :  1.01382e-06
 Reference value :  1.01418e-06
 Reference value :  1.01453e-06
 Reference value :  1.01490e-06
 Reference value :  1.01524e-06
 Reference value :  1.01558e-06
 Reference value :  1.01592e-06
 Reference value :  1.01625e-06
 Reference value :  1.01659e-06
 Reference value :  1.01693e-06
 Reference value :  1.01729e-06
 Reference value :  1.01762e-06
 Reference value :  1.01794e-06
 Reference value :  1.01827e-06
 Reference value :  1.01860e-06
 Reference value :  1.01897e-06
 Reference value :  1.01933e-06
 Reference value :  1.01967e-06
 Reference value :  1.02001e-06
 Reference value :  1.02035e-06
 Reference value :  1.02068e-06
 Reference value :  1.02101e-06
 Reference value :  1.02137e-06
 Reference value :  1.02169e-06
 Reference value :  1.02202e-06
 Reference value :  1.02234e-06
 Reference value :  1.02268e-06
 Reference value :  1.02303e-06
 Reference value :  1.02336e-06
 Reference value :  1.02372e-06
 Reference value :  1.02406e-06
 Reference value :  1.02438e-06
 Reference value :  1.02472e-06
 Reference value :  1.02507e-06
 Reference value :  1.02541e-06
 Reference value :  1.02574e-06
 Reference value :  1.02606e-06
 Reference value :  1.02639e-06
 Reference value :  1.02675e-06
 Reference value :  1.02708e-06
 Reference value :  1.02740e-06
 Reference value :  1.02771e-06
 Reference value :  1.02805e-06
 Reference value :  1.02842e-06
 Reference value :  1.02877e-06
 Reference value :  1.02912e-06
 Reference value :  1.02944e-06
 Reference value :  1.02978e-06
 Reference value :  1.03011e-06
 Reference value :  1.03045e-06
 Reference value :  1.03080e-06
 Reference value :  1.03109e-06
 Reference value :  1.03142e-06
 Reference value :  1.03175e-06
 Reference value :  1.03208e-06
 Reference value :  1.03241e-06
 Reference value :  1.03271e-06
 Reference value :  1.03306e-06
 Reference value :  1.03342e-06
 Reference value :  1.03376e-06
 Reference value :  1.03409e-06
 Reference value :  1.03441e-06
 Reference value :  1.03475e-06
 Reference value :  1.03509e-06
 Reference value :  1.03545e-06
 Reference value :  1.03580e-06
 Reference value :  1.03612e-06
 Reference value :  1.03646e-06
 Reference value :  1.03679e-06
 Reference value :  1.03713e-06
 Reference value :  1.03749e-06
 Reference value :  1.03782e-06
 Reference value :  1.03819e-06
 Reference value :  1.03852e-06
 Reference value :  1.03886e-06
 Reference value :  1.03918e-06
 Reference value :  1.03953e-06
 Reference value :  1.03989e-06
 Reference value :  1.04023e-06
 Reference value :  1.04055e-06
 Reference value :  1.04088e-06
 Reference value :  1.04121e-06
 Reference value :  1.04156e-06
 Reference value :  1.04190e-06
 Reference value :  1.04224e-06
 Reference value :  1.04258e-06
 Reference value :  1.04292e-06
 Reference value :  1.04327e-06
 Reference value :  1.04361e-06
 Reference value :  1.04397e-06
 Reference value :  1.04432e-06
 Reference value :  1.04466e-06
 Reference value :  1.04498e-06
 Reference value :  1.04531e-06
 Reference value :  1.04565e-06
 Reference value :  1.04601e-06
 Reference value :  1.04637e-06
 Reference value :  1.04670e-06
 Reference value :  1.04701e-06
 Reference value :  1.04733e-06
 Reference value :  1.04768e-06
 Reference value :  1.04805e-06
 Reference value :  1.04838e-06
 Reference value :  1.04872e-06
 Reference value :  1.04904e-06
 Reference value :  1.04935e-06
 Reference value :  1.04969e-06
 Reference value :  1.05000e-06
 Reference value :  1.05032e-06
 Reference value :  1.05065e-06
 Reference value :  1.05101e-06
 Reference value :  1.05134e-06
 Reference value :  1.05168e-06
 Reference value :  1.05202e-06
 Reference value :  1.05238e-06
 Reference value :  1.05272e-06
 Reference value :  1.05305e-06
 Reference value :  1.05341e-06
 Reference value :  1.05373e-06
 Reference value :  1.05406e-06
 Reference value :  1.05440e-06
 Reference value :  1.05472e-06
 Reference value :  1.05508e-06
 Reference value :  1.05542e-06
 Reference value :  1.05574e-06
 Reference value :  1.05606e-06
 Reference value :  1.05639e-06
 Reference value :  1.05673e-06
 Reference value :  1.05707e-06
 Reference value :  1.05741e-06
 Reference value :  1.05772e-06
 Reference value :  1.05805e-06
 Reference value :  1.05838e-06
 Reference value :  1.05869e-06
 Reference value :  1.05901e-06
 Reference value :  1.05935e-06
 Reference value :  1.05969e-06
 Reference value :  1.06000e-06
 Reference value :  1.06031e-06
 Reference value :  1.06064e-06
 Reference value :  1.06097e-06
 Reference value :  1.06130e-06
 Reference value :  1.06164e-06
 Reference value :  1.06196e-06
 Reference value :  1.06231e-06
 Reference value :  1.06264e-06
 Reference value :  1.06296e-06
 Reference value :  1.06329e-06
 Reference value :  1.06361e-06
 Reference value :  1.06395e-06
 Reference value :  1.06426e-06
 Reference value :  1.06457e-06
 Reference value :  1.06490e-06
 Reference value :  1.06523e-06
 Reference value :  1.06554e-06
 Reference value :  1.06585e-06
 Reference value :  1.06620e-06
 Reference value :  1.06654e-06
 Reference value :  1.06688e-06
 Reference value :  1.06719e-06
 Reference value :  1.06752e-06
 Reference value :  1.06786e-06
 Reference value :  1.06821e-06
 Reference value :  1.06852e-06
 Reference value :  1.06883e-06
 Reference value :  1.06916e-06
 Reference value :  1.06952e-06
 Reference value :  1.06983e-06
 Reference value :  1.07014e-06
 Reference value :  1.07046e-06
 Reference value :  1.07081e-06
 Reference value :  1.07131e-06
 Reference value :  1.07187e-06
 Reference value :  1.07235e-06
 Reference value :  1.07287e-06
 Reference value :  1.07338e-06
 Reference value :  1.07380e-06
 Reference value :  1.07435e-06
 Reference value :  1.07486e-06
 Reference value :  1.07531e-06
 Reference value :  1.07570e-06
 Reference value :  1.07613e-06
 Reference value :  1.07653e-06
 Reference value :  1.07691e-06
 Reference value :  1.07730e-06
 Reference value :  1.07767e-06
 Reference value :  1.07801e-06
 Reference value :  1.07833e-06
 Reference value :  1.07866e-06
 Reference value :  1.07898e-06
 Reference value :  1.07933e-06
 Reference value :  1.07966e-06
 Reference value :  1.07997e-06
 Reference value :  1.08029e-06
 Reference value :  1.08065e-06
 Reference value :  1.08099e-06
 Reference value :  1.08131e-06
 Reference value :  1.08164e-06
 Reference value :  1.08196e-06
 Reference value :  1.08231e-06
 Reference value :  1.08267e-06
 Reference value :  1.08301e-06
 Reference value :  1.08334e-06
 Reference value :  1.08367e-06
 Reference value :  1.08401e-06
 Reference value :  1.08436e-06
 Reference value :  1.08472e-06
 Reference value :  1.08506e-06
 Reference value :  1.08542e-06
 Reference value :  1.08577e-06
 Reference value :  1.08611e-06
 Reference value :  1.08644e-06
 Reference value :  1.08678e-06
 Reference value :  1.08713e-06
 Reference value :  1.08748e-06
 Reference value :  1.08781e-06
 Reference value :  1.08813e-06
 Reference value :  1.08846e-06
 Reference value :  1.08880e-06
 Reference value :  1.08916e-06
 Reference value :  1.08951e-06
 Reference value :  1.08983e-06
 Reference value :  1.09019e-06
 Reference value :  1.09053e-06
 Reference value :  1.09085e-06
 Reference value :  1.09120e-06
 Reference value :  1.09153e-06
 Reference value :  1.09185e-06
 Reference value :  1.09218e-06
 Reference value :  1.09251e-06
 Reference value :  1.09287e-06
 Reference value :  1.09320e-06
 Reference value :  1.09352e-06
 Reference value :  1.09386e-06
 Reference value :  1.09420e-06
 Reference value :  1.09454e-06
 Reference value :  1.09490e-06
 Reference value :  1.09525e-06
 Reference value :  1.09559e-06
 Reference value :  1.09591e-06
 Reference value :  1.09622e-06
 Reference value :  1.09657e-06
 Reference value :  1.09694e-06
 Reference value :  1.09726e-06
 Reference value :  1.09760e-06
 Reference value :  1.09792e-06
 Reference value :  1.09825e-06
 Reference value :  1.09861e-06
 Reference value :  1.09895e-06
 Reference value :  1.09929e-06
 Reference value :  1.09963e-06
 Reference value :  1.09996e-06
 Reference value :  1.10028e-06
 Reference value :  1.10063e-06
 Reference value :  1.10098e-06
 Reference value :  1.10131e-06
 Reference value :  1.10165e-06
 Reference value :  1.10198e-06
 Reference value :  1.10232e-06
 Reference value :  1.10266e-06
 Reference value :  1.10297e-06
 Reference value :  1.10329e-06
 Reference value :  1.10361e-06
 Reference value :  1.10397e-06
 Reference value :  1.10429e-06
 Reference value :  1.10463e-06
 Reference value :  1.10494e-06
 Reference value :  1.10528e-06
 Reference value :  1.10562e-06
 Reference value :  1.10593e-06
 Reference value :  1.10624e-06
 Reference value :  1.10658e-06
 Reference value :  1.10694e-06
 Reference value :  1.10727e-06
 Reference value :  1.10758e-06
 Reference value :  1.10790e-06
 Reference value :  1.10824e-06
 Reference value :  1.10858e-06
 Reference value :  1.10889e-06
 Reference value :  1.10923e-06
 Reference value :  1.10956e-06
 Reference value :  1.10990e-06
 Reference value :  1.11022e-06
 Reference value :  1.11053e-06
 Reference value :  1.11085e-06
 Reference value :  1.11120e-06
 Reference value :  1.11155e-06
 Reference value :  1.11186e-06
 Reference value :  1.11218e-06
 Reference value :  1.11250e-06
 Reference value :  1.11287e-06
 Reference value :  1.11318e-06
 Reference value :  1.11352e-06
 Reference value :  1.11388e-06
 Reference value :  1.11423e-06
 Reference value :  1.11457e-06
 Reference value :  1.11491e-06
 Reference value :  1.11528e-06
 Reference value :  1.11563e-06
 Reference value :  1.11598e-06
 Reference value :  1.11630e-06
 Reference value :  1.11659e-06
 Reference value :  1.11694e-06
 Reference value :  1.11724e-06
 Reference value :  1.11754e-06
 Reference value :  1.11787e-06
 Reference value :  1.11817e-06
 Reference value :  1.11851e-06
 Reference value :  1.11883e-06
 Reference value :  1.11917e-06
 Reference value :  1.11950e-06
 Reference value :  1.11980e-06
 Reference value :  1.12011e-06
 Reference value :  1.12045e-06
 Reference value :  1.12076e-06
 Reference value :  1.12105e-06
 Reference value :  1.12139e-06
 Reference value :  1.12170e-06
 Reference value :  1.12201e-06
 Reference value :  1.12232e-06
 Reference value :  1.12267e-06
 Reference value :  1.12300e-06
 Reference value :  1.12332e-06
 Reference value :  1.12366e-06
 Reference value :  1.12399e-06
 Reference value :  1.12434e-06
 Reference value :  1.12463e-06
 Reference value :  1.12494e-06
 Reference value :  1.12528e-06
 Reference value :  1.12562e-06
 Reference value :  1.12595e-06
 Reference value :  1.12626e-06
 Reference value :  1.12658e-06
 Reference value :  1.12692e-06
 Reference value :  1.12724e-06
 Reference value :  1.12757e-06
 Reference value :  1.12792e-06
 Reference value :  1.12826e-06
 Reference value :  1.12861e-06
 Reference value :  1.12898e-06
 Reference value :  1.12931e-06
 Reference value :  1.12965e-06
 Reference value :  1.12999e-06
 Reference value :  1.13033e-06
 Reference value :  1.13067e-06
 Reference value :  1.13102e-06
 Reference value :  1.13138e-06
 Reference value :  1.13170e-06
 Reference value :  1.13204e-06
 Reference value :  1.13240e-06
 Reference value :  1.13274e-06
 Reference value :  1.13308e-06
 Reference value :  1.13343e-06
 Reference value :  1.13379e-06
 Reference value :  1.13414e-06
 Reference value :  1.13448e-06
 Reference value :  1.13482e-06
 Reference value :  1.13514e-06
 Reference value :  1.13547e-06
 Reference value :  1.13583e-06
 Reference value :  1.13616e-06
 Reference value :  1.13649e-06
 Reference value :  1.13681e-06
 Reference value :  1.13714e-06
 Reference value :  1.13750e-06
 Reference value :  1.13783e-06
 Reference value :  1.13817e-06
 Reference value :  1.13849e-06
 Reference value :  1.13882e-06
 Reference value :  1.13917e-06
 Reference value :  1.13951e-06
 Reference value :  1.13984e-06
 Reference value :  1.14016e-06
 Reference value :  1.14048e-06
 Reference value :  1.14083e-06
 Reference value :  1.14116e-06
 Reference value :  1.14149e-06
 Reference value :  1.14180e-06
 Reference value :  1.14213e-06
 Reference value :  1.14249e-06
 Reference value :  1.14282e-06
 Reference value :  1.14314e-06
 Reference value :  1.14346e-06
 Reference value :  1.14380e-06
 Reference value :  1.14414e-06
 Reference value :  1.14445e-06
 Reference value :  1.14476e-06
 Reference value :  1.14509e-06
 Reference value :  1.14542e-06
 Reference value :  1.14575e-06
 Reference value :  1.14607e-06
 Reference value :  1.14640e-06
 Reference value :  1.14676e-06
 Reference value :  1.14709e-06
 Reference value :  1.14741e-06
 Reference value :  1.14771e-06
 Reference value :  1.14805e-06
 Reference value :  1.14837e-06
 Reference value :  1.14870e-06
 Reference value :  1.14902e-06
 Reference value :  1.14936e-06
 Reference value :  1.14971e-06
 Reference value :  1.15002e-06
 Reference value :  1.15035e-06
 Reference value :  1.15066e-06
 Reference value :  1.15102e-06
 Reference value :  1.15137e-06
 Reference value :  1.15170e-06
 Reference value :  1.15206e-06
 Reference value :  1.15240e-06
 Reference value :  1.15274e-06
 Reference value :  1.15307e-06
 Reference value :  1.15343e-06
 Reference value :  1.15377e-06
 Reference value :  1.15410e-06
 Reference value :  1.15442e-06
 Reference value :  1.15473e-06
 Reference value :  1.15509e-06
 Reference value :  1.15542e-06
 Reference value :  1.15576e-06
 Reference value :  1.15610e-06
 Reference value :  1.15647e-06
 Reference value :  1.15681e-06
 Reference value :  1.15715e-06
 Reference value :  1.15750e-06
 Reference value :  1.15787e-06
 Reference value :  1.15822e-06
 Reference value :  1.15856e-06
 Reference value :  1.15890e-06
 Reference value :  1.15922e-06
 Reference value :  1.15954e-06
 Reference value :  1.15991e-06
 Reference value :  1.16024e-06
 Reference value :  1.16058e-06
 Reference value :  1.16090e-06
 Reference value :  1.16126e-06
 Reference value :  1.16161e-06
 Reference value :  1.16196e-06
 Reference value :  1.16232e-06
 Reference value :  1.16266e-06
 Reference value :  1.16297e-06
 Reference value :  1.16331e-06
 Reference value :  1.16363e-06
 Reference value :  1.16398e-06
 Reference value :  1.16431e-06
 Reference value :  1.16464e-06
 Reference value :  1.16496e-06
 Reference value :  1.16530e-06
 Reference value :  1.16565e-06
 Reference value :  1.16601e-06
 Reference value :  1.16637e-06
 Reference value :  1.16671e-06
 Reference value :  1.16703e-06
 Reference value :  1.16735e-06
 Reference value :  1.16769e-06
 Reference value :  1.16803e-06
 Reference value :  1.16836e-06
 Reference value :  1.16868e-06
 Reference value :  1.16902e-06
 Reference value :  1.16936e-06
 Reference value :  1.16971e-06
 Reference value :  1.17002e-06
 Reference value :  1.17033e-06
 Reference value :  1.17067e-06
 Reference value :  1.17102e-06
 Reference value :  1.17138e-06
 Reference value :  1.17172e-06
 Reference value :  1.17205e-06
 Reference value :  1.17239e-06
 Reference value :  1.17271e-06
 Reference value :  1.17306e-06
 Reference value :  1.17343e-06
 Reference value :  1.17377e-06
 Reference value :  1.17411e-06
 Reference value :  1.17445e-06
 Reference value :  1.17479e-06
 Reference value :  1.17512e-06
 Reference value :  1.17548e-06
 Reference value :  1.17582e-06
 Reference value :  1.17617e-06
 Reference value :  1.17649e-06
 Reference value :  1.17680e-06
 Reference value :  1.17714e-06
 Reference value :  1.17749e-06
 Reference value :  1.17782e-06
 Reference value :  1.17814e-06
 Reference value :  1.17847e-06
 Reference value :  1.17880e-06
 Reference value :  1.17915e-06
 Reference value :  1.17945e-06
 Reference value :  1.17978e-06
 Reference value :  1.18011e-06
 Reference value :  1.18046e-06
 Reference value :  1.18080e-06
 Reference value :  1.18111e-06
 Reference value :  1.18143e-06
 Reference value :  1.18177e-06
 Reference value :  1.18212e-06
 Reference value :  1.18245e-06
 Reference value :  1.18277e-06
 Reference value :  1.18310e-06
 Reference value :  1.18343e-06
 Reference value :  1.18379e-06
 Reference value :  1.18411e-06
 Reference value :  1.18444e-06
 Reference value :  1.18476e-06
 Reference value :  1.18513e-06
 Reference value :  1.18548e-06
 Reference value :  1.18584e-06
 Reference value :  1.18619e-06
 Reference value :  1.18654e-06
 Reference value :  1.18686e-06
 Reference value :  1.18719e-06
 Reference value :  1.18751e-06
 Reference value :  1.18787e-06
 Reference value :  1.18820e-06
 Reference value :  1.18851e-06
 Reference value :  1.18884e-06
 Reference value :  1.18917e-06
 Reference value :  1.18953e-06
 Reference value :  1.18987e-06
 Reference value :  1.19021e-06
 Reference value :  1.19052e-06
 Reference value :  1.19085e-06
 Reference value :  1.19121e-06
 Reference value :  1.19154e-06
 Reference value :  1.19186e-06
 Reference value :  1.19219e-06
 Reference value :  1.19251e-06
 Reference value :  1.19287e-06
 Reference value :  1.19320e-06
 Reference value :  1.19353e-06
 Reference value :  1.19385e-06
 Reference value :  1.19418e-06
 Reference value :  1.19454e-06
 Reference value :  1.19489e-06
 Reference value :  1.19521e-06
 Reference value :  1.19554e-06
 Reference value :  1.19586e-06
 Reference value :  1.19621e-06
 Reference value :  1.19655e-06
 Reference value :  1.19688e-06
 Reference value :  1.19719e-06
 Reference value :  1.19751e-06
 Reference value :  1.19785e-06
 Reference value :  1.19816e-06
 Reference value :  1.19847e-06
 Reference value :  1.19880e-06
 Reference value :  1.19910e-06
 Reference value :  1.19941e-06
 Reference value :  1.19973e-06
 Reference value :  1.20004e-06
 Reference value :  1.20034e-06
 Reference value :  1.20065e-06
 Reference value :  1.20097e-06
 Reference value :  1.20128e-06
 Reference value :  1.20159e-06
 Reference value :  1.20195e-06
 Reference value :  1.20226e-06
 Reference value :  1.20259e-06
 Reference value :  1.20291e-06
 Reference value :  1.20325e-06
 Reference value :  1.20360e-06
 Reference value :  1.20396e-06
 Reference value :  1.20429e-06
 Reference value :  1.20459e-06
 Reference value :  1.20491e-06
 Reference value :  1.20523e-06
 Reference value :  1.20552e-06
 Reference value :  1.20584e-06
 Reference value :  1.20618e-06
 Reference value :  1.20646e-06
 Reference value :  1.20677e-06
 Reference value :  1.20709e-06
 Reference value :  1.20742e-06
 Reference value :  1.20774e-06
 Reference value :  1.20807e-06
 Reference value :  1.20843e-06
 Reference value :  1.20879e-06
 Reference value :  1.20915e-06
 Reference value :  1.20949e-06
 Reference value :  1.20981e-06
 Reference value :  1.21015e-06
 Reference value :  1.21048e-06
 Reference value :  1.21084e-06
 Reference value :  1.21115e-06
 Reference value :  1.21148e-06
 Reference value :  1.21179e-06
 Reference value :  1.21213e-06
 Reference value :  1.21245e-06
 Reference value :  1.21277e-06
 Reference value :  1.21310e-06
 Reference value :  1.21345e-06
 Reference value :  1.21380e-06
 Reference value :  1.21413e-06
 Reference value :  1.21444e-06
 Reference value :  1.21474e-06
 Reference value :  1.21507e-06
 Reference value :  1.21537e-06
 Reference value :  1.21566e-06
 Reference value :  1.21600e-06
 Reference value :  1.21631e-06
 Reference value :  1.21660e-06
 Reference value :  1.21695e-06
 Reference value :  1.21731e-06
 Reference value :  1.21765e-06
 Reference value :  1.21798e-06
 Reference value :  1.21833e-06
 Reference value :  1.21867e-06
 Reference value :  1.21901e-06
 Reference value :  1.21936e-06
 Reference value :  1.21972e-06
 Reference value :  1.22004e-06
 Reference value :  1.22037e-06
 Reference value :  1.22069e-06
 Reference value :  1.22103e-06
 Reference value :  1.22138e-06
 Reference value :  1.22171e-06
 Reference value :  1.22203e-06
 Reference value :  1.22237e-06
 Reference value :  1.22271e-06
 Reference value :  1.22307e-06
 Reference value :  1.22343e-06
 Reference value :  1.22376e-06
 Reference value :  1.22409e-06
 Reference value :  1.22443e-06
 Reference value :  1.22475e-06
 Reference value :  1.22510e-06
 Reference value :  1.22547e-06
 Reference value :  1.22580e-06
 Reference value :  1.22611e-06
 Reference value :  1.22641e-06
 Reference value :  1.22675e-06
 Reference value :  1.22708e-06
 Reference value :  1.22739e-06
 Reference value :  1.22774e-06
 Reference value :  1.22808e-06
 Reference value :  1.22844e-06
 Reference value :  1.22879e-06
 Reference value :  1.22912e-06
 Reference value :  1.22944e-06
 Reference value :  1.22977e-06
 Reference value :  1.23010e-06
 Reference value :  1.23046e-06
 Reference value :  1.23079e-06
 Reference value :  1.23111e-06
 Reference value :  1.23142e-06
 Reference value :  1.23177e-06
 Reference value :  1.23212e-06
 Reference value :  1.23249e-06
 Reference value :  1.23285e-06
 Reference value :  1.23319e-06
 Reference value :  1.23353e-06
 Reference value :  1.23386e-06
 Reference value :  1.23420e-06
 Reference value :  1.23455e-06
 Reference value :  1.23492e-06
 Reference value :  1.23527e-06
 Reference value :  1.23562e-06
 Reference value :  1.23596e-06
 Reference value :  1.23629e-06
 Reference value :  1.23662e-06
 Reference value :  1.23696e-06
 Reference value :  1.23732e-06
 Reference value :  1.23767e-06
 Reference value :  1.23798e-06
 Reference value :  1.23829e-06
 Reference value :  1.23862e-06
 Reference value :  1.23895e-06
 Reference value :  1.23927e-06
 Reference value :  1.23960e-06
 Reference value :  1.23992e-06
 Reference value :  1.24027e-06
 Reference value :  1.24060e-06
 Reference value :  1.24092e-06
 Reference value :  1.24123e-06
 Reference value :  1.24158e-06
 Reference value :  1.24194e-06
 Reference value :  1.24227e-06
 Reference value :  1.24259e-06
 Reference value :  1.24290e-06
 Reference value :  1.24325e-06
 Reference value :  1.24356e-06
 Reference value :  1.24390e-06
 Reference value :  1.24421e-06
 Reference value :  1.24454e-06
 Reference value :  1.24484e-06
 Reference value :  1.24514e-06
 Reference value :  1.24547e-06
 Reference value :  1.24577e-06
 Reference value :  1.24606e-06
 Reference value :  1.24640e-06
 Reference value :  1.24675e-06
 Reference value :  1.24710e-06
 Reference value :  1.24741e-06
 Reference value :  1.24773e-06
 Reference value :  1.24807e-06
 Reference value :  1.24843e-06
 Reference value :  1.24878e-06
 Reference value :  1.24909e-06
 Reference value :  1.24941e-06
 Reference value :  1.24974e-06
 Reference value :  1.25010e-06
 Reference value :  1.25045e-06
 Reference value :  1.25077e-06
 Reference value :  1.25110e-06
 Reference value :  1.25145e-06
 Reference value :  1.25179e-06
 Reference value :  1.25214e-06
 Reference value :  1.25248e-06
 Reference value :  1.25282e-06
 Reference value :  1.25315e-06
 Reference value :  1.25349e-06
 Reference value :  1.25381e-06
 Reference value :  1.25417e-06
 Reference value :  1.25452e-06
 Reference value :  1.25485e-06
 Reference value :  1.25519e-06
 Reference value :  1.25552e-06
 Reference value :  1.25586e-06
 Reference value :  1.25622e-06
 Reference value :  1.25658e-06
 Reference value :  1.25694e-06
 Reference value :  1.25727e-06
 Reference value :  1.25759e-06
 Reference value :  1.25792e-06
 Reference value :  1.25825e-06
 Reference value :  1.25861e-06
 Reference value :  1.25894e-06
 Reference value :  1.25926e-06
 Reference value :  1.25958e-06
 Reference value :  1.25992e-06
 Reference value :  1.26027e-06
 Reference value :  1.26060e-06
 Reference value :  1.26096e-06
 Reference value :  1.26130e-06
 Reference value :  1.26162e-06
 Reference value :  1.26196e-06
 Reference value :  1.26232e-06
 Reference value :  1.26267e-06
 Reference value :  1.26299e-06
 Reference value :  1.26333e-06
 Reference value :  1.26367e-06
 Reference value :  1.26400e-06
 Reference value :  1.26435e-06
 Reference value :  1.26465e-06
 Reference value :  1.26494e-06
 Reference value :  1.26529e-06
 Reference value :  1.26560e-06
 Reference value :  1.26593e-06
 Reference value :  1.26624e-06
 Reference value :  1.26658e-06
 Reference value :  1.26693e-06
 Reference value :  1.26725e-06
 Reference value :  1.26758e-06
 Reference value :  1.26789e-06
 Reference value :  1.26824e-06
 Reference value :  1.26857e-06
 Reference value :  1.26889e-06
 Reference value :  1.26920e-06
 Reference value :  1.26955e-06
 Reference value :  1.26989e-06
 Reference value :  1.27022e-06
 Reference value :  1.27056e-06
 Reference value :  1.27090e-06
 Reference value :  1.27122e-06
 Reference value :  1.27158e-06
 Reference value :  1.27191e-06
 Reference value :  1.27224e-06
 Reference value :  1.27255e-06
 Reference value :  1.27288e-06
 Reference value :  1.27323e-06
 Reference value :  1.27354e-06
 Reference value :  1.27388e-06
 Reference value :  1.27420e-06
 Reference value :  1.27455e-06
 Reference value :  1.27489e-06
 Reference value :  1.27523e-06
 Reference value :  1.27559e-06
 Reference value :  1.27591e-06
 Reference value :  1.27624e-06
 Reference value :  1.27659e-06
 Reference value :  1.27693e-06
 Reference value :  1.27725e-06
 Reference value :  1.27758e-06
 Reference value :  1.27792e-06
 Reference value :  1.27826e-06
 Reference value :  1.27862e-06
 Reference value :  1.27897e-06
 Reference value :  1.27929e-06
 Reference value :  1.27962e-06
 Reference value :  1.27994e-06
 Reference value :  1.28029e-06
 Reference value :  1.28062e-06
 Reference value :  1.28094e-06
 Reference value :  1.28128e-06
 Reference value :  1.28159e-06
 Reference value :  1.28196e-06
 Reference value :  1.28232e-06
 Reference value :  1.28270e-06
 Reference value :  1.28307e-06
 Reference value :  1.28345e-06
 Reference value :  1.28383e-06
 Reference value :  1.28423e-06
 Reference value :  1.28460e-06
 Reference value :  1.28494e-06
 Reference value :  1.28529e-06
 Reference value :  1.28585e-06
 Reference value :  1.28639e-06
 Reference value :  1.28694e-06
 Reference value :  1.28747e-06
 Reference value :  1.28800e-06
 Reference value :  1.28852e-06
 Reference value :  1.28905e-06
 Reference value :  1.28960e-06
 Reference value :  1.29013e-06
 Reference value :  1.29066e-06
 Reference value :  1.29119e-06
 Reference value :  1.29167e-06
 Reference value :  1.29223e-06
 Reference value :  1.29278e-06
 Reference value :  1.29334e-06
 Reference value :  1.29392e-06
 Reference value :  1.29454e-06
 Reference value :  1.29510e-06
 Reference value :  1.29566e-06
 Reference value :  1.29623e-06
 Reference value :  1.29678e-06
 Reference value :  1.29733e-06
 Reference value :  1.29790e-06
 Reference value :  1.29846e-06
 Reference value :  1.29908e-06
 Reference value :  1.29968e-06
 Reference value :  1.30024e-06
 Reference value :  1.30083e-06
 Reference value :  1.30135e-06
 Reference value :  1.30193e-06
 Reference value :  1.30247e-06
 Reference value :  1.30307e-06
 Reference value :  1.30366e-06
 Reference value :  1.30426e-06
 Reference value :  1.30487e-06
 Reference value :  1.30545e-06
 Reference value :  1.30603e-06
 Reference value :  1.30657e-06
 Reference value :  1.30713e-06
 Reference value :  1.30770e-06
 Reference value :  1.30826e-06
 Reference value :  1.30883e-06
 Reference value :  1.30942e-06
 Reference value :  1.31000e-06
 Reference value :  1.31059e-06
 Reference value :  1.31118e-06
 Reference value :  1.31176e-06
 Reference value :  1.31233e-06
 Reference value :  1.31292e-06
 Reference value :  1.31352e-06
 Reference value :  1.31411e-06
 Reference value :  1.31468e-06
 Reference value :  1.31524e-06
 Reference value :  1.31585e-06
 Reference value :  1.31640e-06
 Reference value :  1.31697e-06
 Reference value :  1.31758e-06
 Reference value :  1.31818e-06
 Reference value :  1.31876e-06
 Reference value :  1.31934e-06
 Reference value :  1.31992e-06
 Reference value :  1.32048e-06
 Reference value :  1.32105e-06
 Reference value :  1.32166e-06
 Reference value :  1.32221e-06
 Reference value :  1.32281e-06
 Reference value :  1.32339e-06
 Reference value :  1.32398e-06
 Reference value :  1.32455e-06
 Reference value :  1.32511e-06
 Reference value :  1.32567e-06
 Reference value :  1.32623e-06
 Reference value :  1.32680e-06
 Reference value :  1.32741e-06
 Reference value :  1.32795e-06
 Reference value :  1.32854e-06
 Reference value :  1.32914e-06
 Reference value :  1.32972e-06
 Reference value :  1.33030e-06
 Reference value :  1.33086e-06
 Reference value :  1.33144e-06
 Reference value :  1.33201e-06
 Reference value :  1.33265e-06
 Reference value :  1.33323e-06
 Reference value :  1.33381e-06
 Reference value :  1.33438e-06
 Reference value :  1.33493e-06
 Reference value :  1.33553e-06
 Reference value :  1.33612e-06
 Reference value :  1.33673e-06
 Reference value :  1.33733e-06
 Reference value :  1.33791e-06
 Reference value :  1.33849e-06
 Reference value :  1.33910e-06
 Reference value :  1.33970e-06
 Reference value :  1.34027e-06
 Reference value :  1.34082e-06
 Reference value :  1.34140e-06
 Reference value :  1.34200e-06
 Reference value :  1.34258e-06
 Reference value :  1.34320e-06
 Reference value :  1.34377e-06
 Reference value :  1.34434e-06
 Reference value :  1.34491e-06
 Reference value :  1.34548e-06
 Reference value :  1.34604e-06
 Reference value :  1.34661e-06
 Reference value :  1.34718e-06
 Reference value :  1.34774e-06
 Reference value :  1.34834e-06
 Reference value :  1.34891e-06
 Reference value :  1.34948e-06
 Reference value :  1.35011e-06
 Reference value :  1.35062e-06
 Reference value :  1.35122e-06
 Reference value :  1.35180e-06
 Reference value :  1.35240e-06
 Reference value :  1.35297e-06
 Reference value :  1.35357e-06
 Reference value :  1.35416e-06
 Reference value :  1.35464e-06
 Reference value :  1.35521e-06
 Reference value :  1.35581e-06
 Reference value :  1.35641e-06
 Reference value :  1.35698e-06
 Reference value :  1.35757e-06
 Reference value :  1.35816e-06
 Reference value :  1.35871e-06
 Reference value :  1.35930e-06
 Reference value :  1.35988e-06
 Reference value :  1.36046e-06
 Reference value :  1.36101e-06
 Reference value :  1.36149e-06
 Reference value :  1.36209e-06
 Reference value :  1.36270e-06
 Reference value :  1.36328e-06
 Reference value :  1.36388e-06
 Reference value :  1.36450e-06
 Reference value :  1.36511e-06
 Reference value :  1.36570e-06
 Reference value :  1.36632e-06
 Reference value :  1.36692e-06
 Reference value :  1.36752e-06
 Reference value :  1.36810e-06
 Reference value :  1.36871e-06
 Reference value :  1.36931e-06
 Reference value :  1.36990e-06
 Reference value :  1.37050e-06
 Reference value :  1.37112e-06
 Reference value :  1.37178e-06
 Reference value :  1.37240e-06
 Reference value :  1.37303e-06
 Reference value :  1.37361e-06
 Reference value :  1.37405e-06
 Reference value :  1.37464e-06
 Reference value :  1.37523e-06
 Reference value :  1.37584e-06
 Reference value :  1.37642e-06
 Reference value :  1.37705e-06
 Reference value :  1.37769e-06
 Reference value :  1.37827e-06
 Reference value :  1.37891e-06
 Reference value :  1.37955e-06
 Reference value :  1.38018e-06
 Reference value :  1.38081e-06
 Reference value :  1.38142e-06
 Reference value :  1.38205e-06
 Reference value :  1.38268e-06
 Reference value :  1.38327e-06
 Reference value :  1.38390e-06
 Reference value :  1.38456e-06
 Reference value :  1.38521e-06
 Reference value :  1.38585e-06
 Reference value :  1.38648e-06
 Reference value :  1.38711e-06
 Reference value :  1.38771e-06
 Reference value :  1.38839e-06
 Reference value :  1.38904e-06
 Reference value :  1.38972e-06
 Reference value :  1.39032e-06
 Reference value :  1.39097e-06
 Reference value :  1.39159e-06
 Reference value :  1.39222e-06
 Reference value :  1.39287e-06
 Reference value :  1.39348e-06
 Reference value :  1.39417e-06
 Reference value :  1.39480e-06
 Reference value :  1.39544e-06
 Reference value :  1.39606e-06
 Reference value :  1.39674e-06
 Reference value :  1.39736e-06
 Reference value :  1.39802e-06
 Reference value :  1.39865e-06
 Reference value :  1.39932e-06
 Reference value :  1.39993e-06
 Reference value :  1.40057e-06
 Reference value :  1.40121e-06
 Reference value :  1.40182e-06
 Reference value :  1.40251e-06
 Reference value :  1.40318e-06
 Reference value :  1.40384e-06
 Reference value :  1.40453e-06
 Reference value :  1.40520e-06
 Reference value :  1.40586e-06
 Reference value :  1.40657e-06
 Reference value :  1.40722e-06
 Reference value :  1.40790e-06
 Reference value :  1.40864e-06
 Reference value :  1.40937e-06
 Reference value :  1.41009e-06
 Reference value :  1.41081e-06
 Reference value :  1.41151e-06
 Reference value :  1.41217e-06
 Reference value :  1.41301e-06
 Reference value :  1.41375e-06
 Reference value :  1.41450e-06
 Reference value :  1.41521e-06
 Reference value :  1.41588e-06
 Reference value :  1.41657e-06
 Reference value :  1.41722e-06
 Reference value :  1.41791e-06
 Reference value :  1.41863e-06
 Reference value :  1.41932e-06
 Reference value :  1.42000e-06
 Reference value :  1.42067e-06
 Reference value :  1.42137e-06
 Reference value :  1.42207e-06
 Reference value :  1.42284e-06
 Reference value :  1.42349e-06
 Reference value :  1.42419e-06
 Reference value :  1.42489e-06
 Reference value :  1.42555e-06
 Reference value :  1.42624e-06
 Reference value :  1.42697e-06
 Reference value :  1.42768e-06
 Reference value :  1.42835e-06
 Reference value :  1.42903e-06
 Reference value :  1.42974e-06
 Reference value :  1.43043e-06
 Reference value :  1.43113e-06
 Reference value :  1.43182e-06
 Reference value :  1.43256e-06
 Reference value :  1.43326e-06
 Reference value :  1.43390e-06
 Reference value :  1.43457e-06
 Reference value :  1.43528e-06
 Reference value :  1.43597e-06
 Reference value :  1.43667e-06
 Reference value :  1.43734e-06
 Reference value :  1.43805e-06
 Reference value :  1.43872e-06
 Reference value :  1.43939e-06
 Reference value :  1.44009e-06
 Reference value :  1.44076e-06
 Reference value :  1.44145e-06
 Reference value :  1.44215e-06
 Reference value :  1.44287e-06
 Reference value :  1.44355e-06
 Reference value :  1.44423e-06
 Reference value :  1.44492e-06
 Reference value :  1.44557e-06
 Reference value :  1.44630e-06
 Reference value :  1.44699e-06
 Reference value :  1.44771e-06
 Reference value :  1.44845e-06
 Reference value :  1.44915e-06
 Reference value :  1.44985e-06
 Reference value :  1.45056e-06
 Reference value :  1.45128e-06
 Reference value :  1.45199e-06
 Reference value :  1.45271e-06
 Reference value :  1.45340e-06
 Reference value :  1.45407e-06
 Reference value :  1.45477e-06
 Reference value :  1.45536e-06
 Reference value :  1.45604e-06
 Reference value :  1.45676e-06
 Reference value :  1.45749e-06
 Reference value :  1.45820e-06
 Reference value :  1.45889e-06
 Reference value :  1.45960e-06
 Reference value :  1.46034e-06
 Reference value :  1.46086e-06
 Reference value :  1.46156e-06
 Reference value :  1.46229e-06
 Reference value :  1.46300e-06
 Reference value :  1.46364e-06
 Reference value :  1.46426e-06
 Reference value :  1.46497e-06
 Reference value :  1.46566e-06
 Reference value :  1.46636e-06
 Reference value :  1.46704e-06
 Reference value :  1.46773e-06
 Reference value :  1.46845e-06
 Reference value :  1.46914e-06
 Reference value :  1.46975e-06
 Reference value :  1.47039e-06
 Reference value :  1.47105e-06
 Reference value :  1.47167e-06
 Reference value :  1.47236e-06
 Reference value :  1.47307e-06
 Reference value :  1.47378e-06
 Reference value :  1.47448e-06
 Reference value :  1.47512e-06
 Reference value :  1.47568e-06
 Reference value :  1.47630e-06
 Reference value :  1.47690e-06
 Reference value :  1.47754e-06
 Reference value :  1.47809e-06
 Reference value :  1.47871e-06
 Reference value :  1.47932e-06
 Reference value :  1.47994e-06
 Reference value :  1.48057e-06
 Reference value :  1.48130e-06
 Reference value :  1.48202e-06
 Reference value :  1.48273e-06
 Reference value :  1.48345e-06
 Reference value :  1.48419e-06
 Reference value :  1.48491e-06
 Reference value :  1.48562e-06
 Reference value :  1.48633e-06
 Reference value :  1.48698e-06
 Reference value :  1.48773e-06
 Reference value :  1.48851e-06
 Reference value :  1.48926e-06
 Reference value :  1.49002e-06
 Reference value :  1.49076e-06
 Reference value :  1.49150e-06
 Reference value :  1.49226e-06
 Reference value :  1.49300e-06
 Reference value :  1.49378e-06
 Reference value :  1.49453e-06
 Reference value :  1.49527e-06
 Reference value :  1.49599e-06
 Reference value :  1.49673e-06
 Reference value :  1.49746e-06
 Reference value :  1.49821e-06
 Reference value :  1.49895e-06
 Reference value :  1.49968e-06
 Reference value :  1.50041e-06
 Reference value :  1.50113e-06
 Reference value :  1.50186e-06
 Reference value :  1.50258e-06
 Reference value :  1.50334e-06
 Reference value :  1.50408e-06
 Reference value :  1.50480e-06
 Reference value :  1.50553e-06
 Reference value :  1.50625e-06
 Reference value :  1.50698e-06
 Reference value :  1.50775e-06
 Reference value :  1.50848e-06
 Reference value :  1.50921e-06
 Reference value :  1.50995e-06
 Reference value :  1.51068e-06
 Reference value :  1.51142e-06
 Reference value :  1.51216e-06
 Reference value :  1.51290e-06
 Reference value :  1.51364e-06
 Reference value :  1.51439e-06
 Reference value :  1.51512e-06
 Reference value :  1.51586e-06
 Reference value :  1.51660e-06
 Reference value :  1.51735e-06
 Reference value :  1.51809e-06
 Reference value :  1.51883e-06
 Reference value :  1.51957e-06
 Reference value :  1.52031e-06
 Reference value :  1.52105e-06
 Reference value :  1.52179e-06
 Reference value :  1.52254e-06
 Reference value :  1.52327e-06
 Reference value :  1.52400e-06
 Reference value :  1.52471e-06
 Reference value :  1.52544e-06
 Reference value :  1.52618e-06
 Reference value :  1.52695e-06
 Reference value :  1.52769e-06
 Reference value :  1.52840e-06
 Reference value :  1.52914e-06
 Reference value :  1.52987e-06
 Reference value :  1.53061e-06
 Reference value :  1.53136e-06
 Reference value :  1.53212e-06
 Reference value :  1.53285e-06
 Reference value :  1.53359e-06
 Reference value :  1.53433e-06
 Reference value :  1.53505e-06
 Reference value :  1.53579e-06
 Reference value :  1.53657e-06
 Reference value :  1.53729e-06
 Reference value :  1.53799e-06
 Reference value :  1.53864e-06
 Reference value :  1.53937e-06
 Reference value :  1.54010e-06
 Reference value :  1.54083e-06
 Reference value :  1.54158e-06
 Reference value :  1.54232e-06
 Reference value :  1.54305e-06
 Reference value :  1.54376e-06
 Reference value :  1.54447e-06
 Reference value :  1.54518e-06
 Reference value :  1.54595e-06
 Reference value :  1.54667e-06
 Reference value :  1.54740e-06
 Reference value :  1.54814e-06
 Reference value :  1.54885e-06
 Reference value :  1.54959e-06
 Reference value :  1.55036e-06
 Reference value :  1.55110e-06
 Reference value :  1.55184e-06
 Reference value :  1.55259e-06
 Reference value :  1.55334e-06
 Reference value :  1.55408e-06
 Reference value :  1.55484e-06
 Reference value :  1.55561e-06
 Reference value :  1.55637e-06
 Reference value :  1.55711e-06
 Reference value :  1.55783e-06
 Reference value :  1.55856e-06
 Reference value :  1.55930e-06
 Reference value :  1.56006e-06
 Reference value :  1.56084e-06
 Reference value :  1.56158e-06
 Reference value :  1.56232e-06
 Reference value :  1.56306e-06
 Reference value :  1.56381e-06
 Reference value :  1.56457e-06
 Reference value :  1.56531e-06
 Reference value :  1.56604e-06
 Reference value :  1.56677e-06
 Reference value :  1.56749e-06
 Reference value :  1.56822e-06
 Reference value :  1.56894e-06
 Reference value :  1.56972e-06
 Reference value :  1.57044e-06
 Reference value :  1.57118e-06
 Reference value :  1.57192e-06
 Reference value :  1.57263e-06
 Reference value :  1.57336e-06
 Reference value :  1.57412e-06
 Reference value :  1.57486e-06
 Reference value :  1.57558e-06
 Reference value :  1.57631e-06
 Reference value :  1.57705e-06
 Reference value :  1.57777e-06
 Reference value :  1.57851e-06
 Reference value :  1.57927e-06
 Reference value :  1.58000e-06
 Reference value :  1.58072e-06
 Reference value :  1.58145e-06
 Reference value :  1.58217e-06
 Reference value :  1.58291e-06
 Reference value :  1.58368e-06
 Reference value :  1.58441e-06
 Reference value :  1.58514e-06
 Reference value :  1.58588e-06
 Reference value :  1.58661e-06
 Reference value :  1.58735e-06
 Reference value :  1.58809e-06
 Reference value :  1.58884e-06
 Reference value :  1.58958e-06
 Reference value :  1.59032e-06
 Reference value :  1.59105e-06
 Reference value :  1.59179e-06
 Reference value :  1.59252e-06
 Reference value :  1.59328e-06
 Reference value :  1.59402e-06
 Reference value :  1.59476e-06
 Reference value :  1.59550e-06
 Reference value :  1.59624e-06
 Reference value :  1.59697e-06
 Reference value :  1.59772e-06
 Reference value :  1.59846e-06
 Reference value :  1.59921e-06
 Reference value :  1.59995e-06
 Reference value :  1.60069e-06
 Reference value :  1.60143e-06
 Reference value :  1.60218e-06
 Reference value :  1.60298e-06
 Reference value :  1.60373e-06
 Reference value :  1.60450e-06
 Reference value :  1.60524e-06
 Reference value :  1.60606e-06
 Reference value :  1.60680e-06
 Reference value :  1.60756e-06
 Reference value :  1.60830e-06
 Reference value :  1.60906e-06
 Reference value :  1.60981e-06
 Reference value :  1.61055e-06
 Reference value :  1.61129e-06
 Reference value :  1.61205e-06
 Reference value :  1.61281e-06
 Reference value :  1.61355e-06
 Reference value :  1.61429e-06
 Reference value :  1.61503e-06
 Reference value :  1.61577e-06
 Reference value :  1.61651e-06
 Reference value :  1.61728e-06
 Reference value :  1.61802e-06
 Reference value :  1.61873e-06
 Reference value :  1.61946e-06
 Reference value :  1.62020e-06
 Reference value :  1.62094e-06
 Reference value :  1.62171e-06
 Reference value :  1.62245e-06
 Reference value :  1.62321e-06
 Reference value :  1.62393e-06
 Reference value :  1.62467e-06
 Reference value :  1.62540e-06
 Reference value :  1.62611e-06
 Reference value :  1.62673e-06
 Reference value :  1.62727e-06
 Reference value :  1.62793e-06
 Reference value :  1.62865e-06
 Reference value :  1.62926e-06
 Reference value :  1.62992e-06
 Reference value :  1.63057e-06
 Reference value :  1.63125e-06
 Reference value :  1.63197e-06
 Reference value :  1.63268e-06
 Reference value :  1.63341e-06
 Reference value :  1.63414e-06
 Reference value :  1.63485e-06
 Reference value :  1.63556e-06
 Reference value :  1.63631e-06
 Reference value :  1.63702e-06
 Reference value :  1.63773e-06
 Reference value :  1.63836e-06
 Reference value :  1.63900e-06
 Reference value :  1.63971e-06
 Reference value :  1.64040e-06
 Reference value :  1.64114e-06
 Reference value :  1.64173e-06
 Reference value :  1.64236e-06
 Reference value :  1.64309e-06
 Reference value :  1.64380e-06
 Reference value :  1.64451e-06
 Reference value :  1.64517e-06
 Reference value :  1.64591e-06
 Reference value :  1.64667e-06
 Reference value :  1.64738e-06
 Reference value :  1.64811e-06
 Reference value :  1.64884e-06
 Reference value :  1.64958e-06
 Reference value :  1.65033e-06
 Reference value :  1.65107e-06
 Reference value :  1.65180e-06
 Reference value :  1.65254e-06
 Reference value :  1.65329e-06
 Reference value :  1.65403e-06
 Reference value :  1.65482e-06
 Reference value :  1.65560e-06
 Reference value :  1.65631e-06
 Reference value :  1.65704e-06
 Reference value :  1.65783e-06
 Reference value :  1.65858e-06
 Reference value :  1.65932e-06
 Reference value :  1.66013e-06
 Reference value :  1.66091e-06
 Reference value :  1.66171e-06
 Reference value :  1.66249e-06
 Reference value :  1.66328e-06
 Reference value :  1.66405e-06
 Reference value :  1.66482e-06
 Reference value :  1.66557e-06
 Reference value :  1.66638e-06
 Reference value :  1.66717e-06
 Reference value :  1.66797e-06
 Reference value :  1.66878e-06
 Reference value :  1.66960e-06
 Reference value :  1.67039e-06
 Reference value :  1.67118e-06
 Reference value :  1.67197e-06
 Reference value :  1.67274e-06
 Reference value :  1.67352e-06
 Reference value :  1.67432e-06
 Reference value :  1.67510e-06
 Reference value :  1.67587e-06
 Reference value :  1.67663e-06
 Reference value :  1.67741e-06
 Reference value :  1.67818e-06
 Reference value :  1.67898e-06
 Reference value :  1.67976e-06
 Reference value :  1.68052e-06
 Reference value :  1.68130e-06
 Reference value :  1.68207e-06
 Reference value :  1.68284e-06
 Reference value :  1.68365e-06
 Reference value :  1.68440e-06
 Reference value :  1.68522e-06
 Reference value :  1.68601e-06
 Reference value :  1.68676e-06
 Reference value :  1.68754e-06
 Reference value :  1.68829e-06
 Reference value :  1.68903e-06
 Reference value :  1.68980e-06
 Reference value :  1.69054e-06
 Reference value :  1.69133e-06
 Reference value :  1.69215e-06
 Reference value :  1.69294e-06
 Reference value :  1.69372e-06
 Reference value :  1.69450e-06
 Reference value :  1.69525e-06
 Reference value :  1.69591e-06
 Reference value :  1.69667e-06
 Reference value :  1.69746e-06
 Reference value :  1.69823e-06
 Reference value :  1.69900e-06
 Reference value :  1.69975e-06
 Reference value :  1.70051e-06
 Reference value :  1.70125e-06
 Reference value :  1.70203e-06
 Reference value :  1.70281e-06
 Reference value :  1.70359e-06
 Reference value :  1.70434e-06
 Reference value :  1.70510e-06
 Reference value :  1.70587e-06
 Reference value :  1.70662e-06
 Reference value :  1.70740e-06
 Reference value :  1.70815e-06
 Reference value :  1.70893e-06
 Reference value :  1.70968e-06
 Reference value :  1.71047e-06
 Reference value :  1.71125e-06
 Reference value :  1.71207e-06
 Reference value :  1.71286e-06
 Reference value :  1.71364e-06
 Reference value :  1.71440e-06
 Reference value :  1.71514e-06
 Reference value :  1.71587e-06
 Reference value :  1.71662e-06
 Reference value :  1.71737e-06
 Reference value :  1.71814e-06
 Reference value :  1.71890e-06
 Reference value :  1.71964e-06
 Reference value :  1.72039e-06
 Reference value :  1.72118e-06
 Reference value :  1.72197e-06
 Reference value :  1.72275e-06
 Reference value :  1.72356e-06
 Reference value :  1.72436e-06
 Reference value :  1.72514e-06
 Reference value :  1.72593e-06
 Reference value :  1.72670e-06
 Reference value :  1.72751e-06
 Reference value :  1.72829e-06
 Reference value :  1.72905e-06
 Reference value :  1.72982e-06
 Reference value :  1.73066e-06
 Reference value :  1.73144e-06
 Reference value :  1.73221e-06
 Reference value :  1.73299e-06
 Reference value :  1.73379e-06
 Reference value :  1.73458e-06
 Reference value :  1.73539e-06
 Reference value :  1.73620e-06
 Reference value :  1.73699e-06
 Reference value :  1.73775e-06
 Reference value :  1.73848e-06
 Reference value :  1.73922e-06
 Reference value :  1.73996e-06
 Reference value :  1.74070e-06
 Reference value :  1.74141e-06
 Reference value :  1.74211e-06
 Reference value :  1.74280e-06
 Reference value :  1.74351e-06
 Reference value :  1.74422e-06
 Reference value :  1.74488e-06
 Reference value :  1.74566e-06
 Reference value :  1.74640e-06
 Reference value :  1.74714e-06
 Reference value :  1.74785e-06
 Reference value :  1.74856e-06
 Reference value :  1.74930e-06
 Reference value :  1.75007e-06
 Reference value :  1.75080e-06
 Reference value :  1.75155e-06
 Reference value :  1.75232e-06
 Reference value :  1.75308e-06
 Reference value :  1.75385e-06
 Reference value :  1.75467e-06
 Reference value :  1.75543e-06
 Reference value :  1.75621e-06
 Reference value :  1.75699e-06
 Reference value :  1.75777e-06
 Reference value :  1.75857e-06
 Reference value :  1.75939e-06
 Reference value :  1.76016e-06
 Reference value :  1.76095e-06
 Reference value :  1.76175e-06
 Reference value :  1.76251e-06
 Reference value :  1.76329e-06
 Reference value :  1.76410e-06
 Reference value :  1.76490e-06
 Reference value :  1.76570e-06
 Reference value :  1.76645e-06
 Reference value :  1.76720e-06
 Reference value :  1.76800e-06
 Reference value :  1.76885e-06
 Reference value :  1.76961e-06
 Reference value :  1.77041e-06
 Reference value :  1.77118e-06
 Reference value :  1.77194e-06
 Reference value :  1.77271e-06
 Reference value :  1.77348e-06
 Reference value :  1.77424e-06
 Reference value :  1.77500e-06
 Reference value :  1.77580e-06
 Reference value :  1.77661e-06
 Reference value :  1.77739e-06
 Reference value :  1.77817e-06
 Reference value :  1.77898e-06
 Reference value :  1.77977e-06
 Reference value :  1.78057e-06
 Reference value :  1.78142e-06
 Reference value :  1.78230e-06
 Reference value :  1.78319e-06
 Reference value :  1.78407e-06
 Reference value :  1.78492e-06
 Reference value :  1.78578e-06
 Reference value :  1.78664e-06
 Reference value :  1.78756e-06
 Reference value :  1.78846e-06
 Reference value :  1.78935e-06
 Reference value :  1.79021e-06
 Reference value :  1.79107e-06
 Reference value :  1.79198e-06
 Reference value :  1.79288e-06
 Reference value :  1.79375e-06
 Reference value :  1.79459e-06
 Reference value :  1.79543e-06
 Reference value :  1.79626e-06
 Reference value :  1.79711e-06
 Reference value :  1.79798e-06
 Reference value :  1.79885e-06
 Reference value :  1.79975e-06
 Reference value :  1.80060e-06
 Reference value :  1.80144e-06
 Reference value :  1.80219e-06
 Reference value :  1.80299e-06
 Reference value :  1.80379e-06
 Reference value :  1.80455e-06
 Reference value :  1.80528e-06
 Reference value :  1.80600e-06
 Reference value :  1.80677e-06
 Reference value :  1.80754e-06
 Reference value :  1.80829e-06
 Reference value :  1.80906e-06
 Reference value :  1.80981e-06
 Reference value :  1.81063e-06
 Reference value :  1.81145e-06
 Reference value :  1.81225e-06
 Reference value :  1.81302e-06
 Reference value :  1.81378e-06
 Reference value :  1.81458e-06
 Reference value :  1.81537e-06
 Reference value :  1.81624e-06
 Reference value :  1.81705e-06
 Reference value :  1.81790e-06
 Reference value :  1.81869e-06
 Reference value :  1.81952e-06
 Reference value :  1.82034e-06
 Reference value :  1.82119e-06
 Reference value :  1.82200e-06
 Reference value :  1.82282e-06
 Reference value :  1.82366e-06
 Reference value :  1.82446e-06
 Reference value :  1.82532e-06
 Reference value :  1.82613e-06
 Reference value :  1.82696e-06
 Reference value :  1.82776e-06
 Reference value :  1.82860e-06
 Reference value :  1.82941e-06
 Reference value :  1.83026e-06
 Reference value :  1.83108e-06
 Reference value :  1.83190e-06
 Reference value :  1.83273e-06
 Reference value :  1.83350e-06
 Reference value :  1.83435e-06
 Reference value :  1.83517e-06
 Reference value :  1.83600e-06
 Reference value :  1.83682e-06
 Reference value :  1.83764e-06
 Reference value :  1.83847e-06
 Reference value :  1.83926e-06
 Reference value :  1.84012e-06
 Reference value :  1.84091e-06
 Reference value :  1.84174e-06
 Reference value :  1.84254e-06
 Reference value :  1.84333e-06
 Reference value :  1.84417e-06
 Reference value :  1.84506e-06
 Reference value :  1.84593e-06
 Reference value :  1.84682e-06
 Reference value :  1.84767e-06
 Reference value :  1.84848e-06
 Reference value :  1.84932e-06
 Reference value :  1.85015e-06
 Reference value :  1.85093e-06
 Reference value :  1.85173e-06
 Reference value :  1.85257e-06
 Reference value :  1.85337e-06
 Reference value :  1.85420e-06
 Reference value :  1.85497e-06
 Reference value :  1.85582e-06
 Reference value :  1.85670e-06
 Reference value :  1.85759e-06
 Reference value :  1.85849e-06
 Reference value :  1.85941e-06
 Reference value :  1.86022e-06
 Reference value :  1.86116e-06
 Reference value :  1.86204e-06
 Reference value :  1.86290e-06
 Reference value :  1.86378e-06
 Reference value :  1.86462e-06
 Reference value :  1.86539e-06
 Reference value :  1.86614e-06
 Reference value :  1.86696e-06
 Reference value :  1.86775e-06
 Reference value :  1.86855e-06
 Reference value :  1.86929e-06
 Reference value :  1.87014e-06
 Reference value :  1.87094e-06
 Reference value :  1.87176e-06
 Reference value :  1.87257e-06
 Reference value :  1.87343e-06
 Reference value :  1.87423e-06
 Reference value :  1.87507e-06
 Reference value :  1.87589e-06
 Reference value :  1.87669e-06
 Reference value :  1.87753e-06
 Reference value :  1.87835e-06
 Reference value :  1.87919e-06
 Reference value :  1.87999e-06
 Reference value :  1.88082e-06
 Reference value :  1.88164e-06
 Reference value :  1.88250e-06
 Reference value :  1.88331e-06
 Reference value :  1.88416e-06
 Reference value :  1.88497e-06
 Reference value :  1.88581e-06
 Reference value :  1.88661e-06
 Reference value :  1.88752e-06
 Reference value :  1.88840e-06
 Reference value :  1.88928e-06
 Reference value :  1.89016e-06
 Reference value :  1.89105e-06
 Reference value :  1.89198e-06
 Reference value :  1.89284e-06
 Reference value :  1.89372e-06
 Reference value :  1.89460e-06
 Reference value :  1.89551e-06
 Reference value :  1.89641e-06
 Reference value :  1.89730e-06
 Reference value :  1.89818e-06
 Reference value :  1.89905e-06
 Reference value :  1.89997e-06
 Reference value :  1.90082e-06
 Reference value :  1.90166e-06
 Reference value :  1.90251e-06
 Reference value :  1.90331e-06
 Reference value :  1.90414e-06
 Reference value :  1.90494e-06
 Reference value :  1.90576e-06
 Reference value :  1.90662e-06
 Reference value :  1.90741e-06
 Reference value :  1.90825e-06
 Reference value :  1.90903e-06
 Reference value :  1.90982e-06
 Reference value :  1.91069e-06
 Reference value :  1.91152e-06
 Reference value :  1.91235e-06
 Reference value :  1.91317e-06
 Reference value :  1.91400e-06
 Reference value :  1.91481e-06
 Reference value :  1.91565e-06
 Reference value :  1.91647e-06
 Reference value :  1.91732e-06
 Reference value :  1.91813e-06
 Reference value :  1.91897e-06
 Reference value :  1.91979e-06
 Reference value :  1.92066e-06
 Reference value :  1.92145e-06
 Reference value :  1.92226e-06
 Reference value :  1.92309e-06
 Reference value :  1.92388e-06
 Reference value :  1.92471e-06
 Reference value :  1.92555e-06
 Reference value :  1.92640e-06
 Reference value :  1.92720e-06
 Reference value :  1.92802e-06
 Reference value :  1.92885e-06
 Reference value :  1.92968e-06
 Reference value :  1.93053e-06
 Reference value :  1.93135e-06
 Reference value :  1.93219e-06
 Reference value :  1.93302e-06
 Reference value :  1.93386e-06
 Reference value :  1.93471e-06
 Reference value :  1.93554e-06
 Reference value :  1.93640e-06
 Reference value :  1.93720e-06
 Reference value :  1.93803e-06
 Reference value :  1.93886e-06
 Reference value :  1.93975e-06
 Reference value :  1.94054e-06
 Reference value :  1.94138e-06
 Reference value :  1.94219e-06
 Reference value :  1.94302e-06
 Reference value :  1.94386e-06
 Reference value :  1.94472e-06
 Reference value :  1.94553e-06
 Reference value :  1.94637e-06
 Reference value :  1.94719e-06
 Reference value :  1.94799e-06
 Reference value :  1.94885e-06
 Reference value :  1.94961e-06
 Reference value :  1.95036e-06
 Reference value :  1.95114e-06
 Reference value :  1.95192e-06
 Reference value :  1.95269e-06
 Reference value :  1.95349e-06
 Reference value :  1.95425e-06
 Reference value :  1.95504e-06
 Reference value :  1.95589e-06
 Reference value :  1.95671e-06
 Reference value :  1.95755e-06
 Reference value :  1.95841e-06
 Reference value :  1.95924e-06
 Reference value :  1.96009e-06
 Reference value :  1.96090e-06
 Reference value :  1.96174e-06
 Reference value :  1.96257e-06
 Reference value :  1.96345e-06
 Reference value :  1.96425e-06
 Reference value :  1.96512e-06
 Reference value :  1.96592e-06
 Reference value :  1.96677e-06
 Reference value :  1.96759e-06
 Reference value :  1.96847e-06
 Reference value :  1.96927e-06
 Reference value :  1.97012e-06
 Reference value :  1.97092e-06
 Reference value :  1.97179e-06
 Reference value :  1.97262e-06
 Reference value :  1.97348e-06
 Reference value :  1.97429e-06
 Reference value :  1.97513e-06
 Reference value :  1.97594e-06
 Reference value :  1.97677e-06
 Reference value :  1.97760e-06
 Reference value :  1.97847e-06
 Reference value :  1.97929e-06
 Reference value :  1.98014e-06
 Reference value :  1.98092e-06
 Reference value :  1.98180e-06
 Reference value :  1.98265e-06
 Reference value :  1.98349e-06
 Reference value :  1.98442e-06
 Reference value :  1.98534e-06
 Reference value :  1.98622e-06
 Reference value :  1.98705e-06
 Reference value :  1.98787e-06
 Reference value :  1.98869e-06
 Reference value :  1.98952e-06
 Reference value :  1.99035e-06
 Reference value :  1.99120e-06
 Reference value :  1.99205e-06
 Reference value :  1.99290e-06
 Reference value :  1.99369e-06
 Reference value :  1.99450e-06
 Reference value :  1.99533e-06
 Reference value :  1.99617e-06
 Reference value :  1.99703e-06
 Reference value :  1.99793e-06
 Reference value :  1.99879e-06
 Reference value :  1.99966e-06
 Reference value :  2.00051e-06
 Reference value :  2.00134e-06
 Reference value :  2.00220e-06
 Reference value :  2.00302e-06
 Reference value :  2.00386e-06
 Reference value :  2.00467e-06
 Reference value :  2.00553e-06
 Reference value :  2.00639e-06
 Reference value :  2.00719e-06
 Reference value :  2.00795e-06
 Reference value :  2.00876e-06
 Reference value :  2.00961e-06
 Reference value :  2.01046e-06
 Reference value :  2.01128e-06
 Reference value :  2.01211e-06
 Reference value :  2.01294e-06
 Reference value :  2.01376e-06
 Reference value :  2.01459e-06
 Reference value :  2.01545e-06
 Reference value :  2.01630e-06
 Reference value :  2.01714e-06
 Reference value :  2.01794e-06
 Reference value :  2.01876e-06
 Reference value :  2.01959e-06
 Reference value :  2.02040e-06
 Reference value :  2.02123e-06
 Reference value :  2.02202e-06
 Reference value :  2.02281e-06
 Reference value :  2.02361e-06
 Reference value :  2.02442e-06
 Reference value :  2.02523e-06
 Reference value :  2.02605e-06
 Reference value :  2.02688e-06
 Reference value :  2.02774e-06
 Reference value :  2.02852e-06
 Reference value :  2.02934e-06
 Reference value :  2.03015e-06
 Reference value :  2.03091e-06
 Reference value :  2.03173e-06
 Reference value :  2.03253e-06
 Reference value :  2.03333e-06
 Reference value :  2.03421e-06
 Reference value :  2.03505e-06
 Reference value :  2.03589e-06
 Reference value :  2.03670e-06
 Reference value :  2.03756e-06
 Reference value :  2.03838e-06
 Reference value :  2.03924e-06
 Reference value :  2.04009e-06
 Reference value :  2.04091e-06
 Reference value :  2.04173e-06
 Reference value :  2.04256e-06
 Reference value :  2.04338e-06
 Reference value :  2.04424e-06
 Reference value :  2.04508e-06
 Reference value :  2.04591e-06
 Reference value :  2.04673e-06
 Reference value :  2.04755e-06
 Reference value :  2.04837e-06
 Reference value :  2.04924e-06
 Reference value :  2.05005e-06
 Reference value :  2.05090e-06
 Reference value :  2.05173e-06
 Reference value :  2.05257e-06
 Reference value :  2.05344e-06
 Reference value :  2.05426e-06
 Reference value :  2.05511e-06
 Reference value :  2.05592e-06
 Reference value :  2.05676e-06
 Reference value :  2.05760e-06
 Reference value :  2.05847e-06
 Reference value :  2.05929e-06
 Reference value :  2.06015e-06
 Reference value :  2.06096e-06
 Reference value :  2.06181e-06
 Reference value :  2.06264e-06
 Reference value :  2.06350e-06
 Reference value :  2.06434e-06
 Reference value :  2.06517e-06
 Reference value :  2.06599e-06
 Reference value :  2.06683e-06
 Reference value :  2.06770e-06
 Reference value :  2.06851e-06
 Reference value :  2.06940e-06
 Reference value :  2.07019e-06
 Reference value :  2.07105e-06
 Reference value :  2.07187e-06
 Reference value :  2.07275e-06
 Reference value :  2.07358e-06
 Reference value :  2.07449e-06
 Reference value :  2.07534e-06
 Reference value :  2.07613e-06
 Reference value :  2.07698e-06
 Reference value :  2.07780e-06
 Reference value :  2.07866e-06
 Reference value :  2.07946e-06
 Reference value :  2.08030e-06
 Reference value :  2.08110e-06
 Reference value :  2.08198e-06
 Reference value :  2.08278e-06
 Reference value :  2.08355e-06
 Reference value :  2.08443e-06
 Reference value :  2.08531e-06
 Reference value :  2.08612e-06
 Reference value :  2.08698e-06
 Reference value :  2.08778e-06
 Reference value :  2.08865e-06
 Reference value :  2.08954e-06
 Reference value :  2.09041e-06
 Reference value :  2.09132e-06
 Reference value :  2.09221e-06
 Reference value :  2.09313e-06
 Reference value :  2.09402e-06
 Reference value :  2.09480e-06
 Reference value :  2.09564e-06
 Reference value :  2.09647e-06
 Reference value :  2.09731e-06
 Reference value :  2.09813e-06
 Reference value :  2.09896e-06
 Reference value :  2.09980e-06
 Reference value :  2.10068e-06
 Reference value :  2.10150e-06
 Reference value :  2.10234e-06
 Reference value :  2.10314e-06
 Reference value :  2.10399e-06
 Reference value :  2.10481e-06
 Reference value :  2.10571e-06
 Reference value :  2.10653e-06
 Reference value :  2.10737e-06
 Reference value :  2.10815e-06
 Reference value :  2.10897e-06
 Reference value :  2.10980e-06
 Reference value :  2.11069e-06
 Reference value :  2.11150e-06
 Reference value :  2.11235e-06
 Reference value :  2.11316e-06
 Reference value :  2.11400e-06
 Reference value :  2.11487e-06
 Reference value :  2.11571e-06
 Reference value :  2.11654e-06
 Reference value :  2.11739e-06
 Reference value :  2.11822e-06
 Reference value :  2.11906e-06
 Reference value :  2.11995e-06
 Reference value :  2.12076e-06
 Reference value :  2.12164e-06
 Reference value :  2.12246e-06
 Reference value :  2.12331e-06
 Reference value :  2.12414e-06
 Reference value :  2.12499e-06
 Reference value :  2.12584e-06
 Reference value :  2.12674e-06
 Reference value :  2.12765e-06
 Reference value :  2.12853e-06
 Reference value :  2.12945e-06
 Reference value :  2.13036e-06
 Reference value :  2.13121e-06
 Reference value :  2.13203e-06
 Reference value :  2.13289e-06
 Reference value :  2.13374e-06
 Reference value :  2.13460e-06
 Reference value :  2.13544e-06
 Reference value :  2.13628e-06
 Reference value :  2.13709e-06
 Reference value :  2.13795e-06
 Reference value :  2.13882e-06
 Reference value :  2.13973e-06
 Reference value :  2.14054e-06
 Reference value :  2.14134e-06
 Reference value :  2.14217e-06
 Reference value :  2.14293e-06
 Reference value :  2.14371e-06
 Reference value :  2.14450e-06
 Reference value :  2.14529e-06
 Reference value :  2.14604e-06
 Reference value :  2.14686e-06
 Reference value :  2.14773e-06
 Reference value :  2.14859e-06
 Reference value :  2.14939e-06
 Reference value :  2.15023e-06
 Reference value :  2.15109e-06
 Reference value :  2.15191e-06
 Reference value :  2.15278e-06
 Reference value :  2.15370e-06
 Reference value :  2.15459e-06
 Reference value :  2.15538e-06
 Reference value :  2.15623e-06
 Reference value :  2.15703e-06
 Reference value :  2.15787e-06
 Reference value :  2.15869e-06
 Reference value :  2.15953e-06
 Reference value :  2.16036e-06
 Reference value :  2.16118e-06
 Reference value :  2.16203e-06
 Reference value :  2.16290e-06
 Reference value :  2.16370e-06
 Reference value :  2.16456e-06
 Reference value :  2.16538e-06
 Reference value :  2.16625e-06
 Reference value :  2.16709e-06
 Reference value :  2.16795e-06
 Reference value :  2.16876e-06
 Reference value :  2.16961e-06
 Reference value :  2.17040e-06
 Reference value :  2.17127e-06
 Reference value :  2.17214e-06
 Reference value :  2.17296e-06
 Reference value :  2.17382e-06
 Reference value :  2.17464e-06
 Reference value :  2.17551e-06
 Reference value :  2.17632e-06
 Reference value :  2.17719e-06
 Reference value :  2.17801e-06
 Reference value :  2.17887e-06
 Reference value :  2.17969e-06
 Reference value :  2.18053e-06
 Reference value :  2.18139e-06
 Reference value :  2.18222e-06
 Reference value :  2.18310e-06
 Reference value :  2.18395e-06
 Reference value :  2.18487e-06
 Reference value :  2.18582e-06
 Reference value :  2.18674e-06
 Reference value :  2.18764e-06
 Reference value :  2.18858e-06
 Reference value :  2.18950e-06
 Reference value :  2.19045e-06
 Reference value :  2.19130e-06
 Reference value :  2.19219e-06
 Reference value :  2.19312e-06
 Reference value :  2.19398e-06
 Reference value :  2.19489e-06
 Reference value :  2.19583e-06
 Reference value :  2.19673e-06
 Reference value :  2.19765e-06
 Reference value :  2.19853e-06
 Reference value :  2.19945e-06
 Reference value :  2.20037e-06
 Reference value :  2.20129e-06
 Reference value :  2.20221e-06
 Reference value :  2.20312e-06
 Reference value :  2.20403e-06
 Reference value :  2.20495e-06
 Reference value :  2.20586e-06
 Reference value :  2.20676e-06
 Reference value :  2.20767e-06
 Reference value :  2.20855e-06
 Reference value :  2.20946e-06
 Reference value :  2.21039e-06
 Reference value :  2.21129e-06
 Reference value :  2.21216e-06
 Reference value :  2.21302e-06
 Reference value :  2.21393e-06
 Reference value :  2.21488e-06
 Reference value :  2.21577e-06
 Reference value :  2.21667e-06
 Reference value :  2.21759e-06
 Reference value :  2.21851e-06
 Reference value :  2.21943e-06
 Reference value :  2.22032e-06
 Reference value :  2.22122e-06
 Reference value :  2.22211e-06
 Reference value :  2.22293e-06
 Reference value :  2.22373e-06
 Reference value :  2.22458e-06
 Reference value :  2.22546e-06
 Reference value :  2.22636e-06
 Reference value :  2.22722e-06
 Reference value :  2.22814e-06
 Reference value :  2.22907e-06
 Reference value :  2.22998e-06
 Reference value :  2.23079e-06
 Reference value :  2.23165e-06
 Reference value :  2.23245e-06
 Reference value :  2.23333e-06
 Reference value :  2.23417e-06
 Reference value :  2.23500e-06
 Reference value :  2.23587e-06
 Reference value :  2.23668e-06
 Reference value :  2.23755e-06
 Reference value :  2.23841e-06
 Reference value :  2.23925e-06
 Reference value :  2.24008e-06
 Reference value :  2.24094e-06
 Reference value :  2.24181e-06
 Reference value :  2.24259e-06
 Reference value :  2.24340e-06
 Reference value :  2.24418e-06
 Reference value :  2.24499e-06
 Reference value :  2.24576e-06
 Reference value :  2.24653e-06
 Reference value :  2.24733e-06
 Reference value :  2.24814e-06
 Reference value :  2.24895e-06
 Reference value :  2.24981e-06
 Reference value :  2.25064e-06
 Reference value :  2.25148e-06
 Reference value :  2.25232e-06
 Reference value :  2.25309e-06
 Reference value :  2.25387e-06
 Reference value :  2.25465e-06
 Reference value :  2.25551e-06
 Reference value :  2.25633e-06
 Reference value :  2.25721e-06
 Reference value :  2.25804e-06
 Reference value :  2.25885e-06
 Reference value :  2.25963e-06
 Reference value :  2.26039e-06
 Reference value :  2.26119e-06
 Reference value :  2.26202e-06
 Reference value :  2.26278e-06
 Reference value :  2.26363e-06
 Reference value :  2.26443e-06
 Reference value :  2.26519e-06
 Reference value :  2.26599e-06
 Reference value :  2.26682e-06
 Reference value :  2.26763e-06
 Reference value :  2.26849e-06
 Reference value :  2.26931e-06
 Reference value :  2.27017e-06
 Reference value :  2.27098e-06
 Reference value :  2.27181e-06
 Reference value :  2.27259e-06
 Reference value :  2.27337e-06
 Reference value :  2.27416e-06
 Reference value :  2.27497e-06
 Reference value :  2.27575e-06
 Reference value :  2.27658e-06
 Reference value :  2.27738e-06
 Reference value :  2.27815e-06
 Reference value :  2.27894e-06
 Reference value :  2.27977e-06
 Reference value :  2.28059e-06
 Reference value :  2.28146e-06
 Reference value :  2.28224e-06
 Reference value :  2.28309e-06
 Reference value :  2.28390e-06
 Reference value :  2.28474e-06
 Reference value :  2.28558e-06
 Reference value :  2.28644e-06
 Reference value :  2.28722e-06
 Reference value :  2.28803e-06
 Reference value :  2.28885e-06
 Reference value :  2.28964e-06
 Reference value :  2.29051e-06
 Reference value :  2.29132e-06
 Reference value :  2.29217e-06
 Reference value :  2.29297e-06
 Reference value :  2.29382e-06
 Reference value :  2.29463e-06
 Reference value :  2.29550e-06
 Reference value :  2.29631e-06
 Reference value :  2.29709e-06
 Reference value :  2.29792e-06
 Reference value :  2.29871e-06
 Reference value :  2.29957e-06
 Reference value :  2.30039e-06
 Reference value :  2.30123e-06
 Reference value :  2.30204e-06
 Reference value :  2.30286e-06
 Reference value :  2.30370e-06
 Reference value :  2.30453e-06
 Reference value :  2.30537e-06
 Reference value :  2.30620e-06
 Reference value :  2.30702e-06
 Reference value :  2.30782e-06
 Reference value :  2.30866e-06
 Reference value :  2.30950e-06
 Reference value :  2.31035e-06
 Reference value :  2.31123e-06
 Reference value :  2.31204e-06
 Reference value :  2.31286e-06
 Reference value :  2.31369e-06
 Reference value :  2.31453e-06
 Reference value :  2.31536e-06
 Reference value :  2.31617e-06
 Reference value :  2.31691e-06
 Reference value :  2.31768e-06
 Reference value :  2.31848e-06
 Reference value :  2.31934e-06
 Reference value :  2.32019e-06
 Reference value :  2.32103e-06
 Reference value :  2.32186e-06
 Reference value :  2.32271e-06
 Reference value :  2.32357e-06
 Reference value :  2.32442e-06
 Reference value :  2.32526e-06
 Reference value :  2.32611e-06
 Reference value :  2.32692e-06
 Reference value :  2.32778e-06
 Reference value :  2.32865e-06
 Reference value :  2.32948e-06
 Reference value :  2.33035e-06
 Reference value :  2.33117e-06
 Reference value :  2.33203e-06
 Reference value :  2.33288e-06
 Reference value :  2.33371e-06
 Reference value :  2.33456e-06
 Reference value :  2.33538e-06
 Reference value :  2.33624e-06
 Reference value :  2.33708e-06
 Reference value :  2.33795e-06
 Reference value :  2.33879e-06
 Reference value :  2.33963e-06
 Reference value :  2.34040e-06
 Reference value :  2.34118e-06
 Reference value :  2.34197e-06
 Reference value :  2.34278e-06
 Reference value :  2.34361e-06
 Reference value :  2.34445e-06
 Reference value :  2.34527e-06
 Reference value :  2.34620e-06
 Reference value :  2.34712e-06
 Reference value :  2.34802e-06
 Reference value :  2.34893e-06
 Reference value :  2.34979e-06
 Reference value :  2.35061e-06
 Reference value :  2.35146e-06
 Reference value :  2.35233e-06
 Reference value :  2.35316e-06
 Reference value :  2.35404e-06
 Reference value :  2.35486e-06
 Reference value :  2.35571e-06
 Reference value :  2.35655e-06
 Reference value :  2.35742e-06
 Reference value :  2.35827e-06
 Reference value :  2.35909e-06
 Reference value :  2.35996e-06
 Reference value :  2.36078e-06
 Reference value :  2.36165e-06
 Reference value :  2.36247e-06
 Reference value :  2.36334e-06
 Reference value :  2.36416e-06
 Reference value :  2.36501e-06
 Reference value :  2.36585e-06
 Reference value :  2.36671e-06
 Reference value :  2.36759e-06
 Reference value :  2.36845e-06
 Reference value :  2.36938e-06
 Reference value :  2.37027e-06
 Reference value :  2.37126e-06
 Reference value :  2.37217e-06
 Reference value :  2.37308e-06
 Reference value :  2.37399e-06
 Reference value :  2.37490e-06
 Reference value :  2.37585e-06
 Reference value :  2.37674e-06
 Reference value :  2.37764e-06
 Reference value :  2.37853e-06
 Reference value :  2.37945e-06
 Reference value :  2.38038e-06
 Reference value :  2.38130e-06
 Reference value :  2.38214e-06
 Reference value :  2.38299e-06
 Reference value :  2.38391e-06
 Reference value :  2.38486e-06
 Reference value :  2.38580e-06
 Reference value :  2.38670e-06
 Reference value :  2.38762e-06
 Reference value :  2.38855e-06
 Reference value :  2.38946e-06
 Reference value :  2.39039e-06
 Reference value :  2.39131e-06
 Reference value :  2.39223e-06
 Reference value :  2.39310e-06
 Reference value :  2.39392e-06
 Reference value :  2.39484e-06
 Reference value :  2.39576e-06
 Reference value :  2.39668e-06
 Reference value :  2.39760e-06
 Reference value :  2.39853e-06
 Reference value :  2.39944e-06
 Reference value :  2.40037e-06
 Reference value :  2.40126e-06
 Reference value :  2.40216e-06
 Reference value :  2.40307e-06
 Reference value :  2.40400e-06
 Reference value :  2.40491e-06
 Reference value :  2.40582e-06
 Reference value :  2.40673e-06
 Reference value :  2.40762e-06
 Reference value :  2.40855e-06
 Reference value :  2.40945e-06
 Reference value :  2.41028e-06
 Reference value :  2.41112e-06
 Reference value :  2.41202e-06
 Reference value :  2.41292e-06
 Reference value :  2.41380e-06
 Reference value :  2.41464e-06
 Reference value :  2.41543e-06
 Reference value :  2.41631e-06
 Reference value :  2.41723e-06
 Reference value :  2.41807e-06
 Reference value :  2.41890e-06
 Reference value :  2.41974e-06
 Reference value :  2.42057e-06
 Reference value :  2.42137e-06
 Reference value :  2.42223e-06
 Reference value :  2.42312e-06
 Reference value :  2.42397e-06
 Reference value :  2.42482e-06
 Reference value :  2.42563e-06
 Reference value :  2.42649e-06
 Reference value :  2.42732e-06
 Reference value :  2.42818e-06
 Reference value :  2.42900e-06
 Reference value :  2.42983e-06
 Reference value :  2.43068e-06
 Reference value :  2.43150e-06
 Reference value :  2.43235e-06
 Reference value :  2.43320e-06
 Reference value :  2.43406e-06
 Reference value :  2.43488e-06
 Reference value :  2.43574e-06
 Reference value :  2.43656e-06
 Reference value :  2.43743e-06
 Reference value :  2.43829e-06
 Reference value :  2.43911e-06
 Reference value :  2.43997e-06
 Reference value :  2.44079e-06
 Reference value :  2.44164e-06
 Reference value :  2.44250e-06
 Reference value :  2.44335e-06
 Reference value :  2.44420e-06
 Reference value :  2.44502e-06
 Reference value :  2.44587e-06
 Reference value :  2.44672e-06
 Reference value :  2.44756e-06
 Reference value :  2.44835e-06
 Reference value :  2.44920e-06
 Reference value :  2.45001e-06
 Reference value :  2.45081e-06
 Reference value :  2.45162e-06
 Reference value :  2.45242e-06
 Reference value :  2.45318e-06
 Reference value :  2.45398e-06
 Reference value :  2.45479e-06
 Reference value :  2.45557e-06
 Reference value :  2.45639e-06
 Reference value :  2.45719e-06
 Reference value :  2.45798e-06
 Reference value :  2.45875e-06
 Reference value :  2.45956e-06
 Reference value :  2.46036e-06
 Reference value :  2.46116e-06
 Reference value :  2.46196e-06
 Reference value :  2.46277e-06
 Reference value :  2.46358e-06
 Reference value :  2.46444e-06
 Reference value :  2.46527e-06
 Reference value :  2.46613e-06
 Reference value :  2.46700e-06
 Reference value :  2.46780e-06
 Reference value :  2.46868e-06
 Reference value :  2.46950e-06
 Reference value :  2.47038e-06
 Reference value :  2.47125e-06
 Reference value :  2.47206e-06
 Reference value :  2.47292e-06
 Reference value :  2.47374e-06
 Reference value :  2.47460e-06
 Reference value :  2.47544e-06
 Reference value :  2.47630e-06
 Reference value :  2.47712e-06
 Reference value :  2.47798e-06
 Reference value :  2.47880e-06
 Reference value :  2.47964e-06
 Reference value :  2.48051e-06
 Reference value :  2.48133e-06
 Reference value :  2.48218e-06
 Reference value :  2.48299e-06
 Reference value :  2.48385e-06
 Reference value :  2.48468e-06
 Reference value :  2.48555e-06
 Reference value :  2.48638e-06
 Reference value :  2.48724e-06
 Reference value :  2.48806e-06
 Reference value :  2.48890e-06
 Reference value :  2.48977e-06
 Reference value :  2.49059e-06
 Reference value :  2.49147e-06
 Reference value :  2.49231e-06
 Reference value :  2.49316e-06
 Reference value :  2.49402e-06
 Reference value :  2.49485e-06
 Reference value :  2.49574e-06
 Reference value :  2.49657e-06
 Reference value :  2.49742e-06
 Reference value :  2.49825e-06
 Reference value :  2.49913e-06
 Reference value :  2.50000e-06
 Reference value :  2.50090e-06
 Reference value :  2.50181e-06
 Reference value :  2.50269e-06
 Reference value :  2.50363e-06
 Reference value :  2.50456e-06
 Reference value :  2.50542e-06
 Reference value :  2.50629e-06
 Reference value :  2.50709e-06
 Reference value :  2.50796e-06
 Reference value :  2.50882e-06
 Reference value :  2.50965e-06
 Reference value :  2.51052e-06
 Reference value :  2.51138e-06
 Reference value :  2.51223e-06
 Reference value :  2.51308e-06
 Reference value :  2.51393e-06
 Reference value :  2.51479e-06
 Reference value :  2.51561e-06
 Reference value :  2.51647e-06
 Reference value :  2.51729e-06
 Reference value :  2.51817e-06
 Reference value :  2.51902e-06
 Reference value :  2.51985e-06
 Reference value :  2.52072e-06
 Reference value :  2.52155e-06
 Reference value :  2.52242e-06
 Reference value :  2.52330e-06
 Reference value :  2.52413e-06
 Reference value :  2.52501e-06
 Reference value :  2.52583e-06
 Reference value :  2.52669e-06
 Reference value :  2.52759e-06
 Reference value :  2.52842e-06
 Reference value :  2.52926e-06
 Reference value :  2.53009e-06
 Reference value :  2.53094e-06
 Reference value :  2.53178e-06
 Reference value :  2.53265e-06
 Reference value :  2.53352e-06
 Reference value :  2.53436e-06
 Reference value :  2.53520e-06
 Reference value :  2.53606e-06
 Reference value :  2.53692e-06
 Reference value :  2.53778e-06
 Reference value :  2.53862e-06
 Reference value :  2.53946e-06
 Reference value :  2.54030e-06
 Reference value :  2.54113e-06
 Reference value :  2.54206e-06
 Reference value :  2.54298e-06
 Reference value :  2.54390e-06
 Reference value :  2.54481e-06
 Reference value :  2.54572e-06
 Reference value :  2.54666e-06
 Reference value :  2.54750e-06
 Reference value :  2.54835e-06
 Reference value :  2.54918e-06
 Reference value :  2.55002e-06
 Reference value :  2.55086e-06
 Reference value :  2.55163e-06
 Reference value :  2.55240e-06
 Reference value :  2.55319e-06
 Reference value :  2.55405e-06
 Reference value :  2.55489e-06
 Reference value :  2.55576e-06
 Reference value :  2.55663e-06
 Reference value :  2.55745e-06
 Reference value :  2.55833e-06
 Reference value :  2.55916e-06
 Reference value :  2.56009e-06
 Reference value :  2.56106e-06
 Reference value :  2.56199e-06
 Reference value :  2.56288e-06
 Reference value :  2.56376e-06
 Reference value :  2.56461e-06
 Reference value :  2.56546e-06
 Reference value :  2.56632e-06
 Reference value :  2.56714e-06
 Reference value :  2.56798e-06
 Reference value :  2.56882e-06
 Reference value :  2.56965e-06
 Reference value :  2.57056e-06
 Reference value :  2.57140e-06
 Reference value :  2.57225e-06
 Reference value :  2.57310e-06
 Reference value :  2.57392e-06
 Reference value :  2.57480e-06
 Reference value :  2.57566e-06
 Reference value :  2.57657e-06
 Reference value :  2.57748e-06
 Reference value :  2.57841e-06
 Reference value :  2.57933e-06
 Reference value :  2.58028e-06
 Reference value :  2.58119e-06
 Reference value :  2.58211e-06
 Reference value :  2.58300e-06
 Reference value :  2.58391e-06
 Reference value :  2.58485e-06
 Reference value :  2.58576e-06
 Reference value :  2.58668e-06
 Reference value :  2.58758e-06
 Reference value :  2.58849e-06
 Reference value :  2.58943e-06
 Reference value :  2.59034e-06
 Reference value :  2.59123e-06
 Reference value :  2.59213e-06
 Reference value :  2.59304e-06
 Reference value :  2.59398e-06
 Reference value :  2.59491e-06
 Reference value :  2.59580e-06
 Reference value :  2.59671e-06
 Reference value :  2.59763e-06
 Reference value :  2.59855e-06
 Reference value :  2.59944e-06
 Reference value :  2.60035e-06
 Reference value :  2.60127e-06
 Reference value :  2.60218e-06
 Reference value :  2.60309e-06
 Reference value :  2.60401e-06
 Reference value :  2.60491e-06
 Reference value :  2.60579e-06
 Reference value :  2.60670e-06
 Reference value :  2.60762e-06
 Reference value :  2.60855e-06
 Reference value :  2.60947e-06
 Reference value :  2.61037e-06
 Reference value :  2.61127e-06
 Reference value :  2.61215e-06
 Reference value :  2.61307e-06
 Reference value :  2.61397e-06
 Reference value :  2.61488e-06
 Reference value :  2.61578e-06
 Reference value :  2.61669e-06
 Reference value :  2.61762e-06
 Reference value :  2.61853e-06
 Reference value :  2.61945e-06
 Reference value :  2.62031e-06
 Reference value :  2.62122e-06
 Reference value :  2.62215e-06
 Reference value :  2.62304e-06
 Reference value :  2.62395e-06
 Reference value :  2.62485e-06
 Reference value :  2.62577e-06
 Reference value :  2.62669e-06
 Reference value :  2.62762e-06
 Reference value :  2.62852e-06
 Reference value :  2.62945e-06
 Reference value :  2.63031e-06
 Reference value :  2.63121e-06
 Reference value :  2.63215e-06
 Reference value :  2.63304e-06
 Reference value :  2.63395e-06
 Reference value :  2.63485e-06
 Reference value :  2.63577e-06
 Reference value :  2.63669e-06
 Reference value :  2.63761e-06
 Reference value :  2.63849e-06
 Reference value :  2.63939e-06
 Reference value :  2.64028e-06
 Reference value :  2.64121e-06
 Reference value :  2.64213e-06
 Reference value :  2.64300e-06
 Reference value :  2.64392e-06
 Reference value :  2.64482e-06
 Reference value :  2.64574e-06
 Reference value :  2.64665e-06
 Reference value :  2.64755e-06
 Reference value :  2.64844e-06
 Reference value :  2.64931e-06
 Reference value :  2.65022e-06
 Reference value :  2.65115e-06
 Reference value :  2.65207e-06
 Reference value :  2.65298e-06
 Reference value :  2.65388e-06
 Reference value :  2.65474e-06
 Reference value :  2.65564e-06
 Reference value :  2.65653e-06
 Reference value :  2.65744e-06
 Reference value :  2.65835e-06
 Reference value :  2.65920e-06
 Reference value :  2.66003e-06
 Reference value :  2.66085e-06
 Reference value :  2.66168e-06
 Reference value :  2.66247e-06
 Reference value :  2.66328e-06
 Reference value :  2.66410e-06
 Reference value :  2.66494e-06
 Reference value :  2.66579e-06
 Reference value :  2.66670e-06
 Reference value :  2.66762e-06
 Reference value :  2.66851e-06
 Reference value :  2.66942e-06
 Reference value :  2.67038e-06
 Reference value :  2.67124e-06
 Reference value :  2.67207e-06
 Reference value :  2.67292e-06
 Reference value :  2.67374e-06
 Reference value :  2.67462e-06
 Reference value :  2.67544e-06
 Reference value :  2.67630e-06
 Reference value :  2.67712e-06
 Reference value :  2.67797e-06
 Reference value :  2.67877e-06
 Reference value :  2.67974e-06
 Reference value :  2.68064e-06
 Reference value :  2.68151e-06
 Reference value :  2.68235e-06
 Reference value :  2.68318e-06
 Reference value :  2.68406e-06
 Reference value :  2.68490e-06
 Reference value :  2.68577e-06
 Reference value :  2.68658e-06
 Reference value :  2.68749e-06
 Reference value :  2.68840e-06
 Reference value :  2.68934e-06
 Reference value :  2.69023e-06
 Reference value :  2.69115e-06
 Reference value :  2.69206e-06
 Reference value :  2.69295e-06
 Reference value :  2.69388e-06
 Reference value :  2.69476e-06
 Reference value :  2.69567e-06
 Reference value :  2.69657e-06
 Reference value :  2.69748e-06
 Reference value :  2.69837e-06
 Reference value :  2.69919e-06
 Reference value :  2.70002e-06
 Reference value :  2.70092e-06
 Reference value :  2.70172e-06
 Reference value :  2.70257e-06
 Reference value :  2.70343e-06
 Reference value :  2.70428e-06
 Reference value :  2.70510e-06
 Reference value :  2.70595e-06
 Reference value :  2.70675e-06
 Reference value :  2.70762e-06
 Reference value :  2.70847e-06
 Reference value :  2.70930e-06
 Reference value :  2.71013e-06
 Reference value :  2.71096e-06
 Reference value :  2.71178e-06
 Reference value :  2.71265e-06
 Reference value :  2.71350e-06
 Reference value :  2.71431e-06
 Reference value :  2.71518e-06
 Reference value :  2.71600e-06
 Reference value :  2.71687e-06
 Reference value :  2.71774e-06
 Reference value :  2.71856e-06
 Reference value :  2.71942e-06
 Reference value :  2.72024e-06
 Reference value :  2.72109e-06
 Reference value :  2.72194e-06
 Reference value :  2.72280e-06
 Reference value :  2.72361e-06
 Reference value :  2.72445e-06
 Reference value :  2.72526e-06
 Reference value :  2.72612e-06
 Reference value :  2.72699e-06
 Reference value :  2.72781e-06
 Reference value :  2.72864e-06
 Reference value :  2.72948e-06
 Reference value :  2.73030e-06
 Reference value :  2.73114e-06
 Reference value :  2.73199e-06
 Reference value :  2.73281e-06
 Reference value :  2.73365e-06
 Reference value :  2.73448e-06
 Reference value :  2.73533e-06
 Reference value :  2.73618e-06
 Reference value :  2.73706e-06
 Reference value :  2.73787e-06
 Reference value :  2.73873e-06
 Reference value :  2.73955e-06
 Reference value :  2.74040e-06
 Reference value :  2.74128e-06
 Reference value :  2.74209e-06
 Reference value :  2.74296e-06
 Reference value :  2.74378e-06
 Reference value :  2.74464e-06
 Reference value :  2.74544e-06
 Reference value :  2.74628e-06
 Reference value :  2.74711e-06
 Reference value :  2.74797e-06
 Reference value :  2.74875e-06
 Reference value :  2.74956e-06
 Reference value :  2.75041e-06
 Reference value :  2.75125e-06
 Reference value :  2.75208e-06
 Reference value :  2.75296e-06
 Reference value :  2.75378e-06
 Reference value :  2.75464e-06
 Reference value :  2.75551e-06
 Reference value :  2.75634e-06
 Reference value :  2.75723e-06
 Reference value :  2.75804e-06
 Reference value :  2.75891e-06
 Reference value :  2.75977e-06
 Reference value :  2.76060e-06
 Reference value :  2.76145e-06
 Reference value :  2.76226e-06
 Reference value :  2.76311e-06
 Reference value :  2.76394e-06
 Reference value :  2.76483e-06
 Reference value :  2.76566e-06
 Reference value :  2.76652e-06
 Reference value :  2.76734e-06
 Reference value :  2.76819e-06
 Reference value :  2.76907e-06
 Reference value :  2.76992e-06
 Reference value :  2.77078e-06
 Reference value :  2.77162e-06
 Reference value :  2.77245e-06
 Reference value :  2.77332e-06
 Reference value :  2.77416e-06
 Reference value :  2.77503e-06
 Reference value :  2.77585e-06
 Reference value :  2.77670e-06
 Reference value :  2.77753e-06
 Reference value :  2.77838e-06
 Reference value :  2.77926e-06
 Reference value :  2.78008e-06
 Reference value :  2.78092e-06
 Reference value :  2.78173e-06
 Reference value :  2.78261e-06
 Reference value :  2.78347e-06
 Reference value :  2.78432e-06
 Reference value :  2.78517e-06
 Reference value :  2.78599e-06
 Reference value :  2.78685e-06
 Reference value :  2.78765e-06
 Reference value :  2.78854e-06
 Reference value :  2.78937e-06
 Reference value :  2.79022e-06
 Reference value :  2.79103e-06
 Reference value :  2.79189e-06
 Reference value :  2.79272e-06
 Reference value :  2.79358e-06
 Reference value :  2.79443e-06
 Reference value :  2.79526e-06
 Reference value :  2.79610e-06
 Reference value :  2.79691e-06
 Reference value :  2.79780e-06
 Reference value :  2.79864e-06
 Reference value :  2.79948e-06
 Reference value :  2.80031e-06
 Reference value :  2.80115e-06
 Reference value :  2.80196e-06
 Reference value :  2.80283e-06
 Reference value :  2.80369e-06
 Reference value :  2.80452e-06
 Reference value :  2.80537e-06
 Reference value :  2.80619e-06
 Reference value :  2.80706e-06
 Reference value :  2.80790e-06
 Reference value :  2.80875e-06
 Reference value :  2.80958e-06
 Reference value :  2.81041e-06
 Reference value :  2.81131e-06
 Reference value :  2.81219e-06
 Reference value :  2.81304e-06
 Reference value :  2.81391e-06
 Reference value :  2.81472e-06
 Reference value :  2.81558e-06
 Reference value :  2.81644e-06
 Reference value :  2.81729e-06
 Reference value :  2.81817e-06
 Reference value :  2.81900e-06
 Reference value :  2.81986e-06
 Reference value :  2.82068e-06
 Reference value :  2.82153e-06
 Reference value :  2.82238e-06
 Reference value :  2.82320e-06
 Reference value :  2.82406e-06
 Reference value :  2.82488e-06
 Reference value :  2.82574e-06
 Reference value :  2.82661e-06
 Reference value :  2.82745e-06
 Reference value :  2.82830e-06
 Reference value :  2.82912e-06
 Reference value :  2.82994e-06
 Reference value :  2.83078e-06
 Reference value :  2.83165e-06
 Reference value :  2.83247e-06
 Reference value :  2.83332e-06
 Reference value :  2.83412e-06
 Reference value :  2.83491e-06
 Reference value :  2.83578e-06
 Reference value :  2.83659e-06
 Reference value :  2.83744e-06
 Reference value :  2.83821e-06
 Reference value :  2.83903e-06
 Reference value :  2.83985e-06
 Reference value :  2.84068e-06
 Reference value :  2.84151e-06
 Reference value :  2.84230e-06
 Reference value :  2.84314e-06
 Reference value :  2.84394e-06
 Reference value :  2.84476e-06
 Reference value :  2.84560e-06
 Reference value :  2.84642e-06
 Reference value :  2.84725e-06
 Reference value :  2.84803e-06
 Reference value :  2.84888e-06
 Reference value :  2.84968e-06
 Reference value :  2.85054e-06
 Reference value :  2.85134e-06
 Reference value :  2.85215e-06
 Reference value :  2.85298e-06
 Reference value :  2.85377e-06
 Reference value :  2.85462e-06
 Reference value :  2.85542e-06
 Reference value :  2.85625e-06
 Reference value :  2.85707e-06
 Reference value :  2.85786e-06
 Reference value :  2.85871e-06
 Reference value :  2.85953e-06
 Reference value :  2.86041e-06
 Reference value :  2.86124e-06
 Reference value :  2.86209e-06
 Reference value :  2.86292e-06
 Reference value :  2.86376e-06
 Reference value :  2.86465e-06
 Reference value :  2.86550e-06
 Reference value :  2.86635e-06
 Reference value :  2.86721e-06
 Reference value :  2.86805e-06
 Reference value :  2.86892e-06
 Reference value :  2.86977e-06
 Reference value :  2.87060e-06
 Reference value :  2.87147e-06
 Reference value :  2.87229e-06
 Reference value :  2.87317e-06
 Reference value :  2.87403e-06
 Reference value :  2.87486e-06
 Reference value :  2.87573e-06
 Reference value :  2.87655e-06
 Reference value :  2.87743e-06
 Reference value :  2.87826e-06
 Reference value :  2.87912e-06
 Reference value :  2.87999e-06
 Reference value :  2.88082e-06
 Reference value :  2.88170e-06
 Reference value :  2.88252e-06
 Reference value :  2.88340e-06
 Reference value :  2.88427e-06
 Reference value :  2.88512e-06
 Reference value :  2.88597e-06
 Reference value :  2.88683e-06
 Reference value :  2.88768e-06
 Reference value :  2.88857e-06
 Reference value :  2.88942e-06
 Reference value :  2.89027e-06
 Reference value :  2.89115e-06
 Reference value :  2.89197e-06
 Reference value :  2.89283e-06
 Reference value :  2.89371e-06
 Reference value :  2.89454e-06
 Reference value :  2.89541e-06
 Reference value :  2.89623e-06
 Reference value :  2.89709e-06
 Reference value :  2.89797e-06
 Reference value :  2.89880e-06
 Reference value :  2.89966e-06
 Reference value :  2.90049e-06
 Reference value :  2.90133e-06
 Reference value :  2.90218e-06
 Reference value :  2.90301e-06
 Reference value :  2.90388e-06
 Reference value :  2.90470e-06
 Reference value :  2.90556e-06
 Reference value :  2.90640e-06
 Reference value :  2.90727e-06
 Reference value :  2.90811e-06
 Reference value :  2.90894e-06
 Reference value :  2.90979e-06
 Reference value :  2.91063e-06
 Reference value :  2.91151e-06
 Reference value :  2.91235e-06
 Reference value :  2.91320e-06
 Reference value :  2.91405e-06
 Reference value :  2.91487e-06
 Reference value :  2.91572e-06
 Reference value :  2.91658e-06
 Reference value :  2.91746e-06
 Reference value :  2.91833e-06
 Reference value :  2.91916e-06
 Reference value :  2.92005e-06
 Reference value :  2.92090e-06
 Reference value :  2.92175e-06
 Reference value :  2.92263e-06
 Reference value :  2.92347e-06
 Reference value :  2.92431e-06
 Reference value :  2.92518e-06
 Reference value :  2.92606e-06
 Reference value :  2.92690e-06
 Reference value :  2.92779e-06
 Reference value :  2.92861e-06
 Reference value :  2.92948e-06
 Reference value :  2.93033e-06
 Reference value :  2.93117e-06
 Reference value :  2.93205e-06
 Reference value :  2.93287e-06
 Reference value :  2.93373e-06
 Reference value :  2.93456e-06
 Reference value :  2.93542e-06
 Reference value :  2.93629e-06
 Reference value :  2.93713e-06
 Reference value :  2.93799e-06
 Reference value :  2.93881e-06
 Reference value :  2.93967e-06
 Reference value :  2.94055e-06
 Reference value :  2.94137e-06
 Reference value :  2.94223e-06
 Reference value :  2.94305e-06
 Reference value :  2.94390e-06
 Reference value :  2.94476e-06
 Reference value :  2.94561e-06
 Reference value :  2.94646e-06
 Reference value :  2.94730e-06
 Reference value :  2.94816e-06
 Reference value :  2.94898e-06
 Reference value :  2.94987e-06
 Reference value :  2.95069e-06
 Reference value :  2.95153e-06
 Reference value :  2.95237e-06
 Reference value :  2.95320e-06
 Reference value :  2.95407e-06
 Reference value :  2.95492e-06
 Reference value :  2.95578e-06
 Reference value :  2.95662e-06
 Reference value :  2.95746e-06
 Reference value :  2.95830e-06
 Reference value :  2.95915e-06
 Reference value :  2.96001e-06
 Reference value :  2.96083e-06
 Reference value :  2.96170e-06
 Reference value :  2.96251e-06
 Reference value :  2.96337e-06
 Reference value :  2.96424e-06
 Reference value :  2.96506e-06
 Reference value :  2.96591e-06
 Reference value :  2.96674e-06
 Reference value :  2.96762e-06
 Reference value :  2.96849e-06
 Reference value :  2.96932e-06
 Reference value :  2.97020e-06
 Reference value :  2.97102e-06
 Reference value :  2.97190e-06
 Reference value :  2.97275e-06
 Reference value :  2.97364e-06
 Reference value :  2.97450e-06
 Reference value :  2.97537e-06
 Reference value :  2.97619e-06
 Reference value :  2.97711e-06
 Reference value :  2.97802e-06
 Reference value :  2.97886e-06
 Reference value :  2.97971e-06
 Reference value :  2.98059e-06
 Reference value :  2.98143e-06
 Reference value :  2.98228e-06
 Reference value :  2.98319e-06
 Reference value :  2.98404e-06
 Reference value :  2.98489e-06
 Reference value :  2.98577e-06
 Reference value :  2.98659e-06
 Reference value :  2.98747e-06
 Reference value :  2.98838e-06
 Reference value :  2.98931e-06
 Reference value :  2.99024e-06
 Reference value :  2.99117e-06
 Reference value :  2.99210e-06
 Reference value :  2.99302e-06
 Reference value :  2.99394e-06
 Reference value :  2.99487e-06
 Reference value :  2.99580e-06
 Reference value :  2.99671e-06
 Reference value :  2.99765e-06
 Reference value :  2.99857e-06
 Reference value :  2.99949e-06
 Reference value :  3.00037e-06
 Reference value :  3.00127e-06
 Reference value :  3.00224e-06
 Reference value :  3.00315e-06
 Reference value :  3.00408e-06
 Reference value :  3.00497e-06
 Reference value :  3.00588e-06
 Reference value :  3.00685e-06
 Reference value :  3.00776e-06
 Reference value :  3.00867e-06
 Reference value :  3.00955e-06
 Reference value :  3.01048e-06
 Reference value :  3.01142e-06
 Reference value :  3.01232e-06
 Reference value :  3.01321e-06
 Reference value :  3.01413e-06
 Reference value :  3.01502e-06
 Reference value :  3.01596e-06
 Reference value :  3.01682e-06
 Reference value :  3.01770e-06
 Reference value :  3.01863e-06
 Reference value :  3.01954e-06
 Reference value :  3.02050e-06
 Reference value :  3.02144e-06
 Reference value :  3.02235e-06
 Reference value :  3.02327e-06
 Reference value :  3.02418e-06
 Reference value :  3.02513e-06
 Reference value :  3.02607e-06
 Reference value :  3.02699e-06
 Reference value :  3.02789e-06
 Reference value :  3.02881e-06
 Reference value :  3.02971e-06
 Reference value :  3.03068e-06
 Reference value :  3.03161e-06
 Reference value :  3.03252e-06
 Reference value :  3.03343e-06
 Reference value :  3.03434e-06
 Reference value :  3.03530e-06
 Reference value :  3.03621e-06
 Reference value :  3.03710e-06
 Reference value :  3.03802e-06
 Reference value :  3.03895e-06
 Reference value :  3.03988e-06
 Reference value :  3.04080e-06
 Reference value :  3.04173e-06
 Reference value :  3.04263e-06
 Reference value :  3.04354e-06
 Reference value :  3.04445e-06
 Reference value :  3.04537e-06
 Reference value :  3.04629e-06
 Reference value :  3.04720e-06
 Reference value :  3.04811e-06
 Reference value :  3.04903e-06
 Reference value :  3.04999e-06
 Reference value :  3.05090e-06
 Reference value :  3.05180e-06
 Reference value :  3.05269e-06
 Reference value :  3.05363e-06
 Reference value :  3.05456e-06
 Reference value :  3.05548e-06
 Reference value :  3.05641e-06
 Reference value :  3.05732e-06
 Reference value :  3.05823e-06
 Reference value :  3.05917e-06
 Reference value :  3.06008e-06
 Reference value :  3.06099e-06
 Reference value :  3.06191e-06
 Reference value :  3.06281e-06
 Reference value :  3.06377e-06
 Reference value :  3.06469e-06
 Reference value :  3.06560e-06
 Reference value :  3.06650e-06
 Reference value :  3.06740e-06
 Reference value :  3.06835e-06
 Reference value :  3.06920e-06
 Reference value :  3.07006e-06
 Reference value :  3.07092e-06
 Reference value :  3.07174e-06
 Reference value :  3.07261e-06
 Reference value :  3.07346e-06
 Reference value :  3.07432e-06
 Reference value :  3.07515e-06
 Reference value :  3.07599e-06
 Reference value :  3.07684e-06
 Reference value :  3.07771e-06
 Reference value :  3.07858e-06
 Reference value :  3.07944e-06
 Reference value :  3.08027e-06
 Reference value :  3.08113e-06
 Reference value :  3.08198e-06
 Reference value :  3.08285e-06
 Reference value :  3.08371e-06
 Reference value :  3.08453e-06
 Reference value :  3.08539e-06
 Reference value :  3.08623e-06
 Reference value :  3.08710e-06
 Reference value :  3.08794e-06
 Reference value :  3.08878e-06
 Reference value :  3.08964e-06
 Reference value :  3.09046e-06
 Reference value :  3.09132e-06
 Reference value :  3.09218e-06
 Reference value :  3.09303e-06
 Reference value :  3.09390e-06
 Reference value :  3.09472e-06
 Reference value :  3.09559e-06
 Reference value :  3.09644e-06
 Reference value :  3.09730e-06
 Reference value :  3.09816e-06
 Reference value :  3.09899e-06
 Reference value :  3.09984e-06
 Reference value :  3.10066e-06
 Reference value :  3.10155e-06
 Reference value :  3.10240e-06
 Reference value :  3.10323e-06
 Reference value :  3.10408e-06
 Reference value :  3.10492e-06
 Reference value :  3.10579e-06
 Reference value :  3.10668e-06
 Reference value :  3.10749e-06
 Reference value :  3.10837e-06
 Reference value :  3.10918e-06
 Reference value :  3.11002e-06
 Reference value :  3.11087e-06
 Reference value :  3.11173e-06
 Reference value :  3.11259e-06
 Reference value :  3.11342e-06
 Reference value :  3.11430e-06
 Reference value :  3.11513e-06
 Reference value :  3.11601e-06
 Reference value :  3.11689e-06
 Reference value :  3.11773e-06
 Reference value :  3.11858e-06
 Reference value :  3.11942e-06
 Reference value :  3.12029e-06
 Reference value :  3.12115e-06
 Reference value :  3.12195e-06
 Reference value :  3.12277e-06
 Reference value :  3.12358e-06
 Reference value :  3.12439e-06
 Reference value :  3.12525e-06
 Reference value :  3.12606e-06
 Reference value :  3.12691e-06
 Reference value :  3.12770e-06
 Reference value :  3.12854e-06
 Reference value :  3.12939e-06
 Reference value :  3.13027e-06
 Reference value :  3.13115e-06
 Reference value :  3.13200e-06
 Reference value :  3.13285e-06
 Reference value :  3.13372e-06
 Reference value :  3.13458e-06
 Reference value :  3.13544e-06
 Reference value :  3.13629e-06
 Reference value :  3.13713e-06
 Reference value :  3.13801e-06
 Reference value :  3.13884e-06
 Reference value :  3.13973e-06
 Reference value :  3.14061e-06
 Reference value :  3.14143e-06
 Reference value :  3.14229e-06
 Reference value :  3.14313e-06
 Reference value :  3.14401e-06
 Reference value :  3.14488e-06
 Reference value :  3.14572e-06
 Reference value :  3.14656e-06
 Reference value :  3.14744e-06
 Reference value :  3.14827e-06
 Reference value :  3.14915e-06
 Reference value :  3.15003e-06
 Reference value :  3.15086e-06
 Reference value :  3.15174e-06
 Reference value :  3.15259e-06
 Reference value :  3.15345e-06
 Reference value :  3.15433e-06
 Reference value :  3.15520e-06
 Reference value :  3.15602e-06
 Reference value :  3.15690e-06
 Reference value :  3.15773e-06
 Reference value :  3.15861e-06
 Reference value :  3.15949e-06
 Reference value :  3.16031e-06
 Reference value :  3.16117e-06
 Reference value :  3.16199e-06
 Reference value :  3.16285e-06
 Reference value :  3.16372e-06
 Reference value :  3.16454e-06
 Reference value :  3.16542e-06
 Reference value :  3.16625e-06
 Reference value :  3.16711e-06
 Reference value :  3.16798e-06
 Reference value :  3.16883e-06
 Reference value :  3.16970e-06
 Reference value :  3.17054e-06
 Reference value :  3.17137e-06
 Reference value :  3.17224e-06
 Reference value :  3.17310e-06
 Reference value :  3.17396e-06
 Reference value :  3.17480e-06
 Reference value :  3.17563e-06
 Reference value :  3.17648e-06
 Reference value :  3.17731e-06
 Reference value :  3.17815e-06
 Reference value :  3.17896e-06
 Reference value :  3.17977e-06
 Reference value :  3.18060e-06
 Reference value :  3.18138e-06
 Reference value :  3.18224e-06
 Reference value :  3.18304e-06
 Reference value :  3.18394e-06
 Reference value :  3.18477e-06
 Reference value :  3.18563e-06
 Reference value :  3.18653e-06
 Reference value :  3.18738e-06
 Reference value :  3.18823e-06
 Reference value :  3.18912e-06
 Reference value :  3.18995e-06
 Reference value :  3.19081e-06
 Reference value :  3.19167e-06
 Reference value :  3.19249e-06
 Reference value :  3.19335e-06
 Reference value :  3.19416e-06
 Reference value :  3.19500e-06
 Reference value :  3.19582e-06
 Reference value :  3.19670e-06
 Reference value :  3.19750e-06
 Reference value :  3.19835e-06
 Reference value :  3.19916e-06
 Reference value :  3.20000e-06
 Reference value :  3.20083e-06
 Reference value :  3.20170e-06
 Reference value :  3.20250e-06
 Reference value :  3.20337e-06
 Reference value :  3.20417e-06
 Reference value :  3.20500e-06
 Reference value :  3.20584e-06
 Reference value :  3.20668e-06
 Reference value :  3.20750e-06
 Reference value :  3.20835e-06
 Reference value :  3.20916e-06
 Reference value :  3.20999e-06
 Reference value :  3.21082e-06
 Reference value :  3.21164e-06
 Reference value :  3.21248e-06
 Reference value :  3.21330e-06
 Reference value :  3.21413e-06
 Reference value :  3.21493e-06
 Reference value :  3.21577e-06
 Reference value :  3.21656e-06
 Reference value :  3.21738e-06
 Reference value :  3.21820e-06
 Reference value :  3.21897e-06
 Reference value :  3.21980e-06
 Reference value :  3.22063e-06
 Reference value :  3.22141e-06
 Reference value :  3.22224e-06
 Reference value :  3.22304e-06
 Reference value :  3.22383e-06
 Reference value :  3.22469e-06
 Reference value :  3.22548e-06
 Reference value :  3.22632e-06
 Reference value :  3.22711e-06
 Reference value :  3.22792e-06
 Reference value :  3.22874e-06
 Reference value :  3.22956e-06
 Reference value :  3.23036e-06
 Reference value :  3.23120e-06
 Reference value :  3.23206e-06
 Reference value :  3.23287e-06
 Reference value :  3.23374e-06
 Reference value :  3.23457e-06
 Reference value :  3.23543e-06
 Reference value :  3.23624e-06
 Reference value :  3.23707e-06
 Reference value :  3.23786e-06
 Reference value :  3.23874e-06
 Reference value :  3.23962e-06
 Reference value :  3.24046e-06
 Reference value :  3.24133e-06
 Reference value :  3.24212e-06
 Reference value :  3.24294e-06
 Reference value :  3.24378e-06
 Reference value :  3.24467e-06
 Reference value :  3.24561e-06
 Reference value :  3.24653e-06
 Reference value :  3.24746e-06
 Reference value :  3.24841e-06
 Reference value :  3.24932e-06
 Reference value :  3.25016e-06
 Reference value :  3.25100e-06
 Reference value :  3.25186e-06
 Reference value :  3.25271e-06
 Reference value :  3.25360e-06
 Reference value :  3.25452e-06
 Reference value :  3.25543e-06
 Reference value :  3.25633e-06
 Reference value :  3.25726e-06
 Reference value :  3.25818e-06
 Reference value :  3.25910e-06
 Reference value :  3.26002e-06
 Reference value :  3.26093e-06
 Reference value :  3.26177e-06
 Reference value :  3.26266e-06
 Reference value :  3.26351e-06
 Reference value :  3.26436e-06
 Reference value :  3.26524e-06
 Reference value :  3.26604e-06
 Reference value :  3.26692e-06
 Reference value :  3.26778e-06
 Reference value :  3.26862e-06
 Reference value :  3.26945e-06
 Reference value :  3.27026e-06
 Reference value :  3.27109e-06
 Reference value :  3.27193e-06
 Reference value :  3.27275e-06
 Reference value :  3.27358e-06
 Reference value :  3.27439e-06
 Reference value :  3.27521e-06
 Reference value :  3.27601e-06
 Reference value :  3.27692e-06
 Reference value :  3.27777e-06
 Reference value :  3.27862e-06
 Reference value :  3.27950e-06
 Reference value :  3.28033e-06
 Reference value :  3.28119e-06
 Reference value :  3.28206e-06
 Reference value :  3.28289e-06
 Reference value :  3.28378e-06
 Reference value :  3.28462e-06
 Reference value :  3.28545e-06
 Reference value :  3.28634e-06
 Reference value :  3.28715e-06
 Reference value :  3.28800e-06
 Reference value :  3.28882e-06
 Reference value :  3.28970e-06
 Reference value :  3.29047e-06
 Reference value :  3.29137e-06
 Reference value :  3.29222e-06
 Reference value :  3.29305e-06
 Reference value :  3.29391e-06
 Reference value :  3.29475e-06
 Reference value :  3.29562e-06
 Reference value :  3.29649e-06
 Reference value :  3.29734e-06
 Reference value :  3.29822e-06
 Reference value :  3.29905e-06
 Reference value :  3.29990e-06
 Reference value :  3.30080e-06
 Reference value :  3.30165e-06
 Reference value :  3.30249e-06
 Reference value :  3.30334e-06
 Reference value :  3.30413e-06
 Reference value :  3.30496e-06
 Reference value :  3.30582e-06
 Reference value :  3.30665e-06
 Reference value :  3.30748e-06
 Reference value :  3.30827e-06
 Reference value :  3.30911e-06
 Reference value :  3.30993e-06
 Reference value :  3.31077e-06
 Reference value :  3.31157e-06
 Reference value :  3.31243e-06
 Reference value :  3.31323e-06
 Reference value :  3.31410e-06
 Reference value :  3.31496e-06
 Reference value :  3.31583e-06
 Reference value :  3.31674e-06
 Reference value :  3.31756e-06
 Reference value :  3.31841e-06
 Reference value :  3.31927e-06
 Reference value :  3.32013e-06
 Reference value :  3.32101e-06
 Reference value :  3.32185e-06
 Reference value :  3.32270e-06
 Reference value :  3.32358e-06
 Reference value :  3.32447e-06
 Reference value :  3.32529e-06
 Reference value :  3.32614e-06
 Reference value :  3.32694e-06
 Reference value :  3.32780e-06
 Reference value :  3.32864e-06
 Reference value :  3.32949e-06
 Reference value :  3.33029e-06
 Reference value :  3.33117e-06
 Reference value :  3.33200e-06
 Reference value :  3.33286e-06
 Reference value :  3.33373e-06
 Reference value :  3.33460e-06
 Reference value :  3.33546e-06
 Reference value :  3.33632e-06
 Reference value :  3.33714e-06
 Reference value :  3.33801e-06
 Reference value :  3.33887e-06
 Reference value :  3.33971e-06
 Reference value :  3.34055e-06
 Reference value :  3.34140e-06
 Reference value :  3.34228e-06
 Reference value :  3.34315e-06
 Reference value :  3.34399e-06
 Reference value :  3.34486e-06
 Reference value :  3.34569e-06
 Reference value :  3.34656e-06
 Reference value :  3.34739e-06
 Reference value :  3.34827e-06
 Reference value :  3.34915e-06
 Reference value :  3.35001e-06
 Reference value :  3.35092e-06
 Reference value :  3.35185e-06
 Reference value :  3.35279e-06
 Reference value :  3.35372e-06
 Reference value :  3.35463e-06
 Reference value :  3.35555e-06
 Reference value :  3.35648e-06
 Reference value :  3.35733e-06
 Reference value :  3.35821e-06
 Reference value :  3.35903e-06
 Reference value :  3.35990e-06
 Reference value :  3.36071e-06
 Reference value :  3.36157e-06
 Reference value :  3.36244e-06
 Reference value :  3.36326e-06
 Reference value :  3.36413e-06
 Reference value :  3.36495e-06
 Reference value :  3.36582e-06
 Reference value :  3.36668e-06
 Reference value :  3.36753e-06
 Reference value :  3.36839e-06
 Reference value :  3.36923e-06
 Reference value :  3.37008e-06
 Reference value :  3.37093e-06
 Reference value :  3.37176e-06
 Reference value :  3.37264e-06
 Reference value :  3.37347e-06
 Reference value :  3.37433e-06
 Reference value :  3.37515e-06
 Reference value :  3.37601e-06
 Reference value :  3.37688e-06
 Reference value :  3.37770e-06
 Reference value :  3.37858e-06
 Reference value :  3.37940e-06
 Reference value :  3.38025e-06
 Reference value :  3.38111e-06
 Reference value :  3.38194e-06
 Reference value :  3.38279e-06
 Reference value :  3.38361e-06
 Reference value :  3.38449e-06
 Reference value :  3.38532e-06
 Reference value :  3.38622e-06
 Reference value :  3.38710e-06
 Reference value :  3.38795e-06
 Reference value :  3.38879e-06
 Reference value :  3.38966e-06
 Reference value :  3.39053e-06
 Reference value :  3.39139e-06
 Reference value :  3.39227e-06
 Reference value :  3.39310e-06
 Reference value :  3.39398e-06
 Reference value :  3.39480e-06
 Reference value :  3.39567e-06
 Reference value :  3.39656e-06
 Reference value :  3.39739e-06
 Reference value :  3.39824e-06
 Reference value :  3.39911e-06
 Reference value :  3.39996e-06
 Reference value :  3.40083e-06
 Reference value :  3.40170e-06
 Reference value :  3.40255e-06
 Reference value :  3.40341e-06
 Reference value :  3.40425e-06
 Reference value :  3.40513e-06
 Reference value :  3.40601e-06
 Reference value :  3.40685e-06
 Reference value :  3.40768e-06
 Reference value :  3.40855e-06
 Reference value :  3.40942e-06
 Reference value :  3.41028e-06
 Reference value :  3.41116e-06
 Reference value :  3.41201e-06
 Reference value :  3.41287e-06
 Reference value :  3.41369e-06
 Reference value :  3.41457e-06
 Reference value :  3.41546e-06
 Reference value :  3.41630e-06
 Reference value :  3.41713e-06
 Reference value :  3.41790e-06
 Reference value :  3.41877e-06
 Reference value :  3.41966e-06
 Reference value :  3.42050e-06
 Reference value :  3.42137e-06
 Reference value :  3.42221e-06
 Reference value :  3.42306e-06
 Reference value :  3.42395e-06
 Reference value :  3.42480e-06
 Reference value :  3.42566e-06
 Reference value :  3.42652e-06
 Reference value :  3.42735e-06
 Reference value :  3.42823e-06
 Reference value :  3.42911e-06
 Reference value :  3.42994e-06
 Reference value :  3.43082e-06
 Reference value :  3.43166e-06
 Reference value :  3.43250e-06
 Reference value :  3.43338e-06
 Reference value :  3.43423e-06
 Reference value :  3.43511e-06
 Reference value :  3.43598e-06
 Reference value :  3.43679e-06
 Reference value :  3.43763e-06
 Reference value :  3.43845e-06
 Reference value :  3.43928e-06
 Reference value :  3.44009e-06
 Reference value :  3.44092e-06
 Reference value :  3.44175e-06
 Reference value :  3.44257e-06
 Reference value :  3.44342e-06
 Reference value :  3.44422e-06
 Reference value :  3.44508e-06
 Reference value :  3.44590e-06
 Reference value :  3.44676e-06
 Reference value :  3.44761e-06
 Reference value :  3.44845e-06
 Reference value :  3.44933e-06
 Reference value :  3.45016e-06
 Reference value :  3.45102e-06
 Reference value :  3.45186e-06
 Reference value :  3.45272e-06
 Reference value :  3.45360e-06
 Reference value :  3.45444e-06
 Reference value :  3.45528e-06
 Reference value :  3.45616e-06
 Reference value :  3.45704e-06
 Reference value :  3.45788e-06
 Reference value :  3.45874e-06
 Reference value :  3.45956e-06
 Reference value :  3.46044e-06
 Reference value :  3.46127e-06
 Reference value :  3.46217e-06
 Reference value :  3.46304e-06
 Reference value :  3.46388e-06
 Reference value :  3.46472e-06
 Reference value :  3.46556e-06
 Reference value :  3.46643e-06
 Reference value :  3.46731e-06
 Reference value :  3.46817e-06
 Reference value :  3.46899e-06
 Reference value :  3.46987e-06
 Reference value :  3.47070e-06
 Reference value :  3.47158e-06
 Reference value :  3.47246e-06
 Reference value :  3.47329e-06
 Reference value :  3.47417e-06
 Reference value :  3.47499e-06
 Reference value :  3.47584e-06
 Reference value :  3.47672e-06
 Reference value :  3.47755e-06
 Reference value :  3.47841e-06
 Reference value :  3.47924e-06
 Reference value :  3.48009e-06
 Reference value :  3.48097e-06
 Reference value :  3.48178e-06
 Reference value :  3.48266e-06
 Reference value :  3.48350e-06
 Reference value :  3.48435e-06
 Reference value :  3.48519e-06
 Reference value :  3.48606e-06
 Reference value :  3.48693e-06
 Reference value :  3.48779e-06
 Reference value :  3.48862e-06
 Reference value :  3.48948e-06
 Reference value :  3.49036e-06
 Reference value :  3.49122e-06
 Reference value :  3.49209e-06
 Reference value :  3.49293e-06
 Reference value :  3.49380e-06
 Reference value :  3.49464e-06
 Reference value :  3.49553e-06
 Reference value :  3.49632e-06
 Reference value :  3.49714e-06
 Reference value :  3.49799e-06
 Reference value :  3.49880e-06
 Reference value :  3.49967e-06
 Reference value :  3.50053e-06
 Reference value :  3.50140e-06
 Reference value :  3.50232e-06
 Reference value :  3.50325e-06
 Reference value :  3.50419e-06
 Reference value :  3.50516e-06
 Reference value :  3.50608e-06
 Reference value :  3.50700e-06
 Reference value :  3.50791e-06
 Reference value :  3.50882e-06
 Reference value :  3.50976e-06
 Reference value :  3.51069e-06
 Reference value :  3.51162e-06
 Reference value :  3.51253e-06
 Reference value :  3.51345e-06
 Reference value :  3.51439e-06
 Reference value :  3.51530e-06
 Reference value :  3.51621e-06
 Reference value :  3.51713e-06
 Reference value :  3.51805e-06
 Reference value :  3.51899e-06
 Reference value :  3.51991e-06
 Reference value :  3.52083e-06
 Reference value :  3.52174e-06
 Reference value :  3.52267e-06
 Reference value :  3.52362e-06
 Reference value :  3.52454e-06
 Reference value :  3.52546e-06
 Reference value :  3.52637e-06
 Reference value :  3.52727e-06
 Reference value :  3.52822e-06
 Reference value :  3.52913e-06
 Reference value :  3.53006e-06
 Reference value :  3.53097e-06
 Reference value :  3.53188e-06
 Reference value :  3.53282e-06
 Reference value :  3.53376e-06
 Reference value :  3.53470e-06
 Reference value :  3.53561e-06
 Reference value :  3.53654e-06
 Reference value :  3.53748e-06
 Reference value :  3.53843e-06
 Reference value :  3.53935e-06
 Reference value :  3.54026e-06
 Reference value :  3.54117e-06
 Reference value :  3.54210e-06
 Reference value :  3.54306e-06
 Reference value :  3.54398e-06
 Reference value :  3.54490e-06
 Reference value :  3.54582e-06
 Reference value :  3.54673e-06
 Reference value :  3.54768e-06
 Reference value :  3.54861e-06
 Reference value :  3.54952e-06
 Reference value :  3.55045e-06
 Reference value :  3.55136e-06
 Reference value :  3.55221e-06
 Reference value :  3.55306e-06
 Reference value :  3.55389e-06
 Reference value :  3.55473e-06
 Reference value :  3.55557e-06
 Reference value :  3.55642e-06
 Reference value :  3.55731e-06
 Reference value :  3.55815e-06
 Reference value :  3.55899e-06
 Reference value :  3.55986e-06
 Reference value :  3.56082e-06
 Reference value :  3.56177e-06
 Reference value :  3.56269e-06
 Reference value :  3.56362e-06
 Reference value :  3.56455e-06
 Reference value :  3.56542e-06
 Reference value :  3.56628e-06
 Reference value :  3.56714e-06
 Reference value :  3.56798e-06
 Reference value :  3.56881e-06
 Reference value :  3.56969e-06
 Reference value :  3.57054e-06
 Reference value :  3.57141e-06
 Reference value :  3.57228e-06
 Reference value :  3.57312e-06
 Reference value :  3.57399e-06
 Reference value :  3.57492e-06
 Reference value :  3.57584e-06
 Reference value :  3.57677e-06
 Reference value :  3.57765e-06
 Reference value :  3.57847e-06
 Reference value :  3.57931e-06
 Reference value :  3.58014e-06
 Reference value :  3.58103e-06
 Reference value :  3.58187e-06
 Reference value :  3.58270e-06
 Reference value :  3.58357e-06
 Reference value :  3.58438e-06
 Reference value :  3.58528e-06
 Reference value :  3.58610e-06
 Reference value :  3.58695e-06
 Reference value :  3.58779e-06
 Reference value :  3.58862e-06
 Reference value :  3.58948e-06
 Reference value :  3.59037e-06
 Reference value :  3.59121e-06
 Reference value :  3.59209e-06
 Reference value :  3.59290e-06
 Reference value :  3.59378e-06
 Reference value :  3.59463e-06
 Reference value :  3.59547e-06
 Reference value :  3.59630e-06
 Reference value :  3.59714e-06
 Reference value :  3.59798e-06
 Reference value :  3.59881e-06
 Reference value :  3.59971e-06
 Reference value :  3.60053e-06
 Reference value :  3.60140e-06
 Reference value :  3.60224e-06
 Reference value :  3.60308e-06
 Reference value :  3.60397e-06
 Reference value :  3.60482e-06
 Reference value :  3.60576e-06
 Reference value :  3.60660e-06
 Reference value :  3.60746e-06
 Reference value :  3.60829e-06
 Reference value :  3.60918e-06
 Reference value :  3.61005e-06
 Reference value :  3.61087e-06
 Reference value :  3.61175e-06
 Reference value :  3.61258e-06
 Reference value :  3.61346e-06
 Reference value :  3.61435e-06
 Reference value :  3.61520e-06
 Reference value :  3.61603e-06
 Reference value :  3.61690e-06
 Reference value :  3.61775e-06
 Reference value :  3.61863e-06
 Reference value :  3.61951e-06
 Reference value :  3.62034e-06
 Reference value :  3.62122e-06
 Reference value :  3.62204e-06
 Reference value :  3.62291e-06
 Reference value :  3.62379e-06
 Reference value :  3.62462e-06
 Reference value :  3.62550e-06
 Reference value :  3.62640e-06
 Reference value :  3.62727e-06
 Reference value :  3.62814e-06
 Reference value :  3.62900e-06
 Reference value :  3.62985e-06
 Reference value :  3.63070e-06
 Reference value :  3.63158e-06
 Reference value :  3.63243e-06
 Reference value :  3.63329e-06
 Reference value :  3.63417e-06
 Reference value :  3.63499e-06
 Reference value :  3.63583e-06
 Reference value :  3.63664e-06
 Reference value :  3.63749e-06
 Reference value :  3.63831e-06
 Reference value :  3.63916e-06
 Reference value :  3.63994e-06
 Reference value :  3.64078e-06
 Reference value :  3.64159e-06
 Reference value :  3.64243e-06
 Reference value :  3.64326e-06
 Reference value :  3.64408e-06
 Reference value :  3.64491e-06
 Reference value :  3.64569e-06
 Reference value :  3.64653e-06
 Reference value :  3.64735e-06
 Reference value :  3.64819e-06
 Reference value :  3.64900e-06
 Reference value :  3.64982e-06
 Reference value :  3.65065e-06
 Reference value :  3.65149e-06
 Reference value :  3.65233e-06
 Reference value :  3.65315e-06
 Reference value :  3.65400e-06
 Reference value :  3.65485e-06
 Reference value :  3.65569e-06
 Reference value :  3.65658e-06
 Reference value :  3.65741e-06
 Reference value :  3.65826e-06
 Reference value :  3.65913e-06
 Reference value :  3.65996e-06
 Reference value :  3.66085e-06
 Reference value :  3.66170e-06
 Reference value :  3.66253e-06
 Reference value :  3.66340e-06
 Reference value :  3.66424e-06
 Reference value :  3.66511e-06
 Reference value :  3.66598e-06
 Reference value :  3.66681e-06
 Reference value :  3.66770e-06
 Reference value :  3.66853e-06
 Reference value :  3.66937e-06
 Reference value :  3.67025e-06
 Reference value :  3.67112e-06
 Reference value :  3.67196e-06
 Reference value :  3.67282e-06
 Reference value :  3.67365e-06
 Reference value :  3.67453e-06
 Reference value :  3.67543e-06
 Reference value :  3.67626e-06
 Reference value :  3.67715e-06
 Reference value :  3.67799e-06
 Reference value :  3.67882e-06
 Reference value :  3.67970e-06
 Reference value :  3.68058e-06
 Reference value :  3.68146e-06
 Reference value :  3.68237e-06
 Reference value :  3.68330e-06
 Reference value :  3.68421e-06
 Reference value :  3.68518e-06
 Reference value :  3.68609e-06
 Reference value :  3.68702e-06
 Reference value :  3.68793e-06
 Reference value :  3.68884e-06
 Reference value :  3.68979e-06
 Reference value :  3.69070e-06
 Reference value :  3.69163e-06
 Reference value :  3.69253e-06
 Reference value :  3.69337e-06
 Reference value :  3.69422e-06
 Reference value :  3.69510e-06
 Reference value :  3.69594e-06
 Reference value :  3.69678e-06
 Reference value :  3.69762e-06
 Reference value :  3.69845e-06
 Reference value :  3.69936e-06
 Reference value :  3.70018e-06
 Reference value :  3.70104e-06
 Reference value :  3.70189e-06
 Reference value :  3.70273e-06
 Reference value :  3.70362e-06
 Reference value :  3.70447e-06
 Reference value :  3.70532e-06
 Reference value :  3.70620e-06
 Reference value :  3.70703e-06
 Reference value :  3.70789e-06
 Reference value :  3.70879e-06
 Reference value :  3.70961e-06
 Reference value :  3.71051e-06
 Reference value :  3.71142e-06
 Reference value :  3.71234e-06
 Reference value :  3.71330e-06
 Reference value :  3.71421e-06
 Reference value :  3.71514e-06
 Reference value :  3.71600e-06
 Reference value :  3.71683e-06
 Reference value :  3.71770e-06
 Reference value :  3.71856e-06
 Reference value :  3.71939e-06
 Reference value :  3.72027e-06
 Reference value :  3.72111e-06
 Reference value :  3.72197e-06
 Reference value :  3.72284e-06
 Reference value :  3.72365e-06
 Reference value :  3.72452e-06
 Reference value :  3.72534e-06
 Reference value :  3.72620e-06
 Reference value :  3.72703e-06
 Reference value :  3.72790e-06
 Reference value :  3.72875e-06
 Reference value :  3.72957e-06
 Reference value :  3.73044e-06
 Reference value :  3.73128e-06
 Reference value :  3.73215e-06
 Reference value :  3.73299e-06
 Reference value :  3.73383e-06
 Reference value :  3.73470e-06
 Reference value :  3.73552e-06
 Reference value :  3.73640e-06
 Reference value :  3.73728e-06
 Reference value :  3.73812e-06
 Reference value :  3.73898e-06
 Reference value :  3.73983e-06
 Reference value :  3.74067e-06
 Reference value :  3.74156e-06
 Reference value :  3.74241e-06
 Reference value :  3.74326e-06
 Reference value :  3.74412e-06
 Reference value :  3.74494e-06
 Reference value :  3.74582e-06
 Reference value :  3.74670e-06
 Reference value :  3.74753e-06
 Reference value :  3.74841e-06
 Reference value :  3.74923e-06
 Reference value :  3.75010e-06
 Reference value :  3.75097e-06
 Reference value :  3.75184e-06
 Reference value :  3.75270e-06
 Reference value :  3.75353e-06
 Reference value :  3.75438e-06
 Reference value :  3.75523e-06
 Reference value :  3.75610e-06
 Reference value :  3.75697e-06
 Reference value :  3.75782e-06
 Reference value :  3.75864e-06
 Reference value :  3.75951e-06
 Reference value :  3.76034e-06
 Reference value :  3.76123e-06
 Reference value :  3.76207e-06
 Reference value :  3.76290e-06
 Reference value :  3.76378e-06
 Reference value :  3.76461e-06
 Reference value :  3.76549e-06
 Reference value :  3.76634e-06
 Reference value :  3.76718e-06
 Reference value :  3.76806e-06
 Reference value :  3.76887e-06
 Reference value :  3.76975e-06
 Reference value :  3.77062e-06
 Reference value :  3.77145e-06
 Reference value :  3.77233e-06
 Reference value :  3.77315e-06
 Reference value :  3.77401e-06
 Reference value :  3.77488e-06
 Reference value :  3.77571e-06
 Reference value :  3.77659e-06
 Reference value :  3.77742e-06
 Reference value :  3.77827e-06
 Reference value :  3.77912e-06
 Reference value :  3.77999e-06
 Reference value :  3.78086e-06
 Reference value :  3.78168e-06
 Reference value :  3.78253e-06
 Reference value :  3.78340e-06
 Reference value :  3.78426e-06
 Reference value :  3.78512e-06
 Reference value :  3.78597e-06
 Reference value :  3.78680e-06
 Reference value :  3.78767e-06
 Reference value :  3.78849e-06
 Reference value :  3.78937e-06
 Reference value :  3.79022e-06
 Reference value :  3.79105e-06
 Reference value :  3.79192e-06
 Reference value :  3.79273e-06
 Reference value :  3.79363e-06
 Reference value :  3.79449e-06
 Reference value :  3.79531e-06
 Reference value :  3.79618e-06
 Reference value :  3.79701e-06
 Reference value :  3.79788e-06
 Reference value :  3.79877e-06
 Reference value :  3.79960e-06
 Reference value :  3.80048e-06
 Reference value :  3.80130e-06
 Reference value :  3.80216e-06
 Reference value :  3.80303e-06
 Reference value :  3.80391e-06
 Reference value :  3.80475e-06
 Reference value :  3.80562e-06
 Reference value :  3.80645e-06
 Reference value :  3.80733e-06
 Reference value :  3.80820e-06
 Reference value :  3.80905e-06
 Reference value :  3.80992e-06
 Reference value :  3.81076e-06
 Reference value :  3.81161e-06
 Reference value :  3.81249e-06
 Reference value :  3.81335e-06
 Reference value :  3.81420e-06
 Reference value :  3.81505e-06
 Reference value :  3.81587e-06
 Reference value :  3.81673e-06
 Reference value :  3.81760e-06
 Reference value :  3.81846e-06
 Reference value :  3.81931e-06
 Reference value :  3.82013e-06
 Reference value :  3.82101e-06
 Reference value :  3.82184e-06
 Reference value :  3.82272e-06
 Reference value :  3.82359e-06
 Reference value :  3.82440e-06
 Reference value :  3.82528e-06
 Reference value :  3.82610e-06
 Reference value :  3.82697e-06
 Reference value :  3.82784e-06
 Reference value :  3.82868e-06
 Reference value :  3.82954e-06
 Reference value :  3.83038e-06
 Reference value :  3.83124e-06
 Reference value :  3.83214e-06
 Reference value :  3.83297e-06
 Reference value :  3.83383e-06
 Reference value :  3.83467e-06
 Reference value :  3.83550e-06
 Reference value :  3.83644e-06
 Reference value :  3.83741e-06
 Reference value :  3.83834e-06
 Reference value :  3.83928e-06
 Reference value :  3.84019e-06
 Reference value :  3.84113e-06
 Reference value :  3.84201e-06
 Reference value :  3.84288e-06
 Reference value :  3.84368e-06
 Reference value :  3.84456e-06
 Reference value :  3.84539e-06
 Reference value :  3.84627e-06
 Reference value :  3.84715e-06
 Reference value :  3.84797e-06
 Reference value :  3.84883e-06
 Reference value :  3.84965e-06
 Reference value :  3.85050e-06
 Reference value :  3.85138e-06
 Reference value :  3.85223e-06
 Reference value :  3.85309e-06
 Reference value :  3.85394e-06
 Reference value :  3.85478e-06
 Reference value :  3.85568e-06
 Reference value :  3.85652e-06
 Reference value :  3.85736e-06
 Reference value :  3.85823e-06
 Reference value :  3.85905e-06
 Reference value :  3.85992e-06
 Reference value :  3.86078e-06
 Reference value :  3.86164e-06
 Reference value :  3.86259e-06
 Reference value :  3.86350e-06
 Reference value :  3.86434e-06
 Reference value :  3.86521e-06
 Reference value :  3.86605e-06
 Reference value :  3.86692e-06
 Reference value :  3.86774e-06
 Reference value :  3.86862e-06
 Reference value :  3.86945e-06
 Reference value :  3.87031e-06
 Reference value :  3.87124e-06
 Reference value :  3.87217e-06
 Reference value :  3.87310e-06
 Reference value :  3.87402e-06
 Reference value :  3.87501e-06
 Reference value :  3.87592e-06
 Reference value :  3.87685e-06
 Reference value :  3.87773e-06
 Reference value :  3.87865e-06
 Reference value :  3.87961e-06
 Reference value :  3.88052e-06
 Reference value :  3.88143e-06
 Reference value :  3.88234e-06
 Reference value :  3.88317e-06
 Reference value :  3.88404e-06
 Reference value :  3.88490e-06
 Reference value :  3.88574e-06
 Reference value :  3.88661e-06
 Reference value :  3.88745e-06
 Reference value :  3.88828e-06
 Reference value :  3.88918e-06
 Reference value :  3.89001e-06
 Reference value :  3.89087e-06
 Reference value :  3.89171e-06
 Reference value :  3.89254e-06
 Reference value :  3.89345e-06
 Reference value :  3.89429e-06
 Reference value :  3.89513e-06
 Reference value :  3.89598e-06
 Reference value :  3.89682e-06
 Reference value :  3.89770e-06
 Reference value :  3.89856e-06
 Reference value :  3.89939e-06
 Reference value :  3.90026e-06
 Reference value :  3.90109e-06
 Reference value :  3.90197e-06
 Reference value :  3.90282e-06
 Reference value :  3.90367e-06
 Reference value :  3.90455e-06
 Reference value :  3.90538e-06
 Reference value :  3.90624e-06
 Reference value :  3.90708e-06
 Reference value :  3.90796e-06
 Reference value :  3.90882e-06
 Reference value :  3.90966e-06
 Reference value :  3.91050e-06
 Reference value :  3.91137e-06
 Reference value :  3.91222e-06
 Reference value :  3.91308e-06
 Reference value :  3.91393e-06
 Reference value :  3.91477e-06
 Reference value :  3.91563e-06
 Reference value :  3.91645e-06
 Reference value :  3.91735e-06
 Reference value :  3.91821e-06
 Reference value :  3.91904e-06
 Reference value :  3.91990e-06
 Reference value :  3.92074e-06
 Reference value :  3.92161e-06
 Reference value :  3.92250e-06
 Reference value :  3.92333e-06
 Reference value :  3.92420e-06
 Reference value :  3.92504e-06
 Reference value :  3.92587e-06
 Reference value :  3.92676e-06
 Reference value :  3.92759e-06
 Reference value :  3.92844e-06
 Reference value :  3.92926e-06
 Reference value :  3.93012e-06
 Reference value :  3.93095e-06
 Reference value :  3.93183e-06
 Reference value :  3.93271e-06
 Reference value :  3.93353e-06
 Reference value :  3.93439e-06
 Reference value :  3.93526e-06
 Reference value :  3.93611e-06
 Reference value :  3.93698e-06
 Reference value :  3.93782e-06
 Reference value :  3.93866e-06
 Reference value :  3.93952e-06
 Reference value :  3.94034e-06
 Reference value :  3.94124e-06
 Reference value :  3.94210e-06
 Reference value :  3.94295e-06
 Reference value :  3.94381e-06
 Reference value :  3.94464e-06
 Reference value :  3.94551e-06
 Reference value :  3.94639e-06
 Reference value :  3.94721e-06
 Reference value :  3.94808e-06
 Reference value :  3.94892e-06
 Reference value :  3.94976e-06
 Reference value :  3.95065e-06
 Reference value :  3.95147e-06
 Reference value :  3.95235e-06
 Reference value :  3.95316e-06
 Reference value :  3.95401e-06
 Reference value :  3.95486e-06
 Reference value :  3.95571e-06
 Reference value :  3.95659e-06
 Reference value :  3.95742e-06
 Reference value :  3.95828e-06
 Reference value :  3.95914e-06
 Reference value :  3.96000e-06
 Reference value :  3.96086e-06
 Reference value :  3.96171e-06
 Reference value :  3.96255e-06
 Reference value :  3.96343e-06
 Reference value :  3.96428e-06
 Reference value :  3.96514e-06
 Reference value :  3.96600e-06
 Reference value :  3.96684e-06
 Reference value :  3.96769e-06
 Reference value :  3.96852e-06
 Reference value :  3.96940e-06
 Reference value :  3.97029e-06
 Reference value :  3.97113e-06
 Reference value :  3.97199e-06
 Reference value :  3.97283e-06
 Reference value :  3.97369e-06
 Reference value :  3.97458e-06
 Reference value :  3.97542e-06
 Reference value :  3.97625e-06
 Reference value :  3.97712e-06
 Reference value :  3.97796e-06
 Reference value :  3.97884e-06
 Reference value :  3.97971e-06
 Reference value :  3.98054e-06
 Reference value :  3.98142e-06
 Reference value :  3.98226e-06
 Reference value :  3.98315e-06
 Reference value :  3.98403e-06
 Reference value :  3.98489e-06
 Reference value :  3.98573e-06
 Reference value :  3.98659e-06
 Reference value :  3.98743e-06
 Reference value :  3.98837e-06
 Reference value :  3.98925e-06
 Reference value :  3.99012e-06
 Reference value :  3.99105e-06
 Reference value :  3.99196e-06
 Reference value :  3.99289e-06
 Reference value :  3.99383e-06
 Reference value :  3.99474e-06
 Reference value :  3.99556e-06
 Reference value :  3.99643e-06
 Reference value :  3.99727e-06
 Reference value :  3.99814e-06
 Reference value :  3.99901e-06
 Reference value :  3.99985e-06
 Reference value :  4.00070e-06
 Reference value :  4.00155e-06
 Reference value :  4.00240e-06
 Reference value :  4.00327e-06
 Reference value :  4.00411e-06
 Reference value :  4.00495e-06
 Reference value :  4.00581e-06
 Reference value :  4.00664e-06
 Reference value :  4.00754e-06
 Reference value :  4.00838e-06
 Reference value :  4.00923e-06
 Reference value :  4.01010e-06
 Reference value :  4.01093e-06
 Reference value :  4.01186e-06
 Reference value :  4.01278e-06
 Reference value :  4.01372e-06
 Reference value :  4.01468e-06
 Reference value :  4.01561e-06
 Reference value :  4.01652e-06
 Reference value :  4.01746e-06
 Reference value :  4.01840e-06
 Reference value :  4.01931e-06
 Reference value :  4.02024e-06
 Reference value :  4.02112e-06
 Reference value :  4.02207e-06
 Reference value :  4.02298e-06
 Reference value :  4.02391e-06
 Reference value :  4.02480e-06
 Reference value :  4.02573e-06
 Reference value :  4.02669e-06
 Reference value :  4.02760e-06
 Reference value :  4.02854e-06
 Reference value :  4.02947e-06
 Reference value :  4.03041e-06
 Reference value :  4.03136e-06
 Reference value :  4.03229e-06
 Reference value :  4.03319e-06
 Reference value :  4.03411e-06
 Reference value :  4.03504e-06
 Reference value :  4.03598e-06
 Reference value :  4.03690e-06
 Reference value :  4.03780e-06
 Reference value :  4.03869e-06
 Reference value :  4.03959e-06
 Reference value :  4.04056e-06
 Reference value :  4.04147e-06
 Reference value :  4.04241e-06
 Reference value :  4.04334e-06
 Reference value :  4.04425e-06
 Reference value :  4.04521e-06
 Reference value :  4.04612e-06
 Reference value :  4.04704e-06
 Reference value :  4.04794e-06
 Reference value :  4.04885e-06
 Reference value :  4.04979e-06
 Reference value :  4.05072e-06
 Reference value :  4.05164e-06
 Reference value :  4.05255e-06
 Reference value :  4.05348e-06
 Reference value :  4.05439e-06
 Reference value :  4.05533e-06
 Reference value :  4.05625e-06
 Reference value :  4.05718e-06
 Reference value :  4.05808e-06
 Reference value :  4.05897e-06
 Reference value :  4.05993e-06
 Reference value :  4.06084e-06
 Reference value :  4.06174e-06
 Reference value :  4.06263e-06
 Reference value :  4.06354e-06
 Reference value :  4.06448e-06
 Reference value :  4.06538e-06
 Reference value :  4.06631e-06
 Reference value :  4.06722e-06
 Reference value :  4.06814e-06
 Reference value :  4.06908e-06
 Reference value :  4.06996e-06
 Reference value :  4.07068e-06
 Reference value :  4.07151e-06
 Reference value :  4.07236e-06
 Reference value :  4.07319e-06
 Reference value :  4.07405e-06
 Reference value :  4.07489e-06
 Reference value :  4.07571e-06
 Reference value :  4.07655e-06
 Reference value :  4.07737e-06
 Reference value :  4.07827e-06
 Reference value :  4.07911e-06
 Reference value :  4.07996e-06
 Reference value :  4.08087e-06
 Reference value :  4.08177e-06
 Reference value :  4.08256e-06
 Reference value :  4.08348e-06
 Reference value :  4.08425e-06
 Reference value :  4.08503e-06
 Reference value :  4.08586e-06
 Reference value :  4.08666e-06
 Reference value :  4.08753e-06
 Reference value :  4.08839e-06
 Reference value :  4.08923e-06
 Reference value :  4.09009e-06
 Reference value :  4.09091e-06
 Reference value :  4.09177e-06
 Reference value :  4.09263e-06
 Reference value :  4.09348e-06
 Reference value :  4.09435e-06
 Reference value :  4.09517e-06
 Reference value :  4.09603e-06
 Reference value :  4.09685e-06
 Reference value :  4.09774e-06
 Reference value :  4.09856e-06
 Reference value :  4.09940e-06
 Reference value :  4.10024e-06
 Reference value :  4.10107e-06
 Reference value :  4.10194e-06
 Reference value :  4.10277e-06
 Reference value :  4.10364e-06
 Reference value :  4.10447e-06
 Reference value :  4.10533e-06
 Reference value :  4.10615e-06
 Reference value :  4.10703e-06
 Reference value :  4.10791e-06
 Reference value :  4.10876e-06
 Reference value :  4.10969e-06
 Reference value :  4.11061e-06
 Reference value :  4.11154e-06
 Reference value :  4.11250e-06
 Reference value :  4.11341e-06
 Reference value :  4.11433e-06
 Reference value :  4.11523e-06
 Reference value :  4.11617e-06
 Reference value :  4.11711e-06
 Reference value :  4.11798e-06
 Reference value :  4.11890e-06
 Reference value :  4.11980e-06
 Reference value :  4.12072e-06
 Reference value :  4.12164e-06
 Reference value :  4.12256e-06
 Reference value :  4.12349e-06
 Reference value :  4.12441e-06
 Reference value :  4.12533e-06
 Reference value :  4.12626e-06
 Reference value :  4.12719e-06
 Reference value :  4.12811e-06
 Reference value :  4.12903e-06
 Reference value :  4.12991e-06
 Reference value :  4.13087e-06
 Reference value :  4.13179e-06
 Reference value :  4.13270e-06
 Reference value :  4.13363e-06
 Reference value :  4.13452e-06
 Reference value :  4.13549e-06
 Reference value :  4.13640e-06
 Reference value :  4.13733e-06
 Reference value :  4.13821e-06
 Reference value :  4.13912e-06
 Reference value :  4.14003e-06
 Reference value :  4.14094e-06
 Reference value :  4.14188e-06
 Reference value :  4.14279e-06
 Reference value :  4.14370e-06
 Reference value :  4.14461e-06
 Reference value :  4.14553e-06
 Reference value :  4.14645e-06
 Reference value :  4.14737e-06
 Reference value :  4.14828e-06
 Reference value :  4.14920e-06
 Reference value :  4.15015e-06
 Reference value :  4.15106e-06
 Reference value :  4.15199e-06
 Reference value :  4.15291e-06
 Reference value :  4.15384e-06
 Reference value :  4.15475e-06
 Reference value :  4.15568e-06
 Reference value :  4.15659e-06
 Reference value :  4.15750e-06
 Reference value :  4.15843e-06
 Reference value :  4.15935e-06
 Reference value :  4.16026e-06
 Reference value :  4.16117e-06
 Reference value :  4.16207e-06
 Reference value :  4.16298e-06
 Reference value :  4.16395e-06
 Reference value :  4.16488e-06
 Reference value :  4.16577e-06
 Reference value :  4.16670e-06
 Reference value :  4.16759e-06
 Reference value :  4.16855e-06
 Reference value :  4.16946e-06
 Reference value :  4.17039e-06
 Reference value :  4.17133e-06
 Reference value :  4.17219e-06
 Reference value :  4.17303e-06
 Reference value :  4.17386e-06
 Reference value :  4.17474e-06
 Reference value :  4.17556e-06
 Reference value :  4.17643e-06
 Reference value :  4.17724e-06
 Reference value :  4.17811e-06
 Reference value :  4.17895e-06
 Reference value :  4.17978e-06
 Reference value :  4.18064e-06
 Reference value :  4.18145e-06
 Reference value :  4.18229e-06
 Reference value :  4.18315e-06
 Reference value :  4.18402e-06
 Reference value :  4.18483e-06
 Reference value :  4.18569e-06
 Reference value :  4.18650e-06
 Reference value :  4.18736e-06
 Reference value :  4.18821e-06
 Reference value :  4.18905e-06
 Reference value :  4.18991e-06
 Reference value :  4.19072e-06
 Reference value :  4.19158e-06
 Reference value :  4.19243e-06
 Reference value :  4.19328e-06
 Reference value :  4.19409e-06
 Reference value :  4.19495e-06
 Reference value :  4.19582e-06
 Reference value :  4.19666e-06
 Reference value :  4.19756e-06
 Reference value :  4.19849e-06
 Reference value :  4.19941e-06
 Reference value :  4.20034e-06
 Reference value :  4.20126e-06
 Reference value :  4.20219e-06
 Reference value :  4.20311e-06
 Reference value :  4.20392e-06
 Reference value :  4.20478e-06
 Reference value :  4.20561e-06
 Reference value :  4.20647e-06
 Reference value :  4.20733e-06
 Reference value :  4.20817e-06
 Reference value :  4.20904e-06
 Reference value :  4.20988e-06
 Reference value :  4.21071e-06
 Reference value :  4.21159e-06
 Reference value :  4.21243e-06
 Reference value :  4.21330e-06
 Reference value :  4.21414e-06
 Reference value :  4.21497e-06
 Reference value :  4.21584e-06
 Reference value :  4.21669e-06
 Reference value :  4.21752e-06
 Reference value :  4.21831e-06
 Reference value :  4.21914e-06
 Reference value :  4.21996e-06
 Reference value :  4.22081e-06
 Reference value :  4.22164e-06
 Reference value :  4.22249e-06
 Reference value :  4.22331e-06
 Reference value :  4.22416e-06
 Reference value :  4.22497e-06
 Reference value :  4.22587e-06
 Reference value :  4.22670e-06
 Reference value :  4.22756e-06
 Reference value :  4.22840e-06
 Reference value :  4.22923e-06
 Reference value :  4.23011e-06
 Reference value :  4.23095e-06
 Reference value :  4.23181e-06
 Reference value :  4.23263e-06
 Reference value :  4.23349e-06
 Reference value :  4.23431e-06
 Reference value :  4.23518e-06
 Reference value :  4.23604e-06
 Reference value :  4.23684e-06
 Reference value :  4.23771e-06
 Reference value :  4.23851e-06
 Reference value :  4.23939e-06
 Reference value :  4.24024e-06
 Reference value :  4.24108e-06
 Reference value :  4.24192e-06
 Reference value :  4.24275e-06
 Reference value :  4.24360e-06
 Reference value :  4.24459e-06
 Reference value :  4.24550e-06
 Reference value :  4.24644e-06
 Reference value :  4.24734e-06
 Reference value :  4.24826e-06
 Reference value :  4.24919e-06
 Reference value :  4.25010e-06
 Reference value :  4.25103e-06
 Reference value :  4.25195e-06
 Reference value :  4.25285e-06
 Reference value :  4.25377e-06
 Reference value :  4.25470e-06
 Reference value :  4.25561e-06
 Reference value :  4.25654e-06
 Reference value :  4.25745e-06
 Reference value :  4.25837e-06
 Reference value :  4.25931e-06
 Reference value :  4.26023e-06
 Reference value :  4.26114e-06
 Reference value :  4.26205e-06
 Reference value :  4.26297e-06
 Reference value :  4.26393e-06
 Reference value :  4.26484e-06
 Reference value :  4.26575e-06
 Reference value :  4.26666e-06
 Reference value :  4.26756e-06
 Reference value :  4.26849e-06
 Reference value :  4.26942e-06
 Reference value :  4.27027e-06
 Reference value :  4.27109e-06
 Reference value :  4.27195e-06
 Reference value :  4.27291e-06
 Reference value :  4.27384e-06
 Reference value :  4.27476e-06
 Reference value :  4.27569e-06
 Reference value :  4.27658e-06
 Reference value :  4.27754e-06
 Reference value :  4.27847e-06
 Reference value :  4.27938e-06
 Reference value :  4.28026e-06
 Reference value :  4.28118e-06
 Reference value :  4.28211e-06
 Reference value :  4.28305e-06
 Reference value :  4.28398e-06
 Reference value :  4.28489e-06
 Reference value :  4.28572e-06
 Reference value :  4.28655e-06
 Reference value :  4.28738e-06
 Reference value :  4.28822e-06
 Reference value :  4.28905e-06
 Reference value :  4.28990e-06
 Reference value :  4.29072e-06
 Reference value :  4.29159e-06
 Reference value :  4.29242e-06
 Reference value :  4.29329e-06
 Reference value :  4.29413e-06
 Reference value :  4.29498e-06
 Reference value :  4.29583e-06
 Reference value :  4.29672e-06
 Reference value :  4.29765e-06
 Reference value :  4.29849e-06
 Reference value :  4.29936e-06
 Reference value :  4.30018e-06
 Reference value :  4.30105e-06
 Reference value :  4.30191e-06
 Reference value :  4.30276e-06
 Reference value :  4.30362e-06
 Reference value :  4.30450e-06
 Reference value :  4.30537e-06
 Reference value :  4.30628e-06
 Reference value :  4.30721e-06
 Reference value :  4.30813e-06
 Reference value :  4.30905e-06
 Reference value :  4.30998e-06
 Reference value :  4.31092e-06
 Reference value :  4.31183e-06
 Reference value :  4.31276e-06
 Reference value :  4.31368e-06
 Reference value :  4.31459e-06
 Reference value :  4.31554e-06
 Reference value :  4.31646e-06
 Reference value :  4.31738e-06
 Reference value :  4.31830e-06
 Reference value :  4.31922e-06
 Reference value :  4.32014e-06
 Reference value :  4.32109e-06
 Reference value :  4.32200e-06
 Reference value :  4.32288e-06
 Reference value :  4.32373e-06
 Reference value :  4.32457e-06
 Reference value :  4.32543e-06
 Reference value :  4.32627e-06
 Reference value :  4.32711e-06
 Reference value :  4.32794e-06
 Reference value :  4.32878e-06
 Reference value :  4.32962e-06
 Reference value :  4.33048e-06
 Reference value :  4.33130e-06
 Reference value :  4.33218e-06
 Reference value :  4.33301e-06
 Reference value :  4.33387e-06
 Reference value :  4.33474e-06
 Reference value :  4.33556e-06
 Reference value :  4.33642e-06
 Reference value :  4.33724e-06
 Reference value :  4.33809e-06
 Reference value :  4.33894e-06
 Reference value :  4.33989e-06
 Reference value :  4.34082e-06
 Reference value :  4.34174e-06
 Reference value :  4.34265e-06
 Reference value :  4.34358e-06
 Reference value :  4.34452e-06
 Reference value :  4.34543e-06
 Reference value :  4.34634e-06
 Reference value :  4.34727e-06
 Reference value :  4.34815e-06
 Reference value :  4.34907e-06
 Reference value :  4.34999e-06
 Reference value :  4.35091e-06
 Reference value :  4.35183e-06
 Reference value :  4.35276e-06
 Reference value :  4.35364e-06
 Reference value :  4.35446e-06
 Reference value :  4.35534e-06
 Reference value :  4.35616e-06
 Reference value :  4.35702e-06
 Reference value :  4.35784e-06
 Reference value :  4.35874e-06
 Reference value :  4.35965e-06
 Reference value :  4.36056e-06
 Reference value :  4.36148e-06
 Reference value :  4.36239e-06
 Reference value :  4.36332e-06
 Reference value :  4.36420e-06
 Reference value :  4.36508e-06
 Reference value :  4.36601e-06
 Reference value :  4.36692e-06
 Reference value :  4.36787e-06
 Reference value :  4.36880e-06
 Reference value :  4.36963e-06
 Reference value :  4.37051e-06
 Reference value :  4.37144e-06
 Reference value :  4.37236e-06
 Reference value :  4.37330e-06
 Reference value :  4.37422e-06
 Reference value :  4.37508e-06
 Reference value :  4.37599e-06
 Reference value :  4.37690e-06
 Reference value :  4.37784e-06
 Reference value :  4.37875e-06
 Reference value :  4.37966e-06
 Reference value :  4.38057e-06
 Reference value :  4.38147e-06
 Reference value :  4.38240e-06
 Reference value :  4.38332e-06
 Reference value :  4.38424e-06
 Reference value :  4.38517e-06
 Reference value :  4.38605e-06
 Reference value :  4.38690e-06
 Reference value :  4.38776e-06
 Reference value :  4.38860e-06
 Reference value :  4.38943e-06
 Reference value :  4.39028e-06
 Reference value :  4.39112e-06
 Reference value :  4.39199e-06
 Reference value :  4.39280e-06
 Reference value :  4.39366e-06
 Reference value :  4.39446e-06
 Reference value :  4.39533e-06
 Reference value :  4.39618e-06
 Reference value :  4.39702e-06
 Reference value :  4.39787e-06
 Reference value :  4.39870e-06
 Reference value :  4.39956e-06
 Reference value :  4.40036e-06
 Reference value :  4.40127e-06
 Reference value :  4.40215e-06
 Reference value :  4.40298e-06
 Reference value :  4.40385e-06
 Reference value :  4.40467e-06
 Reference value :  4.40555e-06
 Reference value :  4.40641e-06
 Reference value :  4.40723e-06
 Reference value :  4.40809e-06
 Reference value :  4.40891e-06
 Reference value :  4.40976e-06
 Reference value :  4.41056e-06
 Reference value :  4.41144e-06
 Reference value :  4.41221e-06
 Reference value :  4.41311e-06
 Reference value :  4.41394e-06
 Reference value :  4.41479e-06
 Reference value :  4.41571e-06
 Reference value :  4.41661e-06
 Reference value :  4.41748e-06
 Reference value :  4.41832e-06
 Reference value :  4.41913e-06
 Reference value :  4.41993e-06
 Reference value :  4.42076e-06
 Reference value :  4.42161e-06
 Reference value :  4.42248e-06
 Reference value :  4.42334e-06
 Reference value :  4.42420e-06
 Reference value :  4.42507e-06
 Reference value :  4.42591e-06
 Reference value :  4.42675e-06
 Reference value :  4.42758e-06
 Reference value :  4.42843e-06
 Reference value :  4.42928e-06
 Reference value :  4.43016e-06
 Reference value :  4.43101e-06
 Reference value :  4.43184e-06
 Reference value :  4.43269e-06
 Reference value :  4.43351e-06
 Reference value :  4.43442e-06
 Reference value :  4.43525e-06
 Reference value :  4.43610e-06
 Reference value :  4.43695e-06
 Reference value :  4.43777e-06
 Reference value :  4.43868e-06
 Reference value :  4.43953e-06
 Reference value :  4.44037e-06
 Reference value :  4.44123e-06
 Reference value :  4.44205e-06
 Reference value :  4.44291e-06
 Reference value :  4.44371e-06
 Reference value :  4.44458e-06
 Reference value :  4.44543e-06
 Reference value :  4.44628e-06
 Reference value :  4.44712e-06
 Reference value :  4.44797e-06
 Reference value :  4.44886e-06
 Reference value :  4.44972e-06
 Reference value :  4.45060e-06
 Reference value :  4.45151e-06
 Reference value :  4.45243e-06
 Reference value :  4.45337e-06
 Reference value :  4.45430e-06
 Reference value :  4.45519e-06
 Reference value :  4.45611e-06
 Reference value :  4.45702e-06
 Reference value :  4.45795e-06
 Reference value :  4.45888e-06
 Reference value :  4.45981e-06
 Reference value :  4.46073e-06
 Reference value :  4.46165e-06
 Reference value :  4.46258e-06
 Reference value :  4.46349e-06
 Reference value :  4.46442e-06
 Reference value :  4.46532e-06
 Reference value :  4.46621e-06
 Reference value :  4.46716e-06
 Reference value :  4.46810e-06
 Reference value :  4.46902e-06
 Reference value :  4.46992e-06
 Reference value :  4.47083e-06
 Reference value :  4.47172e-06
 Reference value :  4.47268e-06
 Reference value :  4.47359e-06
 Reference value :  4.47452e-06
 Reference value :  4.47543e-06
 Reference value :  4.47634e-06
 Reference value :  4.47721e-06
 Reference value :  4.47805e-06
 Reference value :  4.47888e-06
 Reference value :  4.47975e-06
 Reference value :  4.48057e-06
 Reference value :  4.48145e-06
 Reference value :  4.48233e-06
 Reference value :  4.48327e-06
 Reference value :  4.48418e-06
 Reference value :  4.48509e-06
 Reference value :  4.48600e-06
 Reference value :  4.48694e-06
 Reference value :  4.48782e-06
 Reference value :  4.48872e-06
 Reference value :  4.48962e-06
 Reference value :  4.49055e-06
 Reference value :  4.49151e-06
 Reference value :  4.49241e-06
 Reference value :  4.49327e-06
 Reference value :  4.49409e-06
 Reference value :  4.49495e-06
 Reference value :  4.49580e-06
 Reference value :  4.49666e-06
 Reference value :  4.49742e-06
 Reference value :  4.49828e-06
 Reference value :  4.49910e-06
 Reference value :  4.49994e-06
 Reference value :  4.50077e-06
 Reference value :  4.50164e-06
 Reference value :  4.50258e-06
 Reference value :  4.50351e-06
 Reference value :  4.50445e-06
 Reference value :  4.50537e-06
 Reference value :  4.50629e-06
 Reference value :  4.50721e-06
 Reference value :  4.50814e-06
 Reference value :  4.50905e-06
 Reference value :  4.50998e-06
 Reference value :  4.51092e-06
 Reference value :  4.51183e-06
 Reference value :  4.51276e-06
 Reference value :  4.51366e-06
 Reference value :  4.51458e-06
 Reference value :  4.51552e-06
 Reference value :  4.51633e-06
 Reference value :  4.51719e-06
 Reference value :  4.51801e-06
 Reference value :  4.51887e-06
 Reference value :  4.51972e-06
 Reference value :  4.52055e-06
 Reference value :  4.52140e-06
 Reference value :  4.52222e-06
 Reference value :  4.52307e-06
 Reference value :  4.52401e-06
 Reference value :  4.52488e-06
 Reference value :  4.52573e-06
 Reference value :  4.52659e-06
 Reference value :  4.52742e-06
 Reference value :  4.52829e-06
 Reference value :  4.52917e-06
 Reference value :  4.53000e-06
 Reference value :  4.53089e-06
 Reference value :  4.53171e-06
 Reference value :  4.53257e-06
 Reference value :  4.53341e-06
 Reference value :  4.53426e-06
 Reference value :  4.53514e-06
 Reference value :  4.53596e-06
 Reference value :  4.53683e-06
 Reference value :  4.53765e-06
 Reference value :  4.53860e-06
 Reference value :  4.53952e-06
 Reference value :  4.54045e-06
 Reference value :  4.54136e-06
 Reference value :  4.54225e-06
 Reference value :  4.54320e-06
 Reference value :  4.54411e-06
 Reference value :  4.54499e-06
 Reference value :  4.54592e-06
 Reference value :  4.54682e-06
 Reference value :  4.54775e-06
 Reference value :  4.54870e-06
 Reference value :  4.54962e-06
 Reference value :  4.55054e-06
 Reference value :  4.55145e-06
 Reference value :  4.55236e-06
 Reference value :  4.55330e-06
 Reference value :  4.55421e-06
 Reference value :  4.55516e-06
 Reference value :  4.55608e-06
 Reference value :  4.55701e-06
 Reference value :  4.55796e-06
 Reference value :  4.55881e-06
 Reference value :  4.55963e-06
 Reference value :  4.56047e-06
 Reference value :  4.56130e-06
 Reference value :  4.56224e-06
 Reference value :  4.56318e-06
 Reference value :  4.56411e-06
 Reference value :  4.56502e-06
 Reference value :  4.56596e-06
 Reference value :  4.56690e-06
 Reference value :  4.56776e-06
 Reference value :  4.56860e-06
 Reference value :  4.56944e-06
 Reference value :  4.57030e-06
 Reference value :  4.57113e-06
 Reference value :  4.57203e-06
 Reference value :  4.57289e-06
 Reference value :  4.57372e-06
 Reference value :  4.57457e-06
 Reference value :  4.57540e-06
 Reference value :  4.57629e-06
 Reference value :  4.57716e-06
 Reference value :  4.57798e-06
 Reference value :  4.57886e-06
 Reference value :  4.57968e-06
 Reference value :  4.58054e-06
 Reference value :  4.58141e-06
 Reference value :  4.58222e-06
 Reference value :  4.58306e-06
 Reference value :  4.58389e-06
 Reference value :  4.58473e-06
 Reference value :  4.58558e-06
 Reference value :  4.58648e-06
 Reference value :  4.58733e-06
 Reference value :  4.58817e-06
 Reference value :  4.58905e-06
 Reference value :  4.58987e-06
 Reference value :  4.59074e-06
 Reference value :  4.59158e-06
 Reference value :  4.59243e-06
 Reference value :  4.59331e-06
 Reference value :  4.59413e-06
 Reference value :  4.59500e-06
 Reference value :  4.59585e-06
 Reference value :  4.59669e-06
 Reference value :  4.59757e-06
 Reference value :  4.59840e-06
 Reference value :  4.59926e-06
 Reference value :  4.60016e-06
 Reference value :  4.60099e-06
 Reference value :  4.60185e-06
 Reference value :  4.60271e-06
 Reference value :  4.60353e-06
 Reference value :  4.60440e-06
 Reference value :  4.60527e-06
 Reference value :  4.60612e-06
 Reference value :  4.60700e-06
 Reference value :  4.60781e-06
 Reference value :  4.60868e-06
 Reference value :  4.60954e-06
 Reference value :  4.61038e-06
 Reference value :  4.61124e-06
 Reference value :  4.61207e-06
 Reference value :  4.61294e-06
 Reference value :  4.61379e-06
 Reference value :  4.61464e-06
 Reference value :  4.61552e-06
 Reference value :  4.61633e-06
 Reference value :  4.61721e-06
 Reference value :  4.61805e-06
 Reference value :  4.61890e-06
 Reference value :  4.61978e-06
 Reference value :  4.62059e-06
 Reference value :  4.62144e-06
 Reference value :  4.62226e-06
 Reference value :  4.62308e-06
 Reference value :  4.62394e-06
 Reference value :  4.62480e-06
 Reference value :  4.62564e-06
 Reference value :  4.62649e-06
 Reference value :  4.62734e-06
 Reference value :  4.62817e-06
 Reference value :  4.62907e-06
 Reference value :  4.62987e-06
 Reference value :  4.63074e-06
 Reference value :  4.63158e-06
 Reference value :  4.63241e-06
 Reference value :  4.63331e-06
 Reference value :  4.63414e-06
 Reference value :  4.63500e-06
 Reference value :  4.63584e-06
 Reference value :  4.63668e-06
 Reference value :  4.63752e-06
 Reference value :  4.63839e-06
 Reference value :  4.63926e-06
 Reference value :  4.64012e-06
 Reference value :  4.64094e-06
 Reference value :  4.64178e-06
 Reference value :  4.64263e-06
 Reference value :  4.64351e-06
 Reference value :  4.64435e-06
 Reference value :  4.64519e-06
 Reference value :  4.64603e-06
 Reference value :  4.64686e-06
 Reference value :  4.64777e-06
 Reference value :  4.64859e-06
 Reference value :  4.64945e-06
 Reference value :  4.65029e-06
 Reference value :  4.65112e-06
 Reference value :  4.65197e-06
 Reference value :  4.65283e-06
 Reference value :  4.65368e-06
 Reference value :  4.65452e-06
 Reference value :  4.65537e-06
 Reference value :  4.65623e-06
 Reference value :  4.65711e-06
 Reference value :  4.65797e-06
 Reference value :  4.65882e-06
 Reference value :  4.65966e-06
 Reference value :  4.66053e-06
 Reference value :  4.66137e-06
 Reference value :  4.66225e-06
 Reference value :  4.66311e-06
 Reference value :  4.66396e-06
 Reference value :  4.66482e-06
 Reference value :  4.66566e-06
 Reference value :  4.66652e-06
 Reference value :  4.66741e-06
 Reference value :  4.66824e-06
 Reference value :  4.66908e-06
 Reference value :  4.66990e-06
 Reference value :  4.67075e-06
 Reference value :  4.67160e-06
 Reference value :  4.67242e-06
 Reference value :  4.67330e-06
 Reference value :  4.67426e-06
 Reference value :  4.67520e-06
 Reference value :  4.67620e-06
 Reference value :  4.67717e-06
 Reference value :  4.67814e-06
 Reference value :  4.67909e-06
 Reference value :  4.68007e-06
 Reference value :  4.68109e-06
 Reference value :  4.68205e-06
 Reference value :  4.68302e-06
 Reference value :  4.68398e-06
 Reference value :  4.68495e-06
 Reference value :  4.68593e-06
 Reference value :  4.68691e-06
 Reference value :  4.68787e-06
 Reference value :  4.68884e-06
 Reference value :  4.68980e-06
 Reference value :  4.69077e-06
 Reference value :  4.69176e-06
 Reference value :  4.69267e-06
 Reference value :  4.69353e-06
 Reference value :  4.69445e-06
 Reference value :  4.69545e-06
 Reference value :  4.69640e-06
 Reference value :  4.69739e-06
 Reference value :  4.69834e-06
 Reference value :  4.69928e-06
 Reference value :  4.70031e-06
 Reference value :  4.70128e-06
 Reference value :  4.70223e-06
 Reference value :  4.70318e-06
 Reference value :  4.70420e-06
 Reference value :  4.70518e-06
 Reference value :  4.70612e-06
 Reference value :  4.70708e-06
 Reference value :  4.70805e-06
 Reference value :  4.70904e-06
 Reference value :  4.70998e-06
 Reference value :  4.71093e-06
 Reference value :  4.71187e-06
 Reference value :  4.71284e-06
 Reference value :  4.71381e-06
 Reference value :  4.71481e-06
 Reference value :  4.71574e-06
 Reference value :  4.71668e-06
 Reference value :  4.71768e-06
 Reference value :  4.71871e-06
 Reference value :  4.71971e-06
 Reference value :  4.72072e-06
 Reference value :  4.72168e-06
 Reference value :  4.72265e-06
 Reference value :  4.72366e-06
 Reference value :  4.72465e-06
 Reference value :  4.72568e-06
 Reference value :  4.72668e-06
 Reference value :  4.72769e-06
 Reference value :  4.72872e-06
 Reference value :  4.72974e-06
 Reference value :  4.73075e-06
 Reference value :  4.73174e-06
 Reference value :  4.73279e-06
 Reference value :  4.73380e-06
 Reference value :  4.73482e-06
 Reference value :  4.73580e-06
 Reference value :  4.73684e-06
 Reference value :  4.73787e-06
 Reference value :  4.73890e-06
 Reference value :  4.73991e-06
 Reference value :  4.74092e-06
 Reference value :  4.74191e-06
 Reference value :  4.74296e-06
 Reference value :  4.74391e-06
 Reference value :  4.74492e-06
 Reference value :  4.74594e-06
 Reference value :  4.74695e-06
 Reference value :  4.74797e-06
 Reference value :  4.74900e-06
 Reference value :  4.75001e-06
 Reference value :  4.75101e-06
 Reference value :  4.75205e-06
 Reference value :  4.75306e-06
 Reference value :  4.75406e-06
 Reference value :  4.75505e-06
 Reference value :  4.75607e-06
 Reference value :  4.75709e-06
 Reference value :  4.75812e-06
 Reference value :  4.75911e-06
 Reference value :  4.76013e-06
 Reference value :  4.76113e-06
 Reference value :  4.76219e-06
 Reference value :  4.76320e-06
 Reference value :  4.76422e-06
 Reference value :  4.76520e-06
 Reference value :  4.76625e-06
 Reference value :  4.76724e-06
 Reference value :  4.76826e-06
 Reference value :  4.76927e-06
 Reference value :  4.77027e-06
 Reference value :  4.77131e-06
 Reference value :  4.77233e-06
 Reference value :  4.77335e-06
 Reference value :  4.77434e-06
 Reference value :  4.77537e-06
 Reference value :  4.77635e-06
 Reference value :  4.77737e-06
 Reference value :  4.77836e-06
 Reference value :  4.77937e-06
 Reference value :  4.78039e-06
 Reference value :  4.78142e-06
 Reference value :  4.78242e-06
 Reference value :  4.78342e-06
 Reference value :  4.78446e-06
 Reference value :  4.78548e-06
 Reference value :  4.78650e-06
 Reference value :  4.78750e-06
 Reference value :  4.78852e-06
 Reference value :  4.78951e-06
 Reference value :  4.79051e-06
 Reference value :  4.79150e-06
 Reference value :  4.79249e-06
 Reference value :  4.79348e-06
 Reference value :  4.79446e-06
 Reference value :  4.79550e-06
 Reference value :  4.79650e-06
 Reference value :  4.79747e-06
 Reference value :  4.79848e-06
 Reference value :  4.79950e-06
 Reference value :  4.80053e-06
 Reference value :  4.80150e-06
 Reference value :  4.80252e-06
 Reference value :  4.80353e-06
 Reference value :  4.80456e-06
 Reference value :  4.80556e-06
 Reference value :  4.80657e-06
 Reference value :  4.80758e-06
 Reference value :  4.80859e-06
 Reference value :  4.80963e-06
 Reference value :  4.81061e-06
 Reference value :  4.81164e-06
 Reference value :  4.81261e-06
 Reference value :  4.81368e-06
 Reference value :  4.81467e-06
 Reference value :  4.81570e-06
 Reference value :  4.81669e-06
 Reference value :  4.81772e-06
 Reference value :  4.81876e-06
 Reference value :  4.81979e-06
 Reference value :  4.82079e-06
 Reference value :  4.82180e-06
 Reference value :  4.82280e-06
 Reference value :  4.82382e-06
 Reference value :  4.82483e-06
 Reference value :  4.82584e-06
 Reference value :  4.82687e-06
 Reference value :  4.82789e-06
 Reference value :  4.82891e-06
 Reference value :  4.82992e-06
 Reference value :  4.83092e-06
 Reference value :  4.83192e-06
 Reference value :  4.83298e-06
 Reference value :  4.83401e-06
 Reference value :  4.83502e-06
 Reference value :  4.83604e-06
 Reference value :  4.83705e-06
 Reference value :  4.83806e-06
 Reference value :  4.83909e-06
 Reference value :  4.84007e-06
 Reference value :  4.84110e-06
 Reference value :  4.84212e-06
 Reference value :  4.84315e-06
 Reference value :  4.84416e-06
 Reference value :  4.84520e-06
 Reference value :  4.84618e-06
 Reference value :  4.84724e-06
 Reference value :  4.84827e-06
 Reference value :  4.84928e-06
 Reference value :  4.85027e-06
 Reference value :  4.85130e-06
 Reference value :  4.85234e-06
 Reference value :  4.85335e-06
 Reference value :  4.85436e-06
 Reference value :  4.85538e-06
 Reference value :  4.85641e-06
 Reference value :  4.85743e-06
 Reference value :  4.85845e-06
 Reference value :  4.85946e-06
 Reference value :  4.86047e-06
 Reference value :  4.86151e-06
 Reference value :  4.86254e-06
 Reference value :  4.86354e-06
 Reference value :  4.86456e-06
 Reference value :  4.86561e-06
 Reference value :  4.86665e-06
 Reference value :  4.86765e-06
 Reference value :  4.86868e-06
 Reference value :  4.86969e-06
 Reference value :  4.87075e-06
 Reference value :  4.87172e-06
 Reference value :  4.87277e-06
 Reference value :  4.87375e-06
 Reference value :  4.87480e-06
 Reference value :  4.87581e-06
 Reference value :  4.87686e-06
 Reference value :  4.87785e-06
 Reference value :  4.87887e-06
 Reference value :  4.87989e-06
 Reference value :  4.88092e-06
 Reference value :  4.88193e-06
 Reference value :  4.88296e-06
 Reference value :  4.88395e-06
 Reference value :  4.88502e-06
 Reference value :  4.88603e-06
 Reference value :  4.88703e-06
 Reference value :  4.88802e-06
 Reference value :  4.88906e-06
 Reference value :  4.89011e-06
 Reference value :  4.89112e-06
 Reference value :  4.89213e-06
 Reference value :  4.89317e-06
 Reference value :  4.89418e-06
 Reference value :  4.89521e-06
 Reference value :  4.89622e-06
 Reference value :  4.89725e-06
 Reference value :  4.89825e-06
 Reference value :  4.89929e-06
 Reference value :  4.90031e-06
 Reference value :  4.90132e-06
 Reference value :  4.90238e-06
 Reference value :  4.90338e-06
 Reference value :  4.90444e-06
 Reference value :  4.90543e-06
 Reference value :  4.90649e-06
 Reference value :  4.90748e-06
 Reference value :  4.90854e-06
 Reference value :  4.90954e-06
 Reference value :  4.91054e-06
 Reference value :  4.91150e-06
 Reference value :  4.91243e-06
 Reference value :  4.91344e-06
 Reference value :  4.91448e-06
 Reference value :  4.91540e-06
 Reference value :  4.91643e-06
 Reference value :  4.91741e-06
 Reference value :  4.91846e-06
 Reference value :  4.91946e-06
 Reference value :  4.92040e-06
 Reference value :  4.92139e-06
 Reference value :  4.92243e-06
 Reference value :  4.92341e-06
 Reference value :  4.92437e-06
 Reference value :  4.92534e-06
 Reference value :  4.92630e-06
 Reference value :  4.92726e-06
 Reference value :  4.92832e-06
 Reference value :  4.92929e-06
 Reference value :  4.93031e-06
 Reference value :  4.93131e-06
 Reference value :  4.93228e-06
 Reference value :  4.93327e-06
 Reference value :  4.93429e-06
 Reference value :  4.93522e-06
 Reference value :  4.93617e-06
 Reference value :  4.93719e-06
 Reference value :  4.93817e-06
 Reference value :  4.93915e-06
 Reference value :  4.94021e-06
 Reference value :  4.94125e-06
 Reference value :  4.94233e-06
 Reference value :  4.94336e-06
 Reference value :  4.94440e-06
 Reference value :  4.94540e-06
 Reference value :  4.94648e-06
 Reference value :  4.94756e-06
 Reference value :  4.94860e-06
 Reference value :  4.94964e-06
 Reference value :  4.95075e-06
 Reference value :  4.95187e-06
 Reference value :  4.95283e-06
 Reference value :  4.95391e-06
 Reference value :  4.95499e-06
 Reference value :  4.95608e-06
 Reference value :  4.95709e-06
 Reference value :  4.95815e-06
 Reference value :  4.95911e-06
 Reference value :  4.96003e-06
 Reference value :  4.96114e-06
 Reference value :  4.96219e-06
 Reference value :  4.96323e-06
 Reference value :  4.96426e-06
 Reference value :  4.96530e-06
 Reference value :  4.96633e-06
 Reference value :  4.96736e-06
 Reference value :  4.96837e-06
 Reference value :  4.96940e-06
 Reference value :  4.97044e-06
 Reference value :  4.97147e-06
 Reference value :  4.97247e-06
 Reference value :  4.97351e-06
 Reference value :  4.97453e-06
 Reference value :  4.97558e-06
 Reference value :  4.97659e-06
 Reference value :  4.97761e-06
 Reference value :  4.97858e-06
 Reference value :  4.97965e-06
 Reference value :  4.98065e-06
 Reference value :  4.98168e-06
 Reference value :  4.98267e-06
 Reference value :  4.98372e-06
 Reference value :  4.98474e-06
 Reference value :  4.98576e-06
 Reference value :  4.98672e-06
 Reference value :  4.98777e-06
 Reference value :  4.98877e-06
 Reference value :  4.98984e-06
 Reference value :  4.99087e-06
 Reference value :  4.99188e-06
 Reference value :  4.99289e-06
 Reference value :  4.99392e-06
 Reference value :  4.99496e-06
 Reference value :  4.99597e-06
 Reference value :  4.99701e-06
 Reference value :  4.99800e-06
 Reference value :  4.99908e-06
 Reference value :  5.00007e-06
 Reference value :  5.00110e-06
 Reference value :  5.00209e-06
 Reference value :  5.00315e-06
 Reference value :  5.00417e-06
 Reference value :  5.00522e-06
 Reference value :  5.00624e-06
 Reference value :  5.00725e-06
 Reference value :  5.00831e-06
 Reference value :  5.00930e-06
 Reference value :  5.01033e-06
 Reference value :  5.01134e-06
 Reference value :  5.01238e-06
 Reference value :  5.01342e-06
 Reference value :  5.01446e-06
 Reference value :  5.01547e-06
 Reference value :  5.01650e-06
 Reference value :  5.01752e-06
 Reference value :  5.01855e-06
 Reference value :  5.01953e-06
 Reference value :  5.02056e-06
 Reference value :  5.02154e-06
 Reference value :  5.02261e-06
 Reference value :  5.02362e-06
 Reference value :  5.02466e-06
 Reference value :  5.02564e-06
 Reference value :  5.02668e-06
 Reference value :  5.02771e-06
 Reference value :  5.02874e-06
 Reference value :  5.02975e-06
 Reference value :  5.03077e-06
 Reference value :  5.03180e-06
 Reference value :  5.03281e-06
 Reference value :  5.03385e-06
 Reference value :  5.03485e-06
 Reference value :  5.03586e-06
 Reference value :  5.03689e-06
 Reference value :  5.03794e-06
 Reference value :  5.03893e-06
 Reference value :  5.03998e-06
 Reference value :  5.04100e-06
 Reference value :  5.04206e-06
 Reference value :  5.04307e-06
 Reference value :  5.04410e-06
 Reference value :  5.04509e-06
 Reference value :  5.04615e-06
 Reference value :  5.04717e-06
 Reference value :  5.04818e-06
 Reference value :  5.04919e-06
 Reference value :  5.05022e-06
 Reference value :  5.05128e-06
 Reference value :  5.05228e-06
 Reference value :  5.05333e-06
 Reference value :  5.05433e-06
 Reference value :  5.05539e-06
 Reference value :  5.05643e-06
 Reference value :  5.05744e-06
 Reference value :  5.05847e-06
 Reference value :  5.05948e-06
 Reference value :  5.06057e-06
 Reference value :  5.06157e-06
 Reference value :  5.06262e-06
 Reference value :  5.06362e-06
 Reference value :  5.06467e-06
 Reference value :  5.06574e-06
 Reference value :  5.06674e-06
 Reference value :  5.06779e-06
 Reference value :  5.06878e-06
 Reference value :  5.06984e-06
 Reference value :  5.07085e-06
 Reference value :  5.07189e-06
 Reference value :  5.07291e-06
 Reference value :  5.07391e-06
 Reference value :  5.07497e-06
 Reference value :  5.07597e-06
 Reference value :  5.07697e-06
 Reference value :  5.07800e-06
 Reference value :  5.07907e-06
 Reference value :  5.08009e-06
 Reference value :  5.08111e-06
 Reference value :  5.08210e-06
 Reference value :  5.08313e-06
 Reference value :  5.08418e-06
 Reference value :  5.08521e-06
 Reference value :  5.08622e-06
 Reference value :  5.08725e-06
 Reference value :  5.08832e-06
 Reference value :  5.08937e-06
 Reference value :  5.09041e-06
 Reference value :  5.09142e-06
 Reference value :  5.09244e-06
 Reference value :  5.09350e-06
 Reference value :  5.09449e-06
 Reference value :  5.09552e-06
 Reference value :  5.09652e-06
 Reference value :  5.09756e-06
 Reference value :  5.09861e-06
 Reference value :  5.09966e-06
 Reference value :  5.10066e-06
 Reference value :  5.10168e-06
 Reference value :  5.10270e-06
 Reference value :  5.10375e-06
 Reference value :  5.10480e-06
 Reference value :  5.10579e-06
 Reference value :  5.10687e-06
 Reference value :  5.10787e-06
 Reference value :  5.10892e-06
 Reference value :  5.10991e-06
 Reference value :  5.11094e-06
 Reference value :  5.11193e-06
 Reference value :  5.11300e-06
 Reference value :  5.11403e-06
 Reference value :  5.11504e-06
 Reference value :  5.11608e-06
 Reference value :  5.11710e-06
 Reference value :  5.11812e-06
 Reference value :  5.11912e-06
 Reference value :  5.12015e-06
 Reference value :  5.12116e-06
 Reference value :  5.12225e-06
 Reference value :  5.12324e-06
 Reference value :  5.12426e-06
 Reference value :  5.12526e-06
 Reference value :  5.12630e-06
 Reference value :  5.12732e-06
 Reference value :  5.12836e-06
 Reference value :  5.12937e-06
 Reference value :  5.13040e-06
 Reference value :  5.13145e-06
 Reference value :  5.13246e-06
 Reference value :  5.13350e-06
 Reference value :  5.13451e-06
 Reference value :  5.13556e-06
 Reference value :  5.13662e-06
 Reference value :  5.13764e-06
 Reference value :  5.13869e-06
 Reference value :  5.13968e-06
 Reference value :  5.14076e-06
 Reference value :  5.14178e-06
 Reference value :  5.14281e-06
 Reference value :  5.14380e-06
 Reference value :  5.14484e-06
 Reference value :  5.14588e-06
 Reference value :  5.14690e-06
 Reference value :  5.14795e-06
 Reference value :  5.14894e-06
 Reference value :  5.14999e-06
 Reference value :  5.15099e-06
 Reference value :  5.15202e-06
 Reference value :  5.15301e-06
 Reference value :  5.15403e-06
 Reference value :  5.15507e-06
 Reference value :  5.15611e-06
 Reference value :  5.15713e-06
 Reference value :  5.15818e-06
 Reference value :  5.15915e-06
 Reference value :  5.16022e-06
 Reference value :  5.16124e-06
 Reference value :  5.16226e-06
 Reference value :  5.16328e-06
 Reference value :  5.16428e-06
 Reference value :  5.16531e-06
 Reference value :  5.16634e-06
 Reference value :  5.16735e-06
 Reference value :  5.16838e-06
 Reference value :  5.16943e-06
 Reference value :  5.17044e-06
 Reference value :  5.17147e-06
 Reference value :  5.17246e-06
 Reference value :  5.17349e-06
 Reference value :  5.17456e-06
 Reference value :  5.17559e-06
 Reference value :  5.17659e-06
 Reference value :  5.17762e-06
 Reference value :  5.17865e-06
 Reference value :  5.17968e-06
 Reference value :  5.18072e-06
 Reference value :  5.18172e-06
 Reference value :  5.18275e-06
 Reference value :  5.18379e-06
 Reference value :  5.18482e-06
 Reference value :  5.18582e-06
 Reference value :  5.18686e-06
 Reference value :  5.18786e-06
 Reference value :  5.18893e-06
 Reference value :  5.18993e-06
 Reference value :  5.19097e-06
 Reference value :  5.19197e-06
 Reference value :  5.19301e-06
 Reference value :  5.19405e-06
 Reference value :  5.19506e-06
 Reference value :  5.19610e-06
 Reference value :  5.19709e-06
 Reference value :  5.19818e-06
 Reference value :  5.19919e-06
 Reference value :  5.20015e-06
 Reference value :  5.20116e-06
 Reference value :  5.20218e-06
 Reference value :  5.20320e-06
 Reference value :  5.20424e-06
 Reference value :  5.20524e-06
 Reference value :  5.20627e-06
 Reference value :  5.20732e-06
 Reference value :  5.20836e-06
 Reference value :  5.20936e-06
 Reference value :  5.21038e-06
 Reference value :  5.21138e-06
 Reference value :  5.21245e-06
 Reference value :  5.21346e-06
 Reference value :  5.21449e-06
 Reference value :  5.21552e-06
 Reference value :  5.21655e-06
 Reference value :  5.21760e-06
 Reference value :  5.21860e-06
 Reference value :  5.21964e-06
 Reference value :  5.22066e-06
 Reference value :  5.22172e-06
 Reference value :  5.22279e-06
 Reference value :  5.22381e-06
 Reference value :  5.22485e-06
 Reference value :  5.22586e-06
 Reference value :  5.22690e-06
 Reference value :  5.22791e-06
 Reference value :  5.22894e-06
 Reference value :  5.22996e-06
 Reference value :  5.23100e-06
 Reference value :  5.23206e-06
 Reference value :  5.23305e-06
 Reference value :  5.23410e-06
 Reference value :  5.23510e-06
 Reference value :  5.23616e-06
 Reference value :  5.23719e-06
 Reference value :  5.23820e-06
 Reference value :  5.23924e-06
 Reference value :  5.24026e-06
 Reference value :  5.24129e-06
 Reference value :  5.24228e-06
 Reference value :  5.24333e-06
 Reference value :  5.24431e-06
 Reference value :  5.24538e-06
 Reference value :  5.24638e-06
 Reference value :  5.24742e-06
 Reference value :  5.24842e-06
 Reference value :  5.24946e-06
 Reference value :  5.25049e-06
 Reference value :  5.25153e-06
 Reference value :  5.25254e-06
 Reference value :  5.25356e-06
 Reference value :  5.25459e-06
 Reference value :  5.25561e-06
 Reference value :  5.25665e-06
 Reference value :  5.25764e-06
 Reference value :  5.25864e-06
 Reference value :  5.25968e-06
 Reference value :  5.26072e-06
 Reference value :  5.26174e-06
 Reference value :  5.26277e-06
 Reference value :  5.26377e-06
 Reference value :  5.26481e-06
 Reference value :  5.26580e-06
 Reference value :  5.26683e-06
 Reference value :  5.26783e-06
 Reference value :  5.26892e-06
 Reference value :  5.26992e-06
 Reference value :  5.27098e-06
 Reference value :  5.27199e-06
 Reference value :  5.27302e-06
 Reference value :  5.27407e-06
 Reference value :  5.27507e-06
 Reference value :  5.27612e-06
 Reference value :  5.27711e-06
 Reference value :  5.27816e-06
 Reference value :  5.27918e-06
 Reference value :  5.28024e-06
 Reference value :  5.28123e-06
 Reference value :  5.28226e-06
 Reference value :  5.28327e-06
 Reference value :  5.28431e-06
 Reference value :  5.28534e-06
 Reference value :  5.28635e-06
 Reference value :  5.28739e-06
 Reference value :  5.28844e-06
 Reference value :  5.28949e-06
 Reference value :  5.29049e-06
 Reference value :  5.29151e-06
 Reference value :  5.29256e-06
 Reference value :  5.29359e-06
 Reference value :  5.29464e-06
 Reference value :  5.29565e-06
 Reference value :  5.29671e-06
 Reference value :  5.29773e-06
 Reference value :  5.29876e-06
 Reference value :  5.29978e-06
 Reference value :  5.30080e-06
 Reference value :  5.30187e-06
 Reference value :  5.30289e-06
 Reference value :  5.30390e-06
 Reference value :  5.30492e-06
 Reference value :  5.30597e-06
 Reference value :  5.30701e-06
 Reference value :  5.30802e-06
 Reference value :  5.30907e-06
 Reference value :  5.31008e-06
 Reference value :  5.31113e-06
 Reference value :  5.31216e-06
 Reference value :  5.31319e-06
 Reference value :  5.31420e-06
 Reference value :  5.31523e-06
 Reference value :  5.31625e-06
 Reference value :  5.31728e-06
 Reference value :  5.31830e-06
 Reference value :  5.31926e-06
 Reference value :  5.32026e-06
 Reference value :  5.32134e-06
 Reference value :  5.32235e-06
 Reference value :  5.32337e-06
 Reference value :  5.32434e-06
 Reference value :  5.32537e-06
 Reference value :  5.32641e-06
 Reference value :  5.32744e-06
 Reference value :  5.32843e-06
 Reference value :  5.32943e-06
 Reference value :  5.33046e-06
 Reference value :  5.33150e-06
 Reference value :  5.33250e-06
 Reference value :  5.33355e-06
 Reference value :  5.33457e-06
 Reference value :  5.33561e-06
 Reference value :  5.33662e-06
 Reference value :  5.33765e-06
 Reference value :  5.33866e-06
 Reference value :  5.33970e-06
 Reference value :  5.34076e-06
 Reference value :  5.34176e-06
 Reference value :  5.34281e-06
 Reference value :  5.34381e-06
 Reference value :  5.34487e-06
 Reference value :  5.34591e-06
 Reference value :  5.34693e-06
 Reference value :  5.34798e-06
 Reference value :  5.34898e-06
 Reference value :  5.35006e-06
 Reference value :  5.35107e-06
 Reference value :  5.35209e-06
 Reference value :  5.35311e-06
 Reference value :  5.35414e-06
 Reference value :  5.35520e-06
 Reference value :  5.35621e-06
 Reference value :  5.35726e-06
 Reference value :  5.35828e-06
 Reference value :  5.35933e-06
 Reference value :  5.36039e-06
 Reference value :  5.36138e-06
 Reference value :  5.36244e-06
 Reference value :  5.36345e-06
 Reference value :  5.36448e-06
 Reference value :  5.36547e-06
 Reference value :  5.36653e-06
 Reference value :  5.36754e-06
 Reference value :  5.36858e-06
 Reference value :  5.36963e-06
 Reference value :  5.37064e-06
 Reference value :  5.37170e-06
 Reference value :  5.37272e-06
 Reference value :  5.37377e-06
 Reference value :  5.37477e-06
 Reference value :  5.37580e-06
 Reference value :  5.37680e-06
 Reference value :  5.37784e-06
 Reference value :  5.37889e-06
 Reference value :  5.37989e-06
 Reference value :  5.38092e-06
 Reference value :  5.38197e-06
 Reference value :  5.38303e-06
 Reference value :  5.38406e-06
 Reference value :  5.38508e-06
 Reference value :  5.38610e-06
 Reference value :  5.38715e-06
 Reference value :  5.38821e-06
 Reference value :  5.38922e-06
 Reference value :  5.39025e-06
 Reference value :  5.39127e-06
 Reference value :  5.39232e-06
 Reference value :  5.39337e-06
 Reference value :  5.39439e-06
 Reference value :  5.39543e-06
 Reference value :  5.39646e-06
 Reference value :  5.39751e-06
 Reference value :  5.39854e-06
 Reference value :  5.39953e-06
 Reference value :  5.40056e-06
 Reference value :  5.40160e-06
 Reference value :  5.40266e-06
 Reference value :  5.40371e-06
 Reference value :  5.40470e-06
 Reference value :  5.40572e-06
 Reference value :  5.40677e-06
 Reference value :  5.40782e-06
 Reference value :  5.40884e-06
 Reference value :  5.40987e-06
 Reference value :  5.41090e-06
 Reference value :  5.41192e-06
 Reference value :  5.41297e-06
 Reference value :  5.41397e-06
 Reference value :  5.41502e-06
 Reference value :  5.41604e-06
 Reference value :  5.41708e-06
 Reference value :  5.41808e-06
 Reference value :  5.41911e-06
 Reference value :  5.42012e-06
 Reference value :  5.42118e-06
 Reference value :  5.42222e-06
 Reference value :  5.42322e-06
 Reference value :  5.42425e-06
 Reference value :  5.42529e-06
 Reference value :  5.42636e-06
 Reference value :  5.42737e-06
 Reference value :  5.42840e-06
 Reference value :  5.42939e-06
 Reference value :  5.43043e-06
 Reference value :  5.43141e-06
 Reference value :  5.43246e-06
 Reference value :  5.43347e-06
 Reference value :  5.43451e-06
 Reference value :  5.43558e-06
 Reference value :  5.43658e-06
 Reference value :  5.43763e-06
 Reference value :  5.43864e-06
 Reference value :  5.43970e-06
 Reference value :  5.44074e-06
 Reference value :  5.44174e-06
 Reference value :  5.44277e-06
 Reference value :  5.44378e-06
 Reference value :  5.44487e-06
 Reference value :  5.44586e-06
 Reference value :  5.44689e-06
 Reference value :  5.44785e-06
 Reference value :  5.44888e-06
 Reference value :  5.44992e-06
 Reference value :  5.45095e-06
 Reference value :  5.45196e-06
 Reference value :  5.45301e-06
 Reference value :  5.45402e-06
 Reference value :  5.45507e-06
 Reference value :  5.45608e-06
 Reference value :  5.45710e-06
 Reference value :  5.45813e-06
 Reference value :  5.45916e-06
 Reference value :  5.46021e-06
 Reference value :  5.46123e-06
 Reference value :  5.46223e-06
 Reference value :  5.46327e-06
 Reference value :  5.46433e-06
 Reference value :  5.46535e-06
 Reference value :  5.46636e-06
 Reference value :  5.46739e-06
 Reference value :  5.46844e-06
 Reference value :  5.46951e-06
 Reference value :  5.47054e-06
 Reference value :  5.47155e-06
 Reference value :  5.47262e-06
 Reference value :  5.47364e-06
 Reference value :  5.47469e-06
 Reference value :  5.47568e-06
 Reference value :  5.47673e-06
 Reference value :  5.47779e-06
 Reference value :  5.47879e-06
 Reference value :  5.47987e-06
 Reference value :  5.48088e-06
 Reference value :  5.48192e-06
 Reference value :  5.48296e-06
 Reference value :  5.48398e-06
 Reference value :  5.48503e-06
 Reference value :  5.48605e-06
 Reference value :  5.48711e-06
 Reference value :  5.48813e-06
 Reference value :  5.48915e-06
 Reference value :  5.49020e-06
 Reference value :  5.49120e-06
 Reference value :  5.49229e-06
 Reference value :  5.49332e-06
 Reference value :  5.49433e-06
 Reference value :  5.49535e-06
 Reference value :  5.49639e-06
 Reference value :  5.49747e-06
 Reference value :  5.49849e-06
 Reference value :  5.49952e-06
 Reference value :  5.50056e-06
 Reference value :  5.50161e-06
 Reference value :  5.50266e-06
 Reference value :  5.50369e-06
 Reference value :  5.50471e-06
 Reference value :  5.50577e-06
 Reference value :  5.50681e-06
 Reference value :  5.50785e-06
 Reference value :  5.50886e-06
 Reference value :  5.50989e-06
 Reference value :  5.51094e-06
 Reference value :  5.51196e-06
 Reference value :  5.51301e-06
 Reference value :  5.51403e-06
 Reference value :  5.51507e-06
 Reference value :  5.51611e-06
 Reference value :  5.51713e-06
 Reference value :  5.51820e-06
 Reference value :  5.51920e-06
 Reference value :  5.52027e-06
 Reference value :  5.52133e-06
 Reference value :  5.52233e-06
 Reference value :  5.52338e-06
 Reference value :  5.52437e-06
 Reference value :  5.52545e-06
 Reference value :  5.52651e-06
 Reference value :  5.52755e-06
 Reference value :  5.52858e-06
 Reference value :  5.52962e-06
 Reference value :  5.53065e-06
 Reference value :  5.53170e-06
 Reference value :  5.53270e-06
 Reference value :  5.53375e-06
 Reference value :  5.53483e-06
 Reference value :  5.53584e-06
 Reference value :  5.53690e-06
 Reference value :  5.53789e-06
 Reference value :  5.53895e-06
 Reference value :  5.53999e-06
 Reference value :  5.54100e-06
 Reference value :  5.54204e-06
 Reference value :  5.54306e-06
 Reference value :  5.54415e-06
 Reference value :  5.54517e-06
 Reference value :  5.54621e-06
 Reference value :  5.54726e-06
 Reference value :  5.54828e-06
 Reference value :  5.54934e-06
 Reference value :  5.55037e-06
 Reference value :  5.55138e-06
 Reference value :  5.55241e-06
 Reference value :  5.55346e-06
 Reference value :  5.55451e-06
 Reference value :  5.55554e-06
 Reference value :  5.55656e-06
 Reference value :  5.55760e-06
 Reference value :  5.55866e-06
 Reference value :  5.55971e-06
 Reference value :  5.56076e-06
 Reference value :  5.56178e-06
 Reference value :  5.56285e-06
 Reference value :  5.56392e-06
 Reference value :  5.56494e-06
 Reference value :  5.56598e-06
 Reference value :  5.56700e-06
 Reference value :  5.56808e-06
 Reference value :  5.56914e-06
 Reference value :  5.57016e-06
 Reference value :  5.57119e-06
 Reference value :  5.57224e-06
 Reference value :  5.57328e-06
 Reference value :  5.57432e-06
 Reference value :  5.57535e-06
 Reference value :  5.57638e-06
 Reference value :  5.57746e-06
 Reference value :  5.57848e-06
 Reference value :  5.57951e-06
 Reference value :  5.58055e-06
 Reference value :  5.58156e-06
 Reference value :  5.58263e-06
 Reference value :  5.58365e-06
 Reference value :  5.58469e-06
 Reference value :  5.58573e-06
 Reference value :  5.58678e-06
 Reference value :  5.58785e-06
 Reference value :  5.58888e-06
 Reference value :  5.58990e-06
 Reference value :  5.59095e-06
 Reference value :  5.59201e-06
 Reference value :  5.59305e-06
 Reference value :  5.59413e-06
 Reference value :  5.59515e-06
 Reference value :  5.59621e-06
 Reference value :  5.59729e-06
 Reference value :  5.59830e-06
 Reference value :  5.59933e-06
 Reference value :  5.60033e-06
 Reference value :  5.60138e-06
 Reference value :  5.60242e-06
 Reference value :  5.60343e-06
 Reference value :  5.60450e-06
 Reference value :  5.60556e-06
 Reference value :  5.60660e-06
 Reference value :  5.60763e-06
 Reference value :  5.60865e-06
 Reference value :  5.60971e-06
 Reference value :  5.61077e-06
 Reference value :  5.61177e-06
 Reference value :  5.61282e-06
 Reference value :  5.61381e-06
 Reference value :  5.61485e-06
 Reference value :  5.61589e-06
 Reference value :  5.61693e-06
 Reference value :  5.61797e-06
 Reference value :  5.61899e-06
 Reference value :  5.62008e-06
 Reference value :  5.62109e-06
 Reference value :  5.62212e-06
 Reference value :  5.62314e-06
 Reference value :  5.62416e-06
 Reference value :  5.62524e-06
 Reference value :  5.62624e-06
 Reference value :  5.62729e-06
 Reference value :  5.62830e-06
 Reference value :  5.62934e-06
 Reference value :  5.63041e-06
 Reference value :  5.63143e-06
 Reference value :  5.63246e-06
 Reference value :  5.63347e-06
 Reference value :  5.63456e-06
 Reference value :  5.63566e-06
 Reference value :  5.63674e-06
 Reference value :  5.63784e-06
 Reference value :  5.63897e-06
 Reference value :  5.64008e-06
 Reference value :  5.64115e-06
 Reference value :  5.64223e-06
 Reference value :  5.64331e-06
 Reference value :  5.64435e-06
 Reference value :  5.64547e-06
 Reference value :  5.64655e-06
 Reference value :  5.64759e-06
 Reference value :  5.64873e-06
 Reference value :  5.64972e-06
 Reference value :  5.65083e-06
 Reference value :  5.65191e-06
 Reference value :  5.65299e-06
 Reference value :  5.65407e-06
 Reference value :  5.65518e-06
 Reference value :  5.65625e-06
 Reference value :  5.65732e-06
 Reference value :  5.65849e-06
 Reference value :  5.65963e-06
 Reference value :  5.66069e-06
 Reference value :  5.66175e-06
 Reference value :  5.66290e-06
 Reference value :  5.66395e-06
 Reference value :  5.66497e-06
 Reference value :  5.66606e-06
 Reference value :  5.66720e-06
 Reference value :  5.66835e-06
 Reference value :  5.66940e-06
 Reference value :  5.67048e-06
 Reference value :  5.67158e-06
 Reference value :  5.67271e-06
 Reference value :  5.67381e-06
 Reference value :  5.67490e-06
 Reference value :  5.67601e-06
 Reference value :  5.67710e-06
 Reference value :  5.67810e-06
 Reference value :  5.67913e-06
 Reference value :  5.68014e-06
 Reference value :  5.68120e-06
 Reference value :  5.68225e-06
 Reference value :  5.68324e-06
 Reference value :  5.68430e-06
 Reference value :  5.68531e-06
 Reference value :  5.68638e-06
 Reference value :  5.68739e-06
 Reference value :  5.68842e-06
 Reference value :  5.68946e-06
 Reference value :  5.69047e-06
 Reference value :  5.69157e-06
 Reference value :  5.69258e-06
 Reference value :  5.69361e-06
 Reference value :  5.69465e-06
 Reference value :  5.69569e-06
 Reference value :  5.69675e-06
 Reference value :  5.69778e-06
 Reference value :  5.69879e-06
 Reference value :  5.69983e-06
 Reference value :  5.70090e-06
 Reference value :  5.70193e-06
 Reference value :  5.70295e-06
 Reference value :  5.70397e-06
 Reference value :  5.70503e-06
 Reference value :  5.70608e-06
 Reference value :  5.70712e-06
 Reference value :  5.70815e-06
 Reference value :  5.70917e-06
 Reference value :  5.71025e-06
 Reference value :  5.71127e-06
 Reference value :  5.71231e-06
 Reference value :  5.71330e-06
 Reference value :  5.71435e-06
 Reference value :  5.71540e-06
 Reference value :  5.71642e-06
 Reference value :  5.71747e-06
 Reference value :  5.71849e-06
 Reference value :  5.71954e-06
 Reference value :  5.72060e-06
 Reference value :  5.72162e-06
 Reference value :  5.72268e-06
 Reference value :  5.72369e-06
 Reference value :  5.72473e-06
 Reference value :  5.72579e-06
 Reference value :  5.72679e-06
 Reference value :  5.72784e-06
 Reference value :  5.72889e-06
 Reference value :  5.72993e-06
 Reference value :  5.73100e-06
 Reference value :  5.73201e-06
 Reference value :  5.73305e-06
 Reference value :  5.73411e-06
 Reference value :  5.73511e-06
 Reference value :  5.73616e-06
 Reference value :  5.73718e-06
 Reference value :  5.73824e-06
 Reference value :  5.73929e-06
 Reference value :  5.74028e-06
 Reference value :  5.74132e-06
 Reference value :  5.74233e-06
 Reference value :  5.74340e-06
 Reference value :  5.74442e-06
 Reference value :  5.74546e-06
 Reference value :  5.74647e-06
 Reference value :  5.74750e-06
 Reference value :  5.74858e-06
 Reference value :  5.74957e-06
 Reference value :  5.75063e-06
 Reference value :  5.75163e-06
 Reference value :  5.75268e-06
 Reference value :  5.75372e-06
 Reference value :  5.75473e-06
 Reference value :  5.75579e-06
 Reference value :  5.75678e-06
 Reference value :  5.75787e-06
 Reference value :  5.75885e-06
 Reference value :  5.75987e-06
 Reference value :  5.76085e-06
 Reference value :  5.76192e-06
 Reference value :  5.76294e-06
 Reference value :  5.76406e-06
 Reference value :  5.76525e-06
 Reference value :  5.76643e-06
 Reference value :  5.76768e-06
 Reference value :  5.76888e-06
 Reference value :  5.77008e-06
 Reference value :  5.77126e-06
 Reference value :  5.77249e-06
 Reference value :  5.77366e-06
 Reference value :  5.77488e-06
 Reference value :  5.77609e-06
 Reference value :  5.77731e-06
 Reference value :  5.77851e-06
 Reference value :  5.77971e-06
 Reference value :  5.78092e-06
 Reference value :  5.78213e-06
 Reference value :  5.78336e-06
 Reference value :  5.78454e-06
 Reference value :  5.78575e-06
 Reference value :  5.78695e-06
 Reference value :  5.78817e-06
 Reference value :  5.78935e-06
 Reference value :  5.79059e-06
 Reference value :  5.79180e-06
 Reference value :  5.79304e-06
 Reference value :  5.79422e-06
 Reference value :  5.79547e-06
 Reference value :  5.79669e-06
 Reference value :  5.79788e-06
 Reference value :  5.79908e-06
 Reference value :  5.80030e-06
 Reference value :  5.80155e-06
 Reference value :  5.80272e-06
 Reference value :  5.80394e-06
 Reference value :  5.80518e-06
 Reference value :  5.80639e-06
 Reference value :  5.80760e-06
 Reference value :  5.80880e-06
 Reference value :  5.81002e-06
 Reference value :  5.81122e-06
 Reference value :  5.81243e-06
 Reference value :  5.81362e-06
 Reference value :  5.81489e-06
 Reference value :  5.81606e-06
 Reference value :  5.81729e-06
 Reference value :  5.81847e-06
 Reference value :  5.81972e-06
 Reference value :  5.82092e-06
 Reference value :  5.82213e-06
 Reference value :  5.82334e-06
 Reference value :  5.82458e-06
 Reference value :  5.82580e-06
 Reference value :  5.82696e-06
 Reference value :  5.82817e-06
 Reference value :  5.82939e-06
 Reference value :  5.83061e-06
 Reference value :  5.83177e-06
 Reference value :  5.83299e-06
 Reference value :  5.83421e-06
 Reference value :  5.83543e-06
 Reference value :  5.83660e-06
 Reference value :  5.83784e-06
 Reference value :  5.83904e-06
 Reference value :  5.84027e-06
 Reference value :  5.84145e-06
 Reference value :  5.84268e-06
 Reference value :  5.84389e-06
 Reference value :  5.84510e-06
 Reference value :  5.84628e-06
 Reference value :  5.84749e-06
 Reference value :  5.84869e-06
 Reference value :  5.84990e-06
 Reference value :  5.85108e-06
 Reference value :  5.85232e-06
 Reference value :  5.85353e-06
 Reference value :  5.85473e-06
 Reference value :  5.85592e-06
 Reference value :  5.85714e-06
 Reference value :  5.85835e-06
 Reference value :  5.85954e-06
 Reference value :  5.86072e-06
 Reference value :  5.86196e-06
 Reference value :  5.86318e-06
 Reference value :  5.86437e-06
 Reference value :  5.86558e-06
 Reference value :  5.86679e-06
 Reference value :  5.86802e-06
 Reference value :  5.86921e-06
 Reference value :  5.87043e-06
 Reference value :  5.87167e-06
 Reference value :  5.87287e-06
 Reference value :  5.87407e-06
 Reference value :  5.87528e-06
 Reference value :  5.87651e-06
 Reference value :  5.87770e-06
 Reference value :  5.87893e-06
 Reference value :  5.88011e-06
 Reference value :  5.88136e-06
 Reference value :  5.88252e-06
 Reference value :  5.88373e-06
 Reference value :  5.88492e-06
 Reference value :  5.88614e-06
 Reference value :  5.88733e-06
 Reference value :  5.88853e-06
 Reference value :  5.88974e-06
 Reference value :  5.89096e-06
 Reference value :  5.89214e-06
 Reference value :  5.89333e-06
 Reference value :  5.89455e-06
 Reference value :  5.89574e-06
 Reference value :  5.89695e-06
 Reference value :  5.89812e-06
 Reference value :  5.89932e-06
 Reference value :  5.90053e-06
 Reference value :  5.90173e-06
 Reference value :  5.90289e-06
 Reference value :  5.90409e-06
 Reference value :  5.90530e-06
 Reference value :  5.90651e-06
 Reference value :  5.90770e-06
 Reference value :  5.90889e-06
 Reference value :  5.91010e-06
 Reference value :  5.91128e-06
 Reference value :  5.91239e-06
 Reference value :  5.91344e-06
 Reference value :  5.91455e-06
 Reference value :  5.91574e-06
 Reference value :  5.91694e-06
 Reference value :  5.91810e-06
 Reference value :  5.91936e-06
 Reference value :  5.92057e-06
 Reference value :  5.92177e-06
 Reference value :  5.92300e-06
 Reference value :  5.92420e-06
 Reference value :  5.92542e-06
No. of Data Rows : 479976
vhold_min           =  1.20000e+00 at=  1.93686e-09
tfirst              =  2.38256e-08
t1                  =  3.79579e-07
t2                  =  3.89064e-07
t3                  =  3.98551e-07
t4                  =  4.08038e-07
t5                  =  4.17523e-07
t6                  =  4.27008e-07
t7                  =  4.36494e-07
t8                  =  4.45979e-07
t9                  =  4.55464e-07
t10                 =  4.64950e-07
t11                 =  4.74435e-07
t12                 =  4.83922e-07
idd_run             =  -3.41358e-04 from=  3.70400e-07 to=  5.92600e-06
vmax                =  1.20683e+00 at=  5.36414e-06
vmin                =  -4.43942e-03 at=  3.48122e-06
Note: Simulation executed from .control section 
Warning: m=xx on .subckt line will override multiplier m hierarchy!

Note: Starting dynamic gmin stepping
Note: Dynamic gmin stepping completed
Error: &v(xdut.vbp): no such variable.
Error: &v(xdut.vbn): no such variable.
Note: Starting dynamic gmin stepping
Note: Dynamic gmin stepping completed
