
Note: Compatibility modes selected: hs a


Circuit: * environment: ripple {'mvpp': 30} code 16

Doing analysis at TEMP = 27.000000 and TNOM = 27.000000

Using SPARSE 1.3 as Direct Linear Solver

Initial Transient Solution
--------------------------

Node                                   Voltage
----                                   -------
vpwr                                     1.185
vn                                      -0.015
code[0]                                      0
code[1]                                      0
code[2]                                      0
code[3]                                      0
code[4]                                  1.185
code[5]                                      0
code[6]                                      0
code[7]                                      0
enable                                   1.185
xdut.vbp                              0.732567
clk_out                              0.0176753
xdut.b1                               0.724415
xdut.s3                               0.610923
xdut.s2                               0.610923
xdut.n_126                             1.08727
xdut.s1                               0.610923
xdut.n_125                             1.08727
xdut.s10                              0.594808
xdut.s6                               0.610923
xdut.s5                               0.610923
xdut.n_128                             1.08727
xdut.s9                               0.611768
xdut.n_133                             1.08731
xdut.s4                               0.610923
xdut.n_129                             1.08727
xdut.s8                               0.610879
xdut.n_132                             1.08727
xdut.s7                               0.610926
xdut.n_130                             1.08727
xdut.n_127                             1.08727
xdut.n_131                             1.08727
xdut.s0                               0.610923
xdut.n_124                             1.08727
xdut.n_71                             0.112754
xdut.n_72                             0.112754
xdut.n_70                             0.112754
xdut.n_77                             0.112754
xdut.n_75                             0.112754
xdut.n_73                             0.112754
xdut.n_67                             0.112687
xdut.n_76                             0.112754
xdut.n_69                             0.112758
xdut.n_74                             0.112754
xdut.n_122                             1.07535
xdut.n_i1005                          0.134025
xdut.n_68                             0.132547
xdut.vbn                              0.350024
ven#branch                        -6.60023e-12
vc7#branch                         3.81582e-12
vc6#branch                         1.90791e-12
vc5#branch                         9.53954e-13
vc4#branch                        -6.34227e-09
vc3#branch                         2.38489e-13
vc2#branch                         1.19244e-13
vc1#branch                         5.96221e-14
vc0#branch                         2.98111e-14
vn#branch                         -7.15668e-05
vdd#branch                        -7.15668e-05

 Reference value :  0.00000e+00
 Reference value :  1.47500e-09
 Reference value :  3.42500e-09
 Reference value :  4.87500e-09
 Reference value :  6.32500e-09
 Reference value :  7.82500e-09
 Reference value :  9.37500e-09
 Reference value :  1.06750e-08
 Reference value :  1.19250e-08
 Reference value :  1.35250e-08
 Reference value :  1.49250e-08
 Reference value :  1.63250e-08
 Reference value :  1.77250e-08
 Reference value :  1.90750e-08
 Reference value :  2.03750e-08
 Reference value :  2.14750e-08
 Reference value :  2.27250e-08
 Reference value :  2.39750e-08
 Reference value :  2.52250e-08
 Reference value :  2.64750e-08
 Reference value :  2.77750e-08
 Reference value :  2.90750e-08
 Reference value :  3.02750e-08
 Reference value :  3.14250e-08
 Reference value :  3.27750e-08
 Reference value :  3.42250e-08
 Reference value :  3.56750e-08
 Reference value :  3.71250e-08
 Reference value :  3.85750e-08
 Reference value :  4.00000e-08
 Reference value :  4.15750e-08
 Reference value :  4.30250e-08
 Reference value :  4.44750e-08
 Reference value :  4.58750e-08
 Reference value :  4.73250e-08
 Reference value :  4.85750e-08
 Reference value :  4.98250e-08
 Reference value :  5.09625e-08
 Reference value :  5.21250e-08
 Reference value :  5.33750e-08
 Reference value :  5.46750e-08
 Reference value :  5.59750e-08
 Reference value :  5.72750e-08
 Reference value :  5.85750e-08
 Reference value :  5.98750e-08
 Reference value :  6.10050e-08
 Reference value :  6.22250e-08
 Reference value :  6.35250e-08
 Reference value :  6.48250e-08
 Reference value :  6.61250e-08
 Reference value :  6.74250e-08
 Reference value :  6.87750e-08
 Reference value :  7.00050e-08
 Reference value :  7.11250e-08
 Reference value :  7.23250e-08
 Reference value :  7.36250e-08
 Reference value :  7.50250e-08
 Reference value :  7.64250e-08
 Reference value :  7.79250e-08
 Reference value :  7.93250e-08
 Reference value :  8.08250e-08
 Reference value :  8.21250e-08
 Reference value :  8.35250e-08
 Reference value :  8.49250e-08
 Reference value :  8.63250e-08
 Reference value :  8.77750e-08
 Reference value :  8.92250e-08
 Reference value :  9.05750e-08
 Reference value :  9.18750e-08
 Reference value :  9.33750e-08
 Reference value :  9.48250e-08
 Reference value :  9.62750e-08
 Reference value :  9.77750e-08
 Reference value :  9.92250e-08
 Reference value :  1.00575e-07
 Reference value :  1.01925e-07
 Reference value :  1.03425e-07
 Reference value :  1.04825e-07
 Reference value :  1.06225e-07
 Reference value :  1.07825e-07
 Reference value :  1.09525e-07
 Reference value :  1.11175e-07
 Reference value :  1.12675e-07
 Reference value :  1.14175e-07
 Reference value :  1.15625e-07
 Reference value :  1.17075e-07
 Reference value :  1.18525e-07
 Reference value :  1.19925e-07
 Reference value :  1.21125e-07
 Reference value :  1.22575e-07
 Reference value :  1.24025e-07
 Reference value :  1.25475e-07
 Reference value :  1.26925e-07
 Reference value :  1.28325e-07
 Reference value :  1.29775e-07
 Reference value :  1.31015e-07
 Reference value :  1.32325e-07
 Reference value :  1.33625e-07
 Reference value :  1.35025e-07
 Reference value :  1.36475e-07
 Reference value :  1.37875e-07
 Reference value :  1.39275e-07
 Reference value :  1.40625e-07
 Reference value :  1.41675e-07
 Reference value :  1.42875e-07
 Reference value :  1.44075e-07
 Reference value :  1.45325e-07
 Reference value :  1.46575e-07
 Reference value :  1.47825e-07
 Reference value :  1.49025e-07
 Reference value :  1.50125e-07
 Reference value :  1.51525e-07
 Reference value :  1.52825e-07
 Reference value :  1.54125e-07
 Reference value :  1.55525e-07
 Reference value :  1.56925e-07
 Reference value :  1.58375e-07
 Reference value :  1.59825e-07
 Reference value :  1.61035e-07
 Reference value :  1.62375e-07
 Reference value :  1.63675e-07
 Reference value :  1.64925e-07
 Reference value :  1.66225e-07
 Reference value :  1.67525e-07
 Reference value :  1.68825e-07
 Reference value :  1.70035e-07
 Reference value :  1.71225e-07
 Reference value :  1.72525e-07
 Reference value :  1.73775e-07
 Reference value :  1.75025e-07
 Reference value :  1.76225e-07
 Reference value :  1.77475e-07
 Reference value :  1.78675e-07
 Reference value :  1.80000e-07
 Reference value :  1.81175e-07
 Reference value :  1.82475e-07
 Reference value :  1.83775e-07
 Reference value :  1.85075e-07
 Reference value :  1.86375e-07
 Reference value :  1.87675e-07
 Reference value :  1.88975e-07
 Reference value :  1.90175e-07
 Reference value :  1.91475e-07
 Reference value :  1.92775e-07
 Reference value :  1.94075e-07
 Reference value :  1.95375e-07
 Reference value :  1.96675e-07
 Reference value :  1.98075e-07
 Reference value :  1.99525e-07
 Reference value :  2.00825e-07
 Reference value :  2.02125e-07
 Reference value :  2.03525e-07
 Reference value :  2.04975e-07
 Reference value :  2.06425e-07
 Reference value :  2.07875e-07
 Reference value :  2.09325e-07
 Reference value :  2.10675e-07
 Reference value :  2.12025e-07
 Reference value :  2.13475e-07
 Reference value :  2.14925e-07
 Reference value :  2.16475e-07
 Reference value :  2.18075e-07
 Reference value :  2.19525e-07
 Reference value :  2.20825e-07
 Reference value :  2.22175e-07
 Reference value :  2.23625e-07
 Reference value :  2.25075e-07
 Reference value :  2.26525e-07
 Reference value :  2.27975e-07
 Reference value :  2.29425e-07
 Reference value :  2.30725e-07
 Reference value :  2.31975e-07
 Reference value :  2.33375e-07
 Reference value :  2.34825e-07
 Reference value :  2.36225e-07
 Reference value :  2.37625e-07
 Reference value :  2.39025e-07
 Reference value :  2.40325e-07
 Reference value :  2.41625e-07
 Reference value :  2.43075e-07
 Reference value :  2.44475e-07
 Reference value :  2.45875e-07
 Reference value :  2.47325e-07
 Reference value :  2.48625e-07
 Reference value :  2.49875e-07
 Reference value :  2.51175e-07
 Reference value :  2.52375e-07
 Reference value :  2.53625e-07
 Reference value :  2.54875e-07
 Reference value :  2.56175e-07
 Reference value :  2.57475e-07
 Reference value :  2.58775e-07
 Reference value :  2.59963e-07
 Reference value :  2.61035e-07
 Reference value :  2.62625e-07
 Reference value :  2.64025e-07
 Reference value :  2.65425e-07
 Reference value :  2.66875e-07
 Reference value :  2.68275e-07
 Reference value :  2.69725e-07
 Reference value :  2.71000e-07
 Reference value :  2.72275e-07
 Reference value :  2.73675e-07
 Reference value :  2.74925e-07
 Reference value :  2.76125e-07
 Reference value :  2.77375e-07
 Reference value :  2.78775e-07
 Reference value :  2.80075e-07
 Reference value :  2.81525e-07
 Reference value :  2.82925e-07
 Reference value :  2.84375e-07
 Reference value :  2.85775e-07
 Reference value :  2.87175e-07
 Reference value :  2.88975e-07
 Reference value :  2.90325e-07
 Reference value :  2.91775e-07
 Reference value :  2.93225e-07
 Reference value :  2.94575e-07
 Reference value :  2.95875e-07
 Reference value :  2.97225e-07
 Reference value :  2.98675e-07
 Reference value :  3.00005e-07
 Reference value :  3.01035e-07
 Reference value :  3.02425e-07
 Reference value :  3.03825e-07
 Reference value :  3.05225e-07
 Reference value :  3.06625e-07
 Reference value :  3.08025e-07
 Reference value :  3.09425e-07
 Reference value :  3.10825e-07
 Reference value :  3.12125e-07
 Reference value :  3.13575e-07
 Reference value :  3.15025e-07
 Reference value :  3.16475e-07
 Reference value :  3.17925e-07
 Reference value :  3.19325e-07
 Reference value :  3.20675e-07
 Reference value :  3.22025e-07
 Reference value :  3.23325e-07
 Reference value :  3.24625e-07
 Reference value :  3.25925e-07
 Reference value :  3.27225e-07
 Reference value :  3.28525e-07
 Reference value :  3.29825e-07
 Reference value :  3.31000e-07
 Reference value :  3.32225e-07
 Reference value :  3.33525e-07
 Reference value :  3.34825e-07
 Reference value :  3.36125e-07
 Reference value :  3.37425e-07
 Reference value :  3.38725e-07
 Reference value :  3.40000e-07
 Reference value :  3.41225e-07
 Reference value :  3.42525e-07
 Reference value :  3.43825e-07
 Reference value :  3.45125e-07
 Reference value :  3.46425e-07
 Reference value :  3.47675e-07
 Reference value :  3.48975e-07
 Reference value :  3.50125e-07
 Reference value :  3.51275e-07
 Reference value :  3.52525e-07
 Reference value :  3.53775e-07
 Reference value :  3.55075e-07
 Reference value :  3.56375e-07
 Reference value :  3.57675e-07
 Reference value :  3.58975e-07
 Reference value :  3.60175e-07
 Reference value :  3.61425e-07
 Reference value :  3.62775e-07
 Reference value :  3.64075e-07
 Reference value :  3.65325e-07
 Reference value :  3.66625e-07
 Reference value :  3.67875e-07
 Reference value :  3.69175e-07
 Reference value :  3.70375e-07
 Reference value :  3.71525e-07
 Reference value :  3.73075e-07
 Reference value :  3.74375e-07
 Reference value :  3.75675e-07
 Reference value :  3.76975e-07
 Reference value :  3.78275e-07
 Reference value :  3.79575e-07
 Reference value :  3.80775e-07
 Reference value :  3.81925e-07
 Reference value :  3.83225e-07
 Reference value :  3.84525e-07
 Reference value :  3.85825e-07
 Reference value :  3.87125e-07
 Reference value :  3.88525e-07
 Reference value :  3.89963e-07
 Reference value :  3.91325e-07
 Reference value :  3.92825e-07
 Reference value :  3.94275e-07
 Reference value :  3.95725e-07
 Reference value :  3.97225e-07
 Reference value :  3.98625e-07
 Reference value :  4.00000e-07
 Reference value :  4.01475e-07
 Reference value :  4.02775e-07
 Reference value :  4.04075e-07
 Reference value :  4.05325e-07
 Reference value :  4.06625e-07
 Reference value :  4.07925e-07
 Reference value :  4.09225e-07
 Reference value :  4.10425e-07
 Reference value :  4.11575e-07
 Reference value :  4.12875e-07
 Reference value :  4.14175e-07
 Reference value :  4.15475e-07
 Reference value :  4.16775e-07
 Reference value :  4.18075e-07
 Reference value :  4.19375e-07
 Reference value :  4.20475e-07
 Reference value :  4.21675e-07
 Reference value :  4.22875e-07
 Reference value :  4.24125e-07
 Reference value :  4.25375e-07
 Reference value :  4.26625e-07
 Reference value :  4.27875e-07
 Reference value :  4.29175e-07
 Reference value :  4.30375e-07
 Reference value :  4.31725e-07
 Reference value :  4.33025e-07
 Reference value :  4.34275e-07
 Reference value :  4.35525e-07
 Reference value :  4.36775e-07
 Reference value :  4.38025e-07
 Reference value :  4.39275e-07
 Reference value :  4.40425e-07
 Reference value :  4.41575e-07
 Reference value :  4.42875e-07
 Reference value :  4.44175e-07
 Reference value :  4.45475e-07
 Reference value :  4.46775e-07
 Reference value :  4.48075e-07
 Reference value :  4.49375e-07
 Reference value :  4.50725e-07
 Reference value :  4.51975e-07
 Reference value :  4.53275e-07
 Reference value :  4.54575e-07
 Reference value :  4.55925e-07
 Reference value :  4.57225e-07
 Reference value :  4.58575e-07
 Reference value :  4.59925e-07
 Reference value :  4.61035e-07
 Reference value :  4.62375e-07
 Reference value :  4.63675e-07
 Reference value :  4.64975e-07
 Reference value :  4.66275e-07
 Reference value :  4.67575e-07
 Reference value :  4.68875e-07
 Reference value :  4.70075e-07
 Reference value :  4.71275e-07
 Reference value :  4.72575e-07
 Reference value :  4.73875e-07
 Reference value :  4.75175e-07
 Reference value :  4.76475e-07
 Reference value :  4.77775e-07
 Reference value :  4.79075e-07
 Reference value :  4.80325e-07
 Reference value :  4.81575e-07
 Reference value :  4.82825e-07
 Reference value :  4.84075e-07
 Reference value :  4.85325e-07
 Reference value :  4.86625e-07
 Reference value :  4.87925e-07
 Reference value :  4.89225e-07
 Reference value :  4.90425e-07
 Reference value :  4.91625e-07
 Reference value :  4.92925e-07
 Reference value :  4.94225e-07
 Reference value :  4.95525e-07
 Reference value :  4.96825e-07
 Reference value :  4.98075e-07
 Reference value :  4.99325e-07
 Reference value :  5.00475e-07
 Reference value :  5.01625e-07
 Reference value :  5.02925e-07
 Reference value :  5.04175e-07
 Reference value :  5.05475e-07
 Reference value :  5.06775e-07
 Reference value :  5.08075e-07
 Reference value :  5.09325e-07
 Reference value :  5.10675e-07
 Reference value :  5.11975e-07
 Reference value :  5.13225e-07
 Reference value :  5.14525e-07
 Reference value :  5.15825e-07
 Reference value :  5.17075e-07
 Reference value :  5.18375e-07
 Reference value :  5.19675e-07
 Reference value :  5.20875e-07
 Reference value :  5.22025e-07
 Reference value :  5.23325e-07
 Reference value :  5.24625e-07
 Reference value :  5.25925e-07
 Reference value :  5.27225e-07
 Reference value :  5.28525e-07
 Reference value :  5.29825e-07
 Reference value :  5.31035e-07
 Reference value :  5.32575e-07
 Reference value :  5.34025e-07
 Reference value :  5.35475e-07
 Reference value :  5.36925e-07
 Reference value :  5.38375e-07
 Reference value :  5.39825e-07
 Reference value :  5.41125e-07
 Reference value :  5.42525e-07
 Reference value :  5.43975e-07
 Reference value :  5.45425e-07
 Reference value :  5.46875e-07
 Reference value :  5.48325e-07
 Reference value :  5.49775e-07
 Reference value :  5.51015e-07
 Reference value :  5.52475e-07
 Reference value :  5.53925e-07
 Reference value :  5.55375e-07
 Reference value :  5.56825e-07
 Reference value :  5.58275e-07
 Reference value :  5.59725e-07
 Reference value :  5.61015e-07
 Reference value :  5.62475e-07
 Reference value :  5.63925e-07
 Reference value :  5.65375e-07
 Reference value :  5.66875e-07
 Reference value :  5.68525e-07
 Reference value :  5.69963e-07
 Reference value :  5.71175e-07
 Reference value :  5.72625e-07
 Reference value :  5.74075e-07
 Reference value :  5.75575e-07
 Reference value :  5.77025e-07
 Reference value :  5.78375e-07
 Reference value :  5.79675e-07
 Reference value :  5.80875e-07
 Reference value :  5.82075e-07
 Reference value :  5.83375e-07
 Reference value :  5.84675e-07
 Reference value :  5.86125e-07
 Reference value :  5.87575e-07
 Reference value :  5.89025e-07
 Reference value :  5.90375e-07
 Reference value :  5.91925e-07
 Reference value :  5.93475e-07
 Reference value :  5.95025e-07
 Reference value :  5.96525e-07
 Reference value :  5.97925e-07
 Reference value :  5.99375e-07
 Reference value :  6.00725e-07
 Reference value :  6.02125e-07
 Reference value :  6.03575e-07
 Reference value :  6.05025e-07
 Reference value :  6.06475e-07
 Reference value :  6.07925e-07
 Reference value :  6.09375e-07
 Reference value :  6.10725e-07
 Reference value :  6.12075e-07
 Reference value :  6.13525e-07
 Reference value :  6.14975e-07
 Reference value :  6.16425e-07
 Reference value :  6.17875e-07
 Reference value :  6.19325e-07
 Reference value :  6.20775e-07
 Reference value :  6.22425e-07
 Reference value :  6.23875e-07
 Reference value :  6.25425e-07
 Reference value :  6.26875e-07
 Reference value :  6.28325e-07
 Reference value :  6.29775e-07
 Reference value :  6.31035e-07
 Reference value :  6.32475e-07
 Reference value :  6.33925e-07
 Reference value :  6.35525e-07
 Reference value :  6.36975e-07
 Reference value :  6.38375e-07
 Reference value :  6.39775e-07
 Reference value :  6.41005e-07
 Reference value :  6.42275e-07
 Reference value :  6.43675e-07
 Reference value :  6.45075e-07
 Reference value :  6.46275e-07
 Reference value :  6.47525e-07
 Reference value :  6.48775e-07
 Reference value :  6.50000e-07
 Reference value :  6.51375e-07
 Reference value :  6.52625e-07
 Reference value :  6.53875e-07
 Reference value :  6.55225e-07
 Reference value :  6.56675e-07
 Reference value :  6.58075e-07
 Reference value :  6.59375e-07
 Reference value :  6.60575e-07
 Reference value :  6.61725e-07
 Reference value :  6.63025e-07
 Reference value :  6.64325e-07
 Reference value :  6.65625e-07
 Reference value :  6.66925e-07
 Reference value :  6.68225e-07
 Reference value :  6.69525e-07
 Reference value :  6.70725e-07
 Reference value :  6.71925e-07
 Reference value :  6.73225e-07
 Reference value :  6.74525e-07
 Reference value :  6.75825e-07
 Reference value :  6.77175e-07
 Reference value :  6.78475e-07
 Reference value :  6.79775e-07
 Reference value :  6.80963e-07
 Reference value :  6.82125e-07
 Reference value :  6.83425e-07
 Reference value :  6.84725e-07
 Reference value :  6.86025e-07
 Reference value :  6.87325e-07
 Reference value :  6.88625e-07
 Reference value :  6.89875e-07
 Reference value :  6.90963e-07
 Reference value :  6.92125e-07
 Reference value :  6.93425e-07
 Reference value :  6.94675e-07
 Reference value :  6.95975e-07
 Reference value :  6.97275e-07
 Reference value :  6.98625e-07
 Reference value :  6.99925e-07
 Reference value :  7.01015e-07
 Reference value :  7.02275e-07
 Reference value :  7.03525e-07
 Reference value :  7.04775e-07
 Reference value :  7.05975e-07
 Reference value :  7.07225e-07
 Reference value :  7.08475e-07
 Reference value :  7.09775e-07
 Reference value :  7.10962e-07
 Reference value :  7.12175e-07
 Reference value :  7.13475e-07
 Reference value :  7.14775e-07
 Reference value :  7.16075e-07
 Reference value :  7.17375e-07
 Reference value :  7.18675e-07
 Reference value :  7.19963e-07
 Reference value :  7.21035e-07
 Reference value :  7.22325e-07
 Reference value :  7.23625e-07
 Reference value :  7.24925e-07
 Reference value :  7.26225e-07
 Reference value :  7.27525e-07
 Reference value :  7.28825e-07
 Reference value :  7.30035e-07
 Reference value :  7.31225e-07
 Reference value :  7.32775e-07
 Reference value :  7.34075e-07
 Reference value :  7.35375e-07
 Reference value :  7.36675e-07
 Reference value :  7.37925e-07
 Reference value :  7.39225e-07
 Reference value :  7.40375e-07
 Reference value :  7.41675e-07
 Reference value :  7.43175e-07
 Reference value :  7.44625e-07
 Reference value :  7.46075e-07
 Reference value :  7.47525e-07
 Reference value :  7.48775e-07
 Reference value :  7.49963e-07
 Reference value :  7.51015e-07
 Reference value :  7.52225e-07
 Reference value :  7.53475e-07
 Reference value :  7.54725e-07
 Reference value :  7.56025e-07
 Reference value :  7.57325e-07
 Reference value :  7.58625e-07
 Reference value :  7.59925e-07
 Reference value :  7.61175e-07
 Reference value :  7.62425e-07
 Reference value :  7.63725e-07
 Reference value :  7.65025e-07
 Reference value :  7.66275e-07
 Reference value :  7.67575e-07
 Reference value :  7.68875e-07
 Reference value :  7.70075e-07
 Reference value :  7.71275e-07
 Reference value :  7.72575e-07
 Reference value :  7.73875e-07
 Reference value :  7.75175e-07
 Reference value :  7.76475e-07
 Reference value :  7.77775e-07
 Reference value :  7.79075e-07
 Reference value :  7.80275e-07
 Reference value :  7.81475e-07
 Reference value :  7.82775e-07
 Reference value :  7.84075e-07
 Reference value :  7.85375e-07
 Reference value :  7.86675e-07
 Reference value :  7.88025e-07
 Reference value :  7.89325e-07
 Reference value :  7.90525e-07
 Reference value :  7.91725e-07
 Reference value :  7.93025e-07
 Reference value :  7.94325e-07
 Reference value :  7.95625e-07
 Reference value :  7.96975e-07
 Reference value :  7.98275e-07
 Reference value :  7.99625e-07
 Reference value :  8.00963e-07
 Reference value :  8.02275e-07
 Reference value :  8.03725e-07
 Reference value :  8.05175e-07
 Reference value :  8.06625e-07
 Reference value :  8.08075e-07
 Reference value :  8.09525e-07
 Reference value :  8.10875e-07
 Reference value :  8.12225e-07
 Reference value :  8.13675e-07
 Reference value :  8.15125e-07
 Reference value :  8.16575e-07
 Reference value :  8.18025e-07
 Reference value :  8.19475e-07
 Reference value :  8.20825e-07
 Reference value :  8.22175e-07
 Reference value :  8.23625e-07
 Reference value :  8.25025e-07
 Reference value :  8.26425e-07
 Reference value :  8.27875e-07
 Reference value :  8.29325e-07
 Reference value :  8.30675e-07
 Reference value :  8.31975e-07
 Reference value :  8.33425e-07
 Reference value :  8.34875e-07
 Reference value :  8.36325e-07
 Reference value :  8.37825e-07
 Reference value :  8.39375e-07
 Reference value :  8.40725e-07
 Reference value :  8.42025e-07
 Reference value :  8.43525e-07
 Reference value :  8.44925e-07
 Reference value :  8.46375e-07
 Reference value :  8.47775e-07
 Reference value :  8.49225e-07
 Reference value :  8.50575e-07
 Reference value :  8.52225e-07
 Reference value :  8.53725e-07
 Reference value :  8.55125e-07
 Reference value :  8.56525e-07
 Reference value :  8.57925e-07
 Reference value :  8.59375e-07
 Reference value :  8.60725e-07
 Reference value :  8.62125e-07
 Reference value :  8.63575e-07
 Reference value :  8.65025e-07
 Reference value :  8.66475e-07
 Reference value :  8.67875e-07
 Reference value :  8.69225e-07
 Reference value :  8.70675e-07
 Reference value :  8.72025e-07
 Reference value :  8.73425e-07
 Reference value :  8.74825e-07
 Reference value :  8.76225e-07
 Reference value :  8.77625e-07
 Reference value :  8.79075e-07
 Reference value :  8.80325e-07
 Reference value :  8.81625e-07
 Reference value :  8.83075e-07
 Reference value :  8.84525e-07
 Reference value :  8.85975e-07
 Reference value :  8.87375e-07
 Reference value :  8.88775e-07
 Reference value :  8.90075e-07
 Reference value :  8.91375e-07
 Reference value :  8.92725e-07
 Reference value :  8.93975e-07
 Reference value :  8.95225e-07
 Reference value :  8.96525e-07
 Reference value :  8.97825e-07
 Reference value :  8.99175e-07
 Reference value :  9.00525e-07
 Reference value :  9.01875e-07
 Reference value :  9.03325e-07
 Reference value :  9.04775e-07
 Reference value :  9.06225e-07
 Reference value :  9.07675e-07
 Reference value :  9.09125e-07
 Reference value :  9.10575e-07
 Reference value :  9.12025e-07
 Reference value :  9.13475e-07
 Reference value :  9.14975e-07
 Reference value :  9.16425e-07
 Reference value :  9.17875e-07
 Reference value :  9.19225e-07
 Reference value :  9.20575e-07
 Reference value :  9.21875e-07
 Reference value :  9.23325e-07
 Reference value :  9.24775e-07
 Reference value :  9.26225e-07
 Reference value :  9.27675e-07
 Reference value :  9.29125e-07
 Reference value :  9.30525e-07
 Reference value :  9.31925e-07
 Reference value :  9.33375e-07
 Reference value :  9.34875e-07
 Reference value :  9.36325e-07
 Reference value :  9.37775e-07
 Reference value :  9.39175e-07
 Reference value :  9.40525e-07
 Reference value :  9.41975e-07
 Reference value :  9.43425e-07
 Reference value :  9.44875e-07
 Reference value :  9.46325e-07
 Reference value :  9.47775e-07
 Reference value :  9.49175e-07
 Reference value :  9.50475e-07
 Reference value :  9.51775e-07
 Reference value :  9.53225e-07
 Reference value :  9.54725e-07
 Reference value :  9.56175e-07
 Reference value :  9.57625e-07
 Reference value :  9.58925e-07
 Reference value :  9.60125e-07
 Reference value :  9.61275e-07
 Reference value :  9.62575e-07
 Reference value :  9.63875e-07
 Reference value :  9.65125e-07
 Reference value :  9.66425e-07
 Reference value :  9.67725e-07
 Reference value :  9.69025e-07
 Reference value :  9.70325e-07
 Reference value :  9.71525e-07
 Reference value :  9.72825e-07
 Reference value :  9.74125e-07
 Reference value :  9.75425e-07
 Reference value :  9.76725e-07
 Reference value :  9.78025e-07
 Reference value :  9.79325e-07
 Reference value :  9.80475e-07
 Reference value :  9.81825e-07
 Reference value :  9.83125e-07
 Reference value :  9.84425e-07
 Reference value :  9.85875e-07
 Reference value :  9.87275e-07
 Reference value :  9.88675e-07
 Reference value :  9.90015e-07
 Reference value :  9.91275e-07
 Reference value :  9.92675e-07
 Reference value :  9.94075e-07
 Reference value :  9.95475e-07
 Reference value :  9.96875e-07
 Reference value :  9.98225e-07
 Reference value :  9.99675e-07
 Reference value :  1.00103e-06
 Reference value :  1.00247e-06
 Reference value :  1.00392e-06
 Reference value :  1.00537e-06
 Reference value :  1.00682e-06
 Reference value :  1.00827e-06
 Reference value :  1.00977e-06
 Reference value :  1.01107e-06
 Reference value :  1.01252e-06
 Reference value :  1.01397e-06
 Reference value :  1.01537e-06
 Reference value :  1.01682e-06
 Reference value :  1.01832e-06
 Reference value :  1.01977e-06
 Reference value :  1.02108e-06
 Reference value :  1.02257e-06
 Reference value :  1.02407e-06
 Reference value :  1.02557e-06
 Reference value :  1.02702e-06
 Reference value :  1.02852e-06
 Reference value :  1.02996e-06
 Reference value :  1.03122e-06
 Reference value :  1.03267e-06
 Reference value :  1.03412e-06
 Reference value :  1.03587e-06
 Reference value :  1.03757e-06
 Reference value :  1.03902e-06
 Reference value :  1.04032e-06
 Reference value :  1.04162e-06
 Reference value :  1.04297e-06
 Reference value :  1.04432e-06
 Reference value :  1.04577e-06
 Reference value :  1.04722e-06
 Reference value :  1.04867e-06
 Reference value :  1.05003e-06
 Reference value :  1.05147e-06
 Reference value :  1.05287e-06
 Reference value :  1.05417e-06
 Reference value :  1.05547e-06
 Reference value :  1.05677e-06
 Reference value :  1.05807e-06
 Reference value :  1.05937e-06
 Reference value :  1.06057e-06
 Reference value :  1.06172e-06
 Reference value :  1.06302e-06
 Reference value :  1.06437e-06
 Reference value :  1.06567e-06
 Reference value :  1.06697e-06
 Reference value :  1.06827e-06
 Reference value :  1.06952e-06
 Reference value :  1.07072e-06
 Reference value :  1.07187e-06
 Reference value :  1.07317e-06
 Reference value :  1.07447e-06
 Reference value :  1.07577e-06
 Reference value :  1.07707e-06
 Reference value :  1.07837e-06
 Reference value :  1.07967e-06
 Reference value :  1.08092e-06
 Reference value :  1.08212e-06
 Reference value :  1.08342e-06
 Reference value :  1.08472e-06
 Reference value :  1.08602e-06
 Reference value :  1.08732e-06
 Reference value :  1.08867e-06
 Reference value :  1.09000e-06
 Reference value :  1.09112e-06
 Reference value :  1.09272e-06
 Reference value :  1.09397e-06
 Reference value :  1.09527e-06
 Reference value :  1.09657e-06
 Reference value :  1.09787e-06
 Reference value :  1.09917e-06
 Reference value :  1.10037e-06
 Reference value :  1.10157e-06
 Reference value :  1.10287e-06
 Reference value :  1.10417e-06
 Reference value :  1.10547e-06
 Reference value :  1.10677e-06
 Reference value :  1.10807e-06
 Reference value :  1.10937e-06
 Reference value :  1.11072e-06
 Reference value :  1.11202e-06
 Reference value :  1.11332e-06
 Reference value :  1.11462e-06
 Reference value :  1.11592e-06
 Reference value :  1.11722e-06
 Reference value :  1.11852e-06
 Reference value :  1.11987e-06
 Reference value :  1.12113e-06
 Reference value :  1.12242e-06
 Reference value :  1.12367e-06
 Reference value :  1.12487e-06
 Reference value :  1.12612e-06
 Reference value :  1.12737e-06
 Reference value :  1.12857e-06
 Reference value :  1.12977e-06
 Reference value :  1.13092e-06
 Reference value :  1.13202e-06
 Reference value :  1.13327e-06
 Reference value :  1.13452e-06
 Reference value :  1.13582e-06
 Reference value :  1.13712e-06
 Reference value :  1.13847e-06
 Reference value :  1.13992e-06
 Reference value :  1.14132e-06
 Reference value :  1.14277e-06
 Reference value :  1.14422e-06
 Reference value :  1.14562e-06
 Reference value :  1.14697e-06
 Reference value :  1.14842e-06
 Reference value :  1.14987e-06
 Reference value :  1.15127e-06
 Reference value :  1.15277e-06
 Reference value :  1.15422e-06
 Reference value :  1.15567e-06
 Reference value :  1.15712e-06
 Reference value :  1.15857e-06
 Reference value :  1.15996e-06
 Reference value :  1.16117e-06
 Reference value :  1.16262e-06
 Reference value :  1.16407e-06
 Reference value :  1.16552e-06
 Reference value :  1.16697e-06
 Reference value :  1.16842e-06
 Reference value :  1.16987e-06
 Reference value :  1.17117e-06
 Reference value :  1.17257e-06
 Reference value :  1.17382e-06
 Reference value :  1.17512e-06
 Reference value :  1.17627e-06
 Reference value :  1.17747e-06
 Reference value :  1.17867e-06
 Reference value :  1.17987e-06
 Reference value :  1.18100e-06
 Reference value :  1.18212e-06
 Reference value :  1.18342e-06
 Reference value :  1.18462e-06
 Reference value :  1.18582e-06
 Reference value :  1.18707e-06
 Reference value :  1.18827e-06
 Reference value :  1.18957e-06
 Reference value :  1.19087e-06
 Reference value :  1.19217e-06
 Reference value :  1.19347e-06
 Reference value :  1.19472e-06
 Reference value :  1.19607e-06
 Reference value :  1.19737e-06
 Reference value :  1.19862e-06
 Reference value :  1.19992e-06
 Reference value :  1.20107e-06
 Reference value :  1.20237e-06
 Reference value :  1.20367e-06
 Reference value :  1.20507e-06
 Reference value :  1.20652e-06
 Reference value :  1.20797e-06
 Reference value :  1.20937e-06
 Reference value :  1.21072e-06
 Reference value :  1.21202e-06
 Reference value :  1.21347e-06
 Reference value :  1.21492e-06
 Reference value :  1.21637e-06
 Reference value :  1.21777e-06
 Reference value :  1.21917e-06
 Reference value :  1.22047e-06
 Reference value :  1.22177e-06
 Reference value :  1.22322e-06
 Reference value :  1.22467e-06
 Reference value :  1.22612e-06
 Reference value :  1.22757e-06
 Reference value :  1.22902e-06
 Reference value :  1.23052e-06
 Reference value :  1.23192e-06
 Reference value :  1.23337e-06
 Reference value :  1.23482e-06
 Reference value :  1.23622e-06
 Reference value :  1.23767e-06
 Reference value :  1.23912e-06
 Reference value :  1.24042e-06
 Reference value :  1.24172e-06
 Reference value :  1.24312e-06
 Reference value :  1.24452e-06
 Reference value :  1.24592e-06
 Reference value :  1.24732e-06
 Reference value :  1.24872e-06
 Reference value :  1.25003e-06
 Reference value :  1.25147e-06
 Reference value :  1.25292e-06
 Reference value :  1.25432e-06
 Reference value :  1.25577e-06
 Reference value :  1.25722e-06
 Reference value :  1.25867e-06
 Reference value :  1.26001e-06
 Reference value :  1.26132e-06
 Reference value :  1.26277e-06
 Reference value :  1.26417e-06
 Reference value :  1.26562e-06
 Reference value :  1.26707e-06
 Reference value :  1.26847e-06
 Reference value :  1.26992e-06
 Reference value :  1.27112e-06
 Reference value :  1.27257e-06
 Reference value :  1.27402e-06
 Reference value :  1.27547e-06
 Reference value :  1.27692e-06
 Reference value :  1.27837e-06
 Reference value :  1.27982e-06
 Reference value :  1.28102e-06
 Reference value :  1.28242e-06
 Reference value :  1.28382e-06
 Reference value :  1.28522e-06
 Reference value :  1.28672e-06
 Reference value :  1.28817e-06
 Reference value :  1.28962e-06
 Reference value :  1.29087e-06
 Reference value :  1.29212e-06
 Reference value :  1.29352e-06
 Reference value :  1.29492e-06
 Reference value :  1.29632e-06
 Reference value :  1.29772e-06
 Reference value :  1.29917e-06
 Reference value :  1.30047e-06
 Reference value :  1.30177e-06
 Reference value :  1.30322e-06
 Reference value :  1.30467e-06
 Reference value :  1.30612e-06
 Reference value :  1.30757e-06
 Reference value :  1.30897e-06
 Reference value :  1.31042e-06
 Reference value :  1.31187e-06
 Reference value :  1.31332e-06
 Reference value :  1.31482e-06
 Reference value :  1.31637e-06
 Reference value :  1.31782e-06
 Reference value :  1.31922e-06
 Reference value :  1.32057e-06
 Reference value :  1.32192e-06
 Reference value :  1.32342e-06
 Reference value :  1.32482e-06
 Reference value :  1.32622e-06
 Reference value :  1.32767e-06
 Reference value :  1.32907e-06
 Reference value :  1.33037e-06
 Reference value :  1.33182e-06
 Reference value :  1.33337e-06
 Reference value :  1.33477e-06
 Reference value :  1.33617e-06
 Reference value :  1.33757e-06
 Reference value :  1.33897e-06
 Reference value :  1.34022e-06
 Reference value :  1.34172e-06
 Reference value :  1.34312e-06
 Reference value :  1.34452e-06
 Reference value :  1.34592e-06
 Reference value :  1.34732e-06
 Reference value :  1.34872e-06
 Reference value :  1.35003e-06
 Reference value :  1.35127e-06
 Reference value :  1.35267e-06
 Reference value :  1.35407e-06
 Reference value :  1.35542e-06
 Reference value :  1.35682e-06
 Reference value :  1.35822e-06
 Reference value :  1.35962e-06
 Reference value :  1.36092e-06
 Reference value :  1.36222e-06
 Reference value :  1.36362e-06
 Reference value :  1.36502e-06
 Reference value :  1.36637e-06
 Reference value :  1.36777e-06
 Reference value :  1.36917e-06
 Reference value :  1.37072e-06
 Reference value :  1.37217e-06
 Reference value :  1.37357e-06
 Reference value :  1.37502e-06
 Reference value :  1.37647e-06
 Reference value :  1.37792e-06
 Reference value :  1.37937e-06
 Reference value :  1.38067e-06
 Reference value :  1.38197e-06
 Reference value :  1.38342e-06
 Reference value :  1.38487e-06
 Reference value :  1.38632e-06
 Reference value :  1.38777e-06
 Reference value :  1.38922e-06
 Reference value :  1.39057e-06
 Reference value :  1.39192e-06
 Reference value :  1.39332e-06
 Reference value :  1.39472e-06
 Reference value :  1.39617e-06
 Reference value :  1.39767e-06
 Reference value :  1.39912e-06
 Reference value :  1.40047e-06
 Reference value :  1.40177e-06
 Reference value :  1.40317e-06
 Reference value :  1.40462e-06
 Reference value :  1.40607e-06
 Reference value :  1.40752e-06
 Reference value :  1.40892e-06
 Reference value :  1.41027e-06
 Reference value :  1.41162e-06
 Reference value :  1.41307e-06
 Reference value :  1.41447e-06
 Reference value :  1.41592e-06
 Reference value :  1.41737e-06
 Reference value :  1.41882e-06
 Reference value :  1.42017e-06
 Reference value :  1.42152e-06
 Reference value :  1.42297e-06
 Reference value :  1.42442e-06
 Reference value :  1.42587e-06
 Reference value :  1.42732e-06
 Reference value :  1.42872e-06
 Reference value :  1.43001e-06
 Reference value :  1.43122e-06
 Reference value :  1.43262e-06
 Reference value :  1.43407e-06
 Reference value :  1.43547e-06
 Reference value :  1.43687e-06
 Reference value :  1.43827e-06
 Reference value :  1.43972e-06
 Reference value :  1.44100e-06
 Reference value :  1.44232e-06
 Reference value :  1.44372e-06
 Reference value :  1.44517e-06
 Reference value :  1.44657e-06
 Reference value :  1.44802e-06
 Reference value :  1.44942e-06
 Reference value :  1.45067e-06
 Reference value :  1.45232e-06
 Reference value :  1.45377e-06
 Reference value :  1.45517e-06
 Reference value :  1.45662e-06
 Reference value :  1.45797e-06
 Reference value :  1.45937e-06
 Reference value :  1.46077e-06
 Reference value :  1.46212e-06
 Reference value :  1.46357e-06
 Reference value :  1.46502e-06
 Reference value :  1.46642e-06
 Reference value :  1.46787e-06
 Reference value :  1.46932e-06
 Reference value :  1.47067e-06
 Reference value :  1.47202e-06
 Reference value :  1.47347e-06
 Reference value :  1.47492e-06
 Reference value :  1.47637e-06
 Reference value :  1.47782e-06
 Reference value :  1.47927e-06
 Reference value :  1.48072e-06
 Reference value :  1.48212e-06
 Reference value :  1.48357e-06
 Reference value :  1.48497e-06
 Reference value :  1.48677e-06
 Reference value :  1.48822e-06
 Reference value :  1.48967e-06
 Reference value :  1.49096e-06
 Reference value :  1.49242e-06
 Reference value :  1.49407e-06
 Reference value :  1.49557e-06
 Reference value :  1.49702e-06
 Reference value :  1.49837e-06
 Reference value :  1.49967e-06
 Reference value :  1.50087e-06
 Reference value :  1.50197e-06
 Reference value :  1.50342e-06
 Reference value :  1.50492e-06
 Reference value :  1.50637e-06
 Reference value :  1.50782e-06
 Reference value :  1.50917e-06
 Reference value :  1.51037e-06
 Reference value :  1.51152e-06
 Reference value :  1.51277e-06
 Reference value :  1.51402e-06
 Reference value :  1.51527e-06
 Reference value :  1.51647e-06
 Reference value :  1.51767e-06
 Reference value :  1.51892e-06
 Reference value :  1.52008e-06
 Reference value :  1.52117e-06
 Reference value :  1.52242e-06
 Reference value :  1.52367e-06
 Reference value :  1.52492e-06
 Reference value :  1.52617e-06
 Reference value :  1.52747e-06
 Reference value :  1.52877e-06
 Reference value :  1.53000e-06
 Reference value :  1.53103e-06
 Reference value :  1.53232e-06
 Reference value :  1.53352e-06
 Reference value :  1.53477e-06
 Reference value :  1.53602e-06
 Reference value :  1.53727e-06
 Reference value :  1.53847e-06
 Reference value :  1.53987e-06
 Reference value :  1.54113e-06
 Reference value :  1.54252e-06
 Reference value :  1.54407e-06
 Reference value :  1.54552e-06
 Reference value :  1.54697e-06
 Reference value :  1.54842e-06
 Reference value :  1.54987e-06
 Reference value :  1.55108e-06
 Reference value :  1.55252e-06
 Reference value :  1.55402e-06
 Reference value :  1.55542e-06
 Reference value :  1.55687e-06
 Reference value :  1.55827e-06
 Reference value :  1.55967e-06
 Reference value :  1.56104e-06
 Reference value :  1.56297e-06
 Reference value :  1.56437e-06
 Reference value :  1.56577e-06
 Reference value :  1.56722e-06
 Reference value :  1.56857e-06
 Reference value :  1.56987e-06
 Reference value :  1.57108e-06
 Reference value :  1.57227e-06
 Reference value :  1.57347e-06
 Reference value :  1.57472e-06
 Reference value :  1.57597e-06
 Reference value :  1.57722e-06
 Reference value :  1.57847e-06
 Reference value :  1.57972e-06
 Reference value :  1.58087e-06
 Reference value :  1.58202e-06
 Reference value :  1.58342e-06
 Reference value :  1.58482e-06
 Reference value :  1.58617e-06
 Reference value :  1.58757e-06
 Reference value :  1.58897e-06
 Reference value :  1.59032e-06
 Reference value :  1.59177e-06
 Reference value :  1.59317e-06
 Reference value :  1.59457e-06
 Reference value :  1.59597e-06
 Reference value :  1.59737e-06
 Reference value :  1.59877e-06
 Reference value :  1.60004e-06
 Reference value :  1.60142e-06
 Reference value :  1.60282e-06
 Reference value :  1.60422e-06
 Reference value :  1.60562e-06
 Reference value :  1.60722e-06
 Reference value :  1.60857e-06
 Reference value :  1.60996e-06
 Reference value :  1.61112e-06
 Reference value :  1.61267e-06
 Reference value :  1.61432e-06
 Reference value :  1.61582e-06
 Reference value :  1.61722e-06
 Reference value :  1.61867e-06
 Reference value :  1.62001e-06
 Reference value :  1.62132e-06
 Reference value :  1.62287e-06
 Reference value :  1.62442e-06
 Reference value :  1.62587e-06
 Reference value :  1.62732e-06
 Reference value :  1.62877e-06
 Reference value :  1.63017e-06
 Reference value :  1.63152e-06
 Reference value :  1.63297e-06
 Reference value :  1.63442e-06
 Reference value :  1.63587e-06
 Reference value :  1.63727e-06
 Reference value :  1.63852e-06
 Reference value :  1.63972e-06
 Reference value :  1.64082e-06
 Reference value :  1.64207e-06
 Reference value :  1.64352e-06
 Reference value :  1.64497e-06
 Reference value :  1.64642e-06
 Reference value :  1.64782e-06
 Reference value :  1.64922e-06
 Reference value :  1.65052e-06
 Reference value :  1.65192e-06
 Reference value :  1.65357e-06
 Reference value :  1.65512e-06
 Reference value :  1.65657e-06
 Reference value :  1.65792e-06
 Reference value :  1.65927e-06
 Reference value :  1.66072e-06
 Reference value :  1.66202e-06
 Reference value :  1.66342e-06
 Reference value :  1.66482e-06
 Reference value :  1.66622e-06
 Reference value :  1.66767e-06
 Reference value :  1.66907e-06
 Reference value :  1.67037e-06
 Reference value :  1.67167e-06
 Reference value :  1.67322e-06
 Reference value :  1.67462e-06
 Reference value :  1.67597e-06
 Reference value :  1.67737e-06
 Reference value :  1.67867e-06
 Reference value :  1.68001e-06
 Reference value :  1.68127e-06
 Reference value :  1.68267e-06
 Reference value :  1.68407e-06
 Reference value :  1.68552e-06
 Reference value :  1.68697e-06
 Reference value :  1.68837e-06
 Reference value :  1.68982e-06
 Reference value :  1.69103e-06
 Reference value :  1.69247e-06
 Reference value :  1.69392e-06
 Reference value :  1.69532e-06
 Reference value :  1.69672e-06
 Reference value :  1.69812e-06
 Reference value :  1.69952e-06
 Reference value :  1.70092e-06
 Reference value :  1.70227e-06
 Reference value :  1.70367e-06
 Reference value :  1.70507e-06
 Reference value :  1.70647e-06
 Reference value :  1.70787e-06
 Reference value :  1.70927e-06
 Reference value :  1.71062e-06
 Reference value :  1.71192e-06
 Reference value :  1.71337e-06
 Reference value :  1.71477e-06
 Reference value :  1.71617e-06
 Reference value :  1.71767e-06
 Reference value :  1.71912e-06
 Reference value :  1.72047e-06
 Reference value :  1.72172e-06
 Reference value :  1.72317e-06
 Reference value :  1.72457e-06
 Reference value :  1.72602e-06
 Reference value :  1.72747e-06
 Reference value :  1.72897e-06
 Reference value :  1.73032e-06
 Reference value :  1.73167e-06
 Reference value :  1.73312e-06
 Reference value :  1.73457e-06
 Reference value :  1.73602e-06
 Reference value :  1.73747e-06
 Reference value :  1.73892e-06
 Reference value :  1.74022e-06
 Reference value :  1.74162e-06
 Reference value :  1.74307e-06
 Reference value :  1.74452e-06
 Reference value :  1.74597e-06
 Reference value :  1.74742e-06
 Reference value :  1.74887e-06
 Reference value :  1.75022e-06
 Reference value :  1.75157e-06
 Reference value :  1.75302e-06
 Reference value :  1.75447e-06
 Reference value :  1.75592e-06
 Reference value :  1.75732e-06
 Reference value :  1.75872e-06
 Reference value :  1.76008e-06
 Reference value :  1.76132e-06
 Reference value :  1.76272e-06
 Reference value :  1.76412e-06
 Reference value :  1.76552e-06
 Reference value :  1.76692e-06
 Reference value :  1.76832e-06
 Reference value :  1.76972e-06
 Reference value :  1.77117e-06
 Reference value :  1.77267e-06
 Reference value :  1.77422e-06
 Reference value :  1.77582e-06
 Reference value :  1.77727e-06
 Reference value :  1.77872e-06
 Reference value :  1.78004e-06
 Reference value :  1.78132e-06
 Reference value :  1.78287e-06
 Reference value :  1.78432e-06
 Reference value :  1.78572e-06
 Reference value :  1.78717e-06
 Reference value :  1.78862e-06
 Reference value :  1.79000e-06
 Reference value :  1.79127e-06
 Reference value :  1.79272e-06
 Reference value :  1.79412e-06
 Reference value :  1.79552e-06
 Reference value :  1.79682e-06
 Reference value :  1.79807e-06
 Reference value :  1.79937e-06
 Reference value :  1.80072e-06
 Reference value :  1.80187e-06
 Reference value :  1.80317e-06
 Reference value :  1.80447e-06
 Reference value :  1.80577e-06
 Reference value :  1.80707e-06
 Reference value :  1.80837e-06
 Reference value :  1.80967e-06
 Reference value :  1.81096e-06
 Reference value :  1.81227e-06
 Reference value :  1.81352e-06
 Reference value :  1.81477e-06
 Reference value :  1.81607e-06
 Reference value :  1.81732e-06
 Reference value :  1.81857e-06
 Reference value :  1.81982e-06
 Reference value :  1.82096e-06
 Reference value :  1.82212e-06
 Reference value :  1.82337e-06
 Reference value :  1.82462e-06
 Reference value :  1.82587e-06
 Reference value :  1.82707e-06
 Reference value :  1.82827e-06
 Reference value :  1.82952e-06
 Reference value :  1.83082e-06
 Reference value :  1.83197e-06
 Reference value :  1.83322e-06
 Reference value :  1.83452e-06
 Reference value :  1.83572e-06
 Reference value :  1.83707e-06
 Reference value :  1.83837e-06
 Reference value :  1.83972e-06
 Reference value :  1.84100e-06
 Reference value :  1.84222e-06
 Reference value :  1.84352e-06
 Reference value :  1.84482e-06
 Reference value :  1.84617e-06
 Reference value :  1.84747e-06
 Reference value :  1.84882e-06
 Reference value :  1.85007e-06
 Reference value :  1.85127e-06
 Reference value :  1.85262e-06
 Reference value :  1.85392e-06
 Reference value :  1.85522e-06
 Reference value :  1.85652e-06
 Reference value :  1.85777e-06
 Reference value :  1.85897e-06
 Reference value :  1.86012e-06
 Reference value :  1.86127e-06
 Reference value :  1.86252e-06
 Reference value :  1.86382e-06
 Reference value :  1.86512e-06
 Reference value :  1.86642e-06
 Reference value :  1.86772e-06
 Reference value :  1.86912e-06
 Reference value :  1.87042e-06
 Reference value :  1.87172e-06
 Reference value :  1.87312e-06
 Reference value :  1.87447e-06
 Reference value :  1.87587e-06
 Reference value :  1.87727e-06
 Reference value :  1.87872e-06
 Reference value :  1.88007e-06
 Reference value :  1.88137e-06
 Reference value :  1.88282e-06
 Reference value :  1.88427e-06
 Reference value :  1.88567e-06
 Reference value :  1.88707e-06
 Reference value :  1.88847e-06
 Reference value :  1.88987e-06
 Reference value :  1.89107e-06
 Reference value :  1.89247e-06
 Reference value :  1.89387e-06
 Reference value :  1.89532e-06
 Reference value :  1.89672e-06
 Reference value :  1.89807e-06
 Reference value :  1.89947e-06
 Reference value :  1.90067e-06
 Reference value :  1.90192e-06
 Reference value :  1.90332e-06
 Reference value :  1.90467e-06
 Reference value :  1.90612e-06
 Reference value :  1.90767e-06
 Reference value :  1.90907e-06
 Reference value :  1.91038e-06
 Reference value :  1.91178e-06
 Reference value :  1.91308e-06
 Reference value :  1.91433e-06
 Reference value :  1.91553e-06
 Reference value :  1.91673e-06
 Reference value :  1.91798e-06
 Reference value :  1.91923e-06
 Reference value :  1.92043e-06
 Reference value :  1.92158e-06
 Reference value :  1.92298e-06
 Reference value :  1.92428e-06
 Reference value :  1.92558e-06
 Reference value :  1.92688e-06
 Reference value :  1.92813e-06
 Reference value :  1.92938e-06
 Reference value :  1.93053e-06
 Reference value :  1.93168e-06
 Reference value :  1.93298e-06
 Reference value :  1.93428e-06
 Reference value :  1.93558e-06
 Reference value :  1.93688e-06
 Reference value :  1.93818e-06
 Reference value :  1.93943e-06
 Reference value :  1.94063e-06
 Reference value :  1.94193e-06
 Reference value :  1.94333e-06
 Reference value :  1.94478e-06
 Reference value :  1.94648e-06
 Reference value :  1.94803e-06
 Reference value :  1.94978e-06
 Reference value :  1.95123e-06
 Reference value :  1.95263e-06
 Reference value :  1.95418e-06
 Reference value :  1.95573e-06
 Reference value :  1.95718e-06
 Reference value :  1.95858e-06
 Reference value :  1.95996e-06
 Reference value :  1.96117e-06
 Reference value :  1.96258e-06
 Reference value :  1.96388e-06
 Reference value :  1.96518e-06
 Reference value :  1.96648e-06
 Reference value :  1.96778e-06
 Reference value :  1.96908e-06
 Reference value :  1.97038e-06
 Reference value :  1.97173e-06
 Reference value :  1.97303e-06
 Reference value :  1.97433e-06
 Reference value :  1.97558e-06
 Reference value :  1.97683e-06
 Reference value :  1.97808e-06
 Reference value :  1.97938e-06
 Reference value :  1.98053e-06
 Reference value :  1.98173e-06
 Reference value :  1.98313e-06
 Reference value :  1.98443e-06
 Reference value :  1.98573e-06
 Reference value :  1.98703e-06
 Reference value :  1.98828e-06
 Reference value :  1.98953e-06
 Reference value :  1.99068e-06
 Reference value :  1.99183e-06
 Reference value :  1.99318e-06
 Reference value :  1.99448e-06
 Reference value :  1.99578e-06
 Reference value :  1.99708e-06
 Reference value :  1.99838e-06
 Reference value :  1.99968e-06
 Reference value :  2.00096e-06
 Reference value :  2.00213e-06
 Reference value :  2.00343e-06
 Reference value :  2.00473e-06
 Reference value :  2.00608e-06
 Reference value :  2.00738e-06
 Reference value :  2.00868e-06
 Reference value :  2.00996e-06
 Reference value :  2.01103e-06
 Reference value :  2.01233e-06
 Reference value :  2.01358e-06
 Reference value :  2.01488e-06
 Reference value :  2.01618e-06
 Reference value :  2.01748e-06
 Reference value :  2.01878e-06
 Reference value :  2.02000e-06
 Reference value :  2.02113e-06
 Reference value :  2.02243e-06
 Reference value :  2.02373e-06
 Reference value :  2.02503e-06
 Reference value :  2.02633e-06
 Reference value :  2.02763e-06
 Reference value :  2.02883e-06
 Reference value :  2.03001e-06
 Reference value :  2.03128e-06
 Reference value :  2.03273e-06
 Reference value :  2.03423e-06
 Reference value :  2.03568e-06
 Reference value :  2.03713e-06
 Reference value :  2.03858e-06
 Reference value :  2.04000e-06
 Reference value :  2.04107e-06
 Reference value :  2.04238e-06
 Reference value :  2.04368e-06
 Reference value :  2.04498e-06
 Reference value :  2.04628e-06
 Reference value :  2.04758e-06
 Reference value :  2.04888e-06
 Reference value :  2.05007e-06
 Reference value :  2.05122e-06
 Reference value :  2.05253e-06
 Reference value :  2.05383e-06
 Reference value :  2.05513e-06
 Reference value :  2.05643e-06
 Reference value :  2.05773e-06
 Reference value :  2.05903e-06
 Reference value :  2.06027e-06
 Reference value :  2.06173e-06
 Reference value :  2.06308e-06
 Reference value :  2.06438e-06
 Reference value :  2.06563e-06
 Reference value :  2.06693e-06
 Reference value :  2.06823e-06
 Reference value :  2.06953e-06
 Reference value :  2.07073e-06
 Reference value :  2.07193e-06
 Reference value :  2.07323e-06
 Reference value :  2.07453e-06
 Reference value :  2.07583e-06
 Reference value :  2.07713e-06
 Reference value :  2.07843e-06
 Reference value :  2.07973e-06
 Reference value :  2.08093e-06
 Reference value :  2.08218e-06
 Reference value :  2.08348e-06
 Reference value :  2.08478e-06
 Reference value :  2.08608e-06
 Reference value :  2.08738e-06
 Reference value :  2.08868e-06
 Reference value :  2.08996e-06
 Reference value :  2.09138e-06
 Reference value :  2.09268e-06
 Reference value :  2.09398e-06
 Reference value :  2.09528e-06
 Reference value :  2.09658e-06
 Reference value :  2.09788e-06
 Reference value :  2.09923e-06
 Reference value :  2.10038e-06
 Reference value :  2.10168e-06
 Reference value :  2.10308e-06
 Reference value :  2.10448e-06
 Reference value :  2.10593e-06
 Reference value :  2.10738e-06
 Reference value :  2.10883e-06
 Reference value :  2.11012e-06
 Reference value :  2.11158e-06
 Reference value :  2.11313e-06
 Reference value :  2.11458e-06
 Reference value :  2.11623e-06
 Reference value :  2.11768e-06
 Reference value :  2.11913e-06
 Reference value :  2.12048e-06
 Reference value :  2.12183e-06
 Reference value :  2.12328e-06
 Reference value :  2.12473e-06
 Reference value :  2.12623e-06
 Reference value :  2.12768e-06
 Reference value :  2.12923e-06
 Reference value :  2.13058e-06
 Reference value :  2.13188e-06
 Reference value :  2.13333e-06
 Reference value :  2.13478e-06
 Reference value :  2.13618e-06
 Reference value :  2.13758e-06
 Reference value :  2.13898e-06
 Reference value :  2.14028e-06
 Reference value :  2.14193e-06
 Reference value :  2.14358e-06
 Reference value :  2.14498e-06
 Reference value :  2.14638e-06
 Reference value :  2.14788e-06
 Reference value :  2.14928e-06
 Reference value :  2.15058e-06
 Reference value :  2.15188e-06
 Reference value :  2.15328e-06
 Reference value :  2.15473e-06
 Reference value :  2.15618e-06
 Reference value :  2.15763e-06
 Reference value :  2.15908e-06
 Reference value :  2.16043e-06
 Reference value :  2.16178e-06
 Reference value :  2.16338e-06
 Reference value :  2.16483e-06
 Reference value :  2.16648e-06
 Reference value :  2.16788e-06
 Reference value :  2.16928e-06
 Reference value :  2.17073e-06
 Reference value :  2.17218e-06
 Reference value :  2.17358e-06
 Reference value :  2.17498e-06
 Reference value :  2.17643e-06
 Reference value :  2.17783e-06
 Reference value :  2.17928e-06
 Reference value :  2.18063e-06
 Reference value :  2.18193e-06
 Reference value :  2.18338e-06
 Reference value :  2.18483e-06
 Reference value :  2.18628e-06
 Reference value :  2.18773e-06
 Reference value :  2.18913e-06
 Reference value :  2.19043e-06
 Reference value :  2.19168e-06
 Reference value :  2.19318e-06
 Reference value :  2.19458e-06
 Reference value :  2.19598e-06
 Reference value :  2.19738e-06
 Reference value :  2.19883e-06
 Reference value :  2.20022e-06
 Reference value :  2.20163e-06
 Reference value :  2.20308e-06
 Reference value :  2.20448e-06
 Reference value :  2.20593e-06
 Reference value :  2.20738e-06
 Reference value :  2.20883e-06
 Reference value :  2.21017e-06
 Reference value :  2.21148e-06
 Reference value :  2.21288e-06
 Reference value :  2.21428e-06
 Reference value :  2.21573e-06
 Reference value :  2.21718e-06
 Reference value :  2.21868e-06
 Reference value :  2.22001e-06
 Reference value :  2.22133e-06
 Reference value :  2.22278e-06
 Reference value :  2.22423e-06
 Reference value :  2.22568e-06
 Reference value :  2.22713e-06
 Reference value :  2.22858e-06
 Reference value :  2.23000e-06
 Reference value :  2.23122e-06
 Reference value :  2.23263e-06
 Reference value :  2.23408e-06
 Reference value :  2.23553e-06
 Reference value :  2.23698e-06
 Reference value :  2.23843e-06
 Reference value :  2.23973e-06
 Reference value :  2.24088e-06
 Reference value :  2.24208e-06
 Reference value :  2.24338e-06
 Reference value :  2.24468e-06
 Reference value :  2.24598e-06
 Reference value :  2.24728e-06
 Reference value :  2.24858e-06
 Reference value :  2.24988e-06
 Reference value :  2.25104e-06
 Reference value :  2.25238e-06
 Reference value :  2.25368e-06
 Reference value :  2.25498e-06
 Reference value :  2.25628e-06
 Reference value :  2.25758e-06
 Reference value :  2.25888e-06
 Reference value :  2.26003e-06
 Reference value :  2.26112e-06
 Reference value :  2.26243e-06
 Reference value :  2.26373e-06
 Reference value :  2.26503e-06
 Reference value :  2.26633e-06
 Reference value :  2.26763e-06
 Reference value :  2.26893e-06
 Reference value :  2.27012e-06
 Reference value :  2.27133e-06
 Reference value :  2.27248e-06
 Reference value :  2.27373e-06
 Reference value :  2.27503e-06
 Reference value :  2.27628e-06
 Reference value :  2.27748e-06
 Reference value :  2.27868e-06
 Reference value :  2.27988e-06
 Reference value :  2.28100e-06
 Reference value :  2.28233e-06
 Reference value :  2.28353e-06
 Reference value :  2.28473e-06
 Reference value :  2.28593e-06
 Reference value :  2.28713e-06
 Reference value :  2.28853e-06
 Reference value :  2.28993e-06
 Reference value :  2.29123e-06
 Reference value :  2.29263e-06
 Reference value :  2.29408e-06
 Reference value :  2.29553e-06
 Reference value :  2.29698e-06
 Reference value :  2.29843e-06
 Reference value :  2.29988e-06
 Reference value :  2.30107e-06
 Reference value :  2.30253e-06
 Reference value :  2.30393e-06
 Reference value :  2.30528e-06
 Reference value :  2.30673e-06
 Reference value :  2.30818e-06
 Reference value :  2.30963e-06
 Reference value :  2.31112e-06
 Reference value :  2.31258e-06
 Reference value :  2.31403e-06
 Reference value :  2.31543e-06
 Reference value :  2.31688e-06
 Reference value :  2.31833e-06
 Reference value :  2.31978e-06
 Reference value :  2.32118e-06
 Reference value :  2.32263e-06
 Reference value :  2.32408e-06
 Reference value :  2.32553e-06
 Reference value :  2.32698e-06
 Reference value :  2.32843e-06
 Reference value :  2.32988e-06
 Reference value :  2.33104e-06
 Reference value :  2.33243e-06
 Reference value :  2.33378e-06
 Reference value :  2.33508e-06
 Reference value :  2.33633e-06
 Reference value :  2.33758e-06
 Reference value :  2.33883e-06
 Reference value :  2.34007e-06
 Reference value :  2.34138e-06
 Reference value :  2.34273e-06
 Reference value :  2.34418e-06
 Reference value :  2.34558e-06
 Reference value :  2.34698e-06
 Reference value :  2.34853e-06
 Reference value :  2.34996e-06
 Reference value :  2.35123e-06
 Reference value :  2.35268e-06
 Reference value :  2.35413e-06
 Reference value :  2.35553e-06
 Reference value :  2.35698e-06
 Reference value :  2.35843e-06
 Reference value :  2.35988e-06
 Reference value :  2.36103e-06
 Reference value :  2.36238e-06
 Reference value :  2.36368e-06
 Reference value :  2.36498e-06
 Reference value :  2.36628e-06
 Reference value :  2.36758e-06
 Reference value :  2.36888e-06
 Reference value :  2.37007e-06
 Reference value :  2.37122e-06
 Reference value :  2.37243e-06
 Reference value :  2.37363e-06
 Reference value :  2.37488e-06
 Reference value :  2.37613e-06
 Reference value :  2.37743e-06
 Reference value :  2.37873e-06
 Reference value :  2.38000e-06
 Reference value :  2.38113e-06
 Reference value :  2.38243e-06
 Reference value :  2.38363e-06
 Reference value :  2.38483e-06
 Reference value :  2.38603e-06
 Reference value :  2.38723e-06
 Reference value :  2.38843e-06
 Reference value :  2.38968e-06
 Reference value :  2.39083e-06
 Reference value :  2.39193e-06
 Reference value :  2.39343e-06
 Reference value :  2.39473e-06
 Reference value :  2.39603e-06
 Reference value :  2.39733e-06
 Reference value :  2.39858e-06
 Reference value :  2.39983e-06
 Reference value :  2.40096e-06
 Reference value :  2.40208e-06
 Reference value :  2.40333e-06
 Reference value :  2.40458e-06
 Reference value :  2.40588e-06
 Reference value :  2.40718e-06
 Reference value :  2.40848e-06
 Reference value :  2.40978e-06
 Reference value :  2.41096e-06
 Reference value :  2.41213e-06
 Reference value :  2.41333e-06
 Reference value :  2.41458e-06
 Reference value :  2.41583e-06
 Reference value :  2.41713e-06
 Reference value :  2.41838e-06
 Reference value :  2.41968e-06
 Reference value :  2.42107e-06
 Reference value :  2.42238e-06
 Reference value :  2.42368e-06
 Reference value :  2.42493e-06
 Reference value :  2.42623e-06
 Reference value :  2.42753e-06
 Reference value :  2.42883e-06
 Reference value :  2.43003e-06
 Reference value :  2.43123e-06
 Reference value :  2.43248e-06
 Reference value :  2.43378e-06
 Reference value :  2.43508e-06
 Reference value :  2.43638e-06
 Reference value :  2.43768e-06
 Reference value :  2.43893e-06
 Reference value :  2.44017e-06
 Reference value :  2.44158e-06
 Reference value :  2.44303e-06
 Reference value :  2.44448e-06
 Reference value :  2.44593e-06
 Reference value :  2.44738e-06
 Reference value :  2.44888e-06
 Reference value :  2.45022e-06
 Reference value :  2.45153e-06
 Reference value :  2.45298e-06
 Reference value :  2.45438e-06
 Reference value :  2.45578e-06
 Reference value :  2.45708e-06
 Reference value :  2.45838e-06
 Reference value :  2.45968e-06
 Reference value :  2.46100e-06
 Reference value :  2.46223e-06
 Reference value :  2.46353e-06
 Reference value :  2.46483e-06
 Reference value :  2.46613e-06
 Reference value :  2.46748e-06
 Reference value :  2.46873e-06
 Reference value :  2.46996e-06
 Reference value :  2.47118e-06
 Reference value :  2.47268e-06
 Reference value :  2.47413e-06
 Reference value :  2.47558e-06
 Reference value :  2.47703e-06
 Reference value :  2.47848e-06
 Reference value :  2.47993e-06
 Reference value :  2.48118e-06
 Reference value :  2.48263e-06
 Reference value :  2.48403e-06
 Reference value :  2.48543e-06
 Reference value :  2.48688e-06
 Reference value :  2.48828e-06
 Reference value :  2.48968e-06
 Reference value :  2.49107e-06
 Reference value :  2.49253e-06
 Reference value :  2.49393e-06
 Reference value :  2.49538e-06
 Reference value :  2.49683e-06
 Reference value :  2.49823e-06
 Reference value :  2.49948e-06
 Reference value :  2.50063e-06
 Reference value :  2.50178e-06
 Reference value :  2.50298e-06
 Reference value :  2.50428e-06
 Reference value :  2.50558e-06
 Reference value :  2.50688e-06
 Reference value :  2.50818e-06
 Reference value :  2.50948e-06
 Reference value :  2.51063e-06
 Reference value :  2.51178e-06
 Reference value :  2.51303e-06
 Reference value :  2.51423e-06
 Reference value :  2.51548e-06
 Reference value :  2.51673e-06
 Reference value :  2.51798e-06
 Reference value :  2.51923e-06
 Reference value :  2.52048e-06
 Reference value :  2.52158e-06
 Reference value :  2.52288e-06
 Reference value :  2.52418e-06
 Reference value :  2.52543e-06
 Reference value :  2.52668e-06
 Reference value :  2.52788e-06
 Reference value :  2.52908e-06
 Reference value :  2.53022e-06
 Reference value :  2.53163e-06
 Reference value :  2.53293e-06
 Reference value :  2.53423e-06
 Reference value :  2.53553e-06
 Reference value :  2.53683e-06
 Reference value :  2.53813e-06
 Reference value :  2.53943e-06
 Reference value :  2.54063e-06
 Reference value :  2.54178e-06
 Reference value :  2.54303e-06
 Reference value :  2.54433e-06
 Reference value :  2.54563e-06
 Reference value :  2.54693e-06
 Reference value :  2.54823e-06
 Reference value :  2.54953e-06
 Reference value :  2.55073e-06
 Reference value :  2.55188e-06
 Reference value :  2.55318e-06
 Reference value :  2.55448e-06
 Reference value :  2.55578e-06
 Reference value :  2.55708e-06
 Reference value :  2.55838e-06
 Reference value :  2.55968e-06
 Reference value :  2.56088e-06
 Reference value :  2.56208e-06
 Reference value :  2.56338e-06
 Reference value :  2.56463e-06
 Reference value :  2.56593e-06
 Reference value :  2.56723e-06
 Reference value :  2.56853e-06
 Reference value :  2.56983e-06
 Reference value :  2.57103e-06
 Reference value :  2.57233e-06
 Reference value :  2.57363e-06
 Reference value :  2.57508e-06
 Reference value :  2.57648e-06
 Reference value :  2.57788e-06
 Reference value :  2.57948e-06
 Reference value :  2.58083e-06
 Reference value :  2.58213e-06
 Reference value :  2.58353e-06
 Reference value :  2.58493e-06
 Reference value :  2.58638e-06
 Reference value :  2.58783e-06
 Reference value :  2.58928e-06
 Reference value :  2.59063e-06
 Reference value :  2.59198e-06
 Reference value :  2.59343e-06
 Reference value :  2.59488e-06
 Reference value :  2.59628e-06
 Reference value :  2.59768e-06
 Reference value :  2.59913e-06
 Reference value :  2.60048e-06
 Reference value :  2.60183e-06
 Reference value :  2.60328e-06
 Reference value :  2.60473e-06
 Reference value :  2.60613e-06
 Reference value :  2.60753e-06
 Reference value :  2.60893e-06
 Reference value :  2.61007e-06
 Reference value :  2.61123e-06
 Reference value :  2.61253e-06
 Reference value :  2.61383e-06
 Reference value :  2.61518e-06
 Reference value :  2.61653e-06
 Reference value :  2.61788e-06
 Reference value :  2.61918e-06
 Reference value :  2.62038e-06
 Reference value :  2.62158e-06
 Reference value :  2.62288e-06
 Reference value :  2.62423e-06
 Reference value :  2.62553e-06
 Reference value :  2.62683e-06
 Reference value :  2.62813e-06
 Reference value :  2.62943e-06
 Reference value :  2.63088e-06
 Reference value :  2.63208e-06
 Reference value :  2.63338e-06
 Reference value :  2.63468e-06
 Reference value :  2.63598e-06
 Reference value :  2.63728e-06
 Reference value :  2.63858e-06
 Reference value :  2.63988e-06
 Reference value :  2.64101e-06
 Reference value :  2.64243e-06
 Reference value :  2.64373e-06
 Reference value :  2.64498e-06
 Reference value :  2.64628e-06
 Reference value :  2.64753e-06
 Reference value :  2.64883e-06
 Reference value :  2.65001e-06
 Reference value :  2.65112e-06
 Reference value :  2.65243e-06
 Reference value :  2.65373e-06
 Reference value :  2.65503e-06
 Reference value :  2.65633e-06
 Reference value :  2.65763e-06
 Reference value :  2.65883e-06
 Reference value :  2.66000e-06
 Reference value :  2.66112e-06
 Reference value :  2.66233e-06
 Reference value :  2.66358e-06
 Reference value :  2.66488e-06
 Reference value :  2.66618e-06
 Reference value :  2.66748e-06
 Reference value :  2.66878e-06
 Reference value :  2.67003e-06
 Reference value :  2.67133e-06
 Reference value :  2.67258e-06
 Reference value :  2.67378e-06
 Reference value :  2.67498e-06
 Reference value :  2.67623e-06
 Reference value :  2.67748e-06
 Reference value :  2.67868e-06
 Reference value :  2.67993e-06
 Reference value :  2.68101e-06
 Reference value :  2.68228e-06
 Reference value :  2.68353e-06
 Reference value :  2.68483e-06
 Reference value :  2.68613e-06
 Reference value :  2.68748e-06
 Reference value :  2.68878e-06
 Reference value :  2.69012e-06
 Reference value :  2.69148e-06
 Reference value :  2.69293e-06
 Reference value :  2.69438e-06
 Reference value :  2.69583e-06
 Reference value :  2.69728e-06
 Reference value :  2.69873e-06
 Reference value :  2.70003e-06
 Reference value :  2.70133e-06
 Reference value :  2.70288e-06
 Reference value :  2.70438e-06
 Reference value :  2.70583e-06
 Reference value :  2.70728e-06
 Reference value :  2.70868e-06
 Reference value :  2.71001e-06
 Reference value :  2.71133e-06
 Reference value :  2.71283e-06
 Reference value :  2.71428e-06
 Reference value :  2.71568e-06
 Reference value :  2.71723e-06
 Reference value :  2.71868e-06
 Reference value :  2.72001e-06
 Reference value :  2.72143e-06
 Reference value :  2.72288e-06
 Reference value :  2.72433e-06
 Reference value :  2.72578e-06
 Reference value :  2.72718e-06
 Reference value :  2.72863e-06
 Reference value :  2.72996e-06
 Reference value :  2.73113e-06
 Reference value :  2.73253e-06
 Reference value :  2.73398e-06
 Reference value :  2.73538e-06
 Reference value :  2.73678e-06
 Reference value :  2.73818e-06
 Reference value :  2.73963e-06
 Reference value :  2.74096e-06
 Reference value :  2.74233e-06
 Reference value :  2.74378e-06
 Reference value :  2.74523e-06
 Reference value :  2.74668e-06
 Reference value :  2.74813e-06
 Reference value :  2.74953e-06
 Reference value :  2.75083e-06
 Reference value :  2.75218e-06
 Reference value :  2.75373e-06
 Reference value :  2.75513e-06
 Reference value :  2.75653e-06
 Reference value :  2.75798e-06
 Reference value :  2.75938e-06
 Reference value :  2.76073e-06
 Reference value :  2.76198e-06
 Reference value :  2.76348e-06
 Reference value :  2.76488e-06
 Reference value :  2.76633e-06
 Reference value :  2.76778e-06
 Reference value :  2.76923e-06
 Reference value :  2.77058e-06
 Reference value :  2.77208e-06
 Reference value :  2.77353e-06
 Reference value :  2.77498e-06
 Reference value :  2.77643e-06
 Reference value :  2.77788e-06
 Reference value :  2.77933e-06
 Reference value :  2.78093e-06
 Reference value :  2.78223e-06
 Reference value :  2.78363e-06
 Reference value :  2.78503e-06
 Reference value :  2.78643e-06
 Reference value :  2.78788e-06
 Reference value :  2.78953e-06
 Reference value :  2.79088e-06
 Reference value :  2.79218e-06
 Reference value :  2.79363e-06
 Reference value :  2.79508e-06
 Reference value :  2.79653e-06
 Reference value :  2.79783e-06
 Reference value :  2.79928e-06
 Reference value :  2.80063e-06
 Reference value :  2.80203e-06
 Reference value :  2.80348e-06
 Reference value :  2.80493e-06
 Reference value :  2.80638e-06
 Reference value :  2.80783e-06
 Reference value :  2.80923e-06
 Reference value :  2.81058e-06
 Reference value :  2.81198e-06
 Reference value :  2.81338e-06
 Reference value :  2.81478e-06
 Reference value :  2.81628e-06
 Reference value :  2.81773e-06
 Reference value :  2.81918e-06
 Reference value :  2.82043e-06
 Reference value :  2.82173e-06
 Reference value :  2.82318e-06
 Reference value :  2.82463e-06
 Reference value :  2.82608e-06
 Reference value :  2.82753e-06
 Reference value :  2.82898e-06
 Reference value :  2.83038e-06
 Reference value :  2.83193e-06
 Reference value :  2.83333e-06
 Reference value :  2.83478e-06
 Reference value :  2.83628e-06
 Reference value :  2.83773e-06
 Reference value :  2.83913e-06
 Reference value :  2.84053e-06
 Reference value :  2.84178e-06
 Reference value :  2.84323e-06
 Reference value :  2.84463e-06
 Reference value :  2.84608e-06
 Reference value :  2.84753e-06
 Reference value :  2.84898e-06
 Reference value :  2.85033e-06
 Reference value :  2.85163e-06
 Reference value :  2.85308e-06
 Reference value :  2.85453e-06
 Reference value :  2.85618e-06
 Reference value :  2.85763e-06
 Reference value :  2.85903e-06
 Reference value :  2.86033e-06
 Reference value :  2.86158e-06
 Reference value :  2.86288e-06
 Reference value :  2.86418e-06
 Reference value :  2.86548e-06
 Reference value :  2.86678e-06
 Reference value :  2.86813e-06
 Reference value :  2.86943e-06
 Reference value :  2.87063e-06
 Reference value :  2.87178e-06
 Reference value :  2.87303e-06
 Reference value :  2.87428e-06
 Reference value :  2.87553e-06
 Reference value :  2.87683e-06
 Reference value :  2.87813e-06
 Reference value :  2.87943e-06
 Reference value :  2.88063e-06
 Reference value :  2.88183e-06
 Reference value :  2.88318e-06
 Reference value :  2.88443e-06
 Reference value :  2.88573e-06
 Reference value :  2.88703e-06
 Reference value :  2.88833e-06
 Reference value :  2.88963e-06
 Reference value :  2.89103e-06
 Reference value :  2.89243e-06
 Reference value :  2.89378e-06
 Reference value :  2.89508e-06
 Reference value :  2.89638e-06
 Reference value :  2.89768e-06
 Reference value :  2.89893e-06
 Reference value :  2.90007e-06
 Reference value :  2.90123e-06
 Reference value :  2.90248e-06
 Reference value :  2.90378e-06
 Reference value :  2.90508e-06
 Reference value :  2.90638e-06
 Reference value :  2.90768e-06
 Reference value :  2.90898e-06
 Reference value :  2.91018e-06
 Reference value :  2.91148e-06
 Reference value :  2.91283e-06
 Reference value :  2.91413e-06
 Reference value :  2.91543e-06
 Reference value :  2.91668e-06
 Reference value :  2.91798e-06
 Reference value :  2.91953e-06
 Reference value :  2.92096e-06
 Reference value :  2.92233e-06
 Reference value :  2.92378e-06
 Reference value :  2.92528e-06
 Reference value :  2.92673e-06
 Reference value :  2.92828e-06
 Reference value :  2.92973e-06
 Reference value :  2.93101e-06
 Reference value :  2.93243e-06
 Reference value :  2.93383e-06
 Reference value :  2.93523e-06
 Reference value :  2.93668e-06
 Reference value :  2.93808e-06
 Reference value :  2.93948e-06
 Reference value :  2.94078e-06
 Reference value :  2.94203e-06
 Reference value :  2.94343e-06
 Reference value :  2.94483e-06
 Reference value :  2.94623e-06
 Reference value :  2.94768e-06
 Reference value :  2.94913e-06
 Reference value :  2.95048e-06
 Reference value :  2.95178e-06
 Reference value :  2.95323e-06
 Reference value :  2.95468e-06
 Reference value :  2.95613e-06
 Reference value :  2.95758e-06
 Reference value :  2.95903e-06
 Reference value :  2.96038e-06
 Reference value :  2.96168e-06
 Reference value :  2.96313e-06
 Reference value :  2.96453e-06
 Reference value :  2.96593e-06
 Reference value :  2.96733e-06
 Reference value :  2.96873e-06
 Reference value :  2.97007e-06
 Reference value :  2.97163e-06
 Reference value :  2.97303e-06
 Reference value :  2.97448e-06
 Reference value :  2.97593e-06
 Reference value :  2.97738e-06
 Reference value :  2.97883e-06
 Reference value :  2.98012e-06
 Reference value :  2.98148e-06
 Reference value :  2.98298e-06
 Reference value :  2.98443e-06
 Reference value :  2.98593e-06
 Reference value :  2.98738e-06
 Reference value :  2.98883e-06
 Reference value :  2.99018e-06
 Reference value :  2.99148e-06
 Reference value :  2.99293e-06
 Reference value :  2.99438e-06
 Reference value :  2.99583e-06
 Reference value :  2.99728e-06
 Reference value :  2.99873e-06
 Reference value :  3.00007e-06
 Reference value :  3.00143e-06
 Reference value :  3.00298e-06
 Reference value :  3.00443e-06
 Reference value :  3.00588e-06
 Reference value :  3.00728e-06
 Reference value :  3.00873e-06
 Reference value :  3.01007e-06
 Reference value :  3.01148e-06
 Reference value :  3.01293e-06
 Reference value :  3.01443e-06
 Reference value :  3.01588e-06
 Reference value :  3.01733e-06
 Reference value :  3.01878e-06
 Reference value :  3.02012e-06
 Reference value :  3.02143e-06
 Reference value :  3.02288e-06
 Reference value :  3.02428e-06
 Reference value :  3.02573e-06
 Reference value :  3.02703e-06
 Reference value :  3.02833e-06
 Reference value :  3.02963e-06
 Reference value :  3.03103e-06
 Reference value :  3.03233e-06
 Reference value :  3.03363e-06
 Reference value :  3.03488e-06
 Reference value :  3.03608e-06
 Reference value :  3.03738e-06
 Reference value :  3.03863e-06
 Reference value :  3.03993e-06
 Reference value :  3.04104e-06
 Reference value :  3.04233e-06
 Reference value :  3.04363e-06
 Reference value :  3.04493e-06
 Reference value :  3.04623e-06
 Reference value :  3.04748e-06
 Reference value :  3.04873e-06
 Reference value :  3.05000e-06
 Reference value :  3.05123e-06
 Reference value :  3.05268e-06
 Reference value :  3.05413e-06
 Reference value :  3.05553e-06
 Reference value :  3.05683e-06
 Reference value :  3.05828e-06
 Reference value :  3.05996e-06
 Reference value :  3.06128e-06
 Reference value :  3.06298e-06
 Reference value :  3.06438e-06
 Reference value :  3.06578e-06
 Reference value :  3.06718e-06
 Reference value :  3.06858e-06
 Reference value :  3.06996e-06
 Reference value :  3.07117e-06
 Reference value :  3.07258e-06
 Reference value :  3.07398e-06
 Reference value :  3.07543e-06
 Reference value :  3.07683e-06
 Reference value :  3.07823e-06
 Reference value :  3.07963e-06
 Reference value :  3.08083e-06
 Reference value :  3.08193e-06
 Reference value :  3.08323e-06
 Reference value :  3.08453e-06
 Reference value :  3.08583e-06
 Reference value :  3.08713e-06
 Reference value :  3.08848e-06
 Reference value :  3.08978e-06
 Reference value :  3.09096e-06
 Reference value :  3.09218e-06
 Reference value :  3.09353e-06
 Reference value :  3.09483e-06
 Reference value :  3.09613e-06
 Reference value :  3.09743e-06
 Reference value :  3.09873e-06
 Reference value :  3.10000e-06
 Reference value :  3.10112e-06
 Reference value :  3.10243e-06
 Reference value :  3.10373e-06
 Reference value :  3.10503e-06
 Reference value :  3.10638e-06
 Reference value :  3.10768e-06
 Reference value :  3.10898e-06
 Reference value :  3.11017e-06
 Reference value :  3.11138e-06
 Reference value :  3.11288e-06
 Reference value :  3.11413e-06
 Reference value :  3.11538e-06
 Reference value :  3.11668e-06
 Reference value :  3.11793e-06
 Reference value :  3.11918e-06
 Reference value :  3.12033e-06
 Reference value :  3.12148e-06
 Reference value :  3.12268e-06
 Reference value :  3.12393e-06
 Reference value :  3.12518e-06
 Reference value :  3.12648e-06
 Reference value :  3.12773e-06
 Reference value :  3.12903e-06
 Reference value :  3.13023e-06
 Reference value :  3.13138e-06
 Reference value :  3.13268e-06
 Reference value :  3.13403e-06
 Reference value :  3.13538e-06
 Reference value :  3.13668e-06
 Reference value :  3.13803e-06
 Reference value :  3.13933e-06
 Reference value :  3.14073e-06
 Reference value :  3.14198e-06
 Reference value :  3.14333e-06
 Reference value :  3.14463e-06
 Reference value :  3.14593e-06
 Reference value :  3.14723e-06
 Reference value :  3.14858e-06
 Reference value :  3.14988e-06
 Reference value :  3.15100e-06
 Reference value :  3.15228e-06
 Reference value :  3.15358e-06
 Reference value :  3.15493e-06
 Reference value :  3.15623e-06
 Reference value :  3.15753e-06
 Reference value :  3.15883e-06
 Reference value :  3.16003e-06
 Reference value :  3.16123e-06
 Reference value :  3.16253e-06
 Reference value :  3.16383e-06
 Reference value :  3.16513e-06
 Reference value :  3.16643e-06
 Reference value :  3.16778e-06
 Reference value :  3.16908e-06
 Reference value :  3.17028e-06
 Reference value :  3.17148e-06
 Reference value :  3.17278e-06
 Reference value :  3.17408e-06
 Reference value :  3.17538e-06
 Reference value :  3.17668e-06
 Reference value :  3.17798e-06
 Reference value :  3.17928e-06
 Reference value :  3.18058e-06
 Reference value :  3.18173e-06
 Reference value :  3.18293e-06
 Reference value :  3.18418e-06
 Reference value :  3.18538e-06
 Reference value :  3.18668e-06
 Reference value :  3.18798e-06
 Reference value :  3.18928e-06
 Reference value :  3.19048e-06
 Reference value :  3.19163e-06
 Reference value :  3.19293e-06
 Reference value :  3.19428e-06
 Reference value :  3.19563e-06
 Reference value :  3.19693e-06
 Reference value :  3.19828e-06
 Reference value :  3.19958e-06
 Reference value :  3.20078e-06
 Reference value :  3.20193e-06
 Reference value :  3.20323e-06
 Reference value :  3.20448e-06
 Reference value :  3.20588e-06
 Reference value :  3.20733e-06
 Reference value :  3.20878e-06
 Reference value :  3.21012e-06
 Reference value :  3.21143e-06
 Reference value :  3.21288e-06
 Reference value :  3.21433e-06
 Reference value :  3.21578e-06
 Reference value :  3.21723e-06
 Reference value :  3.21868e-06
 Reference value :  3.22003e-06
 Reference value :  3.22138e-06
 Reference value :  3.22283e-06
 Reference value :  3.22413e-06
 Reference value :  3.22538e-06
 Reference value :  3.22663e-06
 Reference value :  3.22788e-06
 Reference value :  3.22918e-06
 Reference value :  3.23033e-06
 Reference value :  3.23153e-06
 Reference value :  3.23278e-06
 Reference value :  3.23408e-06
 Reference value :  3.23538e-06
 Reference value :  3.23668e-06
 Reference value :  3.23798e-06
 Reference value :  3.23928e-06
 Reference value :  3.24043e-06
 Reference value :  3.24153e-06
 Reference value :  3.24278e-06
 Reference value :  3.24403e-06
 Reference value :  3.24528e-06
 Reference value :  3.24658e-06
 Reference value :  3.24788e-06
 Reference value :  3.24918e-06
 Reference value :  3.25053e-06
 Reference value :  3.25178e-06
 Reference value :  3.25303e-06
 Reference value :  3.25423e-06
 Reference value :  3.25543e-06
 Reference value :  3.25658e-06
 Reference value :  3.25783e-06
 Reference value :  3.25918e-06
 Reference value :  3.26048e-06
 Reference value :  3.26178e-06
 Reference value :  3.26323e-06
 Reference value :  3.26468e-06
 Reference value :  3.26613e-06
 Reference value :  3.26753e-06
 Reference value :  3.26888e-06
 Reference value :  3.27012e-06
 Reference value :  3.27138e-06
 Reference value :  3.27278e-06
 Reference value :  3.27418e-06
 Reference value :  3.27558e-06
 Reference value :  3.27698e-06
 Reference value :  3.27843e-06
 Reference value :  3.27988e-06
 Reference value :  3.28112e-06
 Reference value :  3.28253e-06
 Reference value :  3.28378e-06
 Reference value :  3.28498e-06
 Reference value :  3.28623e-06
 Reference value :  3.28748e-06
 Reference value :  3.28893e-06
 Reference value :  3.29053e-06
 Reference value :  3.29198e-06
 Reference value :  3.29343e-06
 Reference value :  3.29488e-06
 Reference value :  3.29633e-06
 Reference value :  3.29778e-06
 Reference value :  3.29918e-06
 Reference value :  3.30053e-06
 Reference value :  3.30183e-06
 Reference value :  3.30323e-06
 Reference value :  3.30493e-06
 Reference value :  3.30623e-06
 Reference value :  3.30748e-06
 Reference value :  3.30878e-06
 Reference value :  3.31001e-06
 Reference value :  3.31123e-06
 Reference value :  3.31258e-06
 Reference value :  3.31393e-06
 Reference value :  3.31528e-06
 Reference value :  3.31658e-06
 Reference value :  3.31798e-06
 Reference value :  3.31943e-06
 Reference value :  3.32083e-06
 Reference value :  3.32223e-06
 Reference value :  3.32368e-06
 Reference value :  3.32513e-06
 Reference value :  3.32658e-06
 Reference value :  3.32803e-06
 Reference value :  3.32948e-06
 Reference value :  3.33078e-06
 Reference value :  3.33208e-06
 Reference value :  3.33358e-06
 Reference value :  3.33503e-06
 Reference value :  3.33643e-06
 Reference value :  3.33783e-06
 Reference value :  3.33908e-06
 Reference value :  3.34027e-06
 Reference value :  3.34143e-06
 Reference value :  3.34268e-06
 Reference value :  3.34393e-06
 Reference value :  3.34523e-06
 Reference value :  3.34653e-06
 Reference value :  3.34783e-06
 Reference value :  3.34913e-06
 Reference value :  3.35043e-06
 Reference value :  3.35158e-06
 Reference value :  3.35288e-06
 Reference value :  3.35408e-06
 Reference value :  3.35523e-06
 Reference value :  3.35648e-06
 Reference value :  3.35773e-06
 Reference value :  3.35898e-06
 Reference value :  3.36012e-06
 Reference value :  3.36153e-06
 Reference value :  3.36303e-06
 Reference value :  3.36453e-06
 Reference value :  3.36598e-06
 Reference value :  3.36738e-06
 Reference value :  3.36878e-06
 Reference value :  3.37012e-06
 Reference value :  3.37143e-06
 Reference value :  3.37288e-06
 Reference value :  3.37433e-06
 Reference value :  3.37578e-06
 Reference value :  3.37723e-06
 Reference value :  3.37863e-06
 Reference value :  3.38000e-06
 Reference value :  3.38133e-06
 Reference value :  3.38268e-06
 Reference value :  3.38418e-06
 Reference value :  3.38568e-06
 Reference value :  3.38713e-06
 Reference value :  3.38853e-06
 Reference value :  3.38996e-06
 Reference value :  3.39128e-06
 Reference value :  3.39273e-06
 Reference value :  3.39413e-06
 Reference value :  3.39558e-06
 Reference value :  3.39703e-06
 Reference value :  3.39843e-06
 Reference value :  3.39968e-06
 Reference value :  3.40088e-06
 Reference value :  3.40213e-06
 Reference value :  3.40343e-06
 Reference value :  3.40473e-06
 Reference value :  3.40603e-06
 Reference value :  3.40738e-06
 Reference value :  3.40883e-06
 Reference value :  3.41012e-06
 Reference value :  3.41143e-06
 Reference value :  3.41288e-06
 Reference value :  3.41428e-06
 Reference value :  3.41568e-06
 Reference value :  3.41713e-06
 Reference value :  3.41858e-06
 Reference value :  3.42000e-06
 Reference value :  3.42123e-06
 Reference value :  3.42268e-06
 Reference value :  3.42413e-06
 Reference value :  3.42558e-06
 Reference value :  3.42703e-06
 Reference value :  3.42863e-06
 Reference value :  3.43000e-06
 Reference value :  3.43133e-06
 Reference value :  3.43293e-06
 Reference value :  3.43438e-06
 Reference value :  3.43578e-06
 Reference value :  3.43723e-06
 Reference value :  3.43868e-06
 Reference value :  3.43996e-06
 Reference value :  3.44101e-06
 Reference value :  3.44223e-06
 Reference value :  3.44348e-06
 Reference value :  3.44473e-06
 Reference value :  3.44598e-06
 Reference value :  3.44723e-06
 Reference value :  3.44848e-06
 Reference value :  3.44973e-06
 Reference value :  3.45088e-06
 Reference value :  3.45208e-06
 Reference value :  3.45343e-06
 Reference value :  3.45488e-06
 Reference value :  3.45633e-06
 Reference value :  3.45778e-06
 Reference value :  3.45923e-06
 Reference value :  3.46053e-06
 Reference value :  3.46198e-06
 Reference value :  3.46343e-06
 Reference value :  3.46488e-06
 Reference value :  3.46633e-06
 Reference value :  3.46778e-06
 Reference value :  3.46923e-06
 Reference value :  3.47053e-06
 Reference value :  3.47203e-06
 Reference value :  3.47348e-06
 Reference value :  3.47488e-06
 Reference value :  3.47628e-06
 Reference value :  3.47768e-06
 Reference value :  3.47913e-06
 Reference value :  3.48048e-06
 Reference value :  3.48178e-06
 Reference value :  3.48323e-06
 Reference value :  3.48468e-06
 Reference value :  3.48613e-06
 Reference value :  3.48758e-06
 Reference value :  3.48903e-06
 Reference value :  3.49043e-06
 Reference value :  3.49198e-06
 Reference value :  3.49338e-06
 Reference value :  3.49478e-06
 Reference value :  3.49633e-06
 Reference value :  3.49778e-06
 Reference value :  3.49923e-06
 Reference value :  3.50083e-06
 Reference value :  3.50218e-06
 Reference value :  3.50363e-06
 Reference value :  3.50503e-06
 Reference value :  3.50648e-06
 Reference value :  3.50788e-06
 Reference value :  3.50928e-06
 Reference value :  3.51058e-06
 Reference value :  3.51188e-06
 Reference value :  3.51333e-06
 Reference value :  3.51478e-06
 Reference value :  3.51623e-06
 Reference value :  3.51768e-06
 Reference value :  3.51918e-06
 Reference value :  3.52068e-06
 Reference value :  3.52203e-06
 Reference value :  3.52348e-06
 Reference value :  3.52493e-06
 Reference value :  3.52638e-06
 Reference value :  3.52783e-06
 Reference value :  3.52923e-06
 Reference value :  3.53073e-06
 Reference value :  3.53213e-06
 Reference value :  3.53353e-06
 Reference value :  3.53498e-06
 Reference value :  3.53643e-06
 Reference value :  3.53788e-06
 Reference value :  3.53938e-06
 Reference value :  3.54073e-06
 Reference value :  3.54203e-06
 Reference value :  3.54348e-06
 Reference value :  3.54493e-06
 Reference value :  3.54638e-06
 Reference value :  3.54773e-06
 Reference value :  3.54893e-06
 Reference value :  3.55007e-06
 Reference value :  3.55133e-06
 Reference value :  3.55263e-06
 Reference value :  3.55403e-06
 Reference value :  3.55553e-06
 Reference value :  3.55698e-06
 Reference value :  3.55848e-06
 Reference value :  3.55988e-06
 Reference value :  3.56113e-06
 Reference value :  3.56253e-06
 Reference value :  3.56393e-06
 Reference value :  3.56533e-06
 Reference value :  3.56673e-06
 Reference value :  3.56813e-06
 Reference value :  3.56958e-06
 Reference value :  3.57088e-06
 Reference value :  3.57233e-06
 Reference value :  3.57378e-06
 Reference value :  3.57523e-06
 Reference value :  3.57668e-06
 Reference value :  3.57808e-06
 Reference value :  3.57948e-06
 Reference value :  3.58093e-06
 Reference value :  3.58223e-06
 Reference value :  3.58368e-06
 Reference value :  3.58513e-06
 Reference value :  3.58658e-06
 Reference value :  3.58803e-06
 Reference value :  3.58943e-06
 Reference value :  3.59078e-06
 Reference value :  3.59208e-06
 Reference value :  3.59348e-06
 Reference value :  3.59488e-06
 Reference value :  3.59628e-06
 Reference value :  3.59773e-06
 Reference value :  3.59913e-06
 Reference value :  3.60048e-06
 Reference value :  3.60178e-06
 Reference value :  3.60323e-06
 Reference value :  3.60468e-06
 Reference value :  3.60618e-06
 Reference value :  3.60758e-06
 Reference value :  3.60898e-06
 Reference value :  3.61038e-06
 Reference value :  3.61173e-06
 Reference value :  3.61313e-06
 Reference value :  3.61453e-06
 Reference value :  3.61593e-06
 Reference value :  3.61738e-06
 Reference value :  3.61883e-06
 Reference value :  3.62018e-06
 Reference value :  3.62148e-06
 Reference value :  3.62293e-06
 Reference value :  3.62438e-06
 Reference value :  3.62583e-06
 Reference value :  3.62723e-06
 Reference value :  3.62863e-06
 Reference value :  3.63000e-06
 Reference value :  3.63148e-06
 Reference value :  3.63293e-06
 Reference value :  3.63438e-06
 Reference value :  3.63583e-06
 Reference value :  3.63733e-06
 Reference value :  3.63878e-06
 Reference value :  3.64000e-06
 Reference value :  3.64112e-06
 Reference value :  3.64243e-06
 Reference value :  3.64378e-06
 Reference value :  3.64523e-06
 Reference value :  3.64668e-06
 Reference value :  3.64808e-06
 Reference value :  3.64948e-06
 Reference value :  3.65083e-06
 Reference value :  3.65213e-06
 Reference value :  3.65353e-06
 Reference value :  3.65498e-06
 Reference value :  3.65643e-06
 Reference value :  3.65788e-06
 Reference value :  3.65953e-06
 Reference value :  3.66107e-06
 Reference value :  3.66253e-06
 Reference value :  3.66398e-06
 Reference value :  3.66543e-06
 Reference value :  3.66693e-06
 Reference value :  3.66838e-06
 Reference value :  3.66983e-06
 Reference value :  3.67101e-06
 Reference value :  3.67243e-06
 Reference value :  3.67388e-06
 Reference value :  3.67533e-06
 Reference value :  3.67678e-06
 Reference value :  3.67823e-06
 Reference value :  3.67968e-06
 Reference value :  3.68100e-06
 Reference value :  3.68233e-06
 Reference value :  3.68378e-06
 Reference value :  3.68523e-06
 Reference value :  3.68668e-06
 Reference value :  3.68813e-06
 Reference value :  3.68953e-06
 Reference value :  3.69101e-06
 Reference value :  3.69238e-06
 Reference value :  3.69383e-06
 Reference value :  3.69528e-06
 Reference value :  3.69673e-06
 Reference value :  3.69818e-06
 Reference value :  3.69963e-06
 Reference value :  3.70096e-06
 Reference value :  3.70228e-06
 Reference value :  3.70368e-06
 Reference value :  3.70513e-06
 Reference value :  3.70658e-06
 Reference value :  3.70803e-06
 Reference value :  3.70948e-06
 Reference value :  3.71083e-06
 Reference value :  3.71213e-06
 Reference value :  3.71358e-06
 Reference value :  3.71503e-06
 Reference value :  3.71648e-06
 Reference value :  3.71793e-06
 Reference value :  3.71953e-06
 Reference value :  3.72101e-06
 Reference value :  3.72253e-06
 Reference value :  3.72398e-06
 Reference value :  3.72548e-06
 Reference value :  3.72703e-06
 Reference value :  3.72853e-06
 Reference value :  3.72996e-06
 Reference value :  3.73117e-06
 Reference value :  3.73263e-06
 Reference value :  3.73408e-06
 Reference value :  3.73553e-06
 Reference value :  3.73698e-06
 Reference value :  3.73843e-06
 Reference value :  3.73988e-06
 Reference value :  3.74108e-06
 Reference value :  3.74253e-06
 Reference value :  3.74398e-06
 Reference value :  3.74543e-06
 Reference value :  3.74688e-06
 Reference value :  3.74833e-06
 Reference value :  3.74978e-06
 Reference value :  3.75133e-06
 Reference value :  3.75278e-06
 Reference value :  3.75423e-06
 Reference value :  3.75568e-06
 Reference value :  3.75713e-06
 Reference value :  3.75858e-06
 Reference value :  3.76012e-06
 Reference value :  3.76153e-06
 Reference value :  3.76283e-06
 Reference value :  3.76428e-06
 Reference value :  3.76573e-06
 Reference value :  3.76718e-06
 Reference value :  3.76863e-06
 Reference value :  3.77001e-06
 Reference value :  3.77133e-06
 Reference value :  3.77283e-06
 Reference value :  3.77423e-06
 Reference value :  3.77568e-06
 Reference value :  3.77718e-06
 Reference value :  3.77858e-06
 Reference value :  3.77996e-06
 Reference value :  3.78118e-06
 Reference value :  3.78258e-06
 Reference value :  3.78403e-06
 Reference value :  3.78543e-06
 Reference value :  3.78688e-06
 Reference value :  3.78833e-06
 Reference value :  3.78978e-06
 Reference value :  3.79101e-06
 Reference value :  3.79243e-06
 Reference value :  3.79383e-06
 Reference value :  3.79523e-06
 Reference value :  3.79663e-06
 Reference value :  3.79808e-06
 Reference value :  3.79948e-06
 Reference value :  3.80078e-06
 Reference value :  3.80213e-06
 Reference value :  3.80358e-06
 Reference value :  3.80503e-06
 Reference value :  3.80638e-06
 Reference value :  3.80763e-06
 Reference value :  3.80893e-06
 Reference value :  3.81012e-06
 Reference value :  3.81128e-06
 Reference value :  3.81258e-06
 Reference value :  3.81388e-06
 Reference value :  3.81518e-06
 Reference value :  3.81648e-06
 Reference value :  3.81778e-06
 Reference value :  3.81908e-06
 Reference value :  3.82028e-06
 Reference value :  3.82143e-06
 Reference value :  3.82273e-06
 Reference value :  3.82403e-06
 Reference value :  3.82528e-06
 Reference value :  3.82658e-06
 Reference value :  3.82783e-06
 Reference value :  3.82913e-06
 Reference value :  3.83028e-06
 Reference value :  3.83163e-06
 Reference value :  3.83303e-06
 Reference value :  3.83433e-06
 Reference value :  3.83563e-06
 Reference value :  3.83688e-06
 Reference value :  3.83803e-06
 Reference value :  3.83923e-06
 Reference value :  3.84043e-06
 Reference value :  3.84153e-06
 Reference value :  3.84278e-06
 Reference value :  3.84398e-06
 Reference value :  3.84518e-06
 Reference value :  3.84643e-06
 Reference value :  3.84768e-06
 Reference value :  3.84893e-06
 Reference value :  3.85008e-06
 Reference value :  3.85123e-06
 Reference value :  3.85248e-06
 Reference value :  3.85373e-06
 Reference value :  3.85498e-06
 Reference value :  3.85623e-06
 Reference value :  3.85753e-06
 Reference value :  3.85878e-06
 Reference value :  3.86004e-06
 Reference value :  3.86153e-06
 Reference value :  3.86283e-06
 Reference value :  3.86408e-06
 Reference value :  3.86533e-06
 Reference value :  3.86663e-06
 Reference value :  3.86793e-06
 Reference value :  3.86918e-06
 Reference value :  3.87038e-06
 Reference value :  3.87153e-06
 Reference value :  3.87283e-06
 Reference value :  3.87413e-06
 Reference value :  3.87543e-06
 Reference value :  3.87668e-06
 Reference value :  3.87793e-06
 Reference value :  3.87923e-06
 Reference value :  3.88038e-06
 Reference value :  3.88148e-06
 Reference value :  3.88273e-06
 Reference value :  3.88393e-06
 Reference value :  3.88518e-06
 Reference value :  3.88648e-06
 Reference value :  3.88778e-06
 Reference value :  3.88903e-06
 Reference value :  3.89023e-06
 Reference value :  3.89143e-06
 Reference value :  3.89268e-06
 Reference value :  3.89398e-06
 Reference value :  3.89528e-06
 Reference value :  3.89658e-06
 Reference value :  3.89788e-06
 Reference value :  3.89913e-06
 Reference value :  3.90033e-06
 Reference value :  3.90148e-06
 Reference value :  3.90278e-06
 Reference value :  3.90408e-06
 Reference value :  3.90538e-06
 Reference value :  3.90668e-06
 Reference value :  3.90793e-06
 Reference value :  3.90918e-06
 Reference value :  3.91033e-06
 Reference value :  3.91148e-06
 Reference value :  3.91283e-06
 Reference value :  3.91408e-06
 Reference value :  3.91533e-06
 Reference value :  3.91673e-06
 Reference value :  3.91813e-06
 Reference value :  3.91953e-06
 Reference value :  3.92093e-06
 Reference value :  3.92218e-06
 Reference value :  3.92358e-06
 Reference value :  3.92503e-06
 Reference value :  3.92648e-06
 Reference value :  3.92788e-06
 Reference value :  3.92928e-06
 Reference value :  3.93063e-06
 Reference value :  3.93193e-06
 Reference value :  3.93333e-06
 Reference value :  3.93478e-06
 Reference value :  3.93623e-06
 Reference value :  3.93768e-06
 Reference value :  3.93913e-06
 Reference value :  3.94048e-06
 Reference value :  3.94183e-06
 Reference value :  3.94343e-06
 Reference value :  3.94488e-06
 Reference value :  3.94633e-06
 Reference value :  3.94773e-06
 Reference value :  3.94913e-06
 Reference value :  3.95043e-06
 Reference value :  3.95188e-06
 Reference value :  3.95333e-06
 Reference value :  3.95473e-06
 Reference value :  3.95613e-06
 Reference value :  3.95758e-06
 Reference value :  3.95903e-06
 Reference value :  3.96038e-06
 Reference value :  3.96168e-06
 Reference value :  3.96313e-06
 Reference value :  3.96458e-06
 Reference value :  3.96603e-06
 Reference value :  3.96748e-06
 Reference value :  3.96888e-06
 Reference value :  3.97028e-06
 Reference value :  3.97173e-06
 Reference value :  3.97313e-06
 Reference value :  3.97458e-06
 Reference value :  3.97598e-06
 Reference value :  3.97738e-06
 Reference value :  3.97883e-06
 Reference value :  3.98018e-06
 Reference value :  3.98163e-06
 Reference value :  3.98308e-06
 Reference value :  3.98453e-06
 Reference value :  3.98598e-06
 Reference value :  3.98738e-06
 Reference value :  3.98888e-06
 Reference value :  3.99023e-06
 Reference value :  3.99158e-06
 Reference value :  3.99303e-06
 Reference value :  3.99448e-06
 Reference value :  3.99593e-06
 Reference value :  3.99738e-06
 Reference value :  3.99888e-06
 Reference value :  4.00023e-06
 Reference value :  4.00158e-06
 Reference value :  4.00298e-06
 Reference value :  4.00438e-06
 Reference value :  4.00578e-06
 Reference value :  4.00718e-06
 Reference value :  4.00863e-06
 Reference value :  4.01001e-06
 Reference value :  4.01143e-06
 Reference value :  4.01288e-06
 Reference value :  4.01433e-06
 Reference value :  4.01578e-06
 Reference value :  4.01728e-06
 Reference value :  4.01858e-06
 Reference value :  4.01993e-06
 Reference value :  4.02118e-06
 Reference value :  4.02268e-06
 Reference value :  4.02413e-06
 Reference value :  4.02558e-06
 Reference value :  4.02708e-06
 Reference value :  4.02848e-06
 Reference value :  4.02993e-06
 Reference value :  4.03118e-06
 Reference value :  4.03263e-06
 Reference value :  4.03403e-06
 Reference value :  4.03543e-06
 Reference value :  4.03688e-06
 Reference value :  4.03833e-06
 Reference value :  4.03978e-06
 Reference value :  4.04113e-06
 Reference value :  4.04253e-06
 Reference value :  4.04393e-06
 Reference value :  4.04533e-06
 Reference value :  4.04673e-06
 Reference value :  4.04813e-06
 Reference value :  4.04953e-06
 Reference value :  4.05108e-06
 Reference value :  4.05273e-06
 Reference value :  4.05428e-06
 Reference value :  4.05578e-06
 Reference value :  4.05723e-06
 Reference value :  4.05863e-06
 Reference value :  4.06000e-06
 Reference value :  4.06123e-06
 Reference value :  4.06278e-06
 Reference value :  4.06418e-06
 Reference value :  4.06563e-06
 Reference value :  4.06708e-06
 Reference value :  4.06853e-06
 Reference value :  4.06996e-06
 Reference value :  4.07118e-06
 Reference value :  4.07263e-06
 Reference value :  4.07408e-06
 Reference value :  4.07553e-06
 Reference value :  4.07698e-06
 Reference value :  4.07843e-06
 Reference value :  4.07988e-06
 Reference value :  4.08128e-06
 Reference value :  4.08268e-06
 Reference value :  4.08408e-06
 Reference value :  4.08548e-06
 Reference value :  4.08683e-06
 Reference value :  4.08823e-06
 Reference value :  4.08968e-06
 Reference value :  4.09096e-06
 Reference value :  4.09228e-06
 Reference value :  4.09368e-06
 Reference value :  4.09513e-06
 Reference value :  4.09658e-06
 Reference value :  4.09798e-06
 Reference value :  4.09938e-06
 Reference value :  4.10068e-06
 Reference value :  4.10193e-06
 Reference value :  4.10333e-06
 Reference value :  4.10478e-06
 Reference value :  4.10623e-06
 Reference value :  4.10768e-06
 Reference value :  4.10918e-06
 Reference value :  4.11048e-06
 Reference value :  4.11183e-06
 Reference value :  4.11328e-06
 Reference value :  4.11463e-06
 Reference value :  4.11598e-06
 Reference value :  4.11738e-06
 Reference value :  4.11883e-06
 Reference value :  4.12017e-06
 Reference value :  4.12158e-06
 Reference value :  4.12308e-06
 Reference value :  4.12453e-06
 Reference value :  4.12598e-06
 Reference value :  4.12733e-06
 Reference value :  4.12863e-06
 Reference value :  4.12988e-06
 Reference value :  4.13101e-06
 Reference value :  4.13228e-06
 Reference value :  4.13358e-06
 Reference value :  4.13488e-06
 Reference value :  4.13618e-06
 Reference value :  4.13748e-06
 Reference value :  4.13883e-06
 Reference value :  4.14018e-06
 Reference value :  4.14148e-06
 Reference value :  4.14288e-06
 Reference value :  4.14433e-06
 Reference value :  4.14578e-06
 Reference value :  4.14723e-06
 Reference value :  4.14868e-06
 Reference value :  4.15002e-06
 Reference value :  4.15158e-06
 Reference value :  4.15303e-06
 Reference value :  4.15448e-06
 Reference value :  4.15593e-06
 Reference value :  4.15733e-06
 Reference value :  4.15878e-06
 Reference value :  4.16013e-06
 Reference value :  4.16148e-06
 Reference value :  4.16288e-06
 Reference value :  4.16438e-06
 Reference value :  4.16578e-06
 Reference value :  4.16718e-06
 Reference value :  4.16858e-06
 Reference value :  4.16996e-06
 Reference value :  4.17118e-06
 Reference value :  4.17258e-06
 Reference value :  4.17398e-06
 Reference value :  4.17538e-06
 Reference value :  4.17678e-06
 Reference value :  4.17818e-06
 Reference value :  4.17958e-06
 Reference value :  4.18100e-06
 Reference value :  4.18233e-06
 Reference value :  4.18373e-06
 Reference value :  4.18518e-06
 Reference value :  4.18663e-06
 Reference value :  4.18808e-06
 Reference value :  4.18953e-06
 Reference value :  4.19093e-06
 Reference value :  4.19238e-06
 Reference value :  4.19383e-06
 Reference value :  4.19528e-06
 Reference value :  4.19673e-06
 Reference value :  4.19818e-06
 Reference value :  4.19963e-06
 Reference value :  4.20096e-06
 Reference value :  4.20228e-06
 Reference value :  4.20373e-06
 Reference value :  4.20503e-06
 Reference value :  4.20633e-06
 Reference value :  4.20763e-06
 Reference value :  4.20893e-06
 Reference value :  4.21018e-06
 Reference value :  4.21148e-06
 Reference value :  4.21278e-06
 Reference value :  4.21408e-06
 Reference value :  4.21538e-06
 Reference value :  4.21668e-06
 Reference value :  4.21798e-06
 Reference value :  4.21933e-06
 Reference value :  4.22058e-06
 Reference value :  4.22173e-06
 Reference value :  4.22303e-06
 Reference value :  4.22428e-06
 Reference value :  4.22558e-06
 Reference value :  4.22688e-06
 Reference value :  4.22818e-06
 Reference value :  4.22953e-06
 Reference value :  4.23088e-06
 Reference value :  4.23228e-06
 Reference value :  4.23373e-06
 Reference value :  4.23513e-06
 Reference value :  4.23648e-06
 Reference value :  4.23788e-06
 Reference value :  4.23928e-06
 Reference value :  4.24063e-06
 Reference value :  4.24188e-06
 Reference value :  4.24328e-06
 Reference value :  4.24468e-06
 Reference value :  4.24613e-06
 Reference value :  4.24758e-06
 Reference value :  4.24903e-06
 Reference value :  4.25033e-06
 Reference value :  4.25158e-06
 Reference value :  4.25303e-06
 Reference value :  4.25453e-06
 Reference value :  4.25593e-06
 Reference value :  4.25733e-06
 Reference value :  4.25878e-06
 Reference value :  4.26013e-06
 Reference value :  4.26143e-06
 Reference value :  4.26288e-06
 Reference value :  4.26433e-06
 Reference value :  4.26578e-06
 Reference value :  4.26723e-06
 Reference value :  4.26868e-06
 Reference value :  4.27001e-06
 Reference value :  4.27133e-06
 Reference value :  4.27278e-06
 Reference value :  4.27423e-06
 Reference value :  4.27573e-06
 Reference value :  4.27718e-06
 Reference value :  4.27863e-06
 Reference value :  4.28000e-06
 Reference value :  4.28127e-06
 Reference value :  4.28273e-06
 Reference value :  4.28443e-06
 Reference value :  4.28588e-06
 Reference value :  4.28733e-06
 Reference value :  4.28873e-06
 Reference value :  4.29003e-06
 Reference value :  4.29153e-06
 Reference value :  4.29298e-06
 Reference value :  4.29438e-06
 Reference value :  4.29583e-06
 Reference value :  4.29723e-06
 Reference value :  4.29868e-06
 Reference value :  4.30000e-06
 Reference value :  4.30128e-06
 Reference value :  4.30283e-06
 Reference value :  4.30423e-06
 Reference value :  4.30568e-06
 Reference value :  4.30713e-06
 Reference value :  4.30858e-06
 Reference value :  4.31000e-06
 Reference value :  4.31123e-06
 Reference value :  4.31263e-06
 Reference value :  4.31408e-06
 Reference value :  4.31553e-06
 Reference value :  4.31698e-06
 Reference value :  4.31843e-06
 Reference value :  4.31988e-06
 Reference value :  4.32113e-06
 Reference value :  4.32263e-06
 Reference value :  4.32403e-06
 Reference value :  4.32548e-06
 Reference value :  4.32688e-06
 Reference value :  4.32833e-06
 Reference value :  4.32983e-06
 Reference value :  4.33108e-06
 Reference value :  4.33248e-06
 Reference value :  4.33388e-06
 Reference value :  4.33528e-06
 Reference value :  4.33673e-06
 Reference value :  4.33818e-06
 Reference value :  4.33958e-06
 Reference value :  4.34078e-06
 Reference value :  4.34193e-06
 Reference value :  4.34323e-06
 Reference value :  4.34453e-06
 Reference value :  4.34583e-06
 Reference value :  4.34713e-06
 Reference value :  4.34843e-06
 Reference value :  4.34973e-06
 Reference value :  4.35108e-06
 Reference value :  4.35238e-06
 Reference value :  4.35368e-06
 Reference value :  4.35498e-06
 Reference value :  4.35623e-06
 Reference value :  4.35753e-06
 Reference value :  4.35883e-06
 Reference value :  4.36003e-06
 Reference value :  4.36122e-06
 Reference value :  4.36253e-06
 Reference value :  4.36378e-06
 Reference value :  4.36508e-06
 Reference value :  4.36643e-06
 Reference value :  4.36778e-06
 Reference value :  4.36903e-06
 Reference value :  4.37023e-06
 Reference value :  4.37138e-06
 Reference value :  4.37268e-06
 Reference value :  4.37398e-06
 Reference value :  4.37528e-06
 Reference value :  4.37658e-06
 Reference value :  4.37788e-06
 Reference value :  4.37918e-06
 Reference value :  4.38038e-06
 Reference value :  4.38173e-06
 Reference value :  4.38303e-06
 Reference value :  4.38433e-06
 Reference value :  4.38568e-06
 Reference value :  4.38698e-06
 Reference value :  4.38828e-06
 Reference value :  4.38958e-06
 Reference value :  4.39073e-06
 Reference value :  4.39208e-06
 Reference value :  4.39343e-06
 Reference value :  4.39478e-06
 Reference value :  4.39618e-06
 Reference value :  4.39763e-06
 Reference value :  4.39903e-06
 Reference value :  4.40038e-06
 Reference value :  4.40173e-06
 Reference value :  4.40318e-06
 Reference value :  4.40458e-06
 Reference value :  4.40598e-06
 Reference value :  4.40733e-06
 Reference value :  4.40873e-06
 Reference value :  4.41004e-06
 Reference value :  4.41138e-06
 Reference value :  4.41283e-06
 Reference value :  4.41428e-06
 Reference value :  4.41568e-06
 Reference value :  4.41713e-06
 Reference value :  4.41858e-06
 Reference value :  4.42000e-06
 Reference value :  4.42123e-06
 Reference value :  4.42263e-06
 Reference value :  4.42403e-06
 Reference value :  4.42543e-06
 Reference value :  4.42673e-06
 Reference value :  4.42798e-06
 Reference value :  4.42938e-06
 Reference value :  4.43068e-06
 Reference value :  4.43203e-06
 Reference value :  4.43348e-06
 Reference value :  4.43488e-06
 Reference value :  4.43628e-06
 Reference value :  4.43773e-06
 Reference value :  4.43918e-06
 Reference value :  4.44073e-06
 Reference value :  4.44213e-06
 Reference value :  4.44353e-06
 Reference value :  4.44498e-06
 Reference value :  4.44638e-06
 Reference value :  4.44783e-06
 Reference value :  4.44918e-06
 Reference value :  4.45048e-06
 Reference value :  4.45173e-06
 Reference value :  4.45313e-06
 Reference value :  4.45448e-06
 Reference value :  4.45578e-06
 Reference value :  4.45718e-06
 Reference value :  4.45858e-06
 Reference value :  4.45996e-06
 Reference value :  4.46123e-06
 Reference value :  4.46268e-06
 Reference value :  4.46408e-06
 Reference value :  4.46553e-06
 Reference value :  4.46698e-06
 Reference value :  4.46843e-06
 Reference value :  4.46983e-06
 Reference value :  4.47133e-06
 Reference value :  4.47278e-06
 Reference value :  4.47418e-06
 Reference value :  4.47563e-06
 Reference value :  4.47708e-06
 Reference value :  4.47853e-06
 Reference value :  4.47996e-06
 Reference value :  4.48118e-06
 Reference value :  4.48258e-06
 Reference value :  4.48403e-06
 Reference value :  4.48543e-06
 Reference value :  4.48688e-06
 Reference value :  4.48833e-06
 Reference value :  4.48973e-06
 Reference value :  4.49108e-06
 Reference value :  4.49248e-06
 Reference value :  4.49393e-06
 Reference value :  4.49533e-06
 Reference value :  4.49678e-06
 Reference value :  4.49823e-06
 Reference value :  4.49963e-06
 Reference value :  4.50093e-06
 Reference value :  4.50223e-06
 Reference value :  4.50363e-06
 Reference value :  4.50508e-06
 Reference value :  4.50648e-06
 Reference value :  4.50778e-06
 Reference value :  4.50908e-06
 Reference value :  4.51028e-06
 Reference value :  4.51148e-06
 Reference value :  4.51278e-06
 Reference value :  4.51403e-06
 Reference value :  4.51528e-06
 Reference value :  4.51658e-06
 Reference value :  4.51788e-06
 Reference value :  4.51918e-06
 Reference value :  4.52038e-06
 Reference value :  4.52168e-06
 Reference value :  4.52293e-06
 Reference value :  4.52413e-06
 Reference value :  4.52538e-06
 Reference value :  4.52668e-06
 Reference value :  4.52788e-06
 Reference value :  4.52903e-06
 Reference value :  4.53018e-06
 Reference value :  4.53133e-06
 Reference value :  4.53253e-06
 Reference value :  4.53383e-06
 Reference value :  4.53508e-06
 Reference value :  4.53638e-06
 Reference value :  4.53768e-06
 Reference value :  4.53898e-06
 Reference value :  4.54018e-06
 Reference value :  4.54133e-06
 Reference value :  4.54258e-06
 Reference value :  4.54383e-06
 Reference value :  4.54513e-06
 Reference value :  4.54638e-06
 Reference value :  4.54763e-06
 Reference value :  4.54893e-06
 Reference value :  4.55012e-06
 Reference value :  4.55168e-06
 Reference value :  4.55303e-06
 Reference value :  4.55438e-06
 Reference value :  4.55568e-06
 Reference value :  4.55698e-06
 Reference value :  4.55828e-06
 Reference value :  4.55958e-06
 Reference value :  4.56078e-06
 Reference value :  4.56198e-06
 Reference value :  4.56343e-06
 Reference value :  4.56478e-06
 Reference value :  4.56608e-06
 Reference value :  4.56748e-06
 Reference value :  4.56893e-06
 Reference value :  4.57028e-06
 Reference value :  4.57158e-06
 Reference value :  4.57298e-06
 Reference value :  4.57433e-06
 Reference value :  4.57573e-06
 Reference value :  4.57713e-06
 Reference value :  4.57853e-06
 Reference value :  4.57993e-06
 Reference value :  4.58123e-06
 Reference value :  4.58268e-06
 Reference value :  4.58413e-06
 Reference value :  4.58553e-06
 Reference value :  4.58693e-06
 Reference value :  4.58838e-06
 Reference value :  4.58983e-06
 Reference value :  4.59104e-06
 Reference value :  4.59243e-06
 Reference value :  4.59388e-06
 Reference value :  4.59533e-06
 Reference value :  4.59678e-06
 Reference value :  4.59818e-06
 Reference value :  4.59973e-06
 Reference value :  4.60101e-06
 Reference value :  4.60238e-06
 Reference value :  4.60383e-06
 Reference value :  4.60533e-06
 Reference value :  4.60683e-06
 Reference value :  4.60828e-06
 Reference value :  4.60973e-06
 Reference value :  4.61100e-06
 Reference value :  4.61223e-06
 Reference value :  4.61363e-06
 Reference value :  4.61508e-06
 Reference value :  4.61648e-06
 Reference value :  4.61793e-06
 Reference value :  4.61923e-06
 Reference value :  4.62033e-06
 Reference value :  4.62143e-06
 Reference value :  4.62268e-06
 Reference value :  4.62393e-06
 Reference value :  4.62513e-06
 Reference value :  4.62653e-06
 Reference value :  4.62788e-06
 Reference value :  4.62923e-06
 Reference value :  4.63038e-06
 Reference value :  4.63163e-06
 Reference value :  4.63293e-06
 Reference value :  4.63433e-06
 Reference value :  4.63568e-06
 Reference value :  4.63708e-06
 Reference value :  4.63848e-06
 Reference value :  4.63993e-06
 Reference value :  4.64113e-06
 Reference value :  4.64253e-06
 Reference value :  4.64398e-06
 Reference value :  4.64538e-06
 Reference value :  4.64678e-06
 Reference value :  4.64818e-06
 Reference value :  4.64958e-06
 Reference value :  4.65088e-06
 Reference value :  4.65223e-06
 Reference value :  4.65373e-06
 Reference value :  4.65523e-06
 Reference value :  4.65673e-06
 Reference value :  4.65818e-06
 Reference value :  4.65958e-06
 Reference value :  4.66093e-06
 Reference value :  4.66238e-06
 Reference value :  4.66383e-06
 Reference value :  4.66523e-06
 Reference value :  4.66663e-06
 Reference value :  4.66803e-06
 Reference value :  4.66948e-06
 Reference value :  4.67093e-06
 Reference value :  4.67223e-06
 Reference value :  4.67363e-06
 Reference value :  4.67508e-06
 Reference value :  4.67648e-06
 Reference value :  4.67793e-06
 Reference value :  4.67938e-06
 Reference value :  4.68073e-06
 Reference value :  4.68203e-06
 Reference value :  4.68348e-06
 Reference value :  4.68488e-06
 Reference value :  4.68628e-06
 Reference value :  4.68763e-06
 Reference value :  4.68903e-06
 Reference value :  4.69048e-06
 Reference value :  4.69198e-06
 Reference value :  4.69343e-06
 Reference value :  4.69488e-06
 Reference value :  4.69633e-06
 Reference value :  4.69773e-06
 Reference value :  4.69918e-06
 Reference value :  4.70068e-06
 Reference value :  4.70198e-06
 Reference value :  4.70343e-06
 Reference value :  4.70488e-06
 Reference value :  4.70628e-06
 Reference value :  4.70773e-06
 Reference value :  4.70918e-06
 Reference value :  4.71048e-06
 Reference value :  4.71178e-06
 Reference value :  4.71318e-06
 Reference value :  4.71463e-06
 Reference value :  4.71608e-06
 Reference value :  4.71753e-06
 Reference value :  4.71893e-06
 Reference value :  4.72023e-06
 Reference value :  4.72153e-06
 Reference value :  4.72293e-06
 Reference value :  4.72433e-06
 Reference value :  4.72578e-06
 Reference value :  4.72723e-06
 Reference value :  4.72868e-06
 Reference value :  4.73001e-06
 Reference value :  4.73133e-06
 Reference value :  4.73273e-06
 Reference value :  4.73413e-06
 Reference value :  4.73558e-06
 Reference value :  4.73703e-06
 Reference value :  4.73848e-06
 Reference value :  4.73993e-06
 Reference value :  4.74103e-06
 Reference value :  4.74243e-06
 Reference value :  4.74383e-06
 Reference value :  4.74523e-06
 Reference value :  4.74663e-06
 Reference value :  4.74803e-06
 Reference value :  4.74948e-06
 Reference value :  4.75083e-06
 Reference value :  4.75213e-06
 Reference value :  4.75353e-06
 Reference value :  4.75493e-06
 Reference value :  4.75633e-06
 Reference value :  4.75768e-06
 Reference value :  4.75908e-06
 Reference value :  4.76043e-06
 Reference value :  4.76173e-06
 Reference value :  4.76313e-06
 Reference value :  4.76458e-06
 Reference value :  4.76598e-06
 Reference value :  4.76738e-06
 Reference value :  4.76878e-06
 Reference value :  4.77008e-06
 Reference value :  4.77138e-06
 Reference value :  4.77298e-06
 Reference value :  4.77433e-06
 Reference value :  4.77573e-06
 Reference value :  4.77713e-06
 Reference value :  4.77848e-06
 Reference value :  4.77988e-06
 Reference value :  4.78103e-06
 Reference value :  4.78243e-06
 Reference value :  4.78383e-06
 Reference value :  4.78523e-06
 Reference value :  4.78663e-06
 Reference value :  4.78803e-06
 Reference value :  4.78938e-06
 Reference value :  4.79063e-06
 Reference value :  4.79188e-06
 Reference value :  4.79323e-06
 Reference value :  4.79458e-06
 Reference value :  4.79593e-06
 Reference value :  4.79733e-06
 Reference value :  4.79873e-06
 Reference value :  4.80001e-06
 Reference value :  4.80163e-06
 Reference value :  4.80303e-06
 Reference value :  4.80453e-06
 Reference value :  4.80588e-06
 Reference value :  4.80728e-06
 Reference value :  4.80863e-06
 Reference value :  4.81000e-06
 Reference value :  4.81104e-06
 Reference value :  4.81228e-06
 Reference value :  4.81353e-06
 Reference value :  4.81473e-06
 Reference value :  4.81593e-06
 Reference value :  4.81718e-06
 Reference value :  4.81858e-06
 Reference value :  4.81993e-06
 Reference value :  4.82108e-06
 Reference value :  4.82248e-06
 Reference value :  4.82388e-06
 Reference value :  4.82528e-06
 Reference value :  4.82673e-06
 Reference value :  4.82818e-06
 Reference value :  4.82958e-06
 Reference value :  4.83088e-06
 Reference value :  4.83218e-06
 Reference value :  4.83358e-06
 Reference value :  4.83498e-06
 Reference value :  4.83633e-06
 Reference value :  4.83773e-06
 Reference value :  4.83913e-06
 Reference value :  4.84058e-06
 Reference value :  4.84193e-06
 Reference value :  4.84333e-06
 Reference value :  4.84473e-06
 Reference value :  4.84608e-06
 Reference value :  4.84728e-06
 Reference value :  4.84858e-06
 Reference value :  4.84988e-06
 Reference value :  4.85101e-06
 Reference value :  4.85223e-06
 Reference value :  4.85353e-06
 Reference value :  4.85483e-06
 Reference value :  4.85608e-06
 Reference value :  4.85728e-06
 Reference value :  4.85853e-06
 Reference value :  4.85973e-06
 Reference value :  4.86083e-06
 Reference value :  4.86198e-06
 Reference value :  4.86338e-06
 Reference value :  4.86478e-06
 Reference value :  4.86613e-06
 Reference value :  4.86748e-06
 Reference value :  4.86888e-06
 Reference value :  4.87028e-06
 Reference value :  4.87158e-06
 Reference value :  4.87288e-06
 Reference value :  4.87418e-06
 Reference value :  4.87548e-06
 Reference value :  4.87678e-06
 Reference value :  4.87808e-06
 Reference value :  4.87938e-06
 Reference value :  4.88058e-06
 Reference value :  4.88178e-06
 Reference value :  4.88308e-06
 Reference value :  4.88443e-06
 Reference value :  4.88573e-06
 Reference value :  4.88703e-06
 Reference value :  4.88828e-06
 Reference value :  4.88958e-06
 Reference value :  4.89078e-06
 Reference value :  4.89193e-06
 Reference value :  4.89323e-06
 Reference value :  4.89443e-06
 Reference value :  4.89568e-06
 Reference value :  4.89693e-06
 Reference value :  4.89823e-06
 Reference value :  4.89958e-06
 Reference value :  4.90093e-06
 Reference value :  4.90218e-06
 Reference value :  4.90363e-06
 Reference value :  4.90503e-06
 Reference value :  4.90648e-06
 Reference value :  4.90793e-06
 Reference value :  4.90943e-06
 Reference value :  4.91100e-06
 Reference value :  4.91228e-06
 Reference value :  4.91373e-06
 Reference value :  4.91513e-06
 Reference value :  4.91658e-06
 Reference value :  4.91803e-06
 Reference value :  4.91948e-06
 Reference value :  4.92078e-06
 Reference value :  4.92213e-06
 Reference value :  4.92358e-06
 Reference value :  4.92503e-06
 Reference value :  4.92648e-06
 Reference value :  4.92793e-06
 Reference value :  4.92938e-06
 Reference value :  4.93073e-06
 Reference value :  4.93203e-06
 Reference value :  4.93348e-06
 Reference value :  4.93493e-06
 Reference value :  4.93638e-06
 Reference value :  4.93783e-06
 Reference value :  4.93933e-06
 Reference value :  4.94068e-06
 Reference value :  4.94203e-06
 Reference value :  4.94348e-06
 Reference value :  4.94488e-06
 Reference value :  4.94633e-06
 Reference value :  4.94778e-06
 Reference value :  4.94918e-06
 Reference value :  4.95053e-06
 Reference value :  4.95203e-06
 Reference value :  4.95373e-06
 Reference value :  4.95523e-06
 Reference value :  4.95653e-06
 Reference value :  4.95783e-06
 Reference value :  4.95913e-06
 Reference value :  4.96028e-06
 Reference value :  4.96133e-06
 Reference value :  4.96253e-06
 Reference value :  4.96373e-06
 Reference value :  4.96493e-06
 Reference value :  4.96618e-06
 Reference value :  4.96738e-06
 Reference value :  4.96863e-06
 Reference value :  4.96988e-06
 Reference value :  4.97100e-06
 Reference value :  4.97218e-06
 Reference value :  4.97348e-06
 Reference value :  4.97478e-06
 Reference value :  4.97603e-06
 Reference value :  4.97728e-06
 Reference value :  4.97848e-06
 Reference value :  4.97978e-06
 Reference value :  4.98096e-06
 Reference value :  4.98213e-06
 Reference value :  4.98338e-06
 Reference value :  4.98468e-06
 Reference value :  4.98598e-06
 Reference value :  4.98728e-06
 Reference value :  4.98863e-06
 Reference value :  4.98996e-06
 Reference value :  4.99102e-06
 Reference value :  4.99223e-06
 Reference value :  4.99353e-06
 Reference value :  4.99488e-06
 Reference value :  4.99613e-06
 Reference value :  4.99743e-06
 Reference value :  4.99873e-06
 Reference value :  4.99996e-06
 Reference value :  5.00108e-06
 Reference value :  5.00238e-06
 Reference value :  5.00378e-06
 Reference value :  5.00523e-06
 Reference value :  5.00668e-06
 Reference value :  5.00813e-06
 Reference value :  5.00958e-06
 Reference value :  5.01108e-06
 Reference value :  5.01248e-06
 Reference value :  5.01393e-06
 Reference value :  5.01543e-06
 Reference value :  5.01713e-06
 Reference value :  5.01868e-06
 Reference value :  5.02002e-06
 Reference value :  5.02133e-06
 Reference value :  5.02293e-06
 Reference value :  5.02438e-06
 Reference value :  5.02583e-06
 Reference value :  5.02723e-06
 Reference value :  5.02868e-06
 Reference value :  5.03004e-06
 Reference value :  5.03138e-06
 Reference value :  5.03283e-06
 Reference value :  5.03428e-06
 Reference value :  5.03573e-06
 Reference value :  5.03718e-06
 Reference value :  5.03858e-06
 Reference value :  5.04000e-06
 Reference value :  5.04138e-06
 Reference value :  5.04283e-06
 Reference value :  5.04428e-06
 Reference value :  5.04568e-06
 Reference value :  5.04713e-06
 Reference value :  5.04843e-06
 Reference value :  5.04988e-06
 Reference value :  5.05123e-06
 Reference value :  5.05263e-06
 Reference value :  5.05398e-06
 Reference value :  5.05523e-06
 Reference value :  5.05653e-06
 Reference value :  5.05778e-06
 Reference value :  5.05913e-06
 Reference value :  5.06048e-06
 Reference value :  5.06178e-06
 Reference value :  5.06318e-06
 Reference value :  5.06463e-06
 Reference value :  5.06598e-06
 Reference value :  5.06738e-06
 Reference value :  5.06868e-06
 Reference value :  5.06996e-06
 Reference value :  5.07113e-06
 Reference value :  5.07248e-06
 Reference value :  5.07378e-06
 Reference value :  5.07508e-06
 Reference value :  5.07638e-06
 Reference value :  5.07763e-06
 Reference value :  5.07893e-06
 Reference value :  5.08012e-06
 Reference value :  5.08143e-06
 Reference value :  5.08273e-06
 Reference value :  5.08403e-06
 Reference value :  5.08533e-06
 Reference value :  5.08663e-06
 Reference value :  5.08793e-06
 Reference value :  5.08923e-06
 Reference value :  5.09038e-06
 Reference value :  5.09153e-06
 Reference value :  5.09283e-06
 Reference value :  5.09403e-06
 Reference value :  5.09523e-06
 Reference value :  5.09648e-06
 Reference value :  5.09778e-06
 Reference value :  5.09908e-06
 Reference value :  5.10038e-06
 Reference value :  5.10153e-06
 Reference value :  5.10288e-06
 Reference value :  5.10433e-06
 Reference value :  5.10578e-06
 Reference value :  5.10723e-06
 Reference value :  5.10868e-06
 Reference value :  5.11001e-06
 Reference value :  5.11123e-06
 Reference value :  5.11283e-06
 Reference value :  5.11428e-06
 Reference value :  5.11568e-06
 Reference value :  5.11708e-06
 Reference value :  5.11863e-06
 Reference value :  5.12000e-06
 Reference value :  5.12123e-06
 Reference value :  5.12268e-06
 Reference value :  5.12418e-06
 Reference value :  5.12563e-06
 Reference value :  5.12708e-06
 Reference value :  5.12853e-06
 Reference value :  5.12996e-06
 Reference value :  5.13118e-06
 Reference value :  5.13288e-06
 Reference value :  5.13433e-06
 Reference value :  5.13578e-06
 Reference value :  5.13723e-06
 Reference value :  5.13868e-06
 Reference value :  5.14002e-06
 Reference value :  5.14133e-06
 Reference value :  5.14278e-06
 Reference value :  5.14423e-06
 Reference value :  5.14563e-06
 Reference value :  5.14703e-06
 Reference value :  5.14848e-06
 Reference value :  5.14993e-06
 Reference value :  5.15128e-06
 Reference value :  5.15273e-06
 Reference value :  5.15418e-06
 Reference value :  5.15558e-06
 Reference value :  5.15698e-06
 Reference value :  5.15838e-06
 Reference value :  5.15973e-06
 Reference value :  5.16117e-06
 Reference value :  5.16258e-06
 Reference value :  5.16398e-06
 Reference value :  5.16538e-06
 Reference value :  5.16678e-06
 Reference value :  5.16818e-06
 Reference value :  5.16963e-06
 Reference value :  5.17096e-06
 Reference value :  5.17228e-06
 Reference value :  5.17368e-06
 Reference value :  5.17513e-06
 Reference value :  5.17673e-06
 Reference value :  5.17818e-06
 Reference value :  5.17973e-06
 Reference value :  5.18108e-06
 Reference value :  5.18253e-06
 Reference value :  5.18398e-06
 Reference value :  5.18538e-06
 Reference value :  5.18678e-06
 Reference value :  5.18823e-06
 Reference value :  5.18973e-06
 Reference value :  5.19118e-06
 Reference value :  5.19263e-06
 Reference value :  5.19403e-06
 Reference value :  5.19538e-06
 Reference value :  5.19683e-06
 Reference value :  5.19828e-06
 Reference value :  5.19978e-06
 Reference value :  5.20103e-06
 Reference value :  5.20248e-06
 Reference value :  5.20388e-06
 Reference value :  5.20528e-06
 Reference value :  5.20673e-06
 Reference value :  5.20818e-06
 Reference value :  5.20958e-06
 Reference value :  5.21108e-06
 Reference value :  5.21253e-06
 Reference value :  5.21398e-06
 Reference value :  5.21548e-06
 Reference value :  5.21693e-06
 Reference value :  5.21838e-06
 Reference value :  5.21978e-06
 Reference value :  5.22101e-06
 Reference value :  5.22243e-06
 Reference value :  5.22383e-06
 Reference value :  5.22523e-06
 Reference value :  5.22648e-06
 Reference value :  5.22778e-06
 Reference value :  5.22908e-06
 Reference value :  5.23028e-06
 Reference value :  5.23143e-06
 Reference value :  5.23273e-06
 Reference value :  5.23403e-06
 Reference value :  5.23528e-06
 Reference value :  5.23658e-06
 Reference value :  5.23788e-06
 Reference value :  5.23918e-06
 Reference value :  5.24053e-06
 Reference value :  5.24173e-06
 Reference value :  5.24303e-06
 Reference value :  5.24428e-06
 Reference value :  5.24558e-06
 Reference value :  5.24688e-06
 Reference value :  5.24818e-06
 Reference value :  5.24943e-06
 Reference value :  5.25053e-06
 Reference value :  5.25168e-06
 Reference value :  5.25293e-06
 Reference value :  5.25418e-06
 Reference value :  5.25558e-06
 Reference value :  5.25703e-06
 Reference value :  5.25843e-06
 Reference value :  5.25978e-06
 Reference value :  5.26102e-06
 Reference value :  5.26243e-06
 Reference value :  5.26388e-06
 Reference value :  5.26538e-06
 Reference value :  5.26678e-06
 Reference value :  5.26818e-06
 Reference value :  5.26958e-06
 Reference value :  5.27113e-06
 Reference value :  5.27253e-06
 Reference value :  5.27393e-06
 Reference value :  5.27533e-06
 Reference value :  5.27668e-06
 Reference value :  5.27808e-06
 Reference value :  5.27948e-06
 Reference value :  5.28073e-06
 Reference value :  5.28203e-06
 Reference value :  5.28343e-06
 Reference value :  5.28478e-06
 Reference value :  5.28618e-06
 Reference value :  5.28758e-06
 Reference value :  5.28903e-06
 Reference value :  5.29033e-06
 Reference value :  5.29163e-06
 Reference value :  5.29293e-06
 Reference value :  5.29423e-06
 Reference value :  5.29553e-06
 Reference value :  5.29683e-06
 Reference value :  5.29808e-06
 Reference value :  5.29938e-06
 Reference value :  5.30063e-06
 Reference value :  5.30183e-06
 Reference value :  5.30313e-06
 Reference value :  5.30438e-06
 Reference value :  5.30563e-06
 Reference value :  5.30683e-06
 Reference value :  5.30803e-06
 Reference value :  5.30928e-06
 Reference value :  5.31038e-06
 Reference value :  5.31148e-06
 Reference value :  5.31273e-06
 Reference value :  5.31398e-06
 Reference value :  5.31523e-06
 Reference value :  5.31648e-06
 Reference value :  5.31773e-06
 Reference value :  5.31903e-06
 Reference value :  5.32023e-06
 Reference value :  5.32138e-06
 Reference value :  5.32268e-06
 Reference value :  5.32398e-06
 Reference value :  5.32528e-06
 Reference value :  5.32658e-06
 Reference value :  5.32778e-06
 Reference value :  5.32903e-06
 Reference value :  5.33018e-06
 Reference value :  5.33128e-06
 Reference value :  5.33248e-06
 Reference value :  5.33368e-06
 Reference value :  5.33488e-06
 Reference value :  5.33618e-06
 Reference value :  5.33748e-06
 Reference value :  5.33873e-06
 Reference value :  5.33996e-06
 Reference value :  5.34101e-06
 Reference value :  5.34223e-06
 Reference value :  5.34348e-06
 Reference value :  5.34473e-06
 Reference value :  5.34603e-06
 Reference value :  5.34723e-06
 Reference value :  5.34843e-06
 Reference value :  5.34988e-06
 Reference value :  5.35128e-06
 Reference value :  5.35268e-06
 Reference value :  5.35408e-06
 Reference value :  5.35553e-06
 Reference value :  5.35693e-06
 Reference value :  5.35838e-06
 Reference value :  5.35983e-06
 Reference value :  5.36153e-06
 Reference value :  5.36298e-06
 Reference value :  5.36443e-06
 Reference value :  5.36588e-06
 Reference value :  5.36733e-06
 Reference value :  5.36868e-06
 Reference value :  5.37001e-06
 Reference value :  5.37123e-06
 Reference value :  5.37263e-06
 Reference value :  5.37403e-06
 Reference value :  5.37548e-06
 Reference value :  5.37688e-06
 Reference value :  5.37833e-06
 Reference value :  5.37978e-06
 Reference value :  5.38102e-06
 Reference value :  5.38238e-06
 Reference value :  5.38358e-06
 Reference value :  5.38483e-06
 Reference value :  5.38608e-06
 Reference value :  5.38733e-06
 Reference value :  5.38873e-06
 Reference value :  5.39001e-06
 Reference value :  5.39108e-06
 Reference value :  5.39238e-06
 Reference value :  5.39378e-06
 Reference value :  5.39508e-06
 Reference value :  5.39633e-06
 Reference value :  5.39763e-06
 Reference value :  5.39923e-06
 Reference value :  5.40088e-06
 Reference value :  5.40248e-06
 Reference value :  5.40393e-06
 Reference value :  5.40533e-06
 Reference value :  5.40658e-06
 Reference value :  5.40783e-06
 Reference value :  5.40903e-06
 Reference value :  5.41023e-06
 Reference value :  5.41158e-06
 Reference value :  5.41283e-06
 Reference value :  5.41408e-06
 Reference value :  5.41538e-06
 Reference value :  5.41668e-06
 Reference value :  5.41793e-06
 Reference value :  5.41923e-06
No. of Data Rows : 111657
vmin_out            =  -1.05101e-03 at=  3.42117e-06
vmax_out            =  1.21706e+00 at=  9.02425e-07
Note: Simulation executed from .control section 
Warning: m=xx on .subckt line will override multiplier m hierarchy!

Note: Starting dynamic gmin stepping
Note: Dynamic gmin stepping completed
