
Note: Compatibility modes selected: hs a


Circuit: * environment: ripple {'mvpp': 30} code 16

Doing analysis at TEMP = 27.000000 and TNOM = 27.000000

Using SPARSE 1.3 as Direct Linear Solver

Initial Transient Solution
--------------------------

Node                                   Voltage
----                                   -------
vpwr                                     1.185
vn                                      -0.015
code[0]                                      0
code[1]                                      0
code[2]                                      0
code[3]                                      0
code[4]                                  1.185
code[5]                                      0
code[6]                                      0
code[7]                                      0
enable                                   1.185
xdut.vbp                              0.732567
xdut.vbn                              0.350024
xdut.n0                               0.132547
xdut.p0                                1.07535
xdut.na0                              0.134025
xdut.s0                               0.610923
xdut.s10                              0.594808
xdut.n1                               0.112754
xdut.p1                                1.08727
xdut.s1                               0.610923
xdut.n2                               0.112754
xdut.p2                                1.08727
xdut.s2                               0.610923
xdut.n3                               0.112754
xdut.p3                                1.08727
xdut.s3                               0.610923
xdut.n4                               0.112754
xdut.p4                                1.08727
xdut.s4                               0.610923
xdut.n5                               0.112754
xdut.p5                                1.08727
xdut.s5                               0.610923
xdut.n6                               0.112754
xdut.p6                                1.08727
xdut.s6                               0.610923
xdut.n7                               0.112754
xdut.p7                                1.08727
xdut.s7                               0.610926
xdut.n8                               0.112754
xdut.p8                                1.08727
xdut.s8                               0.610879
xdut.n9                               0.112758
xdut.p9                                1.08727
xdut.s9                               0.611768
xdut.n10                              0.112687
xdut.p10                               1.08731
xdut.b1                               0.724415
clk_out                              0.0176753
ven#branch                        -6.60023e-12
vc7#branch                         3.81582e-12
vc6#branch                         1.90791e-12
vc5#branch                         9.53954e-13
vc4#branch                        -6.34227e-09
vc3#branch                         2.38489e-13
vc2#branch                         1.19244e-13
vc1#branch                         5.96221e-14
vc0#branch                         2.98111e-14
vn#branch                         -7.15668e-05
vdd#branch                        -7.15668e-05

 Reference value :  0.00000e+00
 Reference value :  2.37500e-09
 Reference value :  4.47500e-09
 Reference value :  6.82500e-09
 Reference value :  9.07500e-09
 Reference value :  1.11250e-08
 Reference value :  1.34250e-08
 Reference value :  1.57750e-08
 Reference value :  1.81250e-08
 Reference value :  2.01750e-08
 Reference value :  2.24250e-08
 Reference value :  2.45250e-08
 Reference value :  2.69250e-08
 Reference value :  2.92750e-08
 Reference value :  3.13750e-08
 Reference value :  3.36250e-08
 Reference value :  3.58750e-08
 Reference value :  3.80750e-08
 Reference value :  4.00750e-08
 Reference value :  4.18250e-08
 Reference value :  4.38250e-08
 Reference value :  4.59250e-08
 Reference value :  4.76750e-08
 Reference value :  4.92750e-08
 Reference value :  5.07750e-08
 Reference value :  5.23250e-08
 Reference value :  5.37750e-08
 Reference value :  5.52250e-08
 Reference value :  5.66750e-08
 Reference value :  5.80250e-08
 Reference value :  5.94250e-08
 Reference value :  6.06750e-08
 Reference value :  6.19250e-08
 Reference value :  6.34250e-08
 Reference value :  6.47750e-08
 Reference value :  6.61750e-08
 Reference value :  6.77250e-08
 Reference value :  6.91250e-08
 Reference value :  7.04250e-08
 Reference value :  7.17750e-08
 Reference value :  7.31750e-08
 Reference value :  7.45750e-08
 Reference value :  7.59750e-08
 Reference value :  7.73750e-08
 Reference value :  7.87250e-08
 Reference value :  8.00750e-08
 Reference value :  8.14750e-08
 Reference value :  8.28750e-08
 Reference value :  8.43750e-08
 Reference value :  8.56250e-08
 Reference value :  8.69250e-08
 Reference value :  8.82250e-08
 Reference value :  8.95250e-08
 Reference value :  9.06750e-08
 Reference value :  9.18250e-08
 Reference value :  9.31750e-08
 Reference value :  9.44750e-08
 Reference value :  9.57750e-08
 Reference value :  9.71250e-08
 Reference value :  9.84250e-08
 Reference value :  9.97250e-08
 Reference value :  1.00925e-07
 Reference value :  1.02025e-07
 Reference value :  1.03275e-07
 Reference value :  1.04575e-07
 Reference value :  1.05775e-07
 Reference value :  1.07075e-07
 Reference value :  1.08325e-07
 Reference value :  1.09625e-07
 Reference value :  1.10825e-07
 Reference value :  1.12025e-07
 Reference value :  1.13275e-07
 Reference value :  1.14575e-07
 Reference value :  1.15875e-07
 Reference value :  1.17175e-07
 Reference value :  1.18425e-07
 Reference value :  1.19775e-07
 Reference value :  1.20963e-07
 Reference value :  1.22125e-07
 Reference value :  1.23425e-07
 Reference value :  1.24725e-07
 Reference value :  1.26025e-07
 Reference value :  1.27275e-07
 Reference value :  1.28575e-07
 Reference value :  1.29825e-07
 Reference value :  1.31000e-07
 Reference value :  1.32175e-07
 Reference value :  1.33425e-07
 Reference value :  1.34725e-07
 Reference value :  1.35975e-07
 Reference value :  1.37275e-07
 Reference value :  1.38525e-07
 Reference value :  1.39775e-07
 Reference value :  1.40925e-07
 Reference value :  1.42025e-07
 Reference value :  1.43325e-07
 Reference value :  1.44625e-07
 Reference value :  1.45875e-07
 Reference value :  1.47225e-07
 Reference value :  1.48525e-07
 Reference value :  1.49875e-07
 Reference value :  1.51015e-07
 Reference value :  1.52325e-07
 Reference value :  1.53625e-07
 Reference value :  1.54925e-07
 Reference value :  1.56275e-07
 Reference value :  1.57575e-07
 Reference value :  1.58925e-07
 Reference value :  1.60075e-07
 Reference value :  1.61225e-07
 Reference value :  1.62525e-07
 Reference value :  1.63825e-07
 Reference value :  1.65125e-07
 Reference value :  1.66475e-07
 Reference value :  1.67775e-07
 Reference value :  1.69075e-07
 Reference value :  1.70175e-07
 Reference value :  1.71375e-07
 Reference value :  1.72825e-07
 Reference value :  1.74225e-07
 Reference value :  1.75675e-07
 Reference value :  1.77125e-07
 Reference value :  1.78575e-07
 Reference value :  1.79963e-07
 Reference value :  1.81175e-07
 Reference value :  1.82625e-07
 Reference value :  1.84075e-07
 Reference value :  1.85525e-07
 Reference value :  1.86975e-07
 Reference value :  1.88425e-07
 Reference value :  1.89875e-07
 Reference value :  1.91075e-07
 Reference value :  1.92475e-07
 Reference value :  1.93925e-07
 Reference value :  1.95325e-07
 Reference value :  1.96725e-07
 Reference value :  1.98175e-07
 Reference value :  1.99575e-07
 Reference value :  2.00825e-07
 Reference value :  2.02125e-07
 Reference value :  2.03525e-07
 Reference value :  2.04925e-07
 Reference value :  2.06375e-07
 Reference value :  2.07775e-07
 Reference value :  2.09225e-07
 Reference value :  2.10525e-07
 Reference value :  2.11875e-07
 Reference value :  2.13325e-07
 Reference value :  2.14725e-07
 Reference value :  2.16175e-07
 Reference value :  2.17575e-07
 Reference value :  2.19025e-07
 Reference value :  2.20175e-07
 Reference value :  2.21375e-07
 Reference value :  2.22675e-07
 Reference value :  2.23975e-07
 Reference value :  2.25275e-07
 Reference value :  2.26575e-07
 Reference value :  2.27825e-07
 Reference value :  2.29125e-07
 Reference value :  2.30425e-07
 Reference value :  2.31775e-07
 Reference value :  2.33125e-07
 Reference value :  2.34525e-07
 Reference value :  2.35975e-07
 Reference value :  2.37325e-07
 Reference value :  2.38675e-07
 Reference value :  2.39925e-07
 Reference value :  2.41005e-07
 Reference value :  2.42225e-07
 Reference value :  2.43525e-07
 Reference value :  2.44825e-07
 Reference value :  2.46175e-07
 Reference value :  2.47475e-07
 Reference value :  2.48775e-07
 Reference value :  2.50005e-07
 Reference value :  2.51125e-07
 Reference value :  2.52475e-07
 Reference value :  2.53775e-07
 Reference value :  2.55075e-07
 Reference value :  2.56425e-07
 Reference value :  2.57675e-07
 Reference value :  2.59025e-07
 Reference value :  2.60175e-07
 Reference value :  2.61375e-07
 Reference value :  2.62675e-07
 Reference value :  2.63975e-07
 Reference value :  2.65275e-07
 Reference value :  2.66525e-07
 Reference value :  2.67875e-07
 Reference value :  2.69175e-07
 Reference value :  2.70325e-07
 Reference value :  2.71525e-07
 Reference value :  2.72775e-07
 Reference value :  2.74075e-07
 Reference value :  2.75375e-07
 Reference value :  2.76675e-07
 Reference value :  2.78025e-07
 Reference value :  2.79325e-07
 Reference value :  2.80575e-07
 Reference value :  2.81925e-07
 Reference value :  2.83325e-07
 Reference value :  2.84775e-07
 Reference value :  2.86325e-07
 Reference value :  2.87675e-07
 Reference value :  2.89075e-07
 Reference value :  2.90375e-07
 Reference value :  2.91675e-07
 Reference value :  2.93075e-07
 Reference value :  2.94475e-07
 Reference value :  2.95925e-07
 Reference value :  2.97325e-07
 Reference value :  2.98775e-07
 Reference value :  3.00075e-07
 Reference value :  3.01425e-07
 Reference value :  3.02875e-07
 Reference value :  3.04325e-07
 Reference value :  3.05775e-07
 Reference value :  3.07225e-07
 Reference value :  3.08875e-07
 Reference value :  3.10125e-07
 Reference value :  3.11425e-07
 Reference value :  3.12825e-07
 Reference value :  3.14275e-07
 Reference value :  3.15725e-07
 Reference value :  3.17125e-07
 Reference value :  3.18575e-07
 Reference value :  3.19963e-07
 Reference value :  3.21125e-07
 Reference value :  3.22525e-07
 Reference value :  3.23925e-07
 Reference value :  3.25375e-07
 Reference value :  3.26775e-07
 Reference value :  3.28275e-07
 Reference value :  3.29675e-07
 Reference value :  3.30963e-07
 Reference value :  3.32225e-07
 Reference value :  3.33625e-07
 Reference value :  3.35025e-07
 Reference value :  3.36425e-07
 Reference value :  3.37775e-07
 Reference value :  3.39225e-07
 Reference value :  3.40475e-07
 Reference value :  3.41775e-07
 Reference value :  3.43225e-07
 Reference value :  3.44675e-07
 Reference value :  3.46125e-07
 Reference value :  3.47625e-07
 Reference value :  3.49025e-07
 Reference value :  3.50125e-07
 Reference value :  3.51225e-07
 Reference value :  3.52525e-07
 Reference value :  3.53825e-07
 Reference value :  3.55025e-07
 Reference value :  3.56275e-07
 Reference value :  3.57675e-07
 Reference value :  3.59075e-07
 Reference value :  3.60425e-07
 Reference value :  3.61725e-07
 Reference value :  3.63175e-07
 Reference value :  3.64575e-07
 Reference value :  3.66025e-07
 Reference value :  3.67425e-07
 Reference value :  3.68875e-07
 Reference value :  3.70225e-07
 Reference value :  3.71525e-07
 Reference value :  3.72975e-07
 Reference value :  3.74425e-07
 Reference value :  3.75875e-07
 Reference value :  3.77375e-07
 Reference value :  3.78575e-07
 Reference value :  3.79875e-07
 Reference value :  3.81000e-07
 Reference value :  3.82175e-07
 Reference value :  3.83475e-07
 Reference value :  3.84825e-07
 Reference value :  3.86125e-07
 Reference value :  3.87475e-07
 Reference value :  3.88775e-07
 Reference value :  3.90015e-07
 Reference value :  3.91175e-07
 Reference value :  3.92425e-07
 Reference value :  3.93775e-07
 Reference value :  3.95075e-07
 Reference value :  3.96375e-07
 Reference value :  3.97675e-07
 Reference value :  3.98975e-07
 Reference value :  4.00225e-07
 Reference value :  4.01425e-07
 Reference value :  4.02775e-07
 Reference value :  4.04075e-07
 Reference value :  4.05375e-07
 Reference value :  4.06575e-07
 Reference value :  4.07875e-07
 Reference value :  4.09125e-07
 Reference value :  4.10275e-07
 Reference value :  4.11475e-07
 Reference value :  4.12775e-07
 Reference value :  4.14075e-07
 Reference value :  4.15375e-07
 Reference value :  4.16675e-07
 Reference value :  4.18125e-07
 Reference value :  4.19575e-07
 Reference value :  4.20925e-07
 Reference value :  4.22275e-07
 Reference value :  4.23725e-07
 Reference value :  4.25225e-07
 Reference value :  4.26675e-07
 Reference value :  4.28025e-07
 Reference value :  4.29475e-07
 Reference value :  4.30775e-07
 Reference value :  4.32125e-07
 Reference value :  4.33575e-07
 Reference value :  4.35025e-07
 Reference value :  4.36475e-07
 Reference value :  4.37775e-07
 Reference value :  4.39075e-07
 Reference value :  4.40275e-07
 Reference value :  4.41475e-07
 Reference value :  4.42775e-07
 Reference value :  4.44075e-07
 Reference value :  4.45425e-07
 Reference value :  4.46675e-07
 Reference value :  4.47975e-07
 Reference value :  4.49225e-07
 Reference value :  4.50425e-07
 Reference value :  4.51575e-07
 Reference value :  4.52925e-07
 Reference value :  4.54225e-07
 Reference value :  4.55525e-07
 Reference value :  4.56825e-07
 Reference value :  4.58125e-07
 Reference value :  4.59575e-07
 Reference value :  4.60875e-07
 Reference value :  4.62175e-07
 Reference value :  4.63625e-07
 Reference value :  4.65275e-07
 Reference value :  4.67075e-07
 Reference value :  4.68725e-07
 Reference value :  4.70035e-07
 Reference value :  4.71325e-07
 Reference value :  4.72775e-07
 Reference value :  4.74025e-07
 Reference value :  4.75425e-07
 Reference value :  4.76875e-07
 Reference value :  4.78325e-07
 Reference value :  4.79825e-07
 Reference value :  4.81035e-07
 Reference value :  4.82475e-07
 Reference value :  4.83875e-07
 Reference value :  4.85125e-07
 Reference value :  4.86425e-07
 Reference value :  4.87725e-07
 Reference value :  4.88975e-07
 Reference value :  4.90175e-07
 Reference value :  4.91325e-07
 Reference value :  4.92625e-07
 Reference value :  4.93825e-07
 Reference value :  4.95075e-07
 Reference value :  4.96375e-07
 Reference value :  4.97575e-07
 Reference value :  4.98875e-07
 Reference value :  5.00035e-07
 Reference value :  5.01125e-07
 Reference value :  5.02425e-07
 Reference value :  5.03725e-07
 Reference value :  5.05025e-07
 Reference value :  5.06325e-07
 Reference value :  5.07725e-07
 Reference value :  5.09175e-07
 Reference value :  5.10425e-07
 Reference value :  5.11775e-07
 Reference value :  5.13175e-07
 Reference value :  5.14625e-07
 Reference value :  5.16025e-07
 Reference value :  5.17525e-07
 Reference value :  5.18925e-07
 Reference value :  5.20275e-07
 Reference value :  5.21575e-07
 Reference value :  5.23075e-07
 Reference value :  5.24525e-07
 Reference value :  5.25975e-07
 Reference value :  5.27425e-07
 Reference value :  5.28825e-07
 Reference value :  5.30175e-07
 Reference value :  5.31475e-07
 Reference value :  5.32925e-07
 Reference value :  5.34375e-07
 Reference value :  5.35775e-07
 Reference value :  5.37175e-07
 Reference value :  5.38575e-07
 Reference value :  5.39963e-07
 Reference value :  5.41225e-07
 Reference value :  5.42675e-07
 Reference value :  5.44125e-07
 Reference value :  5.45575e-07
 Reference value :  5.47025e-07
 Reference value :  5.48475e-07
 Reference value :  5.49925e-07
 Reference value :  5.51175e-07
 Reference value :  5.52625e-07
 Reference value :  5.54075e-07
 Reference value :  5.55525e-07
 Reference value :  5.56925e-07
 Reference value :  5.58325e-07
 Reference value :  5.59775e-07
 Reference value :  5.61035e-07
 Reference value :  5.62475e-07
 Reference value :  5.63975e-07
 Reference value :  5.65425e-07
 Reference value :  5.66825e-07
 Reference value :  5.68125e-07
 Reference value :  5.69375e-07
 Reference value :  5.70525e-07
 Reference value :  5.71675e-07
 Reference value :  5.73075e-07
 Reference value :  5.74525e-07
 Reference value :  5.75925e-07
 Reference value :  5.77325e-07
 Reference value :  5.78775e-07
 Reference value :  5.80035e-07
 Reference value :  5.81325e-07
 Reference value :  5.82775e-07
 Reference value :  5.84175e-07
 Reference value :  5.85725e-07
 Reference value :  5.87175e-07
 Reference value :  5.88575e-07
 Reference value :  5.90000e-07
 Reference value :  5.91275e-07
 Reference value :  5.92725e-07
 Reference value :  5.94175e-07
 Reference value :  5.95675e-07
 Reference value :  5.97125e-07
 Reference value :  5.98625e-07
 Reference value :  6.00005e-07
 Reference value :  6.01325e-07
 Reference value :  6.02775e-07
 Reference value :  6.04275e-07
 Reference value :  6.05775e-07
 Reference value :  6.07175e-07
 Reference value :  6.08675e-07
 Reference value :  6.10175e-07
 Reference value :  6.11375e-07
 Reference value :  6.12675e-07
 Reference value :  6.14025e-07
 Reference value :  6.15375e-07
 Reference value :  6.16725e-07
 Reference value :  6.18025e-07
 Reference value :  6.19325e-07
 Reference value :  6.20525e-07
 Reference value :  6.21675e-07
 Reference value :  6.22975e-07
 Reference value :  6.24275e-07
 Reference value :  6.25625e-07
 Reference value :  6.26975e-07
 Reference value :  6.28225e-07
 Reference value :  6.29525e-07
 Reference value :  6.30725e-07
 Reference value :  6.32075e-07
 Reference value :  6.33575e-07
 Reference value :  6.35025e-07
 Reference value :  6.36475e-07
 Reference value :  6.37925e-07
 Reference value :  6.39375e-07
 Reference value :  6.40725e-07
 Reference value :  6.42075e-07
 Reference value :  6.43525e-07
 Reference value :  6.44975e-07
 Reference value :  6.46425e-07
 Reference value :  6.47875e-07
 Reference value :  6.49175e-07
 Reference value :  6.50325e-07
 Reference value :  6.51425e-07
 Reference value :  6.52675e-07
 Reference value :  6.53975e-07
 Reference value :  6.55275e-07
 Reference value :  6.56625e-07
 Reference value :  6.57925e-07
 Reference value :  6.59175e-07
 Reference value :  6.60375e-07
 Reference value :  6.61525e-07
 Reference value :  6.62875e-07
 Reference value :  6.64225e-07
 Reference value :  6.65475e-07
 Reference value :  6.66825e-07
 Reference value :  6.68075e-07
 Reference value :  6.69375e-07
 Reference value :  6.70575e-07
 Reference value :  6.71725e-07
 Reference value :  6.73025e-07
 Reference value :  6.74275e-07
 Reference value :  6.75575e-07
 Reference value :  6.76875e-07
 Reference value :  6.78325e-07
 Reference value :  6.79725e-07
 Reference value :  6.81000e-07
 Reference value :  6.82375e-07
 Reference value :  6.83875e-07
 Reference value :  6.85325e-07
 Reference value :  6.86775e-07
 Reference value :  6.88275e-07
 Reference value :  6.89675e-07
 Reference value :  6.90963e-07
 Reference value :  6.92225e-07
 Reference value :  6.93625e-07
 Reference value :  6.94975e-07
 Reference value :  6.96425e-07
 Reference value :  6.97825e-07
 Reference value :  6.99225e-07
 Reference value :  7.00525e-07
 Reference value :  7.01825e-07
 Reference value :  7.03275e-07
 Reference value :  7.04675e-07
 Reference value :  7.06075e-07
 Reference value :  7.07525e-07
 Reference value :  7.08975e-07
 Reference value :  7.10275e-07
 Reference value :  7.11625e-07
 Reference value :  7.13125e-07
 Reference value :  7.14575e-07
 Reference value :  7.16025e-07
 Reference value :  7.17875e-07
 Reference value :  7.19425e-07
 Reference value :  7.20725e-07
 Reference value :  7.22125e-07
 Reference value :  7.23525e-07
 Reference value :  7.24975e-07
 Reference value :  7.26375e-07
 Reference value :  7.27875e-07
 Reference value :  7.29275e-07
 Reference value :  7.30625e-07
 Reference value :  7.31975e-07
 Reference value :  7.33425e-07
 Reference value :  7.34875e-07
 Reference value :  7.36325e-07
 Reference value :  7.37775e-07
 Reference value :  7.39225e-07
 Reference value :  7.40625e-07
 Reference value :  7.41975e-07
 Reference value :  7.43425e-07
 Reference value :  7.44925e-07
 Reference value :  7.46375e-07
 Reference value :  7.47775e-07
 Reference value :  7.49225e-07
 Reference value :  7.50525e-07
 Reference value :  7.51825e-07
 Reference value :  7.53275e-07
 Reference value :  7.54625e-07
 Reference value :  7.56125e-07
 Reference value :  7.57475e-07
 Reference value :  7.58825e-07
 Reference value :  7.60035e-07
 Reference value :  7.61175e-07
 Reference value :  7.62475e-07
 Reference value :  7.63825e-07
 Reference value :  7.65075e-07
 Reference value :  7.66325e-07
 Reference value :  7.67575e-07
 Reference value :  7.68825e-07
 Reference value :  7.70035e-07
 Reference value :  7.71175e-07
 Reference value :  7.72475e-07
 Reference value :  7.73775e-07
 Reference value :  7.75025e-07
 Reference value :  7.76325e-07
 Reference value :  7.77625e-07
 Reference value :  7.78925e-07
 Reference value :  7.80125e-07
 Reference value :  7.81275e-07
 Reference value :  7.82725e-07
 Reference value :  7.84175e-07
 Reference value :  7.85625e-07
 Reference value :  7.87125e-07
 Reference value :  7.88575e-07
 Reference value :  7.89963e-07
 Reference value :  7.91175e-07
 Reference value :  7.92675e-07
 Reference value :  7.94125e-07
 Reference value :  7.95575e-07
 Reference value :  7.97025e-07
 Reference value :  7.98325e-07
 Reference value :  7.99625e-07
 Reference value :  8.00825e-07
 Reference value :  8.01975e-07
 Reference value :  8.03325e-07
 Reference value :  8.04625e-07
 Reference value :  8.05875e-07
 Reference value :  8.07075e-07
 Reference value :  8.08275e-07
 Reference value :  8.09525e-07
 Reference value :  8.10675e-07
 Reference value :  8.11825e-07
 Reference value :  8.13075e-07
 Reference value :  8.14375e-07
 Reference value :  8.15625e-07
 Reference value :  8.16925e-07
 Reference value :  8.18225e-07
 Reference value :  8.19425e-07
 Reference value :  8.20625e-07
 Reference value :  8.21825e-07
 Reference value :  8.23125e-07
 Reference value :  8.24425e-07
 Reference value :  8.25725e-07
 Reference value :  8.27025e-07
 Reference value :  8.28325e-07
 Reference value :  8.29575e-07
 Reference value :  8.30775e-07
 Reference value :  8.31925e-07
 Reference value :  8.33325e-07
 Reference value :  8.34825e-07
 Reference value :  8.36275e-07
 Reference value :  8.37775e-07
 Reference value :  8.39225e-07
 Reference value :  8.40575e-07
 Reference value :  8.41875e-07
 Reference value :  8.43325e-07
 Reference value :  8.44775e-07
 Reference value :  8.46225e-07
 Reference value :  8.47725e-07
 Reference value :  8.49175e-07
 Reference value :  8.50525e-07
 Reference value :  8.51875e-07
 Reference value :  8.53325e-07
 Reference value :  8.54825e-07
 Reference value :  8.56275e-07
 Reference value :  8.57725e-07
 Reference value :  8.59225e-07
 Reference value :  8.60575e-07
 Reference value :  8.61925e-07
 Reference value :  8.63375e-07
 Reference value :  8.64825e-07
 Reference value :  8.66275e-07
 Reference value :  8.67675e-07
 Reference value :  8.69175e-07
 Reference value :  8.70525e-07
 Reference value :  8.72025e-07
 Reference value :  8.73525e-07
 Reference value :  8.75275e-07
 Reference value :  8.76825e-07
 Reference value :  8.78225e-07
 Reference value :  8.79725e-07
 Reference value :  8.81015e-07
 Reference value :  8.82425e-07
 Reference value :  8.83775e-07
 Reference value :  8.85225e-07
 Reference value :  8.86625e-07
 Reference value :  8.88075e-07
 Reference value :  8.89525e-07
 Reference value :  8.90875e-07
 Reference value :  8.92225e-07
 Reference value :  8.93675e-07
 Reference value :  8.95125e-07
 Reference value :  8.96625e-07
 Reference value :  8.98025e-07
 Reference value :  8.99475e-07
 Reference value :  9.00825e-07
 Reference value :  9.02175e-07
 Reference value :  9.03625e-07
 Reference value :  9.05075e-07
 Reference value :  9.06575e-07
 Reference value :  9.08025e-07
 Reference value :  9.09525e-07
 Reference value :  9.10775e-07
 Reference value :  9.12075e-07
 Reference value :  9.13475e-07
 Reference value :  9.14975e-07
 Reference value :  9.16425e-07
 Reference value :  9.17875e-07
 Reference value :  9.19325e-07
 Reference value :  9.20625e-07
 Reference value :  9.21975e-07
 Reference value :  9.23425e-07
 Reference value :  9.24775e-07
 Reference value :  9.25975e-07
 Reference value :  9.27225e-07
 Reference value :  9.28525e-07
 Reference value :  9.29925e-07
 Reference value :  9.31075e-07
 Reference value :  9.32475e-07
 Reference value :  9.33925e-07
 Reference value :  9.35375e-07
 Reference value :  9.36825e-07
 Reference value :  9.38225e-07
 Reference value :  9.40005e-07
 Reference value :  9.41275e-07
 Reference value :  9.42725e-07
 Reference value :  9.44125e-07
 Reference value :  9.45575e-07
 Reference value :  9.46975e-07
 Reference value :  9.48375e-07
 Reference value :  9.49775e-07
 Reference value :  9.51015e-07
 Reference value :  9.52375e-07
 Reference value :  9.53825e-07
 Reference value :  9.55275e-07
 Reference value :  9.56725e-07
 Reference value :  9.58175e-07
 Reference value :  9.59575e-07
 Reference value :  9.60925e-07
 Reference value :  9.62475e-07
 Reference value :  9.63925e-07
 Reference value :  9.65375e-07
 Reference value :  9.66825e-07
 Reference value :  9.68225e-07
 Reference value :  9.69725e-07
 Reference value :  9.70875e-07
 Reference value :  9.72075e-07
 Reference value :  9.73275e-07
 Reference value :  9.74525e-07
 Reference value :  9.75825e-07
 Reference value :  9.77075e-07
 Reference value :  9.78425e-07
 Reference value :  9.79725e-07
 Reference value :  9.80925e-07
 Reference value :  9.82125e-07
 Reference value :  9.83425e-07
 Reference value :  9.84725e-07
 Reference value :  9.86075e-07
 Reference value :  9.87375e-07
 Reference value :  9.88675e-07
 Reference value :  9.89962e-07
 Reference value :  9.91035e-07
 Reference value :  9.92375e-07
 Reference value :  9.93625e-07
 Reference value :  9.94925e-07
 Reference value :  9.96225e-07
 Reference value :  9.97525e-07
 Reference value :  9.98875e-07
 Reference value :  1.00003e-06
 Reference value :  1.00112e-06
 Reference value :  1.00232e-06
 Reference value :  1.00357e-06
 Reference value :  1.00477e-06
 Reference value :  1.00612e-06
 Reference value :  1.00737e-06
 Reference value :  1.00867e-06
 Reference value :  1.01000e-06
 Reference value :  1.01107e-06
 Reference value :  1.01237e-06
 Reference value :  1.01367e-06
 Reference value :  1.01497e-06
 Reference value :  1.01627e-06
 Reference value :  1.01757e-06
 Reference value :  1.01902e-06
 Reference value :  1.02027e-06
 Reference value :  1.02142e-06
 Reference value :  1.02282e-06
 Reference value :  1.02432e-06
 Reference value :  1.02577e-06
 Reference value :  1.02717e-06
 Reference value :  1.02852e-06
 Reference value :  1.02992e-06
 Reference value :  1.03107e-06
 Reference value :  1.03237e-06
 Reference value :  1.03367e-06
 Reference value :  1.03492e-06
 Reference value :  1.03622e-06
 Reference value :  1.03747e-06
 Reference value :  1.03877e-06
 Reference value :  1.04000e-06
 Reference value :  1.04108e-06
 Reference value :  1.04237e-06
 Reference value :  1.04362e-06
 Reference value :  1.04492e-06
 Reference value :  1.04622e-06
 Reference value :  1.04747e-06
 Reference value :  1.04882e-06
 Reference value :  1.05001e-06
 Reference value :  1.05117e-06
 Reference value :  1.05247e-06
 Reference value :  1.05382e-06
 Reference value :  1.05512e-06
 Reference value :  1.05642e-06
 Reference value :  1.05772e-06
 Reference value :  1.05902e-06
 Reference value :  1.06022e-06
 Reference value :  1.06142e-06
 Reference value :  1.06272e-06
 Reference value :  1.06407e-06
 Reference value :  1.06542e-06
 Reference value :  1.06672e-06
 Reference value :  1.06807e-06
 Reference value :  1.06937e-06
 Reference value :  1.07057e-06
 Reference value :  1.07182e-06
 Reference value :  1.07317e-06
 Reference value :  1.07452e-06
 Reference value :  1.07582e-06
 Reference value :  1.07712e-06
 Reference value :  1.07842e-06
 Reference value :  1.07972e-06
 Reference value :  1.08092e-06
 Reference value :  1.08212e-06
 Reference value :  1.08342e-06
 Reference value :  1.08472e-06
 Reference value :  1.08602e-06
 Reference value :  1.08732e-06
 Reference value :  1.08862e-06
 Reference value :  1.08982e-06
 Reference value :  1.09092e-06
 Reference value :  1.09207e-06
 Reference value :  1.09337e-06
 Reference value :  1.09467e-06
 Reference value :  1.09602e-06
 Reference value :  1.09732e-06
 Reference value :  1.09862e-06
 Reference value :  1.09996e-06
 Reference value :  1.10108e-06
 Reference value :  1.10232e-06
 Reference value :  1.10362e-06
 Reference value :  1.10492e-06
 Reference value :  1.10622e-06
 Reference value :  1.10747e-06
 Reference value :  1.10877e-06
 Reference value :  1.11000e-06
 Reference value :  1.11107e-06
 Reference value :  1.11242e-06
 Reference value :  1.11372e-06
 Reference value :  1.11507e-06
 Reference value :  1.11632e-06
 Reference value :  1.11762e-06
 Reference value :  1.11892e-06
 Reference value :  1.12008e-06
 Reference value :  1.12127e-06
 Reference value :  1.12257e-06
 Reference value :  1.12387e-06
 Reference value :  1.12517e-06
 Reference value :  1.12647e-06
 Reference value :  1.12777e-06
 Reference value :  1.12907e-06
 Reference value :  1.13017e-06
 Reference value :  1.13137e-06
 Reference value :  1.13267e-06
 Reference value :  1.13397e-06
 Reference value :  1.13527e-06
 Reference value :  1.13657e-06
 Reference value :  1.13792e-06
 Reference value :  1.13927e-06
 Reference value :  1.14052e-06
 Reference value :  1.14172e-06
 Reference value :  1.14302e-06
 Reference value :  1.14432e-06
 Reference value :  1.14562e-06
 Reference value :  1.14687e-06
 Reference value :  1.14822e-06
 Reference value :  1.14947e-06
 Reference value :  1.15067e-06
 Reference value :  1.15187e-06
 Reference value :  1.15317e-06
 Reference value :  1.15452e-06
 Reference value :  1.15582e-06
 Reference value :  1.15707e-06
 Reference value :  1.15837e-06
 Reference value :  1.15967e-06
 Reference value :  1.16087e-06
 Reference value :  1.16207e-06
 Reference value :  1.16337e-06
 Reference value :  1.16467e-06
 Reference value :  1.16597e-06
 Reference value :  1.16727e-06
 Reference value :  1.16852e-06
 Reference value :  1.16982e-06
 Reference value :  1.17096e-06
 Reference value :  1.17212e-06
 Reference value :  1.17342e-06
 Reference value :  1.17467e-06
 Reference value :  1.17587e-06
 Reference value :  1.17712e-06
 Reference value :  1.17832e-06
 Reference value :  1.17957e-06
 Reference value :  1.18067e-06
 Reference value :  1.18177e-06
 Reference value :  1.18307e-06
 Reference value :  1.18437e-06
 Reference value :  1.18572e-06
 Reference value :  1.18707e-06
 Reference value :  1.18852e-06
 Reference value :  1.18992e-06
 Reference value :  1.19101e-06
 Reference value :  1.19227e-06
 Reference value :  1.19357e-06
 Reference value :  1.19492e-06
 Reference value :  1.19627e-06
 Reference value :  1.19772e-06
 Reference value :  1.19912e-06
 Reference value :  1.20032e-06
 Reference value :  1.20147e-06
 Reference value :  1.20277e-06
 Reference value :  1.20407e-06
 Reference value :  1.20537e-06
 Reference value :  1.20667e-06
 Reference value :  1.20792e-06
 Reference value :  1.20927e-06
 Reference value :  1.21047e-06
 Reference value :  1.21162e-06
 Reference value :  1.21297e-06
 Reference value :  1.21427e-06
 Reference value :  1.21562e-06
 Reference value :  1.21692e-06
 Reference value :  1.21817e-06
 Reference value :  1.21942e-06
 Reference value :  1.22057e-06
 Reference value :  1.22172e-06
 Reference value :  1.22297e-06
 Reference value :  1.22422e-06
 Reference value :  1.22542e-06
 Reference value :  1.22662e-06
 Reference value :  1.22787e-06
 Reference value :  1.22907e-06
 Reference value :  1.23022e-06
 Reference value :  1.23132e-06
 Reference value :  1.23257e-06
 Reference value :  1.23377e-06
 Reference value :  1.23502e-06
 Reference value :  1.23632e-06
 Reference value :  1.23757e-06
 Reference value :  1.23882e-06
 Reference value :  1.24000e-06
 Reference value :  1.24112e-06
 Reference value :  1.24242e-06
 Reference value :  1.24367e-06
 Reference value :  1.24497e-06
 Reference value :  1.24622e-06
 Reference value :  1.24752e-06
 Reference value :  1.24877e-06
 Reference value :  1.25000e-06
 Reference value :  1.25107e-06
 Reference value :  1.25237e-06
 Reference value :  1.25367e-06
 Reference value :  1.25502e-06
 Reference value :  1.25632e-06
 Reference value :  1.25767e-06
 Reference value :  1.25892e-06
 Reference value :  1.26012e-06
 Reference value :  1.26127e-06
 Reference value :  1.26257e-06
 Reference value :  1.26392e-06
 Reference value :  1.26522e-06
 Reference value :  1.26647e-06
 Reference value :  1.26777e-06
 Reference value :  1.26902e-06
 Reference value :  1.27022e-06
 Reference value :  1.27142e-06
 Reference value :  1.27277e-06
 Reference value :  1.27407e-06
 Reference value :  1.27537e-06
 Reference value :  1.27667e-06
 Reference value :  1.27792e-06
 Reference value :  1.27927e-06
 Reference value :  1.28057e-06
 Reference value :  1.28187e-06
 Reference value :  1.28332e-06
 Reference value :  1.28477e-06
 Reference value :  1.28622e-06
 Reference value :  1.28767e-06
 Reference value :  1.28912e-06
 Reference value :  1.29037e-06
 Reference value :  1.29162e-06
 Reference value :  1.29307e-06
 Reference value :  1.29442e-06
 Reference value :  1.29582e-06
 Reference value :  1.29727e-06
 Reference value :  1.29867e-06
 Reference value :  1.30002e-06
 Reference value :  1.30122e-06
 Reference value :  1.30247e-06
 Reference value :  1.30377e-06
 Reference value :  1.30507e-06
 Reference value :  1.30637e-06
 Reference value :  1.30767e-06
 Reference value :  1.30897e-06
 Reference value :  1.31017e-06
 Reference value :  1.31137e-06
 Reference value :  1.31267e-06
 Reference value :  1.31397e-06
 Reference value :  1.31527e-06
 Reference value :  1.31657e-06
 Reference value :  1.31782e-06
 Reference value :  1.31912e-06
 Reference value :  1.32027e-06
 Reference value :  1.32142e-06
 Reference value :  1.32272e-06
 Reference value :  1.32402e-06
 Reference value :  1.32532e-06
 Reference value :  1.32662e-06
 Reference value :  1.32787e-06
 Reference value :  1.32917e-06
 Reference value :  1.33032e-06
 Reference value :  1.33152e-06
 Reference value :  1.33272e-06
 Reference value :  1.33397e-06
 Reference value :  1.33522e-06
 Reference value :  1.33642e-06
 Reference value :  1.33767e-06
 Reference value :  1.33892e-06
 Reference value :  1.34008e-06
 Reference value :  1.34127e-06
 Reference value :  1.34252e-06
 Reference value :  1.34382e-06
 Reference value :  1.34512e-06
 Reference value :  1.34642e-06
 Reference value :  1.34767e-06
 Reference value :  1.34892e-06
 Reference value :  1.35012e-06
 Reference value :  1.35132e-06
 Reference value :  1.35277e-06
 Reference value :  1.35427e-06
 Reference value :  1.35567e-06
 Reference value :  1.35712e-06
 Reference value :  1.35862e-06
 Reference value :  1.36002e-06
 Reference value :  1.36127e-06
 Reference value :  1.36267e-06
 Reference value :  1.36407e-06
 Reference value :  1.36547e-06
 Reference value :  1.36692e-06
 Reference value :  1.36832e-06
 Reference value :  1.36977e-06
 Reference value :  1.37103e-06
 Reference value :  1.37247e-06
 Reference value :  1.37392e-06
 Reference value :  1.37532e-06
 Reference value :  1.37667e-06
 Reference value :  1.37802e-06
 Reference value :  1.37942e-06
 Reference value :  1.38067e-06
 Reference value :  1.38197e-06
 Reference value :  1.38342e-06
 Reference value :  1.38482e-06
 Reference value :  1.38627e-06
 Reference value :  1.38762e-06
 Reference value :  1.38907e-06
 Reference value :  1.39032e-06
 Reference value :  1.39162e-06
 Reference value :  1.39302e-06
 Reference value :  1.39442e-06
 Reference value :  1.39582e-06
 Reference value :  1.39717e-06
 Reference value :  1.39862e-06
 Reference value :  1.40002e-06
 Reference value :  1.40127e-06
 Reference value :  1.40267e-06
 Reference value :  1.40407e-06
 Reference value :  1.40542e-06
 Reference value :  1.40687e-06
 Reference value :  1.40822e-06
 Reference value :  1.40957e-06
 Reference value :  1.41087e-06
 Reference value :  1.41217e-06
 Reference value :  1.41367e-06
 Reference value :  1.41512e-06
 Reference value :  1.41657e-06
 Reference value :  1.41802e-06
 Reference value :  1.41987e-06
 Reference value :  1.42127e-06
 Reference value :  1.42272e-06
 Reference value :  1.42412e-06
 Reference value :  1.42557e-06
 Reference value :  1.42702e-06
 Reference value :  1.42852e-06
 Reference value :  1.42996e-06
 Reference value :  1.43112e-06
 Reference value :  1.43252e-06
 Reference value :  1.43397e-06
 Reference value :  1.43542e-06
 Reference value :  1.43687e-06
 Reference value :  1.43837e-06
 Reference value :  1.43982e-06
 Reference value :  1.44103e-06
 Reference value :  1.44247e-06
 Reference value :  1.44392e-06
 Reference value :  1.44542e-06
 Reference value :  1.44687e-06
 Reference value :  1.44827e-06
 Reference value :  1.44967e-06
 Reference value :  1.45096e-06
 Reference value :  1.45232e-06
 Reference value :  1.45377e-06
 Reference value :  1.45527e-06
 Reference value :  1.45672e-06
 Reference value :  1.45812e-06
 Reference value :  1.45957e-06
 Reference value :  1.46087e-06
 Reference value :  1.46217e-06
 Reference value :  1.46362e-06
 Reference value :  1.46507e-06
 Reference value :  1.46647e-06
 Reference value :  1.46797e-06
 Reference value :  1.46937e-06
 Reference value :  1.47067e-06
 Reference value :  1.47192e-06
 Reference value :  1.47332e-06
 Reference value :  1.47457e-06
 Reference value :  1.47582e-06
 Reference value :  1.47707e-06
 Reference value :  1.47832e-06
 Reference value :  1.47952e-06
 Reference value :  1.48067e-06
 Reference value :  1.48182e-06
 Reference value :  1.48312e-06
 Reference value :  1.48442e-06
 Reference value :  1.48572e-06
 Reference value :  1.48717e-06
 Reference value :  1.48862e-06
 Reference value :  1.49000e-06
 Reference value :  1.49101e-06
 Reference value :  1.49222e-06
 Reference value :  1.49347e-06
 Reference value :  1.49472e-06
 Reference value :  1.49592e-06
 Reference value :  1.49722e-06
 Reference value :  1.49852e-06
 Reference value :  1.49977e-06
 Reference value :  1.50102e-06
 Reference value :  1.50247e-06
 Reference value :  1.50392e-06
 Reference value :  1.50537e-06
 Reference value :  1.50682e-06
 Reference value :  1.50822e-06
 Reference value :  1.50977e-06
 Reference value :  1.51107e-06
 Reference value :  1.51282e-06
 Reference value :  1.51447e-06
 Reference value :  1.51577e-06
 Reference value :  1.51707e-06
 Reference value :  1.51842e-06
 Reference value :  1.51972e-06
 Reference value :  1.52092e-06
 Reference value :  1.52212e-06
 Reference value :  1.52342e-06
 Reference value :  1.52467e-06
 Reference value :  1.52597e-06
 Reference value :  1.52727e-06
 Reference value :  1.52857e-06
 Reference value :  1.52987e-06
 Reference value :  1.53100e-06
 Reference value :  1.53242e-06
 Reference value :  1.53427e-06
 Reference value :  1.53572e-06
 Reference value :  1.53717e-06
 Reference value :  1.53862e-06
 Reference value :  1.54000e-06
 Reference value :  1.54117e-06
 Reference value :  1.54262e-06
 Reference value :  1.54397e-06
 Reference value :  1.54532e-06
 Reference value :  1.54657e-06
 Reference value :  1.54792e-06
 Reference value :  1.54917e-06
 Reference value :  1.55037e-06
 Reference value :  1.55157e-06
 Reference value :  1.55287e-06
 Reference value :  1.55412e-06
 Reference value :  1.55537e-06
 Reference value :  1.55657e-06
 Reference value :  1.55787e-06
 Reference value :  1.55912e-06
 Reference value :  1.56027e-06
 Reference value :  1.56142e-06
 Reference value :  1.56272e-06
 Reference value :  1.56397e-06
 Reference value :  1.56522e-06
 Reference value :  1.56652e-06
 Reference value :  1.56777e-06
 Reference value :  1.56902e-06
 Reference value :  1.57012e-06
 Reference value :  1.57122e-06
 Reference value :  1.57247e-06
 Reference value :  1.57377e-06
 Reference value :  1.57502e-06
 Reference value :  1.57627e-06
 Reference value :  1.57752e-06
 Reference value :  1.57877e-06
 Reference value :  1.58001e-06
 Reference value :  1.58104e-06
 Reference value :  1.58232e-06
 Reference value :  1.58362e-06
 Reference value :  1.58492e-06
 Reference value :  1.58622e-06
 Reference value :  1.58757e-06
 Reference value :  1.58887e-06
 Reference value :  1.59007e-06
 Reference value :  1.59122e-06
 Reference value :  1.59247e-06
 Reference value :  1.59372e-06
 Reference value :  1.59492e-06
 Reference value :  1.59617e-06
 Reference value :  1.59747e-06
 Reference value :  1.59877e-06
 Reference value :  1.60004e-06
 Reference value :  1.60122e-06
 Reference value :  1.60247e-06
 Reference value :  1.60367e-06
 Reference value :  1.60492e-06
 Reference value :  1.60607e-06
 Reference value :  1.60732e-06
 Reference value :  1.60852e-06
 Reference value :  1.60972e-06
 Reference value :  1.61082e-06
 Reference value :  1.61197e-06
 Reference value :  1.61322e-06
 Reference value :  1.61447e-06
 Reference value :  1.61572e-06
 Reference value :  1.61697e-06
 Reference value :  1.61817e-06
 Reference value :  1.61942e-06
 Reference value :  1.62052e-06
 Reference value :  1.62152e-06
 Reference value :  1.62277e-06
 Reference value :  1.62397e-06
 Reference value :  1.62522e-06
 Reference value :  1.62647e-06
 Reference value :  1.62777e-06
 Reference value :  1.62907e-06
 Reference value :  1.63022e-06
 Reference value :  1.63132e-06
 Reference value :  1.63252e-06
 Reference value :  1.63372e-06
 Reference value :  1.63497e-06
 Reference value :  1.63612e-06
 Reference value :  1.63732e-06
 Reference value :  1.63847e-06
 Reference value :  1.63972e-06
 Reference value :  1.64087e-06
 Reference value :  1.64202e-06
 Reference value :  1.64322e-06
 Reference value :  1.64447e-06
 Reference value :  1.64577e-06
 Reference value :  1.64717e-06
 Reference value :  1.64862e-06
 Reference value :  1.65000e-06
 Reference value :  1.65107e-06
 Reference value :  1.65237e-06
 Reference value :  1.65367e-06
 Reference value :  1.65497e-06
 Reference value :  1.65627e-06
 Reference value :  1.65757e-06
 Reference value :  1.65887e-06
 Reference value :  1.66003e-06
 Reference value :  1.66122e-06
 Reference value :  1.66252e-06
 Reference value :  1.66382e-06
 Reference value :  1.66512e-06
 Reference value :  1.66632e-06
 Reference value :  1.66752e-06
 Reference value :  1.66872e-06
 Reference value :  1.66996e-06
 Reference value :  1.67101e-06
 Reference value :  1.67222e-06
 Reference value :  1.67347e-06
 Reference value :  1.67472e-06
 Reference value :  1.67597e-06
 Reference value :  1.67722e-06
 Reference value :  1.67842e-06
 Reference value :  1.67972e-06
 Reference value :  1.68087e-06
 Reference value :  1.68202e-06
 Reference value :  1.68332e-06
 Reference value :  1.68462e-06
 Reference value :  1.68582e-06
 Reference value :  1.68702e-06
 Reference value :  1.68822e-06
 Reference value :  1.68942e-06
 Reference value :  1.69047e-06
 Reference value :  1.69157e-06
 Reference value :  1.69282e-06
 Reference value :  1.69412e-06
 Reference value :  1.69537e-06
 Reference value :  1.69662e-06
 Reference value :  1.69787e-06
 Reference value :  1.69917e-06
 Reference value :  1.70022e-06
 Reference value :  1.70132e-06
 Reference value :  1.70252e-06
 Reference value :  1.70367e-06
 Reference value :  1.70487e-06
 Reference value :  1.70607e-06
 Reference value :  1.70727e-06
 Reference value :  1.70852e-06
 Reference value :  1.70982e-06
 Reference value :  1.71100e-06
 Reference value :  1.71217e-06
 Reference value :  1.71347e-06
 Reference value :  1.71477e-06
 Reference value :  1.71607e-06
 Reference value :  1.71737e-06
 Reference value :  1.71867e-06
 Reference value :  1.71987e-06
 Reference value :  1.72096e-06
 Reference value :  1.72207e-06
 Reference value :  1.72327e-06
 Reference value :  1.72452e-06
 Reference value :  1.72572e-06
 Reference value :  1.72692e-06
 Reference value :  1.72817e-06
 Reference value :  1.72947e-06
 Reference value :  1.73057e-06
 Reference value :  1.73172e-06
 Reference value :  1.73307e-06
 Reference value :  1.73452e-06
 Reference value :  1.73597e-06
 Reference value :  1.73747e-06
 Reference value :  1.73892e-06
 Reference value :  1.74022e-06
 Reference value :  1.74177e-06
 Reference value :  1.74392e-06
 Reference value :  1.74537e-06
 Reference value :  1.74682e-06
 Reference value :  1.74827e-06
 Reference value :  1.74977e-06
 Reference value :  1.75103e-06
 Reference value :  1.75247e-06
 Reference value :  1.75392e-06
 Reference value :  1.75537e-06
 Reference value :  1.75687e-06
 Reference value :  1.75827e-06
 Reference value :  1.75972e-06
 Reference value :  1.76101e-06
 Reference value :  1.76237e-06
 Reference value :  1.76387e-06
 Reference value :  1.76532e-06
 Reference value :  1.76677e-06
 Reference value :  1.76822e-06
 Reference value :  1.76962e-06
 Reference value :  1.77096e-06
 Reference value :  1.77227e-06
 Reference value :  1.77372e-06
 Reference value :  1.77517e-06
 Reference value :  1.77662e-06
 Reference value :  1.77802e-06
 Reference value :  1.77942e-06
 Reference value :  1.78077e-06
 Reference value :  1.78207e-06
 Reference value :  1.78347e-06
 Reference value :  1.78522e-06
 Reference value :  1.78707e-06
 Reference value :  1.78847e-06
 Reference value :  1.78987e-06
 Reference value :  1.79103e-06
 Reference value :  1.79242e-06
 Reference value :  1.79387e-06
 Reference value :  1.79532e-06
 Reference value :  1.79677e-06
 Reference value :  1.79827e-06
 Reference value :  1.79977e-06
 Reference value :  1.80102e-06
 Reference value :  1.80242e-06
 Reference value :  1.80392e-06
 Reference value :  1.80537e-06
 Reference value :  1.80682e-06
 Reference value :  1.80827e-06
 Reference value :  1.80972e-06
 Reference value :  1.81102e-06
 Reference value :  1.81247e-06
 Reference value :  1.81392e-06
 Reference value :  1.81532e-06
 Reference value :  1.81677e-06
 Reference value :  1.81817e-06
 Reference value :  1.81957e-06
 Reference value :  1.82087e-06
 Reference value :  1.82217e-06
 Reference value :  1.82362e-06
 Reference value :  1.82507e-06
 Reference value :  1.82652e-06
 Reference value :  1.82797e-06
 Reference value :  1.82942e-06
 Reference value :  1.83077e-06
 Reference value :  1.83212e-06
 Reference value :  1.83357e-06
 Reference value :  1.83502e-06
 Reference value :  1.83652e-06
 Reference value :  1.83802e-06
 Reference value :  1.83942e-06
 Reference value :  1.84072e-06
 Reference value :  1.84202e-06
 Reference value :  1.84347e-06
 Reference value :  1.84487e-06
 Reference value :  1.84632e-06
 Reference value :  1.84772e-06
 Reference value :  1.84907e-06
 Reference value :  1.85027e-06
 Reference value :  1.85137e-06
 Reference value :  1.85262e-06
 Reference value :  1.85382e-06
 Reference value :  1.85507e-06
 Reference value :  1.85632e-06
 Reference value :  1.85752e-06
 Reference value :  1.85882e-06
 Reference value :  1.86000e-06
 Reference value :  1.86103e-06
 Reference value :  1.86237e-06
 Reference value :  1.86367e-06
 Reference value :  1.86502e-06
 Reference value :  1.86637e-06
 Reference value :  1.86767e-06
 Reference value :  1.86902e-06
 Reference value :  1.87022e-06
 Reference value :  1.87142e-06
 Reference value :  1.87272e-06
 Reference value :  1.87407e-06
 Reference value :  1.87542e-06
 Reference value :  1.87672e-06
 Reference value :  1.87802e-06
 Reference value :  1.87932e-06
 Reference value :  1.88052e-06
 Reference value :  1.88162e-06
 Reference value :  1.88287e-06
 Reference value :  1.88407e-06
 Reference value :  1.88532e-06
 Reference value :  1.88652e-06
 Reference value :  1.88782e-06
 Reference value :  1.88912e-06
 Reference value :  1.89032e-06
 Reference value :  1.89152e-06
 Reference value :  1.89287e-06
 Reference value :  1.89422e-06
 Reference value :  1.89547e-06
 Reference value :  1.89672e-06
 Reference value :  1.89792e-06
 Reference value :  1.89912e-06
 Reference value :  1.90022e-06
 Reference value :  1.90137e-06
 Reference value :  1.90267e-06
 Reference value :  1.90397e-06
 Reference value :  1.90532e-06
 Reference value :  1.90657e-06
 Reference value :  1.90787e-06
 Reference value :  1.90907e-06
 Reference value :  1.91017e-06
 Reference value :  1.91133e-06
 Reference value :  1.91263e-06
 Reference value :  1.91383e-06
 Reference value :  1.91508e-06
 Reference value :  1.91633e-06
 Reference value :  1.91758e-06
 Reference value :  1.91888e-06
 Reference value :  1.92001e-06
 Reference value :  1.92108e-06
 Reference value :  1.92228e-06
 Reference value :  1.92353e-06
 Reference value :  1.92478e-06
 Reference value :  1.92603e-06
 Reference value :  1.92723e-06
 Reference value :  1.92853e-06
 Reference value :  1.92978e-06
 Reference value :  1.93100e-06
 Reference value :  1.93238e-06
 Reference value :  1.93383e-06
 Reference value :  1.93533e-06
 Reference value :  1.93668e-06
 Reference value :  1.93808e-06
 Reference value :  1.93943e-06
 Reference value :  1.94073e-06
 Reference value :  1.94198e-06
 Reference value :  1.94338e-06
 Reference value :  1.94483e-06
 Reference value :  1.94613e-06
 Reference value :  1.94748e-06
 Reference value :  1.94878e-06
 Reference value :  1.95007e-06
 Reference value :  1.95138e-06
 Reference value :  1.95283e-06
 Reference value :  1.95428e-06
 Reference value :  1.95573e-06
 Reference value :  1.95713e-06
 Reference value :  1.95853e-06
 Reference value :  1.95996e-06
 Reference value :  1.96117e-06
 Reference value :  1.96263e-06
 Reference value :  1.96403e-06
 Reference value :  1.96548e-06
 Reference value :  1.96688e-06
 Reference value :  1.96888e-06
 Reference value :  1.97048e-06
 Reference value :  1.97183e-06
 Reference value :  1.97333e-06
 Reference value :  1.97483e-06
 Reference value :  1.97618e-06
 Reference value :  1.97743e-06
 Reference value :  1.97873e-06
 Reference value :  1.97996e-06
 Reference value :  1.98101e-06
 Reference value :  1.98228e-06
 Reference value :  1.98358e-06
 Reference value :  1.98503e-06
 Reference value :  1.98648e-06
 Reference value :  1.98788e-06
 Reference value :  1.98938e-06
 Reference value :  1.99073e-06
 Reference value :  1.99208e-06
 Reference value :  1.99353e-06
 Reference value :  1.99498e-06
 Reference value :  1.99638e-06
 Reference value :  1.99783e-06
 Reference value :  1.99928e-06
 Reference value :  2.00063e-06
 Reference value :  2.00198e-06
 Reference value :  2.00343e-06
 Reference value :  2.00483e-06
 Reference value :  2.00628e-06
 Reference value :  2.00778e-06
 Reference value :  2.00923e-06
 Reference value :  2.01053e-06
 Reference value :  2.01183e-06
 Reference value :  2.01323e-06
 Reference value :  2.01468e-06
 Reference value :  2.01613e-06
 Reference value :  2.01758e-06
 Reference value :  2.01898e-06
 Reference value :  2.02027e-06
 Reference value :  2.02163e-06
 Reference value :  2.02308e-06
 Reference value :  2.02453e-06
 Reference value :  2.02598e-06
 Reference value :  2.02743e-06
 Reference value :  2.02888e-06
 Reference value :  2.03023e-06
 Reference value :  2.03148e-06
 Reference value :  2.03293e-06
 Reference value :  2.03438e-06
 Reference value :  2.03583e-06
 Reference value :  2.03733e-06
 Reference value :  2.03873e-06
 Reference value :  2.04007e-06
 Reference value :  2.04138e-06
 Reference value :  2.04283e-06
 Reference value :  2.04433e-06
 Reference value :  2.04573e-06
 Reference value :  2.04718e-06
 Reference value :  2.04863e-06
 Reference value :  2.05001e-06
 Reference value :  2.05133e-06
 Reference value :  2.05283e-06
 Reference value :  2.05428e-06
 Reference value :  2.05573e-06
 Reference value :  2.05708e-06
 Reference value :  2.05838e-06
 Reference value :  2.05968e-06
 Reference value :  2.06088e-06
 Reference value :  2.06208e-06
 Reference value :  2.06338e-06
 Reference value :  2.06473e-06
 Reference value :  2.06603e-06
 Reference value :  2.06738e-06
 Reference value :  2.06868e-06
 Reference value :  2.06996e-06
 Reference value :  2.07104e-06
 Reference value :  2.07233e-06
 Reference value :  2.07358e-06
 Reference value :  2.07493e-06
 Reference value :  2.07618e-06
 Reference value :  2.07753e-06
 Reference value :  2.07883e-06
 Reference value :  2.08001e-06
 Reference value :  2.08118e-06
 Reference value :  2.08248e-06
 Reference value :  2.08378e-06
 Reference value :  2.08513e-06
 Reference value :  2.08643e-06
 Reference value :  2.08773e-06
 Reference value :  2.08898e-06
 Reference value :  2.09017e-06
 Reference value :  2.09138e-06
 Reference value :  2.09268e-06
 Reference value :  2.09403e-06
 Reference value :  2.09533e-06
 Reference value :  2.09663e-06
 Reference value :  2.09793e-06
 Reference value :  2.09923e-06
 Reference value :  2.10033e-06
 Reference value :  2.10148e-06
 Reference value :  2.10283e-06
 Reference value :  2.10418e-06
 Reference value :  2.10548e-06
 Reference value :  2.10683e-06
 Reference value :  2.10813e-06
 Reference value :  2.10943e-06
 Reference value :  2.11063e-06
 Reference value :  2.11183e-06
 Reference value :  2.11313e-06
 Reference value :  2.11448e-06
 Reference value :  2.11588e-06
 Reference value :  2.11733e-06
 Reference value :  2.11873e-06
 Reference value :  2.12003e-06
 Reference value :  2.12143e-06
 Reference value :  2.12298e-06
 Reference value :  2.12443e-06
 Reference value :  2.12588e-06
 Reference value :  2.12763e-06
 Reference value :  2.12913e-06
 Reference value :  2.13048e-06
 Reference value :  2.13178e-06
 Reference value :  2.13323e-06
 Reference value :  2.13468e-06
 Reference value :  2.13613e-06
 Reference value :  2.13753e-06
 Reference value :  2.13903e-06
 Reference value :  2.14053e-06
 Reference value :  2.14193e-06
 Reference value :  2.14343e-06
 Reference value :  2.14488e-06
 Reference value :  2.14628e-06
 Reference value :  2.14768e-06
 Reference value :  2.14918e-06
 Reference value :  2.15048e-06
 Reference value :  2.15183e-06
 Reference value :  2.15328e-06
 Reference value :  2.15468e-06
 Reference value :  2.15613e-06
 Reference value :  2.15748e-06
 Reference value :  2.15893e-06
 Reference value :  2.16022e-06
 Reference value :  2.16158e-06
 Reference value :  2.16303e-06
 Reference value :  2.16448e-06
 Reference value :  2.16593e-06
 Reference value :  2.16738e-06
 Reference value :  2.16878e-06
 Reference value :  2.17012e-06
 Reference value :  2.17143e-06
 Reference value :  2.17283e-06
 Reference value :  2.17433e-06
 Reference value :  2.17573e-06
 Reference value :  2.17713e-06
 Reference value :  2.17863e-06
 Reference value :  2.18000e-06
 Reference value :  2.18133e-06
 Reference value :  2.18273e-06
 Reference value :  2.18418e-06
 Reference value :  2.18563e-06
 Reference value :  2.18708e-06
 Reference value :  2.18848e-06
 Reference value :  2.18983e-06
 Reference value :  2.19100e-06
 Reference value :  2.19238e-06
 Reference value :  2.19383e-06
 Reference value :  2.19523e-06
 Reference value :  2.19668e-06
 Reference value :  2.19808e-06
 Reference value :  2.19953e-06
 Reference value :  2.20083e-06
 Reference value :  2.20198e-06
 Reference value :  2.20328e-06
 Reference value :  2.20458e-06
 Reference value :  2.20593e-06
 Reference value :  2.20723e-06
 Reference value :  2.20858e-06
 Reference value :  2.20993e-06
 Reference value :  2.21107e-06
 Reference value :  2.21243e-06
 Reference value :  2.21383e-06
 Reference value :  2.21523e-06
 Reference value :  2.21683e-06
 Reference value :  2.21828e-06
 Reference value :  2.21968e-06
 Reference value :  2.22096e-06
 Reference value :  2.22228e-06
 Reference value :  2.22373e-06
 Reference value :  2.22513e-06
 Reference value :  2.22658e-06
 Reference value :  2.22798e-06
 Reference value :  2.22938e-06
 Reference value :  2.23068e-06
 Reference value :  2.23203e-06
 Reference value :  2.23348e-06
 Reference value :  2.23493e-06
 Reference value :  2.23638e-06
 Reference value :  2.23778e-06
 Reference value :  2.23928e-06
 Reference value :  2.24058e-06
 Reference value :  2.24193e-06
 Reference value :  2.24338e-06
 Reference value :  2.24483e-06
 Reference value :  2.24628e-06
 Reference value :  2.24773e-06
 Reference value :  2.24923e-06
 Reference value :  2.25048e-06
 Reference value :  2.25183e-06
 Reference value :  2.25328e-06
 Reference value :  2.25478e-06
 Reference value :  2.25628e-06
 Reference value :  2.25773e-06
 Reference value :  2.25918e-06
 Reference value :  2.26053e-06
 Reference value :  2.26183e-06
 Reference value :  2.26328e-06
 Reference value :  2.26473e-06
 Reference value :  2.26623e-06
 Reference value :  2.26763e-06
 Reference value :  2.26903e-06
 Reference value :  2.27038e-06
 Reference value :  2.27173e-06
 Reference value :  2.27323e-06
 Reference value :  2.27468e-06
 Reference value :  2.27613e-06
 Reference value :  2.27758e-06
 Reference value :  2.27908e-06
 Reference value :  2.28043e-06
 Reference value :  2.28178e-06
 Reference value :  2.28323e-06
 Reference value :  2.28468e-06
 Reference value :  2.28613e-06
 Reference value :  2.28758e-06
 Reference value :  2.28903e-06
 Reference value :  2.29038e-06
 Reference value :  2.29173e-06
 Reference value :  2.29328e-06
 Reference value :  2.29473e-06
 Reference value :  2.29613e-06
 Reference value :  2.29758e-06
 Reference value :  2.29903e-06
 Reference value :  2.30033e-06
 Reference value :  2.30163e-06
 Reference value :  2.30303e-06
 Reference value :  2.30443e-06
 Reference value :  2.30578e-06
 Reference value :  2.30713e-06
 Reference value :  2.30853e-06
 Reference value :  2.30993e-06
 Reference value :  2.31107e-06
 Reference value :  2.31248e-06
 Reference value :  2.31393e-06
 Reference value :  2.31563e-06
 Reference value :  2.31708e-06
 Reference value :  2.31833e-06
 Reference value :  2.31958e-06
 Reference value :  2.32078e-06
 Reference value :  2.32188e-06
 Reference value :  2.32318e-06
 Reference value :  2.32463e-06
 Reference value :  2.32608e-06
 Reference value :  2.32758e-06
 Reference value :  2.32903e-06
 Reference value :  2.33038e-06
 Reference value :  2.33173e-06
 Reference value :  2.33318e-06
 Reference value :  2.33458e-06
 Reference value :  2.33603e-06
 Reference value :  2.33743e-06
 Reference value :  2.33883e-06
 Reference value :  2.34018e-06
 Reference value :  2.34153e-06
 Reference value :  2.34298e-06
 Reference value :  2.34443e-06
 Reference value :  2.34588e-06
 Reference value :  2.34733e-06
 Reference value :  2.34878e-06
 Reference value :  2.35012e-06
 Reference value :  2.35148e-06
 Reference value :  2.35293e-06
 Reference value :  2.35433e-06
 Reference value :  2.35573e-06
 Reference value :  2.35718e-06
 Reference value :  2.35863e-06
 Reference value :  2.36000e-06
 Reference value :  2.36117e-06
 Reference value :  2.36263e-06
 Reference value :  2.36408e-06
 Reference value :  2.36553e-06
 Reference value :  2.36713e-06
 Reference value :  2.36873e-06
 Reference value :  2.37007e-06
 Reference value :  2.37138e-06
 Reference value :  2.37283e-06
 Reference value :  2.37428e-06
 Reference value :  2.37573e-06
 Reference value :  2.37718e-06
 Reference value :  2.37863e-06
 Reference value :  2.38001e-06
 Reference value :  2.38133e-06
 Reference value :  2.38278e-06
 Reference value :  2.38428e-06
 Reference value :  2.38573e-06
 Reference value :  2.38713e-06
 Reference value :  2.38858e-06
 Reference value :  2.38996e-06
 Reference value :  2.39112e-06
 Reference value :  2.39263e-06
 Reference value :  2.39408e-06
 Reference value :  2.39548e-06
 Reference value :  2.39693e-06
 Reference value :  2.39833e-06
 Reference value :  2.39978e-06
 Reference value :  2.40100e-06
 Reference value :  2.40233e-06
 Reference value :  2.40373e-06
 Reference value :  2.40518e-06
 Reference value :  2.40663e-06
 Reference value :  2.40803e-06
 Reference value :  2.40948e-06
 Reference value :  2.41063e-06
 Reference value :  2.41178e-06
 Reference value :  2.41308e-06
 Reference value :  2.41433e-06
 Reference value :  2.41558e-06
 Reference value :  2.41678e-06
 Reference value :  2.41803e-06
 Reference value :  2.41923e-06
 Reference value :  2.42038e-06
 Reference value :  2.42158e-06
 Reference value :  2.42283e-06
 Reference value :  2.42413e-06
 Reference value :  2.42538e-06
 Reference value :  2.42668e-06
 Reference value :  2.42798e-06
 Reference value :  2.42923e-06
 Reference value :  2.43048e-06
 Reference value :  2.43163e-06
 Reference value :  2.43288e-06
 Reference value :  2.43413e-06
 Reference value :  2.43538e-06
 Reference value :  2.43668e-06
 Reference value :  2.43798e-06
 Reference value :  2.43928e-06
 Reference value :  2.44048e-06
 Reference value :  2.44158e-06
 Reference value :  2.44293e-06
 Reference value :  2.44423e-06
 Reference value :  2.44553e-06
 Reference value :  2.44673e-06
 Reference value :  2.44798e-06
 Reference value :  2.44928e-06
 Reference value :  2.45043e-06
 Reference value :  2.45158e-06
 Reference value :  2.45288e-06
 Reference value :  2.45418e-06
 Reference value :  2.45548e-06
 Reference value :  2.45678e-06
 Reference value :  2.45808e-06
 Reference value :  2.45943e-06
 Reference value :  2.46063e-06
 Reference value :  2.46183e-06
 Reference value :  2.46318e-06
 Reference value :  2.46453e-06
 Reference value :  2.46583e-06
 Reference value :  2.46713e-06
 Reference value :  2.46843e-06
 Reference value :  2.46973e-06
 Reference value :  2.47096e-06
 Reference value :  2.47218e-06
 Reference value :  2.47348e-06
 Reference value :  2.47478e-06
 Reference value :  2.47598e-06
 Reference value :  2.47728e-06
 Reference value :  2.47853e-06
 Reference value :  2.47978e-06
 Reference value :  2.48096e-06
 Reference value :  2.48213e-06
 Reference value :  2.48338e-06
 Reference value :  2.48473e-06
 Reference value :  2.48608e-06
 Reference value :  2.48753e-06
 Reference value :  2.48878e-06
 Reference value :  2.49000e-06
 Reference value :  2.49107e-06
 Reference value :  2.49233e-06
 Reference value :  2.49363e-06
 Reference value :  2.49498e-06
 Reference value :  2.49628e-06
 Reference value :  2.49763e-06
 Reference value :  2.49888e-06
 Reference value :  2.50007e-06
 Reference value :  2.50123e-06
 Reference value :  2.50253e-06
 Reference value :  2.50383e-06
 Reference value :  2.50508e-06
 Reference value :  2.50643e-06
 Reference value :  2.50773e-06
 Reference value :  2.50908e-06
 Reference value :  2.51018e-06
 Reference value :  2.51138e-06
 Reference value :  2.51268e-06
 Reference value :  2.51403e-06
 Reference value :  2.51533e-06
 Reference value :  2.51663e-06
 Reference value :  2.51788e-06
 Reference value :  2.51918e-06
 Reference value :  2.52028e-06
 Reference value :  2.52143e-06
 Reference value :  2.52273e-06
 Reference value :  2.52398e-06
 Reference value :  2.52528e-06
 Reference value :  2.52658e-06
 Reference value :  2.52788e-06
 Reference value :  2.52918e-06
 Reference value :  2.53028e-06
 Reference value :  2.53138e-06
 Reference value :  2.53273e-06
 Reference value :  2.53418e-06
 Reference value :  2.53558e-06
 Reference value :  2.53703e-06
 Reference value :  2.53848e-06
 Reference value :  2.53996e-06
 Reference value :  2.54123e-06
 Reference value :  2.54268e-06
 Reference value :  2.54418e-06
 Reference value :  2.54563e-06
 Reference value :  2.54703e-06
 Reference value :  2.54848e-06
 Reference value :  2.54993e-06
 Reference value :  2.55107e-06
 Reference value :  2.55253e-06
 Reference value :  2.55393e-06
 Reference value :  2.55538e-06
 Reference value :  2.55683e-06
 Reference value :  2.55823e-06
 Reference value :  2.55968e-06
 Reference value :  2.56093e-06
 Reference value :  2.56203e-06
 Reference value :  2.56328e-06
 Reference value :  2.56448e-06
 Reference value :  2.56573e-06
 Reference value :  2.56698e-06
 Reference value :  2.56838e-06
 Reference value :  2.56978e-06
 Reference value :  2.57100e-06
 Reference value :  2.57228e-06
 Reference value :  2.57363e-06
 Reference value :  2.57498e-06
 Reference value :  2.57633e-06
 Reference value :  2.57763e-06
 Reference value :  2.57888e-06
 Reference value :  2.58003e-06
 Reference value :  2.58123e-06
 Reference value :  2.58253e-06
 Reference value :  2.58383e-06
 Reference value :  2.58513e-06
 Reference value :  2.58643e-06
 Reference value :  2.58768e-06
 Reference value :  2.58893e-06
 Reference value :  2.59007e-06
 Reference value :  2.59128e-06
 Reference value :  2.59253e-06
 Reference value :  2.59383e-06
 Reference value :  2.59513e-06
 Reference value :  2.59648e-06
 Reference value :  2.59778e-06
 Reference value :  2.59908e-06
 Reference value :  2.60022e-06
 Reference value :  2.60143e-06
 Reference value :  2.60273e-06
 Reference value :  2.60408e-06
 Reference value :  2.60533e-06
 Reference value :  2.60668e-06
 Reference value :  2.60793e-06
 Reference value :  2.60928e-06
 Reference value :  2.61043e-06
 Reference value :  2.61158e-06
 Reference value :  2.61288e-06
 Reference value :  2.61453e-06
 Reference value :  2.61603e-06
 Reference value :  2.61748e-06
 Reference value :  2.61893e-06
 Reference value :  2.62038e-06
 Reference value :  2.62193e-06
 Reference value :  2.62338e-06
 Reference value :  2.62503e-06
 Reference value :  2.62678e-06
 Reference value :  2.62828e-06
 Reference value :  2.62973e-06
 Reference value :  2.63100e-06
 Reference value :  2.63238e-06
 Reference value :  2.63388e-06
 Reference value :  2.63533e-06
 Reference value :  2.63683e-06
 Reference value :  2.63828e-06
 Reference value :  2.63973e-06
 Reference value :  2.64100e-06
 Reference value :  2.64233e-06
 Reference value :  2.64378e-06
 Reference value :  2.64523e-06
 Reference value :  2.64668e-06
 Reference value :  2.64813e-06
 Reference value :  2.64958e-06
 Reference value :  2.65093e-06
 Reference value :  2.65228e-06
 Reference value :  2.65373e-06
 Reference value :  2.65508e-06
 Reference value :  2.65638e-06
 Reference value :  2.65773e-06
 Reference value :  2.65908e-06
 Reference value :  2.66023e-06
 Reference value :  2.66153e-06
 Reference value :  2.66298e-06
 Reference value :  2.66443e-06
 Reference value :  2.66588e-06
 Reference value :  2.66728e-06
 Reference value :  2.66873e-06
 Reference value :  2.67007e-06
 Reference value :  2.67143e-06
 Reference value :  2.67293e-06
 Reference value :  2.67438e-06
 Reference value :  2.67583e-06
 Reference value :  2.67723e-06
 Reference value :  2.67868e-06
 Reference value :  2.68001e-06
 Reference value :  2.68128e-06
 Reference value :  2.68273e-06
 Reference value :  2.68418e-06
 Reference value :  2.68568e-06
 Reference value :  2.68713e-06
 Reference value :  2.68858e-06
 Reference value :  2.68996e-06
 Reference value :  2.69118e-06
 Reference value :  2.69263e-06
 Reference value :  2.69408e-06
 Reference value :  2.69548e-06
 Reference value :  2.69683e-06
 Reference value :  2.69823e-06
 Reference value :  2.69963e-06
 Reference value :  2.70093e-06
 Reference value :  2.70223e-06
 Reference value :  2.70368e-06
 Reference value :  2.70513e-06
 Reference value :  2.70653e-06
 Reference value :  2.70798e-06
 Reference value :  2.70938e-06
 Reference value :  2.71068e-06
 Reference value :  2.71198e-06
 Reference value :  2.71348e-06
 Reference value :  2.71493e-06
 Reference value :  2.71653e-06
 Reference value :  2.71788e-06
 Reference value :  2.71933e-06
 Reference value :  2.72068e-06
 Reference value :  2.72208e-06
 Reference value :  2.72383e-06
 Reference value :  2.72538e-06
 Reference value :  2.72703e-06
 Reference value :  2.72858e-06
 Reference value :  2.73000e-06
 Reference value :  2.73123e-06
 Reference value :  2.73268e-06
 Reference value :  2.73408e-06
 Reference value :  2.73553e-06
 Reference value :  2.73698e-06
 Reference value :  2.73843e-06
 Reference value :  2.74000e-06
 Reference value :  2.74128e-06
 Reference value :  2.74273e-06
 Reference value :  2.74418e-06
 Reference value :  2.74578e-06
 Reference value :  2.74723e-06
 Reference value :  2.74863e-06
 Reference value :  2.75001e-06
 Reference value :  2.75133e-06
 Reference value :  2.75288e-06
 Reference value :  2.75438e-06
 Reference value :  2.75583e-06
 Reference value :  2.75728e-06
 Reference value :  2.75873e-06
 Reference value :  2.76007e-06
 Reference value :  2.76143e-06
 Reference value :  2.76288e-06
 Reference value :  2.76433e-06
 Reference value :  2.76578e-06
 Reference value :  2.76728e-06
 Reference value :  2.76868e-06
 Reference value :  2.76993e-06
 Reference value :  2.77102e-06
 Reference value :  2.77228e-06
 Reference value :  2.77353e-06
 Reference value :  2.77473e-06
 Reference value :  2.77593e-06
 Reference value :  2.77718e-06
 Reference value :  2.77838e-06
 Reference value :  2.77958e-06
 Reference value :  2.78073e-06
 Reference value :  2.78193e-06
 Reference value :  2.78323e-06
 Reference value :  2.78453e-06
 Reference value :  2.78588e-06
 Reference value :  2.78718e-06
 Reference value :  2.78848e-06
 Reference value :  2.78973e-06
 Reference value :  2.79083e-06
 Reference value :  2.79193e-06
 Reference value :  2.79313e-06
 Reference value :  2.79438e-06
 Reference value :  2.79563e-06
 Reference value :  2.79688e-06
 Reference value :  2.79818e-06
 Reference value :  2.79938e-06
 Reference value :  2.80048e-06
 Reference value :  2.80158e-06
 Reference value :  2.80303e-06
 Reference value :  2.80448e-06
 Reference value :  2.80593e-06
 Reference value :  2.80738e-06
 Reference value :  2.80883e-06
 Reference value :  2.81012e-06
 Reference value :  2.81143e-06
 Reference value :  2.81298e-06
 Reference value :  2.81443e-06
 Reference value :  2.81593e-06
 Reference value :  2.81738e-06
 Reference value :  2.81878e-06
 Reference value :  2.82003e-06
 Reference value :  2.82133e-06
 Reference value :  2.82278e-06
 Reference value :  2.82418e-06
 Reference value :  2.82563e-06
 Reference value :  2.82703e-06
 Reference value :  2.82848e-06
 Reference value :  2.82993e-06
 Reference value :  2.83112e-06
 Reference value :  2.83258e-06
 Reference value :  2.83398e-06
 Reference value :  2.83543e-06
 Reference value :  2.83688e-06
 Reference value :  2.83833e-06
 Reference value :  2.83978e-06
 Reference value :  2.84107e-06
 Reference value :  2.84258e-06
 Reference value :  2.84403e-06
 Reference value :  2.84548e-06
 Reference value :  2.84693e-06
 Reference value :  2.84838e-06
 Reference value :  2.84983e-06
 Reference value :  2.85100e-06
 Reference value :  2.85233e-06
 Reference value :  2.85373e-06
 Reference value :  2.85518e-06
 Reference value :  2.85663e-06
 Reference value :  2.85808e-06
 Reference value :  2.85953e-06
 Reference value :  2.86083e-06
 Reference value :  2.86218e-06
 Reference value :  2.86363e-06
 Reference value :  2.86518e-06
 Reference value :  2.86668e-06
 Reference value :  2.86828e-06
 Reference value :  2.87000e-06
 Reference value :  2.87148e-06
 Reference value :  2.87293e-06
 Reference value :  2.87438e-06
 Reference value :  2.87583e-06
 Reference value :  2.87728e-06
 Reference value :  2.87868e-06
 Reference value :  2.88001e-06
 Reference value :  2.88138e-06
 Reference value :  2.88283e-06
 Reference value :  2.88428e-06
 Reference value :  2.88573e-06
 Reference value :  2.88718e-06
 Reference value :  2.88858e-06
 Reference value :  2.88996e-06
 Reference value :  2.89117e-06
 Reference value :  2.89263e-06
 Reference value :  2.89408e-06
 Reference value :  2.89553e-06
 Reference value :  2.89703e-06
 Reference value :  2.89843e-06
 Reference value :  2.89988e-06
 Reference value :  2.90108e-06
 Reference value :  2.90253e-06
 Reference value :  2.90403e-06
 Reference value :  2.90548e-06
 Reference value :  2.90693e-06
 Reference value :  2.90833e-06
 Reference value :  2.90978e-06
 Reference value :  2.91104e-06
 Reference value :  2.91248e-06
 Reference value :  2.91393e-06
 Reference value :  2.91538e-06
 Reference value :  2.91683e-06
 Reference value :  2.91828e-06
 Reference value :  2.91973e-06
 Reference value :  2.92100e-06
 Reference value :  2.92243e-06
 Reference value :  2.92393e-06
 Reference value :  2.92538e-06
 Reference value :  2.92683e-06
 Reference value :  2.92828e-06
 Reference value :  2.92973e-06
 Reference value :  2.93100e-06
 Reference value :  2.93243e-06
 Reference value :  2.93388e-06
 Reference value :  2.93533e-06
 Reference value :  2.93678e-06
 Reference value :  2.93823e-06
 Reference value :  2.93978e-06
 Reference value :  2.94102e-06
 Reference value :  2.94243e-06
 Reference value :  2.94388e-06
 Reference value :  2.94528e-06
 Reference value :  2.94673e-06
 Reference value :  2.94818e-06
 Reference value :  2.94983e-06
 Reference value :  2.95107e-06
 Reference value :  2.95258e-06
 Reference value :  2.95413e-06
 Reference value :  2.95563e-06
 Reference value :  2.95728e-06
 Reference value :  2.95898e-06
 Reference value :  2.96033e-06
 Reference value :  2.96163e-06
 Reference value :  2.96308e-06
 Reference value :  2.96453e-06
 Reference value :  2.96593e-06
 Reference value :  2.96733e-06
 Reference value :  2.96883e-06
 Reference value :  2.97007e-06
 Reference value :  2.97143e-06
 Reference value :  2.97293e-06
 Reference value :  2.97438e-06
 Reference value :  2.97583e-06
 Reference value :  2.97728e-06
 Reference value :  2.97878e-06
 Reference value :  2.98017e-06
 Reference value :  2.98143e-06
 Reference value :  2.98283e-06
 Reference value :  2.98428e-06
 Reference value :  2.98573e-06
 Reference value :  2.98718e-06
 Reference value :  2.98858e-06
 Reference value :  2.98996e-06
 Reference value :  2.99113e-06
 Reference value :  2.99243e-06
 Reference value :  2.99368e-06
 Reference value :  2.99498e-06
 Reference value :  2.99628e-06
 Reference value :  2.99753e-06
 Reference value :  2.99883e-06
 Reference value :  3.00001e-06
 Reference value :  3.00113e-06
 Reference value :  3.00238e-06
 Reference value :  3.00368e-06
 Reference value :  3.00498e-06
 Reference value :  3.00633e-06
 Reference value :  3.00753e-06
 Reference value :  3.00878e-06
 Reference value :  3.00996e-06
 Reference value :  3.01101e-06
 Reference value :  3.01228e-06
 Reference value :  3.01358e-06
 Reference value :  3.01488e-06
 Reference value :  3.01608e-06
 Reference value :  3.01738e-06
 Reference value :  3.01868e-06
 Reference value :  3.01996e-06
 Reference value :  3.02107e-06
 Reference value :  3.02243e-06
 Reference value :  3.02373e-06
 Reference value :  3.02503e-06
 Reference value :  3.02633e-06
 Reference value :  3.02763e-06
 Reference value :  3.02893e-06
 Reference value :  3.03003e-06
 Reference value :  3.03122e-06
 Reference value :  3.03248e-06
 Reference value :  3.03378e-06
 Reference value :  3.03508e-06
 Reference value :  3.03638e-06
 Reference value :  3.03778e-06
 Reference value :  3.03923e-06
 Reference value :  3.04058e-06
 Reference value :  3.04193e-06
 Reference value :  3.04338e-06
 Reference value :  3.04478e-06
 Reference value :  3.04623e-06
 Reference value :  3.04763e-06
 Reference value :  3.04908e-06
 Reference value :  3.05038e-06
 Reference value :  3.05173e-06
 Reference value :  3.05328e-06
 Reference value :  3.05473e-06
 Reference value :  3.05623e-06
 Reference value :  3.05763e-06
 Reference value :  3.05913e-06
 Reference value :  3.06043e-06
 Reference value :  3.06178e-06
 Reference value :  3.06328e-06
 Reference value :  3.06473e-06
 Reference value :  3.06618e-06
 Reference value :  3.06768e-06
 Reference value :  3.06918e-06
 Reference value :  3.07043e-06
 Reference value :  3.07178e-06
 Reference value :  3.07318e-06
 Reference value :  3.07463e-06
 Reference value :  3.07613e-06
 Reference value :  3.07753e-06
 Reference value :  3.07893e-06
 Reference value :  3.08027e-06
 Reference value :  3.08158e-06
 Reference value :  3.08303e-06
 Reference value :  3.08448e-06
 Reference value :  3.08593e-06
 Reference value :  3.08738e-06
 Reference value :  3.08868e-06
 Reference value :  3.08996e-06
 Reference value :  3.09101e-06
 Reference value :  3.09223e-06
 Reference value :  3.09348e-06
 Reference value :  3.09478e-06
 Reference value :  3.09608e-06
 Reference value :  3.09733e-06
 Reference value :  3.09863e-06
 Reference value :  3.09993e-06
 Reference value :  3.10101e-06
 Reference value :  3.10233e-06
 Reference value :  3.10358e-06
 Reference value :  3.10483e-06
 Reference value :  3.10608e-06
 Reference value :  3.10733e-06
 Reference value :  3.10858e-06
 Reference value :  3.10988e-06
 Reference value :  3.11100e-06
 Reference value :  3.11218e-06
 Reference value :  3.11348e-06
 Reference value :  3.11473e-06
 Reference value :  3.11598e-06
 Reference value :  3.11738e-06
 Reference value :  3.11868e-06
 Reference value :  3.11993e-06
 Reference value :  3.12102e-06
 Reference value :  3.12228e-06
 Reference value :  3.12363e-06
 Reference value :  3.12493e-06
 Reference value :  3.12633e-06
 Reference value :  3.12778e-06
 Reference value :  3.12923e-06
 Reference value :  3.13058e-06
 Reference value :  3.13188e-06
 Reference value :  3.13338e-06
 Reference value :  3.13483e-06
 Reference value :  3.13628e-06
 Reference value :  3.13773e-06
 Reference value :  3.13913e-06
 Reference value :  3.14048e-06
 Reference value :  3.14178e-06
 Reference value :  3.14328e-06
 Reference value :  3.14473e-06
 Reference value :  3.14623e-06
 Reference value :  3.14773e-06
 Reference value :  3.14918e-06
 Reference value :  3.15048e-06
 Reference value :  3.15173e-06
 Reference value :  3.15323e-06
 Reference value :  3.15468e-06
 Reference value :  3.15613e-06
 Reference value :  3.15753e-06
 Reference value :  3.15893e-06
 Reference value :  3.16022e-06
 Reference value :  3.16153e-06
 Reference value :  3.16293e-06
 Reference value :  3.16438e-06
 Reference value :  3.16583e-06
 Reference value :  3.16728e-06
 Reference value :  3.16883e-06
 Reference value :  3.17012e-06
 Reference value :  3.17148e-06
 Reference value :  3.17298e-06
 Reference value :  3.17448e-06
 Reference value :  3.17593e-06
 Reference value :  3.17743e-06
 Reference value :  3.17888e-06
 Reference value :  3.18012e-06
 Reference value :  3.18148e-06
 Reference value :  3.18298e-06
 Reference value :  3.18443e-06
 Reference value :  3.18588e-06
 Reference value :  3.18738e-06
 Reference value :  3.18878e-06
 Reference value :  3.19012e-06
 Reference value :  3.19148e-06
 Reference value :  3.19303e-06
 Reference value :  3.19453e-06
 Reference value :  3.19598e-06
 Reference value :  3.19748e-06
 Reference value :  3.19893e-06
 Reference value :  3.20028e-06
 Reference value :  3.20163e-06
 Reference value :  3.20308e-06
 Reference value :  3.20453e-06
 Reference value :  3.20598e-06
 Reference value :  3.20738e-06
 Reference value :  3.20878e-06
 Reference value :  3.21012e-06
 Reference value :  3.21143e-06
 Reference value :  3.21293e-06
 Reference value :  3.21438e-06
 Reference value :  3.21583e-06
 Reference value :  3.21728e-06
 Reference value :  3.21868e-06
 Reference value :  3.22007e-06
 Reference value :  3.22133e-06
 Reference value :  3.22278e-06
 Reference value :  3.22418e-06
 Reference value :  3.22563e-06
 Reference value :  3.22703e-06
 Reference value :  3.22848e-06
 Reference value :  3.22993e-06
 Reference value :  3.23112e-06
 Reference value :  3.23263e-06
 Reference value :  3.23403e-06
 Reference value :  3.23553e-06
 Reference value :  3.23698e-06
 Reference value :  3.23843e-06
 Reference value :  3.23993e-06
 Reference value :  3.24117e-06
 Reference value :  3.24273e-06
 Reference value :  3.24438e-06
 Reference value :  3.24583e-06
 Reference value :  3.24723e-06
 Reference value :  3.24848e-06
 Reference value :  3.24978e-06
 Reference value :  3.25096e-06
 Reference value :  3.25218e-06
 Reference value :  3.25348e-06
 Reference value :  3.25478e-06
 Reference value :  3.25608e-06
 Reference value :  3.25738e-06
 Reference value :  3.25873e-06
 Reference value :  3.26000e-06
 Reference value :  3.26107e-06
 Reference value :  3.26238e-06
 Reference value :  3.26373e-06
 Reference value :  3.26503e-06
 Reference value :  3.26628e-06
 Reference value :  3.26758e-06
 Reference value :  3.26883e-06
 Reference value :  3.27000e-06
 Reference value :  3.27107e-06
 Reference value :  3.27233e-06
 Reference value :  3.27363e-06
 Reference value :  3.27493e-06
 Reference value :  3.27623e-06
 Reference value :  3.27758e-06
 Reference value :  3.27888e-06
 Reference value :  3.28007e-06
 Reference value :  3.28117e-06
 Reference value :  3.28243e-06
 Reference value :  3.28373e-06
 Reference value :  3.28503e-06
 Reference value :  3.28633e-06
 Reference value :  3.28783e-06
 Reference value :  3.28928e-06
 Reference value :  3.29063e-06
 Reference value :  3.29213e-06
 Reference value :  3.29358e-06
 Reference value :  3.29498e-06
 Reference value :  3.29638e-06
 Reference value :  3.29773e-06
 Reference value :  3.29913e-06
 Reference value :  3.30043e-06
 Reference value :  3.30173e-06
 Reference value :  3.30313e-06
 Reference value :  3.30443e-06
 Reference value :  3.30568e-06
 Reference value :  3.30698e-06
 Reference value :  3.30828e-06
 Reference value :  3.30963e-06
 Reference value :  3.31093e-06
 Reference value :  3.31213e-06
 Reference value :  3.31358e-06
 Reference value :  3.31498e-06
 Reference value :  3.31633e-06
 Reference value :  3.31773e-06
 Reference value :  3.31908e-06
 Reference value :  3.32038e-06
 Reference value :  3.32173e-06
 Reference value :  3.32313e-06
 Reference value :  3.32458e-06
 Reference value :  3.32618e-06
 Reference value :  3.32768e-06
 Reference value :  3.32933e-06
 Reference value :  3.33058e-06
 Reference value :  3.33193e-06
 Reference value :  3.33338e-06
 Reference value :  3.33483e-06
 Reference value :  3.33628e-06
 Reference value :  3.33773e-06
 Reference value :  3.33918e-06
 Reference value :  3.34038e-06
 Reference value :  3.34158e-06
 Reference value :  3.34288e-06
 Reference value :  3.34418e-06
 Reference value :  3.34548e-06
 Reference value :  3.34678e-06
 Reference value :  3.34808e-06
 Reference value :  3.34938e-06
 Reference value :  3.35053e-06
 Reference value :  3.35173e-06
 Reference value :  3.35303e-06
 Reference value :  3.35423e-06
 Reference value :  3.35553e-06
 Reference value :  3.35683e-06
 Reference value :  3.35813e-06
 Reference value :  3.35943e-06
 Reference value :  3.36058e-06
 Reference value :  3.36178e-06
 Reference value :  3.36308e-06
 Reference value :  3.36438e-06
 Reference value :  3.36573e-06
 Reference value :  3.36703e-06
 Reference value :  3.36838e-06
 Reference value :  3.36973e-06
 Reference value :  3.37088e-06
 Reference value :  3.37208e-06
 Reference value :  3.37338e-06
 Reference value :  3.37468e-06
 Reference value :  3.37598e-06
 Reference value :  3.37723e-06
 Reference value :  3.37858e-06
 Reference value :  3.37988e-06
 Reference value :  3.38101e-06
 Reference value :  3.38223e-06
 Reference value :  3.38353e-06
 Reference value :  3.38478e-06
 Reference value :  3.38613e-06
 Reference value :  3.38738e-06
 Reference value :  3.38873e-06
 Reference value :  3.39000e-06
 Reference value :  3.39113e-06
 Reference value :  3.39243e-06
 Reference value :  3.39373e-06
 Reference value :  3.39503e-06
 Reference value :  3.39633e-06
 Reference value :  3.39758e-06
 Reference value :  3.39878e-06
 Reference value :  3.40000e-06
 Reference value :  3.40104e-06
 Reference value :  3.40228e-06
 Reference value :  3.40353e-06
 Reference value :  3.40478e-06
 Reference value :  3.40613e-06
 Reference value :  3.40743e-06
 Reference value :  3.40873e-06
 Reference value :  3.41000e-06
 Reference value :  3.41107e-06
 Reference value :  3.41233e-06
 Reference value :  3.41363e-06
 Reference value :  3.41483e-06
 Reference value :  3.41613e-06
 Reference value :  3.41743e-06
 Reference value :  3.41878e-06
 Reference value :  3.42000e-06
 Reference value :  3.42112e-06
 Reference value :  3.42248e-06
 Reference value :  3.42378e-06
 Reference value :  3.42498e-06
 Reference value :  3.42623e-06
 Reference value :  3.42743e-06
 Reference value :  3.42868e-06
 Reference value :  3.42988e-06
 Reference value :  3.43100e-06
 Reference value :  3.43213e-06
 Reference value :  3.43338e-06
 Reference value :  3.43463e-06
 Reference value :  3.43593e-06
 Reference value :  3.43718e-06
 Reference value :  3.43853e-06
 Reference value :  3.43978e-06
 Reference value :  3.44093e-06
 Reference value :  3.44208e-06
 Reference value :  3.44338e-06
 Reference value :  3.44468e-06
 Reference value :  3.44603e-06
 Reference value :  3.44733e-06
 Reference value :  3.44863e-06
 Reference value :  3.44993e-06
 Reference value :  3.45101e-06
 Reference value :  3.45223e-06
 Reference value :  3.45353e-06
 Reference value :  3.45473e-06
 Reference value :  3.45608e-06
 Reference value :  3.45733e-06
 Reference value :  3.45863e-06
 Reference value :  3.45988e-06
 Reference value :  3.46100e-06
 Reference value :  3.46228e-06
 Reference value :  3.46358e-06
 Reference value :  3.46493e-06
 Reference value :  3.46623e-06
 Reference value :  3.46758e-06
 Reference value :  3.46893e-06
 Reference value :  3.47007e-06
 Reference value :  3.47128e-06
 Reference value :  3.47253e-06
 Reference value :  3.47378e-06
 Reference value :  3.47508e-06
 Reference value :  3.47638e-06
 Reference value :  3.47768e-06
 Reference value :  3.47898e-06
 Reference value :  3.48007e-06
 Reference value :  3.48128e-06
 Reference value :  3.48258e-06
 Reference value :  3.48388e-06
 Reference value :  3.48513e-06
 Reference value :  3.48633e-06
 Reference value :  3.48758e-06
 Reference value :  3.48878e-06
 Reference value :  3.49000e-06
 Reference value :  3.49104e-06
 Reference value :  3.49233e-06
 Reference value :  3.49363e-06
 Reference value :  3.49493e-06
 Reference value :  3.49628e-06
 Reference value :  3.49763e-06
 Reference value :  3.49893e-06
 Reference value :  3.50012e-06
 Reference value :  3.50133e-06
 Reference value :  3.50263e-06
 Reference value :  3.50393e-06
 Reference value :  3.50523e-06
 Reference value :  3.50653e-06
 Reference value :  3.50783e-06
 Reference value :  3.50913e-06
 Reference value :  3.51028e-06
 Reference value :  3.51148e-06
 Reference value :  3.51283e-06
 Reference value :  3.51413e-06
 Reference value :  3.51538e-06
 Reference value :  3.51658e-06
 Reference value :  3.51783e-06
 Reference value :  3.51898e-06
 Reference value :  3.52022e-06
 Reference value :  3.52153e-06
 Reference value :  3.52303e-06
 Reference value :  3.52453e-06
 Reference value :  3.52598e-06
 Reference value :  3.52743e-06
 Reference value :  3.52888e-06
 Reference value :  3.53023e-06
 Reference value :  3.53153e-06
 Reference value :  3.53303e-06
 Reference value :  3.53443e-06
 Reference value :  3.53588e-06
 Reference value :  3.53728e-06
 Reference value :  3.53873e-06
 Reference value :  3.54003e-06
 Reference value :  3.54138e-06
 Reference value :  3.54283e-06
 Reference value :  3.54423e-06
 Reference value :  3.54563e-06
 Reference value :  3.54708e-06
 Reference value :  3.54848e-06
 Reference value :  3.54988e-06
 Reference value :  3.55107e-06
 Reference value :  3.55258e-06
 Reference value :  3.55408e-06
 Reference value :  3.55558e-06
 Reference value :  3.55708e-06
 Reference value :  3.55853e-06
 Reference value :  3.56000e-06
 Reference value :  3.56138e-06
 Reference value :  3.56283e-06
 Reference value :  3.56433e-06
 Reference value :  3.56583e-06
 Reference value :  3.56728e-06
 Reference value :  3.56868e-06
 Reference value :  3.57004e-06
 Reference value :  3.57138e-06
 Reference value :  3.57283e-06
 Reference value :  3.57428e-06
 Reference value :  3.57573e-06
 Reference value :  3.57718e-06
 Reference value :  3.57863e-06
 Reference value :  3.58001e-06
 Reference value :  3.58138e-06
 Reference value :  3.58283e-06
 Reference value :  3.58428e-06
 Reference value :  3.58573e-06
 Reference value :  3.58718e-06
 Reference value :  3.58863e-06
 Reference value :  3.59000e-06
 Reference value :  3.59117e-06
 Reference value :  3.59263e-06
 Reference value :  3.59408e-06
 Reference value :  3.59553e-06
 Reference value :  3.59693e-06
 Reference value :  3.59848e-06
 Reference value :  3.60000e-06
 Reference value :  3.60123e-06
 Reference value :  3.60258e-06
 Reference value :  3.60373e-06
 Reference value :  3.60493e-06
 Reference value :  3.60613e-06
 Reference value :  3.60738e-06
 Reference value :  3.60858e-06
 Reference value :  3.60983e-06
 Reference value :  3.61100e-06
 Reference value :  3.61223e-06
 Reference value :  3.61353e-06
 Reference value :  3.61488e-06
 Reference value :  3.61613e-06
 Reference value :  3.61738e-06
 Reference value :  3.61863e-06
 Reference value :  3.61996e-06
 Reference value :  3.62104e-06
 Reference value :  3.62233e-06
 Reference value :  3.62368e-06
 Reference value :  3.62498e-06
 Reference value :  3.62628e-06
 Reference value :  3.62758e-06
 Reference value :  3.62888e-06
 Reference value :  3.63001e-06
 Reference value :  3.63128e-06
 Reference value :  3.63278e-06
 Reference value :  3.63423e-06
 Reference value :  3.63568e-06
 Reference value :  3.63718e-06
 Reference value :  3.63863e-06
 Reference value :  3.64000e-06
 Reference value :  3.64128e-06
 Reference value :  3.64278e-06
 Reference value :  3.64423e-06
 Reference value :  3.64568e-06
 Reference value :  3.64703e-06
 Reference value :  3.64838e-06
 Reference value :  3.64978e-06
 Reference value :  3.65101e-06
 Reference value :  3.65238e-06
 Reference value :  3.65383e-06
 Reference value :  3.65523e-06
 Reference value :  3.65673e-06
 Reference value :  3.65813e-06
 Reference value :  3.65978e-06
 Reference value :  3.66104e-06
 Reference value :  3.66248e-06
 Reference value :  3.66393e-06
 Reference value :  3.66538e-06
 Reference value :  3.66688e-06
 Reference value :  3.66828e-06
 Reference value :  3.66973e-06
 Reference value :  3.67096e-06
 Reference value :  3.67228e-06
 Reference value :  3.67368e-06
 Reference value :  3.67513e-06
 Reference value :  3.67658e-06
 Reference value :  3.67803e-06
 Reference value :  3.67948e-06
 Reference value :  3.68078e-06
 Reference value :  3.68213e-06
 Reference value :  3.68363e-06
 Reference value :  3.68503e-06
 Reference value :  3.68648e-06
 Reference value :  3.68793e-06
 Reference value :  3.68938e-06
 Reference value :  3.69068e-06
 Reference value :  3.69203e-06
 Reference value :  3.69348e-06
 Reference value :  3.69498e-06
 Reference value :  3.69643e-06
 Reference value :  3.69788e-06
 Reference value :  3.69928e-06
 Reference value :  3.70068e-06
 Reference value :  3.70203e-06
 Reference value :  3.70348e-06
 Reference value :  3.70493e-06
 Reference value :  3.70638e-06
 Reference value :  3.70783e-06
 Reference value :  3.70928e-06
 Reference value :  3.71068e-06
 Reference value :  3.71203e-06
 Reference value :  3.71343e-06
 Reference value :  3.71488e-06
 Reference value :  3.71648e-06
 Reference value :  3.71793e-06
 Reference value :  3.71943e-06
 Reference value :  3.72078e-06
 Reference value :  3.72208e-06
 Reference value :  3.72358e-06
 Reference value :  3.72508e-06
 Reference value :  3.72653e-06
 Reference value :  3.72793e-06
 Reference value :  3.72938e-06
 Reference value :  3.73068e-06
 Reference value :  3.73198e-06
 Reference value :  3.73338e-06
 Reference value :  3.73483e-06
 Reference value :  3.73628e-06
 Reference value :  3.73773e-06
 Reference value :  3.73918e-06
 Reference value :  3.74048e-06
 Reference value :  3.74183e-06
 Reference value :  3.74328e-06
 Reference value :  3.74473e-06
 Reference value :  3.74618e-06
 Reference value :  3.74758e-06
 Reference value :  3.74903e-06
 Reference value :  3.75033e-06
 Reference value :  3.75168e-06
 Reference value :  3.75308e-06
 Reference value :  3.75453e-06
 Reference value :  3.75598e-06
 Reference value :  3.75743e-06
 Reference value :  3.75893e-06
 Reference value :  3.76023e-06
 Reference value :  3.76158e-06
 Reference value :  3.76308e-06
 Reference value :  3.76453e-06
 Reference value :  3.76598e-06
 Reference value :  3.76743e-06
 Reference value :  3.76888e-06
 Reference value :  3.77022e-06
 Reference value :  3.77163e-06
 Reference value :  3.77308e-06
 Reference value :  3.77453e-06
 Reference value :  3.77603e-06
 Reference value :  3.77733e-06
 Reference value :  3.77863e-06
 Reference value :  3.77996e-06
 Reference value :  3.78102e-06
 Reference value :  3.78228e-06
 Reference value :  3.78358e-06
 Reference value :  3.78488e-06
 Reference value :  3.78618e-06
 Reference value :  3.78743e-06
 Reference value :  3.78878e-06
 Reference value :  3.79000e-06
 Reference value :  3.79104e-06
 Reference value :  3.79233e-06
 Reference value :  3.79368e-06
 Reference value :  3.79493e-06
 Reference value :  3.79628e-06
 Reference value :  3.79758e-06
 Reference value :  3.79888e-06
 Reference value :  3.80007e-06
 Reference value :  3.80128e-06
 Reference value :  3.80258e-06
 Reference value :  3.80388e-06
 Reference value :  3.80523e-06
 Reference value :  3.80658e-06
 Reference value :  3.80788e-06
 Reference value :  3.80923e-06
 Reference value :  3.81038e-06
 Reference value :  3.81158e-06
 Reference value :  3.81283e-06
 Reference value :  3.81408e-06
 Reference value :  3.81533e-06
 Reference value :  3.81658e-06
 Reference value :  3.81788e-06
 Reference value :  3.81918e-06
 Reference value :  3.82033e-06
 Reference value :  3.82148e-06
 Reference value :  3.82278e-06
 Reference value :  3.82413e-06
 Reference value :  3.82543e-06
 Reference value :  3.82673e-06
 Reference value :  3.82803e-06
 Reference value :  3.82928e-06
 Reference value :  3.83043e-06
 Reference value :  3.83158e-06
 Reference value :  3.83288e-06
 Reference value :  3.83413e-06
 Reference value :  3.83538e-06
 Reference value :  3.83673e-06
 Reference value :  3.83808e-06
 Reference value :  3.83938e-06
 Reference value :  3.84058e-06
 Reference value :  3.84173e-06
 Reference value :  3.84308e-06
 Reference value :  3.84438e-06
 Reference value :  3.84568e-06
 Reference value :  3.84693e-06
 Reference value :  3.84828e-06
 Reference value :  3.84953e-06
 Reference value :  3.85073e-06
 Reference value :  3.85188e-06
 Reference value :  3.85328e-06
 Reference value :  3.85473e-06
 Reference value :  3.85623e-06
 Reference value :  3.85773e-06
 Reference value :  3.85938e-06
 Reference value :  3.86093e-06
 Reference value :  3.86223e-06
 Reference value :  3.86368e-06
 Reference value :  3.86508e-06
 Reference value :  3.86658e-06
 Reference value :  3.86803e-06
 Reference value :  3.86943e-06
 Reference value :  3.87078e-06
 Reference value :  3.87208e-06
 Reference value :  3.87353e-06
 Reference value :  3.87498e-06
 Reference value :  3.87638e-06
 Reference value :  3.87778e-06
 Reference value :  3.87913e-06
 Reference value :  3.88043e-06
 Reference value :  3.88173e-06
 Reference value :  3.88298e-06
 Reference value :  3.88423e-06
 Reference value :  3.88548e-06
 Reference value :  3.88673e-06
 Reference value :  3.88803e-06
 Reference value :  3.88928e-06
 Reference value :  3.89033e-06
 Reference value :  3.89153e-06
 Reference value :  3.89283e-06
 Reference value :  3.89413e-06
 Reference value :  3.89543e-06
 Reference value :  3.89673e-06
 Reference value :  3.89808e-06
 Reference value :  3.89933e-06
 Reference value :  3.90048e-06
 Reference value :  3.90163e-06
 Reference value :  3.90308e-06
 Reference value :  3.90453e-06
 Reference value :  3.90598e-06
 Reference value :  3.90743e-06
 Reference value :  3.90888e-06
 Reference value :  3.91023e-06
 Reference value :  3.91158e-06
 Reference value :  3.91303e-06
 Reference value :  3.91448e-06
 Reference value :  3.91593e-06
 Reference value :  3.91738e-06
 Reference value :  3.91883e-06
 Reference value :  3.92013e-06
 Reference value :  3.92143e-06
 Reference value :  3.92288e-06
 Reference value :  3.92428e-06
 Reference value :  3.92558e-06
 Reference value :  3.92693e-06
 Reference value :  3.92833e-06
 Reference value :  3.92978e-06
 Reference value :  3.93101e-06
 Reference value :  3.93238e-06
 Reference value :  3.93378e-06
 Reference value :  3.93523e-06
 Reference value :  3.93663e-06
 Reference value :  3.93798e-06
 Reference value :  3.93943e-06
 Reference value :  3.94063e-06
 Reference value :  3.94183e-06
 Reference value :  3.94318e-06
 Reference value :  3.94458e-06
 Reference value :  3.94603e-06
 Reference value :  3.94748e-06
 Reference value :  3.94888e-06
 Reference value :  3.95023e-06
 Reference value :  3.95153e-06
 Reference value :  3.95293e-06
 Reference value :  3.95433e-06
 Reference value :  3.95573e-06
 Reference value :  3.95718e-06
 Reference value :  3.95858e-06
 Reference value :  3.96013e-06
 Reference value :  3.96158e-06
 Reference value :  3.96308e-06
 Reference value :  3.96453e-06
 Reference value :  3.96593e-06
 Reference value :  3.96733e-06
 Reference value :  3.96873e-06
 Reference value :  3.97004e-06
 Reference value :  3.97133e-06
 Reference value :  3.97273e-06
 Reference value :  3.97418e-06
 Reference value :  3.97568e-06
 Reference value :  3.97708e-06
 Reference value :  3.97853e-06
 Reference value :  3.97993e-06
 Reference value :  3.98101e-06
 Reference value :  3.98228e-06
 Reference value :  3.98358e-06
 Reference value :  3.98493e-06
 Reference value :  3.98618e-06
 Reference value :  3.98748e-06
 Reference value :  3.98878e-06
 Reference value :  3.99000e-06
 Reference value :  3.99102e-06
 Reference value :  3.99233e-06
 Reference value :  3.99373e-06
 Reference value :  3.99518e-06
 Reference value :  3.99663e-06
 Reference value :  3.99808e-06
 Reference value :  3.99953e-06
 Reference value :  4.00088e-06
 Reference value :  4.00218e-06
 Reference value :  4.00358e-06
 Reference value :  4.00503e-06
 Reference value :  4.00648e-06
 Reference value :  4.00778e-06
 Reference value :  4.00908e-06
 Reference value :  4.01018e-06
 Reference value :  4.01133e-06
 Reference value :  4.01263e-06
 Reference value :  4.01388e-06
 Reference value :  4.01518e-06
 Reference value :  4.01643e-06
 Reference value :  4.01773e-06
 Reference value :  4.01898e-06
 Reference value :  4.02012e-06
 Reference value :  4.02128e-06
 Reference value :  4.02258e-06
 Reference value :  4.02388e-06
 Reference value :  4.02518e-06
 Reference value :  4.02643e-06
 Reference value :  4.02778e-06
 Reference value :  4.02903e-06
 Reference value :  4.03023e-06
 Reference value :  4.03168e-06
 Reference value :  4.03318e-06
 Reference value :  4.03463e-06
 Reference value :  4.03608e-06
 Reference value :  4.03748e-06
 Reference value :  4.03893e-06
 Reference value :  4.04018e-06
 Reference value :  4.04148e-06
 Reference value :  4.04293e-06
 Reference value :  4.04443e-06
 Reference value :  4.04588e-06
 Reference value :  4.04733e-06
 Reference value :  4.04878e-06
 Reference value :  4.05013e-06
 Reference value :  4.05143e-06
 Reference value :  4.05293e-06
 Reference value :  4.05438e-06
 Reference value :  4.05583e-06
 Reference value :  4.05733e-06
 Reference value :  4.05878e-06
 Reference value :  4.06013e-06
 Reference value :  4.06143e-06
 Reference value :  4.06288e-06
 Reference value :  4.06433e-06
 Reference value :  4.06573e-06
 Reference value :  4.06718e-06
 Reference value :  4.06863e-06
 Reference value :  4.07002e-06
 Reference value :  4.07128e-06
 Reference value :  4.07273e-06
 Reference value :  4.07423e-06
 Reference value :  4.07568e-06
 Reference value :  4.07708e-06
 Reference value :  4.07858e-06
 Reference value :  4.08000e-06
 Reference value :  4.08107e-06
 Reference value :  4.08233e-06
 Reference value :  4.08358e-06
 Reference value :  4.08483e-06
 Reference value :  4.08603e-06
 Reference value :  4.08743e-06
 Reference value :  4.08888e-06
 Reference value :  4.09018e-06
 Reference value :  4.09153e-06
 Reference value :  4.09303e-06
 Reference value :  4.09453e-06
 Reference value :  4.09598e-06
 Reference value :  4.09743e-06
 Reference value :  4.09883e-06
 Reference value :  4.10012e-06
 Reference value :  4.10148e-06
 Reference value :  4.10293e-06
 Reference value :  4.10433e-06
 Reference value :  4.10578e-06
 Reference value :  4.10728e-06
 Reference value :  4.10868e-06
 Reference value :  4.11003e-06
 Reference value :  4.11138e-06
 Reference value :  4.11283e-06
 Reference value :  4.11433e-06
 Reference value :  4.11578e-06
 Reference value :  4.11718e-06
 Reference value :  4.11863e-06
 Reference value :  4.12000e-06
 Reference value :  4.12128e-06
 Reference value :  4.12268e-06
 Reference value :  4.12398e-06
 Reference value :  4.12523e-06
 Reference value :  4.12648e-06
 Reference value :  4.12768e-06
 Reference value :  4.12898e-06
 Reference value :  4.13013e-06
 Reference value :  4.13128e-06
 Reference value :  4.13253e-06
 Reference value :  4.13383e-06
 Reference value :  4.13528e-06
 Reference value :  4.13668e-06
 Reference value :  4.13803e-06
 Reference value :  4.13948e-06
 Reference value :  4.14078e-06
 Reference value :  4.14208e-06
 Reference value :  4.14353e-06
 Reference value :  4.14493e-06
 Reference value :  4.14643e-06
 Reference value :  4.14783e-06
 Reference value :  4.14928e-06
 Reference value :  4.15053e-06
 Reference value :  4.15188e-06
 Reference value :  4.15333e-06
 Reference value :  4.15478e-06
 Reference value :  4.15628e-06
 Reference value :  4.15773e-06
 Reference value :  4.15918e-06
 Reference value :  4.16053e-06
 Reference value :  4.16188e-06
 Reference value :  4.16328e-06
 Reference value :  4.16478e-06
 Reference value :  4.16623e-06
 Reference value :  4.16768e-06
 Reference value :  4.16918e-06
 Reference value :  4.17058e-06
 Reference value :  4.17193e-06
 Reference value :  4.17343e-06
 Reference value :  4.17498e-06
 Reference value :  4.17648e-06
 Reference value :  4.17788e-06
 Reference value :  4.17933e-06
 Reference value :  4.18068e-06
 Reference value :  4.18203e-06
 Reference value :  4.18348e-06
 Reference value :  4.18488e-06
 Reference value :  4.18628e-06
 Reference value :  4.18778e-06
 Reference value :  4.18933e-06
 Reference value :  4.19068e-06
 Reference value :  4.19198e-06
 Reference value :  4.19338e-06
 Reference value :  4.19478e-06
 Reference value :  4.19628e-06
 Reference value :  4.19768e-06
 Reference value :  4.19908e-06
 Reference value :  4.20038e-06
 Reference value :  4.20168e-06
 Reference value :  4.20318e-06
 Reference value :  4.20458e-06
 Reference value :  4.20608e-06
 Reference value :  4.20748e-06
 Reference value :  4.20893e-06
 Reference value :  4.21018e-06
 Reference value :  4.21143e-06
 Reference value :  4.21283e-06
 Reference value :  4.21423e-06
 Reference value :  4.21563e-06
 Reference value :  4.21708e-06
 Reference value :  4.21853e-06
 Reference value :  4.21988e-06
 Reference value :  4.22100e-06
 Reference value :  4.22233e-06
 Reference value :  4.22378e-06
 Reference value :  4.22523e-06
 Reference value :  4.22663e-06
 Reference value :  4.22808e-06
 Reference value :  4.22953e-06
 Reference value :  4.23088e-06
 Reference value :  4.23213e-06
 Reference value :  4.23358e-06
 Reference value :  4.23503e-06
 Reference value :  4.23648e-06
 Reference value :  4.23793e-06
 Reference value :  4.23938e-06
 Reference value :  4.24073e-06
 Reference value :  4.24208e-06
 Reference value :  4.24358e-06
 Reference value :  4.24498e-06
 Reference value :  4.24648e-06
 Reference value :  4.24793e-06
 Reference value :  4.24938e-06
 Reference value :  4.25073e-06
 Reference value :  4.25208e-06
 Reference value :  4.25358e-06
 Reference value :  4.25503e-06
 Reference value :  4.25648e-06
 Reference value :  4.25793e-06
 Reference value :  4.25933e-06
 Reference value :  4.26068e-06
 Reference value :  4.26203e-06
 Reference value :  4.26348e-06
 Reference value :  4.26493e-06
 Reference value :  4.26638e-06
 Reference value :  4.26793e-06
 Reference value :  4.26938e-06
 Reference value :  4.27073e-06
 Reference value :  4.27203e-06
 Reference value :  4.27348e-06
 Reference value :  4.27483e-06
 Reference value :  4.27623e-06
 Reference value :  4.27763e-06
 Reference value :  4.27888e-06
 Reference value :  4.28003e-06
 Reference value :  4.28117e-06
 Reference value :  4.28248e-06
 Reference value :  4.28378e-06
 Reference value :  4.28503e-06
 Reference value :  4.28623e-06
 Reference value :  4.28763e-06
 Reference value :  4.28898e-06
 Reference value :  4.29028e-06
 Reference value :  4.29158e-06
 Reference value :  4.29303e-06
 Reference value :  4.29448e-06
 Reference value :  4.29593e-06
 Reference value :  4.29743e-06
 Reference value :  4.29888e-06
 Reference value :  4.30022e-06
 Reference value :  4.30163e-06
 Reference value :  4.30313e-06
 Reference value :  4.30458e-06
 Reference value :  4.30603e-06
 Reference value :  4.30748e-06
 Reference value :  4.30888e-06
 Reference value :  4.31023e-06
 Reference value :  4.31173e-06
 Reference value :  4.31338e-06
 Reference value :  4.31488e-06
 Reference value :  4.31633e-06
 Reference value :  4.31778e-06
 Reference value :  4.31923e-06
 Reference value :  4.32063e-06
 Reference value :  4.32198e-06
 Reference value :  4.32338e-06
 Reference value :  4.32473e-06
 Reference value :  4.32598e-06
 Reference value :  4.32723e-06
 Reference value :  4.32853e-06
 Reference value :  4.32978e-06
 Reference value :  4.33093e-06
 Reference value :  4.33203e-06
 Reference value :  4.33328e-06
 Reference value :  4.33448e-06
 Reference value :  4.33573e-06
 Reference value :  4.33703e-06
 Reference value :  4.33828e-06
 Reference value :  4.33958e-06
 Reference value :  4.34073e-06
 Reference value :  4.34193e-06
 Reference value :  4.34323e-06
 Reference value :  4.34453e-06
 Reference value :  4.34583e-06
 Reference value :  4.34713e-06
 Reference value :  4.34843e-06
 Reference value :  4.34973e-06
 Reference value :  4.35093e-06
 Reference value :  4.35208e-06
 Reference value :  4.35338e-06
 Reference value :  4.35463e-06
 Reference value :  4.35588e-06
 Reference value :  4.35708e-06
 Reference value :  4.35833e-06
 Reference value :  4.35953e-06
 Reference value :  4.36068e-06
 Reference value :  4.36183e-06
 Reference value :  4.36323e-06
 Reference value :  4.36468e-06
 Reference value :  4.36608e-06
 Reference value :  4.36753e-06
 Reference value :  4.36888e-06
 Reference value :  4.37012e-06
 Reference value :  4.37148e-06
 Reference value :  4.37293e-06
 Reference value :  4.37438e-06
 Reference value :  4.37583e-06
 Reference value :  4.37728e-06
 Reference value :  4.37873e-06
 Reference value :  4.38007e-06
 Reference value :  4.38138e-06
 Reference value :  4.38283e-06
 Reference value :  4.38428e-06
 Reference value :  4.38573e-06
 Reference value :  4.38718e-06
 Reference value :  4.38858e-06
 Reference value :  4.39000e-06
 Reference value :  4.39128e-06
 Reference value :  4.39273e-06
 Reference value :  4.39423e-06
 Reference value :  4.39568e-06
 Reference value :  4.39718e-06
 Reference value :  4.39863e-06
 Reference value :  4.40001e-06
 Reference value :  4.40133e-06
 Reference value :  4.40278e-06
 Reference value :  4.40423e-06
 Reference value :  4.40568e-06
 Reference value :  4.40718e-06
 Reference value :  4.40863e-06
 Reference value :  4.41002e-06
 Reference value :  4.41133e-06
 Reference value :  4.41283e-06
 Reference value :  4.41428e-06
 Reference value :  4.41578e-06
 Reference value :  4.41723e-06
 Reference value :  4.41868e-06
 Reference value :  4.42002e-06
 Reference value :  4.42133e-06
 Reference value :  4.42278e-06
 Reference value :  4.42423e-06
 Reference value :  4.42568e-06
 Reference value :  4.42718e-06
 Reference value :  4.42863e-06
 Reference value :  4.43002e-06
 Reference value :  4.43133e-06
 Reference value :  4.43278e-06
 Reference value :  4.43423e-06
 Reference value :  4.43568e-06
 Reference value :  4.43708e-06
 Reference value :  4.43853e-06
 Reference value :  4.43996e-06
 Reference value :  4.44117e-06
 Reference value :  4.44263e-06
 Reference value :  4.44403e-06
 Reference value :  4.44543e-06
 Reference value :  4.44698e-06
 Reference value :  4.44838e-06
 Reference value :  4.44978e-06
 Reference value :  4.45101e-06
 Reference value :  4.45238e-06
 Reference value :  4.45383e-06
 Reference value :  4.45528e-06
 Reference value :  4.45678e-06
 Reference value :  4.45813e-06
 Reference value :  4.45953e-06
 Reference value :  4.46083e-06
 Reference value :  4.46213e-06
 Reference value :  4.46348e-06
 Reference value :  4.46503e-06
 Reference value :  4.46713e-06
 Reference value :  4.46863e-06
 Reference value :  4.47000e-06
 Reference value :  4.47193e-06
 Reference value :  4.47338e-06
 Reference value :  4.47478e-06
 Reference value :  4.47623e-06
 Reference value :  4.47763e-06
 Reference value :  4.47943e-06
 Reference value :  4.48096e-06
 Reference value :  4.48228e-06
 Reference value :  4.48353e-06
 Reference value :  4.48483e-06
 Reference value :  4.48618e-06
 Reference value :  4.48743e-06
 Reference value :  4.48878e-06
 Reference value :  4.49002e-06
 Reference value :  4.49113e-06
 Reference value :  4.49238e-06
 Reference value :  4.49358e-06
 Reference value :  4.49483e-06
 Reference value :  4.49608e-06
 Reference value :  4.49733e-06
 Reference value :  4.49858e-06
 Reference value :  4.49978e-06
 Reference value :  4.50093e-06
 Reference value :  4.50208e-06
 Reference value :  4.50348e-06
 Reference value :  4.50488e-06
 Reference value :  4.50643e-06
 Reference value :  4.50788e-06
 Reference value :  4.50933e-06
 Reference value :  4.51063e-06
 Reference value :  4.51203e-06
 Reference value :  4.51383e-06
 Reference value :  4.51528e-06
 Reference value :  4.51673e-06
 Reference value :  4.51813e-06
 Reference value :  4.51963e-06
 Reference value :  4.52096e-06
 Reference value :  4.52238e-06
 Reference value :  4.52383e-06
 Reference value :  4.52528e-06
 Reference value :  4.52673e-06
 Reference value :  4.52813e-06
 Reference value :  4.52953e-06
 Reference value :  4.53088e-06
 Reference value :  4.53218e-06
 Reference value :  4.53363e-06
 Reference value :  4.53508e-06
 Reference value :  4.53653e-06
 Reference value :  4.53793e-06
 Reference value :  4.53933e-06
 Reference value :  4.54068e-06
 Reference value :  4.54198e-06
 Reference value :  4.54343e-06
 Reference value :  4.54488e-06
 Reference value :  4.54628e-06
 Reference value :  4.54768e-06
 Reference value :  4.54913e-06
 Reference value :  4.55043e-06
 Reference value :  4.55178e-06
 Reference value :  4.55318e-06
 Reference value :  4.55463e-06
 Reference value :  4.55608e-06
 Reference value :  4.55753e-06
 Reference value :  4.55898e-06
 Reference value :  4.56023e-06
 Reference value :  4.56158e-06
 Reference value :  4.56303e-06
 Reference value :  4.56448e-06
 Reference value :  4.56593e-06
 Reference value :  4.56733e-06
 Reference value :  4.56873e-06
 Reference value :  4.57004e-06
 Reference value :  4.57133e-06
 Reference value :  4.57268e-06
 Reference value :  4.57408e-06
 Reference value :  4.57548e-06
 Reference value :  4.57693e-06
 Reference value :  4.57833e-06
 Reference value :  4.57973e-06
 Reference value :  4.58101e-06
 Reference value :  4.58238e-06
 Reference value :  4.58383e-06
 Reference value :  4.58533e-06
 Reference value :  4.58673e-06
 Reference value :  4.58818e-06
 Reference value :  4.58958e-06
 Reference value :  4.59093e-06
 Reference value :  4.59223e-06
 Reference value :  4.59373e-06
 Reference value :  4.59518e-06
 Reference value :  4.59663e-06
 Reference value :  4.59813e-06
 Reference value :  4.59963e-06
 Reference value :  4.60088e-06
 Reference value :  4.60213e-06
 Reference value :  4.60358e-06
 Reference value :  4.60503e-06
 Reference value :  4.60663e-06
 Reference value :  4.60833e-06
 Reference value :  4.60973e-06
 Reference value :  4.61096e-06
 Reference value :  4.61228e-06
 Reference value :  4.61373e-06
 Reference value :  4.61518e-06
 Reference value :  4.61663e-06
 Reference value :  4.61803e-06
 Reference value :  4.61963e-06
 Reference value :  4.62096e-06
 Reference value :  4.62223e-06
 Reference value :  4.62358e-06
 Reference value :  4.62503e-06
 Reference value :  4.62643e-06
 Reference value :  4.62778e-06
 Reference value :  4.62923e-06
 Reference value :  4.63048e-06
 Reference value :  4.63178e-06
 Reference value :  4.63328e-06
 Reference value :  4.63473e-06
 Reference value :  4.63618e-06
 Reference value :  4.63763e-06
 Reference value :  4.63903e-06
 Reference value :  4.64033e-06
 Reference value :  4.64163e-06
 Reference value :  4.64308e-06
 Reference value :  4.64453e-06
 Reference value :  4.64603e-06
 Reference value :  4.64743e-06
 Reference value :  4.64888e-06
 Reference value :  4.65023e-06
 Reference value :  4.65158e-06
 Reference value :  4.65303e-06
 Reference value :  4.65453e-06
 Reference value :  4.65598e-06
 Reference value :  4.65743e-06
 Reference value :  4.65893e-06
 Reference value :  4.66023e-06
 Reference value :  4.66148e-06
 Reference value :  4.66288e-06
 Reference value :  4.66423e-06
 Reference value :  4.66563e-06
 Reference value :  4.66703e-06
 Reference value :  4.66863e-06
 Reference value :  4.66996e-06
 Reference value :  4.67102e-06
 Reference value :  4.67233e-06
 Reference value :  4.67373e-06
 Reference value :  4.67513e-06
 Reference value :  4.67653e-06
 Reference value :  4.67803e-06
 Reference value :  4.67938e-06
 Reference value :  4.68068e-06
 Reference value :  4.68193e-06
 Reference value :  4.68333e-06
 Reference value :  4.68468e-06
 Reference value :  4.68608e-06
 Reference value :  4.68743e-06
 Reference value :  4.68873e-06
 Reference value :  4.69003e-06
 Reference value :  4.69133e-06
 Reference value :  4.69278e-06
 Reference value :  4.69418e-06
 Reference value :  4.69563e-06
 Reference value :  4.69703e-06
 Reference value :  4.69853e-06
 Reference value :  4.69993e-06
 Reference value :  4.70107e-06
 Reference value :  4.70253e-06
 Reference value :  4.70398e-06
 Reference value :  4.70543e-06
 Reference value :  4.70693e-06
 Reference value :  4.70843e-06
 Reference value :  4.70988e-06
 Reference value :  4.71104e-06
 Reference value :  4.71243e-06
 Reference value :  4.71383e-06
 Reference value :  4.71528e-06
 Reference value :  4.71668e-06
 Reference value :  4.71813e-06
 Reference value :  4.71958e-06
 Reference value :  4.72088e-06
 Reference value :  4.72218e-06
 Reference value :  4.72363e-06
 Reference value :  4.72508e-06
 Reference value :  4.72648e-06
 Reference value :  4.72793e-06
 Reference value :  4.72933e-06
 Reference value :  4.73068e-06
 Reference value :  4.73198e-06
 Reference value :  4.73343e-06
 Reference value :  4.73493e-06
 Reference value :  4.73643e-06
 Reference value :  4.73783e-06
 Reference value :  4.73923e-06
 Reference value :  4.74053e-06
 Reference value :  4.74178e-06
 Reference value :  4.74323e-06
 Reference value :  4.74468e-06
 Reference value :  4.74613e-06
 Reference value :  4.74758e-06
 Reference value :  4.74903e-06
 Reference value :  4.75038e-06
 Reference value :  4.75173e-06
 Reference value :  4.75333e-06
 Reference value :  4.75483e-06
 Reference value :  4.75628e-06
 Reference value :  4.75778e-06
 Reference value :  4.75918e-06
 Reference value :  4.76053e-06
 Reference value :  4.76188e-06
 Reference value :  4.76338e-06
 Reference value :  4.76478e-06
 Reference value :  4.76623e-06
 Reference value :  4.76768e-06
 Reference value :  4.76913e-06
 Reference value :  4.77048e-06
 Reference value :  4.77178e-06
 Reference value :  4.77318e-06
 Reference value :  4.77463e-06
 Reference value :  4.77603e-06
 Reference value :  4.77748e-06
 Reference value :  4.77888e-06
 Reference value :  4.78023e-06
 Reference value :  4.78158e-06
 Reference value :  4.78303e-06
 Reference value :  4.78448e-06
 Reference value :  4.78593e-06
 Reference value :  4.78738e-06
 Reference value :  4.78873e-06
 Reference value :  4.79000e-06
 Reference value :  4.79104e-06
 Reference value :  4.79228e-06
 Reference value :  4.79358e-06
 Reference value :  4.79488e-06
 Reference value :  4.79618e-06
 Reference value :  4.79743e-06
 Reference value :  4.79863e-06
 Reference value :  4.79988e-06
 Reference value :  4.80100e-06
 Reference value :  4.80208e-06
 Reference value :  4.80328e-06
 Reference value :  4.80458e-06
 Reference value :  4.80583e-06
 Reference value :  4.80713e-06
 Reference value :  4.80838e-06
 Reference value :  4.80968e-06
 Reference value :  4.81078e-06
 Reference value :  4.81213e-06
 Reference value :  4.81353e-06
 Reference value :  4.81493e-06
 Reference value :  4.81643e-06
 Reference value :  4.81788e-06
 Reference value :  4.81928e-06
 Reference value :  4.82063e-06
 Reference value :  4.82198e-06
 Reference value :  4.82343e-06
 Reference value :  4.82488e-06
 Reference value :  4.82628e-06
 Reference value :  4.82763e-06
 Reference value :  4.82903e-06
 Reference value :  4.83028e-06
 Reference value :  4.83158e-06
 Reference value :  4.83293e-06
 Reference value :  4.83433e-06
 Reference value :  4.83573e-06
 Reference value :  4.83713e-06
 Reference value :  4.83853e-06
 Reference value :  4.83993e-06
 Reference value :  4.84108e-06
 Reference value :  4.84248e-06
 Reference value :  4.84393e-06
 Reference value :  4.84533e-06
 Reference value :  4.84663e-06
 Reference value :  4.84803e-06
 Reference value :  4.84938e-06
 Reference value :  4.85068e-06
 Reference value :  4.85193e-06
 Reference value :  4.85328e-06
 Reference value :  4.85453e-06
 Reference value :  4.85578e-06
 Reference value :  4.85713e-06
 Reference value :  4.85858e-06
 Reference value :  4.85996e-06
 Reference value :  4.86112e-06
 Reference value :  4.86253e-06
 Reference value :  4.86393e-06
 Reference value :  4.86533e-06
 Reference value :  4.86673e-06
 Reference value :  4.86813e-06
 Reference value :  4.86953e-06
 Reference value :  4.87083e-06
 Reference value :  4.87213e-06
 Reference value :  4.87348e-06
 Reference value :  4.87488e-06
 Reference value :  4.87613e-06
 Reference value :  4.87733e-06
 Reference value :  4.87853e-06
 Reference value :  4.87983e-06
 Reference value :  4.88100e-06
 Reference value :  4.88233e-06
 Reference value :  4.88378e-06
 Reference value :  4.88523e-06
 Reference value :  4.88668e-06
 Reference value :  4.88808e-06
 Reference value :  4.88953e-06
 Reference value :  4.89083e-06
 Reference value :  4.89213e-06
 Reference value :  4.89353e-06
 Reference value :  4.89488e-06
 Reference value :  4.89628e-06
 Reference value :  4.89763e-06
 Reference value :  4.89913e-06
 Reference value :  4.90043e-06
 Reference value :  4.90168e-06
 Reference value :  4.90308e-06
 Reference value :  4.90453e-06
 Reference value :  4.90593e-06
 Reference value :  4.90733e-06
 Reference value :  4.90883e-06
 Reference value :  4.91013e-06
 Reference value :  4.91148e-06
 Reference value :  4.91288e-06
 Reference value :  4.91433e-06
 Reference value :  4.91558e-06
 Reference value :  4.91678e-06
 Reference value :  4.91798e-06
 Reference value :  4.91938e-06
 Reference value :  4.92048e-06
 Reference value :  4.92178e-06
 Reference value :  4.92323e-06
 Reference value :  4.92468e-06
 Reference value :  4.92613e-06
 Reference value :  4.92758e-06
 Reference value :  4.92898e-06
 Reference value :  4.93033e-06
 Reference value :  4.93158e-06
 Reference value :  4.93303e-06
 Reference value :  4.93448e-06
 Reference value :  4.93593e-06
 Reference value :  4.93738e-06
 Reference value :  4.93888e-06
 Reference value :  4.94018e-06
 Reference value :  4.94153e-06
 Reference value :  4.94298e-06
 Reference value :  4.94448e-06
 Reference value :  4.94588e-06
 Reference value :  4.94728e-06
 Reference value :  4.94873e-06
 Reference value :  4.95003e-06
 Reference value :  4.95138e-06
 Reference value :  4.95283e-06
 Reference value :  4.95433e-06
 Reference value :  4.95573e-06
 Reference value :  4.95718e-06
 Reference value :  4.95858e-06
 Reference value :  4.96000e-06
 Reference value :  4.96123e-06
 Reference value :  4.96268e-06
 Reference value :  4.96413e-06
 Reference value :  4.96553e-06
 Reference value :  4.96693e-06
 Reference value :  4.96838e-06
 Reference value :  4.96978e-06
 Reference value :  4.97101e-06
 Reference value :  4.97243e-06
 Reference value :  4.97393e-06
 Reference value :  4.97538e-06
 Reference value :  4.97683e-06
 Reference value :  4.97828e-06
 Reference value :  4.97958e-06
 Reference value :  4.98078e-06
 Reference value :  4.98198e-06
 Reference value :  4.98323e-06
 Reference value :  4.98458e-06
 Reference value :  4.98588e-06
 Reference value :  4.98718e-06
 Reference value :  4.98853e-06
 Reference value :  4.98983e-06
 Reference value :  4.99100e-06
 Reference value :  4.99223e-06
 Reference value :  4.99358e-06
 Reference value :  4.99488e-06
 Reference value :  4.99618e-06
 Reference value :  4.99743e-06
 Reference value :  4.99878e-06
 Reference value :  5.00001e-06
 Reference value :  5.00118e-06
 Reference value :  5.00253e-06
 Reference value :  5.00383e-06
 Reference value :  5.00513e-06
 Reference value :  5.00638e-06
 Reference value :  5.00773e-06
 Reference value :  5.00908e-06
 Reference value :  5.01013e-06
 Reference value :  5.01128e-06
 Reference value :  5.01253e-06
 Reference value :  5.01378e-06
 Reference value :  5.01508e-06
 Reference value :  5.01638e-06
 Reference value :  5.01763e-06
 Reference value :  5.01888e-06
 Reference value :  5.02008e-06
 Reference value :  5.02113e-06
 Reference value :  5.02238e-06
 Reference value :  5.02358e-06
 Reference value :  5.02478e-06
 Reference value :  5.02603e-06
 Reference value :  5.02723e-06
 Reference value :  5.02848e-06
 Reference value :  5.02968e-06
 Reference value :  5.03083e-06
 Reference value :  5.03198e-06
 Reference value :  5.03328e-06
 Reference value :  5.03458e-06
 Reference value :  5.03588e-06
 Reference value :  5.03713e-06
 Reference value :  5.03838e-06
 Reference value :  5.03963e-06
 Reference value :  5.04078e-06
 Reference value :  5.04188e-06
 Reference value :  5.04318e-06
 Reference value :  5.04448e-06
 Reference value :  5.04578e-06
 Reference value :  5.04728e-06
 Reference value :  5.04888e-06
 Reference value :  5.05033e-06
 Reference value :  5.05163e-06
 Reference value :  5.05308e-06
 Reference value :  5.05453e-06
 Reference value :  5.05603e-06
 Reference value :  5.05748e-06
 Reference value :  5.05888e-06
 Reference value :  5.06028e-06
 Reference value :  5.06163e-06
 Reference value :  5.06308e-06
 Reference value :  5.06453e-06
 Reference value :  5.06603e-06
 Reference value :  5.06743e-06
 Reference value :  5.06888e-06
 Reference value :  5.07007e-06
 Reference value :  5.07128e-06
 Reference value :  5.07263e-06
 Reference value :  5.07393e-06
 Reference value :  5.07523e-06
 Reference value :  5.07653e-06
 Reference value :  5.07783e-06
 Reference value :  5.07908e-06
 Reference value :  5.08033e-06
 Reference value :  5.08168e-06
 Reference value :  5.08318e-06
 Reference value :  5.08463e-06
 Reference value :  5.08608e-06
 Reference value :  5.08753e-06
 Reference value :  5.08898e-06
 Reference value :  5.09033e-06
 Reference value :  5.09163e-06
 Reference value :  5.09308e-06
 Reference value :  5.09453e-06
 Reference value :  5.09598e-06
 Reference value :  5.09743e-06
 Reference value :  5.09888e-06
 Reference value :  5.10023e-06
 Reference value :  5.10158e-06
 Reference value :  5.10298e-06
 Reference value :  5.10448e-06
 Reference value :  5.10593e-06
 Reference value :  5.10738e-06
 Reference value :  5.10878e-06
 Reference value :  5.11013e-06
 Reference value :  5.11148e-06
 Reference value :  5.11293e-06
 Reference value :  5.11438e-06
 Reference value :  5.11578e-06
 Reference value :  5.11718e-06
 Reference value :  5.11863e-06
 Reference value :  5.11996e-06
 Reference value :  5.12118e-06
 Reference value :  5.12263e-06
 Reference value :  5.12403e-06
 Reference value :  5.12548e-06
 Reference value :  5.12693e-06
 Reference value :  5.12833e-06
 Reference value :  5.12978e-06
 Reference value :  5.13096e-06
 Reference value :  5.13218e-06
 Reference value :  5.13348e-06
 Reference value :  5.13488e-06
 Reference value :  5.13628e-06
 Reference value :  5.13773e-06
 Reference value :  5.13918e-06
 Reference value :  5.14058e-06
 Reference value :  5.14193e-06
 Reference value :  5.14338e-06
 Reference value :  5.14483e-06
 Reference value :  5.14628e-06
 Reference value :  5.14768e-06
 Reference value :  5.14908e-06
 Reference value :  5.15043e-06
 Reference value :  5.15173e-06
 Reference value :  5.15318e-06
 Reference value :  5.15463e-06
 Reference value :  5.15608e-06
 Reference value :  5.15753e-06
 Reference value :  5.15893e-06
 Reference value :  5.16028e-06
 Reference value :  5.16173e-06
 Reference value :  5.16323e-06
 Reference value :  5.16463e-06
 Reference value :  5.16603e-06
 Reference value :  5.16748e-06
 Reference value :  5.16888e-06
 Reference value :  5.17018e-06
 Reference value :  5.17148e-06
 Reference value :  5.17298e-06
 Reference value :  5.17443e-06
 Reference value :  5.17588e-06
 Reference value :  5.17728e-06
 Reference value :  5.17868e-06
 Reference value :  5.18003e-06
 Reference value :  5.18123e-06
 Reference value :  5.18253e-06
 Reference value :  5.18383e-06
 Reference value :  5.18513e-06
 Reference value :  5.18638e-06
 Reference value :  5.18763e-06
 Reference value :  5.18888e-06
 Reference value :  5.19023e-06
 Reference value :  5.19158e-06
 Reference value :  5.19298e-06
 Reference value :  5.19443e-06
 Reference value :  5.19583e-06
 Reference value :  5.19733e-06
 Reference value :  5.19883e-06
 Reference value :  5.20018e-06
 Reference value :  5.20148e-06
 Reference value :  5.20293e-06
 Reference value :  5.20438e-06
 Reference value :  5.20578e-06
 Reference value :  5.20723e-06
 Reference value :  5.20863e-06
 Reference value :  5.21002e-06
 Reference value :  5.21128e-06
 Reference value :  5.21268e-06
 Reference value :  5.21413e-06
 Reference value :  5.21558e-06
 Reference value :  5.21703e-06
 Reference value :  5.21848e-06
 Reference value :  5.21988e-06
 Reference value :  5.22112e-06
 Reference value :  5.22263e-06
 Reference value :  5.22413e-06
 Reference value :  5.22558e-06
 Reference value :  5.22713e-06
 Reference value :  5.22853e-06
 Reference value :  5.22996e-06
 Reference value :  5.23118e-06
 Reference value :  5.23258e-06
 Reference value :  5.23398e-06
 Reference value :  5.23538e-06
 Reference value :  5.23688e-06
 Reference value :  5.23828e-06
 Reference value :  5.23973e-06
 Reference value :  5.24100e-06
 Reference value :  5.24238e-06
 Reference value :  5.24383e-06
 Reference value :  5.24528e-06
 Reference value :  5.24668e-06
 Reference value :  5.24808e-06
 Reference value :  5.24953e-06
 Reference value :  5.25083e-06
 Reference value :  5.25218e-06
 Reference value :  5.25373e-06
 Reference value :  5.25523e-06
 Reference value :  5.25668e-06
 Reference value :  5.25813e-06
 Reference value :  5.25958e-06
 Reference value :  5.26093e-06
 Reference value :  5.26228e-06
 Reference value :  5.26373e-06
 Reference value :  5.26518e-06
 Reference value :  5.26663e-06
 Reference value :  5.26793e-06
 Reference value :  5.26933e-06
 Reference value :  5.27063e-06
 Reference value :  5.27198e-06
 Reference value :  5.27343e-06
 Reference value :  5.27488e-06
 Reference value :  5.27633e-06
 Reference value :  5.27773e-06
 Reference value :  5.27918e-06
 Reference value :  5.28048e-06
 Reference value :  5.28183e-06
 Reference value :  5.28323e-06
 Reference value :  5.28468e-06
 Reference value :  5.28613e-06
 Reference value :  5.28758e-06
 Reference value :  5.28903e-06
 Reference value :  5.29038e-06
 Reference value :  5.29168e-06
 Reference value :  5.29313e-06
 Reference value :  5.29458e-06
 Reference value :  5.29603e-06
 Reference value :  5.29743e-06
 Reference value :  5.29888e-06
 Reference value :  5.30018e-06
 Reference value :  5.30153e-06
 Reference value :  5.30298e-06
 Reference value :  5.30443e-06
 Reference value :  5.30588e-06
 Reference value :  5.30728e-06
 Reference value :  5.30873e-06
 Reference value :  5.31003e-06
 Reference value :  5.31128e-06
 Reference value :  5.31263e-06
 Reference value :  5.31393e-06
 Reference value :  5.31518e-06
 Reference value :  5.31648e-06
 Reference value :  5.31778e-06
 Reference value :  5.31923e-06
 Reference value :  5.32063e-06
 Reference value :  5.32198e-06
 Reference value :  5.32343e-06
 Reference value :  5.32483e-06
 Reference value :  5.32628e-06
 Reference value :  5.32768e-06
 Reference value :  5.32913e-06
 Reference value :  5.33053e-06
 Reference value :  5.33188e-06
 Reference value :  5.33333e-06
 Reference value :  5.33478e-06
 Reference value :  5.33623e-06
 Reference value :  5.33768e-06
 Reference value :  5.33908e-06
 Reference value :  5.34038e-06
 Reference value :  5.34168e-06
 Reference value :  5.34313e-06
 Reference value :  5.34453e-06
 Reference value :  5.34598e-06
 Reference value :  5.34738e-06
 Reference value :  5.34883e-06
 Reference value :  5.35007e-06
 Reference value :  5.35138e-06
 Reference value :  5.35278e-06
 Reference value :  5.35423e-06
 Reference value :  5.35563e-06
 Reference value :  5.35703e-06
 Reference value :  5.35843e-06
 Reference value :  5.35958e-06
 Reference value :  5.36073e-06
 Reference value :  5.36188e-06
 Reference value :  5.36313e-06
 Reference value :  5.36443e-06
 Reference value :  5.36568e-06
 Reference value :  5.36708e-06
 Reference value :  5.36833e-06
 Reference value :  5.36963e-06
 Reference value :  5.37078e-06
 Reference value :  5.37193e-06
 Reference value :  5.37323e-06
 Reference value :  5.37453e-06
 Reference value :  5.37588e-06
 Reference value :  5.37718e-06
 Reference value :  5.37848e-06
 Reference value :  5.37968e-06
 Reference value :  5.38073e-06
 Reference value :  5.38188e-06
 Reference value :  5.38308e-06
 Reference value :  5.38433e-06
 Reference value :  5.38578e-06
 Reference value :  5.38718e-06
 Reference value :  5.38858e-06
 Reference value :  5.39000e-06
 Reference value :  5.39123e-06
 Reference value :  5.39268e-06
 Reference value :  5.39413e-06
 Reference value :  5.39558e-06
 Reference value :  5.39703e-06
 Reference value :  5.39848e-06
 Reference value :  5.39983e-06
 Reference value :  5.40101e-06
 Reference value :  5.40248e-06
 Reference value :  5.40408e-06
 Reference value :  5.40558e-06
 Reference value :  5.40703e-06
 Reference value :  5.40858e-06
 Reference value :  5.40996e-06
 Reference value :  5.41118e-06
 Reference value :  5.41258e-06
 Reference value :  5.41398e-06
 Reference value :  5.41538e-06
 Reference value :  5.41688e-06
 Reference value :  5.41833e-06
 Reference value :  5.41968e-06
No. of Data Rows : 111657
vmin_out            =  -2.09357e-03 at=  2.59100e-06
vmax_out            =  1.21885e+00 at=  5.22788e-06
Note: Simulation executed from .control section 
Warning: m=xx on .subckt line will override multiplier m hierarchy!

Note: Starting dynamic gmin stepping
Note: Dynamic gmin stepping completed
