
Note: Compatibility modes selected: hs a


Circuit: * environment: quiet {} code 16

Doing analysis at TEMP = 27.000000 and TNOM = 27.000000

Using SPARSE 1.3 as Direct Linear Solver

Initial Transient Solution
--------------------------

Node                                   Voltage
----                                   -------
vpwr                                       1.2
code[0]                                      0
code[1]                                      0
code[2]                                      0
code[3]                                      0
code[4]                                    1.2
code[5]                                      0
code[6]                                      0
code[7]                                      0
enable                                     1.2
xdut.vbp                              0.745783
clk_out                              0.0247152
xdut.b1                               0.720111
xdut.s3                                0.61907
xdut.s2                                0.61907
xdut.n_126                             1.09803
xdut.s1                                0.61907
xdut.n_125                             1.09803
xdut.s10                              0.602666
xdut.s6                                0.61907
xdut.s5                                0.61907
xdut.n_128                             1.09803
xdut.s9                               0.619933
xdut.n_133                             1.09807
xdut.s4                                0.61907
xdut.n_129                             1.09803
xdut.s8                               0.619025
xdut.n_132                             1.09802
xdut.s7                               0.619072
xdut.n_130                             1.09802
xdut.n_127                             1.09803
xdut.n_131                             1.09803
xdut.s0                                0.61907
xdut.n_124                             1.09803
xdut.n_71                             0.118274
xdut.n_72                             0.118274
xdut.n_70                             0.118274
xdut.n_77                             0.118274
xdut.n_75                             0.118274
xdut.n_73                             0.118274
xdut.n_67                             0.118206
xdut.n_76                             0.118274
xdut.n_69                             0.118278
xdut.n_74                             0.118274
xdut.n_122                             1.08576
xdut.n_i1005                          0.139707
xdut.n_68                             0.138201
xdut.vbn                              0.351597
ven#branch                        -6.98608e-12
vc7#branch                         4.04228e-12
vc6#branch                         2.02114e-12
vc5#branch                         1.01057e-12
vc4#branch                        -6.77552e-09
vc3#branch                         2.52643e-13
vc2#branch                         1.26321e-13
vc1#branch                         6.31607e-14
vc0#branch                         3.15803e-14
vdd#branch                         -7.6051e-05

 Reference value :  0.00000e+00
 Reference value :  1.51400e-09
 Reference value :  3.31400e-09
 Reference value :  5.11400e-09
 Reference value :  6.86400e-09
 Reference value :  8.61400e-09
 Reference value :  1.03640e-08
 Reference value :  1.21140e-08
 Reference value :  1.40140e-08
 Reference value :  1.61140e-08
 Reference value :  1.75640e-08
 Reference value :  1.90640e-08
 Reference value :  2.05140e-08
 Reference value :  2.19640e-08
 Reference value :  2.33640e-08
 Reference value :  2.48140e-08
 Reference value :  2.62140e-08
 Reference value :  2.76140e-08
 Reference value :  2.90640e-08
 Reference value :  3.05140e-08
 Reference value :  3.21640e-08
 Reference value :  3.36640e-08
 Reference value :  3.51140e-08
 Reference value :  3.68140e-08
 Reference value :  3.82140e-08
 Reference value :  3.96640e-08
 Reference value :  4.09640e-08
 Reference value :  4.22640e-08
 Reference value :  4.35640e-08
 Reference value :  4.48640e-08
 Reference value :  4.61640e-08
 Reference value :  4.76140e-08
 Reference value :  4.90640e-08
 Reference value :  5.05140e-08
 Reference value :  5.19140e-08
 Reference value :  5.34140e-08
 Reference value :  5.48140e-08
 Reference value :  5.62640e-08
 Reference value :  5.77140e-08
 Reference value :  5.91140e-08
 Reference value :  6.05640e-08
 Reference value :  6.20140e-08
 Reference value :  6.34640e-08
 Reference value :  6.49640e-08
 Reference value :  6.65140e-08
 Reference value :  6.79640e-08
 Reference value :  6.94140e-08
 Reference value :  7.12140e-08
 Reference value :  7.28140e-08
 Reference value :  7.42640e-08
 Reference value :  7.57140e-08
 Reference value :  7.71140e-08
 Reference value :  7.86140e-08
 Reference value :  8.00640e-08
 Reference value :  8.14640e-08
 Reference value :  8.29640e-08
 Reference value :  8.43640e-08
 Reference value :  8.58140e-08
 Reference value :  8.72140e-08
 Reference value :  8.86640e-08
 Reference value :  9.01140e-08
 Reference value :  9.15640e-08
 Reference value :  9.30140e-08
 Reference value :  9.44640e-08
 Reference value :  9.59140e-08
 Reference value :  9.75140e-08
 Reference value :  9.89640e-08
 Reference value :  1.00464e-07
 Reference value :  1.01914e-07
 Reference value :  1.03414e-07
 Reference value :  1.04864e-07
 Reference value :  1.06314e-07
 Reference value :  1.07764e-07
 Reference value :  1.09264e-07
 Reference value :  1.10714e-07
 Reference value :  1.12164e-07
 Reference value :  1.13564e-07
 Reference value :  1.15014e-07
 Reference value :  1.16464e-07
 Reference value :  1.17914e-07
 Reference value :  1.19414e-07
 Reference value :  1.20864e-07
 Reference value :  1.22314e-07
 Reference value :  1.23764e-07
 Reference value :  1.25264e-07
 Reference value :  1.26714e-07
 Reference value :  1.28114e-07
 Reference value :  1.29614e-07
 Reference value :  1.31064e-07
 Reference value :  1.32514e-07
 Reference value :  1.33964e-07
 Reference value :  1.35564e-07
 Reference value :  1.36964e-07
 Reference value :  1.38414e-07
 Reference value :  1.39864e-07
 Reference value :  1.41314e-07
 Reference value :  1.42764e-07
 Reference value :  1.44364e-07
 Reference value :  1.45814e-07
 Reference value :  1.47264e-07
 Reference value :  1.48664e-07
 Reference value :  1.50064e-07
 Reference value :  1.51464e-07
 Reference value :  1.52864e-07
 Reference value :  1.54264e-07
 Reference value :  1.55664e-07
 Reference value :  1.57114e-07
 Reference value :  1.58514e-07
 Reference value :  1.59914e-07
 Reference value :  1.61314e-07
 Reference value :  1.62714e-07
 Reference value :  1.64114e-07
 Reference value :  1.65414e-07
 Reference value :  1.66714e-07
 Reference value :  1.68014e-07
 Reference value :  1.69264e-07
 Reference value :  1.70564e-07
 Reference value :  1.71864e-07
 Reference value :  1.73114e-07
 Reference value :  1.74414e-07
 Reference value :  1.75764e-07
 Reference value :  1.77214e-07
 Reference value :  1.78664e-07
 Reference value :  1.80114e-07
 Reference value :  1.81564e-07
 Reference value :  1.83014e-07
 Reference value :  1.84464e-07
 Reference value :  1.85964e-07
 Reference value :  1.87414e-07
 Reference value :  1.88814e-07
 Reference value :  1.90214e-07
 Reference value :  1.91614e-07
 Reference value :  1.93064e-07
 Reference value :  1.94514e-07
 Reference value :  1.95964e-07
 Reference value :  1.97414e-07
 Reference value :  1.98864e-07
 Reference value :  2.00314e-07
 Reference value :  2.01764e-07
 Reference value :  2.03264e-07
 Reference value :  2.04714e-07
 Reference value :  2.06164e-07
 Reference value :  2.07614e-07
 Reference value :  2.09064e-07
 Reference value :  2.10514e-07
 Reference value :  2.12014e-07
 Reference value :  2.13464e-07
 Reference value :  2.14914e-07
 Reference value :  2.16364e-07
 Reference value :  2.17814e-07
 Reference value :  2.19314e-07
 Reference value :  2.20764e-07
 Reference value :  2.22214e-07
 Reference value :  2.23664e-07
 Reference value :  2.25064e-07
 Reference value :  2.26514e-07
 Reference value :  2.27964e-07
 Reference value :  2.29414e-07
 Reference value :  2.30864e-07
 Reference value :  2.32214e-07
 Reference value :  2.33514e-07
 Reference value :  2.34814e-07
 Reference value :  2.36114e-07
 Reference value :  2.37464e-07
 Reference value :  2.38914e-07
 Reference value :  2.40364e-07
 Reference value :  2.41814e-07
 Reference value :  2.43264e-07
 Reference value :  2.44714e-07
 Reference value :  2.46164e-07
 Reference value :  2.47514e-07
 Reference value :  2.48714e-07
 Reference value :  2.49914e-07
 Reference value :  2.51114e-07
 Reference value :  2.52314e-07
 Reference value :  2.53564e-07
 Reference value :  2.54764e-07
 Reference value :  2.55964e-07
 Reference value :  2.57314e-07
 Reference value :  2.58764e-07
 Reference value :  2.60164e-07
 Reference value :  2.61464e-07
 Reference value :  2.62814e-07
 Reference value :  2.64264e-07
 Reference value :  2.65664e-07
 Reference value :  2.67114e-07
 Reference value :  2.68414e-07
 Reference value :  2.69614e-07
 Reference value :  2.70864e-07
 Reference value :  2.72114e-07
 Reference value :  2.73414e-07
 Reference value :  2.74664e-07
 Reference value :  2.75914e-07
 Reference value :  2.77114e-07
 Reference value :  2.78514e-07
 Reference value :  2.79714e-07
 Reference value :  2.81014e-07
 Reference value :  2.82264e-07
 Reference value :  2.83564e-07
 Reference value :  2.84864e-07
 Reference value :  2.86164e-07
 Reference value :  2.87364e-07
 Reference value :  2.88564e-07
 Reference value :  2.89764e-07
 Reference value :  2.90964e-07
 Reference value :  2.92164e-07
 Reference value :  2.93414e-07
 Reference value :  2.94664e-07
 Reference value :  2.95914e-07
 Reference value :  2.97164e-07
 Reference value :  2.98464e-07
 Reference value :  2.99764e-07
 Reference value :  3.01064e-07
 Reference value :  3.02314e-07
 Reference value :  3.03564e-07
 Reference value :  3.04814e-07
 Reference value :  3.06114e-07
 Reference value :  3.07514e-07
 Reference value :  3.08914e-07
 Reference value :  3.10214e-07
 Reference value :  3.11464e-07
 Reference value :  3.12764e-07
 Reference value :  3.14064e-07
 Reference value :  3.15364e-07
 Reference value :  3.16664e-07
 Reference value :  3.17914e-07
 Reference value :  3.19114e-07
 Reference value :  3.20314e-07
 Reference value :  3.21564e-07
 Reference value :  3.22814e-07
 Reference value :  3.24114e-07
 Reference value :  3.25414e-07
 Reference value :  3.26714e-07
 Reference value :  3.28014e-07
 Reference value :  3.29314e-07
 Reference value :  3.30664e-07
 Reference value :  3.31964e-07
 Reference value :  3.33214e-07
 Reference value :  3.34514e-07
 Reference value :  3.35764e-07
 Reference value :  3.37064e-07
 Reference value :  3.38364e-07
 Reference value :  3.39664e-07
 Reference value :  3.41114e-07
 Reference value :  3.42564e-07
 Reference value :  3.44014e-07
 Reference value :  3.45464e-07
 Reference value :  3.46914e-07
 Reference value :  3.48364e-07
 Reference value :  3.49814e-07
 Reference value :  3.51264e-07
 Reference value :  3.52714e-07
 Reference value :  3.54164e-07
 Reference value :  3.55614e-07
 Reference value :  3.57064e-07
 Reference value :  3.58514e-07
 Reference value :  3.60014e-07
 Reference value :  3.61464e-07
 Reference value :  3.62864e-07
 Reference value :  3.64414e-07
 Reference value :  3.66114e-07
 Reference value :  3.67564e-07
 Reference value :  3.68864e-07
 Reference value :  3.70164e-07
 Reference value :  3.71414e-07
 Reference value :  3.72864e-07
 Reference value :  3.74364e-07
 Reference value :  3.75814e-07
 Reference value :  3.77264e-07
 Reference value :  3.78714e-07
 Reference value :  3.80164e-07
 Reference value :  3.81614e-07
 Reference value :  3.83064e-07
 Reference value :  3.84514e-07
 Reference value :  3.86014e-07
 Reference value :  3.87464e-07
 Reference value :  3.88914e-07
 Reference value :  3.90364e-07
 Reference value :  3.91814e-07
 Reference value :  3.93264e-07
 Reference value :  3.94714e-07
 Reference value :  3.96164e-07
 Reference value :  3.97614e-07
 Reference value :  3.99064e-07
 Reference value :  4.00514e-07
 Reference value :  4.02014e-07
 Reference value :  4.03464e-07
 Reference value :  4.04914e-07
 Reference value :  4.06364e-07
 Reference value :  4.07814e-07
 Reference value :  4.09264e-07
 Reference value :  4.10614e-07
 Reference value :  4.11914e-07
 Reference value :  4.13214e-07
 Reference value :  4.14514e-07
 Reference value :  4.15814e-07
 Reference value :  4.17114e-07
 Reference value :  4.18364e-07
 Reference value :  4.19614e-07
 Reference value :  4.21064e-07
 Reference value :  4.22614e-07
 Reference value :  4.24264e-07
 Reference value :  4.25814e-07
 Reference value :  4.27264e-07
 Reference value :  4.28714e-07
 Reference value :  4.30164e-07
 Reference value :  4.31564e-07
 Reference value :  4.33014e-07
 Reference value :  4.34464e-07
 Reference value :  4.35914e-07
 Reference value :  4.37314e-07
 Reference value :  4.38564e-07
 Reference value :  4.39814e-07
 Reference value :  4.41164e-07
 Reference value :  4.42464e-07
 Reference value :  4.43764e-07
 Reference value :  4.45014e-07
 Reference value :  4.46214e-07
 Reference value :  4.47464e-07
 Reference value :  4.48714e-07
 Reference value :  4.50014e-07
 Reference value :  4.51264e-07
 Reference value :  4.52514e-07
 Reference value :  4.53814e-07
 Reference value :  4.55114e-07
 Reference value :  4.56414e-07
 Reference value :  4.57714e-07
 Reference value :  4.59014e-07
 Reference value :  4.60314e-07
 Reference value :  4.61614e-07
 Reference value :  4.62914e-07
 Reference value :  4.64214e-07
 Reference value :  4.65514e-07
 Reference value :  4.66814e-07
 Reference value :  4.68114e-07
 Reference value :  4.69414e-07
 Reference value :  4.70714e-07
 Reference value :  4.72014e-07
 Reference value :  4.73314e-07
 Reference value :  4.74614e-07
 Reference value :  4.75914e-07
 Reference value :  4.77214e-07
 Reference value :  4.78514e-07
 Reference value :  4.79814e-07
 Reference value :  4.81064e-07
 Reference value :  4.82364e-07
 Reference value :  4.83664e-07
 Reference value :  4.84914e-07
 Reference value :  4.86114e-07
 Reference value :  4.87364e-07
 Reference value :  4.88664e-07
 Reference value :  4.90114e-07
 Reference value :  4.91564e-07
 Reference value :  4.93014e-07
 Reference value :  4.94464e-07
 Reference value :  4.95964e-07
 Reference value :  4.97464e-07
 Reference value :  4.98914e-07
 Reference value :  5.00364e-07
 Reference value :  5.01764e-07
 Reference value :  5.03214e-07
 Reference value :  5.04714e-07
 Reference value :  5.06164e-07
 Reference value :  5.07614e-07
 Reference value :  5.09064e-07
 Reference value :  5.10514e-07
 Reference value :  5.12014e-07
 Reference value :  5.13714e-07
 Reference value :  5.15364e-07
 Reference value :  5.17164e-07
 Reference value :  5.18764e-07
 Reference value :  5.20414e-07
 Reference value :  5.21864e-07
 Reference value :  5.23314e-07
 Reference value :  5.24764e-07
 Reference value :  5.26214e-07
 Reference value :  5.27614e-07
 Reference value :  5.28964e-07
 Reference value :  5.30264e-07
 Reference value :  5.31564e-07
 Reference value :  5.32864e-07
 Reference value :  5.34164e-07
 Reference value :  5.35464e-07
 Reference value :  5.36764e-07
 Reference value :  5.38064e-07
 Reference value :  5.39364e-07
 Reference value :  5.40664e-07
 Reference value :  5.41964e-07
 Reference value :  5.43264e-07
 Reference value :  5.44564e-07
 Reference value :  5.45814e-07
 Reference value :  5.47114e-07
 Reference value :  5.48464e-07
 Reference value :  5.49764e-07
 Reference value :  5.51114e-07
 Reference value :  5.52414e-07
 Reference value :  5.53714e-07
 Reference value :  5.55014e-07
 Reference value :  5.56314e-07
 Reference value :  5.57764e-07
 Reference value :  5.59214e-07
 Reference value :  5.60664e-07
 Reference value :  5.62164e-07
 Reference value :  5.63664e-07
 Reference value :  5.65164e-07
 Reference value :  5.66614e-07
 Reference value :  5.68064e-07
 Reference value :  5.69514e-07
 Reference value :  5.70964e-07
 Reference value :  5.72414e-07
 Reference value :  5.73864e-07
 Reference value :  5.75364e-07
 Reference value :  5.76964e-07
 Reference value :  5.78314e-07
 Reference value :  5.79614e-07
 Reference value :  5.80914e-07
 Reference value :  5.82214e-07
 Reference value :  5.83514e-07
 Reference value :  5.84814e-07
 Reference value :  5.86114e-07
 Reference value :  5.87414e-07
 Reference value :  5.88714e-07
 Reference value :  5.90014e-07
 Reference value :  5.91314e-07
 Reference value :  5.92664e-07
 Reference value :  5.93964e-07
 Reference value :  5.95264e-07
 Reference value :  5.96564e-07
 Reference value :  5.97764e-07
 Reference value :  5.99014e-07
 Reference value :  6.00314e-07
 Reference value :  6.01614e-07
 Reference value :  6.02914e-07
 Reference value :  6.04214e-07
 Reference value :  6.05514e-07
 Reference value :  6.06864e-07
 Reference value :  6.08164e-07
 Reference value :  6.09464e-07
 Reference value :  6.10764e-07
 Reference value :  6.12014e-07
 Reference value :  6.13414e-07
 Reference value :  6.14864e-07
 Reference value :  6.16314e-07
 Reference value :  6.17764e-07
 Reference value :  6.19214e-07
 Reference value :  6.20614e-07
 Reference value :  6.22064e-07
 Reference value :  6.23564e-07
 Reference value :  6.25014e-07
 Reference value :  6.26464e-07
 Reference value :  6.27914e-07
 Reference value :  6.29364e-07
 Reference value :  6.30814e-07
 Reference value :  6.32264e-07
 Reference value :  6.33664e-07
 Reference value :  6.35114e-07
 Reference value :  6.36514e-07
 Reference value :  6.37914e-07
 Reference value :  6.39314e-07
 Reference value :  6.40714e-07
 Reference value :  6.42114e-07
 Reference value :  6.43464e-07
 Reference value :  6.45014e-07
 Reference value :  6.46614e-07
 Reference value :  6.48064e-07
 Reference value :  6.49514e-07
 Reference value :  6.50964e-07
 Reference value :  6.52414e-07
 Reference value :  6.53864e-07
 Reference value :  6.55314e-07
 Reference value :  6.56764e-07
 Reference value :  6.58214e-07
 Reference value :  6.59664e-07
 Reference value :  6.61164e-07
 Reference value :  6.62714e-07
 Reference value :  6.64214e-07
 Reference value :  6.65664e-07
 Reference value :  6.67064e-07
 Reference value :  6.68664e-07
 Reference value :  6.70264e-07
 Reference value :  6.71664e-07
 Reference value :  6.72964e-07
 Reference value :  6.74264e-07
 Reference value :  6.75564e-07
 Reference value :  6.76864e-07
 Reference value :  6.78264e-07
 Reference value :  6.79714e-07
 Reference value :  6.81214e-07
 Reference value :  6.82664e-07
 Reference value :  6.84114e-07
 Reference value :  6.85564e-07
 Reference value :  6.87014e-07
 Reference value :  6.88464e-07
 Reference value :  6.89964e-07
 Reference value :  6.91364e-07
 Reference value :  6.92814e-07
 Reference value :  6.94264e-07
 Reference value :  6.95664e-07
 Reference value :  6.97064e-07
 Reference value :  6.98714e-07
 Reference value :  7.00464e-07
 Reference value :  7.02064e-07
 Reference value :  7.03464e-07
 Reference value :  7.04864e-07
 Reference value :  7.06314e-07
 Reference value :  7.07714e-07
 Reference value :  7.09114e-07
 Reference value :  7.10564e-07
 Reference value :  7.11964e-07
 Reference value :  7.13214e-07
 Reference value :  7.14514e-07
 Reference value :  7.15814e-07
 Reference value :  7.17164e-07
 Reference value :  7.18464e-07
 Reference value :  7.19764e-07
 Reference value :  7.21064e-07
 Reference value :  7.22314e-07
 Reference value :  7.23614e-07
 Reference value :  7.24914e-07
 Reference value :  7.26214e-07
 Reference value :  7.27514e-07
 Reference value :  7.28814e-07
 Reference value :  7.30114e-07
 Reference value :  7.31414e-07
 Reference value :  7.32714e-07
 Reference value :  7.34014e-07
 Reference value :  7.35314e-07
 Reference value :  7.36614e-07
 Reference value :  7.37914e-07
 Reference value :  7.39214e-07
 Reference value :  7.40514e-07
 Reference value :  7.41814e-07
 Reference value :  7.43064e-07
 Reference value :  7.44364e-07
 Reference value :  7.45664e-07
 Reference value :  7.46964e-07
 Reference value :  7.48264e-07
 Reference value :  7.49564e-07
 Reference value :  7.50864e-07
 Reference value :  7.52164e-07
 Reference value :  7.53364e-07
 Reference value :  7.54564e-07
 Reference value :  7.55814e-07
 Reference value :  7.57064e-07
 Reference value :  7.58314e-07
 Reference value :  7.59564e-07
 Reference value :  7.60864e-07
 Reference value :  7.62164e-07
 Reference value :  7.63464e-07
 Reference value :  7.64764e-07
 Reference value :  7.66014e-07
 Reference value :  7.67314e-07
 Reference value :  7.68564e-07
 Reference value :  7.69864e-07
 Reference value :  7.71164e-07
 Reference value :  7.72514e-07
 Reference value :  7.73814e-07
 Reference value :  7.75114e-07
 Reference value :  7.76414e-07
 Reference value :  7.77664e-07
 Reference value :  7.78914e-07
 Reference value :  7.80214e-07
 Reference value :  7.81514e-07
 Reference value :  7.82814e-07
 Reference value :  7.84114e-07
 Reference value :  7.85414e-07
 Reference value :  7.86714e-07
 Reference value :  7.88014e-07
 Reference value :  7.89314e-07
 Reference value :  7.90614e-07
 Reference value :  7.91914e-07
 Reference value :  7.93214e-07
 Reference value :  7.94514e-07
 Reference value :  7.95814e-07
 Reference value :  7.97114e-07
 Reference value :  7.98414e-07
 Reference value :  7.99714e-07
 Reference value :  8.01064e-07
 Reference value :  8.02364e-07
 Reference value :  8.03664e-07
 Reference value :  8.05014e-07
 Reference value :  8.06314e-07
 Reference value :  8.07614e-07
 Reference value :  8.08914e-07
 Reference value :  8.10214e-07
 Reference value :  8.11514e-07
 Reference value :  8.12814e-07
 Reference value :  8.14114e-07
 Reference value :  8.15414e-07
 Reference value :  8.16714e-07
 Reference value :  8.18014e-07
 Reference value :  8.19314e-07
 Reference value :  8.20614e-07
 Reference value :  8.21914e-07
 Reference value :  8.23214e-07
 Reference value :  8.24514e-07
 Reference value :  8.25814e-07
 Reference value :  8.27114e-07
 Reference value :  8.28414e-07
 Reference value :  8.29664e-07
 Reference value :  8.30914e-07
 Reference value :  8.32164e-07
 Reference value :  8.33414e-07
 Reference value :  8.34714e-07
 Reference value :  8.36014e-07
 Reference value :  8.37314e-07
 Reference value :  8.38564e-07
 Reference value :  8.39864e-07
 Reference value :  8.41164e-07
 Reference value :  8.42414e-07
 Reference value :  8.43714e-07
 Reference value :  8.44964e-07
 Reference value :  8.46214e-07
 Reference value :  8.47514e-07
 Reference value :  8.48814e-07
 Reference value :  8.50114e-07
 Reference value :  8.51414e-07
 Reference value :  8.52714e-07
 Reference value :  8.54014e-07
 Reference value :  8.55314e-07
 Reference value :  8.56564e-07
 Reference value :  8.57814e-07
 Reference value :  8.59064e-07
 Reference value :  8.60314e-07
 Reference value :  8.61614e-07
 Reference value :  8.62914e-07
 Reference value :  8.64214e-07
 Reference value :  8.65514e-07
 Reference value :  8.66814e-07
 Reference value :  8.68114e-07
 Reference value :  8.69314e-07
 Reference value :  8.70514e-07
 Reference value :  8.71714e-07
 Reference value :  8.72914e-07
 Reference value :  8.74164e-07
 Reference value :  8.75414e-07
 Reference value :  8.76664e-07
 Reference value :  8.77964e-07
 Reference value :  8.79214e-07
 Reference value :  8.80514e-07
 Reference value :  8.81814e-07
 Reference value :  8.83164e-07
 Reference value :  8.84464e-07
 Reference value :  8.85764e-07
 Reference value :  8.86964e-07
 Reference value :  8.88114e-07
 Reference value :  8.89364e-07
 Reference value :  8.90614e-07
 Reference value :  8.91864e-07
 Reference value :  8.93114e-07
 Reference value :  8.94414e-07
 Reference value :  8.95664e-07
 Reference value :  8.96964e-07
 Reference value :  8.98264e-07
 Reference value :  8.99564e-07
 Reference value :  9.00814e-07
 Reference value :  9.02114e-07
 Reference value :  9.03414e-07
 Reference value :  9.04714e-07
 Reference value :  9.06014e-07
 Reference value :  9.07314e-07
 Reference value :  9.08614e-07
 Reference value :  9.09914e-07
 Reference value :  9.11214e-07
 Reference value :  9.12514e-07
 Reference value :  9.13864e-07
 Reference value :  9.15314e-07
 Reference value :  9.16664e-07
 Reference value :  9.18064e-07
 Reference value :  9.19514e-07
 Reference value :  9.20964e-07
 Reference value :  9.22414e-07
 Reference value :  9.23864e-07
 Reference value :  9.25314e-07
 Reference value :  9.26764e-07
 Reference value :  9.28214e-07
 Reference value :  9.29664e-07
 Reference value :  9.31164e-07
 Reference value :  9.32614e-07
 Reference value :  9.34064e-07
 Reference value :  9.35514e-07
 Reference value :  9.36964e-07
 Reference value :  9.38414e-07
 Reference value :  9.39864e-07
 Reference value :  9.41314e-07
 Reference value :  9.42764e-07
 Reference value :  9.44214e-07
 Reference value :  9.45664e-07
 Reference value :  9.47114e-07
 Reference value :  9.48514e-07
 Reference value :  9.49764e-07
 Reference value :  9.51064e-07
 Reference value :  9.52614e-07
 Reference value :  9.54264e-07
 Reference value :  9.55814e-07
 Reference value :  9.57264e-07
 Reference value :  9.58714e-07
 Reference value :  9.60164e-07
 Reference value :  9.61564e-07
 Reference value :  9.63014e-07
 Reference value :  9.64464e-07
 Reference value :  9.65914e-07
 Reference value :  9.67364e-07
 Reference value :  9.68814e-07
 Reference value :  9.70264e-07
 Reference value :  9.71714e-07
 Reference value :  9.73164e-07
 Reference value :  9.74614e-07
 Reference value :  9.76064e-07
 Reference value :  9.77514e-07
 Reference value :  9.78964e-07
 Reference value :  9.80464e-07
 Reference value :  9.81764e-07
 Reference value :  9.83064e-07
 Reference value :  9.84364e-07
 Reference value :  9.85664e-07
 Reference value :  9.86964e-07
 Reference value :  9.88264e-07
 Reference value :  9.89564e-07
 Reference value :  9.90864e-07
 Reference value :  9.92164e-07
 Reference value :  9.93464e-07
 Reference value :  9.94814e-07
 Reference value :  9.96114e-07
 Reference value :  9.97414e-07
 Reference value :  9.98714e-07
 Reference value :  1.00001e-06
 Reference value :  1.00131e-06
 Reference value :  1.00261e-06
 Reference value :  1.00396e-06
 Reference value :  1.00526e-06
 Reference value :  1.00656e-06
 Reference value :  1.00786e-06
 Reference value :  1.00916e-06
 Reference value :  1.01046e-06
 Reference value :  1.01176e-06
 Reference value :  1.01306e-06
 Reference value :  1.01436e-06
 Reference value :  1.01566e-06
 Reference value :  1.01696e-06
 Reference value :  1.01826e-06
 Reference value :  1.01956e-06
 Reference value :  1.02086e-06
 Reference value :  1.02221e-06
 Reference value :  1.02356e-06
 Reference value :  1.02491e-06
 Reference value :  1.02626e-06
 Reference value :  1.02756e-06
 Reference value :  1.02881e-06
 Reference value :  1.03011e-06
 Reference value :  1.03141e-06
 Reference value :  1.03266e-06
 Reference value :  1.03396e-06
 Reference value :  1.03536e-06
 Reference value :  1.03681e-06
 Reference value :  1.03826e-06
 Reference value :  1.03966e-06
 Reference value :  1.04156e-06
 Reference value :  1.04341e-06
 Reference value :  1.04486e-06
 Reference value :  1.04631e-06
 Reference value :  1.04776e-06
 Reference value :  1.04926e-06
 Reference value :  1.05071e-06
 Reference value :  1.05216e-06
 Reference value :  1.05361e-06
 Reference value :  1.05501e-06
 Reference value :  1.05646e-06
 Reference value :  1.05791e-06
 Reference value :  1.05936e-06
 Reference value :  1.06081e-06
 Reference value :  1.06226e-06
 Reference value :  1.06371e-06
 Reference value :  1.06516e-06
 Reference value :  1.06661e-06
 Reference value :  1.06811e-06
 Reference value :  1.06956e-06
 Reference value :  1.07101e-06
 Reference value :  1.07246e-06
 Reference value :  1.07391e-06
 Reference value :  1.07536e-06
 Reference value :  1.07681e-06
 Reference value :  1.07826e-06
 Reference value :  1.07971e-06
 Reference value :  1.08116e-06
 Reference value :  1.08261e-06
 Reference value :  1.08401e-06
 Reference value :  1.08546e-06
 Reference value :  1.08676e-06
 Reference value :  1.08806e-06
 Reference value :  1.08936e-06
 Reference value :  1.09066e-06
 Reference value :  1.09196e-06
 Reference value :  1.09326e-06
 Reference value :  1.09456e-06
 Reference value :  1.09586e-06
 Reference value :  1.09716e-06
 Reference value :  1.09846e-06
 Reference value :  1.09976e-06
 Reference value :  1.10106e-06
 Reference value :  1.10236e-06
 Reference value :  1.10366e-06
 Reference value :  1.10501e-06
 Reference value :  1.10631e-06
 Reference value :  1.10761e-06
 Reference value :  1.10931e-06
 Reference value :  1.11071e-06
 Reference value :  1.11216e-06
 Reference value :  1.11366e-06
 Reference value :  1.11511e-06
 Reference value :  1.11641e-06
 Reference value :  1.11776e-06
 Reference value :  1.11916e-06
 Reference value :  1.12061e-06
 Reference value :  1.12206e-06
 Reference value :  1.12351e-06
 Reference value :  1.12501e-06
 Reference value :  1.12651e-06
 Reference value :  1.12796e-06
 Reference value :  1.12936e-06
 Reference value :  1.13076e-06
 Reference value :  1.13216e-06
 Reference value :  1.13356e-06
 Reference value :  1.13506e-06
 Reference value :  1.13646e-06
 Reference value :  1.13786e-06
 Reference value :  1.13931e-06
 Reference value :  1.14081e-06
 Reference value :  1.14226e-06
 Reference value :  1.14371e-06
 Reference value :  1.14511e-06
 Reference value :  1.14661e-06
 Reference value :  1.14816e-06
 Reference value :  1.14961e-06
 Reference value :  1.15116e-06
 Reference value :  1.15256e-06
 Reference value :  1.15401e-06
 Reference value :  1.15551e-06
 Reference value :  1.15696e-06
 Reference value :  1.15841e-06
 Reference value :  1.16006e-06
 Reference value :  1.16151e-06
 Reference value :  1.16296e-06
 Reference value :  1.16441e-06
 Reference value :  1.16581e-06
 Reference value :  1.16726e-06
 Reference value :  1.16871e-06
 Reference value :  1.17021e-06
 Reference value :  1.17166e-06
 Reference value :  1.17311e-06
 Reference value :  1.17456e-06
 Reference value :  1.17601e-06
 Reference value :  1.17746e-06
 Reference value :  1.17886e-06
 Reference value :  1.18031e-06
 Reference value :  1.18171e-06
 Reference value :  1.18311e-06
 Reference value :  1.18451e-06
 Reference value :  1.18591e-06
 Reference value :  1.18731e-06
 Reference value :  1.18876e-06
 Reference value :  1.19021e-06
 Reference value :  1.19166e-06
 Reference value :  1.19306e-06
 Reference value :  1.19446e-06
 Reference value :  1.19586e-06
 Reference value :  1.19726e-06
 Reference value :  1.19856e-06
 Reference value :  1.19981e-06
 Reference value :  1.20106e-06
 Reference value :  1.20236e-06
 Reference value :  1.20361e-06
 Reference value :  1.20486e-06
 Reference value :  1.20611e-06
 Reference value :  1.20746e-06
 Reference value :  1.20886e-06
 Reference value :  1.21026e-06
 Reference value :  1.21171e-06
 Reference value :  1.21316e-06
 Reference value :  1.21461e-06
 Reference value :  1.21611e-06
 Reference value :  1.21741e-06
 Reference value :  1.21871e-06
 Reference value :  1.21996e-06
 Reference value :  1.22121e-06
 Reference value :  1.22251e-06
 Reference value :  1.22381e-06
 Reference value :  1.22511e-06
 Reference value :  1.22641e-06
 Reference value :  1.22771e-06
 Reference value :  1.22901e-06
 Reference value :  1.23031e-06
 Reference value :  1.23161e-06
 Reference value :  1.23291e-06
 Reference value :  1.23421e-06
 Reference value :  1.23551e-06
 Reference value :  1.23681e-06
 Reference value :  1.23811e-06
 Reference value :  1.23941e-06
 Reference value :  1.24071e-06
 Reference value :  1.24201e-06
 Reference value :  1.24331e-06
 Reference value :  1.24456e-06
 Reference value :  1.24586e-06
 Reference value :  1.24716e-06
 Reference value :  1.24841e-06
 Reference value :  1.24971e-06
 Reference value :  1.25096e-06
 Reference value :  1.25221e-06
 Reference value :  1.25346e-06
 Reference value :  1.25471e-06
 Reference value :  1.25596e-06
 Reference value :  1.25726e-06
 Reference value :  1.25871e-06
 Reference value :  1.26001e-06
 Reference value :  1.26131e-06
 Reference value :  1.26261e-06
 Reference value :  1.26391e-06
 Reference value :  1.26521e-06
 Reference value :  1.26651e-06
 Reference value :  1.26776e-06
 Reference value :  1.26901e-06
 Reference value :  1.27036e-06
 Reference value :  1.27166e-06
 Reference value :  1.27296e-06
 Reference value :  1.27426e-06
 Reference value :  1.27551e-06
 Reference value :  1.27681e-06
 Reference value :  1.27811e-06
 Reference value :  1.27941e-06
 Reference value :  1.28071e-06
 Reference value :  1.28216e-06
 Reference value :  1.28361e-06
 Reference value :  1.28506e-06
 Reference value :  1.28661e-06
 Reference value :  1.28821e-06
 Reference value :  1.28966e-06
 Reference value :  1.29111e-06
 Reference value :  1.29256e-06
 Reference value :  1.29396e-06
 Reference value :  1.29541e-06
 Reference value :  1.29681e-06
 Reference value :  1.29821e-06
 Reference value :  1.29961e-06
 Reference value :  1.30101e-06
 Reference value :  1.30241e-06
 Reference value :  1.30381e-06
 Reference value :  1.30516e-06
 Reference value :  1.30646e-06
 Reference value :  1.30776e-06
 Reference value :  1.30906e-06
 Reference value :  1.31036e-06
 Reference value :  1.31166e-06
 Reference value :  1.31291e-06
 Reference value :  1.31421e-06
 Reference value :  1.31566e-06
 Reference value :  1.31711e-06
 Reference value :  1.31861e-06
 Reference value :  1.32016e-06
 Reference value :  1.32166e-06
 Reference value :  1.32311e-06
 Reference value :  1.32476e-06
 Reference value :  1.32651e-06
 Reference value :  1.32791e-06
 Reference value :  1.32931e-06
 Reference value :  1.33076e-06
 Reference value :  1.33216e-06
 Reference value :  1.33361e-06
 Reference value :  1.33506e-06
 Reference value :  1.33651e-06
 Reference value :  1.33796e-06
 Reference value :  1.33941e-06
 Reference value :  1.34086e-06
 Reference value :  1.34226e-06
 Reference value :  1.34366e-06
 Reference value :  1.34506e-06
 Reference value :  1.34646e-06
 Reference value :  1.34786e-06
 Reference value :  1.34931e-06
 Reference value :  1.35071e-06
 Reference value :  1.35211e-06
 Reference value :  1.35356e-06
 Reference value :  1.35496e-06
 Reference value :  1.35636e-06
 Reference value :  1.35781e-06
 Reference value :  1.35926e-06
 Reference value :  1.36066e-06
 Reference value :  1.36206e-06
 Reference value :  1.36346e-06
 Reference value :  1.36486e-06
 Reference value :  1.36626e-06
 Reference value :  1.36766e-06
 Reference value :  1.36906e-06
 Reference value :  1.37046e-06
 Reference value :  1.37186e-06
 Reference value :  1.37326e-06
 Reference value :  1.37471e-06
 Reference value :  1.37611e-06
 Reference value :  1.37751e-06
 Reference value :  1.37891e-06
 Reference value :  1.38036e-06
 Reference value :  1.38186e-06
 Reference value :  1.38331e-06
 Reference value :  1.38476e-06
 Reference value :  1.38621e-06
 Reference value :  1.38781e-06
 Reference value :  1.38911e-06
 Reference value :  1.39041e-06
 Reference value :  1.39176e-06
 Reference value :  1.39321e-06
 Reference value :  1.39461e-06
 Reference value :  1.39606e-06
 Reference value :  1.39751e-06
 Reference value :  1.39896e-06
 Reference value :  1.40041e-06
 Reference value :  1.40186e-06
 Reference value :  1.40326e-06
 Reference value :  1.40471e-06
 Reference value :  1.40616e-06
 Reference value :  1.40756e-06
 Reference value :  1.40901e-06
 Reference value :  1.41046e-06
 Reference value :  1.41191e-06
 Reference value :  1.41336e-06
 Reference value :  1.41481e-06
 Reference value :  1.41626e-06
 Reference value :  1.41771e-06
 Reference value :  1.41916e-06
 Reference value :  1.42061e-06
 Reference value :  1.42206e-06
 Reference value :  1.42366e-06
 Reference value :  1.42496e-06
 Reference value :  1.42626e-06
 Reference value :  1.42771e-06
 Reference value :  1.42916e-06
 Reference value :  1.43051e-06
 Reference value :  1.43181e-06
 Reference value :  1.43311e-06
 Reference value :  1.43441e-06
 Reference value :  1.43571e-06
 Reference value :  1.43706e-06
 Reference value :  1.43831e-06
 Reference value :  1.43956e-06
 Reference value :  1.44076e-06
 Reference value :  1.44191e-06
 Reference value :  1.44311e-06
 Reference value :  1.44436e-06
 Reference value :  1.44561e-06
 Reference value :  1.44681e-06
 Reference value :  1.44806e-06
 Reference value :  1.44926e-06
 Reference value :  1.45051e-06
 Reference value :  1.45181e-06
 Reference value :  1.45311e-06
 Reference value :  1.45441e-06
 Reference value :  1.45571e-06
 Reference value :  1.45701e-06
 Reference value :  1.45831e-06
 Reference value :  1.45961e-06
 Reference value :  1.46091e-06
 Reference value :  1.46211e-06
 Reference value :  1.46331e-06
 Reference value :  1.46451e-06
 Reference value :  1.46571e-06
 Reference value :  1.46691e-06
 Reference value :  1.46811e-06
 Reference value :  1.46936e-06
 Reference value :  1.47061e-06
 Reference value :  1.47186e-06
 Reference value :  1.47316e-06
 Reference value :  1.47446e-06
 Reference value :  1.47571e-06
 Reference value :  1.47696e-06
 Reference value :  1.47821e-06
 Reference value :  1.47951e-06
 Reference value :  1.48076e-06
 Reference value :  1.48206e-06
 Reference value :  1.48336e-06
 Reference value :  1.48461e-06
 Reference value :  1.48591e-06
 Reference value :  1.48721e-06
 Reference value :  1.48851e-06
 Reference value :  1.48981e-06
 Reference value :  1.49111e-06
 Reference value :  1.49246e-06
 Reference value :  1.49376e-06
 Reference value :  1.49506e-06
 Reference value :  1.49636e-06
 Reference value :  1.49766e-06
 Reference value :  1.49896e-06
 Reference value :  1.50026e-06
 Reference value :  1.50156e-06
 Reference value :  1.50286e-06
 Reference value :  1.50416e-06
 Reference value :  1.50546e-06
 Reference value :  1.50676e-06
 Reference value :  1.50806e-06
 Reference value :  1.50931e-06
 Reference value :  1.51056e-06
 Reference value :  1.51181e-06
 Reference value :  1.51311e-06
 Reference value :  1.51486e-06
 Reference value :  1.51651e-06
 Reference value :  1.51796e-06
 Reference value :  1.51941e-06
 Reference value :  1.52086e-06
 Reference value :  1.52231e-06
 Reference value :  1.52376e-06
 Reference value :  1.52516e-06
 Reference value :  1.52661e-06
 Reference value :  1.52806e-06
 Reference value :  1.52951e-06
 Reference value :  1.53091e-06
 Reference value :  1.53236e-06
 Reference value :  1.53376e-06
 Reference value :  1.53521e-06
 Reference value :  1.53666e-06
 Reference value :  1.53811e-06
 Reference value :  1.53951e-06
 Reference value :  1.54096e-06
 Reference value :  1.54241e-06
 Reference value :  1.54386e-06
 Reference value :  1.54531e-06
 Reference value :  1.54676e-06
 Reference value :  1.54826e-06
 Reference value :  1.54971e-06
 Reference value :  1.55116e-06
 Reference value :  1.55256e-06
 Reference value :  1.55396e-06
 Reference value :  1.55541e-06
 Reference value :  1.55681e-06
 Reference value :  1.55826e-06
 Reference value :  1.55971e-06
 Reference value :  1.56116e-06
 Reference value :  1.56281e-06
 Reference value :  1.56411e-06
 Reference value :  1.56541e-06
 Reference value :  1.56671e-06
 Reference value :  1.56796e-06
 Reference value :  1.56921e-06
 Reference value :  1.57046e-06
 Reference value :  1.57171e-06
 Reference value :  1.57296e-06
 Reference value :  1.57426e-06
 Reference value :  1.57551e-06
 Reference value :  1.57676e-06
 Reference value :  1.57796e-06
 Reference value :  1.57916e-06
 Reference value :  1.58036e-06
 Reference value :  1.58156e-06
 Reference value :  1.58281e-06
 Reference value :  1.58406e-06
 Reference value :  1.58531e-06
 Reference value :  1.58656e-06
 Reference value :  1.58781e-06
 Reference value :  1.58906e-06
 Reference value :  1.59031e-06
 Reference value :  1.59151e-06
 Reference value :  1.59271e-06
 Reference value :  1.59391e-06
 Reference value :  1.59511e-06
 Reference value :  1.59631e-06
 Reference value :  1.59756e-06
 Reference value :  1.59881e-06
 Reference value :  1.60006e-06
 Reference value :  1.60141e-06
 Reference value :  1.60291e-06
 Reference value :  1.60431e-06
 Reference value :  1.60576e-06
 Reference value :  1.60716e-06
 Reference value :  1.60851e-06
 Reference value :  1.60991e-06
 Reference value :  1.61131e-06
 Reference value :  1.61271e-06
 Reference value :  1.61411e-06
 Reference value :  1.61551e-06
 Reference value :  1.61696e-06
 Reference value :  1.61836e-06
 Reference value :  1.61976e-06
 Reference value :  1.62136e-06
 Reference value :  1.62276e-06
 Reference value :  1.62416e-06
 Reference value :  1.62561e-06
 Reference value :  1.62706e-06
 Reference value :  1.62851e-06
 Reference value :  1.62996e-06
 Reference value :  1.63136e-06
 Reference value :  1.63281e-06
 Reference value :  1.63426e-06
 Reference value :  1.63556e-06
 Reference value :  1.63686e-06
 Reference value :  1.63811e-06
 Reference value :  1.63941e-06
 Reference value :  1.64066e-06
 Reference value :  1.64196e-06
 Reference value :  1.64321e-06
 Reference value :  1.64436e-06
 Reference value :  1.64566e-06
 Reference value :  1.64706e-06
 Reference value :  1.64841e-06
 Reference value :  1.64966e-06
 Reference value :  1.65091e-06
 Reference value :  1.65216e-06
 Reference value :  1.65346e-06
 Reference value :  1.65471e-06
 Reference value :  1.65596e-06
 Reference value :  1.65721e-06
 Reference value :  1.65851e-06
 Reference value :  1.65981e-06
 Reference value :  1.66111e-06
 Reference value :  1.66241e-06
 Reference value :  1.66361e-06
 Reference value :  1.66481e-06
 Reference value :  1.66601e-06
 Reference value :  1.66721e-06
 Reference value :  1.66846e-06
 Reference value :  1.66971e-06
 Reference value :  1.67096e-06
 Reference value :  1.67221e-06
 Reference value :  1.67341e-06
 Reference value :  1.67466e-06
 Reference value :  1.67611e-06
 Reference value :  1.67756e-06
 Reference value :  1.67896e-06
 Reference value :  1.68036e-06
 Reference value :  1.68176e-06
 Reference value :  1.68316e-06
 Reference value :  1.68451e-06
 Reference value :  1.68591e-06
 Reference value :  1.68731e-06
 Reference value :  1.68871e-06
 Reference value :  1.69011e-06
 Reference value :  1.69151e-06
 Reference value :  1.69296e-06
 Reference value :  1.69451e-06
 Reference value :  1.69596e-06
 Reference value :  1.69741e-06
 Reference value :  1.69886e-06
 Reference value :  1.70041e-06
 Reference value :  1.70191e-06
 Reference value :  1.70326e-06
 Reference value :  1.70466e-06
 Reference value :  1.70586e-06
 Reference value :  1.70706e-06
 Reference value :  1.70826e-06
 Reference value :  1.70946e-06
 Reference value :  1.71071e-06
 Reference value :  1.71196e-06
 Reference value :  1.71326e-06
 Reference value :  1.71466e-06
 Reference value :  1.71606e-06
 Reference value :  1.71751e-06
 Reference value :  1.71891e-06
 Reference value :  1.72036e-06
 Reference value :  1.72181e-06
 Reference value :  1.72326e-06
 Reference value :  1.72471e-06
 Reference value :  1.72616e-06
 Reference value :  1.72761e-06
 Reference value :  1.72906e-06
 Reference value :  1.73051e-06
 Reference value :  1.73201e-06
 Reference value :  1.73351e-06
 Reference value :  1.73501e-06
 Reference value :  1.73646e-06
 Reference value :  1.73791e-06
 Reference value :  1.73941e-06
 Reference value :  1.74091e-06
 Reference value :  1.74236e-06
 Reference value :  1.74381e-06
 Reference value :  1.74526e-06
 Reference value :  1.74671e-06
 Reference value :  1.74816e-06
 Reference value :  1.74961e-06
 Reference value :  1.75106e-06
 Reference value :  1.75251e-06
 Reference value :  1.75401e-06
 Reference value :  1.75546e-06
 Reference value :  1.75696e-06
 Reference value :  1.75846e-06
 Reference value :  1.75996e-06
 Reference value :  1.76141e-06
 Reference value :  1.76286e-06
 Reference value :  1.76431e-06
 Reference value :  1.76576e-06
 Reference value :  1.76701e-06
 Reference value :  1.76826e-06
 Reference value :  1.76951e-06
 Reference value :  1.77076e-06
 Reference value :  1.77201e-06
 Reference value :  1.77326e-06
 Reference value :  1.77451e-06
 Reference value :  1.77576e-06
 Reference value :  1.77706e-06
 Reference value :  1.77836e-06
 Reference value :  1.77966e-06
 Reference value :  1.78096e-06
 Reference value :  1.78226e-06
 Reference value :  1.78356e-06
 Reference value :  1.78491e-06
 Reference value :  1.78641e-06
 Reference value :  1.78786e-06
 Reference value :  1.78936e-06
 Reference value :  1.79111e-06
 Reference value :  1.79256e-06
 Reference value :  1.79401e-06
 Reference value :  1.79546e-06
 Reference value :  1.79696e-06
 Reference value :  1.79856e-06
 Reference value :  1.79996e-06
 Reference value :  1.80141e-06
 Reference value :  1.80286e-06
 Reference value :  1.80431e-06
 Reference value :  1.80576e-06
 Reference value :  1.80721e-06
 Reference value :  1.80866e-06
 Reference value :  1.81016e-06
 Reference value :  1.81161e-06
 Reference value :  1.81306e-06
 Reference value :  1.81456e-06
 Reference value :  1.81601e-06
 Reference value :  1.81731e-06
 Reference value :  1.81861e-06
 Reference value :  1.81991e-06
 Reference value :  1.82131e-06
 Reference value :  1.82271e-06
 Reference value :  1.82416e-06
 Reference value :  1.82561e-06
 Reference value :  1.82701e-06
 Reference value :  1.82841e-06
 Reference value :  1.82981e-06
 Reference value :  1.83121e-06
 Reference value :  1.83261e-06
 Reference value :  1.83401e-06
 Reference value :  1.83546e-06
 Reference value :  1.83686e-06
 Reference value :  1.83836e-06
 Reference value :  1.83986e-06
 Reference value :  1.84131e-06
 Reference value :  1.84276e-06
 Reference value :  1.84426e-06
 Reference value :  1.84571e-06
 Reference value :  1.84716e-06
 Reference value :  1.84861e-06
 Reference value :  1.85011e-06
 Reference value :  1.85161e-06
 Reference value :  1.85296e-06
 Reference value :  1.85431e-06
 Reference value :  1.85561e-06
 Reference value :  1.85691e-06
 Reference value :  1.85821e-06
 Reference value :  1.85951e-06
 Reference value :  1.86076e-06
 Reference value :  1.86201e-06
 Reference value :  1.86321e-06
 Reference value :  1.86446e-06
 Reference value :  1.86571e-06
 Reference value :  1.86701e-06
 Reference value :  1.86831e-06
 Reference value :  1.86961e-06
 Reference value :  1.87091e-06
 Reference value :  1.87221e-06
 Reference value :  1.87351e-06
 Reference value :  1.87481e-06
 Reference value :  1.87601e-06
 Reference value :  1.87721e-06
 Reference value :  1.87841e-06
 Reference value :  1.87971e-06
 Reference value :  1.88096e-06
 Reference value :  1.88226e-06
 Reference value :  1.88356e-06
 Reference value :  1.88481e-06
 Reference value :  1.88611e-06
 Reference value :  1.88741e-06
 Reference value :  1.88866e-06
 Reference value :  1.88991e-06
 Reference value :  1.89111e-06
 Reference value :  1.89236e-06
 Reference value :  1.89361e-06
 Reference value :  1.89481e-06
 Reference value :  1.89601e-06
 Reference value :  1.89726e-06
 Reference value :  1.89856e-06
 Reference value :  1.89981e-06
 Reference value :  1.90101e-06
 Reference value :  1.90221e-06
 Reference value :  1.90341e-06
 Reference value :  1.90466e-06
 Reference value :  1.90591e-06
 Reference value :  1.90716e-06
 Reference value :  1.90841e-06
 Reference value :  1.90966e-06
 Reference value :  1.91091e-06
 Reference value :  1.91221e-06
 Reference value :  1.91351e-06
 Reference value :  1.91481e-06
 Reference value :  1.91606e-06
 Reference value :  1.91726e-06
 Reference value :  1.91846e-06
 Reference value :  1.91966e-06
 Reference value :  1.92091e-06
 Reference value :  1.92216e-06
 Reference value :  1.92346e-06
 Reference value :  1.92476e-06
 Reference value :  1.92606e-06
 Reference value :  1.92736e-06
 Reference value :  1.92866e-06
 Reference value :  1.92996e-06
 Reference value :  1.93121e-06
 Reference value :  1.93261e-06
 Reference value :  1.93406e-06
 Reference value :  1.93551e-06
 Reference value :  1.93696e-06
 Reference value :  1.93841e-06
 Reference value :  1.93981e-06
 Reference value :  1.94126e-06
 Reference value :  1.94271e-06
 Reference value :  1.94416e-06
 Reference value :  1.94556e-06
 Reference value :  1.94696e-06
 Reference value :  1.94841e-06
 Reference value :  1.94986e-06
 Reference value :  1.95131e-06
 Reference value :  1.95276e-06
 Reference value :  1.95421e-06
 Reference value :  1.95561e-06
 Reference value :  1.95706e-06
 Reference value :  1.95851e-06
 Reference value :  1.95996e-06
 Reference value :  1.96141e-06
 Reference value :  1.96286e-06
 Reference value :  1.96431e-06
 Reference value :  1.96576e-06
 Reference value :  1.96721e-06
 Reference value :  1.96861e-06
 Reference value :  1.97006e-06
 Reference value :  1.97151e-06
 Reference value :  1.97296e-06
 Reference value :  1.97441e-06
 Reference value :  1.97591e-06
 Reference value :  1.97741e-06
 Reference value :  1.97886e-06
 Reference value :  1.98031e-06
 Reference value :  1.98171e-06
 Reference value :  1.98316e-06
 Reference value :  1.98466e-06
 Reference value :  1.98611e-06
 Reference value :  1.98756e-06
 Reference value :  1.98901e-06
 Reference value :  1.99051e-06
 Reference value :  1.99196e-06
 Reference value :  1.99346e-06
 Reference value :  1.99486e-06
 Reference value :  1.99631e-06
 Reference value :  1.99771e-06
 Reference value :  1.99911e-06
 Reference value :  2.00056e-06
 Reference value :  2.00201e-06
 Reference value :  2.00346e-06
 Reference value :  2.00491e-06
 Reference value :  2.00636e-06
 Reference value :  2.00781e-06
 Reference value :  2.00926e-06
 Reference value :  2.01071e-06
 Reference value :  2.01216e-06
 Reference value :  2.01361e-06
 Reference value :  2.01506e-06
 Reference value :  2.01651e-06
 Reference value :  2.01796e-06
 Reference value :  2.01941e-06
 Reference value :  2.02086e-06
 Reference value :  2.02231e-06
 Reference value :  2.02376e-06
 Reference value :  2.02521e-06
 Reference value :  2.02666e-06
 Reference value :  2.02811e-06
 Reference value :  2.02961e-06
 Reference value :  2.03106e-06
 Reference value :  2.03256e-06
 Reference value :  2.03386e-06
 Reference value :  2.03516e-06
 Reference value :  2.03646e-06
 Reference value :  2.03766e-06
 Reference value :  2.03891e-06
 Reference value :  2.04016e-06
 Reference value :  2.04146e-06
 Reference value :  2.04276e-06
 Reference value :  2.04411e-06
 Reference value :  2.04561e-06
 Reference value :  2.04706e-06
 Reference value :  2.04851e-06
 Reference value :  2.04996e-06
 Reference value :  2.05141e-06
 Reference value :  2.05291e-06
 Reference value :  2.05436e-06
 Reference value :  2.05581e-06
 Reference value :  2.05731e-06
 Reference value :  2.05876e-06
 Reference value :  2.06031e-06
 Reference value :  2.06191e-06
 Reference value :  2.06346e-06
 Reference value :  2.06491e-06
 Reference value :  2.06641e-06
 Reference value :  2.06786e-06
 Reference value :  2.06931e-06
 Reference value :  2.07076e-06
 Reference value :  2.07221e-06
 Reference value :  2.07376e-06
 Reference value :  2.07561e-06
 Reference value :  2.07706e-06
 Reference value :  2.07846e-06
 Reference value :  2.07991e-06
 Reference value :  2.08136e-06
 Reference value :  2.08281e-06
 Reference value :  2.08426e-06
 Reference value :  2.08571e-06
 Reference value :  2.08716e-06
 Reference value :  2.08861e-06
 Reference value :  2.09006e-06
 Reference value :  2.09151e-06
 Reference value :  2.09296e-06
 Reference value :  2.09441e-06
 Reference value :  2.09581e-06
 Reference value :  2.09711e-06
 Reference value :  2.09841e-06
 Reference value :  2.09986e-06
 Reference value :  2.10136e-06
 Reference value :  2.10281e-06
 Reference value :  2.10426e-06
 Reference value :  2.10566e-06
 Reference value :  2.10716e-06
 Reference value :  2.10861e-06
 Reference value :  2.11006e-06
 Reference value :  2.11166e-06
 Reference value :  2.11321e-06
 Reference value :  2.11466e-06
 Reference value :  2.11606e-06
 Reference value :  2.11751e-06
 Reference value :  2.11896e-06
 Reference value :  2.12041e-06
 Reference value :  2.12186e-06
 Reference value :  2.12331e-06
 Reference value :  2.12476e-06
 Reference value :  2.12606e-06
 Reference value :  2.12736e-06
 Reference value :  2.12866e-06
 Reference value :  2.12996e-06
 Reference value :  2.13126e-06
 Reference value :  2.13256e-06
 Reference value :  2.13381e-06
 Reference value :  2.13506e-06
 Reference value :  2.13636e-06
 Reference value :  2.13766e-06
 Reference value :  2.13896e-06
 Reference value :  2.14031e-06
 Reference value :  2.14161e-06
 Reference value :  2.14291e-06
 Reference value :  2.14416e-06
 Reference value :  2.14541e-06
 Reference value :  2.14676e-06
 Reference value :  2.14816e-06
 Reference value :  2.14961e-06
 Reference value :  2.15106e-06
 Reference value :  2.15251e-06
 Reference value :  2.15396e-06
 Reference value :  2.15541e-06
 Reference value :  2.15691e-06
 Reference value :  2.15836e-06
 Reference value :  2.15981e-06
 Reference value :  2.16121e-06
 Reference value :  2.16261e-06
 Reference value :  2.16401e-06
 Reference value :  2.16541e-06
 Reference value :  2.16686e-06
 Reference value :  2.16831e-06
 Reference value :  2.16976e-06
 Reference value :  2.17121e-06
 Reference value :  2.17271e-06
 Reference value :  2.17411e-06
 Reference value :  2.17536e-06
 Reference value :  2.17661e-06
 Reference value :  2.17781e-06
 Reference value :  2.17906e-06
 Reference value :  2.18031e-06
 Reference value :  2.18151e-06
 Reference value :  2.18276e-06
 Reference value :  2.18406e-06
 Reference value :  2.18531e-06
 Reference value :  2.18661e-06
 Reference value :  2.18791e-06
 Reference value :  2.18921e-06
 Reference value :  2.19061e-06
 Reference value :  2.19196e-06
 Reference value :  2.19326e-06
 Reference value :  2.19456e-06
 Reference value :  2.19586e-06
 Reference value :  2.19716e-06
 Reference value :  2.19846e-06
 Reference value :  2.19971e-06
 Reference value :  2.20091e-06
 Reference value :  2.20206e-06
 Reference value :  2.20326e-06
 Reference value :  2.20446e-06
 Reference value :  2.20566e-06
 Reference value :  2.20691e-06
 Reference value :  2.20816e-06
 Reference value :  2.20946e-06
 Reference value :  2.21096e-06
 Reference value :  2.21241e-06
 Reference value :  2.21386e-06
 Reference value :  2.21531e-06
 Reference value :  2.21671e-06
 Reference value :  2.21811e-06
 Reference value :  2.21956e-06
 Reference value :  2.22116e-06
 Reference value :  2.22261e-06
 Reference value :  2.22406e-06
 Reference value :  2.22551e-06
 Reference value :  2.22696e-06
 Reference value :  2.22846e-06
 Reference value :  2.22991e-06
 Reference value :  2.23136e-06
 Reference value :  2.23281e-06
 Reference value :  2.23426e-06
 Reference value :  2.23571e-06
 Reference value :  2.23716e-06
 Reference value :  2.23866e-06
 Reference value :  2.24011e-06
 Reference value :  2.24156e-06
 Reference value :  2.24306e-06
 Reference value :  2.24451e-06
 Reference value :  2.24596e-06
 Reference value :  2.24741e-06
 Reference value :  2.24886e-06
 Reference value :  2.25031e-06
 Reference value :  2.25176e-06
 Reference value :  2.25321e-06
 Reference value :  2.25471e-06
 Reference value :  2.25616e-06
 Reference value :  2.25761e-06
 Reference value :  2.25906e-06
 Reference value :  2.26051e-06
 Reference value :  2.26196e-06
 Reference value :  2.26341e-06
 Reference value :  2.26486e-06
 Reference value :  2.26636e-06
 Reference value :  2.26781e-06
 Reference value :  2.26926e-06
 Reference value :  2.27071e-06
 Reference value :  2.27211e-06
 Reference value :  2.27356e-06
 Reference value :  2.27501e-06
 Reference value :  2.27646e-06
 Reference value :  2.27791e-06
 Reference value :  2.27936e-06
 Reference value :  2.28086e-06
 Reference value :  2.28236e-06
 Reference value :  2.28381e-06
 Reference value :  2.28521e-06
 Reference value :  2.28671e-06
 Reference value :  2.28816e-06
 Reference value :  2.28956e-06
 Reference value :  2.29096e-06
 Reference value :  2.29231e-06
 Reference value :  2.29371e-06
 Reference value :  2.29511e-06
 Reference value :  2.29656e-06
 Reference value :  2.29796e-06
 Reference value :  2.29936e-06
 Reference value :  2.30076e-06
 Reference value :  2.30231e-06
 Reference value :  2.30371e-06
 Reference value :  2.30491e-06
 Reference value :  2.30621e-06
 Reference value :  2.30751e-06
 Reference value :  2.30881e-06
 Reference value :  2.31011e-06
 Reference value :  2.31141e-06
 Reference value :  2.31271e-06
 Reference value :  2.31401e-06
 Reference value :  2.31531e-06
 Reference value :  2.31661e-06
 Reference value :  2.31791e-06
 Reference value :  2.31921e-06
 Reference value :  2.32051e-06
 Reference value :  2.32206e-06
 Reference value :  2.32346e-06
 Reference value :  2.32491e-06
 Reference value :  2.32641e-06
 Reference value :  2.32786e-06
 Reference value :  2.32931e-06
 Reference value :  2.33076e-06
 Reference value :  2.33226e-06
 Reference value :  2.33371e-06
 Reference value :  2.33521e-06
 Reference value :  2.33681e-06
 Reference value :  2.33826e-06
 Reference value :  2.33966e-06
 Reference value :  2.34111e-06
 Reference value :  2.34251e-06
 Reference value :  2.34391e-06
 Reference value :  2.34546e-06
 Reference value :  2.34686e-06
 Reference value :  2.34831e-06
 Reference value :  2.34966e-06
 Reference value :  2.35096e-06
 Reference value :  2.35226e-06
 Reference value :  2.35356e-06
 Reference value :  2.35481e-06
 Reference value :  2.35611e-06
 Reference value :  2.35741e-06
 Reference value :  2.35876e-06
 Reference value :  2.36011e-06
 Reference value :  2.36141e-06
 Reference value :  2.36271e-06
 Reference value :  2.36401e-06
 Reference value :  2.36531e-06
 Reference value :  2.36661e-06
 Reference value :  2.36791e-06
 Reference value :  2.36921e-06
 Reference value :  2.37051e-06
 Reference value :  2.37181e-06
 Reference value :  2.37311e-06
 Reference value :  2.37441e-06
 Reference value :  2.37571e-06
 Reference value :  2.37701e-06
 Reference value :  2.37831e-06
 Reference value :  2.37976e-06
 Reference value :  2.38116e-06
 Reference value :  2.38251e-06
 Reference value :  2.38391e-06
 Reference value :  2.38536e-06
 Reference value :  2.38681e-06
 Reference value :  2.38826e-06
 Reference value :  2.38971e-06
 Reference value :  2.39116e-06
 Reference value :  2.39261e-06
 Reference value :  2.39401e-06
 Reference value :  2.39541e-06
 Reference value :  2.39681e-06
 Reference value :  2.39821e-06
 Reference value :  2.39961e-06
 Reference value :  2.40106e-06
 Reference value :  2.40251e-06
 Reference value :  2.40396e-06
 Reference value :  2.40541e-06
 Reference value :  2.40681e-06
 Reference value :  2.40826e-06
 Reference value :  2.40971e-06
 Reference value :  2.41111e-06
 Reference value :  2.41256e-06
 Reference value :  2.41396e-06
 Reference value :  2.41536e-06
 Reference value :  2.41676e-06
 Reference value :  2.41816e-06
 Reference value :  2.41966e-06
 Reference value :  2.42111e-06
 Reference value :  2.42256e-06
 Reference value :  2.42401e-06
 Reference value :  2.42551e-06
 Reference value :  2.42706e-06
 Reference value :  2.42846e-06
 Reference value :  2.42986e-06
 Reference value :  2.43136e-06
 Reference value :  2.43286e-06
 Reference value :  2.43446e-06
 Reference value :  2.43591e-06
 Reference value :  2.43731e-06
 Reference value :  2.43876e-06
 Reference value :  2.44021e-06
 Reference value :  2.44166e-06
 Reference value :  2.44311e-06
 Reference value :  2.44456e-06
 Reference value :  2.44606e-06
 Reference value :  2.44751e-06
 Reference value :  2.44896e-06
 Reference value :  2.45041e-06
 Reference value :  2.45176e-06
 Reference value :  2.45306e-06
 Reference value :  2.45441e-06
 Reference value :  2.45586e-06
 Reference value :  2.45716e-06
 Reference value :  2.45841e-06
 Reference value :  2.45966e-06
 Reference value :  2.46096e-06
 Reference value :  2.46221e-06
 Reference value :  2.46351e-06
 Reference value :  2.46481e-06
 Reference value :  2.46611e-06
 Reference value :  2.46741e-06
 Reference value :  2.46871e-06
 Reference value :  2.47001e-06
 Reference value :  2.47131e-06
 Reference value :  2.47261e-06
 Reference value :  2.47391e-06
 Reference value :  2.47521e-06
 Reference value :  2.47651e-06
 Reference value :  2.47781e-06
 Reference value :  2.47911e-06
 Reference value :  2.48041e-06
 Reference value :  2.48171e-06
 Reference value :  2.48301e-06
 Reference value :  2.48431e-06
 Reference value :  2.48561e-06
 Reference value :  2.48691e-06
 Reference value :  2.48821e-06
 Reference value :  2.48951e-06
 Reference value :  2.49081e-06
 Reference value :  2.49211e-06
 Reference value :  2.49341e-06
 Reference value :  2.49471e-06
 Reference value :  2.49601e-06
 Reference value :  2.49731e-06
 Reference value :  2.49861e-06
 Reference value :  2.49991e-06
 Reference value :  2.50121e-06
 Reference value :  2.50251e-06
 Reference value :  2.50381e-06
 Reference value :  2.50506e-06
 Reference value :  2.50636e-06
 Reference value :  2.50761e-06
 Reference value :  2.50886e-06
 Reference value :  2.51011e-06
 Reference value :  2.51141e-06
 Reference value :  2.51271e-06
 Reference value :  2.51401e-06
 Reference value :  2.51531e-06
 Reference value :  2.51661e-06
 Reference value :  2.51786e-06
 Reference value :  2.51906e-06
 Reference value :  2.52031e-06
 Reference value :  2.52151e-06
 Reference value :  2.52271e-06
 Reference value :  2.52401e-06
 Reference value :  2.52531e-06
 Reference value :  2.52661e-06
 Reference value :  2.52791e-06
 Reference value :  2.52921e-06
 Reference value :  2.53046e-06
 Reference value :  2.53176e-06
 Reference value :  2.53301e-06
 Reference value :  2.53421e-06
 Reference value :  2.53546e-06
 Reference value :  2.53671e-06
 Reference value :  2.53796e-06
 Reference value :  2.53921e-06
 Reference value :  2.54046e-06
 Reference value :  2.54171e-06
 Reference value :  2.54306e-06
 Reference value :  2.54436e-06
 Reference value :  2.54561e-06
 Reference value :  2.54681e-06
 Reference value :  2.54801e-06
 Reference value :  2.54921e-06
 Reference value :  2.55046e-06
 Reference value :  2.55171e-06
 Reference value :  2.55301e-06
 Reference value :  2.55431e-06
 Reference value :  2.55561e-06
 Reference value :  2.55691e-06
 Reference value :  2.55821e-06
 Reference value :  2.55956e-06
 Reference value :  2.56086e-06
 Reference value :  2.56211e-06
 Reference value :  2.56336e-06
 Reference value :  2.56461e-06
 Reference value :  2.56591e-06
 Reference value :  2.56721e-06
 Reference value :  2.56851e-06
 Reference value :  2.56981e-06
 Reference value :  2.57111e-06
 Reference value :  2.57241e-06
 Reference value :  2.57371e-06
 Reference value :  2.57501e-06
 Reference value :  2.57626e-06
 Reference value :  2.57756e-06
 Reference value :  2.57886e-06
 Reference value :  2.58016e-06
 Reference value :  2.58146e-06
 Reference value :  2.58276e-06
 Reference value :  2.58406e-06
 Reference value :  2.58536e-06
 Reference value :  2.58666e-06
 Reference value :  2.58796e-06
 Reference value :  2.58926e-06
 Reference value :  2.59056e-06
 Reference value :  2.59186e-06
 Reference value :  2.59316e-06
 Reference value :  2.59446e-06
 Reference value :  2.59576e-06
 Reference value :  2.59706e-06
 Reference value :  2.59841e-06
 Reference value :  2.59971e-06
 Reference value :  2.60101e-06
 Reference value :  2.60231e-06
 Reference value :  2.60356e-06
 Reference value :  2.60486e-06
 Reference value :  2.60616e-06
 Reference value :  2.60746e-06
 Reference value :  2.60881e-06
 Reference value :  2.61026e-06
 Reference value :  2.61171e-06
 Reference value :  2.61316e-06
 Reference value :  2.61461e-06
 Reference value :  2.61606e-06
 Reference value :  2.61751e-06
 Reference value :  2.61896e-06
 Reference value :  2.62041e-06
 Reference value :  2.62186e-06
 Reference value :  2.62336e-06
 Reference value :  2.62481e-06
 Reference value :  2.62626e-06
 Reference value :  2.62771e-06
 Reference value :  2.62911e-06
 Reference value :  2.63051e-06
 Reference value :  2.63196e-06
 Reference value :  2.63341e-06
 Reference value :  2.63486e-06
 Reference value :  2.63631e-06
 Reference value :  2.63776e-06
 Reference value :  2.63921e-06
 Reference value :  2.64066e-06
 Reference value :  2.64216e-06
 Reference value :  2.64361e-06
 Reference value :  2.64506e-06
 Reference value :  2.64651e-06
 Reference value :  2.64796e-06
 Reference value :  2.64961e-06
 Reference value :  2.65121e-06
 Reference value :  2.65256e-06
 Reference value :  2.65391e-06
 Reference value :  2.65521e-06
 Reference value :  2.65651e-06
 Reference value :  2.65781e-06
 Reference value :  2.65906e-06
 Reference value :  2.66036e-06
 Reference value :  2.66166e-06
 Reference value :  2.66296e-06
 Reference value :  2.66426e-06
 Reference value :  2.66556e-06
 Reference value :  2.66686e-06
 Reference value :  2.66816e-06
 Reference value :  2.66946e-06
 Reference value :  2.67071e-06
 Reference value :  2.67196e-06
 Reference value :  2.67321e-06
 Reference value :  2.67451e-06
 Reference value :  2.67576e-06
 Reference value :  2.67706e-06
 Reference value :  2.67836e-06
 Reference value :  2.67966e-06
 Reference value :  2.68096e-06
 Reference value :  2.68226e-06
 Reference value :  2.68356e-06
 Reference value :  2.68476e-06
 Reference value :  2.68596e-06
 Reference value :  2.68711e-06
 Reference value :  2.68826e-06
 Reference value :  2.68951e-06
 Reference value :  2.69081e-06
 Reference value :  2.69211e-06
 Reference value :  2.69341e-06
 Reference value :  2.69471e-06
 Reference value :  2.69601e-06
 Reference value :  2.69726e-06
 Reference value :  2.69851e-06
 Reference value :  2.69971e-06
 Reference value :  2.70096e-06
 Reference value :  2.70221e-06
 Reference value :  2.70341e-06
 Reference value :  2.70466e-06
 Reference value :  2.70591e-06
 Reference value :  2.70721e-06
 Reference value :  2.70846e-06
 Reference value :  2.70981e-06
 Reference value :  2.71111e-06
 Reference value :  2.71246e-06
 Reference value :  2.71371e-06
 Reference value :  2.71496e-06
 Reference value :  2.71626e-06
 Reference value :  2.71756e-06
 Reference value :  2.71886e-06
 Reference value :  2.72016e-06
 Reference value :  2.72146e-06
 Reference value :  2.72276e-06
 Reference value :  2.72406e-06
 Reference value :  2.72536e-06
 Reference value :  2.72666e-06
 Reference value :  2.72796e-06
 Reference value :  2.72926e-06
 Reference value :  2.73056e-06
 Reference value :  2.73186e-06
 Reference value :  2.73316e-06
 Reference value :  2.73446e-06
 Reference value :  2.73576e-06
 Reference value :  2.73706e-06
 Reference value :  2.73836e-06
 Reference value :  2.73966e-06
 Reference value :  2.74096e-06
 Reference value :  2.74221e-06
 Reference value :  2.74351e-06
 Reference value :  2.74481e-06
 Reference value :  2.74611e-06
 Reference value :  2.74741e-06
 Reference value :  2.74876e-06
 Reference value :  2.75021e-06
 Reference value :  2.75166e-06
 Reference value :  2.75311e-06
 Reference value :  2.75456e-06
 Reference value :  2.75596e-06
 Reference value :  2.75736e-06
 Reference value :  2.75876e-06
 Reference value :  2.76016e-06
 Reference value :  2.76156e-06
 Reference value :  2.76301e-06
 Reference value :  2.76436e-06
 Reference value :  2.76566e-06
 Reference value :  2.76696e-06
 Reference value :  2.76826e-06
 Reference value :  2.76951e-06
 Reference value :  2.77086e-06
 Reference value :  2.77206e-06
 Reference value :  2.77326e-06
 Reference value :  2.77451e-06
 Reference value :  2.77571e-06
 Reference value :  2.77691e-06
 Reference value :  2.77811e-06
 Reference value :  2.77931e-06
 Reference value :  2.78056e-06
 Reference value :  2.78181e-06
 Reference value :  2.78306e-06
 Reference value :  2.78431e-06
 Reference value :  2.78556e-06
 Reference value :  2.78681e-06
 Reference value :  2.78806e-06
 Reference value :  2.78936e-06
 Reference value :  2.79061e-06
 Reference value :  2.79191e-06
 Reference value :  2.79321e-06
 Reference value :  2.79451e-06
 Reference value :  2.79581e-06
 Reference value :  2.79716e-06
 Reference value :  2.79846e-06
 Reference value :  2.79971e-06
 Reference value :  2.80096e-06
 Reference value :  2.80216e-06
 Reference value :  2.80341e-06
 Reference value :  2.80486e-06
 Reference value :  2.80631e-06
 Reference value :  2.80776e-06
 Reference value :  2.80921e-06
 Reference value :  2.81066e-06
 Reference value :  2.81211e-06
 Reference value :  2.81356e-06
 Reference value :  2.81501e-06
 Reference value :  2.81641e-06
 Reference value :  2.81786e-06
 Reference value :  2.81931e-06
 Reference value :  2.82081e-06
 Reference value :  2.82231e-06
 Reference value :  2.82376e-06
 Reference value :  2.82521e-06
 Reference value :  2.82671e-06
 Reference value :  2.82816e-06
 Reference value :  2.82961e-06
 Reference value :  2.83111e-06
 Reference value :  2.83251e-06
 Reference value :  2.83391e-06
 Reference value :  2.83536e-06
 Reference value :  2.83681e-06
 Reference value :  2.83826e-06
 Reference value :  2.83976e-06
 Reference value :  2.84121e-06
 Reference value :  2.84266e-06
 Reference value :  2.84416e-06
 Reference value :  2.84566e-06
 Reference value :  2.84726e-06
 Reference value :  2.84871e-06
 Reference value :  2.85016e-06
 Reference value :  2.85166e-06
 Reference value :  2.85311e-06
 Reference value :  2.85456e-06
 Reference value :  2.85606e-06
 Reference value :  2.85756e-06
 Reference value :  2.85901e-06
 Reference value :  2.86046e-06
 Reference value :  2.86191e-06
 Reference value :  2.86336e-06
 Reference value :  2.86481e-06
 Reference value :  2.86626e-06
 Reference value :  2.86771e-06
 Reference value :  2.86916e-06
 Reference value :  2.87061e-06
 Reference value :  2.87211e-06
 Reference value :  2.87356e-06
 Reference value :  2.87506e-06
 Reference value :  2.87656e-06
 Reference value :  2.87801e-06
 Reference value :  2.87946e-06
 Reference value :  2.88086e-06
 Reference value :  2.88236e-06
 Reference value :  2.88381e-06
 Reference value :  2.88526e-06
 Reference value :  2.88671e-06
 Reference value :  2.88816e-06
 Reference value :  2.88961e-06
 Reference value :  2.89106e-06
 Reference value :  2.89251e-06
 Reference value :  2.89401e-06
 Reference value :  2.89551e-06
 Reference value :  2.89696e-06
 Reference value :  2.89841e-06
 Reference value :  2.89986e-06
 Reference value :  2.90126e-06
 Reference value :  2.90271e-06
 Reference value :  2.90416e-06
 Reference value :  2.90561e-06
 Reference value :  2.90706e-06
 Reference value :  2.90851e-06
 Reference value :  2.91001e-06
 Reference value :  2.91151e-06
 Reference value :  2.91296e-06
 Reference value :  2.91441e-06
 Reference value :  2.91586e-06
 Reference value :  2.91731e-06
 Reference value :  2.91876e-06
 Reference value :  2.92021e-06
 Reference value :  2.92166e-06
 Reference value :  2.92311e-06
 Reference value :  2.92456e-06
 Reference value :  2.92601e-06
 Reference value :  2.92751e-06
 Reference value :  2.92896e-06
 Reference value :  2.93041e-06
 Reference value :  2.93186e-06
 Reference value :  2.93331e-06
 Reference value :  2.93486e-06
 Reference value :  2.93626e-06
 Reference value :  2.93771e-06
 Reference value :  2.93916e-06
 Reference value :  2.94061e-06
 Reference value :  2.94206e-06
 Reference value :  2.94356e-06
 Reference value :  2.94501e-06
 Reference value :  2.94651e-06
 Reference value :  2.94801e-06
 Reference value :  2.94951e-06
 Reference value :  2.95096e-06
 Reference value :  2.95241e-06
 Reference value :  2.95386e-06
 Reference value :  2.95531e-06
 Reference value :  2.95676e-06
 Reference value :  2.95821e-06
 Reference value :  2.95976e-06
 Reference value :  2.96136e-06
 Reference value :  2.96281e-06
 Reference value :  2.96421e-06
 Reference value :  2.96566e-06
 Reference value :  2.96711e-06
 Reference value :  2.96856e-06
 Reference value :  2.97001e-06
 Reference value :  2.97151e-06
 Reference value :  2.97291e-06
 Reference value :  2.97436e-06
 Reference value :  2.97581e-06
 Reference value :  2.97726e-06
 Reference value :  2.97871e-06
 Reference value :  2.98001e-06
 Reference value :  2.98121e-06
 Reference value :  2.98241e-06
 Reference value :  2.98361e-06
 Reference value :  2.98486e-06
 Reference value :  2.98616e-06
 Reference value :  2.98746e-06
 Reference value :  2.98876e-06
 Reference value :  2.99006e-06
 Reference value :  2.99131e-06
 Reference value :  2.99261e-06
 Reference value :  2.99391e-06
 Reference value :  2.99521e-06
 Reference value :  2.99651e-06
 Reference value :  2.99781e-06
 Reference value :  2.99906e-06
 Reference value :  3.00031e-06
 Reference value :  3.00156e-06
 Reference value :  3.00281e-06
 Reference value :  3.00406e-06
 Reference value :  3.00531e-06
 Reference value :  3.00656e-06
 Reference value :  3.00786e-06
 Reference value :  3.00911e-06
 Reference value :  3.01036e-06
 Reference value :  3.01166e-06
 Reference value :  3.01296e-06
 Reference value :  3.01426e-06
 Reference value :  3.01556e-06
 Reference value :  3.01686e-06
 Reference value :  3.01816e-06
 Reference value :  3.01951e-06
 Reference value :  3.02076e-06
 Reference value :  3.02206e-06
 Reference value :  3.02336e-06
 Reference value :  3.02466e-06
 Reference value :  3.02596e-06
 Reference value :  3.02726e-06
 Reference value :  3.02856e-06
 Reference value :  3.02986e-06
 Reference value :  3.03116e-06
 Reference value :  3.03246e-06
 Reference value :  3.03376e-06
 Reference value :  3.03506e-06
 Reference value :  3.03636e-06
 Reference value :  3.03766e-06
 Reference value :  3.03896e-06
 Reference value :  3.04026e-06
 Reference value :  3.04156e-06
 Reference value :  3.04281e-06
 Reference value :  3.04421e-06
 Reference value :  3.04571e-06
 Reference value :  3.04711e-06
 Reference value :  3.04851e-06
 Reference value :  3.04981e-06
 Reference value :  3.05111e-06
 Reference value :  3.05241e-06
 Reference value :  3.05371e-06
 Reference value :  3.05501e-06
 Reference value :  3.05631e-06
 Reference value :  3.05761e-06
 Reference value :  3.05891e-06
 Reference value :  3.06021e-06
 Reference value :  3.06151e-06
 Reference value :  3.06281e-06
 Reference value :  3.06411e-06
 Reference value :  3.06541e-06
 Reference value :  3.06671e-06
 Reference value :  3.06791e-06
 Reference value :  3.06916e-06
 Reference value :  3.07041e-06
 Reference value :  3.07166e-06
 Reference value :  3.07296e-06
 Reference value :  3.07421e-06
 Reference value :  3.07556e-06
 Reference value :  3.07696e-06
 Reference value :  3.07841e-06
 Reference value :  3.07981e-06
 Reference value :  3.08121e-06
 Reference value :  3.08241e-06
 Reference value :  3.08366e-06
 Reference value :  3.08496e-06
 Reference value :  3.08626e-06
 Reference value :  3.08771e-06
 Reference value :  3.08916e-06
 Reference value :  3.09061e-06
 Reference value :  3.09206e-06
 Reference value :  3.09356e-06
 Reference value :  3.09506e-06
 Reference value :  3.09651e-06
 Reference value :  3.09791e-06
 Reference value :  3.09931e-06
 Reference value :  3.10076e-06
 Reference value :  3.10211e-06
 Reference value :  3.10346e-06
 Reference value :  3.10471e-06
 Reference value :  3.10601e-06
 Reference value :  3.10726e-06
 Reference value :  3.10846e-06
 Reference value :  3.10966e-06
 Reference value :  3.11096e-06
 Reference value :  3.11241e-06
 Reference value :  3.11386e-06
 Reference value :  3.11531e-06
 Reference value :  3.11676e-06
 Reference value :  3.11821e-06
 Reference value :  3.11966e-06
 Reference value :  3.12116e-06
 Reference value :  3.12266e-06
 Reference value :  3.12411e-06
 Reference value :  3.12556e-06
 Reference value :  3.12701e-06
 Reference value :  3.12846e-06
 Reference value :  3.12991e-06
 Reference value :  3.13136e-06
 Reference value :  3.13281e-06
 Reference value :  3.13431e-06
 Reference value :  3.13576e-06
 Reference value :  3.13721e-06
 Reference value :  3.13881e-06
 Reference value :  3.14031e-06
 Reference value :  3.14176e-06
 Reference value :  3.14321e-06
 Reference value :  3.14466e-06
 Reference value :  3.14611e-06
 Reference value :  3.14751e-06
 Reference value :  3.14896e-06
 Reference value :  3.15041e-06
 Reference value :  3.15191e-06
 Reference value :  3.15336e-06
 Reference value :  3.15476e-06
 Reference value :  3.15616e-06
 Reference value :  3.15756e-06
 Reference value :  3.15901e-06
 Reference value :  3.16041e-06
 Reference value :  3.16186e-06
 Reference value :  3.16331e-06
 Reference value :  3.16476e-06
 Reference value :  3.16621e-06
 Reference value :  3.16766e-06
 Reference value :  3.16911e-06
 Reference value :  3.17061e-06
 Reference value :  3.17206e-06
 Reference value :  3.17351e-06
 Reference value :  3.17496e-06
 Reference value :  3.17641e-06
 Reference value :  3.17786e-06
 Reference value :  3.17936e-06
 Reference value :  3.18081e-06
 Reference value :  3.18226e-06
 Reference value :  3.18376e-06
 Reference value :  3.18521e-06
 Reference value :  3.18666e-06
 Reference value :  3.18811e-06
 Reference value :  3.18956e-06
 Reference value :  3.19101e-06
 Reference value :  3.19246e-06
 Reference value :  3.19391e-06
 Reference value :  3.19531e-06
 Reference value :  3.19661e-06
 Reference value :  3.19791e-06
 Reference value :  3.19921e-06
 Reference value :  3.20051e-06
 Reference value :  3.20181e-06
 Reference value :  3.20326e-06
 Reference value :  3.20471e-06
 Reference value :  3.20616e-06
 Reference value :  3.20766e-06
 Reference value :  3.20911e-06
 Reference value :  3.21056e-06
 Reference value :  3.21196e-06
 Reference value :  3.21341e-06
 Reference value :  3.21486e-06
 Reference value :  3.21631e-06
 Reference value :  3.21776e-06
 Reference value :  3.21921e-06
 Reference value :  3.22061e-06
 Reference value :  3.22201e-06
 Reference value :  3.22346e-06
 Reference value :  3.22486e-06
 Reference value :  3.22631e-06
 Reference value :  3.22776e-06
 Reference value :  3.22921e-06
 Reference value :  3.23066e-06
 Reference value :  3.23211e-06
 Reference value :  3.23361e-06
 Reference value :  3.23511e-06
 Reference value :  3.23656e-06
 Reference value :  3.23801e-06
 Reference value :  3.23951e-06
 Reference value :  3.24101e-06
 Reference value :  3.24246e-06
 Reference value :  3.24391e-06
 Reference value :  3.24536e-06
 Reference value :  3.24681e-06
 Reference value :  3.24826e-06
 Reference value :  3.24971e-06
 Reference value :  3.25116e-06
 Reference value :  3.25261e-06
 Reference value :  3.25406e-06
 Reference value :  3.25546e-06
 Reference value :  3.25691e-06
 Reference value :  3.25836e-06
 Reference value :  3.25981e-06
 Reference value :  3.26126e-06
 Reference value :  3.26286e-06
 Reference value :  3.26431e-06
 Reference value :  3.26576e-06
 Reference value :  3.26721e-06
 Reference value :  3.26881e-06
 Reference value :  3.27031e-06
 Reference value :  3.27176e-06
 Reference value :  3.27321e-06
 Reference value :  3.27466e-06
 Reference value :  3.27611e-06
 Reference value :  3.27751e-06
 Reference value :  3.27896e-06
 Reference value :  3.28041e-06
 Reference value :  3.28211e-06
 Reference value :  3.28356e-06
 Reference value :  3.28496e-06
 Reference value :  3.28636e-06
 Reference value :  3.28781e-06
 Reference value :  3.28926e-06
 Reference value :  3.29066e-06
 Reference value :  3.29216e-06
 Reference value :  3.29361e-06
 Reference value :  3.29506e-06
 Reference value :  3.29651e-06
 Reference value :  3.29806e-06
 Reference value :  3.29951e-06
 Reference value :  3.30091e-06
 Reference value :  3.30231e-06
 Reference value :  3.30381e-06
 Reference value :  3.30521e-06
 Reference value :  3.30661e-06
 Reference value :  3.30801e-06
 Reference value :  3.30946e-06
 Reference value :  3.31091e-06
 Reference value :  3.31236e-06
 Reference value :  3.31381e-06
 Reference value :  3.31521e-06
 Reference value :  3.31656e-06
 Reference value :  3.31796e-06
 Reference value :  3.31936e-06
 Reference value :  3.32096e-06
 Reference value :  3.32261e-06
 Reference value :  3.32401e-06
 Reference value :  3.32541e-06
 Reference value :  3.32681e-06
 Reference value :  3.32846e-06
 Reference value :  3.33026e-06
 Reference value :  3.33181e-06
 Reference value :  3.33336e-06
 Reference value :  3.33481e-06
 Reference value :  3.33621e-06
 Reference value :  3.33766e-06
 Reference value :  3.33906e-06
 Reference value :  3.34046e-06
 Reference value :  3.34191e-06
 Reference value :  3.34336e-06
 Reference value :  3.34481e-06
 Reference value :  3.34661e-06
 Reference value :  3.34806e-06
 Reference value :  3.35001e-06
 Reference value :  3.35156e-06
 Reference value :  3.35301e-06
 Reference value :  3.35446e-06
 Reference value :  3.35601e-06
 Reference value :  3.35731e-06
 Reference value :  3.35871e-06
 Reference value :  3.36016e-06
 Reference value :  3.36161e-06
 Reference value :  3.36306e-06
 Reference value :  3.36451e-06
 Reference value :  3.36601e-06
 Reference value :  3.36751e-06
 Reference value :  3.36896e-06
 Reference value :  3.37046e-06
 Reference value :  3.37196e-06
 Reference value :  3.37346e-06
 Reference value :  3.37491e-06
 Reference value :  3.37636e-06
 Reference value :  3.37786e-06
 Reference value :  3.37926e-06
 Reference value :  3.38066e-06
 Reference value :  3.38211e-06
 Reference value :  3.38356e-06
 Reference value :  3.38501e-06
 Reference value :  3.38646e-06
 Reference value :  3.38791e-06
 Reference value :  3.38936e-06
 Reference value :  3.39086e-06
 Reference value :  3.39231e-06
 Reference value :  3.39376e-06
 Reference value :  3.39521e-06
 Reference value :  3.39666e-06
 Reference value :  3.39811e-06
 Reference value :  3.39961e-06
 Reference value :  3.40106e-06
 Reference value :  3.40251e-06
 Reference value :  3.40396e-06
 Reference value :  3.40546e-06
 Reference value :  3.40691e-06
 Reference value :  3.40841e-06
 Reference value :  3.40991e-06
 Reference value :  3.41136e-06
 Reference value :  3.41281e-06
 Reference value :  3.41426e-06
 Reference value :  3.41576e-06
 Reference value :  3.41716e-06
 Reference value :  3.41861e-06
 Reference value :  3.42001e-06
 Reference value :  3.42141e-06
 Reference value :  3.42281e-06
 Reference value :  3.42421e-06
 Reference value :  3.42566e-06
 Reference value :  3.42711e-06
 Reference value :  3.42886e-06
 Reference value :  3.43066e-06
 Reference value :  3.43216e-06
 Reference value :  3.43356e-06
 Reference value :  3.43501e-06
 Reference value :  3.43646e-06
 Reference value :  3.43791e-06
 Reference value :  3.43931e-06
 Reference value :  3.44076e-06
 Reference value :  3.44231e-06
 Reference value :  3.44376e-06
 Reference value :  3.44521e-06
 Reference value :  3.44671e-06
 Reference value :  3.44816e-06
 Reference value :  3.44961e-06
 Reference value :  3.45101e-06
 Reference value :  3.45241e-06
 Reference value :  3.45381e-06
 Reference value :  3.45521e-06
 Reference value :  3.45661e-06
 Reference value :  3.45806e-06
 Reference value :  3.45951e-06
 Reference value :  3.46096e-06
 Reference value :  3.46241e-06
 Reference value :  3.46386e-06
 Reference value :  3.46531e-06
 Reference value :  3.46676e-06
 Reference value :  3.46821e-06
 Reference value :  3.46966e-06
 Reference value :  3.47111e-06
 Reference value :  3.47256e-06
 Reference value :  3.47401e-06
 Reference value :  3.47551e-06
 Reference value :  3.47696e-06
 Reference value :  3.47841e-06
 Reference value :  3.47981e-06
 Reference value :  3.48126e-06
 Reference value :  3.48271e-06
 Reference value :  3.48421e-06
 Reference value :  3.48566e-06
 Reference value :  3.48716e-06
 Reference value :  3.48861e-06
 Reference value :  3.49006e-06
 Reference value :  3.49156e-06
 Reference value :  3.49306e-06
 Reference value :  3.49456e-06
 Reference value :  3.49601e-06
 Reference value :  3.49746e-06
 Reference value :  3.49891e-06
 Reference value :  3.50036e-06
 Reference value :  3.50176e-06
 Reference value :  3.50321e-06
 Reference value :  3.50466e-06
 Reference value :  3.50606e-06
 Reference value :  3.50731e-06
 Reference value :  3.50861e-06
 Reference value :  3.50986e-06
 Reference value :  3.51111e-06
 Reference value :  3.51256e-06
 Reference value :  3.51396e-06
 Reference value :  3.51541e-06
 Reference value :  3.51681e-06
 Reference value :  3.51826e-06
 Reference value :  3.51971e-06
 Reference value :  3.52116e-06
 Reference value :  3.52261e-06
 Reference value :  3.52411e-06
 Reference value :  3.52561e-06
 Reference value :  3.52706e-06
 Reference value :  3.52851e-06
 Reference value :  3.52996e-06
 Reference value :  3.53141e-06
 Reference value :  3.53281e-06
 Reference value :  3.53426e-06
 Reference value :  3.53571e-06
 Reference value :  3.53716e-06
 Reference value :  3.53861e-06
 Reference value :  3.54011e-06
 Reference value :  3.54151e-06
 Reference value :  3.54286e-06
 Reference value :  3.54426e-06
 Reference value :  3.54566e-06
 Reference value :  3.54731e-06
 Reference value :  3.54876e-06
 Reference value :  3.55021e-06
 Reference value :  3.55166e-06
 Reference value :  3.55311e-06
 Reference value :  3.55456e-06
 Reference value :  3.55601e-06
 Reference value :  3.55746e-06
 Reference value :  3.55891e-06
 Reference value :  3.56041e-06
 Reference value :  3.56186e-06
 Reference value :  3.56326e-06
 Reference value :  3.56466e-06
 Reference value :  3.56606e-06
 Reference value :  3.56746e-06
 Reference value :  3.56891e-06
 Reference value :  3.57036e-06
 Reference value :  3.57181e-06
 Reference value :  3.57321e-06
 Reference value :  3.57466e-06
 Reference value :  3.57611e-06
 Reference value :  3.57756e-06
 Reference value :  3.57901e-06
 Reference value :  3.58041e-06
 Reference value :  3.58186e-06
 Reference value :  3.58331e-06
 Reference value :  3.58476e-06
 Reference value :  3.58626e-06
 Reference value :  3.58776e-06
 Reference value :  3.58926e-06
 Reference value :  3.59071e-06
 Reference value :  3.59221e-06
 Reference value :  3.59366e-06
 Reference value :  3.59516e-06
 Reference value :  3.59661e-06
 Reference value :  3.59806e-06
 Reference value :  3.59946e-06
 Reference value :  3.60091e-06
 Reference value :  3.60236e-06
 Reference value :  3.60381e-06
 Reference value :  3.60526e-06
 Reference value :  3.60671e-06
 Reference value :  3.60816e-06
 Reference value :  3.60961e-06
 Reference value :  3.61106e-06
 Reference value :  3.61251e-06
 Reference value :  3.61386e-06
 Reference value :  3.61516e-06
 Reference value :  3.61646e-06
 Reference value :  3.61776e-06
 Reference value :  3.61906e-06
 Reference value :  3.62026e-06
 Reference value :  3.62166e-06
 Reference value :  3.62306e-06
 Reference value :  3.62451e-06
 Reference value :  3.62596e-06
 Reference value :  3.62741e-06
 Reference value :  3.62891e-06
 Reference value :  3.63041e-06
 Reference value :  3.63186e-06
 Reference value :  3.63326e-06
 Reference value :  3.63466e-06
 Reference value :  3.63606e-06
 Reference value :  3.63746e-06
 Reference value :  3.63886e-06
 Reference value :  3.64026e-06
 Reference value :  3.64171e-06
 Reference value :  3.64316e-06
 Reference value :  3.64461e-06
 Reference value :  3.64606e-06
 Reference value :  3.64751e-06
 Reference value :  3.64896e-06
 Reference value :  3.65041e-06
 Reference value :  3.65181e-06
 Reference value :  3.65321e-06
 Reference value :  3.65466e-06
 Reference value :  3.65621e-06
 Reference value :  3.65766e-06
 Reference value :  3.65911e-06
 Reference value :  3.66056e-06
 Reference value :  3.66201e-06
 Reference value :  3.66346e-06
 Reference value :  3.66491e-06
 Reference value :  3.66641e-06
 Reference value :  3.66786e-06
 Reference value :  3.66916e-06
 Reference value :  3.67046e-06
 Reference value :  3.67176e-06
 Reference value :  3.67306e-06
 Reference value :  3.67436e-06
 Reference value :  3.67566e-06
 Reference value :  3.67696e-06
 Reference value :  3.67826e-06
 Reference value :  3.67951e-06
 Reference value :  3.68076e-06
 Reference value :  3.68191e-06
 Reference value :  3.68326e-06
 Reference value :  3.68471e-06
 Reference value :  3.68616e-06
 Reference value :  3.68761e-06
 Reference value :  3.68906e-06
 Reference value :  3.69051e-06
 Reference value :  3.69196e-06
 Reference value :  3.69346e-06
 Reference value :  3.69491e-06
 Reference value :  3.69636e-06
 Reference value :  3.69781e-06
 Reference value :  3.69926e-06
 Reference value :  3.70071e-06
 Reference value :  3.70216e-06
 Reference value :  3.70351e-06
 Reference value :  3.70481e-06
 Reference value :  3.70611e-06
 Reference value :  3.70751e-06
 Reference value :  3.70896e-06
 Reference value :  3.71056e-06
 Reference value :  3.71201e-06
 Reference value :  3.71346e-06
 Reference value :  3.71491e-06
 Reference value :  3.71641e-06
 Reference value :  3.71786e-06
 Reference value :  3.71931e-06
 Reference value :  3.72076e-06
 Reference value :  3.72206e-06
 Reference value :  3.72341e-06
 Reference value :  3.72476e-06
 Reference value :  3.72611e-06
 Reference value :  3.72741e-06
 Reference value :  3.72871e-06
 Reference value :  3.73001e-06
 Reference value :  3.73131e-06
 Reference value :  3.73266e-06
 Reference value :  3.73396e-06
 Reference value :  3.73526e-06
 Reference value :  3.73656e-06
 Reference value :  3.73786e-06
 Reference value :  3.73911e-06
 Reference value :  3.74041e-06
 Reference value :  3.74171e-06
 Reference value :  3.74301e-06
 Reference value :  3.74431e-06
 Reference value :  3.74561e-06
 Reference value :  3.74691e-06
 Reference value :  3.74821e-06
 Reference value :  3.74951e-06
 Reference value :  3.75076e-06
 Reference value :  3.75206e-06
 Reference value :  3.75336e-06
 Reference value :  3.75466e-06
 Reference value :  3.75596e-06
 Reference value :  3.75726e-06
 Reference value :  3.75856e-06
 Reference value :  3.75986e-06
 Reference value :  3.76126e-06
 Reference value :  3.76271e-06
 Reference value :  3.76416e-06
 Reference value :  3.76556e-06
 Reference value :  3.76701e-06
 Reference value :  3.76856e-06
 Reference value :  3.77001e-06
 Reference value :  3.77146e-06
 Reference value :  3.77291e-06
 Reference value :  3.77436e-06
 Reference value :  3.77581e-06
 Reference value :  3.77726e-06
 Reference value :  3.77871e-06
 Reference value :  3.78011e-06
 Reference value :  3.78156e-06
 Reference value :  3.78301e-06
 Reference value :  3.78446e-06
 Reference value :  3.78591e-06
 Reference value :  3.78736e-06
 Reference value :  3.78871e-06
 Reference value :  3.79001e-06
 Reference value :  3.79131e-06
 Reference value :  3.79261e-06
 Reference value :  3.79391e-06
 Reference value :  3.79521e-06
 Reference value :  3.79656e-06
 Reference value :  3.79786e-06
 Reference value :  3.79916e-06
 Reference value :  3.80046e-06
 Reference value :  3.80176e-06
 Reference value :  3.80306e-06
 Reference value :  3.80436e-06
 Reference value :  3.80566e-06
 Reference value :  3.80701e-06
 Reference value :  3.80846e-06
 Reference value :  3.80991e-06
 Reference value :  3.81136e-06
 Reference value :  3.81281e-06
 Reference value :  3.81426e-06
 Reference value :  3.81576e-06
 Reference value :  3.81746e-06
 Reference value :  3.81896e-06
 Reference value :  3.82041e-06
 Reference value :  3.82186e-06
 Reference value :  3.82331e-06
 Reference value :  3.82476e-06
 Reference value :  3.82626e-06
 Reference value :  3.82771e-06
 Reference value :  3.82916e-06
 Reference value :  3.83061e-06
 Reference value :  3.83206e-06
 Reference value :  3.83351e-06
 Reference value :  3.83496e-06
 Reference value :  3.83646e-06
 Reference value :  3.83796e-06
 Reference value :  3.83941e-06
 Reference value :  3.84091e-06
 Reference value :  3.84241e-06
 Reference value :  3.84386e-06
 Reference value :  3.84531e-06
 Reference value :  3.84676e-06
 Reference value :  3.84821e-06
 Reference value :  3.84961e-06
 Reference value :  3.85111e-06
 Reference value :  3.85256e-06
 Reference value :  3.85401e-06
 Reference value :  3.85546e-06
 Reference value :  3.85691e-06
 Reference value :  3.85836e-06
 Reference value :  3.85981e-06
 Reference value :  3.86126e-06
 Reference value :  3.86271e-06
 Reference value :  3.86416e-06
 Reference value :  3.86561e-06
 Reference value :  3.86706e-06
 Reference value :  3.86846e-06
 Reference value :  3.86991e-06
 Reference value :  3.87141e-06
 Reference value :  3.87286e-06
 Reference value :  3.87431e-06
 Reference value :  3.87576e-06
 Reference value :  3.87711e-06
 Reference value :  3.87841e-06
 Reference value :  3.87971e-06
 Reference value :  3.88101e-06
 Reference value :  3.88231e-06
 Reference value :  3.88361e-06
 Reference value :  3.88491e-06
 Reference value :  3.88621e-06
 Reference value :  3.88751e-06
 Reference value :  3.88881e-06
 Reference value :  3.89006e-06
 Reference value :  3.89136e-06
 Reference value :  3.89261e-06
 Reference value :  3.89386e-06
 Reference value :  3.89516e-06
 Reference value :  3.89646e-06
 Reference value :  3.89776e-06
 Reference value :  3.89906e-06
 Reference value :  3.90036e-06
 Reference value :  3.90166e-06
 Reference value :  3.90296e-06
 Reference value :  3.90421e-06
 Reference value :  3.90556e-06
 Reference value :  3.90696e-06
 Reference value :  3.90836e-06
 Reference value :  3.90976e-06
 Reference value :  3.91116e-06
 Reference value :  3.91256e-06
 Reference value :  3.91396e-06
 Reference value :  3.91536e-06
 Reference value :  3.91676e-06
 Reference value :  3.91816e-06
 Reference value :  3.91956e-06
 Reference value :  3.92096e-06
 Reference value :  3.92236e-06
 Reference value :  3.92376e-06
 Reference value :  3.92521e-06
 Reference value :  3.92671e-06
 Reference value :  3.92806e-06
 Reference value :  3.92936e-06
 Reference value :  3.93066e-06
 Reference value :  3.93191e-06
 Reference value :  3.93316e-06
 Reference value :  3.93441e-06
 Reference value :  3.93566e-06
 Reference value :  3.93691e-06
 Reference value :  3.93816e-06
 Reference value :  3.93951e-06
 Reference value :  3.94111e-06
 Reference value :  3.94266e-06
 Reference value :  3.94416e-06
 Reference value :  3.94591e-06
 Reference value :  3.94751e-06
 Reference value :  3.94896e-06
 Reference value :  3.95041e-06
 Reference value :  3.95186e-06
 Reference value :  3.95331e-06
 Reference value :  3.95476e-06
 Reference value :  3.95616e-06
 Reference value :  3.95756e-06
 Reference value :  3.95896e-06
 Reference value :  3.96036e-06
 Reference value :  3.96181e-06
 Reference value :  3.96326e-06
 Reference value :  3.96471e-06
 Reference value :  3.96616e-06
 Reference value :  3.96761e-06
 Reference value :  3.96906e-06
 Reference value :  3.97051e-06
 Reference value :  3.97201e-06
 Reference value :  3.97366e-06
 Reference value :  3.97521e-06
 Reference value :  3.97686e-06
 Reference value :  3.97846e-06
 Reference value :  3.97991e-06
 Reference value :  3.98136e-06
 Reference value :  3.98286e-06
 Reference value :  3.98431e-06
 Reference value :  3.98576e-06
 Reference value :  3.98716e-06
 Reference value :  3.98856e-06
 Reference value :  3.98996e-06
 Reference value :  3.99136e-06
 Reference value :  3.99276e-06
 Reference value :  3.99421e-06
 Reference value :  3.99566e-06
 Reference value :  3.99716e-06
 Reference value :  3.99861e-06
 Reference value :  4.00006e-06
 Reference value :  4.00146e-06
 Reference value :  4.00291e-06
 Reference value :  4.00431e-06
 Reference value :  4.00571e-06
 Reference value :  4.00716e-06
 Reference value :  4.00861e-06
 Reference value :  4.01006e-06
 Reference value :  4.01151e-06
 Reference value :  4.01296e-06
 Reference value :  4.01446e-06
 Reference value :  4.01586e-06
 Reference value :  4.01736e-06
 Reference value :  4.01881e-06
 Reference value :  4.02026e-06
 Reference value :  4.02171e-06
 Reference value :  4.02316e-06
 Reference value :  4.02461e-06
 Reference value :  4.02606e-06
 Reference value :  4.02751e-06
 Reference value :  4.02896e-06
 Reference value :  4.03041e-06
 Reference value :  4.03181e-06
 Reference value :  4.03321e-06
 Reference value :  4.03466e-06
 Reference value :  4.03606e-06
 Reference value :  4.03751e-06
 Reference value :  4.03896e-06
 Reference value :  4.04041e-06
 Reference value :  4.04186e-06
 Reference value :  4.04331e-06
 Reference value :  4.04476e-06
 Reference value :  4.04621e-06
 Reference value :  4.04766e-06
 Reference value :  4.04911e-06
 Reference value :  4.05056e-06
 Reference value :  4.05201e-06
 Reference value :  4.05341e-06
 Reference value :  4.05486e-06
 Reference value :  4.05626e-06
 Reference value :  4.05771e-06
 Reference value :  4.05916e-06
 Reference value :  4.06056e-06
 Reference value :  4.06201e-06
 Reference value :  4.06346e-06
 Reference value :  4.06491e-06
 Reference value :  4.06636e-06
 Reference value :  4.06781e-06
 Reference value :  4.06926e-06
 Reference value :  4.07066e-06
 Reference value :  4.07211e-06
 Reference value :  4.07356e-06
 Reference value :  4.07501e-06
 Reference value :  4.07646e-06
 Reference value :  4.07791e-06
 Reference value :  4.07941e-06
 Reference value :  4.08086e-06
 Reference value :  4.08221e-06
 Reference value :  4.08351e-06
 Reference value :  4.08481e-06
 Reference value :  4.08606e-06
 Reference value :  4.08731e-06
 Reference value :  4.08856e-06
 Reference value :  4.08981e-06
 Reference value :  4.09106e-06
 Reference value :  4.09236e-06
 Reference value :  4.09371e-06
 Reference value :  4.09501e-06
 Reference value :  4.09631e-06
 Reference value :  4.09756e-06
 Reference value :  4.09886e-06
 Reference value :  4.10021e-06
 Reference value :  4.10156e-06
 Reference value :  4.10291e-06
 Reference value :  4.10421e-06
 Reference value :  4.10551e-06
 Reference value :  4.10681e-06
 Reference value :  4.10816e-06
 Reference value :  4.10961e-06
 Reference value :  4.11106e-06
 Reference value :  4.11251e-06
 Reference value :  4.11396e-06
 Reference value :  4.11541e-06
 Reference value :  4.11691e-06
 Reference value :  4.11831e-06
 Reference value :  4.11976e-06
 Reference value :  4.12121e-06
 Reference value :  4.12266e-06
 Reference value :  4.12411e-06
 Reference value :  4.12556e-06
 Reference value :  4.12701e-06
 Reference value :  4.12846e-06
 Reference value :  4.12996e-06
 Reference value :  4.13136e-06
 Reference value :  4.13281e-06
 Reference value :  4.13421e-06
 Reference value :  4.13566e-06
 Reference value :  4.13711e-06
 Reference value :  4.13856e-06
 Reference value :  4.14001e-06
 Reference value :  4.14146e-06
 Reference value :  4.14291e-06
 Reference value :  4.14441e-06
 Reference value :  4.14591e-06
 Reference value :  4.14731e-06
 Reference value :  4.14881e-06
 Reference value :  4.15026e-06
 Reference value :  4.15171e-06
 Reference value :  4.15311e-06
 Reference value :  4.15456e-06
 Reference value :  4.15601e-06
 Reference value :  4.15746e-06
 Reference value :  4.15891e-06
 Reference value :  4.16036e-06
 Reference value :  4.16181e-06
 Reference value :  4.16326e-06
 Reference value :  4.16471e-06
 Reference value :  4.16616e-06
 Reference value :  4.16761e-06
 Reference value :  4.16906e-06
 Reference value :  4.17051e-06
 Reference value :  4.17196e-06
 Reference value :  4.17341e-06
 Reference value :  4.17486e-06
 Reference value :  4.17631e-06
 Reference value :  4.17771e-06
 Reference value :  4.17911e-06
 Reference value :  4.18051e-06
 Reference value :  4.18191e-06
 Reference value :  4.18336e-06
 Reference value :  4.18481e-06
 Reference value :  4.18626e-06
 Reference value :  4.18771e-06
 Reference value :  4.18911e-06
 Reference value :  4.19051e-06
 Reference value :  4.19191e-06
 Reference value :  4.19336e-06
 Reference value :  4.19476e-06
 Reference value :  4.19621e-06
 Reference value :  4.19766e-06
 Reference value :  4.19911e-06
 Reference value :  4.20056e-06
 Reference value :  4.20201e-06
 Reference value :  4.20351e-06
 Reference value :  4.20496e-06
 Reference value :  4.20641e-06
 Reference value :  4.20786e-06
 Reference value :  4.20931e-06
 Reference value :  4.21076e-06
 Reference value :  4.21221e-06
 Reference value :  4.21366e-06
 Reference value :  4.21511e-06
 Reference value :  4.21656e-06
 Reference value :  4.21801e-06
 Reference value :  4.21956e-06
 Reference value :  4.22111e-06
 Reference value :  4.22276e-06
 Reference value :  4.22436e-06
 Reference value :  4.22586e-06
 Reference value :  4.22731e-06
 Reference value :  4.22866e-06
 Reference value :  4.23016e-06
 Reference value :  4.23161e-06
 Reference value :  4.23306e-06
 Reference value :  4.23441e-06
 Reference value :  4.23566e-06
 Reference value :  4.23691e-06
 Reference value :  4.23831e-06
 Reference value :  4.23976e-06
 Reference value :  4.24121e-06
 Reference value :  4.24266e-06
 Reference value :  4.24411e-06
 Reference value :  4.24556e-06
 Reference value :  4.24701e-06
 Reference value :  4.24846e-06
 Reference value :  4.24986e-06
 Reference value :  4.25131e-06
 Reference value :  4.25276e-06
 Reference value :  4.25421e-06
 Reference value :  4.25566e-06
 Reference value :  4.25711e-06
 Reference value :  4.25861e-06
 Reference value :  4.26006e-06
 Reference value :  4.26146e-06
 Reference value :  4.26286e-06
 Reference value :  4.26426e-06
 Reference value :  4.26566e-06
 Reference value :  4.26706e-06
 Reference value :  4.26846e-06
 Reference value :  4.26991e-06
 Reference value :  4.27131e-06
 Reference value :  4.27271e-06
 Reference value :  4.27411e-06
 Reference value :  4.27551e-06
 Reference value :  4.27691e-06
 Reference value :  4.27836e-06
 Reference value :  4.27981e-06
 Reference value :  4.28126e-06
 Reference value :  4.28261e-06
 Reference value :  4.28391e-06
 Reference value :  4.28521e-06
 Reference value :  4.28651e-06
 Reference value :  4.28781e-06
 Reference value :  4.28911e-06
 Reference value :  4.29041e-06
 Reference value :  4.29166e-06
 Reference value :  4.29296e-06
 Reference value :  4.29421e-06
 Reference value :  4.29551e-06
 Reference value :  4.29681e-06
 Reference value :  4.29811e-06
 Reference value :  4.29941e-06
 Reference value :  4.30071e-06
 Reference value :  4.30201e-06
 Reference value :  4.30331e-06
 Reference value :  4.30461e-06
 Reference value :  4.30591e-06
 Reference value :  4.30721e-06
 Reference value :  4.30851e-06
 Reference value :  4.30981e-06
 Reference value :  4.31111e-06
 Reference value :  4.31241e-06
 Reference value :  4.31376e-06
 Reference value :  4.31506e-06
 Reference value :  4.31636e-06
 Reference value :  4.31766e-06
 Reference value :  4.31891e-06
 Reference value :  4.32021e-06
 Reference value :  4.32151e-06
 Reference value :  4.32281e-06
 Reference value :  4.32406e-06
 Reference value :  4.32526e-06
 Reference value :  4.32646e-06
 Reference value :  4.32771e-06
 Reference value :  4.32896e-06
 Reference value :  4.33026e-06
 Reference value :  4.33171e-06
 Reference value :  4.33316e-06
 Reference value :  4.33466e-06
 Reference value :  4.33611e-06
 Reference value :  4.33756e-06
 Reference value :  4.33896e-06
 Reference value :  4.34041e-06
 Reference value :  4.34161e-06
 Reference value :  4.34286e-06
 Reference value :  4.34411e-06
 Reference value :  4.34536e-06
 Reference value :  4.34661e-06
 Reference value :  4.34786e-06
 Reference value :  4.34916e-06
 Reference value :  4.35046e-06
 Reference value :  4.35176e-06
 Reference value :  4.35311e-06
 Reference value :  4.35456e-06
 Reference value :  4.35601e-06
 Reference value :  4.35746e-06
 Reference value :  4.35891e-06
 Reference value :  4.36036e-06
 Reference value :  4.36181e-06
 Reference value :  4.36326e-06
 Reference value :  4.36471e-06
 Reference value :  4.36616e-06
 Reference value :  4.36766e-06
 Reference value :  4.36921e-06
 Reference value :  4.37071e-06
 Reference value :  4.37211e-06
 Reference value :  4.37351e-06
 Reference value :  4.37496e-06
 Reference value :  4.37641e-06
 Reference value :  4.37786e-06
 Reference value :  4.37931e-06
 Reference value :  4.38076e-06
 Reference value :  4.38216e-06
 Reference value :  4.38346e-06
 Reference value :  4.38471e-06
 Reference value :  4.38596e-06
 Reference value :  4.38721e-06
 Reference value :  4.38851e-06
 Reference value :  4.38981e-06
 Reference value :  4.39111e-06
 Reference value :  4.39246e-06
 Reference value :  4.39391e-06
 Reference value :  4.39531e-06
 Reference value :  4.39676e-06
 Reference value :  4.39821e-06
 Reference value :  4.39966e-06
 Reference value :  4.40111e-06
 Reference value :  4.40256e-06
 Reference value :  4.40401e-06
 Reference value :  4.40551e-06
 Reference value :  4.40701e-06
 Reference value :  4.40841e-06
 Reference value :  4.40981e-06
 Reference value :  4.41121e-06
 Reference value :  4.41266e-06
 Reference value :  4.41406e-06
 Reference value :  4.41546e-06
 Reference value :  4.41686e-06
 Reference value :  4.41831e-06
 Reference value :  4.41976e-06
 Reference value :  4.42121e-06
 Reference value :  4.42266e-06
 Reference value :  4.42416e-06
 Reference value :  4.42556e-06
 Reference value :  4.42701e-06
 Reference value :  4.42846e-06
 Reference value :  4.42986e-06
 Reference value :  4.43131e-06
 Reference value :  4.43276e-06
 Reference value :  4.43421e-06
 Reference value :  4.43566e-06
 Reference value :  4.43711e-06
 Reference value :  4.43856e-06
 Reference value :  4.44001e-06
 Reference value :  4.44146e-06
 Reference value :  4.44291e-06
 Reference value :  4.44431e-06
 Reference value :  4.44576e-06
 Reference value :  4.44721e-06
 Reference value :  4.44851e-06
 Reference value :  4.44981e-06
 Reference value :  4.45111e-06
 Reference value :  4.45241e-06
 Reference value :  4.45371e-06
 Reference value :  4.45501e-06
 Reference value :  4.45631e-06
 Reference value :  4.45771e-06
 Reference value :  4.45916e-06
 Reference value :  4.46061e-06
 Reference value :  4.46206e-06
 Reference value :  4.46351e-06
 Reference value :  4.46496e-06
 Reference value :  4.46646e-06
 Reference value :  4.46796e-06
 Reference value :  4.46941e-06
 Reference value :  4.47086e-06
 Reference value :  4.47241e-06
 Reference value :  4.47401e-06
 Reference value :  4.47551e-06
 Reference value :  4.47696e-06
 Reference value :  4.47841e-06
 Reference value :  4.47981e-06
 Reference value :  4.48111e-06
 Reference value :  4.48241e-06
 Reference value :  4.48371e-06
 Reference value :  4.48501e-06
 Reference value :  4.48631e-06
 Reference value :  4.48761e-06
 Reference value :  4.48891e-06
 Reference value :  4.49021e-06
 Reference value :  4.49151e-06
 Reference value :  4.49296e-06
 Reference value :  4.49436e-06
 Reference value :  4.49576e-06
 Reference value :  4.49716e-06
 Reference value :  4.49861e-06
 Reference value :  4.50006e-06
 Reference value :  4.50151e-06
 Reference value :  4.50291e-06
 Reference value :  4.50431e-06
 Reference value :  4.50571e-06
 Reference value :  4.50716e-06
 Reference value :  4.50861e-06
 Reference value :  4.51006e-06
 Reference value :  4.51151e-06
 Reference value :  4.51291e-06
 Reference value :  4.51431e-06
 Reference value :  4.51571e-06
 Reference value :  4.51711e-06
 Reference value :  4.51851e-06
 Reference value :  4.51991e-06
 Reference value :  4.52136e-06
 Reference value :  4.52281e-06
 Reference value :  4.52426e-06
 Reference value :  4.52566e-06
 Reference value :  4.52691e-06
 Reference value :  4.52831e-06
 Reference value :  4.52976e-06
 Reference value :  4.53121e-06
 Reference value :  4.53266e-06
 Reference value :  4.53411e-06
 Reference value :  4.53556e-06
 Reference value :  4.53701e-06
 Reference value :  4.53846e-06
 Reference value :  4.53991e-06
 Reference value :  4.54136e-06
 Reference value :  4.54281e-06
 Reference value :  4.54426e-06
 Reference value :  4.54571e-06
 Reference value :  4.54716e-06
 Reference value :  4.54856e-06
 Reference value :  4.54996e-06
 Reference value :  4.55136e-06
 Reference value :  4.55276e-06
 Reference value :  4.55416e-06
 Reference value :  4.55556e-06
 Reference value :  4.55696e-06
 Reference value :  4.55836e-06
 Reference value :  4.55976e-06
 Reference value :  4.56121e-06
 Reference value :  4.56266e-06
 Reference value :  4.56411e-06
 Reference value :  4.56556e-06
 Reference value :  4.56701e-06
 Reference value :  4.56841e-06
 Reference value :  4.56986e-06
 Reference value :  4.57131e-06
 Reference value :  4.57276e-06
 Reference value :  4.57421e-06
 Reference value :  4.57566e-06
 Reference value :  4.57711e-06
 Reference value :  4.57861e-06
 Reference value :  4.58011e-06
 Reference value :  4.58156e-06
 Reference value :  4.58301e-06
 Reference value :  4.58446e-06
 Reference value :  4.58591e-06
 Reference value :  4.58736e-06
 Reference value :  4.58881e-06
 Reference value :  4.59031e-06
 Reference value :  4.59176e-06
 Reference value :  4.59321e-06
 Reference value :  4.59466e-06
 Reference value :  4.59606e-06
 Reference value :  4.59751e-06
 Reference value :  4.59896e-06
 Reference value :  4.60041e-06
 Reference value :  4.60186e-06
 Reference value :  4.60331e-06
 Reference value :  4.60476e-06
 Reference value :  4.60621e-06
 Reference value :  4.60761e-06
 Reference value :  4.60916e-06
 Reference value :  4.61086e-06
 Reference value :  4.61231e-06
 Reference value :  4.61376e-06
 Reference value :  4.61521e-06
 Reference value :  4.61666e-06
 Reference value :  4.61806e-06
 Reference value :  4.61951e-06
 Reference value :  4.62096e-06
 Reference value :  4.62241e-06
 Reference value :  4.62386e-06
 Reference value :  4.62521e-06
 Reference value :  4.62651e-06
 Reference value :  4.62771e-06
 Reference value :  4.62896e-06
 Reference value :  4.63021e-06
 Reference value :  4.63146e-06
 Reference value :  4.63266e-06
 Reference value :  4.63386e-06
 Reference value :  4.63511e-06
 Reference value :  4.63631e-06
 Reference value :  4.63756e-06
 Reference value :  4.63881e-06
 Reference value :  4.64006e-06
 Reference value :  4.64136e-06
 Reference value :  4.64266e-06
 Reference value :  4.64396e-06
 Reference value :  4.64526e-06
 Reference value :  4.64651e-06
 Reference value :  4.64791e-06
 Reference value :  4.64936e-06
 Reference value :  4.65076e-06
 Reference value :  4.65226e-06
 Reference value :  4.65371e-06
 Reference value :  4.65521e-06
 Reference value :  4.65671e-06
 Reference value :  4.65821e-06
 Reference value :  4.65971e-06
 Reference value :  4.66116e-06
 Reference value :  4.66261e-06
 Reference value :  4.66406e-06
 Reference value :  4.66551e-06
 Reference value :  4.66706e-06
 Reference value :  4.66851e-06
 Reference value :  4.66996e-06
 Reference value :  4.67141e-06
 Reference value :  4.67286e-06
 Reference value :  4.67431e-06
 Reference value :  4.67571e-06
 Reference value :  4.67711e-06
 Reference value :  4.67856e-06
 Reference value :  4.67991e-06
 Reference value :  4.68111e-06
 Reference value :  4.68231e-06
 Reference value :  4.68351e-06
 Reference value :  4.68471e-06
 Reference value :  4.68591e-06
 Reference value :  4.68711e-06
 Reference value :  4.68836e-06
 Reference value :  4.68966e-06
 Reference value :  4.69096e-06
 Reference value :  4.69226e-06
 Reference value :  4.69356e-06
 Reference value :  4.69486e-06
 Reference value :  4.69616e-06
 Reference value :  4.69746e-06
 Reference value :  4.69876e-06
 Reference value :  4.70001e-06
 Reference value :  4.70131e-06
 Reference value :  4.70261e-06
 Reference value :  4.70391e-06
 Reference value :  4.70521e-06
 Reference value :  4.70646e-06
 Reference value :  4.70776e-06
 Reference value :  4.70916e-06
 Reference value :  4.71061e-06
 Reference value :  4.71206e-06
 Reference value :  4.71356e-06
 Reference value :  4.71501e-06
 Reference value :  4.71646e-06
 Reference value :  4.71791e-06
 Reference value :  4.71936e-06
 Reference value :  4.72076e-06
 Reference value :  4.72216e-06
 Reference value :  4.72356e-06
 Reference value :  4.72496e-06
 Reference value :  4.72636e-06
 Reference value :  4.72781e-06
 Reference value :  4.72921e-06
 Reference value :  4.73061e-06
 Reference value :  4.73201e-06
 Reference value :  4.73346e-06
 Reference value :  4.73486e-06
 Reference value :  4.73626e-06
 Reference value :  4.73771e-06
 Reference value :  4.73911e-06
 Reference value :  4.74051e-06
 Reference value :  4.74181e-06
 Reference value :  4.74321e-06
 Reference value :  4.74461e-06
 Reference value :  4.74601e-06
 Reference value :  4.74741e-06
 Reference value :  4.74881e-06
 Reference value :  4.75021e-06
 Reference value :  4.75161e-06
 Reference value :  4.75306e-06
 Reference value :  4.75451e-06
 Reference value :  4.75596e-06
 Reference value :  4.75746e-06
 Reference value :  4.75891e-06
 Reference value :  4.76036e-06
 Reference value :  4.76176e-06
 Reference value :  4.76321e-06
 Reference value :  4.76466e-06
 Reference value :  4.76606e-06
 Reference value :  4.76781e-06
 Reference value :  4.76946e-06
 Reference value :  4.77096e-06
 Reference value :  4.77241e-06
 Reference value :  4.77381e-06
 Reference value :  4.77526e-06
 Reference value :  4.77671e-06
 Reference value :  4.77816e-06
 Reference value :  4.77961e-06
 Reference value :  4.78106e-06
 Reference value :  4.78251e-06
 Reference value :  4.78396e-06
 Reference value :  4.78541e-06
 Reference value :  4.78686e-06
 Reference value :  4.78831e-06
 Reference value :  4.78971e-06
 Reference value :  4.79116e-06
 Reference value :  4.79261e-06
 Reference value :  4.79406e-06
 Reference value :  4.79556e-06
 Reference value :  4.79706e-06
 Reference value :  4.79861e-06
 Reference value :  4.80006e-06
 Reference value :  4.80146e-06
 Reference value :  4.80291e-06
 Reference value :  4.80431e-06
 Reference value :  4.80576e-06
 Reference value :  4.80721e-06
 Reference value :  4.80866e-06
 Reference value :  4.81011e-06
 Reference value :  4.81166e-06
 Reference value :  4.81311e-06
 Reference value :  4.81456e-06
 Reference value :  4.81601e-06
 Reference value :  4.81741e-06
 Reference value :  4.81886e-06
 Reference value :  4.82031e-06
 Reference value :  4.82176e-06
 Reference value :  4.82321e-06
 Reference value :  4.82466e-06
 Reference value :  4.82611e-06
 Reference value :  4.82756e-06
 Reference value :  4.82901e-06
 Reference value :  4.83046e-06
 Reference value :  4.83191e-06
 Reference value :  4.83336e-06
 Reference value :  4.83481e-06
 Reference value :  4.83626e-06
 Reference value :  4.83771e-06
 Reference value :  4.83911e-06
 Reference value :  4.84056e-06
 Reference value :  4.84201e-06
 Reference value :  4.84346e-06
 Reference value :  4.84486e-06
 Reference value :  4.84631e-06
 Reference value :  4.84776e-06
 Reference value :  4.84921e-06
 Reference value :  4.85066e-06
 Reference value :  4.85211e-06
 Reference value :  4.85356e-06
 Reference value :  4.85501e-06
 Reference value :  4.85646e-06
 Reference value :  4.85791e-06
 Reference value :  4.85936e-06
 Reference value :  4.86081e-06
 Reference value :  4.86226e-06
 Reference value :  4.86366e-06
 Reference value :  4.86506e-06
 Reference value :  4.86646e-06
 Reference value :  4.86791e-06
 Reference value :  4.86931e-06
 Reference value :  4.87076e-06
 Reference value :  4.87216e-06
 Reference value :  4.87356e-06
 Reference value :  4.87496e-06
 Reference value :  4.87641e-06
 Reference value :  4.87786e-06
 Reference value :  4.87931e-06
 Reference value :  4.88076e-06
 Reference value :  4.88221e-06
 Reference value :  4.88366e-06
 Reference value :  4.88511e-06
 Reference value :  4.88656e-06
 Reference value :  4.88801e-06
 Reference value :  4.88946e-06
 Reference value :  4.89091e-06
 Reference value :  4.89236e-06
 Reference value :  4.89381e-06
 Reference value :  4.89526e-06
 Reference value :  4.89671e-06
 Reference value :  4.89811e-06
 Reference value :  4.89951e-06
 Reference value :  4.90086e-06
 Reference value :  4.90226e-06
 Reference value :  4.90366e-06
 Reference value :  4.90506e-06
 Reference value :  4.90646e-06
 Reference value :  4.90786e-06
 Reference value :  4.90931e-06
 Reference value :  4.91071e-06
 Reference value :  4.91211e-06
 Reference value :  4.91351e-06
 Reference value :  4.91486e-06
 Reference value :  4.91621e-06
 Reference value :  4.91761e-06
 Reference value :  4.91901e-06
 Reference value :  4.92041e-06
 Reference value :  4.92181e-06
 Reference value :  4.92326e-06
 Reference value :  4.92466e-06
 Reference value :  4.92606e-06
 Reference value :  4.92741e-06
 Reference value :  4.92881e-06
 Reference value :  4.93026e-06
 Reference value :  4.93166e-06
 Reference value :  4.93311e-06
 Reference value :  4.93451e-06
 Reference value :  4.93591e-06
 Reference value :  4.93731e-06
 Reference value :  4.93871e-06
 Reference value :  4.94016e-06
 Reference value :  4.94156e-06
 Reference value :  4.94301e-06
 Reference value :  4.94446e-06
 Reference value :  4.94586e-06
 Reference value :  4.94726e-06
 Reference value :  4.94866e-06
 Reference value :  4.95006e-06
 Reference value :  4.95151e-06
 Reference value :  4.95291e-06
 Reference value :  4.95436e-06
 Reference value :  4.95576e-06
 Reference value :  4.95721e-06
 Reference value :  4.95866e-06
 Reference value :  4.96006e-06
 Reference value :  4.96131e-06
 Reference value :  4.96256e-06
 Reference value :  4.96396e-06
 Reference value :  4.96536e-06
 Reference value :  4.96671e-06
 Reference value :  4.96811e-06
 Reference value :  4.96951e-06
 Reference value :  4.97091e-06
 Reference value :  4.97236e-06
 Reference value :  4.97381e-06
 Reference value :  4.97521e-06
 Reference value :  4.97661e-06
 Reference value :  4.97806e-06
 Reference value :  4.97951e-06
 Reference value :  4.98096e-06
 Reference value :  4.98241e-06
 Reference value :  4.98381e-06
 Reference value :  4.98526e-06
 Reference value :  4.98671e-06
 Reference value :  4.98811e-06
 Reference value :  4.98956e-06
 Reference value :  4.99096e-06
 Reference value :  4.99236e-06
 Reference value :  4.99376e-06
 Reference value :  4.99501e-06
 Reference value :  4.99631e-06
 Reference value :  4.99776e-06
 Reference value :  4.99916e-06
 Reference value :  5.00061e-06
 Reference value :  5.00206e-06
 Reference value :  5.00356e-06
 Reference value :  5.00486e-06
 Reference value :  5.00616e-06
 Reference value :  5.00746e-06
 Reference value :  5.00876e-06
 Reference value :  5.01006e-06
 Reference value :  5.01136e-06
 Reference value :  5.01266e-06
 Reference value :  5.01396e-06
 Reference value :  5.01526e-06
 Reference value :  5.01651e-06
 Reference value :  5.01781e-06
 Reference value :  5.01911e-06
 Reference value :  5.02041e-06
 Reference value :  5.02171e-06
 Reference value :  5.02301e-06
 Reference value :  5.02431e-06
 Reference value :  5.02561e-06
 Reference value :  5.02691e-06
 Reference value :  5.02821e-06
 Reference value :  5.02951e-06
 Reference value :  5.03081e-06
 Reference value :  5.03211e-06
 Reference value :  5.03346e-06
 Reference value :  5.03476e-06
 Reference value :  5.03601e-06
 Reference value :  5.03721e-06
 Reference value :  5.03841e-06
 Reference value :  5.03966e-06
 Reference value :  5.04091e-06
 Reference value :  5.04216e-06
 Reference value :  5.04361e-06
 Reference value :  5.04506e-06
 Reference value :  5.04651e-06
 Reference value :  5.04796e-06
 Reference value :  5.04941e-06
 Reference value :  5.05086e-06
 Reference value :  5.05231e-06
 Reference value :  5.05381e-06
 Reference value :  5.05526e-06
 Reference value :  5.05671e-06
 Reference value :  5.05816e-06
 Reference value :  5.05961e-06
 Reference value :  5.06106e-06
 Reference value :  5.06251e-06
 Reference value :  5.06401e-06
 Reference value :  5.06546e-06
 Reference value :  5.06691e-06
 Reference value :  5.06836e-06
 Reference value :  5.06981e-06
 Reference value :  5.07131e-06
 Reference value :  5.07276e-06
 Reference value :  5.07421e-06
 Reference value :  5.07571e-06
 Reference value :  5.07716e-06
 Reference value :  5.07866e-06
 Reference value :  5.08011e-06
 Reference value :  5.08156e-06
 Reference value :  5.08296e-06
 Reference value :  5.08441e-06
 Reference value :  5.08586e-06
 Reference value :  5.08731e-06
 Reference value :  5.08881e-06
 Reference value :  5.09026e-06
 Reference value :  5.09171e-06
 Reference value :  5.09311e-06
 Reference value :  5.09451e-06
 Reference value :  5.09591e-06
 Reference value :  5.09711e-06
 Reference value :  5.09831e-06
 Reference value :  5.09961e-06
 Reference value :  5.10101e-06
 Reference value :  5.10241e-06
 Reference value :  5.10381e-06
 Reference value :  5.10521e-06
 Reference value :  5.10666e-06
 Reference value :  5.10811e-06
 Reference value :  5.10956e-06
 Reference value :  5.11101e-06
 Reference value :  5.11246e-06
 Reference value :  5.11391e-06
 Reference value :  5.11536e-06
 Reference value :  5.11681e-06
 Reference value :  5.11826e-06
 Reference value :  5.11966e-06
 Reference value :  5.12116e-06
 Reference value :  5.12261e-06
 Reference value :  5.12406e-06
 Reference value :  5.12551e-06
 Reference value :  5.12701e-06
 Reference value :  5.12846e-06
 Reference value :  5.12991e-06
 Reference value :  5.13136e-06
 Reference value :  5.13281e-06
 Reference value :  5.13446e-06
 Reference value :  5.13601e-06
 Reference value :  5.13746e-06
 Reference value :  5.13896e-06
 Reference value :  5.14041e-06
 Reference value :  5.14186e-06
 Reference value :  5.14341e-06
 Reference value :  5.14491e-06
 Reference value :  5.14636e-06
 Reference value :  5.14786e-06
 Reference value :  5.14931e-06
 Reference value :  5.15076e-06
 Reference value :  5.15226e-06
 Reference value :  5.15371e-06
 Reference value :  5.15516e-06
 Reference value :  5.15666e-06
 Reference value :  5.15811e-06
 Reference value :  5.15956e-06
 Reference value :  5.16101e-06
 Reference value :  5.16246e-06
 Reference value :  5.16396e-06
 Reference value :  5.16541e-06
 Reference value :  5.16686e-06
 Reference value :  5.16831e-06
 Reference value :  5.16976e-06
 Reference value :  5.17136e-06
 Reference value :  5.17286e-06
 Reference value :  5.17431e-06
 Reference value :  5.17576e-06
 Reference value :  5.17726e-06
 Reference value :  5.17871e-06
 Reference value :  5.18016e-06
 Reference value :  5.18161e-06
 Reference value :  5.18311e-06
 Reference value :  5.18456e-06
 Reference value :  5.18601e-06
 Reference value :  5.18746e-06
 Reference value :  5.18891e-06
 Reference value :  5.19036e-06
 Reference value :  5.19181e-06
 Reference value :  5.19316e-06
 Reference value :  5.19446e-06
 Reference value :  5.19576e-06
 Reference value :  5.19701e-06
 Reference value :  5.19821e-06
 Reference value :  5.19946e-06
 Reference value :  5.20071e-06
 Reference value :  5.20191e-06
 Reference value :  5.20321e-06
 Reference value :  5.20446e-06
 Reference value :  5.20591e-06
 Reference value :  5.20721e-06
 Reference value :  5.20851e-06
 Reference value :  5.20976e-06
 Reference value :  5.21101e-06
 Reference value :  5.21226e-06
 Reference value :  5.21356e-06
 Reference value :  5.21486e-06
 Reference value :  5.21616e-06
 Reference value :  5.21746e-06
 Reference value :  5.21876e-06
 Reference value :  5.22006e-06
 Reference value :  5.22136e-06
 Reference value :  5.22266e-06
 Reference value :  5.22396e-06
 Reference value :  5.22521e-06
 Reference value :  5.22651e-06
 Reference value :  5.22776e-06
 Reference value :  5.22906e-06
 Reference value :  5.23036e-06
 Reference value :  5.23166e-06
 Reference value :  5.23291e-06
 Reference value :  5.23421e-06
 Reference value :  5.23551e-06
 Reference value :  5.23676e-06
 Reference value :  5.23821e-06
 Reference value :  5.23961e-06
 Reference value :  5.24106e-06
 Reference value :  5.24251e-06
 Reference value :  5.24391e-06
 Reference value :  5.24531e-06
 Reference value :  5.24676e-06
 Reference value :  5.24821e-06
 Reference value :  5.24961e-06
 Reference value :  5.25101e-06
 Reference value :  5.25231e-06
 Reference value :  5.25356e-06
 Reference value :  5.25486e-06
 Reference value :  5.25611e-06
 Reference value :  5.25741e-06
 Reference value :  5.25871e-06
 Reference value :  5.26006e-06
 Reference value :  5.26151e-06
 Reference value :  5.26296e-06
 Reference value :  5.26441e-06
 Reference value :  5.26581e-06
 Reference value :  5.26731e-06
 Reference value :  5.26876e-06
 Reference value :  5.27021e-06
 Reference value :  5.27161e-06
 Reference value :  5.27301e-06
 Reference value :  5.27446e-06
 Reference value :  5.27596e-06
 Reference value :  5.27746e-06
 Reference value :  5.27891e-06
 Reference value :  5.28031e-06
 Reference value :  5.28176e-06
 Reference value :  5.28321e-06
 Reference value :  5.28461e-06
 Reference value :  5.28606e-06
 Reference value :  5.28746e-06
 Reference value :  5.28891e-06
 Reference value :  5.29036e-06
 Reference value :  5.29181e-06
 Reference value :  5.29326e-06
 Reference value :  5.29471e-06
 Reference value :  5.29616e-06
 Reference value :  5.29761e-06
 Reference value :  5.29906e-06
 Reference value :  5.30051e-06
 Reference value :  5.30196e-06
 Reference value :  5.30341e-06
 Reference value :  5.30486e-06
 Reference value :  5.30631e-06
 Reference value :  5.30776e-06
 Reference value :  5.30916e-06
 Reference value :  5.31061e-06
 Reference value :  5.31201e-06
 Reference value :  5.31346e-06
 Reference value :  5.31486e-06
 Reference value :  5.31631e-06
 Reference value :  5.31776e-06
 Reference value :  5.31921e-06
 Reference value :  5.32066e-06
 Reference value :  5.32211e-06
 Reference value :  5.32356e-06
 Reference value :  5.32501e-06
 Reference value :  5.32646e-06
 Reference value :  5.32791e-06
 Reference value :  5.32936e-06
 Reference value :  5.33081e-06
 Reference value :  5.33226e-06
 Reference value :  5.33371e-06
 Reference value :  5.33516e-06
 Reference value :  5.33661e-06
 Reference value :  5.33806e-06
 Reference value :  5.33951e-06
 Reference value :  5.34096e-06
 Reference value :  5.34246e-06
 Reference value :  5.34391e-06
 Reference value :  5.34531e-06
 Reference value :  5.34671e-06
 Reference value :  5.34811e-06
 Reference value :  5.34956e-06
 Reference value :  5.35096e-06
 Reference value :  5.35231e-06
 Reference value :  5.35361e-06
 Reference value :  5.35506e-06
 Reference value :  5.35651e-06
 Reference value :  5.35781e-06
 Reference value :  5.35911e-06
 Reference value :  5.36041e-06
 Reference value :  5.36171e-06
 Reference value :  5.36301e-06
 Reference value :  5.36431e-06
 Reference value :  5.36566e-06
 Reference value :  5.36696e-06
 Reference value :  5.36826e-06
 Reference value :  5.36956e-06
 Reference value :  5.37081e-06
 Reference value :  5.37211e-06
 Reference value :  5.37336e-06
 Reference value :  5.37461e-06
 Reference value :  5.37586e-06
 Reference value :  5.37706e-06
 Reference value :  5.37836e-06
 Reference value :  5.37966e-06
 Reference value :  5.38096e-06
 Reference value :  5.38226e-06
 Reference value :  5.38356e-06
 Reference value :  5.38481e-06
 Reference value :  5.38611e-06
 Reference value :  5.38741e-06
 Reference value :  5.38881e-06
 Reference value :  5.39026e-06
 Reference value :  5.39171e-06
 Reference value :  5.39316e-06
 Reference value :  5.39466e-06
 Reference value :  5.39611e-06
 Reference value :  5.39741e-06
 Reference value :  5.39866e-06
 Reference value :  5.39991e-06
 Reference value :  5.40126e-06
 Reference value :  5.40266e-06
 Reference value :  5.40406e-06
 Reference value :  5.40551e-06
 Reference value :  5.40696e-06
 Reference value :  5.40826e-06
 Reference value :  5.40956e-06
 Reference value :  5.41086e-06
 Reference value :  5.41216e-06
 Reference value :  5.41346e-06
 Reference value :  5.41476e-06
 Reference value :  5.41606e-06
 Reference value :  5.41736e-06
 Reference value :  5.41876e-06
No. of Data Rows : 108408
vmin_out            =  -1.01528e-03 at=  4.89896e-06
vmax_out            =  1.20200e+00 at=  5.55214e-07
Note: Simulation executed from .control section 
Warning: m=xx on .subckt line will override multiplier m hierarchy!

Note: Starting dynamic gmin stepping
Note: Dynamic gmin stepping completed
