
Note: Compatibility modes selected: hs a


Circuit: * tt_analog_ring, code 16

Doing analysis at TEMP = 27.000000 and TNOM = 27.000000

Using SPARSE 1.3 as Direct Linear Solver
 Reference value :  0.00000e+00
No. of Data Rows : 1
idd_dis=5.10561E-05 vbp= vbn= clk_dis=1.2
Doing analysis at TEMP = 27.000000 and TNOM = 27.000000

Using SPARSE 1.3 as Direct Linear Solver

Initial Transient Solution
--------------------------

Node                                   Voltage
----                                   -------
vpwr                                       1.2
code[0]                                      0
code[1]                                      0
code[2]                                      0
code[3]                                      0
code[4]                                    1.2
code[5]                                      0
code[6]                                      0
code[7]                                      0
enable                                       0
vbp                                   0.745783
clk_out                                    1.2
xdut.b1                            1.55519e-07
xdut.s3                            2.16912e-06
xdut.s2                                    1.2
xdut.n_126                                 1.2
xdut.s1                            2.16914e-06
xdut.n_125                                 1.2
xdut.s10                                   1.2
xdut.s6                                    1.2
xdut.s5                            2.16912e-06
xdut.n_128                                 1.2
xdut.s9                            2.16912e-06
xdut.n_133                                 1.2
xdut.s4                                    1.2
xdut.n_129                                 1.2
xdut.s8                                    1.2
xdut.n_132                                 1.2
xdut.s7                            2.16912e-06
xdut.n_130                                 1.2
xdut.n_127                                 1.2
xdut.n_131                                 1.2
xdut.s0                                    1.2
xdut.n_124                                 1.2
xdut.n_71                          2.07874e-06
xdut.n_72                          2.07872e-06
xdut.n_70                           2.8408e-07
xdut.n_77                          2.07872e-06
xdut.n_75                           2.8408e-07
xdut.n_73                           2.8408e-07
xdut.n_67                           2.8408e-07
xdut.n_76                           2.8408e-07
xdut.n_69                          2.07872e-06
xdut.n_74                          2.07872e-06
xdut.n_122                                 1.2
xdut.n_i1005                            1.0259
xdut.n_68                          6.13059e-07
vbn                                   0.351597
ven#branch                         7.40121e-12
vc7#branch                         4.04228e-12
vc6#branch                         2.02114e-12
vc5#branch                         1.01057e-12
vc4#branch                        -6.77552e-09
vc3#branch                         2.52643e-13
vc2#branch                         1.26321e-13
vc1#branch                         6.31607e-14
vc0#branch                         3.15803e-14
vdd#branch                        -5.10561e-05

 Reference value :  0.00000e+00
 Reference value :  2.39383e-09
 Reference value :  5.35223e-09
 Reference value :  8.08482e-09
 Reference value :  1.08671e-08
 Reference value :  1.37758e-08
 Reference value :  1.64858e-08
 Reference value :  1.94442e-08
 Reference value :  2.21768e-08
 Reference value :  2.49591e-08
 Reference value :  2.78678e-08
 Reference value :  3.05778e-08
 Reference value :  3.35362e-08
 Reference value :  3.62688e-08
 Reference value :  3.90511e-08
 Reference value :  4.19598e-08
 Reference value :  4.45795e-08
 Reference value :  4.75605e-08
 Reference value :  5.02705e-08
 Reference value :  5.31250e-08
 Reference value :  5.59615e-08
 Reference value :  5.87618e-08
 Reference value :  6.17970e-08
 Reference value :  6.47238e-08
 Reference value :  6.75242e-08
 Reference value :  7.04690e-08
 Reference value :  7.33958e-08
 Reference value :  7.61058e-08
 Reference value :  7.91320e-08
 Reference value :  8.19775e-08
 Reference value :  8.47778e-08
 Reference value :  8.77362e-08
 Reference value :  9.04688e-08
 Reference value :  9.32872e-08
 Reference value :  9.63405e-08
 Reference value :  9.90505e-08
 Reference value :  1.01905e-07
 Reference value :  1.04741e-07
 Reference value :  1.07542e-07
 Reference value :  1.09493e-07
 Reference value :  1.11584e-07
 Reference value :  1.13594e-07
 Reference value :  1.15581e-07
 Reference value :  1.17478e-07
 Reference value :  1.19375e-07
 Reference value :  1.21417e-07
 Reference value :  1.23440e-07
 Reference value :  1.25247e-07
 Reference value :  1.27144e-07
 Reference value :  1.29059e-07
 Reference value :  1.31173e-07
 Reference value :  1.33264e-07
 Reference value :  1.35184e-07
 Reference value :  1.36900e-07
 Reference value :  1.38887e-07
 Reference value :  1.40929e-07
 Reference value :  1.42862e-07
 Reference value :  1.44849e-07
 Reference value :  1.46746e-07
 Reference value :  1.48571e-07
 Reference value :  1.50676e-07
 Reference value :  1.52618e-07
 Reference value :  1.54515e-07
 Reference value :  1.56412e-07
 Reference value :  1.58291e-07
 Reference value :  1.60432e-07
 Reference value :  1.62464e-07
 Reference value :  1.64361e-07
 Reference value :  1.66168e-07
 Reference value :  1.68155e-07
 Reference value :  1.70215e-07
 Reference value :  1.72383e-07
 Reference value :  1.75382e-07
 Reference value :  1.78092e-07
 Reference value :  1.81055e-07
 Reference value :  1.84054e-07
 Reference value :  1.87035e-07
 Reference value :  1.89926e-07
 Reference value :  1.92726e-07
 Reference value :  1.95797e-07
 Reference value :  1.98507e-07
 Reference value :  2.01308e-07
 Reference value :  2.04018e-07
 Reference value :  2.06976e-07
 Reference value :  2.09889e-07
 Reference value :  2.12780e-07
 Reference value :  2.15580e-07
 Reference value :  2.18290e-07
 Reference value :  2.20910e-07
 Reference value :  2.23530e-07
 Reference value :  2.26556e-07
 Reference value :  2.29311e-07
 Reference value :  2.32039e-07
 Reference value :  2.34821e-07
 Reference value :  2.37622e-07
 Reference value :  2.40675e-07
 Reference value :  2.43832e-07
 Reference value :  2.46926e-07
 Reference value :  2.49907e-07
 Reference value :  2.52436e-07
 Reference value :  2.54875e-07
 Reference value :  2.58218e-07
 Reference value :  2.61650e-07
 Reference value :  2.64631e-07
 Reference value :  2.67974e-07
 Reference value :  2.71009e-07
 Reference value :  2.74184e-07
 Reference value :  2.77097e-07
 Reference value :  2.79807e-07
 Reference value :  2.82933e-07
 Reference value :  2.85679e-07
 Reference value :  2.88660e-07
 Reference value :  2.91623e-07
 Reference value :  2.94712e-07
 Reference value :  2.97693e-07
 Reference value :  3.00494e-07
 Reference value :  3.03384e-07
 Reference value :  3.06275e-07
 Reference value :  3.09166e-07
 Reference value :  3.12201e-07
 Reference value :  3.15037e-07
 Reference value :  3.17747e-07
 Reference value :  3.20796e-07
 Reference value :  3.23529e-07
 Reference value :  3.26419e-07
 Reference value :  3.29310e-07
 Reference value :  3.31930e-07
 Reference value :  3.34965e-07
 Reference value :  3.37982e-07
 Reference value :  3.40782e-07
 Reference value :  3.43628e-07
 Reference value :  3.46473e-07
 Reference value :  3.49111e-07
 Reference value :  3.52232e-07
 Reference value :  3.55326e-07
 Reference value :  3.58217e-07
 Reference value :  3.60981e-07
 Reference value :  3.63998e-07
 Reference value :  3.66979e-07
 Reference value :  3.69779e-07
 Reference value :  3.72905e-07
 Reference value :  3.76080e-07
 Reference value :  3.78722e-07
 Reference value :  3.81595e-07
 Reference value :  3.84504e-07
 Reference value :  3.87304e-07
 Reference value :  3.90267e-07
 Reference value :  3.93266e-07
 Reference value :  3.96157e-07
 Reference value :  3.98939e-07
 Reference value :  4.02028e-07
 Reference value :  4.05009e-07
 Reference value :  4.07593e-07
 Reference value :  4.10520e-07
 Reference value :  4.13230e-07
 Reference value :  4.16256e-07
 Reference value :  4.19011e-07
 Reference value :  4.21739e-07
 Reference value :  4.24860e-07
 Reference value :  4.27773e-07
 Reference value :  4.30754e-07
 Reference value :  4.33735e-07
 Reference value :  4.36626e-07
 Reference value :  4.39607e-07
 Reference value :  4.42204e-07
 Reference value :  4.45117e-07
 Reference value :  4.48008e-07
 Reference value :  4.50971e-07
 Reference value :  4.53880e-07
 Reference value :  4.56499e-07
 Reference value :  4.59625e-07
 Reference value :  4.62461e-07
 Reference value :  4.65171e-07
 Reference value :  4.67972e-07
 Reference value :  4.70772e-07
 Reference value :  4.73572e-07
 Reference value :  4.75808e-07
 Reference value :  4.78992e-07
 Reference value :  4.81973e-07
 Reference value :  4.85135e-07
 Reference value :  4.88116e-07
 Reference value :  4.90555e-07
 Reference value :  4.92904e-07
 Reference value :  4.95162e-07
 Reference value :  4.97330e-07
 Reference value :  4.99588e-07
 Reference value :  5.01824e-07
 Reference value :  5.04060e-07
 Reference value :  5.06237e-07
 Reference value :  5.08423e-07
 Reference value :  5.10627e-07
 Reference value :  5.12867e-07
 Reference value :  5.15126e-07
 Reference value :  5.17384e-07
 Reference value :  5.19642e-07
 Reference value :  5.21901e-07
 Reference value :  5.24069e-07
 Reference value :  5.26959e-07
 Reference value :  5.29940e-07
 Reference value :  5.32253e-07
 Reference value :  5.34999e-07
 Reference value :  5.38341e-07
 Reference value :  5.41232e-07
 Reference value :  5.44394e-07
 Reference value :  5.47917e-07
 Reference value :  5.50807e-07
 Reference value :  5.53933e-07
 Reference value :  5.56860e-07
 Reference value :  5.59660e-07
 Reference value :  5.62731e-07
 Reference value :  5.65712e-07
 Reference value :  5.68513e-07
 Reference value :  5.71331e-07
 Reference value :  5.74520e-07
 Reference value :  5.77636e-07
 Reference value :  5.80437e-07
 Reference value :  5.83418e-07
 Reference value :  5.86471e-07
 Reference value :  5.89470e-07
 Reference value :  5.92270e-07
 Reference value :  5.95125e-07
 Reference value :  5.98052e-07
 Reference value :  6.00852e-07
 Reference value :  6.03815e-07
 Reference value :  6.05983e-07
 Reference value :  6.08151e-07
 Reference value :  6.10355e-07
 Reference value :  6.12523e-07
 Reference value :  6.14763e-07
 Reference value :  6.17022e-07
 Reference value :  6.19280e-07
 Reference value :  6.21538e-07
 Reference value :  6.23706e-07
 Reference value :  6.25874e-07
 Reference value :  6.28133e-07
 Reference value :  6.30391e-07
 Reference value :  6.32649e-07
 Reference value :  6.34727e-07
 Reference value :  6.36985e-07
 Reference value :  6.39153e-07
 Reference value :  6.41412e-07
 Reference value :  6.43670e-07
 Reference value :  6.45838e-07
 Reference value :  6.48006e-07
 Reference value :  6.50264e-07
 Reference value :  6.52500e-07
 Reference value :  6.54668e-07
 Reference value :  6.56836e-07
 Reference value :  6.59081e-07
 Reference value :  6.61267e-07
 Reference value :  6.63417e-07
 Reference value :  6.65585e-07
 Reference value :  6.67771e-07
 Reference value :  6.69939e-07
 Reference value :  6.72107e-07
 Reference value :  6.74311e-07
 Reference value :  6.76479e-07
 Reference value :  6.78719e-07
 Reference value :  6.80887e-07
 Reference value :  6.83146e-07
 Reference value :  6.85404e-07
 Reference value :  6.87662e-07
 Reference value :  6.89830e-07
 Reference value :  6.91998e-07
 Reference value :  6.94257e-07
 Reference value :  6.96425e-07
 Reference value :  6.98593e-07
 Reference value :  7.00851e-07
 Reference value :  7.03019e-07
 Reference value :  7.05277e-07
 Reference value :  7.07536e-07
 Reference value :  7.09704e-07
 Reference value :  7.11872e-07
 Reference value :  7.14220e-07
 Reference value :  7.16524e-07
 Reference value :  7.18624e-07
 Reference value :  7.20860e-07
 Reference value :  7.23037e-07
 Reference value :  7.25223e-07
 Reference value :  7.27427e-07
 Reference value :  7.29667e-07
 Reference value :  7.31835e-07
 Reference value :  7.34726e-07
 Reference value :  7.37120e-07
 Reference value :  7.39297e-07
 Reference value :  7.41483e-07
 Reference value :  7.43651e-07
 Reference value :  7.45819e-07
 Reference value :  7.48023e-07
 Reference value :  7.50263e-07
 Reference value :  7.52431e-07
 Reference value :  7.54690e-07
 Reference value :  7.56858e-07
 Reference value :  7.58935e-07
 Reference value :  7.61194e-07
 Reference value :  7.63362e-07
 Reference value :  7.65620e-07
 Reference value :  7.67788e-07
 Reference value :  7.70137e-07
 Reference value :  7.72395e-07
 Reference value :  7.74473e-07
 Reference value :  7.76731e-07
 Reference value :  7.78989e-07
 Reference value :  7.81157e-07
 Reference value :  7.83416e-07
 Reference value :  7.85584e-07
 Reference value :  7.87842e-07
 Reference value :  7.90010e-07
 Reference value :  7.92268e-07
 Reference value :  7.94504e-07
 Reference value :  7.96672e-07
 Reference value :  7.98908e-07
 Reference value :  8.01008e-07
 Reference value :  8.03253e-07
 Reference value :  8.05439e-07
 Reference value :  8.07643e-07
 Reference value :  8.09811e-07
 Reference value :  8.11979e-07
 Reference value :  8.14219e-07
 Reference value :  8.16478e-07
 Reference value :  8.18736e-07
 Reference value :  8.20994e-07
 Reference value :  8.23903e-07
 Reference value :  8.26234e-07
 Reference value :  8.28402e-07
 Reference value :  8.30570e-07
 Reference value :  8.32828e-07
 Reference value :  8.35086e-07
 Reference value :  8.37345e-07
 Reference value :  8.39513e-07
 Reference value :  8.41771e-07
 Reference value :  8.44029e-07
 Reference value :  8.46288e-07
 Reference value :  8.48546e-07
 Reference value :  8.50804e-07
 Reference value :  8.53040e-07
 Reference value :  8.55276e-07
 Reference value :  8.57453e-07
 Reference value :  8.59675e-07
 Reference value :  8.61843e-07
 Reference value :  8.64083e-07
 Reference value :  8.66432e-07
 Reference value :  8.69377e-07
 Reference value :  8.72484e-07
 Reference value :  8.75194e-07
 Reference value :  8.78067e-07
 Reference value :  8.81224e-07
 Reference value :  8.84047e-07
 Reference value :  8.86938e-07
 Reference value :  8.89964e-07
 Reference value :  8.92900e-07
 Reference value :  8.95790e-07
 Reference value :  8.98771e-07
 Reference value :  9.01820e-07
 Reference value :  9.04733e-07
 Reference value :  9.07534e-07
 Reference value :  9.10569e-07
 Reference value :  9.13676e-07
 Reference value :  9.16296e-07
 Reference value :  9.18645e-07
 Reference value :  9.20903e-07
 Reference value :  9.23161e-07
 Reference value :  9.25420e-07
 Reference value :  9.27678e-07
 Reference value :  9.30749e-07
 Reference value :  9.33640e-07
 Reference value :  9.36576e-07
 Reference value :  9.39602e-07
 Reference value :  9.42493e-07
 Reference value :  9.45383e-07
 Reference value :  9.48500e-07
 Reference value :  9.51526e-07
 Reference value :  9.54417e-07
 Reference value :  9.57578e-07
 Reference value :  9.60740e-07
 Reference value :  9.63089e-07
 Reference value :  9.65347e-07
 Reference value :  9.67515e-07
 Reference value :  9.69773e-07
 Reference value :  9.72032e-07
 Reference value :  9.74290e-07
 Reference value :  9.76458e-07
 Reference value :  9.78716e-07
 Reference value :  9.80952e-07
 Reference value :  9.83188e-07
 Reference value :  9.85383e-07
 Reference value :  9.87551e-07
 Reference value :  9.89755e-07
 Reference value :  9.92086e-07
 Reference value :  9.94344e-07
 Reference value :  9.96422e-07
 Reference value :  9.98590e-07
 Reference value :  1.00085e-06
 Reference value :  1.00311e-06
 Reference value :  1.00536e-06
 Reference value :  1.00762e-06
 Reference value :  1.00988e-06
 Reference value :  1.01214e-06
 Reference value :  1.01431e-06
 Reference value :  1.01682e-06
 Reference value :  1.01973e-06
 Reference value :  1.02271e-06
 Reference value :  1.02546e-06
 Reference value :  1.02795e-06
 Reference value :  1.03075e-06
 Reference value :  1.03306e-06
 Reference value :  1.03581e-06
 Reference value :  1.03897e-06
 Reference value :  1.04240e-06
 Reference value :  1.04574e-06
 Reference value :  1.04909e-06
 Reference value :  1.05225e-06
 Reference value :  1.05532e-06
 Reference value :  1.05812e-06
 Reference value :  1.06110e-06
 Reference value :  1.06399e-06
 Reference value :  1.06679e-06
 Reference value :  1.06994e-06
 Reference value :  1.07316e-06
 Reference value :  1.07601e-06
 Reference value :  1.07926e-06
 Reference value :  1.08215e-06
 Reference value :  1.08558e-06
 Reference value :  1.08874e-06
 Reference value :  1.09118e-06
 Reference value :  1.09344e-06
 Reference value :  1.09561e-06
 Reference value :  1.09769e-06
 Reference value :  1.09985e-06
 Reference value :  1.10202e-06
 Reference value :  1.10428e-06
 Reference value :  1.10645e-06
 Reference value :  1.10871e-06
 Reference value :  1.11096e-06
 Reference value :  1.11320e-06
 Reference value :  1.11544e-06
 Reference value :  1.11761e-06
 Reference value :  1.11980e-06
 Reference value :  1.12197e-06
 Reference value :  1.12417e-06
 Reference value :  1.12634e-06
 Reference value :  1.12867e-06
 Reference value :  1.13093e-06
 Reference value :  1.13301e-06
 Reference value :  1.13526e-06
 Reference value :  1.13752e-06
 Reference value :  1.13978e-06
 Reference value :  1.14204e-06
 Reference value :  1.14430e-06
 Reference value :  1.14647e-06
 Reference value :  1.14872e-06
 Reference value :  1.15122e-06
 Reference value :  1.15405e-06
 Reference value :  1.15685e-06
 Reference value :  1.16029e-06
 Reference value :  1.16327e-06
 Reference value :  1.16670e-06
 Reference value :  1.16965e-06
 Reference value :  1.17230e-06
 Reference value :  1.17456e-06
 Reference value :  1.17682e-06
 Reference value :  1.17908e-06
 Reference value :  1.18179e-06
 Reference value :  1.18495e-06
 Reference value :  1.18806e-06
 Reference value :  1.19125e-06
 Reference value :  1.19450e-06
 Reference value :  1.19759e-06
 Reference value :  1.20067e-06
 Reference value :  1.20410e-06
 Reference value :  1.20699e-06
 Reference value :  1.21024e-06
 Reference value :  1.21331e-06
 Reference value :  1.21656e-06
 Reference value :  1.21991e-06
 Reference value :  1.22298e-06
 Reference value :  1.22632e-06
 Reference value :  1.22928e-06
 Reference value :  1.23254e-06
 Reference value :  1.23582e-06
 Reference value :  1.23894e-06
 Reference value :  1.24213e-06
 Reference value :  1.24511e-06
 Reference value :  1.24809e-06
 Reference value :  1.25107e-06
 Reference value :  1.25419e-06
 Reference value :  1.25721e-06
 Reference value :  1.26001e-06
 Reference value :  1.26292e-06
 Reference value :  1.26611e-06
 Reference value :  1.26914e-06
 Reference value :  1.27212e-06
 Reference value :  1.27501e-06
 Reference value :  1.27844e-06
 Reference value :  1.28178e-06
 Reference value :  1.28495e-06
 Reference value :  1.28829e-06
 Reference value :  1.29145e-06
 Reference value :  1.29479e-06
 Reference value :  1.29795e-06
 Reference value :  1.30083e-06
 Reference value :  1.30408e-06
 Reference value :  1.30730e-06
 Reference value :  1.31057e-06
 Reference value :  1.31358e-06
 Reference value :  1.31692e-06
 Reference value :  1.32009e-06
 Reference value :  1.32307e-06
 Reference value :  1.32632e-06
 Reference value :  1.32912e-06
 Reference value :  1.33217e-06
 Reference value :  1.33490e-06
 Reference value :  1.33797e-06
 Reference value :  1.34113e-06
 Reference value :  1.34416e-06
 Reference value :  1.34719e-06
 Reference value :  1.35026e-06
 Reference value :  1.35360e-06
 Reference value :  1.35595e-06
 Reference value :  1.35818e-06
 Reference value :  1.36042e-06
 Reference value :  1.36259e-06
 Reference value :  1.36476e-06
 Reference value :  1.36692e-06
 Reference value :  1.36902e-06
 Reference value :  1.37119e-06
 Reference value :  1.37336e-06
 Reference value :  1.37546e-06
 Reference value :  1.37763e-06
 Reference value :  1.37980e-06
 Reference value :  1.38187e-06
 Reference value :  1.38395e-06
 Reference value :  1.38612e-06
 Reference value :  1.38838e-06
 Reference value :  1.39055e-06
 Reference value :  1.39271e-06
 Reference value :  1.39488e-06
 Reference value :  1.39714e-06
 Reference value :  1.39938e-06
 Reference value :  1.40161e-06
 Reference value :  1.40379e-06
 Reference value :  1.40598e-06
 Reference value :  1.40818e-06
 Reference value :  1.41031e-06
 Reference value :  1.41252e-06
 Reference value :  1.41476e-06
 Reference value :  1.41701e-06
 Reference value :  1.41927e-06
 Reference value :  1.42144e-06
 Reference value :  1.42370e-06
 Reference value :  1.42587e-06
 Reference value :  1.42803e-06
 Reference value :  1.43020e-06
 Reference value :  1.43246e-06
 Reference value :  1.43472e-06
 Reference value :  1.43680e-06
 Reference value :  1.43896e-06
 Reference value :  1.44122e-06
 Reference value :  1.44339e-06
 Reference value :  1.44565e-06
 Reference value :  1.44791e-06
 Reference value :  1.45089e-06
 Reference value :  1.45414e-06
 Reference value :  1.45712e-06
 Reference value :  1.46055e-06
 Reference value :  1.46343e-06
 Reference value :  1.46666e-06
 Reference value :  1.46991e-06
 Reference value :  1.47302e-06
 Reference value :  1.47618e-06
 Reference value :  1.47880e-06
 Reference value :  1.48196e-06
 Reference value :  1.48494e-06
 Reference value :  1.48784e-06
 Reference value :  1.49091e-06
 Reference value :  1.49376e-06
 Reference value :  1.49678e-06
 Reference value :  1.49924e-06
 Reference value :  1.50220e-06
 Reference value :  1.50554e-06
 Reference value :  1.50834e-06
 Reference value :  1.51177e-06
 Reference value :  1.51484e-06
 Reference value :  1.51828e-06
 Reference value :  1.52144e-06
 Reference value :  1.52460e-06
 Reference value :  1.52803e-06
 Reference value :  1.53101e-06
 Reference value :  1.53427e-06
 Reference value :  1.53718e-06
 Reference value :  1.54039e-06
 Reference value :  1.54375e-06
 Reference value :  1.54688e-06
 Reference value :  1.54980e-06
 Reference value :  1.55278e-06
 Reference value :  1.55568e-06
 Reference value :  1.55882e-06
 Reference value :  1.56191e-06
 Reference value :  1.56480e-06
 Reference value :  1.56733e-06
 Reference value :  1.56956e-06
 Reference value :  1.57181e-06
 Reference value :  1.57400e-06
 Reference value :  1.57616e-06
 Reference value :  1.57837e-06
 Reference value :  1.58061e-06
 Reference value :  1.58287e-06
 Reference value :  1.58512e-06
 Reference value :  1.58738e-06
 Reference value :  1.59009e-06
 Reference value :  1.59241e-06
 Reference value :  1.59459e-06
 Reference value :  1.59676e-06
 Reference value :  1.59913e-06
 Reference value :  1.60138e-06
 Reference value :  1.60355e-06
 Reference value :  1.60581e-06
 Reference value :  1.60859e-06
 Reference value :  1.61192e-06
 Reference value :  1.61475e-06
 Reference value :  1.61701e-06
 Reference value :  1.61927e-06
 Reference value :  1.62153e-06
 Reference value :  1.62376e-06
 Reference value :  1.62600e-06
 Reference value :  1.62839e-06
 Reference value :  1.63135e-06
 Reference value :  1.63445e-06
 Reference value :  1.63743e-06
 Reference value :  1.64023e-06
 Reference value :  1.64337e-06
 Reference value :  1.64619e-06
 Reference value :  1.64926e-06
 Reference value :  1.65208e-06
 Reference value :  1.65530e-06
 Reference value :  1.65838e-06
 Reference value :  1.66100e-06
 Reference value :  1.66417e-06
 Reference value :  1.66726e-06
 Reference value :  1.67022e-06
 Reference value :  1.67293e-06
 Reference value :  1.67580e-06
 Reference value :  1.67898e-06
 Reference value :  1.68196e-06
 Reference value :  1.68539e-06
 Reference value :  1.68865e-06
 Reference value :  1.69163e-06
 Reference value :  1.69470e-06
 Reference value :  1.69761e-06
 Reference value :  1.70080e-06
 Reference value :  1.70382e-06
 Reference value :  1.70653e-06
 Reference value :  1.70969e-06
 Reference value :  1.71272e-06
 Reference value :  1.71566e-06
 Reference value :  1.71864e-06
 Reference value :  1.72146e-06
 Reference value :  1.72458e-06
 Reference value :  1.72731e-06
 Reference value :  1.73009e-06
 Reference value :  1.73282e-06
 Reference value :  1.73571e-06
 Reference value :  1.73880e-06
 Reference value :  1.74185e-06
 Reference value :  1.74501e-06
 Reference value :  1.74790e-06
 Reference value :  1.75080e-06
 Reference value :  1.75360e-06
 Reference value :  1.75585e-06
 Reference value :  1.75811e-06
 Reference value :  1.76035e-06
 Reference value :  1.76252e-06
 Reference value :  1.76476e-06
 Reference value :  1.76698e-06
 Reference value :  1.76915e-06
 Reference value :  1.77132e-06
 Reference value :  1.77365e-06
 Reference value :  1.77591e-06
 Reference value :  1.77826e-06
 Reference value :  1.78052e-06
 Reference value :  1.78277e-06
 Reference value :  1.78503e-06
 Reference value :  1.78729e-06
 Reference value :  1.78955e-06
 Reference value :  1.79185e-06
 Reference value :  1.79403e-06
 Reference value :  1.79622e-06
 Reference value :  1.79838e-06
 Reference value :  1.80059e-06
 Reference value :  1.80283e-06
 Reference value :  1.80509e-06
 Reference value :  1.80752e-06
 Reference value :  1.81031e-06
 Reference value :  1.81340e-06
 Reference value :  1.81629e-06
 Reference value :  1.81902e-06
 Reference value :  1.82243e-06
 Reference value :  1.82546e-06
 Reference value :  1.82839e-06
 Reference value :  1.83119e-06
 Reference value :  1.83414e-06
 Reference value :  1.83715e-06
 Reference value :  1.84004e-06
 Reference value :  1.84286e-06
 Reference value :  1.84583e-06
 Reference value :  1.84863e-06
 Reference value :  1.85148e-06
 Reference value :  1.85378e-06
 Reference value :  1.85603e-06
 Reference value :  1.85820e-06
 Reference value :  1.86046e-06
 Reference value :  1.86272e-06
 Reference value :  1.86498e-06
 Reference value :  1.86724e-06
 Reference value :  1.86949e-06
 Reference value :  1.87166e-06
 Reference value :  1.87383e-06
 Reference value :  1.87647e-06
 Reference value :  1.87967e-06
 Reference value :  1.88259e-06
 Reference value :  1.88584e-06
 Reference value :  1.88864e-06
 Reference value :  1.89158e-06
 Reference value :  1.89461e-06
 Reference value :  1.89700e-06
 Reference value :  1.89918e-06
 Reference value :  1.90140e-06
 Reference value :  1.90364e-06
 Reference value :  1.90599e-06
 Reference value :  1.90816e-06
 Reference value :  1.91050e-06
 Reference value :  1.91267e-06
 Reference value :  1.91466e-06
 Reference value :  1.91665e-06
 Reference value :  1.91871e-06
 Reference value :  1.92085e-06
 Reference value :  1.92279e-06
 Reference value :  1.92469e-06
 Reference value :  1.92658e-06
 Reference value :  1.92846e-06
 Reference value :  1.93060e-06
 Reference value :  1.93264e-06
 Reference value :  1.93453e-06
 Reference value :  1.93634e-06
 Reference value :  1.93826e-06
 Reference value :  1.94036e-06
 Reference value :  1.94221e-06
 Reference value :  1.94411e-06
 Reference value :  1.94601e-06
 Reference value :  1.94796e-06
 Reference value :  1.94998e-06
 Reference value :  1.95188e-06
 Reference value :  1.95377e-06
 Reference value :  1.95567e-06
 Reference value :  1.95773e-06
 Reference value :  1.95987e-06
 Reference value :  1.96181e-06
 Reference value :  1.96371e-06
 Reference value :  1.96570e-06
 Reference value :  1.96760e-06
 Reference value :  1.96964e-06
 Reference value :  1.97157e-06
 Reference value :  1.97347e-06
 Reference value :  1.97536e-06
 Reference value :  1.97735e-06
 Reference value :  1.97939e-06
 Reference value :  1.98148e-06
 Reference value :  1.98331e-06
 Reference value :  1.98521e-06
 Reference value :  1.98720e-06
 Reference value :  1.98917e-06
 Reference value :  1.99153e-06
 Reference value :  1.99442e-06
 Reference value :  1.99750e-06
 Reference value :  2.00057e-06
 Reference value :  2.00337e-06
 Reference value :  2.00642e-06
 Reference value :  2.00915e-06
 Reference value :  2.01204e-06
 Reference value :  2.01517e-06
 Reference value :  2.01809e-06
 Reference value :  2.02107e-06
 Reference value :  2.02376e-06
 Reference value :  2.02602e-06
 Reference value :  2.02819e-06
 Reference value :  2.03040e-06
 Reference value :  2.03256e-06
 Reference value :  2.03473e-06
 Reference value :  2.03690e-06
 Reference value :  2.03907e-06
 Reference value :  2.04140e-06
 Reference value :  2.04366e-06
 Reference value :  2.04582e-06
 Reference value :  2.04799e-06
 Reference value :  2.05016e-06
 Reference value :  2.05233e-06
 Reference value :  2.05459e-06
 Reference value :  2.05675e-06
 Reference value :  2.05901e-06
 Reference value :  2.06118e-06
 Reference value :  2.06344e-06
 Reference value :  2.06624e-06
 Reference value :  2.06938e-06
 Reference value :  2.07254e-06
 Reference value :  2.07545e-06
 Reference value :  2.07871e-06
 Reference value :  2.08169e-06
 Reference value :  2.08467e-06
 Reference value :  2.08781e-06
 Reference value :  2.09090e-06
 Reference value :  2.09379e-06
 Reference value :  2.09652e-06
 Reference value :  2.09971e-06
 Reference value :  2.10228e-06
 Reference value :  2.10454e-06
 Reference value :  2.10689e-06
 Reference value :  2.10915e-06
 Reference value :  2.11141e-06
 Reference value :  2.11366e-06
 Reference value :  2.11590e-06
 Reference value :  2.11814e-06
 Reference value :  2.12031e-06
 Reference value :  2.12254e-06
 Reference value :  2.12478e-06
 Reference value :  2.12703e-06
 Reference value :  2.12911e-06
 Reference value :  2.13137e-06
 Reference value :  2.13363e-06
 Reference value :  2.13589e-06
 Reference value :  2.13805e-06
 Reference value :  2.14031e-06
 Reference value :  2.14248e-06
 Reference value :  2.14483e-06
 Reference value :  2.14734e-06
 Reference value :  2.15016e-06
 Reference value :  2.15323e-06
 Reference value :  2.15614e-06
 Reference value :  2.15939e-06
 Reference value :  2.16244e-06
 Reference value :  2.16478e-06
 Reference value :  2.16786e-06
 Reference value :  2.17085e-06
 Reference value :  2.17374e-06
 Reference value :  2.17667e-06
 Reference value :  2.17961e-06
 Reference value :  2.18250e-06
 Reference value :  2.18534e-06
 Reference value :  2.18853e-06
 Reference value :  2.19135e-06
 Reference value :  2.19424e-06
 Reference value :  2.19720e-06
 Reference value :  2.20029e-06
 Reference value :  2.20318e-06
 Reference value :  2.20595e-06
 Reference value :  2.20919e-06
 Reference value :  2.21222e-06
 Reference value :  2.21511e-06
 Reference value :  2.21827e-06
 Reference value :  2.22113e-06
 Reference value :  2.22423e-06
 Reference value :  2.22703e-06
 Reference value :  2.22992e-06
 Reference value :  2.23307e-06
 Reference value :  2.23629e-06
 Reference value :  2.23954e-06
 Reference value :  2.24266e-06
 Reference value :  2.24591e-06
 Reference value :  2.24931e-06
 Reference value :  2.25215e-06
 Reference value :  2.25504e-06
 Reference value :  2.25797e-06
 Reference value :  2.26073e-06
 Reference value :  2.26362e-06
 Reference value :  2.26664e-06
 Reference value :  2.26949e-06
 Reference value :  2.27238e-06
 Reference value :  2.27534e-06
 Reference value :  2.27825e-06
 Reference value :  2.28105e-06
 Reference value :  2.28400e-06
 Reference value :  2.28674e-06
 Reference value :  2.28954e-06
 Reference value :  2.29259e-06
 Reference value :  2.29532e-06
 Reference value :  2.29811e-06
 Reference value :  2.30111e-06
 Reference value :  2.30458e-06
 Reference value :  2.30770e-06
 Reference value :  2.31109e-06
 Reference value :  2.31434e-06
 Reference value :  2.31691e-06
 Reference value :  2.32035e-06
 Reference value :  2.32308e-06
 Reference value :  2.32640e-06
 Reference value :  2.32954e-06
 Reference value :  2.33263e-06
 Reference value :  2.33595e-06
 Reference value :  2.33896e-06
 Reference value :  2.34239e-06
 Reference value :  2.34564e-06
 Reference value :  2.34889e-06
 Reference value :  2.35196e-06
 Reference value :  2.35504e-06
 Reference value :  2.35856e-06
 Reference value :  2.36172e-06
 Reference value :  2.36479e-06
 Reference value :  2.36768e-06
 Reference value :  2.37072e-06
 Reference value :  2.37410e-06
 Reference value :  2.37721e-06
 Reference value :  2.38015e-06
 Reference value :  2.38340e-06
 Reference value :  2.38620e-06
 Reference value :  2.38915e-06
 Reference value :  2.39207e-06
 Reference value :  2.39514e-06
 Reference value :  2.39821e-06
 Reference value :  2.40120e-06
 Reference value :  2.40454e-06
 Reference value :  2.40763e-06
 Reference value :  2.41082e-06
 Reference value :  2.41375e-06
 Reference value :  2.41691e-06
 Reference value :  2.42026e-06
 Reference value :  2.42333e-06
 Reference value :  2.42622e-06
 Reference value :  2.42965e-06
 Reference value :  2.43299e-06
 Reference value :  2.43643e-06
 Reference value :  2.43959e-06
 Reference value :  2.44275e-06
 Reference value :  2.44557e-06
 Reference value :  2.44876e-06
 Reference value :  2.45151e-06
 Reference value :  2.45458e-06
 Reference value :  2.45774e-06
 Reference value :  2.46061e-06
 Reference value :  2.46362e-06
 Reference value :  2.46660e-06
 Reference value :  2.46942e-06
 Reference value :  2.47247e-06
 Reference value :  2.47509e-06
 Reference value :  2.47816e-06
 Reference value :  2.48129e-06
 Reference value :  2.48412e-06
 Reference value :  2.48728e-06
 Reference value :  2.49001e-06
 Reference value :  2.49306e-06
 Reference value :  2.49568e-06
 Reference value :  2.49855e-06
 Reference value :  2.50147e-06
 Reference value :  2.50427e-06
 Reference value :  2.50730e-06
 Reference value :  2.51048e-06
 Reference value :  2.51366e-06
 Reference value :  2.51664e-06
 Reference value :  2.51971e-06
 Reference value :  2.52260e-06
 Reference value :  2.52565e-06
 Reference value :  2.52857e-06
 Reference value :  2.53155e-06
 Reference value :  2.53446e-06
 Reference value :  2.53765e-06
 Reference value :  2.54083e-06
 Reference value :  2.54383e-06
 Reference value :  2.54681e-06
 Reference value :  2.54988e-06
 Reference value :  2.55305e-06
 Reference value :  2.55610e-06
 Reference value :  2.55901e-06
 Reference value :  2.56181e-06
 Reference value :  2.56434e-06
 Reference value :  2.56660e-06
 Reference value :  2.56876e-06
 Reference value :  2.57093e-06
 Reference value :  2.57310e-06
 Reference value :  2.57536e-06
 Reference value :  2.57753e-06
 Reference value :  2.57978e-06
 Reference value :  2.58202e-06
 Reference value :  2.58426e-06
 Reference value :  2.58636e-06
 Reference value :  2.58852e-06
 Reference value :  2.59069e-06
 Reference value :  2.59279e-06
 Reference value :  2.59496e-06
 Reference value :  2.59726e-06
 Reference value :  2.59943e-06
 Reference value :  2.60163e-06
 Reference value :  2.60390e-06
 Reference value :  2.60607e-06
 Reference value :  2.60833e-06
 Reference value :  2.61050e-06
 Reference value :  2.61276e-06
 Reference value :  2.61501e-06
 Reference value :  2.61727e-06
 Reference value :  2.61953e-06
 Reference value :  2.62188e-06
 Reference value :  2.62414e-06
 Reference value :  2.62631e-06
 Reference value :  2.62856e-06
 Reference value :  2.63080e-06
 Reference value :  2.63304e-06
 Reference value :  2.63523e-06
 Reference value :  2.63744e-06
 Reference value :  2.63968e-06
 Reference value :  2.64193e-06
 Reference value :  2.64419e-06
 Reference value :  2.64645e-06
 Reference value :  2.64871e-06
 Reference value :  2.65097e-06
 Reference value :  2.65332e-06
 Reference value :  2.65548e-06
 Reference value :  2.65774e-06
 Reference value :  2.66007e-06
 Reference value :  2.66230e-06
 Reference value :  2.66448e-06
 Reference value :  2.66667e-06
 Reference value :  2.66887e-06
 Reference value :  2.67111e-06
 Reference value :  2.67337e-06
 Reference value :  2.67563e-06
 Reference value :  2.67798e-06
 Reference value :  2.68024e-06
 Reference value :  2.68240e-06
 Reference value :  2.68466e-06
 Reference value :  2.68683e-06
 Reference value :  2.68909e-06
 Reference value :  2.69135e-06
 Reference value :  2.69351e-06
 Reference value :  2.69568e-06
 Reference value :  2.69785e-06
 Reference value :  2.70011e-06
 Reference value :  2.70228e-06
 Reference value :  2.70451e-06
 Reference value :  2.70676e-06
 Reference value :  2.70893e-06
 Reference value :  2.71102e-06
 Reference value :  2.71285e-06
 Reference value :  2.71456e-06
 Reference value :  2.71650e-06
 Reference value :  2.71836e-06
 Reference value :  2.72025e-06
 Reference value :  2.72215e-06
 Reference value :  2.72412e-06
 Reference value :  2.72619e-06
 Reference value :  2.72811e-06
 Reference value :  2.73001e-06
 Reference value :  2.73200e-06
 Reference value :  2.73453e-06
 Reference value :  2.73716e-06
 Reference value :  2.74036e-06
 Reference value :  2.74363e-06
 Reference value :  2.74679e-06
 Reference value :  2.74988e-06
 Reference value :  2.75304e-06
 Reference value :  2.75575e-06
 Reference value :  2.75881e-06
 Reference value :  2.76101e-06
 Reference value :  2.76343e-06
 Reference value :  2.76659e-06
 Reference value :  2.76885e-06
 Reference value :  2.77180e-06
 Reference value :  2.77463e-06
 Reference value :  2.77780e-06
 Reference value :  2.78096e-06
 Reference value :  2.78394e-06
 Reference value :  2.78710e-06
 Reference value :  2.79023e-06
 Reference value :  2.79306e-06
 Reference value :  2.79577e-06
 Reference value :  2.79889e-06
 Reference value :  2.80191e-06
 Reference value :  2.80471e-06
 Reference value :  2.80770e-06
 Reference value :  2.81081e-06
 Reference value :  2.81393e-06
 Reference value :  2.81673e-06
 Reference value :  2.81951e-06
 Reference value :  2.82233e-06
 Reference value :  2.82513e-06
 Reference value :  2.82809e-06
 Reference value :  2.83073e-06
 Reference value :  2.83344e-06
 Reference value :  2.83568e-06
 Reference value :  2.83859e-06
 Reference value :  2.84148e-06
 Reference value :  2.84444e-06
 Reference value :  2.84753e-06
 Reference value :  2.85015e-06
 Reference value :  2.85312e-06
 Reference value :  2.85634e-06
 Reference value :  2.85882e-06
 Reference value :  2.86169e-06
 Reference value :  2.86442e-06
 Reference value :  2.86721e-06
 Reference value :  2.87036e-06
 Reference value :  2.87328e-06
 Reference value :  2.87599e-06
 Reference value :  2.87904e-06
 Reference value :  2.88134e-06
 Reference value :  2.88347e-06
 Reference value :  2.88561e-06
 Reference value :  2.88778e-06
 Reference value :  2.88988e-06
 Reference value :  2.89198e-06
 Reference value :  2.89451e-06
 Reference value :  2.89731e-06
 Reference value :  2.90002e-06
 Reference value :  2.90288e-06
 Reference value :  2.90544e-06
 Reference value :  2.90869e-06
 Reference value :  2.91169e-06
 Reference value :  2.91490e-06
 Reference value :  2.91718e-06
 Reference value :  2.91971e-06
 Reference value :  2.92215e-06
 Reference value :  2.92513e-06
 Reference value :  2.92811e-06
 Reference value :  2.93116e-06
 Reference value :  2.93439e-06
 Reference value :  2.93741e-06
 Reference value :  2.94021e-06
 Reference value :  2.94329e-06
 Reference value :  2.94631e-06
 Reference value :  2.94916e-06
 Reference value :  2.95196e-06
 Reference value :  2.95501e-06
 Reference value :  2.95817e-06
 Reference value :  2.96040e-06
 Reference value :  2.96258e-06
 Reference value :  2.96551e-06
 Reference value :  2.96885e-06
 Reference value :  2.97192e-06
 Reference value :  2.97490e-06
 Reference value :  2.97781e-06
 Reference value :  2.98077e-06
 Reference value :  2.98385e-06
 Reference value :  2.98674e-06
 Reference value :  2.98974e-06
 Reference value :  2.99286e-06
 Reference value :  2.99577e-06
 Reference value :  2.99848e-06
 Reference value :  3.00153e-06
 Reference value :  3.00426e-06
 Reference value :  3.00742e-06
 Reference value :  3.01040e-06
 Reference value :  3.01366e-06
 Reference value :  3.01678e-06
 Reference value :  3.01996e-06
 Reference value :  3.02296e-06
 Reference value :  3.02567e-06
 Reference value :  3.02872e-06
 Reference value :  3.03181e-06
 Reference value :  3.03461e-06
 Reference value :  3.03759e-06
 Reference value :  3.04063e-06
 Reference value :  3.04365e-06
 Reference value :  3.04654e-06
 Reference value :  3.04952e-06
 Reference value :  3.05255e-06
 Reference value :  3.05548e-06
 Reference value :  3.05846e-06
 Reference value :  3.06124e-06
 Reference value :  3.06440e-06
 Reference value :  3.06740e-06
 Reference value :  3.07020e-06
 Reference value :  3.07264e-06
 Reference value :  3.07537e-06
 Reference value :  3.07833e-06
 Reference value :  3.08122e-06
 Reference value :  3.08421e-06
 Reference value :  3.08724e-06
 Reference value :  3.09017e-06
 Reference value :  3.09315e-06
 Reference value :  3.09590e-06
 Reference value :  3.09893e-06
 Reference value :  3.10191e-06
 Reference value :  3.10489e-06
 Reference value :  3.10789e-06
 Reference value :  3.11085e-06
 Reference value :  3.11384e-06
 Reference value :  3.11682e-06
 Reference value :  3.11982e-06
 Reference value :  3.12251e-06
 Reference value :  3.12518e-06
 Reference value :  3.12811e-06
 Reference value :  3.13073e-06
 Reference value :  3.13385e-06
 Reference value :  3.13696e-06
 Reference value :  3.13949e-06
 Reference value :  3.14166e-06
 Reference value :  3.14374e-06
 Reference value :  3.14583e-06
 Reference value :  3.14807e-06
 Reference value :  3.15033e-06
 Reference value :  3.15250e-06
 Reference value :  3.15467e-06
 Reference value :  3.15683e-06
 Reference value :  3.15900e-06
 Reference value :  3.16126e-06
 Reference value :  3.16343e-06
 Reference value :  3.16560e-06
 Reference value :  3.16776e-06
 Reference value :  3.16993e-06
 Reference value :  3.17201e-06
 Reference value :  3.17427e-06
 Reference value :  3.17653e-06
 Reference value :  3.17930e-06
 Reference value :  3.18177e-06
 Reference value :  3.18482e-06
 Reference value :  3.18798e-06
 Reference value :  3.19089e-06
 Reference value :  3.19387e-06
 Reference value :  3.19672e-06
 Reference value :  3.19947e-06
 Reference value :  3.20220e-06
 Reference value :  3.20532e-06
 Reference value :  3.20823e-06
 Reference value :  3.21103e-06
 Reference value :  3.21420e-06
 Reference value :  3.21745e-06
 Reference value :  3.22043e-06
 Reference value :  3.22341e-06
 Reference value :  3.22605e-06
 Reference value :  3.22910e-06
 Reference value :  3.23127e-06
 Reference value :  3.23350e-06
 Reference value :  3.23560e-06
 Reference value :  3.23850e-06
 Reference value :  3.24166e-06
 Reference value :  3.24444e-06
 Reference value :  3.24766e-06
 Reference value :  3.25069e-06
 Reference value :  3.25349e-06
 Reference value :  3.25647e-06
 Reference value :  3.25962e-06
 Reference value :  3.26261e-06
 Reference value :  3.26541e-06
 Reference value :  3.26840e-06
 Reference value :  3.27065e-06
 Reference value :  3.27282e-06
 Reference value :  3.27499e-06
 Reference value :  3.27734e-06
 Reference value :  3.28021e-06
 Reference value :  3.28267e-06
 Reference value :  3.28493e-06
 Reference value :  3.28737e-06
 Reference value :  3.29026e-06
 Reference value :  3.29320e-06
 Reference value :  3.29604e-06
 Reference value :  3.29893e-06
 Reference value :  3.30209e-06
 Reference value :  3.30512e-06
 Reference value :  3.30830e-06
 Reference value :  3.31103e-06
 Reference value :  3.31379e-06
 Reference value :  3.31697e-06
 Reference value :  3.31961e-06
 Reference value :  3.32246e-06
 Reference value :  3.32512e-06
 Reference value :  3.32789e-06
 Reference value :  3.33082e-06
 Reference value :  3.33353e-06
 Reference value :  3.33648e-06
 Reference value :  3.33940e-06
 Reference value :  3.34274e-06
 Reference value :  3.34563e-06
 Reference value :  3.34850e-06
 Reference value :  3.35179e-06
 Reference value :  3.35498e-06
 Reference value :  3.35824e-06
 Reference value :  3.36149e-06
 Reference value :  3.36460e-06
 Reference value :  3.36758e-06
 Reference value :  3.37056e-06
 Reference value :  3.37381e-06
 Reference value :  3.37707e-06
 Reference value :  3.38014e-06
 Reference value :  3.38319e-06
 Reference value :  3.38635e-06
 Reference value :  3.38953e-06
 Reference value :  3.39251e-06
 Reference value :  3.39577e-06
 Reference value :  3.39911e-06
 Reference value :  3.40182e-06
 Reference value :  3.40498e-06
 Reference value :  3.40733e-06
 Reference value :  3.40959e-06
 Reference value :  3.41246e-06
 Reference value :  3.41519e-06
 Reference value :  3.41808e-06
 Reference value :  3.42113e-06
 Reference value :  3.42334e-06
 Reference value :  3.42558e-06
 Reference value :  3.42783e-06
 Reference value :  3.42991e-06
 Reference value :  3.43271e-06
 Reference value :  3.43569e-06
 Reference value :  3.43851e-06
 Reference value :  3.44156e-06
 Reference value :  3.44455e-06
 Reference value :  3.44735e-06
 Reference value :  3.45037e-06
 Reference value :  3.45286e-06
 Reference value :  3.45566e-06
 Reference value :  3.45773e-06
 Reference value :  3.45990e-06
 Reference value :  3.46207e-06
 Reference value :  3.46453e-06
 Reference value :  3.46774e-06
 Reference value :  3.47097e-06
 Reference value :  3.47399e-06
 Reference value :  3.47698e-06
 Reference value :  3.47987e-06
 Reference value :  3.48289e-06
 Reference value :  3.48583e-06
 Reference value :  3.48863e-06
 Reference value :  3.49157e-06
 Reference value :  3.49441e-06
 Reference value :  3.49712e-06
 Reference value :  3.50001e-06
 Reference value :  3.50335e-06
 Reference value :  3.50667e-06
 Reference value :  3.50891e-06
 Reference value :  3.51108e-06
 Reference value :  3.51318e-06
 Reference value :  3.51541e-06
 Reference value :  3.51758e-06
 Reference value :  3.51976e-06
 Reference value :  3.52193e-06
 Reference value :  3.52409e-06
 Reference value :  3.52626e-06
 Reference value :  3.52843e-06
 Reference value :  3.53060e-06
 Reference value :  3.53277e-06
 Reference value :  3.53499e-06
 Reference value :  3.53777e-06
 Reference value :  3.54066e-06
 Reference value :  3.54418e-06
 Reference value :  3.54753e-06
 Reference value :  3.55069e-06
 Reference value :  3.55394e-06
 Reference value :  3.55654e-06
 Reference value :  3.55864e-06
 Reference value :  3.56071e-06
 Reference value :  3.56279e-06
 Reference value :  3.56460e-06
 Reference value :  3.56659e-06
 Reference value :  3.56839e-06
 Reference value :  3.57011e-06
 Reference value :  3.57192e-06
 Reference value :  3.57388e-06
 Reference value :  3.57571e-06
 Reference value :  3.57752e-06
 Reference value :  3.57940e-06
 Reference value :  3.58131e-06
 Reference value :  3.58312e-06
 Reference value :  3.58492e-06
 Reference value :  3.58696e-06
 Reference value :  3.58872e-06
 Reference value :  3.59061e-06
 Reference value :  3.59251e-06
 Reference value :  3.59455e-06
 Reference value :  3.59649e-06
 Reference value :  3.59838e-06
 Reference value :  3.60028e-06
 Reference value :  3.60220e-06
 Reference value :  3.60423e-06
 Reference value :  3.60588e-06
 Reference value :  3.60762e-06
 Reference value :  3.60958e-06
 Reference value :  3.61148e-06
 Reference value :  3.61329e-06
 Reference value :  3.61520e-06
 Reference value :  3.61724e-06
 Reference value :  3.61916e-06
 Reference value :  3.62097e-06
 Reference value :  3.62279e-06
 Reference value :  3.62476e-06
 Reference value :  3.62639e-06
 Reference value :  3.62816e-06
 Reference value :  3.62991e-06
 Reference value :  3.63172e-06
 Reference value :  3.63360e-06
 Reference value :  3.63560e-06
 Reference value :  3.63741e-06
 Reference value :  3.63930e-06
 Reference value :  3.64122e-06
 Reference value :  3.64326e-06
 Reference value :  3.64518e-06
 Reference value :  3.64698e-06
 Reference value :  3.64881e-06
 Reference value :  3.65069e-06
 Reference value :  3.65249e-06
 Reference value :  3.65439e-06
 Reference value :  3.65636e-06
 Reference value :  3.65843e-06
 Reference value :  3.66035e-06
 Reference value :  3.66225e-06
 Reference value :  3.66415e-06
 Reference value :  3.66612e-06
 Reference value :  3.66819e-06
 Reference value :  3.67011e-06
 Reference value :  3.67191e-06
 Reference value :  3.67374e-06
 Reference value :  3.67578e-06
 Reference value :  3.67752e-06
 Reference value :  3.67923e-06
 Reference value :  3.68126e-06
 Reference value :  3.68312e-06
 Reference value :  3.68501e-06
 Reference value :  3.68682e-06
 Reference value :  3.68885e-06
 Reference value :  3.69070e-06
 Reference value :  3.69260e-06
 Reference value :  3.69441e-06
 Reference value :  3.69644e-06
 Reference value :  3.69829e-06
 Reference value :  3.70010e-06
 Reference value :  3.70192e-06
 Reference value :  3.70403e-06
 Reference value :  3.70597e-06
 Reference value :  3.70778e-06
 Reference value :  3.70967e-06
 Reference value :  3.71164e-06
 Reference value :  3.71365e-06
 Reference value :  3.71546e-06
 Reference value :  3.71735e-06
 Reference value :  3.71934e-06
 Reference value :  3.72138e-06
 Reference value :  3.72331e-06
 Reference value :  3.72512e-06
 Reference value :  3.72711e-06
 Reference value :  3.72937e-06
 Reference value :  3.73162e-06
 Reference value :  3.73379e-06
 Reference value :  3.73605e-06
 Reference value :  3.73822e-06
 Reference value :  3.74057e-06
 Reference value :  3.74283e-06
 Reference value :  3.74508e-06
 Reference value :  3.74725e-06
 Reference value :  3.74949e-06
 Reference value :  3.75172e-06
 Reference value :  3.75382e-06
 Reference value :  3.75609e-06
 Reference value :  3.75918e-06
 Reference value :  3.76207e-06
 Reference value :  3.76487e-06
 Reference value :  3.76801e-06
 Reference value :  3.77110e-06
 Reference value :  3.77390e-06
 Reference value :  3.77706e-06
 Reference value :  3.77994e-06
 Reference value :  3.78309e-06
 Reference value :  3.78610e-06
 Reference value :  3.78881e-06
 Reference value :  3.79184e-06
 Reference value :  3.79486e-06
 Reference value :  3.79784e-06
 Reference value :  3.80028e-06
 Reference value :  3.80245e-06
 Reference value :  3.80461e-06
 Reference value :  3.80694e-06
 Reference value :  3.80911e-06
 Reference value :  3.81128e-06
 Reference value :  3.81351e-06
 Reference value :  3.81569e-06
 Reference value :  3.81871e-06
 Reference value :  3.82219e-06
 Reference value :  3.82494e-06
 Reference value :  3.82702e-06
 Reference value :  3.83000e-06
 Reference value :  3.83303e-06
 Reference value :  3.83629e-06
 Reference value :  3.83930e-06
 Reference value :  3.84255e-06
 Reference value :  3.84544e-06
 Reference value :  3.84834e-06
 Reference value :  3.85148e-06
 Reference value :  3.85470e-06
 Reference value :  3.85798e-06
 Reference value :  3.86121e-06
 Reference value :  3.86387e-06
 Reference value :  3.86666e-06
 Reference value :  3.86965e-06
 Reference value :  3.87282e-06
 Reference value :  3.87571e-06
 Reference value :  3.87878e-06
 Reference value :  3.88183e-06
 Reference value :  3.88483e-06
 Reference value :  3.88772e-06
 Reference value :  3.89061e-06
 Reference value :  3.89379e-06
 Reference value :  3.89698e-06
 Reference value :  3.89974e-06
 Reference value :  3.90254e-06
 Reference value :  3.90463e-06
 Reference value :  3.90674e-06
 Reference value :  3.90859e-06
 Reference value :  3.91030e-06
 Reference value :  3.91222e-06
 Reference value :  3.91426e-06
 Reference value :  3.91618e-06
 Reference value :  3.91798e-06
 Reference value :  3.91981e-06
 Reference value :  3.92191e-06
 Reference value :  3.92385e-06
 Reference value :  3.92575e-06
 Reference value :  3.92747e-06
 Reference value :  3.92953e-06
 Reference value :  3.93160e-06
 Reference value :  3.93352e-06
 Reference value :  3.93542e-06
 Reference value :  3.93731e-06
 Reference value :  3.93928e-06
 Reference value :  3.94129e-06
 Reference value :  3.94319e-06
 Reference value :  3.94508e-06
 Reference value :  3.94687e-06
 Reference value :  3.94894e-06
 Reference value :  3.95086e-06
 Reference value :  3.95276e-06
 Reference value :  3.95450e-06
 Reference value :  3.95653e-06
 Reference value :  3.95845e-06
 Reference value :  3.96035e-06
 Reference value :  3.96225e-06
 Reference value :  3.96422e-06
 Reference value :  3.96622e-06
 Reference value :  3.96812e-06
 Reference value :  3.97001e-06
 Reference value :  3.97191e-06
 Reference value :  3.97395e-06
 Reference value :  3.97589e-06
 Reference value :  3.97787e-06
 Reference value :  3.97968e-06
 Reference value :  3.98160e-06
 Reference value :  3.98363e-06
 Reference value :  3.98555e-06
 Reference value :  3.98754e-06
 Reference value :  3.98935e-06
 Reference value :  3.99132e-06
 Reference value :  3.99339e-06
 Reference value :  3.99531e-06
 Reference value :  3.99720e-06
 Reference value :  3.99910e-06
 Reference value :  4.00105e-06
 Reference value :  4.00299e-06
 Reference value :  4.00488e-06
 Reference value :  4.00678e-06
 Reference value :  4.00866e-06
 Reference value :  4.01066e-06
 Reference value :  4.01256e-06
 Reference value :  4.01437e-06
 Reference value :  4.01625e-06
 Reference value :  4.01825e-06
 Reference value :  4.02006e-06
 Reference value :  4.02187e-06
 Reference value :  4.02382e-06
 Reference value :  4.02575e-06
 Reference value :  4.02756e-06
 Reference value :  4.02945e-06
 Reference value :  4.03141e-06
 Reference value :  4.03343e-06
 Reference value :  4.03533e-06
 Reference value :  4.03713e-06
 Reference value :  4.03901e-06
 Reference value :  4.04102e-06
 Reference value :  4.04291e-06
 Reference value :  4.04481e-06
 Reference value :  4.04671e-06
 Reference value :  4.04867e-06
 Reference value :  4.05041e-06
 Reference value :  4.05222e-06
 Reference value :  4.05417e-06
 Reference value :  4.05610e-06
 Reference value :  4.05800e-06
 Reference value :  4.05999e-06
 Reference value :  4.06197e-06
 Reference value :  4.06394e-06
 Reference value :  4.06602e-06
 Reference value :  4.06803e-06
 Reference value :  4.06983e-06
 Reference value :  4.07182e-06
 Reference value :  4.07381e-06
 Reference value :  4.07587e-06
 Reference value :  4.07794e-06
 Reference value :  4.07986e-06
 Reference value :  4.08185e-06
 Reference value :  4.08374e-06
 Reference value :  4.08566e-06
 Reference value :  4.08777e-06
 Reference value :  4.08980e-06
 Reference value :  4.09178e-06
 Reference value :  4.09350e-06
 Reference value :  4.09549e-06
 Reference value :  4.09755e-06
 Reference value :  4.09962e-06
 Reference value :  4.10163e-06
 Reference value :  4.10362e-06
 Reference value :  4.10551e-06
 Reference value :  4.10741e-06
 Reference value :  4.10945e-06
 Reference value :  4.11148e-06
 Reference value :  4.11310e-06
 Reference value :  4.11489e-06
 Reference value :  4.11690e-06
 Reference value :  4.11879e-06
 Reference value :  4.12042e-06
 Reference value :  4.12246e-06
 Reference value :  4.12455e-06
 Reference value :  4.12656e-06
 Reference value :  4.12855e-06
 Reference value :  4.13045e-06
 Reference value :  4.13234e-06
 Reference value :  4.13439e-06
 Reference value :  4.13632e-06
 Reference value :  4.13812e-06
 Reference value :  4.14002e-06
 Reference value :  4.14197e-06
 Reference value :  4.14400e-06
 Reference value :  4.14598e-06
 Reference value :  4.14788e-06
 Reference value :  4.14978e-06
 Reference value :  4.15178e-06
 Reference value :  4.15390e-06
 Reference value :  4.15592e-06
 Reference value :  4.15782e-06
 Reference value :  4.15962e-06
 Reference value :  4.16154e-06
 Reference value :  4.16364e-06
 Reference value :  4.16559e-06
 Reference value :  4.16757e-06
 Reference value :  4.16947e-06
 Reference value :  4.17146e-06
 Reference value :  4.17346e-06
 Reference value :  4.17550e-06
 Reference value :  4.17742e-06
 Reference value :  4.17932e-06
 Reference value :  4.18121e-06
 Reference value :  4.18318e-06
 Reference value :  4.18519e-06
 Reference value :  4.18690e-06
 Reference value :  4.18864e-06
 Reference value :  4.19068e-06
 Reference value :  4.19251e-06
 Reference value :  4.19440e-06
 Reference value :  4.19630e-06
 Reference value :  4.19834e-06
 Reference value :  4.20036e-06
 Reference value :  4.20235e-06
 Reference value :  4.20416e-06
 Reference value :  4.20606e-06
 Reference value :  4.20810e-06
 Reference value :  4.21019e-06
 Reference value :  4.21211e-06
 Reference value :  4.21410e-06
 Reference value :  4.21599e-06
 Reference value :  4.21785e-06
 Reference value :  4.21988e-06
 Reference value :  4.22168e-06
 Reference value :  4.22358e-06
 Reference value :  4.22546e-06
 Reference value :  4.22760e-06
 Reference value :  4.22963e-06
 Reference value :  4.23126e-06
 Reference value :  4.23325e-06
 Reference value :  4.23522e-06
 Reference value :  4.23736e-06
 Reference value :  4.23930e-06
 Reference value :  4.24129e-06
 Reference value :  4.24318e-06
 Reference value :  4.24508e-06
 Reference value :  4.24712e-06
 Reference value :  4.24914e-06
 Reference value :  4.25104e-06
 Reference value :  4.25294e-06
 Reference value :  4.25493e-06
 Reference value :  4.25693e-06
 Reference value :  4.25897e-06
 Reference value :  4.26098e-06
 Reference value :  4.26297e-06
 Reference value :  4.26477e-06
 Reference value :  4.26665e-06
 Reference value :  4.26857e-06
 Reference value :  4.27055e-06
 Reference value :  4.27245e-06
 Reference value :  4.27435e-06
 Reference value :  4.27639e-06
 Reference value :  4.27841e-06
 Reference value :  4.28031e-06
 Reference value :  4.28230e-06
 Reference value :  4.28428e-06
 Reference value :  4.28616e-06
 Reference value :  4.28824e-06
 Reference value :  4.29025e-06
 Reference value :  4.29205e-06
 Reference value :  4.29386e-06
 Reference value :  4.29589e-06
 Reference value :  4.29765e-06
 Reference value :  4.29955e-06
 Reference value :  4.30145e-06
 Reference value :  4.30351e-06
 Reference value :  4.30558e-06
 Reference value :  4.30750e-06
 Reference value :  4.30958e-06
 Reference value :  4.31156e-06
 Reference value :  4.31346e-06
 Reference value :  4.31540e-06
 Reference value :  4.31744e-06
 Reference value :  4.31942e-06
 Reference value :  4.32123e-06
 Reference value :  4.32322e-06
 Reference value :  4.32519e-06
 Reference value :  4.32719e-06
 Reference value :  4.32909e-06
 Reference value :  4.33099e-06
 Reference value :  4.33288e-06
 Reference value :  4.33494e-06
 Reference value :  4.33702e-06
 Reference value :  4.33894e-06
 Reference value :  4.34083e-06
 Reference value :  4.34257e-06
 Reference value :  4.34467e-06
 Reference value :  4.34661e-06
 Reference value :  4.34851e-06
 Reference value :  4.35041e-06
 Reference value :  4.35229e-06
 Reference value :  4.35429e-06
 Reference value :  4.35619e-06
 Reference value :  4.35800e-06
 Reference value :  4.35988e-06
 Reference value :  4.36188e-06
 Reference value :  4.36369e-06
 Reference value :  4.36567e-06
 Reference value :  4.36766e-06
 Reference value :  4.36961e-06
 Reference value :  4.37155e-06
 Reference value :  4.37344e-06
 Reference value :  4.37534e-06
 Reference value :  4.37726e-06
 Reference value :  4.37929e-06
 Reference value :  4.38121e-06
 Reference value :  4.38302e-06
 Reference value :  4.38501e-06
 Reference value :  4.38701e-06
 Reference value :  4.38912e-06
 Reference value :  4.39106e-06
 Reference value :  4.39305e-06
 Reference value :  4.39503e-06
 Reference value :  4.39684e-06
 Reference value :  4.39887e-06
 Reference value :  4.40090e-06
 Reference value :  4.40280e-06
 Reference value :  4.40470e-06
 Reference value :  4.40660e-06
 Reference value :  4.40864e-06
 Reference value :  4.41066e-06
 Reference value :  4.41256e-06
 Reference value :  4.41445e-06
 Reference value :  4.41628e-06
 Reference value :  4.41838e-06
 Reference value :  4.42042e-06
 Reference value :  4.42231e-06
 Reference value :  4.42421e-06
 Reference value :  4.42611e-06
 Reference value :  4.42814e-06
 Reference value :  4.42999e-06
 Reference value :  4.43171e-06
 Reference value :  4.43359e-06
 Reference value :  4.43559e-06
 Reference value :  4.43740e-06
 Reference value :  4.43921e-06
 Reference value :  4.44116e-06
 Reference value :  4.44300e-06
 Reference value :  4.44481e-06
 Reference value :  4.44670e-06
 Reference value :  4.44874e-06
 Reference value :  4.45068e-06
 Reference value :  4.45239e-06
 Reference value :  4.45429e-06
 Reference value :  4.45633e-06
 Reference value :  4.45836e-06
 Reference value :  4.46025e-06
 Reference value :  4.46206e-06
 Reference value :  4.46394e-06
 Reference value :  4.46601e-06
 Reference value :  4.46793e-06
 Reference value :  4.46983e-06
 Reference value :  4.47164e-06
 Reference value :  4.47367e-06
 Reference value :  4.47570e-06
 Reference value :  4.47760e-06
 Reference value :  4.47949e-06
 Reference value :  4.48132e-06
 Reference value :  4.48342e-06
 Reference value :  4.48537e-06
 Reference value :  4.48717e-06
 Reference value :  4.48907e-06
 Reference value :  4.49104e-06
 Reference value :  4.49311e-06
 Reference value :  4.49503e-06
 Reference value :  4.49693e-06
 Reference value :  4.49883e-06
 Reference value :  4.50080e-06
 Reference value :  4.50287e-06
 Reference value :  4.50479e-06
 Reference value :  4.50668e-06
 Reference value :  4.50849e-06
 Reference value :  4.51053e-06
 Reference value :  4.51256e-06
 Reference value :  4.51436e-06
 Reference value :  4.51635e-06
 Reference value :  4.51825e-06
 Reference value :  4.52029e-06
 Reference value :  4.52231e-06
 Reference value :  4.52430e-06
 Reference value :  4.52629e-06
 Reference value :  4.52818e-06
 Reference value :  4.53010e-06
 Reference value :  4.53221e-06
 Reference value :  4.53424e-06
 Reference value :  4.53604e-06
 Reference value :  4.53794e-06
 Reference value :  4.53986e-06
 Reference value :  4.54189e-06
 Reference value :  4.54381e-06
 Reference value :  4.54580e-06
 Reference value :  4.54779e-06
 Reference value :  4.54968e-06
 Reference value :  4.55174e-06
 Reference value :  4.55388e-06
 Reference value :  4.55583e-06
 Reference value :  4.55781e-06
 Reference value :  4.55980e-06
 Reference value :  4.56170e-06
 Reference value :  4.56367e-06
 Reference value :  4.56581e-06
 Reference value :  4.56784e-06
 Reference value :  4.56983e-06
 Reference value :  4.57172e-06
 Reference value :  4.57371e-06
 Reference value :  4.57563e-06
 Reference value :  4.57773e-06
 Reference value :  4.57976e-06
 Reference value :  4.58175e-06
 Reference value :  4.58365e-06
 Reference value :  4.58564e-06
 Reference value :  4.58762e-06
 Reference value :  4.58968e-06
 Reference value :  4.59169e-06
 Reference value :  4.59368e-06
 Reference value :  4.59566e-06
 Reference value :  4.59756e-06
 Reference value :  4.59955e-06
 Reference value :  4.60159e-06
 Reference value :  4.60368e-06
 Reference value :  4.60569e-06
 Reference value :  4.60759e-06
 Reference value :  4.60957e-06
 Reference value :  4.61156e-06
 Reference value :  4.61357e-06
 Reference value :  4.61567e-06
 Reference value :  4.61761e-06
 Reference value :  4.61933e-06
 Reference value :  4.62123e-06
 Reference value :  4.62327e-06
 Reference value :  4.62520e-06
 Reference value :  4.62710e-06
 Reference value :  4.62900e-06
 Reference value :  4.63091e-06
 Reference value :  4.63302e-06
 Reference value :  4.63496e-06
 Reference value :  4.63695e-06
 Reference value :  4.63893e-06
 Reference value :  4.64083e-06
 Reference value :  4.64284e-06
 Reference value :  4.64494e-06
 Reference value :  4.64670e-06
 Reference value :  4.64860e-06
 Reference value :  4.65050e-06
 Reference value :  4.65256e-06
 Reference value :  4.65463e-06
 Reference value :  4.65655e-06
 Reference value :  4.65844e-06
 Reference value :  4.66025e-06
 Reference value :  4.66229e-06
 Reference value :  4.66432e-06
 Reference value :  4.66621e-06
 Reference value :  4.66820e-06
 Reference value :  4.67019e-06
 Reference value :  4.67218e-06
 Reference value :  4.67421e-06
 Reference value :  4.67631e-06
 Reference value :  4.67814e-06
 Reference value :  4.68012e-06
 Reference value :  4.68211e-06
 Reference value :  4.68410e-06
 Reference value :  4.68616e-06
 Reference value :  4.68823e-06
 Reference value :  4.69015e-06
 Reference value :  4.69214e-06
 Reference value :  4.69404e-06
 Reference value :  4.69602e-06
 Reference value :  4.69808e-06
 Reference value :  4.70022e-06
 Reference value :  4.70199e-06
 Reference value :  4.70397e-06
 Reference value :  4.70596e-06
 Reference value :  4.70788e-06
 Reference value :  4.70998e-06
 Reference value :  4.71192e-06
 Reference value :  4.71391e-06
 Reference value :  4.71581e-06
 Reference value :  4.71770e-06
 Reference value :  4.71975e-06
 Reference value :  4.72177e-06
 Reference value :  4.72376e-06
 Reference value :  4.72574e-06
 Reference value :  4.72773e-06
 Reference value :  4.72963e-06
 Reference value :  4.73169e-06
 Reference value :  4.73376e-06
 Reference value :  4.73568e-06
 Reference value :  4.73767e-06
 Reference value :  4.73965e-06
 Reference value :  4.74148e-06
 Reference value :  4.74358e-06
 Reference value :  4.74535e-06
 Reference value :  4.74706e-06
 Reference value :  4.74901e-06
 Reference value :  4.75086e-06
 Reference value :  4.75293e-06
 Reference value :  4.75492e-06
 Reference value :  4.75691e-06
 Reference value :  4.75877e-06
 Reference value :  4.76070e-06
 Reference value :  4.76260e-06
 Reference value :  4.76441e-06
 Reference value :  4.76638e-06
 Reference value :  4.76845e-06
 Reference value :  4.77046e-06
 Reference value :  4.77236e-06
 Reference value :  4.77425e-06
 Reference value :  4.77617e-06
 Reference value :  4.77828e-06
 Reference value :  4.78037e-06
 Reference value :  4.78238e-06
 Reference value :  4.78419e-06
 Reference value :  4.78618e-06
 Reference value :  4.78816e-06
 Reference value :  4.79021e-06
 Reference value :  4.79223e-06
 Reference value :  4.79404e-06
 Reference value :  4.79593e-06
 Reference value :  4.79785e-06
 Reference value :  4.79996e-06
 Reference value :  4.80205e-06
 Reference value :  4.80397e-06
 Reference value :  4.80587e-06
 Reference value :  4.80777e-06
 Reference value :  4.80977e-06
 Reference value :  4.81188e-06
 Reference value :  4.81391e-06
 Reference value :  4.81590e-06
 Reference value :  4.81788e-06
 Reference value :  4.81987e-06
 Reference value :  4.82186e-06
 Reference value :  4.82386e-06
 Reference value :  4.82597e-06
 Reference value :  4.82791e-06
 Reference value :  4.82990e-06
 Reference value :  4.83179e-06
 Reference value :  4.83378e-06
 Reference value :  4.83575e-06
 Reference value :  4.83789e-06
 Reference value :  4.83974e-06
 Reference value :  4.84164e-06
 Reference value :  4.84354e-06
 Reference value :  4.84549e-06
 Reference value :  4.84742e-06
 Reference value :  4.84932e-06
 Reference value :  4.85122e-06
 Reference value :  4.85320e-06
 Reference value :  4.85526e-06
 Reference value :  4.85734e-06
 Reference value :  4.85935e-06
 Reference value :  4.86106e-06
 Reference value :  4.86305e-06
 Reference value :  4.86506e-06
 Reference value :  4.86709e-06
 Reference value :  4.86901e-06
 Reference value :  4.87091e-06
 Reference value :  4.87281e-06
 Reference value :  4.87478e-06
 Reference value :  4.87678e-06
 Reference value :  4.87859e-06
 Reference value :  4.88039e-06
 Reference value :  4.88236e-06
 Reference value :  4.88437e-06
 Reference value :  4.88618e-06
 Reference value :  4.88807e-06
 Reference value :  4.89006e-06
 Reference value :  4.89212e-06
 Reference value :  4.89419e-06
 Reference value :  4.89611e-06
 Reference value :  4.89810e-06
 Reference value :  4.90009e-06
 Reference value :  4.90207e-06
 Reference value :  4.90404e-06
 Reference value :  4.90612e-06
 Reference value :  4.90804e-06
 Reference value :  4.91002e-06
 Reference value :  4.91201e-06
 Reference value :  4.91384e-06
 Reference value :  4.91587e-06
 Reference value :  4.91779e-06
 Reference value :  4.91969e-06
 Reference value :  4.92159e-06
 Reference value :  4.92354e-06
 Reference value :  4.92556e-06
 Reference value :  4.92746e-06
 Reference value :  4.92935e-06
 Reference value :  4.93125e-06
 Reference value :  4.93328e-06
 Reference value :  4.93523e-06
 Reference value :  4.93712e-06
 Reference value :  4.93902e-06
 Reference value :  4.94090e-06
 Reference value :  4.94297e-06
 Reference value :  4.94489e-06
 Reference value :  4.94679e-06
 Reference value :  4.94869e-06
 Reference value :  4.95064e-06
 Reference value :  4.95266e-06
 Reference value :  4.95456e-06
 Reference value :  4.95645e-06
 Reference value :  4.95835e-06
 Reference value :  4.96039e-06
 Reference value :  4.96242e-06
 Reference value :  4.96431e-06
 Reference value :  4.96621e-06
 Reference value :  4.96811e-06
 Reference value :  4.97014e-06
 Reference value :  4.97199e-06
 Reference value :  4.97389e-06
 Reference value :  4.97588e-06
 Reference value :  4.97779e-06
 Reference value :  4.97990e-06
 Reference value :  4.98193e-06
 Reference value :  4.98401e-06
 Reference value :  4.98599e-06
 Reference value :  4.98798e-06
 Reference value :  4.98988e-06
 Reference value :  4.99185e-06
 Reference value :  4.99385e-06
 Reference value :  4.99575e-06
 Reference value :  4.99756e-06
 Reference value :  4.99947e-06
 Reference value :  5.00158e-06
 Reference value :  5.00352e-06
 Reference value :  5.00532e-06
 Reference value :  5.00713e-06
 Reference value :  5.00917e-06
 Reference value :  5.01111e-06
 Reference value :  5.01300e-06
 Reference value :  5.01481e-06
 Reference value :  5.01675e-06
 Reference value :  5.01869e-06
 Reference value :  5.02059e-06
 Reference value :  5.02249e-06
 Reference value :  5.02440e-06
 Reference value :  5.02651e-06
 Reference value :  5.02845e-06
 Reference value :  5.03044e-06
 Reference value :  5.03242e-06
 Reference value :  5.03432e-06
 Reference value :  5.03629e-06
 Reference value :  5.03843e-06
 Reference value :  5.04046e-06
 Reference value :  5.04245e-06
 Reference value :  5.04435e-06
 Reference value :  5.04625e-06
 Reference value :  5.04822e-06
 Reference value :  5.05029e-06
 Reference value :  5.05230e-06
 Reference value :  5.05429e-06
 Reference value :  5.05609e-06
 Reference value :  5.05795e-06
 Reference value :  5.05989e-06
 Reference value :  5.06160e-06
 Reference value :  5.06350e-06
 Reference value :  5.06554e-06
 Reference value :  5.06763e-06
 Reference value :  5.06955e-06
 Reference value :  5.07145e-06
 Reference value :  5.07344e-06
 Reference value :  5.07542e-06
 Reference value :  5.07759e-06
 Reference value :  5.07976e-06
 Reference value :  5.08193e-06
 Reference value :  5.08402e-06
 Reference value :  5.08613e-06
 Reference value :  5.08816e-06
 Reference value :  5.09006e-06
 Reference value :  5.09204e-06
 Reference value :  5.09439e-06
 Reference value :  5.09746e-06
 Reference value :  5.10045e-06
 Reference value :  5.10350e-06
 Reference value :  5.10650e-06
 Reference value :  5.10921e-06
 Reference value :  5.11246e-06
 Reference value :  5.11541e-06
 Reference value :  5.11868e-06
 Reference value :  5.12190e-06
 Reference value :  5.12516e-06
 Reference value :  5.12841e-06
 Reference value :  5.13125e-06
 Reference value :  5.13423e-06
 Reference value :  5.13710e-06
 Reference value :  5.14036e-06
 Reference value :  5.14359e-06
 Reference value :  5.14652e-06
 Reference value :  5.14950e-06
 Reference value :  5.15218e-06
 Reference value :  5.15443e-06
 Reference value :  5.15660e-06
 Reference value :  5.15878e-06
 Reference value :  5.16099e-06
 Reference value :  5.16316e-06
 Reference value :  5.16532e-06
 Reference value :  5.16756e-06
 Reference value :  5.16973e-06
 Reference value :  5.17183e-06
 Reference value :  5.17396e-06
 Reference value :  5.17611e-06
 Reference value :  5.17828e-06
 Reference value :  5.18045e-06
 Reference value :  5.18263e-06
 Reference value :  5.18480e-06
 Reference value :  5.18697e-06
 Reference value :  5.18914e-06
 Reference value :  5.19130e-06
 Reference value :  5.19347e-06
 Reference value :  5.19575e-06
 Reference value :  5.19810e-06
 Reference value :  5.20026e-06
 Reference value :  5.20252e-06
 Reference value :  5.20543e-06
 Reference value :  5.20794e-06
 Reference value :  5.21011e-06
 Reference value :  5.21237e-06
 Reference value :  5.21472e-06
 Reference value :  5.21698e-06
 Reference value :  5.21923e-06
 Reference value :  5.22149e-06
 Reference value :  5.22381e-06
 Reference value :  5.22599e-06
 Reference value :  5.22816e-06
 Reference value :  5.23125e-06
 Reference value :  5.23432e-06
 Reference value :  5.23766e-06
 Reference value :  5.24100e-06
 Reference value :  5.24408e-06
 Reference value :  5.24688e-06
 Reference value :  5.24981e-06
 Reference value :  5.25275e-06
 Reference value :  5.25546e-06
 Reference value :  5.25855e-06
 Reference value :  5.26175e-06
 Reference value :  5.26485e-06
 Reference value :  5.26817e-06
 Reference value :  5.27127e-06
 Reference value :  5.27416e-06
 Reference value :  5.27732e-06
 Reference value :  5.27985e-06
 Reference value :  5.28274e-06
 Reference value :  5.28565e-06
 Reference value :  5.28915e-06
 Reference value :  5.29258e-06
 Reference value :  5.29540e-06
 Reference value :  5.29859e-06
 Reference value :  5.30144e-06
 Reference value :  5.30451e-06
 Reference value :  5.30767e-06
 Reference value :  5.31054e-06
 Reference value :  5.31363e-06
 Reference value :  5.31652e-06
 Reference value :  5.31925e-06
 Reference value :  5.32244e-06
 Reference value :  5.32538e-06
 Reference value :  5.32854e-06
 Reference value :  5.33143e-06
 Reference value :  5.33468e-06
 Reference value :  5.33768e-06
 Reference value :  5.34093e-06
 Reference value :  5.34418e-06
 Reference value :  5.34737e-06
 Reference value :  5.35062e-06
 Reference value :  5.35356e-06
 Reference value :  5.35699e-06
 Reference value :  5.36038e-06
 Reference value :  5.36350e-06
 Reference value :  5.36682e-06
 Reference value :  5.36991e-06
 Reference value :  5.37289e-06
 Reference value :  5.37614e-06
 Reference value :  5.37903e-06
 Reference value :  5.38212e-06
 Reference value :  5.38518e-06
 Reference value :  5.38816e-06
 Reference value :  5.39132e-06
 Reference value :  5.39421e-06
 Reference value :  5.39717e-06
 Reference value :  5.39990e-06
 Reference value :  5.40315e-06
 Reference value :  5.40622e-06
 Reference value :  5.40909e-06
 Reference value :  5.41201e-06
 Reference value :  5.41472e-06
 Reference value :  5.41783e-06
 Reference value :  5.42077e-06
 Reference value :  5.42348e-06
 Reference value :  5.42637e-06
 Reference value :  5.42860e-06
 Reference value :  5.43084e-06
 Reference value :  5.43302e-06
 Reference value :  5.43576e-06
 Reference value :  5.43892e-06
 Reference value :  5.44182e-06
 Reference value :  5.44507e-06
 Reference value :  5.44805e-06
 Reference value :  5.45137e-06
 Reference value :  5.45462e-06
 Reference value :  5.45787e-06
 Reference value :  5.46119e-06
 Reference value :  5.46438e-06
 Reference value :  5.46756e-06
 Reference value :  5.47036e-06
 Reference value :  5.47318e-06
 Reference value :  5.47630e-06
 Reference value :  5.47867e-06
 Reference value :  5.48093e-06
 Reference value :  5.48319e-06
 Reference value :  5.48545e-06
 Reference value :  5.48761e-06
 Reference value :  5.48978e-06
 Reference value :  5.49186e-06
 Reference value :  5.49394e-06
 Reference value :  5.49665e-06
 Reference value :  5.50008e-06
 Reference value :  5.50306e-06
 Reference value :  5.50622e-06
 Reference value :  5.50938e-06
 Reference value :  5.51173e-06
 Reference value :  5.51390e-06
 Reference value :  5.51607e-06
 Reference value :  5.51824e-06
 Reference value :  5.52050e-06
 Reference value :  5.52266e-06
 Reference value :  5.52483e-06
 Reference value :  5.52709e-06
 Reference value :  5.52942e-06
 Reference value :  5.53165e-06
 Reference value :  5.53504e-06
 Reference value :  5.53817e-06
 Reference value :  5.54035e-06
 Reference value :  5.54256e-06
 Reference value :  5.54472e-06
 Reference value :  5.54689e-06
 Reference value :  5.54906e-06
 Reference value :  5.55123e-06
 Reference value :  5.55347e-06
 Reference value :  5.55564e-06
 Reference value :  5.55780e-06
 Reference value :  5.55990e-06
 Reference value :  5.56214e-06
 Reference value :  5.56431e-06
 Reference value :  5.56648e-06
 Reference value :  5.56873e-06
 Reference value :  5.57090e-06
 Reference value :  5.57316e-06
 Reference value :  5.57587e-06
 Reference value :  5.57804e-06
 Reference value :  5.58021e-06
 Reference value :  5.58283e-06
 Reference value :  5.58608e-06
 Reference value :  5.58888e-06
 Reference value :  5.59213e-06
 Reference value :  5.59538e-06
 Reference value :  5.59836e-06
 Reference value :  5.60035e-06
 Reference value :  5.60225e-06
 Reference value :  5.60428e-06
 Reference value :  5.60622e-06
 Reference value :  5.60794e-06
 Reference value :  5.60984e-06
 Reference value :  5.61188e-06
 Reference value :  5.61390e-06
 Reference value :  5.61571e-06
 Reference value :  5.61769e-06
 Reference value :  5.61959e-06
 Reference value :  5.62162e-06
 Reference value :  5.62357e-06
 Reference value :  5.62546e-06
 Reference value :  5.62718e-06
 Reference value :  5.62922e-06
 Reference value :  5.63115e-06
 Reference value :  5.63296e-06
 Reference value :  5.63495e-06
 Reference value :  5.63694e-06
 Reference value :  5.63903e-06
 Reference value :  5.64115e-06
 Reference value :  5.64317e-06
 Reference value :  5.64507e-06
 Reference value :  5.64696e-06
 Reference value :  5.64886e-06
 Reference value :  5.65089e-06
 Reference value :  5.65283e-06
 Reference value :  5.65464e-06
 Reference value :  5.65654e-06
 Reference value :  5.65849e-06
 Reference value :  5.66051e-06
 Reference value :  5.66241e-06
 Reference value :  5.66431e-06
 Reference value :  5.66620e-06
 Reference value :  5.66825e-06
 Reference value :  5.67027e-06
 Reference value :  5.67226e-06
 Reference value :  5.67415e-06
 Reference value :  5.67605e-06
 Reference value :  5.67802e-06
 Reference value :  5.68016e-06
 Reference value :  5.68210e-06
 Reference value :  5.68400e-06
 Reference value :  5.68599e-06
 Reference value :  5.68788e-06
 Reference value :  5.68993e-06
 Reference value :  5.69195e-06
 Reference value :  5.69403e-06
 Reference value :  5.69601e-06
 Reference value :  5.69791e-06
 Reference value :  5.69981e-06
 Reference value :  5.70187e-06
 Reference value :  5.70394e-06
 Reference value :  5.70577e-06
 Reference value :  5.70758e-06
 Reference value :  5.70949e-06
 Reference value :  5.71160e-06
 Reference value :  5.71363e-06
 Reference value :  5.71553e-06
 Reference value :  5.71751e-06
 Reference value :  5.71950e-06
 Reference value :  5.72142e-06
 Reference value :  5.72353e-06
 Reference value :  5.72519e-06
 Reference value :  5.72709e-06
 Reference value :  5.72897e-06
 Reference value :  5.73088e-06
 Reference value :  5.73278e-06
 Reference value :  5.73459e-06
 Reference value :  5.73656e-06
 Reference value :  5.73870e-06
 Reference value :  5.74064e-06
 Reference value :  5.74263e-06
 Reference value :  5.74452e-06
 Reference value :  5.74635e-06
 Reference value :  5.74846e-06
 Reference value :  5.75055e-06
 Reference value :  5.75247e-06
 Reference value :  5.75428e-06
 Reference value :  5.75618e-06
 Reference value :  5.75824e-06
 Reference value :  5.76031e-06
 Reference value :  5.76223e-06
 Reference value :  5.76412e-06
 Reference value :  5.76593e-06
 Reference value :  5.76790e-06
 Reference value :  5.76964e-06
 Reference value :  5.77144e-06
 Reference value :  5.77341e-06
 Reference value :  5.77548e-06
 Reference value :  5.77740e-06
 Reference value :  5.77930e-06
 Reference value :  5.78111e-06
 Reference value :  5.78317e-06
 Reference value :  5.78524e-06
 Reference value :  5.78716e-06
 Reference value :  5.78906e-06
 Reference value :  5.79095e-06
 Reference value :  5.79292e-06
 Reference value :  5.79500e-06
 Reference value :  5.79692e-06
 Reference value :  5.79881e-06
 Reference value :  5.80071e-06
 Reference value :  5.80268e-06
 Reference value :  5.80482e-06
 Reference value :  5.80685e-06
 Reference value :  5.80866e-06
 Reference value :  5.81065e-06
 Reference value :  5.81263e-06
 Reference value :  5.81460e-06
 Reference value :  5.81674e-06
 Reference value :  5.81878e-06
 Reference value :  5.82067e-06
 Reference value :  5.82266e-06
 Reference value :  5.82456e-06
 Reference value :  5.82651e-06
 Reference value :  5.82853e-06
 Reference value :  5.83034e-06
 Reference value :  5.83233e-06
 Reference value :  5.83422e-06
 Reference value :  5.83626e-06
 Reference value :  5.83829e-06
 Reference value :  5.84019e-06
 Reference value :  5.84208e-06
 Reference value :  5.84398e-06
 Reference value :  5.84601e-06
 Reference value :  5.84804e-06
 Reference value :  5.85003e-06
 Reference value :  5.85193e-06
 Reference value :  5.85383e-06
 Reference value :  5.85580e-06
 Reference value :  5.85787e-06
 Reference value :  5.85988e-06
 Reference value :  5.86187e-06
 Reference value :  5.86367e-06
 Reference value :  5.86559e-06
 Reference value :  5.86770e-06
 Reference value :  5.86972e-06
 Reference value :  5.87162e-06
 Reference value :  5.87361e-06
 Reference value :  5.87560e-06
 Reference value :  5.87758e-06
 Reference value :  5.87964e-06
 Reference value :  5.88172e-06
 Reference value :  5.88355e-06
 Reference value :  5.88544e-06
 Reference value :  5.88743e-06
 Reference value :  5.88944e-06
 Reference value :  5.89140e-06
 Reference value :  5.89339e-06
 Reference value :  5.89538e-06
 Reference value :  5.89728e-06
 Reference value :  5.89926e-06
 Reference value :  5.90130e-06
 Reference value :  5.90324e-06
 Reference value :  5.90514e-06
 Reference value :  5.90694e-06
 Reference value :  5.90891e-06
 Reference value :  5.91092e-06
 Reference value :  5.91281e-06
 Reference value :  5.91489e-06
 Reference value :  5.91688e-06
 Reference value :  5.91870e-06
 Reference value :  5.92067e-06
 Reference value :  5.92266e-06
 Reference value :  5.92456e-06
 Reference value :  5.92645e-06
 Reference value :  5.92841e-06
 Reference value :  5.93034e-06
 Reference value :  5.93224e-06
 Reference value :  5.93413e-06
 Reference value :  5.93601e-06
 Reference value :  5.93808e-06
 Reference value :  5.93991e-06
 Reference value :  5.94181e-06
 Reference value :  5.94371e-06
 Reference value :  5.94577e-06
 Reference value :  5.94777e-06
 Reference value :  5.94967e-06
 Reference value :  5.95157e-06
 Reference value :  5.95339e-06
 Reference value :  5.95551e-06
 Reference value :  5.95753e-06
 Reference value :  5.95943e-06
 Reference value :  5.96132e-06
 Reference value :  5.96322e-06
 Reference value :  5.96526e-06
 Reference value :  5.96719e-06
 Reference value :  5.96909e-06
 Reference value :  5.97108e-06
 Reference value :  5.97298e-06
 Reference value :  5.97501e-06
 Reference value :  5.97695e-06
 Reference value :  5.97876e-06
 Reference value :  5.98065e-06
 Reference value :  5.98266e-06
 Reference value :  5.98470e-06
 Reference value :  5.98671e-06
 Reference value :  5.98869e-06
 Reference value :  5.99059e-06
 Reference value :  5.99249e-06
 Reference value :  5.99453e-06
 Reference value :  5.99662e-06
 Reference value :  5.99854e-06
 Reference value :  6.00044e-06
 Reference value :  6.00224e-06
 Reference value :  6.00428e-06
 Reference value :  6.00631e-06
 Reference value :  6.00821e-06
 Reference value :  6.01010e-06
 Reference value :  6.01209e-06
 Reference value :  6.01406e-06
 Reference value :  6.01606e-06
 Reference value :  6.01796e-06
 Reference value :  6.01977e-06
 Reference value :  6.02168e-06
 Reference value :  6.02365e-06
 Reference value :  6.02564e-06
 Reference value :  6.02763e-06
 Reference value :  6.02943e-06
 Reference value :  6.03139e-06
 Reference value :  6.03341e-06
 Reference value :  6.03540e-06
 Reference value :  6.03720e-06
 Reference value :  6.03910e-06
 Reference value :  6.04114e-06
 Reference value :  6.04298e-06
 Reference value :  6.04479e-06
 Reference value :  6.04662e-06
 Reference value :  6.04865e-06
 Reference value :  6.05066e-06
 Reference value :  6.05256e-06
 Reference value :  6.05455e-06
 Reference value :  6.05653e-06
 Reference value :  6.05849e-06
 Reference value :  6.06058e-06
 Reference value :  6.06250e-06
 Reference value :  6.06448e-06
 Reference value :  6.06629e-06
 Reference value :  6.06826e-06
 Reference value :  6.07040e-06
 Reference value :  6.07243e-06
 Reference value :  6.07442e-06
 Reference value :  6.07641e-06
 Reference value :  6.07830e-06
 Reference value :  6.08022e-06
 Reference value :  6.08219e-06
 Reference value :  6.08400e-06
 Reference value :  6.08564e-06
 Reference value :  6.08768e-06
 Reference value :  6.08960e-06
 Reference value :  6.09158e-06
 Reference value :  6.09357e-06
 Reference value :  6.09547e-06
 Reference value :  6.09753e-06
 Reference value :  6.09960e-06
 Reference value :  6.10161e-06
 Reference value :  6.10360e-06
 Reference value :  6.10540e-06
 Reference value :  6.10732e-06
 Reference value :  6.10936e-06
 Reference value :  6.11128e-06
 Reference value :  6.11299e-06
 Reference value :  6.11491e-06
 Reference value :  6.11701e-06
 Reference value :  6.11895e-06
 Reference value :  6.12094e-06
 Reference value :  6.12284e-06
 Reference value :  6.12483e-06
 Reference value :  6.12683e-06
 Reference value :  6.12895e-06
 Reference value :  6.13104e-06
 Reference value :  6.13287e-06
 Reference value :  6.13485e-06
 Reference value :  6.13693e-06
 Reference value :  6.13892e-06
 Reference value :  6.14087e-06
 Reference value :  6.14296e-06
 Reference value :  6.14497e-06
 Reference value :  6.14696e-06
 Reference value :  6.14885e-06
 Reference value :  6.15084e-06
 Reference value :  6.15281e-06
 Reference value :  6.15488e-06
 Reference value :  6.15689e-06
 Reference value :  6.15879e-06
 Reference value :  6.16078e-06
 Reference value :  6.16277e-06
 Reference value :  6.16477e-06
 Reference value :  6.16688e-06
 Reference value :  6.16873e-06
 Reference value :  6.17072e-06
 Reference value :  6.17261e-06
 Reference value :  6.17460e-06
 Reference value :  6.17664e-06
 Reference value :  6.17866e-06
 Reference value :  6.18056e-06
 Reference value :  6.18246e-06
 Reference value :  6.18436e-06
 Reference value :  6.18640e-06
 Reference value :  6.18842e-06
 Reference value :  6.19032e-06
 Reference value :  6.19240e-06
 Reference value :  6.19429e-06
 Reference value :  6.19615e-06
 Reference value :  6.19818e-06
 Reference value :  6.19998e-06
 Reference value :  6.20188e-06
 Reference value :  6.20380e-06
 Reference value :  6.20583e-06
 Reference value :  6.20775e-06
 Reference value :  6.20965e-06
 Reference value :  6.21164e-06
 Reference value :  6.21355e-06
 Reference value :  6.21566e-06
 Reference value :  6.21769e-06
 Reference value :  6.21959e-06
 Reference value :  6.22157e-06
 Reference value :  6.22347e-06
 Reference value :  6.22555e-06
 Reference value :  6.22761e-06
 Reference value :  6.22968e-06
 Reference value :  6.23169e-06
 Reference value :  6.23350e-06
 Reference value :  6.23548e-06
 Reference value :  6.23747e-06
 Reference value :  6.23950e-06
 Reference value :  6.24154e-06
 Reference value :  6.24343e-06
 Reference value :  6.24542e-06
 Reference value :  6.24750e-06
 Reference value :  6.24949e-06
 Reference value :  6.25146e-06
 Reference value :  6.25353e-06
 Reference value :  6.25554e-06
 Reference value :  6.25744e-06
 Reference value :  6.25933e-06
 Reference value :  6.26132e-06
 Reference value :  6.26336e-06
 Reference value :  6.26538e-06
 Reference value :  6.26728e-06
 Reference value :  6.26918e-06
 Reference value :  6.27100e-06
 Reference value :  6.27304e-06
 Reference value :  6.27496e-06
 Reference value :  6.27686e-06
 Reference value :  6.27875e-06
 Reference value :  6.28071e-06
 Reference value :  6.28273e-06
 Reference value :  6.28463e-06
 Reference value :  6.28652e-06
 Reference value :  6.28842e-06
 Reference value :  6.29045e-06
 Reference value :  6.29230e-06
 Reference value :  6.29411e-06
 Reference value :  6.29601e-06
 Reference value :  6.29805e-06
 Reference value :  6.29998e-06
 Reference value :  6.30188e-06
 Reference value :  6.30387e-06
 Reference value :  6.30585e-06
 Reference value :  6.30781e-06
 Reference value :  6.30983e-06
 Reference value :  6.31182e-06
 Reference value :  6.31371e-06
 Reference value :  6.31561e-06
 Reference value :  6.31758e-06
 Reference value :  6.31965e-06
 Reference value :  6.32157e-06
 Reference value :  6.32347e-06
 Reference value :  6.32537e-06
 Reference value :  6.32737e-06
 Reference value :  6.32948e-06
 Reference value :  6.33142e-06
 Reference value :  6.33332e-06
 Reference value :  6.33521e-06
 Reference value :  6.33713e-06
 Reference value :  6.33916e-06
 Reference value :  6.34117e-06
 Reference value :  6.34298e-06
 Reference value :  6.34488e-06
 Reference value :  6.34688e-06
 Reference value :  6.34892e-06
 Reference value :  6.35084e-06
 Reference value :  6.35274e-06
 Reference value :  6.35463e-06
 Reference value :  6.35664e-06
 Reference value :  6.35875e-06
 Reference value :  6.36084e-06
 Reference value :  6.36258e-06
 Reference value :  6.36439e-06
 Reference value :  6.36634e-06
 Reference value :  6.36827e-06
 Reference value :  6.37017e-06
 Reference value :  6.37207e-06
 Reference value :  6.37398e-06
 Reference value :  6.37609e-06
 Reference value :  6.37812e-06
 Reference value :  6.38011e-06
 Reference value :  6.38210e-06
 Reference value :  6.38408e-06
 Reference value :  6.38598e-06
 Reference value :  6.38804e-06
 Reference value :  6.39004e-06
 Reference value :  6.39194e-06
 Reference value :  6.39393e-06
 Reference value :  6.39592e-06
 Reference value :  6.39790e-06
 Reference value :  6.39995e-06
 Reference value :  6.40197e-06
 Reference value :  6.40387e-06
 Reference value :  6.40576e-06
 Reference value :  6.40766e-06
 Reference value :  6.40969e-06
 Reference value :  6.41163e-06
 Reference value :  6.41362e-06
 Reference value :  6.41552e-06
 Reference value :  6.41742e-06
 Reference value :  6.41948e-06
 Reference value :  6.42162e-06
 Reference value :  6.42365e-06
 Reference value :  6.42555e-06
 Reference value :  6.42753e-06
 Reference value :  6.42943e-06
 Reference value :  6.43144e-06
 Reference value :  6.43355e-06
 Reference value :  6.43564e-06
 Reference value :  6.43756e-06
 Reference value :  6.43964e-06
 Reference value :  6.44162e-06
 Reference value :  6.44352e-06
 Reference value :  6.44549e-06
 Reference value :  6.44756e-06
 Reference value :  6.44948e-06
 Reference value :  6.45147e-06
 Reference value :  6.45337e-06
 Reference value :  6.45528e-06
 Reference value :  6.45740e-06
 Reference value :  6.45942e-06
 Reference value :  6.46132e-06
 Reference value :  6.46321e-06
 Reference value :  6.46511e-06
 Reference value :  6.46717e-06
 Reference value :  6.46931e-06
 Reference value :  6.47134e-06
 Reference value :  6.47315e-06
 Reference value :  6.47514e-06
 Reference value :  6.47713e-06
 Reference value :  6.47913e-06
 Reference value :  6.48124e-06
 Reference value :  6.48318e-06
 Reference value :  6.48508e-06
 Reference value :  6.48688e-06
 Reference value :  6.48885e-06
 Reference value :  6.49099e-06
 Reference value :  6.49284e-06
 Reference value :  6.49492e-06
 Reference value :  6.49682e-06
 Reference value :  6.49872e-06
 Reference value :  6.50075e-06
 Reference value :  6.50269e-06
 Reference value :  6.50459e-06
 Reference value :  6.50639e-06
 Reference value :  6.50834e-06
 Reference value :  6.51010e-06
 Reference value :  6.51181e-06
 Reference value :  6.51377e-06
 Reference value :  6.51561e-06
 Reference value :  6.51732e-06
 Reference value :  6.51920e-06
 Reference value :  6.52112e-06
 Reference value :  6.52311e-06
 Reference value :  6.52500e-06
 Reference value :  6.52699e-06
 Reference value :  6.52894e-06
 Reference value :  6.53096e-06
 Reference value :  6.53286e-06
 Reference value :  6.53485e-06
 Reference value :  6.53684e-06
 Reference value :  6.53882e-06
 Reference value :  6.54086e-06
 Reference value :  6.54262e-06
 Reference value :  6.54442e-06
 Reference value :  6.54629e-06
 Reference value :  6.54813e-06
 Reference value :  6.55002e-06
 Reference value :  6.55183e-06
 Reference value :  6.55380e-06
 Reference value :  6.55544e-06
 Reference value :  6.55718e-06
 Reference value :  6.55906e-06
 Reference value :  6.56096e-06
 Reference value :  6.56294e-06
 Reference value :  6.56493e-06
 Reference value :  6.56688e-06
 Reference value :  6.56897e-06
 Reference value :  6.57089e-06
 Reference value :  6.57279e-06
 Reference value :  6.57478e-06
 Reference value :  6.57666e-06
 Reference value :  6.57880e-06
 Reference value :  6.58083e-06
 Reference value :  6.58273e-06
 Reference value :  6.58453e-06
 Reference value :  6.58652e-06
 Reference value :  6.58858e-06
 Reference value :  6.59065e-06
 Reference value :  6.59257e-06
 Reference value :  6.59429e-06
 Reference value :  6.59617e-06
 Reference value :  6.59808e-06
 Reference value :  6.59989e-06
 Reference value :  6.60170e-06
 Reference value :  6.60374e-06
 Reference value :  6.60583e-06
 Reference value :  6.60775e-06
 Reference value :  6.60964e-06
 Reference value :  6.61145e-06
 Reference value :  6.61351e-06
 Reference value :  6.61558e-06
 Reference value :  6.61759e-06
 Reference value :  6.61958e-06
 Reference value :  6.62148e-06
 Reference value :  6.62347e-06
 Reference value :  6.62544e-06
 Reference value :  6.62758e-06
 Reference value :  6.62952e-06
 Reference value :  6.63132e-06
 Reference value :  6.63322e-06
 Reference value :  6.63523e-06
 Reference value :  6.63734e-06
 Reference value :  6.63927e-06
 Reference value :  6.64117e-06
 Reference value :  6.64307e-06
 Reference value :  6.64498e-06
 Reference value :  6.64709e-06
 Reference value :  6.64912e-06
 Reference value :  6.65102e-06
 Reference value :  6.65291e-06
 Reference value :  6.65490e-06
 Reference value :  6.65687e-06
 Reference value :  6.65894e-06
 Reference value :  6.66095e-06
 Reference value :  6.66285e-06
 Reference value :  6.66484e-06
 Reference value :  6.66674e-06
 Reference value :  6.66883e-06
 Reference value :  6.67094e-06
 Reference value :  6.67288e-06
 Reference value :  6.67468e-06
 Reference value :  6.67658e-06
 Reference value :  6.67855e-06
 Reference value :  6.68062e-06
 Reference value :  6.68245e-06
 Reference value :  6.68435e-06
 Reference value :  6.68625e-06
 Reference value :  6.68829e-06
 Reference value :  6.69038e-06
 Reference value :  6.69239e-06
 Reference value :  6.69420e-06
 Reference value :  6.69618e-06
 Reference value :  6.69817e-06
 Reference value :  6.70021e-06
 Reference value :  6.70230e-06
 Reference value :  6.70422e-06
 Reference value :  6.70612e-06
 Reference value :  6.70802e-06
 Reference value :  6.70999e-06
 Reference value :  6.71206e-06
 Reference value :  6.71398e-06
 Reference value :  6.71597e-06
 Reference value :  6.71795e-06
 Reference value :  6.71994e-06
 Reference value :  6.72189e-06
 Reference value :  6.72383e-06
 Reference value :  6.72572e-06
 Reference value :  6.72762e-06
 Reference value :  6.72954e-06
 Reference value :  6.73164e-06
 Reference value :  6.73358e-06
 Reference value :  6.73548e-06
 Reference value :  6.73738e-06
 Reference value :  6.73929e-06
 Reference value :  6.74140e-06
 Reference value :  6.74334e-06
 Reference value :  6.74542e-06
 Reference value :  6.74740e-06
 Reference value :  6.74930e-06
 Reference value :  6.75129e-06
 Reference value :  6.75335e-06
 Reference value :  6.75549e-06
 Reference value :  6.75752e-06
 Reference value :  6.75942e-06
 Reference value :  6.76122e-06
 Reference value :  6.76314e-06
 Reference value :  6.76524e-06
 Reference value :  6.76719e-06
 Reference value :  6.76917e-06
 Reference value :  6.77107e-06
 Reference value :  6.77306e-06
 Reference value :  6.77503e-06
 Reference value :  6.77703e-06
 Reference value :  6.77902e-06
 Reference value :  6.78092e-06
 Reference value :  6.78290e-06
 Reference value :  6.78482e-06
 Reference value :  6.78693e-06
 Reference value :  6.78902e-06
 Reference value :  6.79094e-06
 Reference value :  6.79293e-06
 Reference value :  6.79483e-06
 Reference value :  6.79682e-06
 Reference value :  6.79888e-06
 Reference value :  6.80102e-06
 Reference value :  6.80305e-06
 Reference value :  6.80476e-06
 Reference value :  6.80675e-06
 Reference value :  6.80863e-06
 Reference value :  6.81070e-06
 Reference value :  6.81262e-06
 Reference value :  6.81443e-06
 Reference value :  6.81633e-06
 Reference value :  6.81829e-06
 Reference value :  6.82030e-06
 Reference value :  6.82229e-06
 Reference value :  6.82419e-06
 Reference value :  6.82617e-06
 Reference value :  6.82814e-06
 Reference value :  6.83028e-06
 Reference value :  6.83214e-06
 Reference value :  6.83412e-06
 Reference value :  6.83611e-06
 Reference value :  6.83801e-06
 Reference value :  6.84007e-06
 Reference value :  6.84221e-06
 Reference value :  6.84424e-06
 Reference value :  6.84614e-06
 Reference value :  6.84803e-06
 Reference value :  6.85002e-06
 Reference value :  6.85199e-06
 Reference value :  6.85406e-06
 Reference value :  6.85616e-06
 Reference value :  6.85815e-06
 Reference value :  6.85996e-06
 Reference value :  6.86195e-06
 Reference value :  6.86395e-06
 Reference value :  6.86607e-06
 Reference value :  6.86816e-06
 Reference value :  6.87026e-06
 Reference value :  6.87215e-06
 Reference value :  6.87405e-06
 Reference value :  6.87604e-06
 Reference value :  6.87801e-06
 Reference value :  6.88015e-06
 Reference value :  6.88209e-06
 Reference value :  6.88399e-06
 Reference value :  6.88588e-06
 Reference value :  6.88775e-06
 Reference value :  6.88977e-06
 Reference value :  6.89167e-06
 Reference value :  6.89356e-06
 Reference value :  6.89539e-06
 Reference value :  6.89749e-06
 Reference value :  6.89943e-06
 Reference value :  6.90133e-06
 Reference value :  6.90332e-06
 Reference value :  6.90522e-06
 Reference value :  6.90728e-06
 Reference value :  6.90928e-06
 Reference value :  6.91136e-06
 Reference value :  6.91335e-06
 Reference value :  6.91515e-06
 Reference value :  6.91707e-06
 Reference value :  6.91917e-06
 Reference value :  6.92111e-06
 Reference value :  6.92310e-06
 Reference value :  6.92509e-06
 Reference value :  6.92708e-06
 Reference value :  6.92896e-06
 Reference value :  6.93110e-06
 Reference value :  6.93313e-06
 Reference value :  6.93512e-06
 Reference value :  6.93710e-06
 Reference value :  6.93909e-06
 Reference value :  6.94108e-06
 Reference value :  6.94303e-06
 Reference value :  6.94505e-06
 Reference value :  6.94704e-06
 Reference value :  6.94894e-06
 Reference value :  6.95092e-06
 Reference value :  6.95284e-06
 Reference value :  6.95494e-06
 Reference value :  6.95689e-06
 Reference value :  6.95878e-06
 Reference value :  6.96068e-06
 Reference value :  6.96267e-06
 Reference value :  6.96471e-06
 Reference value :  6.96687e-06
 Reference value :  6.96890e-06
 Reference value :  6.97071e-06
 Reference value :  6.97260e-06
 Reference value :  6.97459e-06
 Reference value :  6.97663e-06
 Reference value :  6.97866e-06
 Reference value :  6.98064e-06
 Reference value :  6.98254e-06
 Reference value :  6.98444e-06
 Reference value :  6.98641e-06
 Reference value :  6.98848e-06
 Reference value :  6.99040e-06
 Reference value :  6.99239e-06
 Reference value :  6.99437e-06
 Reference value :  6.99627e-06
 Reference value :  6.99830e-06
 Reference value :  7.00034e-06
 Reference value :  7.00232e-06
 Reference value :  7.00431e-06
 Reference value :  7.00621e-06
 Reference value :  7.00820e-06
 Reference value :  7.01026e-06
 Reference value :  7.01240e-06
 Reference value :  7.01434e-06
 Reference value :  7.01624e-06
 Reference value :  7.01813e-06
 Reference value :  7.02005e-06
 Reference value :  7.02216e-06
 Reference value :  7.02425e-06
 Reference value :  7.02599e-06
 Reference value :  7.02789e-06
 Reference value :  7.02980e-06
 Reference value :  7.03191e-06
 Reference value :  7.03385e-06
 Reference value :  7.03575e-06
 Reference value :  7.03764e-06
 Reference value :  7.03956e-06
 Reference value :  7.04166e-06
 Reference value :  7.04361e-06
 Reference value :  7.04550e-06
 Reference value :  7.04749e-06
 Reference value :  7.04948e-06
 Reference value :  7.05145e-06
 Reference value :  7.05345e-06
 Reference value :  7.05544e-06
 Reference value :  7.05743e-06
 Reference value :  7.05932e-06
 Reference value :  7.06131e-06
 Reference value :  7.06335e-06
 Reference value :  7.06538e-06
 Reference value :  7.06727e-06
 Reference value :  7.06908e-06
 Reference value :  7.07100e-06
 Reference value :  7.07303e-06
 Reference value :  7.07477e-06
 Reference value :  7.07667e-06
 Reference value :  7.07853e-06
 Reference value :  7.08046e-06
 Reference value :  7.08227e-06
 Reference value :  7.08417e-06
 Reference value :  7.08614e-06
 Reference value :  7.08821e-06
 Reference value :  7.09013e-06
 Reference value :  7.09202e-06
 Reference value :  7.09392e-06
 Reference value :  7.09593e-06
 Reference value :  7.09803e-06
 Reference value :  7.10006e-06
 Reference value :  7.10205e-06
 Reference value :  7.10395e-06
 Reference value :  7.10594e-06
 Reference value :  7.10785e-06
 Reference value :  7.10989e-06
 Reference value :  7.11190e-06
 Reference value :  7.11380e-06
 Reference value :  7.11569e-06
 Reference value :  7.11757e-06
 Reference value :  7.11964e-06
 Reference value :  7.12147e-06
 Reference value :  7.12337e-06
 Reference value :  7.12527e-06
 Reference value :  7.12731e-06
 Reference value :  7.12924e-06
 Reference value :  7.13114e-06
 Reference value :  7.13313e-06
 Reference value :  7.13502e-06
 Reference value :  7.13699e-06
 Reference value :  7.13900e-06
 Reference value :  7.14090e-06
 Reference value :  7.14288e-06
 Reference value :  7.14478e-06
 Reference value :  7.14684e-06
 Reference value :  7.14891e-06
 Reference value :  7.15083e-06
 Reference value :  7.15273e-06
 Reference value :  7.15463e-06
 Reference value :  7.15660e-06
 Reference value :  7.15874e-06
 Reference value :  7.16077e-06
 Reference value :  7.16276e-06
 Reference value :  7.16447e-06
 Reference value :  7.16639e-06
 Reference value :  7.16842e-06
 Reference value :  7.17034e-06
 Reference value :  7.17233e-06
 Reference value :  7.17423e-06
 Reference value :  7.17622e-06
 Reference value :  7.17818e-06
 Reference value :  7.18001e-06
 Reference value :  7.18182e-06
 Reference value :  7.18368e-06
 Reference value :  7.18570e-06
 Reference value :  7.18769e-06
 Reference value :  7.18968e-06
 Reference value :  7.19157e-06
 Reference value :  7.19349e-06
 Reference value :  7.19560e-06
 Reference value :  7.19762e-06
 Reference value :  7.19952e-06
 Reference value :  7.20142e-06
 Reference value :  7.20341e-06
 Reference value :  7.20538e-06
 Reference value :  7.20752e-06
 Reference value :  7.20946e-06
 Reference value :  7.21136e-06
 Reference value :  7.21325e-06
 Reference value :  7.21517e-06
 Reference value :  7.21727e-06
 Reference value :  7.21894e-06
 Reference value :  7.22084e-06
 Reference value :  7.22272e-06
 Reference value :  7.22472e-06
 Reference value :  7.22653e-06
 Reference value :  7.22834e-06
 Reference value :  7.23029e-06
 Reference value :  7.23222e-06
 Reference value :  7.23403e-06
 Reference value :  7.23584e-06
 Reference value :  7.23787e-06
 Reference value :  7.23972e-06
 Reference value :  7.24162e-06
 Reference value :  7.24351e-06
 Reference value :  7.24548e-06
 Reference value :  7.24740e-06
 Reference value :  7.24930e-06
 Reference value :  7.25110e-06
 Reference value :  7.25305e-06
 Reference value :  7.25499e-06
 Reference value :  7.25688e-06
 Reference value :  7.25878e-06
 Reference value :  7.26066e-06
 Reference value :  7.26266e-06
 Reference value :  7.26447e-06
 Reference value :  7.26628e-06
 Reference value :  7.26823e-06
 Reference value :  7.27016e-06
 Reference value :  7.27197e-06
 Reference value :  7.27378e-06
 Reference value :  7.27581e-06
 Reference value :  7.27775e-06
 Reference value :  7.27956e-06
 Reference value :  7.28145e-06
 Reference value :  7.28342e-06
 Reference value :  7.28550e-06
 Reference value :  7.28733e-06
 Reference value :  7.28913e-06
 Reference value :  7.29101e-06
 Reference value :  7.29302e-06
 Reference value :  7.29482e-06
 Reference value :  7.29672e-06
 Reference value :  7.29871e-06
 Reference value :  7.30075e-06
 Reference value :  7.30268e-06
 Reference value :  7.30458e-06
 Reference value :  7.30648e-06
 Reference value :  7.30839e-06
 Reference value :  7.31050e-06
 Reference value :  7.31244e-06
 Reference value :  7.31443e-06
 Reference value :  7.31632e-06
 Reference value :  7.31822e-06
 Reference value :  7.32026e-06
 Reference value :  7.32219e-06
 Reference value :  7.32418e-06
 Reference value :  7.32608e-06
 Reference value :  7.32807e-06
 Reference value :  7.33002e-06
 Reference value :  7.33204e-06
 Reference value :  7.33403e-06
 Reference value :  7.33592e-06
 Reference value :  7.33782e-06
 Reference value :  7.33977e-06
 Reference value :  7.34171e-06
 Reference value :  7.34360e-06
 Reference value :  7.34541e-06
 Reference value :  7.34738e-06
 Reference value :  7.34938e-06
 Reference value :  7.35101e-06
 Reference value :  7.35300e-06
 Reference value :  7.35500e-06
 Reference value :  7.35711e-06
 Reference value :  7.35896e-06
 Reference value :  7.36095e-06
 Reference value :  7.36284e-06
 Reference value :  7.36476e-06
 Reference value :  7.36687e-06
 Reference value :  7.36890e-06
 Reference value :  7.37088e-06
 Reference value :  7.37278e-06
 Reference value :  7.37468e-06
 Reference value :  7.37665e-06
 Reference value :  7.37872e-06
 Reference value :  7.38064e-06
 Reference value :  7.38254e-06
 Reference value :  7.38452e-06
 Reference value :  7.38644e-06
 Reference value :  7.38855e-06
 Reference value :  7.39064e-06
 Reference value :  7.39265e-06
 Reference value :  7.39464e-06
 Reference value :  7.39663e-06
 Reference value :  7.39853e-06
 Reference value :  7.40050e-06
 Reference value :  7.40257e-06
 Reference value :  7.40449e-06
 Reference value :  7.40629e-06
 Reference value :  7.40819e-06
 Reference value :  7.41023e-06
 Reference value :  7.41226e-06
 Reference value :  7.41415e-06
 Reference value :  7.41605e-06
 Reference value :  7.41804e-06
 Reference value :  7.42004e-06
 Reference value :  7.42215e-06
 Reference value :  7.42418e-06
 Reference value :  7.42617e-06
 Reference value :  7.42816e-06
 Reference value :  7.43005e-06
 Reference value :  7.43197e-06
 Reference value :  7.43407e-06
 Reference value :  7.43601e-06
 Reference value :  7.43791e-06
 Reference value :  7.43972e-06
 Reference value :  7.44169e-06
 Reference value :  7.44383e-06
 Reference value :  7.44568e-06
 Reference value :  7.44758e-06
 Reference value :  7.44938e-06
 Reference value :  7.45142e-06
 Reference value :  7.45345e-06
 Reference value :  7.45535e-06
 Reference value :  7.45724e-06
 Reference value :  7.45914e-06
 Reference value :  7.46110e-06
 Reference value :  7.46293e-06
 Reference value :  7.46492e-06
 Reference value :  7.46691e-06
 Reference value :  7.46877e-06
 Reference value :  7.47079e-06
 Reference value :  7.47269e-06
 Reference value :  7.47459e-06
 Reference value :  7.47641e-06
 Reference value :  7.47845e-06
 Reference value :  7.48028e-06
 Reference value :  7.48208e-06
 Reference value :  7.48400e-06
 Reference value :  7.48604e-06
 Reference value :  7.48787e-06
 Reference value :  7.48967e-06
 Reference value :  7.49155e-06
 Reference value :  7.49362e-06
 Reference value :  7.49545e-06
 Reference value :  7.49726e-06
 Reference value :  7.49925e-06
 Reference value :  7.50128e-06
 Reference value :  7.50313e-06
 Reference value :  7.50494e-06
 Reference value :  7.50684e-06
 Reference value :  7.50887e-06
 Reference value :  7.51072e-06
 Reference value :  7.51253e-06
 Reference value :  7.51432e-06
 Reference value :  7.51623e-06
 Reference value :  7.51804e-06
 Reference value :  7.51993e-06
 Reference value :  7.52190e-06
 Reference value :  7.52391e-06
 Reference value :  7.52572e-06
 Reference value :  7.52761e-06
 Reference value :  7.52953e-06
 Reference value :  7.53163e-06
 Reference value :  7.53357e-06
 Reference value :  7.53556e-06
 Reference value :  7.53737e-06
 Reference value :  7.53936e-06
 Reference value :  7.54142e-06
 Reference value :  7.54356e-06
 Reference value :  7.54559e-06
 Reference value :  7.54749e-06
 Reference value :  7.54947e-06
 Reference value :  7.55128e-06
 Reference value :  7.55332e-06
 Reference value :  7.55534e-06
 Reference value :  7.55706e-06
 Reference value :  7.55896e-06
 Reference value :  7.56083e-06
 Reference value :  7.56257e-06
 Reference value :  7.56429e-06
 Reference value :  7.56625e-06
 Reference value :  7.56799e-06
 Reference value :  7.56980e-06
 Reference value :  7.57174e-06
 Reference value :  7.57359e-06
 Reference value :  7.57549e-06
 Reference value :  7.57739e-06
 Reference value :  7.57926e-06
 Reference value :  7.58100e-06
 Reference value :  7.58281e-06
 Reference value :  7.58476e-06
 Reference value :  7.58669e-06
 Reference value :  7.58850e-06
 Reference value :  7.59030e-06
 Reference value :  7.59235e-06
 Reference value :  7.59437e-06
 Reference value :  7.59627e-06
 Reference value :  7.59807e-06
 Reference value :  7.59999e-06
 Reference value :  7.60209e-06
 Reference value :  7.60385e-06
 Reference value :  7.60566e-06
 Reference value :  7.60754e-06
 Reference value :  7.60961e-06
 Reference value :  7.61144e-06
 Reference value :  7.61334e-06
 Reference value :  7.61516e-06
 Reference value :  7.61720e-06
 Reference value :  7.61912e-06
 Reference value :  7.62102e-06
 Reference value :  7.62300e-06
 Reference value :  7.62499e-06
 Reference value :  7.62703e-06
 Reference value :  7.62906e-06
 Reference value :  7.63104e-06
 Reference value :  7.63303e-06
 Reference value :  7.63493e-06
 Reference value :  7.63692e-06
 Reference value :  7.63901e-06
 Reference value :  7.64112e-06
 Reference value :  7.64306e-06
 Reference value :  7.64496e-06
 Reference value :  7.64694e-06
 Reference value :  7.64893e-06
 Reference value :  7.65090e-06
 Reference value :  7.65290e-06
 Reference value :  7.65489e-06
 Reference value :  7.65688e-06
 Reference value :  7.65887e-06
 Reference value :  7.66085e-06
 Reference value :  7.66282e-06
 Reference value :  7.66490e-06
 Reference value :  7.66682e-06
 Reference value :  7.66871e-06
 Reference value :  7.67061e-06
 Reference value :  7.67258e-06
 Reference value :  7.67458e-06
 Reference value :  7.67648e-06
 Reference value :  7.67838e-06
 Reference value :  7.68028e-06
 Reference value :  7.68231e-06
 Reference value :  7.68425e-06
 Reference value :  7.68624e-06
 Reference value :  7.68822e-06
 Reference value :  7.69003e-06
 Reference value :  7.69207e-06
 Reference value :  7.69410e-06
 Reference value :  7.69599e-06
 Reference value :  7.69789e-06
 Reference value :  7.69979e-06
 Reference value :  7.70183e-06
 Reference value :  7.70376e-06
 Reference value :  7.70566e-06
 Reference value :  7.70747e-06
 Reference value :  7.70942e-06
 Reference value :  7.71144e-06
 Reference value :  7.71334e-06
 Reference value :  7.71523e-06
 Reference value :  7.71731e-06
 Reference value :  7.71948e-06
 Reference value :  7.72165e-06
 Reference value :  7.72382e-06
 Reference value :  7.72589e-06
 Reference value :  7.72806e-06
 Reference value :  7.73023e-06
 Reference value :  7.73231e-06
 Reference value :  7.73448e-06
 Reference value :  7.73657e-06
 Reference value :  7.73869e-06
 Reference value :  7.74085e-06
 Reference value :  7.74302e-06
 Reference value :  7.74518e-06
 Reference value :  7.74735e-06
 Reference value :  7.74953e-06
 Reference value :  7.75169e-06
 Reference value :  7.75386e-06
 Reference value :  7.75603e-06
 Reference value :  7.75820e-06
 Reference value :  7.76037e-06
 Reference value :  7.76252e-06
 Reference value :  7.76447e-06
 Reference value :  7.76636e-06
 Reference value :  7.76844e-06
 Reference value :  7.77034e-06
 Reference value :  7.77229e-06
 Reference value :  7.77431e-06
 Reference value :  7.77621e-06
 Reference value :  7.77820e-06
 Reference value :  7.78009e-06
 Reference value :  7.78205e-06
 Reference value :  7.78398e-06
 Reference value :  7.78588e-06
 Reference value :  7.78768e-06
 Reference value :  7.78969e-06
 Reference value :  7.79179e-06
 Reference value :  7.79373e-06
 Reference value :  7.79572e-06
 Reference value :  7.79771e-06
 Reference value :  7.79961e-06
 Reference value :  7.80161e-06
 Reference value :  7.80373e-06
 Reference value :  7.80582e-06
 Reference value :  7.80765e-06
 Reference value :  7.80954e-06
 Reference value :  7.81144e-06
 Reference value :  7.81348e-06
 Reference value :  7.81550e-06
 Reference value :  7.81740e-06
 Reference value :  7.81930e-06
 Reference value :  7.82120e-06
 Reference value :  7.82329e-06
 Reference value :  7.82541e-06
 Reference value :  7.82743e-06
 Reference value :  7.82933e-06
 Reference value :  7.83122e-06
 Reference value :  7.83312e-06
 Reference value :  7.83516e-06
 Reference value :  7.83709e-06
 Reference value :  7.83890e-06
 Reference value :  7.84080e-06
 Reference value :  7.84277e-06
 Reference value :  7.84484e-06
 Reference value :  7.84676e-06
 Reference value :  7.84866e-06
 Reference value :  7.85064e-06
 Reference value :  7.85256e-06
 Reference value :  7.85460e-06
 Reference value :  7.85634e-06
 Reference value :  7.85823e-06
 Reference value :  7.86015e-06
 Reference value :  7.86226e-06
 Reference value :  7.86428e-06
 Reference value :  7.86627e-06
 Reference value :  7.86844e-06
 Reference value :  7.87070e-06
 Reference value :  7.87287e-06
 Reference value :  7.87512e-06
 Reference value :  7.87693e-06
 Reference value :  7.87874e-06
 Reference value :  7.88071e-06
 Reference value :  7.88271e-06
 Reference value :  7.88461e-06
 Reference value :  7.88678e-06
 Reference value :  7.88976e-06
 Reference value :  7.89274e-06
 Reference value :  7.89586e-06
 Reference value :  7.89852e-06
 Reference value :  7.90087e-06
 Reference value :  7.90376e-06
 Reference value :  7.90638e-06
 Reference value :  7.90873e-06
 Reference value :  7.91090e-06
 Reference value :  7.91306e-06
 Reference value :  7.91538e-06
 Reference value :  7.91839e-06
 Reference value :  7.92101e-06
 Reference value :  7.92390e-06
 Reference value :  7.92661e-06
 Reference value :  7.92949e-06
 Reference value :  7.93264e-06
 Reference value :  7.93590e-06
 Reference value :  7.93845e-06
 Reference value :  7.94071e-06
 Reference value :  7.94362e-06
 Reference value :  7.94578e-06
 Reference value :  7.94795e-06
 Reference value :  7.95012e-06
 Reference value :  7.95229e-06
 Reference value :  7.95446e-06
 Reference value :  7.95662e-06
 Reference value :  7.95886e-06
 Reference value :  7.96112e-06
 Reference value :  7.96338e-06
 Reference value :  7.96555e-06
 Reference value :  7.96772e-06
 Reference value :  7.96997e-06
 Reference value :  7.97223e-06
 Reference value :  7.97499e-06
 Reference value :  7.97718e-06
 Reference value :  7.97946e-06
 Reference value :  7.98172e-06
 Reference value :  7.98398e-06
 Reference value :  7.98623e-06
 Reference value :  7.98849e-06
 Reference value :  7.99084e-06
 Reference value :  7.99348e-06
 Reference value :  7.99653e-06
 Reference value :  7.99933e-06
 Reference value :  8.00212e-06
 Reference value :  8.00448e-06
 Reference value :  8.00719e-06
 Reference value :  8.00945e-06
 Reference value :  8.01162e-06
 Reference value :  8.01401e-06
 Reference value :  8.01720e-06
 Reference value :  8.02045e-06
 Reference value :  8.02318e-06
 Reference value :  8.02544e-06
 Reference value :  8.02770e-06
 Reference value :  8.02987e-06
 Reference value :  8.03212e-06
 Reference value :  8.03474e-06
 Reference value :  8.03772e-06
 Reference value :  8.04034e-06
 Reference value :  8.04328e-06
 Reference value :  8.04613e-06
 Reference value :  8.04876e-06
 Reference value :  8.05127e-06
 Reference value :  8.05405e-06
 Reference value :  8.05688e-06
 Reference value :  8.05957e-06
 Reference value :  8.06266e-06
 Reference value :  8.06528e-06
 Reference value :  8.06821e-06
 Reference value :  8.07097e-06
 Reference value :  8.07377e-06
 Reference value :  8.07675e-06
 Reference value :  8.07928e-06
 Reference value :  8.08253e-06
 Reference value :  8.08524e-06
 Reference value :  8.08772e-06
 Reference value :  8.09039e-06
 Reference value :  8.09314e-06
 Reference value :  8.09590e-06
 Reference value :  8.09879e-06
 Reference value :  8.10175e-06
 Reference value :  8.10439e-06
 Reference value :  8.10726e-06
 Reference value :  8.11035e-06
 Reference value :  8.11306e-06
 Reference value :  8.11592e-06
 Reference value :  8.11866e-06
 Reference value :  8.12083e-06
 Reference value :  8.12300e-06
 Reference value :  8.12517e-06
 Reference value :  8.12743e-06
 Reference value :  8.12977e-06
 Reference value :  8.13185e-06
 Reference value :  8.13393e-06
 Reference value :  8.13601e-06
 Reference value :  8.13808e-06
 Reference value :  8.14025e-06
 Reference value :  8.14233e-06
 Reference value :  8.14450e-06
 Reference value :  8.14658e-06
 Reference value :  8.14865e-06
 Reference value :  8.15082e-06
 Reference value :  8.15335e-06
 Reference value :  8.15651e-06
 Reference value :  8.15933e-06
 Reference value :  8.16253e-06
 Reference value :  8.16546e-06
 Reference value :  8.16835e-06
 Reference value :  8.17142e-06
 Reference value :  8.17438e-06
 Reference value :  8.17720e-06
 Reference value :  8.18009e-06
 Reference value :  8.18325e-06
 Reference value :  8.18638e-06
 Reference value :  8.18939e-06
 Reference value :  8.19228e-06
 Reference value :  8.19445e-06
 Reference value :  8.19662e-06
 Reference value :  8.19879e-06
 Reference value :  8.20096e-06
 Reference value :  8.20340e-06
 Reference value :  8.20588e-06
 Reference value :  8.20805e-06
 Reference value :  8.21022e-06
 Reference value :  8.21238e-06
 Reference value :  8.21448e-06
 Reference value :  8.21649e-06
 Reference value :  8.21857e-06
 Reference value :  8.22128e-06
 Reference value :  8.22432e-06
 Reference value :  8.22697e-06
 Reference value :  8.22966e-06
 Reference value :  8.23257e-06
 Reference value :  8.23546e-06
 Reference value :  8.23846e-06
 Reference value :  8.24165e-06
 Reference value :  8.24450e-06
 Reference value :  8.24766e-06
 Reference value :  8.25035e-06
 Reference value :  8.25358e-06
 Reference value :  8.25660e-06
 Reference value :  8.25940e-06
 Reference value :  8.26225e-06
 Reference value :  8.26509e-06
 Reference value :  8.26780e-06
 Reference value :  8.27060e-06
 Reference value :  8.27331e-06
 Reference value :  8.27634e-06
 Reference value :  8.27910e-06
 Reference value :  8.28190e-06
 Reference value :  8.28452e-06
 Reference value :  8.28668e-06
 Reference value :  8.28885e-06
 Reference value :  8.29154e-06
 Reference value :  8.29483e-06
 Reference value :  8.29779e-06
 Reference value :  8.30041e-06
 Reference value :  8.30337e-06
 Reference value :  8.30620e-06
 Reference value :  8.30892e-06
 Reference value :  8.31198e-06
 Reference value :  8.31478e-06
 Reference value :  8.31760e-06
 Reference value :  8.31984e-06
 Reference value :  8.32282e-06
 Reference value :  8.32544e-06
 Reference value :  8.32844e-06
 Reference value :  8.33156e-06
 Reference value :  8.33465e-06
 Reference value :  8.33772e-06
 Reference value :  8.34061e-06
 Reference value :  8.34356e-06
 Reference value :  8.34648e-06
 Reference value :  8.34937e-06
 Reference value :  8.35228e-06
 Reference value :  8.35516e-06
 Reference value :  8.35823e-06
 Reference value :  8.36130e-06
 Reference value :  8.36464e-06
 Reference value :  8.36816e-06
 Reference value :  8.37114e-06
 Reference value :  8.37449e-06
 Reference value :  8.37756e-06
 Reference value :  8.38072e-06
 Reference value :  8.38372e-06
 Reference value :  8.38668e-06
 Reference value :  8.38966e-06
 Reference value :  8.39246e-06
 Reference value :  8.39564e-06
 Reference value :  8.39883e-06
 Reference value :  8.40101e-06
 Reference value :  8.40318e-06
 Reference value :  8.40540e-06
 Reference value :  8.40764e-06
 Reference value :  8.40974e-06
 Reference value :  8.41198e-06
 Reference value :  8.41423e-06
 Reference value :  8.41640e-06
 Reference value :  8.41857e-06
 Reference value :  8.42083e-06
 Reference value :  8.42309e-06
 Reference value :  8.42525e-06
 Reference value :  8.42742e-06
 Reference value :  8.42968e-06
 Reference value :  8.43194e-06
 Reference value :  8.43420e-06
 Reference value :  8.43628e-06
 Reference value :  8.43853e-06
 Reference value :  8.44079e-06
 Reference value :  8.44305e-06
 Reference value :  8.44531e-06
 Reference value :  8.44748e-06
 Reference value :  8.45073e-06
 Reference value :  8.45326e-06
 Reference value :  8.45534e-06
 Reference value :  8.45743e-06
 Reference value :  8.45960e-06
 Reference value :  8.46177e-06
 Reference value :  8.46390e-06
 Reference value :  8.46605e-06
 Reference value :  8.46824e-06
 Reference value :  8.47146e-06
 Reference value :  8.47440e-06
 Reference value :  8.47729e-06
 Reference value :  8.47954e-06
 Reference value :  8.48180e-06
 Reference value :  8.48406e-06
 Reference value :  8.48632e-06
 Reference value :  8.48849e-06
 Reference value :  8.49066e-06
 Reference value :  8.49282e-06
 Reference value :  8.49508e-06
 Reference value :  8.49734e-06
 Reference value :  8.49958e-06
 Reference value :  8.50181e-06
 Reference value :  8.50399e-06
 Reference value :  8.50618e-06
 Reference value :  8.50838e-06
 Reference value :  8.51055e-06
 Reference value :  8.51272e-06
 Reference value :  8.51505e-06
 Reference value :  8.51730e-06
 Reference value :  8.51947e-06
 Reference value :  8.52173e-06
 Reference value :  8.52451e-06
 Reference value :  8.52760e-06
 Reference value :  8.53076e-06
 Reference value :  8.53384e-06
 Reference value :  8.53682e-06
 Reference value :  8.53998e-06
 Reference value :  8.54314e-06
 Reference value :  8.54626e-06
 Reference value :  8.54919e-06
 Reference value :  8.55190e-06
 Reference value :  8.55461e-06
 Reference value :  8.55678e-06
 Reference value :  8.55904e-06
 Reference value :  8.56130e-06
 Reference value :  8.56353e-06
 Reference value :  8.56577e-06
 Reference value :  8.56794e-06
 Reference value :  8.57013e-06
 Reference value :  8.57241e-06
 Reference value :  8.57458e-06
 Reference value :  8.57674e-06
 Reference value :  8.57900e-06
 Reference value :  8.58126e-06
 Reference value :  8.58352e-06
 Reference value :  8.58677e-06
 Reference value :  8.59002e-06
 Reference value :  8.59318e-06
 Reference value :  8.59635e-06
 Reference value :  8.59940e-06
 Reference value :  8.60231e-06
 Reference value :  8.60529e-06
 Reference value :  8.60805e-06
 Reference value :  8.61130e-06
 Reference value :  8.61432e-06
 Reference value :  8.61739e-06
 Reference value :  8.62046e-06
 Reference value :  8.62323e-06
 Reference value :  8.62545e-06
 Reference value :  8.62769e-06
 Reference value :  8.62986e-06
 Reference value :  8.63203e-06
 Reference value :  8.63420e-06
 Reference value :  8.63636e-06
 Reference value :  8.63853e-06
 Reference value :  8.64079e-06
 Reference value :  8.64305e-06
 Reference value :  8.64522e-06
 Reference value :  8.64738e-06
 Reference value :  8.64955e-06
 Reference value :  8.65181e-06
 Reference value :  8.65407e-06
 Reference value :  8.65633e-06
 Reference value :  8.65868e-06
 Reference value :  8.66166e-06
 Reference value :  8.66482e-06
 Reference value :  8.66773e-06
 Reference value :  8.67093e-06
 Reference value :  8.67403e-06
 Reference value :  8.67692e-06
 Reference value :  8.67981e-06
 Reference value :  8.68234e-06
 Reference value :  8.68460e-06
 Reference value :  8.68668e-06
 Reference value :  8.68894e-06
 Reference value :  8.69120e-06
 Reference value :  8.69345e-06
 Reference value :  8.69562e-06
 Reference value :  8.69788e-06
 Reference value :  8.70012e-06
 Reference value :  8.70235e-06
 Reference value :  8.70453e-06
 Reference value :  8.70672e-06
 Reference value :  8.70892e-06
 Reference value :  8.71116e-06
 Reference value :  8.71333e-06
 Reference value :  8.71651e-06
 Reference value :  8.71976e-06
 Reference value :  8.72272e-06
 Reference value :  8.72561e-06
 Reference value :  8.72843e-06
 Reference value :  8.73163e-06
 Reference value :  8.73480e-06
 Reference value :  8.73763e-06
 Reference value :  8.74097e-06
 Reference value :  8.74404e-06
 Reference value :  8.74729e-06
 Reference value :  8.75064e-06
 Reference value :  8.75389e-06
 Reference value :  8.75723e-06
 Reference value :  8.76039e-06
 Reference value :  8.76355e-06
 Reference value :  8.76662e-06
 Reference value :  8.76959e-06
 Reference value :  8.77288e-06
 Reference value :  8.77620e-06
 Reference value :  8.77954e-06
 Reference value :  8.78279e-06
 Reference value :  8.78588e-06
 Reference value :  8.78910e-06
 Reference value :  8.79219e-06
 Reference value :  8.79559e-06
 Reference value :  8.79876e-06
 Reference value :  8.80209e-06
 Reference value :  8.80540e-06
 Reference value :  8.80872e-06
 Reference value :  8.81224e-06
 Reference value :  8.81549e-06
 Reference value :  8.81866e-06
 Reference value :  8.82162e-06
 Reference value :  8.82491e-06
 Reference value :  8.82823e-06
 Reference value :  8.83175e-06
 Reference value :  8.83519e-06
 Reference value :  8.83853e-06
 Reference value :  8.84142e-06
 Reference value :  8.84467e-06
 Reference value :  8.84801e-06
 Reference value :  8.85118e-06
 Reference value :  8.85425e-06
 Reference value :  8.85768e-06
 Reference value :  8.86102e-06
 Reference value :  8.86418e-06
 Reference value :  8.86762e-06
 Reference value :  8.87096e-06
 Reference value :  8.87448e-06
 Reference value :  8.87782e-06
 Reference value :  8.88108e-06
 Reference value :  8.88440e-06
 Reference value :  8.88713e-06
 Reference value :  8.89038e-06
 Reference value :  8.89381e-06
 Reference value :  8.89716e-06
 Reference value :  8.90050e-06
 Reference value :  8.90384e-06
 Reference value :  8.90637e-06
 Reference value :  8.90980e-06
 Reference value :  8.91324e-06
 Reference value :  8.91658e-06
 Reference value :  8.91992e-06
 Reference value :  8.92335e-06
 Reference value :  8.92667e-06
 Reference value :  8.93000e-06
 Reference value :  8.93327e-06
 Reference value :  8.93652e-06
 Reference value :  8.93997e-06
 Reference value :  8.94332e-06
 Reference value :  8.94675e-06
 Reference value :  8.95009e-06
 Reference value :  8.95343e-06
 Reference value :  8.95678e-06
 Reference value :  8.96021e-06
 Reference value :  8.96353e-06
 Reference value :  8.96688e-06
 Reference value :  8.97016e-06
 Reference value :  8.97349e-06
 Reference value :  8.97692e-06
 Reference value :  8.98044e-06
 Reference value :  8.98370e-06
 Reference value :  8.98722e-06
 Reference value :  8.99056e-06
 Reference value :  8.99395e-06
 Reference value :  8.99726e-06
 Reference value :  9.00048e-06
 Reference value :  9.00377e-06
 Reference value :  9.00698e-06
 Reference value :  9.01027e-06
 Reference value :  9.01369e-06
 Reference value :  9.01694e-06
 Reference value :  9.02037e-06
 Reference value :  9.02328e-06
 Reference value :  9.02660e-06
 Reference value :  9.02986e-06
 Reference value :  9.03304e-06
 Reference value :  9.03622e-06
 Reference value :  9.03925e-06
 Reference value :  9.04274e-06
 Reference value :  9.04601e-06
 Reference value :  9.04937e-06
 Reference value :  9.05289e-06
 Reference value :  9.05587e-06
 Reference value :  9.05921e-06
 Reference value :  9.06265e-06
 Reference value :  9.06581e-06
 Reference value :  9.06906e-06
 Reference value :  9.07249e-06
 Reference value :  9.07584e-06
 Reference value :  9.07936e-06
 Reference value :  9.08284e-06
 Reference value :  9.08610e-06
 Reference value :  9.08935e-06
 Reference value :  9.09262e-06
 Reference value :  9.09598e-06
 Reference value :  9.09950e-06
 Reference value :  9.10284e-06
 Reference value :  9.10619e-06
 Reference value :  9.10962e-06
 Reference value :  9.11312e-06
 Reference value :  9.11644e-06
 Reference value :  9.11970e-06
 Reference value :  9.12295e-06
 Reference value :  9.12633e-06
 Reference value :  9.12951e-06
 Reference value :  9.13302e-06
 Reference value :  9.13654e-06
 Reference value :  9.13997e-06
 Reference value :  9.14331e-06
 Reference value :  9.14630e-06
 Reference value :  9.14897e-06
 Reference value :  9.15116e-06
 Reference value :  9.15332e-06
 Reference value :  9.15546e-06
 Reference value :  9.15872e-06
 Reference value :  9.16197e-06
 Reference value :  9.16545e-06
 Reference value :  9.16879e-06
 Reference value :  9.17231e-06
 Reference value :  9.17599e-06
 Reference value :  9.17945e-06
 Reference value :  9.18288e-06
 Reference value :  9.18640e-06
 Reference value :  9.19002e-06
 Reference value :  9.19343e-06
 Reference value :  9.19706e-06
 Reference value :  9.20092e-06
 Reference value :  9.20456e-06
 Reference value :  9.20844e-06
 Reference value :  9.21190e-06
 Reference value :  9.21549e-06
 Reference value :  9.21928e-06
 Reference value :  9.22270e-06
 Reference value :  9.22642e-06
 Reference value :  9.23019e-06
 Reference value :  9.23374e-06
 Reference value :  9.23771e-06
 Reference value :  9.24113e-06
 Reference value :  9.24494e-06
 Reference value :  9.24870e-06
 Reference value :  9.25226e-06
 Reference value :  9.25596e-06
 Reference value :  9.25953e-06
 Reference value :  9.26337e-06
 Reference value :  9.26596e-06
 Reference value :  9.26861e-06
 Reference value :  9.27145e-06
 Reference value :  9.27430e-06
 Reference value :  9.27688e-06
 Reference value :  9.28015e-06
 Reference value :  9.28360e-06
 Reference value :  9.28694e-06
 Reference value :  9.29056e-06
 Reference value :  9.29399e-06
 Reference value :  9.29748e-06
 Reference value :  9.30095e-06
 Reference value :  9.30456e-06
 Reference value :  9.30817e-06
 Reference value :  9.31156e-06
 Reference value :  9.31495e-06
 Reference value :  9.31856e-06
 Reference value :  9.32208e-06
 Reference value :  9.32558e-06
 Reference value :  9.32893e-06
 Reference value :  9.33238e-06
 Reference value :  9.33590e-06
 Reference value :  9.33961e-06
 Reference value :  9.34302e-06
 Reference value :  9.34674e-06
 Reference value :  9.35036e-06
 Reference value :  9.35386e-06
 Reference value :  9.35702e-06
 Reference value :  9.35919e-06
 Reference value :  9.36136e-06
 Reference value :  9.36352e-06
 Reference value :  9.36576e-06
 Reference value :  9.36793e-06
 Reference value :  9.37010e-06
 Reference value :  9.37229e-06
 Reference value :  9.37450e-06
 Reference value :  9.37663e-06
 Reference value :  9.37880e-06
 Reference value :  9.38095e-06
 Reference value :  9.38311e-06
 Reference value :  9.38530e-06
 Reference value :  9.38750e-06
 Reference value :  9.38974e-06
 Reference value :  9.39200e-06
 Reference value :  9.39426e-06
 Reference value :  9.39733e-06
 Reference value :  9.40104e-06
 Reference value :  9.40329e-06
 Reference value :  9.40537e-06
 Reference value :  9.40763e-06
 Reference value :  9.41021e-06
 Reference value :  9.41296e-06
 Reference value :  9.41549e-06
 Reference value :  9.41772e-06
 Reference value :  9.41997e-06
 Reference value :  9.42262e-06
 Reference value :  9.42544e-06
 Reference value :  9.42850e-06
 Reference value :  9.43139e-06
 Reference value :  9.43412e-06
 Reference value :  9.43816e-06
 Reference value :  9.44250e-06
 Reference value :  9.44656e-06
 Reference value :  9.45072e-06
 Reference value :  9.45478e-06
 Reference value :  9.45948e-06
 Reference value :  9.46373e-06
 Reference value :  9.46815e-06
 Reference value :  9.47206e-06
 Reference value :  9.47610e-06
 Reference value :  9.47990e-06
 Reference value :  9.48394e-06
 Reference value :  9.48794e-06
 Reference value :  9.49191e-06
 Reference value :  9.49590e-06
 Reference value :  9.50011e-06
 Reference value :  9.50402e-06
 Reference value :  9.50799e-06
 Reference value :  9.51216e-06
 Reference value :  9.51645e-06
 Reference value :  9.52055e-06
 Reference value :  9.52461e-06
 Reference value :  9.52850e-06
 Reference value :  9.53270e-06
 Reference value :  9.53672e-06
 Reference value :  9.54069e-06
 Reference value :  9.54465e-06
 Reference value :  9.54882e-06
 Reference value :  9.55280e-06
 Reference value :  9.55677e-06
 Reference value :  9.56089e-06
 Reference value :  9.56490e-06
 Reference value :  9.56924e-06
 Reference value :  9.57321e-06
 Reference value :  9.57720e-06
 Reference value :  9.58141e-06
 Reference value :  9.58532e-06
 Reference value :  9.58938e-06
 Reference value :  9.59343e-06
 Reference value :  9.59760e-06
 Reference value :  9.60148e-06
 Reference value :  9.60546e-06
 Reference value :  9.60959e-06
 Reference value :  9.61359e-06
 Reference value :  9.61747e-06
 Reference value :  9.62158e-06
 Reference value :  9.62569e-06
 Reference value :  9.62967e-06
 Reference value :  9.63364e-06
 Reference value :  9.63787e-06
 Reference value :  9.64186e-06
 Reference value :  9.64575e-06
 Reference value :  9.64983e-06
 Reference value :  9.65397e-06
 Reference value :  9.65803e-06
 Reference value :  9.66201e-06
 Reference value :  9.66634e-06
 Reference value :  9.67050e-06
 Reference value :  9.67470e-06
 Reference value :  9.67890e-06
 Reference value :  9.68306e-06
 Reference value :  9.68712e-06
 Reference value :  9.69128e-06
 Reference value :  9.69536e-06
 Reference value :  9.69963e-06
 Reference value :  9.70383e-06
 Reference value :  9.70799e-06
 Reference value :  9.71214e-06
 Reference value :  9.71630e-06
 Reference value :  9.72045e-06
 Reference value :  9.72463e-06
 Reference value :  9.72891e-06
 Reference value :  9.73317e-06
 Reference value :  9.73726e-06
 Reference value :  9.74150e-06
 Reference value :  9.74566e-06
 Reference value :  9.74981e-06
 Reference value :  9.75390e-06
 Reference value :  9.75817e-06
 Reference value :  9.76244e-06
 Reference value :  9.76643e-06
 Reference value :  9.77059e-06
 Reference value :  9.77465e-06
 Reference value :  9.77883e-06
 Reference value :  9.78311e-06
 Reference value :  9.78730e-06
 Reference value :  9.79155e-06
 Reference value :  9.79561e-06
 Reference value :  9.79986e-06
 Reference value :  9.80370e-06
 Reference value :  9.80645e-06
 Reference value :  9.80914e-06
 Reference value :  9.81268e-06
 Reference value :  9.81657e-06
 Reference value :  9.82027e-06
 Reference value :  9.82422e-06
 Reference value :  9.82831e-06
 Reference value :  9.83189e-06
 Reference value :  9.83554e-06
 Reference value :  9.83906e-06
 Reference value :  9.84322e-06
 Reference value :  9.84728e-06
 Reference value :  9.85146e-06
 Reference value :  9.85573e-06
 Reference value :  9.85993e-06
 Reference value :  9.86325e-06
 Reference value :  9.86616e-06
 Reference value :  9.87023e-06
 Reference value :  9.87422e-06
 Reference value :  9.87842e-06
 Reference value :  9.88177e-06
 Reference value :  9.88522e-06
 Reference value :  9.88920e-06
 Reference value :  9.89236e-06
 Reference value :  9.89570e-06
 Reference value :  9.89915e-06
 Reference value :  9.90193e-06
 Reference value :  9.90454e-06
 Reference value :  9.90735e-06
 Reference value :  9.91033e-06
 Reference value :  9.91368e-06
 Reference value :  9.91738e-06
 Reference value :  9.92045e-06
 Reference value :  9.92370e-06
 Reference value :  9.92795e-06
 Reference value :  9.93167e-06
 Reference value :  9.93572e-06
 Reference value :  9.93969e-06
 Reference value :  9.94385e-06
 Reference value :  9.94809e-06
 Reference value :  9.95223e-06
 Reference value :  9.95655e-06
 Reference value :  9.96081e-06
 Reference value :  9.96499e-06
 Reference value :  9.96914e-06
 Reference value :  9.97321e-06
 Reference value :  9.97736e-06
 Reference value :  9.98150e-06
 Reference value :  9.98567e-06
 Reference value :  9.98983e-06
 Reference value :  9.99398e-06
 Reference value :  9.99805e-06
 Reference value :  1.00022e-05
 Reference value :  1.00064e-05
 Reference value :  1.00107e-05
 Reference value :  1.00150e-05
 Reference value :  1.00191e-05
 Reference value :  1.00232e-05
 Reference value :  1.00272e-05
 Reference value :  1.00314e-05
 Reference value :  1.00357e-05
 Reference value :  1.00399e-05
 Reference value :  1.00441e-05
 Reference value :  1.00484e-05
 Reference value :  1.00525e-05
 Reference value :  1.00567e-05
 Reference value :  1.00608e-05
 Reference value :  1.00650e-05
 Reference value :  1.00693e-05
 Reference value :  1.00734e-05
 Reference value :  1.00777e-05
 Reference value :  1.00820e-05
 Reference value :  1.00861e-05
 Reference value :  1.00905e-05
 Reference value :  1.00948e-05
 Reference value :  1.00990e-05
 Reference value :  1.01033e-05
 Reference value :  1.01076e-05
 Reference value :  1.01118e-05
 Reference value :  1.01160e-05
 Reference value :  1.01203e-05
 Reference value :  1.01246e-05
 Reference value :  1.01290e-05
 Reference value :  1.01333e-05
 Reference value :  1.01376e-05
 Reference value :  1.01419e-05
 Reference value :  1.01463e-05
 Reference value :  1.01506e-05
 Reference value :  1.01549e-05
 Reference value :  1.01593e-05
 Reference value :  1.01635e-05
 Reference value :  1.01678e-05
 Reference value :  1.01720e-05
 Reference value :  1.01764e-05
 Reference value :  1.01806e-05
 Reference value :  1.01850e-05
 Reference value :  1.01894e-05
 Reference value :  1.01937e-05
 Reference value :  1.01980e-05
 Reference value :  1.02023e-05
 Reference value :  1.02065e-05
 Reference value :  1.02108e-05
 Reference value :  1.02151e-05
 Reference value :  1.02194e-05
 Reference value :  1.02236e-05
 Reference value :  1.02279e-05
 Reference value :  1.02323e-05
 Reference value :  1.02365e-05
 Reference value :  1.02409e-05
 Reference value :  1.02451e-05
 Reference value :  1.02494e-05
 Reference value :  1.02537e-05
 Reference value :  1.02581e-05
 Reference value :  1.02625e-05
 Reference value :  1.02668e-05
 Reference value :  1.02714e-05
 Reference value :  1.02758e-05
 Reference value :  1.02802e-05
 Reference value :  1.02844e-05
 Reference value :  1.02887e-05
 Reference value :  1.02929e-05
 Reference value :  1.02972e-05
 Reference value :  1.03015e-05
 Reference value :  1.03055e-05
 Reference value :  1.03099e-05
 Reference value :  1.03143e-05
 Reference value :  1.03186e-05
 Reference value :  1.03229e-05
 Reference value :  1.03271e-05
 Reference value :  1.03314e-05
 Reference value :  1.03355e-05
 Reference value :  1.03397e-05
 Reference value :  1.03441e-05
 Reference value :  1.03484e-05
 Reference value :  1.03527e-05
 Reference value :  1.03570e-05
 Reference value :  1.03612e-05
 Reference value :  1.03655e-05
 Reference value :  1.03699e-05
 Reference value :  1.03740e-05
 Reference value :  1.03783e-05
 Reference value :  1.03826e-05
 Reference value :  1.03870e-05
 Reference value :  1.03912e-05
 Reference value :  1.03956e-05
 Reference value :  1.03999e-05
 Reference value :  1.04042e-05
 Reference value :  1.04085e-05
 Reference value :  1.04128e-05
 Reference value :  1.04171e-05
 Reference value :  1.04214e-05
 Reference value :  1.04258e-05
 Reference value :  1.04300e-05
 Reference value :  1.04343e-05
 Reference value :  1.04385e-05
 Reference value :  1.04428e-05
 Reference value :  1.04470e-05
 Reference value :  1.04513e-05
 Reference value :  1.04558e-05
 Reference value :  1.04601e-05
 Reference value :  1.04644e-05
 Reference value :  1.04687e-05
 Reference value :  1.04729e-05
 Reference value :  1.04772e-05
 Reference value :  1.04816e-05
 Reference value :  1.04859e-05
 Reference value :  1.04902e-05
 Reference value :  1.04944e-05
 Reference value :  1.04987e-05
 Reference value :  1.05029e-05
 Reference value :  1.05073e-05
 Reference value :  1.05116e-05
 Reference value :  1.05160e-05
 Reference value :  1.05204e-05
 Reference value :  1.05247e-05
 Reference value :  1.05292e-05
 Reference value :  1.05335e-05
 Reference value :  1.05380e-05
 Reference value :  1.05420e-05
 Reference value :  1.05462e-05
 Reference value :  1.05502e-05
 Reference value :  1.05547e-05
 Reference value :  1.05591e-05
 Reference value :  1.05626e-05
 Reference value :  1.05663e-05
 Reference value :  1.05707e-05
 Reference value :  1.05750e-05
 Reference value :  1.05793e-05
 Reference value :  1.05838e-05
 Reference value :  1.05882e-05
 Reference value :  1.05926e-05
 Reference value :  1.05967e-05
 Reference value :  1.06008e-05
 Reference value :  1.06052e-05
 Reference value :  1.06095e-05
 Reference value :  1.06138e-05
 Reference value :  1.06183e-05
 Reference value :  1.06225e-05
 Reference value :  1.06269e-05
 Reference value :  1.06313e-05
 Reference value :  1.06354e-05
 Reference value :  1.06397e-05
 Reference value :  1.06440e-05
 Reference value :  1.06483e-05
 Reference value :  1.06525e-05
 Reference value :  1.06568e-05
 Reference value :  1.06612e-05
 Reference value :  1.06655e-05
 Reference value :  1.06698e-05
 Reference value :  1.06742e-05
 Reference value :  1.06785e-05
 Reference value :  1.06830e-05
 Reference value :  1.06874e-05
 Reference value :  1.06918e-05
 Reference value :  1.06961e-05
 Reference value :  1.07006e-05
 Reference value :  1.07049e-05
 Reference value :  1.07093e-05
 Reference value :  1.07137e-05
 Reference value :  1.07180e-05
 Reference value :  1.07223e-05
 Reference value :  1.07266e-05
 Reference value :  1.07311e-05
 Reference value :  1.07353e-05
 Reference value :  1.07395e-05
 Reference value :  1.07439e-05
 Reference value :  1.07482e-05
 Reference value :  1.07524e-05
 Reference value :  1.07568e-05
 Reference value :  1.07612e-05
 Reference value :  1.07655e-05
 Reference value :  1.07698e-05
 Reference value :  1.07741e-05
 Reference value :  1.07783e-05
 Reference value :  1.07827e-05
 Reference value :  1.07872e-05
 Reference value :  1.07914e-05
 Reference value :  1.07958e-05
 Reference value :  1.08001e-05
 Reference value :  1.08045e-05
 Reference value :  1.08088e-05
 Reference value :  1.08131e-05
 Reference value :  1.08172e-05
 Reference value :  1.08216e-05
 Reference value :  1.08258e-05
 Reference value :  1.08302e-05
 Reference value :  1.08345e-05
 Reference value :  1.08388e-05
 Reference value :  1.08433e-05
 Reference value :  1.08476e-05
 Reference value :  1.08519e-05
 Reference value :  1.08563e-05
 Reference value :  1.08607e-05
 Reference value :  1.08652e-05
 Reference value :  1.08694e-05
 Reference value :  1.08739e-05
 Reference value :  1.08783e-05
 Reference value :  1.08825e-05
 Reference value :  1.08871e-05
 Reference value :  1.08914e-05
 Reference value :  1.08962e-05
 Reference value :  1.09007e-05
 Reference value :  1.09053e-05
 Reference value :  1.09098e-05
 Reference value :  1.09143e-05
 Reference value :  1.09187e-05
 Reference value :  1.09233e-05
 Reference value :  1.09278e-05
 Reference value :  1.09327e-05
 Reference value :  1.09374e-05
 Reference value :  1.09419e-05
 Reference value :  1.09462e-05
 Reference value :  1.09507e-05
 Reference value :  1.09550e-05
 Reference value :  1.09597e-05
 Reference value :  1.09642e-05
 Reference value :  1.09687e-05
 Reference value :  1.09731e-05
 Reference value :  1.09776e-05
 Reference value :  1.09820e-05
 Reference value :  1.09864e-05
 Reference value :  1.09909e-05
 Reference value :  1.09954e-05
 Reference value :  1.09999e-05
 Reference value :  1.10044e-05
 Reference value :  1.10089e-05
 Reference value :  1.10134e-05
 Reference value :  1.10178e-05
 Reference value :  1.10221e-05
 Reference value :  1.10265e-05
 Reference value :  1.10308e-05
 Reference value :  1.10354e-05
 Reference value :  1.10396e-05
 Reference value :  1.10443e-05
 Reference value :  1.10488e-05
 Reference value :  1.10532e-05
 Reference value :  1.10577e-05
 Reference value :  1.10622e-05
 Reference value :  1.10666e-05
 Reference value :  1.10711e-05
 Reference value :  1.10758e-05
 Reference value :  1.10804e-05
 Reference value :  1.10848e-05
 Reference value :  1.10893e-05
 Reference value :  1.10936e-05
 Reference value :  1.10980e-05
 Reference value :  1.11024e-05
 Reference value :  1.11069e-05
 Reference value :  1.11114e-05
 Reference value :  1.11160e-05
 Reference value :  1.11204e-05
 Reference value :  1.11251e-05
 Reference value :  1.11295e-05
 Reference value :  1.11340e-05
 Reference value :  1.11386e-05
 Reference value :  1.11432e-05
 Reference value :  1.11476e-05
 Reference value :  1.11522e-05
 Reference value :  1.11567e-05
 Reference value :  1.11612e-05
 Reference value :  1.11658e-05
 Reference value :  1.11703e-05
 Reference value :  1.11749e-05
 Reference value :  1.11793e-05
 Reference value :  1.11840e-05
 Reference value :  1.11887e-05
 Reference value :  1.11934e-05
 Reference value :  1.11979e-05
 Reference value :  1.12025e-05
 Reference value :  1.12070e-05
 Reference value :  1.12114e-05
 Reference value :  1.12159e-05
 Reference value :  1.12204e-05
 Reference value :  1.12248e-05
 Reference value :  1.12292e-05
 Reference value :  1.12336e-05
 Reference value :  1.12381e-05
 Reference value :  1.12427e-05
 Reference value :  1.12471e-05
 Reference value :  1.12516e-05
 Reference value :  1.12563e-05
 Reference value :  1.12609e-05
 Reference value :  1.12656e-05
 Reference value :  1.12703e-05
 Reference value :  1.12747e-05
 Reference value :  1.12792e-05
 Reference value :  1.12840e-05
 Reference value :  1.12886e-05
 Reference value :  1.12931e-05
 Reference value :  1.12978e-05
 Reference value :  1.13026e-05
 Reference value :  1.13072e-05
 Reference value :  1.13117e-05
 Reference value :  1.13162e-05
 Reference value :  1.13209e-05
 Reference value :  1.13256e-05
 Reference value :  1.13300e-05
 Reference value :  1.13346e-05
 Reference value :  1.13395e-05
 Reference value :  1.13440e-05
 Reference value :  1.13483e-05
 Reference value :  1.13526e-05
 Reference value :  1.13568e-05
 Reference value :  1.13607e-05
 Reference value :  1.13649e-05
 Reference value :  1.13690e-05
 Reference value :  1.13731e-05
 Reference value :  1.13773e-05
 Reference value :  1.13815e-05
 Reference value :  1.13858e-05
 Reference value :  1.13902e-05
 Reference value :  1.13947e-05
 Reference value :  1.13988e-05
 Reference value :  1.14029e-05
 Reference value :  1.14072e-05
 Reference value :  1.14114e-05
 Reference value :  1.14157e-05
 Reference value :  1.14200e-05
 Reference value :  1.14245e-05
 Reference value :  1.14289e-05
 Reference value :  1.14334e-05
 Reference value :  1.14381e-05
 Reference value :  1.14426e-05
 Reference value :  1.14470e-05
 Reference value :  1.14516e-05
 Reference value :  1.14563e-05
 Reference value :  1.14610e-05
 Reference value :  1.14655e-05
 Reference value :  1.14700e-05
 Reference value :  1.14748e-05
 Reference value :  1.14794e-05
 Reference value :  1.14839e-05
 Reference value :  1.14883e-05
 Reference value :  1.14930e-05
 Reference value :  1.14976e-05
 Reference value :  1.15023e-05
 Reference value :  1.15067e-05
 Reference value :  1.15111e-05
 Reference value :  1.15156e-05
 Reference value :  1.15203e-05
 Reference value :  1.15250e-05
 Reference value :  1.15295e-05
 Reference value :  1.15341e-05
 Reference value :  1.15385e-05
 Reference value :  1.15429e-05
 Reference value :  1.15474e-05
 Reference value :  1.15519e-05
 Reference value :  1.15564e-05
 Reference value :  1.15609e-05
 Reference value :  1.15654e-05
 Reference value :  1.15703e-05
 Reference value :  1.15750e-05
 Reference value :  1.15793e-05
 Reference value :  1.15838e-05
 Reference value :  1.15888e-05
 Reference value :  1.15934e-05
 Reference value :  1.15987e-05
 Reference value :  1.16038e-05
 Reference value :  1.16089e-05
 Reference value :  1.16140e-05
 Reference value :  1.16191e-05
 Reference value :  1.16242e-05
 Reference value :  1.16292e-05
 Reference value :  1.16346e-05
 Reference value :  1.16393e-05
 Reference value :  1.16445e-05
 Reference value :  1.16496e-05
 Reference value :  1.16547e-05
 Reference value :  1.16597e-05
 Reference value :  1.16649e-05
 Reference value :  1.16701e-05
 Reference value :  1.16750e-05
 Reference value :  1.16802e-05
 Reference value :  1.16849e-05
 Reference value :  1.16897e-05
 Reference value :  1.16945e-05
 Reference value :  1.16997e-05
 Reference value :  1.17050e-05
 Reference value :  1.17098e-05
 Reference value :  1.17144e-05
 Reference value :  1.17188e-05
 Reference value :  1.17235e-05
 Reference value :  1.17280e-05
 Reference value :  1.17323e-05
 Reference value :  1.17367e-05
 Reference value :  1.17409e-05
 Reference value :  1.17452e-05
 Reference value :  1.17495e-05
 Reference value :  1.17541e-05
 Reference value :  1.17586e-05
 Reference value :  1.17630e-05
 Reference value :  1.17678e-05
 Reference value :  1.17723e-05
 Reference value :  1.17768e-05
 Reference value :  1.17812e-05
 Reference value :  1.17857e-05
 Reference value :  1.17906e-05
 Reference value :  1.17953e-05
 Reference value :  1.18002e-05
 Reference value :  1.18048e-05
 Reference value :  1.18099e-05
 Reference value :  1.18145e-05
 Reference value :  1.18193e-05
 Reference value :  1.18240e-05
 Reference value :  1.18287e-05
 Reference value :  1.18335e-05
 Reference value :  1.18384e-05
 Reference value :  1.18431e-05
 Reference value :  1.18481e-05
 Reference value :  1.18527e-05
 Reference value :  1.18575e-05
 Reference value :  1.18622e-05
 Reference value :  1.18670e-05
 Reference value :  1.18720e-05
 Reference value :  1.18766e-05
 Reference value :  1.18814e-05
 Reference value :  1.18861e-05
 Reference value :  1.18910e-05
 Reference value :  1.18958e-05
 Reference value :  1.19006e-05
 Reference value :  1.19055e-05
 Reference value :  1.19100e-05
 Reference value :  1.19149e-05
 Reference value :  1.19197e-05
 Reference value :  1.19244e-05
 Reference value :  1.19294e-05
 Reference value :  1.19340e-05
 Reference value :  1.19390e-05
 Reference value :  1.19435e-05
 Reference value :  1.19484e-05
 Reference value :  1.19530e-05
 Reference value :  1.19576e-05
 Reference value :  1.19629e-05
 Reference value :  1.19680e-05
 Reference value :  1.19732e-05
 Reference value :  1.19783e-05
 Reference value :  1.19832e-05
 Reference value :  1.19880e-05
 Reference value :  1.19928e-05
 Reference value :  1.19974e-05
 Reference value :  1.20023e-05
 Reference value :  1.20071e-05
 Reference value :  1.20122e-05
 Reference value :  1.20171e-05
 Reference value :  1.20216e-05
 Reference value :  1.20263e-05
 Reference value :  1.20314e-05
 Reference value :  1.20367e-05
 Reference value :  1.20419e-05
 Reference value :  1.20465e-05
 Reference value :  1.20514e-05
 Reference value :  1.20563e-05
 Reference value :  1.20613e-05
 Reference value :  1.20657e-05
 Reference value :  1.20704e-05
 Reference value :  1.20756e-05
 Reference value :  1.20803e-05
 Reference value :  1.20854e-05
 Reference value :  1.20899e-05
 Reference value :  1.20950e-05
 Reference value :  1.20995e-05
 Reference value :  1.21041e-05
 Reference value :  1.21089e-05
 Reference value :  1.21138e-05
 Reference value :  1.21185e-05
 Reference value :  1.21235e-05
 Reference value :  1.21283e-05
 Reference value :  1.21332e-05
 Reference value :  1.21379e-05
 Reference value :  1.21428e-05
 Reference value :  1.21475e-05
 Reference value :  1.21526e-05
 Reference value :  1.21573e-05
 Reference value :  1.21623e-05
 Reference value :  1.21669e-05
 Reference value :  1.21717e-05
 Reference value :  1.21766e-05
 Reference value :  1.21814e-05
 Reference value :  1.21863e-05
 Reference value :  1.21912e-05
 Reference value :  1.21961e-05
 Reference value :  1.22009e-05
 Reference value :  1.22058e-05
 Reference value :  1.22102e-05
 Reference value :  1.22155e-05
 Reference value :  1.22205e-05
 Reference value :  1.22259e-05
 Reference value :  1.22308e-05
 Reference value :  1.22362e-05
 Reference value :  1.22414e-05
 Reference value :  1.22464e-05
 Reference value :  1.22516e-05
 Reference value :  1.22568e-05
 Reference value :  1.22621e-05
 Reference value :  1.22672e-05
 Reference value :  1.22725e-05
 Reference value :  1.22775e-05
 Reference value :  1.22828e-05
 Reference value :  1.22881e-05
 Reference value :  1.22929e-05
 Reference value :  1.22978e-05
 Reference value :  1.23025e-05
 Reference value :  1.23075e-05
 Reference value :  1.23121e-05
 Reference value :  1.23170e-05
 Reference value :  1.23218e-05
 Reference value :  1.23265e-05
 Reference value :  1.23313e-05
 Reference value :  1.23359e-05
 Reference value :  1.23407e-05
 Reference value :  1.23456e-05
 Reference value :  1.23503e-05
 Reference value :  1.23552e-05
 Reference value :  1.23599e-05
 Reference value :  1.23649e-05
 Reference value :  1.23697e-05
 Reference value :  1.23747e-05
 Reference value :  1.23793e-05
 Reference value :  1.23844e-05
 Reference value :  1.23892e-05
 Reference value :  1.23941e-05
 Reference value :  1.23989e-05
 Reference value :  1.24038e-05
 Reference value :  1.24086e-05
 Reference value :  1.24134e-05
 Reference value :  1.24182e-05
 Reference value :  1.24229e-05
 Reference value :  1.24278e-05
 Reference value :  1.24324e-05
 Reference value :  1.24373e-05
 Reference value :  1.24422e-05
 Reference value :  1.24470e-05
 Reference value :  1.24519e-05
 Reference value :  1.24567e-05
 Reference value :  1.24617e-05
 Reference value :  1.24665e-05
 Reference value :  1.24714e-05
 Reference value :  1.24761e-05
 Reference value :  1.24812e-05
 Reference value :  1.24858e-05
 Reference value :  1.24908e-05
 Reference value :  1.24956e-05
 Reference value :  1.25006e-05
 Reference value :  1.25052e-05
 Reference value :  1.25102e-05
 Reference value :  1.25149e-05
 Reference value :  1.25199e-05
 Reference value :  1.25246e-05
 Reference value :  1.25295e-05
 Reference value :  1.25343e-05
 Reference value :  1.25390e-05
 Reference value :  1.25440e-05
 Reference value :  1.25487e-05
 Reference value :  1.25537e-05
 Reference value :  1.25585e-05
 Reference value :  1.25633e-05
 Reference value :  1.25681e-05
 Reference value :  1.25730e-05
 Reference value :  1.25776e-05
 Reference value :  1.25820e-05
 Reference value :  1.25865e-05
 Reference value :  1.25912e-05
 Reference value :  1.25959e-05
 Reference value :  1.26004e-05
 Reference value :  1.26050e-05
 Reference value :  1.26099e-05
 Reference value :  1.26148e-05
 Reference value :  1.26199e-05
 Reference value :  1.26247e-05
 Reference value :  1.26296e-05
 Reference value :  1.26344e-05
 Reference value :  1.26394e-05
 Reference value :  1.26441e-05
 Reference value :  1.26491e-05
 Reference value :  1.26539e-05
 Reference value :  1.26590e-05
 Reference value :  1.26637e-05
 Reference value :  1.26687e-05
 Reference value :  1.26735e-05
 Reference value :  1.26785e-05
 Reference value :  1.26833e-05
 Reference value :  1.26882e-05
 Reference value :  1.26930e-05
 Reference value :  1.26978e-05
 Reference value :  1.27026e-05
 Reference value :  1.27075e-05
 Reference value :  1.27122e-05
 Reference value :  1.27173e-05
 Reference value :  1.27220e-05
 Reference value :  1.27270e-05
 Reference value :  1.27318e-05
 Reference value :  1.27368e-05
 Reference value :  1.27415e-05
 Reference value :  1.27465e-05
 Reference value :  1.27514e-05
 Reference value :  1.27563e-05
 Reference value :  1.27610e-05
 Reference value :  1.27660e-05
 Reference value :  1.27706e-05
 Reference value :  1.27755e-05
 Reference value :  1.27805e-05
 Reference value :  1.27855e-05
 Reference value :  1.27900e-05
 Reference value :  1.27945e-05
 Reference value :  1.27993e-05
 Reference value :  1.28041e-05
 Reference value :  1.28087e-05
 Reference value :  1.28135e-05
 Reference value :  1.28181e-05
 Reference value :  1.28227e-05
 Reference value :  1.28276e-05
 Reference value :  1.28324e-05
 Reference value :  1.28370e-05
 Reference value :  1.28419e-05
 Reference value :  1.28465e-05
 Reference value :  1.28510e-05
 Reference value :  1.28562e-05
 Reference value :  1.28616e-05
 Reference value :  1.28665e-05
 Reference value :  1.28713e-05
 Reference value :  1.28761e-05
 Reference value :  1.28809e-05
 Reference value :  1.28856e-05
 Reference value :  1.28906e-05
 Reference value :  1.28953e-05
 Reference value :  1.29004e-05
 Reference value :  1.29050e-05
 Reference value :  1.29095e-05
 Reference value :  1.29141e-05
 Reference value :  1.29190e-05
 Reference value :  1.29239e-05
 Reference value :  1.29288e-05
 Reference value :  1.29335e-05
 Reference value :  1.29385e-05
 Reference value :  1.29433e-05
 Reference value :  1.29482e-05
 Reference value :  1.29529e-05
 Reference value :  1.29578e-05
 Reference value :  1.29627e-05
 Reference value :  1.29677e-05
 Reference value :  1.29724e-05
 Reference value :  1.29773e-05
 Reference value :  1.29820e-05
 Reference value :  1.29865e-05
 Reference value :  1.29913e-05
 Reference value :  1.29961e-05
 Reference value :  1.30007e-05
 Reference value :  1.30054e-05
 Reference value :  1.30102e-05
 Reference value :  1.30146e-05
 Reference value :  1.30196e-05
 Reference value :  1.30244e-05
 Reference value :  1.30293e-05
 Reference value :  1.30340e-05
 Reference value :  1.30386e-05
 Reference value :  1.30434e-05
 Reference value :  1.30480e-05
 Reference value :  1.30527e-05
 Reference value :  1.30574e-05
 Reference value :  1.30622e-05
 Reference value :  1.30672e-05
 Reference value :  1.30720e-05
 Reference value :  1.30769e-05
 Reference value :  1.30817e-05
 Reference value :  1.30866e-05
 Reference value :  1.30915e-05
 Reference value :  1.30966e-05
 Reference value :  1.31013e-05
 Reference value :  1.31060e-05
 Reference value :  1.31110e-05
 Reference value :  1.31157e-05
 Reference value :  1.31207e-05
 Reference value :  1.31255e-05
 Reference value :  1.31305e-05
 Reference value :  1.31353e-05
 Reference value :  1.31402e-05
 Reference value :  1.31447e-05
 Reference value :  1.31498e-05
 Reference value :  1.31546e-05
 Reference value :  1.31595e-05
 Reference value :  1.31644e-05
 Reference value :  1.31694e-05
 Reference value :  1.31743e-05
 Reference value :  1.31793e-05
 Reference value :  1.31842e-05
 Reference value :  1.31891e-05
 Reference value :  1.31941e-05
 Reference value :  1.31988e-05
 Reference value :  1.32038e-05
 Reference value :  1.32086e-05
 Reference value :  1.32136e-05
 Reference value :  1.32184e-05
 Reference value :  1.32233e-05
 Reference value :  1.32282e-05
 Reference value :  1.32332e-05
 Reference value :  1.32379e-05
 Reference value :  1.32431e-05
 Reference value :  1.32477e-05
 Reference value :  1.32526e-05
 Reference value :  1.32573e-05
 Reference value :  1.32623e-05
 Reference value :  1.32671e-05
 Reference value :  1.32725e-05
 Reference value :  1.32775e-05
 Reference value :  1.32823e-05
 Reference value :  1.32872e-05
 Reference value :  1.32920e-05
 Reference value :  1.32972e-05
 Reference value :  1.33024e-05
 Reference value :  1.33072e-05
 Reference value :  1.33120e-05
 Reference value :  1.33169e-05
 Reference value :  1.33218e-05
 Reference value :  1.33266e-05
 Reference value :  1.33314e-05
 Reference value :  1.33363e-05
 Reference value :  1.33411e-05
 Reference value :  1.33461e-05
 Reference value :  1.33507e-05
 Reference value :  1.33557e-05
 Reference value :  1.33609e-05
 Reference value :  1.33657e-05
 Reference value :  1.33702e-05
 Reference value :  1.33751e-05
 Reference value :  1.33798e-05
 Reference value :  1.33848e-05
 Reference value :  1.33900e-05
 Reference value :  1.33952e-05
 Reference value :  1.34004e-05
 Reference value :  1.34057e-05
 Reference value :  1.34111e-05
 Reference value :  1.34158e-05
 Reference value :  1.34206e-05
 Reference value :  1.34253e-05
 Reference value :  1.34300e-05
 Reference value :  1.34349e-05
 Reference value :  1.34395e-05
 Reference value :  1.34444e-05
 Reference value :  1.34492e-05
 Reference value :  1.34541e-05
 Reference value :  1.34589e-05
 Reference value :  1.34634e-05
 Reference value :  1.34683e-05
 Reference value :  1.34730e-05
 Reference value :  1.34777e-05
 Reference value :  1.34827e-05
 Reference value :  1.34875e-05
 Reference value :  1.34921e-05
 Reference value :  1.34969e-05
 Reference value :  1.35017e-05
 Reference value :  1.35066e-05
 Reference value :  1.35114e-05
 Reference value :  1.35163e-05
 Reference value :  1.35210e-05
 Reference value :  1.35260e-05
 Reference value :  1.35308e-05
 Reference value :  1.35358e-05
 Reference value :  1.35405e-05
 Reference value :  1.35450e-05
 Reference value :  1.35500e-05
 Reference value :  1.35549e-05
 Reference value :  1.35598e-05
 Reference value :  1.35647e-05
 Reference value :  1.35695e-05
 Reference value :  1.35746e-05
 Reference value :  1.35794e-05
 Reference value :  1.35845e-05
 Reference value :  1.35892e-05
 Reference value :  1.35943e-05
 Reference value :  1.35992e-05
 Reference value :  1.36044e-05
 Reference value :  1.36098e-05
 Reference value :  1.36151e-05
 Reference value :  1.36205e-05
 Reference value :  1.36255e-05
 Reference value :  1.36303e-05
 Reference value :  1.36353e-05
 Reference value :  1.36400e-05
 Reference value :  1.36451e-05
 Reference value :  1.36498e-05
 Reference value :  1.36548e-05
 Reference value :  1.36595e-05
 Reference value :  1.36647e-05
 Reference value :  1.36694e-05
 Reference value :  1.36747e-05
 Reference value :  1.36800e-05
 Reference value :  1.36847e-05
 Reference value :  1.36897e-05
 Reference value :  1.36944e-05
 Reference value :  1.36991e-05
 Reference value :  1.37038e-05
 Reference value :  1.37083e-05
 Reference value :  1.37129e-05
 Reference value :  1.37177e-05
 Reference value :  1.37225e-05
 Reference value :  1.37275e-05
 Reference value :  1.37322e-05
 Reference value :  1.37371e-05
 Reference value :  1.37419e-05
 Reference value :  1.37467e-05
 Reference value :  1.37516e-05
 Reference value :  1.37566e-05
 Reference value :  1.37620e-05
 Reference value :  1.37668e-05
 Reference value :  1.37716e-05
 Reference value :  1.37766e-05
 Reference value :  1.37808e-05
 Reference value :  1.37855e-05
 Reference value :  1.37905e-05
 Reference value :  1.37952e-05
 Reference value :  1.38003e-05
 Reference value :  1.38049e-05
 Reference value :  1.38098e-05
 Reference value :  1.38146e-05
 Reference value :  1.38196e-05
 Reference value :  1.38243e-05
 Reference value :  1.38294e-05
 Reference value :  1.38342e-05
 Reference value :  1.38393e-05
 Reference value :  1.38442e-05
 Reference value :  1.38492e-05
 Reference value :  1.38538e-05
 Reference value :  1.38587e-05
 Reference value :  1.38636e-05
 Reference value :  1.38686e-05
 Reference value :  1.38733e-05
 Reference value :  1.38784e-05
 Reference value :  1.38833e-05
 Reference value :  1.38879e-05
 Reference value :  1.38926e-05
 Reference value :  1.38975e-05
 Reference value :  1.39023e-05
 Reference value :  1.39072e-05
 Reference value :  1.39121e-05
 Reference value :  1.39170e-05
 Reference value :  1.39219e-05
 Reference value :  1.39268e-05
 Reference value :  1.39316e-05
 Reference value :  1.39371e-05
 Reference value :  1.39425e-05
 Reference value :  1.39479e-05
 Reference value :  1.39533e-05
 Reference value :  1.39587e-05
 Reference value :  1.39641e-05
 Reference value :  1.39693e-05
 Reference value :  1.39744e-05
 Reference value :  1.39790e-05
 Reference value :  1.39836e-05
 Reference value :  1.39887e-05
 Reference value :  1.39939e-05
 Reference value :  1.39992e-05
 Reference value :  1.40044e-05
 Reference value :  1.40098e-05
 Reference value :  1.40151e-05
 Reference value :  1.40205e-05
 Reference value :  1.40258e-05
 Reference value :  1.40310e-05
 Reference value :  1.40362e-05
 Reference value :  1.40415e-05
 Reference value :  1.40468e-05
 Reference value :  1.40521e-05
 Reference value :  1.40574e-05
 Reference value :  1.40627e-05
 Reference value :  1.40681e-05
 Reference value :  1.40733e-05
 Reference value :  1.40786e-05
 Reference value :  1.40838e-05
 Reference value :  1.40890e-05
 Reference value :  1.40942e-05
 Reference value :  1.40994e-05
 Reference value :  1.41045e-05
 Reference value :  1.41098e-05
 Reference value :  1.41152e-05
 Reference value :  1.41205e-05
 Reference value :  1.41257e-05
 Reference value :  1.41312e-05
 Reference value :  1.41365e-05
 Reference value :  1.41419e-05
 Reference value :  1.41471e-05
 Reference value :  1.41524e-05
 Reference value :  1.41575e-05
 Reference value :  1.41625e-05
 Reference value :  1.41673e-05
 Reference value :  1.41724e-05
 Reference value :  1.41777e-05
 Reference value :  1.41831e-05
 Reference value :  1.41884e-05
 Reference value :  1.41936e-05
 Reference value :  1.41988e-05
 Reference value :  1.42041e-05
 Reference value :  1.42091e-05
 Reference value :  1.42139e-05
 Reference value :  1.42188e-05
 Reference value :  1.42238e-05
 Reference value :  1.42287e-05
 Reference value :  1.42337e-05
 Reference value :  1.42386e-05
 Reference value :  1.42436e-05
 Reference value :  1.42483e-05
 Reference value :  1.42534e-05
 Reference value :  1.42583e-05
 Reference value :  1.42637e-05
 Reference value :  1.42690e-05
 Reference value :  1.42740e-05
 Reference value :  1.42785e-05
 Reference value :  1.42831e-05
 Reference value :  1.42879e-05
 Reference value :  1.42925e-05
 Reference value :  1.42972e-05
 Reference value :  1.43019e-05
 Reference value :  1.43066e-05
 Reference value :  1.43113e-05
 Reference value :  1.43164e-05
 Reference value :  1.43211e-05
 Reference value :  1.43262e-05
 Reference value :  1.43311e-05
 Reference value :  1.43359e-05
 Reference value :  1.43406e-05
 Reference value :  1.43453e-05
 Reference value :  1.43501e-05
 Reference value :  1.43553e-05
 Reference value :  1.43602e-05
 Reference value :  1.43651e-05
 Reference value :  1.43699e-05
 Reference value :  1.43748e-05
 Reference value :  1.43793e-05
 Reference value :  1.43842e-05
 Reference value :  1.43890e-05
 Reference value :  1.43936e-05
 Reference value :  1.43985e-05
 Reference value :  1.44032e-05
 Reference value :  1.44080e-05
 Reference value :  1.44128e-05
 Reference value :  1.44173e-05
 Reference value :  1.44221e-05
 Reference value :  1.44270e-05
 Reference value :  1.44319e-05
 Reference value :  1.44368e-05
 Reference value :  1.44417e-05
 Reference value :  1.44465e-05
 Reference value :  1.44512e-05
 Reference value :  1.44560e-05
 Reference value :  1.44606e-05
 Reference value :  1.44653e-05
 Reference value :  1.44701e-05
 Reference value :  1.44747e-05
 Reference value :  1.44796e-05
 Reference value :  1.44843e-05
 Reference value :  1.44888e-05
 Reference value :  1.44937e-05
 Reference value :  1.44985e-05
 Reference value :  1.45034e-05
 Reference value :  1.45083e-05
 Reference value :  1.45132e-05
 Reference value :  1.45180e-05
 Reference value :  1.45229e-05
 Reference value :  1.45278e-05
 Reference value :  1.45328e-05
 Reference value :  1.45375e-05
 Reference value :  1.45423e-05
 Reference value :  1.45473e-05
 Reference value :  1.45520e-05
 Reference value :  1.45570e-05
 Reference value :  1.45619e-05
 Reference value :  1.45668e-05
 Reference value :  1.45716e-05
 Reference value :  1.45766e-05
 Reference value :  1.45813e-05
 Reference value :  1.45863e-05
 Reference value :  1.45911e-05
 Reference value :  1.45961e-05
 Reference value :  1.46008e-05
 Reference value :  1.46058e-05
 Reference value :  1.46106e-05
 Reference value :  1.46155e-05
 Reference value :  1.46202e-05
 Reference value :  1.46253e-05
 Reference value :  1.46301e-05
 Reference value :  1.46350e-05
 Reference value :  1.46398e-05
 Reference value :  1.46448e-05
 Reference value :  1.46496e-05
 Reference value :  1.46545e-05
 Reference value :  1.46594e-05
 Reference value :  1.46643e-05
 Reference value :  1.46691e-05
 Reference value :  1.46741e-05
 Reference value :  1.46789e-05
 Reference value :  1.46841e-05
 Reference value :  1.46889e-05
 Reference value :  1.46937e-05
 Reference value :  1.46987e-05
 Reference value :  1.47035e-05
 Reference value :  1.47086e-05
 Reference value :  1.47134e-05
 Reference value :  1.47183e-05
 Reference value :  1.47230e-05
 Reference value :  1.47277e-05
 Reference value :  1.47327e-05
 Reference value :  1.47376e-05
 Reference value :  1.47425e-05
 Reference value :  1.47474e-05
 Reference value :  1.47522e-05
 Reference value :  1.47573e-05
 Reference value :  1.47621e-05
 Reference value :  1.47671e-05
 Reference value :  1.47720e-05
 Reference value :  1.47770e-05
 Reference value :  1.47819e-05
 Reference value :  1.47869e-05
 Reference value :  1.47918e-05
 Reference value :  1.47967e-05
 Reference value :  1.48016e-05
 Reference value :  1.48064e-05
 Reference value :  1.48115e-05
 Reference value :  1.48162e-05
 Reference value :  1.48212e-05
 Reference value :  1.48262e-05
 Reference value :  1.48312e-05
 Reference value :  1.48360e-05
 Reference value :  1.48410e-05
 Reference value :  1.48458e-05
 Reference value :  1.48507e-05
 Reference value :  1.48552e-05
 Reference value :  1.48601e-05
 Reference value :  1.48648e-05
 Reference value :  1.48695e-05
 Reference value :  1.48745e-05
 Reference value :  1.48794e-05
 Reference value :  1.48844e-05
 Reference value :  1.48899e-05
 Reference value :  1.48952e-05
 Reference value :  1.49005e-05
 Reference value :  1.49057e-05
 Reference value :  1.49104e-05
 Reference value :  1.49154e-05
 Reference value :  1.49202e-05
 Reference value :  1.49253e-05
 Reference value :  1.49302e-05
 Reference value :  1.49352e-05
 Reference value :  1.49401e-05
 Reference value :  1.49451e-05
 Reference value :  1.49501e-05
 Reference value :  1.49550e-05
 Reference value :  1.49601e-05
 Reference value :  1.49651e-05
 Reference value :  1.49700e-05
 Reference value :  1.49749e-05
 Reference value :  1.49797e-05
 Reference value :  1.49845e-05
 Reference value :  1.49896e-05
 Reference value :  1.49946e-05
 Reference value :  1.49995e-05
 Reference value :  1.50046e-05
 Reference value :  1.50095e-05
 Reference value :  1.50145e-05
 Reference value :  1.50199e-05
 Reference value :  1.50253e-05
 Reference value :  1.50306e-05
 Reference value :  1.50358e-05
 Reference value :  1.50412e-05
 Reference value :  1.50466e-05
 Reference value :  1.50520e-05
 Reference value :  1.50573e-05
 Reference value :  1.50627e-05
 Reference value :  1.50679e-05
 Reference value :  1.50732e-05
 Reference value :  1.50784e-05
 Reference value :  1.50839e-05
 Reference value :  1.50890e-05
 Reference value :  1.50942e-05
 Reference value :  1.50990e-05
 Reference value :  1.51044e-05
 Reference value :  1.51099e-05
 Reference value :  1.51153e-05
 Reference value :  1.51207e-05
 Reference value :  1.51261e-05
 Reference value :  1.51315e-05
 Reference value :  1.51368e-05
 Reference value :  1.51421e-05
 Reference value :  1.51474e-05
 Reference value :  1.51526e-05
 Reference value :  1.51582e-05
 Reference value :  1.51630e-05
 Reference value :  1.51679e-05
 Reference value :  1.51732e-05
 Reference value :  1.51787e-05
 Reference value :  1.51841e-05
 Reference value :  1.51893e-05
 Reference value :  1.51947e-05
 Reference value :  1.51999e-05
 Reference value :  1.52053e-05
 Reference value :  1.52106e-05
 Reference value :  1.52160e-05
 Reference value :  1.52213e-05
 Reference value :  1.52266e-05
 Reference value :  1.52317e-05
 Reference value :  1.52371e-05
 Reference value :  1.52423e-05
 Reference value :  1.52476e-05
 Reference value :  1.52530e-05
 Reference value :  1.52577e-05
 Reference value :  1.52626e-05
 Reference value :  1.52674e-05
 Reference value :  1.52725e-05
 Reference value :  1.52778e-05
 Reference value :  1.52825e-05
 Reference value :  1.52876e-05
 Reference value :  1.52922e-05
 Reference value :  1.52974e-05
 Reference value :  1.53028e-05
 Reference value :  1.53075e-05
 Reference value :  1.53124e-05
 Reference value :  1.53171e-05
 Reference value :  1.53220e-05
 Reference value :  1.53269e-05
 Reference value :  1.53320e-05
 Reference value :  1.53368e-05
 Reference value :  1.53419e-05
 Reference value :  1.53466e-05
 Reference value :  1.53516e-05
 Reference value :  1.53564e-05
 Reference value :  1.53614e-05
 Reference value :  1.53664e-05
 Reference value :  1.53712e-05
 Reference value :  1.53763e-05
 Reference value :  1.53810e-05
 Reference value :  1.53861e-05
 Reference value :  1.53908e-05
 Reference value :  1.53958e-05
 Reference value :  1.54007e-05
 Reference value :  1.54058e-05
 Reference value :  1.54106e-05
 Reference value :  1.54156e-05
 Reference value :  1.54204e-05
 Reference value :  1.54253e-05
 Reference value :  1.54301e-05
 Reference value :  1.54351e-05
 Reference value :  1.54401e-05
 Reference value :  1.54449e-05
 Reference value :  1.54499e-05
 Reference value :  1.54548e-05
 Reference value :  1.54599e-05
 Reference value :  1.54648e-05
 Reference value :  1.54698e-05
 Reference value :  1.54746e-05
 Reference value :  1.54795e-05
 Reference value :  1.54843e-05
 Reference value :  1.54893e-05
 Reference value :  1.54941e-05
 Reference value :  1.54990e-05
 Reference value :  1.55036e-05
 Reference value :  1.55084e-05
 Reference value :  1.55131e-05
 Reference value :  1.55179e-05
 Reference value :  1.55226e-05
 Reference value :  1.55272e-05
 Reference value :  1.55318e-05
 Reference value :  1.55367e-05
 Reference value :  1.55412e-05
 Reference value :  1.55460e-05
 Reference value :  1.55507e-05
 Reference value :  1.55554e-05
 Reference value :  1.55600e-05
 Reference value :  1.55647e-05
 Reference value :  1.55695e-05
 Reference value :  1.55745e-05
 Reference value :  1.55794e-05
 Reference value :  1.55844e-05
 Reference value :  1.55893e-05
 Reference value :  1.55944e-05
 Reference value :  1.55992e-05
 Reference value :  1.56041e-05
 Reference value :  1.56090e-05
 Reference value :  1.56139e-05
 Reference value :  1.56187e-05
 Reference value :  1.56237e-05
 Reference value :  1.56287e-05
 Reference value :  1.56335e-05
 Reference value :  1.56385e-05
 Reference value :  1.56433e-05
 Reference value :  1.56483e-05
 Reference value :  1.56531e-05
 Reference value :  1.56582e-05
 Reference value :  1.56630e-05
 Reference value :  1.56681e-05
 Reference value :  1.56731e-05
 Reference value :  1.56779e-05
 Reference value :  1.56828e-05
 Reference value :  1.56876e-05
 Reference value :  1.56926e-05
 Reference value :  1.56974e-05
 Reference value :  1.57024e-05
 Reference value :  1.57072e-05
 Reference value :  1.57124e-05
 Reference value :  1.57172e-05
 Reference value :  1.57223e-05
 Reference value :  1.57270e-05
 Reference value :  1.57319e-05
 Reference value :  1.57368e-05
 Reference value :  1.57418e-05
 Reference value :  1.57467e-05
 Reference value :  1.57516e-05
 Reference value :  1.57567e-05
 Reference value :  1.57614e-05
 Reference value :  1.57666e-05
 Reference value :  1.57713e-05
 Reference value :  1.57765e-05
 Reference value :  1.57814e-05
 Reference value :  1.57864e-05
 Reference value :  1.57918e-05
 Reference value :  1.57972e-05
 Reference value :  1.58026e-05
 Reference value :  1.58080e-05
 Reference value :  1.58133e-05
 Reference value :  1.58180e-05
 Reference value :  1.58231e-05
 Reference value :  1.58278e-05
 Reference value :  1.58328e-05
 Reference value :  1.58376e-05
 Reference value :  1.58425e-05
 Reference value :  1.58475e-05
 Reference value :  1.58522e-05
 Reference value :  1.58568e-05
 Reference value :  1.58617e-05
 Reference value :  1.58665e-05
 Reference value :  1.58715e-05
 Reference value :  1.58764e-05
 Reference value :  1.58815e-05
 Reference value :  1.58862e-05
 Reference value :  1.58913e-05
 Reference value :  1.58961e-05
 Reference value :  1.59011e-05
 Reference value :  1.59059e-05
 Reference value :  1.59110e-05
 Reference value :  1.59161e-05
 Reference value :  1.59209e-05
 Reference value :  1.59261e-05
 Reference value :  1.59311e-05
 Reference value :  1.59359e-05
 Reference value :  1.59410e-05
 Reference value :  1.59458e-05
 Reference value :  1.59508e-05
 Reference value :  1.59557e-05
 Reference value :  1.59608e-05
 Reference value :  1.59657e-05
 Reference value :  1.59706e-05
 Reference value :  1.59755e-05
 Reference value :  1.59804e-05
 Reference value :  1.59853e-05
 Reference value :  1.59900e-05
 Reference value :  1.59949e-05
 Reference value :  1.59999e-05
 Reference value :  1.60049e-05
 Reference value :  1.60097e-05
 Reference value :  1.60149e-05
 Reference value :  1.60197e-05
 Reference value :  1.60246e-05
 Reference value :  1.60300e-05
 Reference value :  1.60354e-05
 Reference value :  1.60407e-05
 Reference value :  1.60460e-05
 Reference value :  1.60514e-05
 Reference value :  1.60566e-05
 Reference value :  1.60615e-05
 Reference value :  1.60661e-05
 Reference value :  1.60711e-05
 Reference value :  1.60757e-05
 Reference value :  1.60806e-05
 Reference value :  1.60853e-05
 Reference value :  1.60898e-05
 Reference value :  1.60945e-05
 Reference value :  1.60996e-05
 Reference value :  1.61045e-05
 Reference value :  1.61094e-05
 Reference value :  1.61145e-05
 Reference value :  1.61193e-05
 Reference value :  1.61245e-05
 Reference value :  1.61298e-05
 Reference value :  1.61353e-05
 Reference value :  1.61406e-05
 Reference value :  1.61460e-05
 Reference value :  1.61512e-05
 Reference value :  1.61560e-05
 Reference value :  1.61609e-05
 Reference value :  1.61657e-05
 Reference value :  1.61704e-05
 Reference value :  1.61753e-05
 Reference value :  1.61800e-05
 Reference value :  1.61848e-05
 Reference value :  1.61895e-05
 Reference value :  1.61946e-05
 Reference value :  1.61994e-05
 Reference value :  1.62045e-05
 Reference value :  1.62094e-05
 Reference value :  1.62144e-05
 Reference value :  1.62193e-05
 Reference value :  1.62243e-05
 Reference value :  1.62297e-05
 Reference value :  1.62351e-05
 Reference value :  1.62405e-05
 Reference value :  1.62459e-05
 Reference value :  1.62513e-05
 Reference value :  1.62566e-05
 Reference value :  1.62618e-05
 Reference value :  1.62671e-05
 Reference value :  1.62726e-05
 Reference value :  1.62779e-05
 Reference value :  1.62833e-05
 Reference value :  1.62884e-05
 Reference value :  1.62937e-05
 Reference value :  1.62991e-05
 Reference value :  1.63045e-05
 Reference value :  1.63098e-05
 Reference value :  1.63149e-05
 Reference value :  1.63203e-05
 Reference value :  1.63254e-05
 Reference value :  1.63308e-05
 Reference value :  1.63361e-05
 Reference value :  1.63414e-05
 Reference value :  1.63470e-05
 Reference value :  1.63522e-05
 Reference value :  1.63575e-05
 Reference value :  1.63625e-05
 Reference value :  1.63679e-05
 Reference value :  1.63732e-05
 Reference value :  1.63785e-05
 Reference value :  1.63839e-05
 Reference value :  1.63891e-05
 Reference value :  1.63944e-05
 Reference value :  1.63997e-05
 Reference value :  1.64049e-05
 Reference value :  1.64102e-05
 Reference value :  1.64155e-05
 Reference value :  1.64207e-05
 Reference value :  1.64259e-05
 Reference value :  1.64313e-05
 Reference value :  1.64366e-05
 Reference value :  1.64417e-05
 Reference value :  1.64469e-05
 Reference value :  1.64522e-05
 Reference value :  1.64575e-05
 Reference value :  1.64627e-05
 Reference value :  1.64681e-05
 Reference value :  1.64733e-05
 Reference value :  1.64786e-05
 Reference value :  1.64836e-05
 Reference value :  1.64888e-05
 Reference value :  1.64942e-05
 Reference value :  1.64995e-05
 Reference value :  1.65048e-05
 Reference value :  1.65102e-05
 Reference value :  1.65155e-05
 Reference value :  1.65207e-05
 Reference value :  1.65259e-05
 Reference value :  1.65311e-05
 Reference value :  1.65364e-05
 Reference value :  1.65418e-05
 Reference value :  1.65469e-05
 Reference value :  1.65523e-05
 Reference value :  1.65575e-05
 Reference value :  1.65627e-05
 Reference value :  1.65681e-05
 Reference value :  1.65733e-05
 Reference value :  1.65786e-05
 Reference value :  1.65838e-05
 Reference value :  1.65889e-05
 Reference value :  1.65943e-05
 Reference value :  1.65995e-05
 Reference value :  1.66049e-05
 Reference value :  1.66102e-05
 Reference value :  1.66155e-05
 Reference value :  1.66208e-05
 Reference value :  1.66261e-05
 Reference value :  1.66314e-05
 Reference value :  1.66366e-05
 Reference value :  1.66417e-05
 Reference value :  1.66470e-05
 Reference value :  1.66523e-05
 Reference value :  1.66576e-05
 Reference value :  1.66628e-05
 Reference value :  1.66681e-05
 Reference value :  1.66732e-05
 Reference value :  1.66787e-05
 Reference value :  1.66837e-05
 Reference value :  1.66889e-05
 Reference value :  1.66942e-05
 Reference value :  1.66992e-05
 Reference value :  1.67045e-05
 Reference value :  1.67096e-05
 Reference value :  1.67143e-05
 Reference value :  1.67193e-05
 Reference value :  1.67240e-05
 Reference value :  1.67290e-05
 Reference value :  1.67338e-05
 Reference value :  1.67386e-05
 Reference value :  1.67435e-05
 Reference value :  1.67489e-05
 Reference value :  1.67542e-05
 Reference value :  1.67595e-05
 Reference value :  1.67648e-05
 Reference value :  1.67702e-05
 Reference value :  1.67755e-05
 Reference value :  1.67804e-05
 Reference value :  1.67853e-05
 Reference value :  1.67901e-05
 Reference value :  1.67952e-05
 Reference value :  1.67999e-05
 Reference value :  1.68049e-05
 Reference value :  1.68097e-05
 Reference value :  1.68147e-05
 Reference value :  1.68195e-05
 Reference value :  1.68247e-05
 Reference value :  1.68300e-05
 Reference value :  1.68352e-05
 Reference value :  1.68401e-05
 Reference value :  1.68452e-05
 Reference value :  1.68499e-05
 Reference value :  1.68550e-05
 Reference value :  1.68598e-05
 Reference value :  1.68648e-05
 Reference value :  1.68699e-05
 Reference value :  1.68753e-05
 Reference value :  1.68807e-05
 Reference value :  1.68861e-05
 Reference value :  1.68914e-05
 Reference value :  1.68967e-05
 Reference value :  1.69020e-05
 Reference value :  1.69073e-05
 Reference value :  1.69124e-05
 Reference value :  1.69177e-05
 Reference value :  1.69229e-05
 Reference value :  1.69283e-05
 Reference value :  1.69336e-05
 Reference value :  1.69384e-05
 Reference value :  1.69431e-05
 Reference value :  1.69482e-05
 Reference value :  1.69534e-05
 Reference value :  1.69581e-05
 Reference value :  1.69631e-05
 Reference value :  1.69679e-05
 Reference value :  1.69728e-05
 Reference value :  1.69776e-05
 Reference value :  1.69826e-05
 Reference value :  1.69874e-05
 Reference value :  1.69923e-05
 Reference value :  1.69972e-05
 Reference value :  1.70021e-05
 Reference value :  1.70069e-05
 Reference value :  1.70120e-05
 Reference value :  1.70167e-05
 Reference value :  1.70216e-05
 Reference value :  1.70264e-05
 Reference value :  1.70313e-05
 Reference value :  1.70362e-05
 Reference value :  1.70411e-05
 Reference value :  1.70460e-05
 Reference value :  1.70510e-05
 Reference value :  1.70559e-05
 Reference value :  1.70609e-05
 Reference value :  1.70657e-05
 Reference value :  1.70707e-05
 Reference value :  1.70755e-05
 Reference value :  1.70805e-05
 Reference value :  1.70853e-05
 Reference value :  1.70902e-05
 Reference value :  1.70952e-05
 Reference value :  1.71001e-05
 Reference value :  1.71048e-05
 Reference value :  1.71098e-05
 Reference value :  1.71145e-05
 Reference value :  1.71196e-05
 Reference value :  1.71244e-05
 Reference value :  1.71293e-05
 Reference value :  1.71340e-05
 Reference value :  1.71390e-05
 Reference value :  1.71438e-05
 Reference value :  1.71488e-05
 Reference value :  1.71535e-05
 Reference value :  1.71586e-05
 Reference value :  1.71636e-05
 Reference value :  1.71684e-05
 Reference value :  1.71733e-05
 Reference value :  1.71782e-05
 Reference value :  1.71831e-05
 Reference value :  1.71880e-05
 Reference value :  1.71930e-05
 Reference value :  1.71979e-05
 Reference value :  1.72030e-05
 Reference value :  1.72074e-05
 Reference value :  1.72122e-05
 Reference value :  1.72169e-05
 Reference value :  1.72216e-05
 Reference value :  1.72265e-05
 Reference value :  1.72313e-05
 Reference value :  1.72357e-05
 Reference value :  1.72397e-05
 Reference value :  1.72445e-05
 Reference value :  1.72496e-05
 Reference value :  1.72544e-05
 Reference value :  1.72594e-05
 Reference value :  1.72642e-05
 Reference value :  1.72692e-05
 Reference value :  1.72742e-05
 Reference value :  1.72790e-05
 Reference value :  1.72837e-05
 Reference value :  1.72886e-05
 Reference value :  1.72935e-05
 Reference value :  1.72985e-05
 Reference value :  1.73031e-05
 Reference value :  1.73082e-05
 Reference value :  1.73130e-05
 Reference value :  1.73180e-05
 Reference value :  1.73229e-05
 Reference value :  1.73278e-05
 Reference value :  1.73328e-05
 Reference value :  1.73375e-05
 Reference value :  1.73428e-05
 Reference value :  1.73476e-05
 Reference value :  1.73526e-05
 Reference value :  1.73574e-05
 Reference value :  1.73625e-05
 Reference value :  1.73675e-05
 Reference value :  1.73725e-05
 Reference value :  1.73775e-05
 Reference value :  1.73823e-05
 Reference value :  1.73873e-05
 Reference value :  1.73921e-05
 Reference value :  1.73970e-05
 Reference value :  1.74018e-05
 Reference value :  1.74069e-05
 Reference value :  1.74117e-05
 Reference value :  1.74166e-05
 Reference value :  1.74214e-05
 Reference value :  1.74264e-05
 Reference value :  1.74316e-05
 Reference value :  1.74363e-05
 Reference value :  1.74412e-05
 Reference value :  1.74460e-05
 Reference value :  1.74509e-05
 Reference value :  1.74557e-05
 Reference value :  1.74604e-05
 Reference value :  1.74653e-05
 Reference value :  1.74700e-05
 Reference value :  1.74749e-05
 Reference value :  1.74796e-05
 Reference value :  1.74846e-05
 Reference value :  1.74894e-05
 Reference value :  1.74943e-05
 Reference value :  1.74990e-05
 Reference value :  1.75038e-05
 Reference value :  1.75088e-05
 Reference value :  1.75136e-05
 Reference value :  1.75185e-05
 Reference value :  1.75233e-05
 Reference value :  1.75281e-05
 Reference value :  1.75328e-05
 Reference value :  1.75377e-05
 Reference value :  1.75425e-05
 Reference value :  1.75476e-05
 Reference value :  1.75523e-05
 Reference value :  1.75572e-05
 Reference value :  1.75621e-05
 Reference value :  1.75671e-05
 Reference value :  1.75717e-05
 Reference value :  1.75767e-05
 Reference value :  1.75813e-05
 Reference value :  1.75863e-05
 Reference value :  1.75911e-05
 Reference value :  1.75960e-05
 Reference value :  1.76009e-05
 Reference value :  1.76060e-05
 Reference value :  1.76108e-05
 Reference value :  1.76159e-05
 Reference value :  1.76209e-05
 Reference value :  1.76258e-05
 Reference value :  1.76309e-05
 Reference value :  1.76357e-05
 Reference value :  1.76406e-05
 Reference value :  1.76454e-05
 Reference value :  1.76501e-05
 Reference value :  1.76551e-05
 Reference value :  1.76599e-05
 Reference value :  1.76649e-05
 Reference value :  1.76695e-05
 Reference value :  1.76746e-05
 Reference value :  1.76793e-05
 Reference value :  1.76843e-05
 Reference value :  1.76888e-05
 Reference value :  1.76936e-05
 Reference value :  1.76985e-05
 Reference value :  1.77034e-05
 Reference value :  1.77082e-05
 Reference value :  1.77130e-05
 Reference value :  1.77178e-05
 Reference value :  1.77223e-05
 Reference value :  1.77270e-05
 Reference value :  1.77318e-05
 Reference value :  1.77364e-05
 Reference value :  1.77410e-05
 Reference value :  1.77457e-05
 Reference value :  1.77504e-05
 Reference value :  1.77549e-05
 Reference value :  1.77596e-05
 Reference value :  1.77641e-05
 Reference value :  1.77689e-05
 Reference value :  1.77734e-05
 Reference value :  1.77782e-05
 Reference value :  1.77830e-05
 Reference value :  1.77874e-05
 Reference value :  1.77923e-05
 Reference value :  1.77970e-05
 Reference value :  1.78016e-05
 Reference value :  1.78063e-05
 Reference value :  1.78111e-05
 Reference value :  1.78156e-05
 Reference value :  1.78203e-05
 Reference value :  1.78251e-05
 Reference value :  1.78297e-05
 Reference value :  1.78343e-05
 Reference value :  1.78391e-05
 Reference value :  1.78437e-05
 Reference value :  1.78484e-05
 Reference value :  1.78531e-05
 Reference value :  1.78578e-05
 Reference value :  1.78624e-05
 Reference value :  1.78673e-05
 Reference value :  1.78720e-05
 Reference value :  1.78773e-05
 Reference value :  1.78821e-05
 Reference value :  1.78871e-05
 Reference value :  1.78920e-05
 Reference value :  1.78970e-05
 Reference value :  1.79020e-05
 Reference value :  1.79068e-05
 Reference value :  1.79119e-05
 Reference value :  1.79167e-05
 Reference value :  1.79218e-05
 Reference value :  1.79267e-05
 Reference value :  1.79316e-05
 Reference value :  1.79367e-05
 Reference value :  1.79414e-05
 Reference value :  1.79466e-05
 Reference value :  1.79514e-05
 Reference value :  1.79564e-05
 Reference value :  1.79613e-05
 Reference value :  1.79662e-05
 Reference value :  1.79711e-05
 Reference value :  1.79760e-05
 Reference value :  1.79813e-05
 Reference value :  1.79860e-05
 Reference value :  1.79911e-05
 Reference value :  1.79960e-05
 Reference value :  1.80009e-05
 Reference value :  1.80061e-05
 Reference value :  1.80108e-05
 Reference value :  1.80160e-05
 Reference value :  1.80209e-05
 Reference value :  1.80259e-05
 Reference value :  1.80308e-05
 Reference value :  1.80360e-05
 Reference value :  1.80410e-05
 Reference value :  1.80460e-05
 Reference value :  1.80509e-05
 Reference value :  1.80560e-05
 Reference value :  1.80609e-05
 Reference value :  1.80659e-05
 Reference value :  1.80709e-05
 Reference value :  1.80758e-05
 Reference value :  1.80808e-05
 Reference value :  1.80856e-05
 Reference value :  1.80909e-05
 Reference value :  1.80956e-05
 Reference value :  1.81006e-05
 Reference value :  1.81054e-05
 Reference value :  1.81103e-05
 Reference value :  1.81152e-05
 Reference value :  1.81201e-05
 Reference value :  1.81250e-05
 Reference value :  1.81299e-05
 Reference value :  1.81347e-05
 Reference value :  1.81397e-05
 Reference value :  1.81447e-05
 Reference value :  1.81495e-05
 Reference value :  1.81546e-05
 Reference value :  1.81594e-05
 Reference value :  1.81645e-05
 Reference value :  1.81692e-05
 Reference value :  1.81743e-05
 Reference value :  1.81791e-05
 Reference value :  1.81841e-05
 Reference value :  1.81890e-05
 Reference value :  1.81939e-05
 Reference value :  1.81988e-05
 Reference value :  1.82037e-05
 Reference value :  1.82088e-05
 Reference value :  1.82138e-05
 Reference value :  1.82188e-05
 Reference value :  1.82237e-05
 Reference value :  1.82288e-05
 Reference value :  1.82338e-05
 Reference value :  1.82386e-05
 Reference value :  1.82437e-05
 Reference value :  1.82486e-05
 Reference value :  1.82535e-05
 Reference value :  1.82585e-05
 Reference value :  1.82635e-05
 Reference value :  1.82686e-05
 Reference value :  1.82736e-05
 Reference value :  1.82784e-05
 Reference value :  1.82833e-05
 Reference value :  1.82882e-05
 Reference value :  1.82933e-05
 Reference value :  1.82981e-05
 Reference value :  1.83032e-05
 Reference value :  1.83079e-05
 Reference value :  1.83131e-05
 Reference value :  1.83178e-05
 Reference value :  1.83229e-05
 Reference value :  1.83277e-05
 Reference value :  1.83326e-05
 Reference value :  1.83376e-05
 Reference value :  1.83424e-05
 Reference value :  1.83475e-05
 Reference value :  1.83523e-05
 Reference value :  1.83573e-05
 Reference value :  1.83620e-05
 Reference value :  1.83672e-05
 Reference value :  1.83719e-05
 Reference value :  1.83770e-05
 Reference value :  1.83818e-05
 Reference value :  1.83868e-05
 Reference value :  1.83917e-05
 Reference value :  1.83966e-05
 Reference value :  1.84015e-05
 Reference value :  1.84063e-05
 Reference value :  1.84113e-05
 Reference value :  1.84161e-05
 Reference value :  1.84213e-05
 Reference value :  1.84260e-05
 Reference value :  1.84311e-05
 Reference value :  1.84359e-05
 Reference value :  1.84409e-05
 Reference value :  1.84458e-05
 Reference value :  1.84508e-05
 Reference value :  1.84557e-05
 Reference value :  1.84606e-05
 Reference value :  1.84655e-05
 Reference value :  1.84703e-05
 Reference value :  1.84754e-05
 Reference value :  1.84802e-05
 Reference value :  1.84853e-05
 Reference value :  1.84901e-05
 Reference value :  1.84952e-05
 Reference value :  1.85000e-05
 Reference value :  1.85050e-05
 Reference value :  1.85100e-05
 Reference value :  1.85148e-05
 Reference value :  1.85200e-05
 Reference value :  1.85250e-05
 Reference value :  1.85300e-05
 Reference value :  1.85351e-05
 Reference value :  1.85401e-05
 Reference value :  1.85451e-05
 Reference value :  1.85505e-05
 Reference value :  1.85555e-05
 Reference value :  1.85605e-05
 Reference value :  1.85656e-05
 Reference value :  1.85705e-05
 Reference value :  1.85755e-05
 Reference value :  1.85805e-05
 Reference value :  1.85855e-05
 Reference value :  1.85905e-05
 Reference value :  1.85955e-05
 Reference value :  1.86004e-05
 Reference value :  1.86055e-05
 Reference value :  1.86103e-05
 Reference value :  1.86157e-05
 Reference value :  1.86212e-05
 Reference value :  1.86267e-05
 Reference value :  1.86321e-05
 Reference value :  1.86374e-05
 Reference value :  1.86429e-05
 Reference value :  1.86483e-05
 Reference value :  1.86537e-05
 Reference value :  1.86592e-05
 Reference value :  1.86645e-05
 Reference value :  1.86700e-05
 Reference value :  1.86753e-05
 Reference value :  1.86806e-05
 Reference value :  1.86859e-05
 Reference value :  1.86913e-05
 Reference value :  1.86967e-05
 Reference value :  1.87019e-05
 Reference value :  1.87074e-05
 Reference value :  1.87127e-05
 Reference value :  1.87181e-05
 Reference value :  1.87234e-05
 Reference value :  1.87287e-05
 Reference value :  1.87340e-05
 Reference value :  1.87393e-05
 Reference value :  1.87448e-05
 Reference value :  1.87500e-05
 Reference value :  1.87554e-05
 Reference value :  1.87607e-05
 Reference value :  1.87659e-05
 Reference value :  1.87711e-05
 Reference value :  1.87765e-05
 Reference value :  1.87814e-05
 Reference value :  1.87868e-05
 Reference value :  1.87923e-05
 Reference value :  1.87977e-05
 Reference value :  1.88031e-05
 Reference value :  1.88085e-05
 Reference value :  1.88138e-05
 Reference value :  1.88193e-05
 Reference value :  1.88247e-05
 Reference value :  1.88300e-05
 Reference value :  1.88354e-05
 Reference value :  1.88409e-05
 Reference value :  1.88463e-05
 Reference value :  1.88516e-05
 Reference value :  1.88568e-05
 Reference value :  1.88621e-05
 Reference value :  1.88674e-05
 Reference value :  1.88728e-05
 Reference value :  1.88781e-05
 Reference value :  1.88834e-05
 Reference value :  1.88888e-05
 Reference value :  1.88941e-05
 Reference value :  1.88995e-05
 Reference value :  1.89047e-05
 Reference value :  1.89102e-05
 Reference value :  1.89153e-05
 Reference value :  1.89207e-05
 Reference value :  1.89261e-05
 Reference value :  1.89313e-05
 Reference value :  1.89366e-05
 Reference value :  1.89418e-05
 Reference value :  1.89472e-05
 Reference value :  1.89526e-05
 Reference value :  1.89579e-05
 Reference value :  1.89630e-05
 Reference value :  1.89683e-05
 Reference value :  1.89737e-05
 Reference value :  1.89790e-05
 Reference value :  1.89842e-05
 Reference value :  1.89895e-05
 Reference value :  1.89950e-05
 Reference value :  1.90004e-05
 Reference value :  1.90058e-05
 Reference value :  1.90111e-05
 Reference value :  1.90165e-05
 Reference value :  1.90217e-05
 Reference value :  1.90269e-05
 Reference value :  1.90324e-05
 Reference value :  1.90376e-05
 Reference value :  1.90430e-05
 Reference value :  1.90482e-05
 Reference value :  1.90535e-05
 Reference value :  1.90589e-05
 Reference value :  1.90643e-05
 Reference value :  1.90696e-05
 Reference value :  1.90748e-05
 Reference value :  1.90802e-05
 Reference value :  1.90850e-05
 Reference value :  1.90899e-05
 Reference value :  1.90948e-05
 Reference value :  1.90999e-05
 Reference value :  1.91047e-05
 Reference value :  1.91097e-05
 Reference value :  1.91146e-05
 Reference value :  1.91195e-05
 Reference value :  1.91244e-05
 Reference value :  1.91294e-05
 Reference value :  1.91342e-05
 Reference value :  1.91391e-05
 Reference value :  1.91441e-05
 Reference value :  1.91490e-05
 Reference value :  1.91541e-05
 Reference value :  1.91591e-05
 Reference value :  1.91640e-05
 Reference value :  1.91690e-05
 Reference value :  1.91738e-05
 Reference value :  1.91789e-05
 Reference value :  1.91837e-05
 Reference value :  1.91885e-05
 Reference value :  1.91933e-05
 Reference value :  1.91985e-05
 Reference value :  1.92033e-05
 Reference value :  1.92083e-05
 Reference value :  1.92131e-05
 Reference value :  1.92182e-05
 Reference value :  1.92232e-05
 Reference value :  1.92280e-05
 Reference value :  1.92330e-05
 Reference value :  1.92379e-05
 Reference value :  1.92429e-05
 Reference value :  1.92477e-05
 Reference value :  1.92529e-05
 Reference value :  1.92578e-05
 Reference value :  1.92627e-05
 Reference value :  1.92676e-05
 Reference value :  1.92724e-05
 Reference value :  1.92774e-05
 Reference value :  1.92823e-05
 Reference value :  1.92874e-05
 Reference value :  1.92923e-05
 Reference value :  1.92974e-05
 Reference value :  1.93022e-05
 Reference value :  1.93072e-05
 Reference value :  1.93121e-05
 Reference value :  1.93169e-05
 Reference value :  1.93219e-05
 Reference value :  1.93268e-05
 Reference value :  1.93319e-05
 Reference value :  1.93368e-05
 Reference value :  1.93418e-05
 Reference value :  1.93468e-05
 Reference value :  1.93516e-05
 Reference value :  1.93569e-05
 Reference value :  1.93618e-05
 Reference value :  1.93668e-05
 Reference value :  1.93718e-05
 Reference value :  1.93766e-05
 Reference value :  1.93817e-05
 Reference value :  1.93865e-05
 Reference value :  1.93909e-05
 Reference value :  1.93956e-05
 Reference value :  1.94003e-05
 Reference value :  1.94048e-05
 Reference value :  1.94095e-05
 Reference value :  1.94143e-05
 Reference value :  1.94190e-05
 Reference value :  1.94238e-05
 Reference value :  1.94286e-05
 Reference value :  1.94337e-05
 Reference value :  1.94385e-05
 Reference value :  1.94437e-05
 Reference value :  1.94486e-05
 Reference value :  1.94535e-05
 Reference value :  1.94587e-05
 Reference value :  1.94635e-05
 Reference value :  1.94685e-05
 Reference value :  1.94735e-05
 Reference value :  1.94784e-05
 Reference value :  1.94835e-05
 Reference value :  1.94884e-05
 Reference value :  1.94936e-05
 Reference value :  1.94985e-05
 Reference value :  1.95033e-05
 Reference value :  1.95083e-05
 Reference value :  1.95133e-05
 Reference value :  1.95184e-05
 Reference value :  1.95232e-05
 Reference value :  1.95283e-05
 Reference value :  1.95331e-05
 Reference value :  1.95380e-05
 Reference value :  1.95431e-05
 Reference value :  1.95481e-05
 Reference value :  1.95532e-05
 Reference value :  1.95580e-05
 Reference value :  1.95631e-05
 Reference value :  1.95682e-05
 Reference value :  1.95731e-05
 Reference value :  1.95781e-05
 Reference value :  1.95831e-05
 Reference value :  1.95879e-05
 Reference value :  1.95932e-05
 Reference value :  1.95981e-05
 Reference value :  1.96031e-05
 Reference value :  1.96081e-05
 Reference value :  1.96129e-05
 Reference value :  1.96180e-05
 Reference value :  1.96228e-05
 Reference value :  1.96279e-05
 Reference value :  1.96326e-05
 Reference value :  1.96377e-05
 Reference value :  1.96425e-05
 Reference value :  1.96474e-05
 Reference value :  1.96522e-05
 Reference value :  1.96573e-05
 Reference value :  1.96622e-05
 Reference value :  1.96671e-05
 Reference value :  1.96721e-05
 Reference value :  1.96769e-05
 Reference value :  1.96821e-05
 Reference value :  1.96868e-05
 Reference value :  1.96919e-05
 Reference value :  1.96969e-05
 Reference value :  1.97017e-05
 Reference value :  1.97066e-05
 Reference value :  1.97114e-05
 Reference value :  1.97159e-05
 Reference value :  1.97207e-05
 Reference value :  1.97254e-05
 Reference value :  1.97300e-05
 Reference value :  1.97347e-05
 Reference value :  1.97395e-05
 Reference value :  1.97441e-05
 Reference value :  1.97494e-05
 Reference value :  1.97537e-05
 Reference value :  1.97587e-05
 Reference value :  1.97636e-05
 Reference value :  1.97687e-05
 Reference value :  1.97737e-05
 Reference value :  1.97787e-05
 Reference value :  1.97838e-05
 Reference value :  1.97886e-05
 Reference value :  1.97938e-05
 Reference value :  1.97985e-05
 Reference value :  1.98035e-05
 Reference value :  1.98084e-05
 Reference value :  1.98134e-05
 Reference value :  1.98184e-05
 Reference value :  1.98231e-05
 Reference value :  1.98281e-05
 Reference value :  1.98330e-05
 Reference value :  1.98380e-05
 Reference value :  1.98428e-05
 Reference value :  1.98480e-05
 Reference value :  1.98529e-05
 Reference value :  1.98578e-05
 Reference value :  1.98627e-05
 Reference value :  1.98676e-05
 Reference value :  1.98726e-05
 Reference value :  1.98774e-05
 Reference value :  1.98825e-05
 Reference value :  1.98874e-05
 Reference value :  1.98924e-05
 Reference value :  1.98972e-05
 Reference value :  1.99022e-05
 Reference value :  1.99069e-05
 Reference value :  1.99119e-05
 Reference value :  1.99168e-05
 Reference value :  1.99217e-05
 Reference value :  1.99265e-05
 Reference value :  1.99314e-05
 Reference value :  1.99360e-05
 Reference value :  1.99409e-05
 Reference value :  1.99456e-05
 Reference value :  1.99504e-05
 Reference value :  1.99553e-05
 Reference value :  1.99599e-05
 Reference value :  1.99648e-05
 Reference value :  1.99695e-05
 Reference value :  1.99744e-05
 Reference value :  1.99792e-05
 Reference value :  1.99839e-05
 Reference value :  1.99886e-05
 Reference value :  1.99934e-05
 Reference value :  1.99983e-05
 Reference value :  2.00031e-05
 Reference value :  2.00080e-05
 Reference value :  2.00128e-05
 Reference value :  2.00176e-05
 Reference value :  2.00222e-05
 Reference value :  2.00271e-05
 Reference value :  2.00322e-05
 Reference value :  2.00372e-05
 Reference value :  2.00421e-05
 Reference value :  2.00470e-05
 Reference value :  2.00518e-05
 Reference value :  2.00567e-05
 Reference value :  2.00616e-05
 Reference value :  2.00667e-05
 Reference value :  2.00717e-05
 Reference value :  2.00766e-05
 Reference value :  2.00816e-05
 Reference value :  2.00865e-05
 Reference value :  2.00913e-05
 Reference value :  2.00960e-05
 Reference value :  2.01006e-05
 Reference value :  2.01058e-05
 Reference value :  2.01112e-05
 Reference value :  2.01166e-05
 Reference value :  2.01220e-05
 Reference value :  2.01273e-05
 Reference value :  2.01321e-05
 Reference value :  2.01372e-05
 Reference value :  2.01420e-05
 Reference value :  2.01472e-05
 Reference value :  2.01521e-05
 Reference value :  2.01570e-05
 Reference value :  2.01625e-05
 Reference value :  2.01678e-05
 Reference value :  2.01732e-05
 Reference value :  2.01787e-05
 Reference value :  2.01839e-05
 Reference value :  2.01894e-05
 Reference value :  2.01946e-05
 Reference value :  2.01998e-05
 Reference value :  2.02047e-05
 Reference value :  2.02096e-05
 Reference value :  2.02145e-05
 Reference value :  2.02198e-05
 Reference value :  2.02245e-05
 Reference value :  2.02296e-05
 Reference value :  2.02344e-05
 Reference value :  2.02394e-05
 Reference value :  2.02443e-05
 Reference value :  2.02491e-05
 Reference value :  2.02539e-05
 Reference value :  2.02587e-05
 Reference value :  2.02632e-05
 Reference value :  2.02679e-05
 Reference value :  2.02728e-05
 Reference value :  2.02774e-05
 Reference value :  2.02822e-05
 Reference value :  2.02871e-05
 Reference value :  2.02922e-05
 Reference value :  2.02970e-05
 Reference value :  2.03022e-05
 Reference value :  2.03071e-05
 Reference value :  2.03121e-05
 Reference value :  2.03172e-05
 Reference value :  2.03221e-05
 Reference value :  2.03272e-05
 Reference value :  2.03322e-05
 Reference value :  2.03370e-05
 Reference value :  2.03419e-05
 Reference value :  2.03467e-05
 Reference value :  2.03515e-05
 Reference value :  2.03564e-05
 Reference value :  2.03614e-05
 Reference value :  2.03663e-05
 Reference value :  2.03711e-05
 Reference value :  2.03760e-05
 Reference value :  2.03810e-05
 Reference value :  2.03859e-05
 Reference value :  2.03910e-05
 Reference value :  2.03959e-05
 Reference value :  2.04009e-05
 Reference value :  2.04058e-05
 Reference value :  2.04107e-05
 Reference value :  2.04158e-05
 Reference value :  2.04208e-05
 Reference value :  2.04258e-05
 Reference value :  2.04307e-05
 Reference value :  2.04356e-05
 Reference value :  2.04409e-05
 Reference value :  2.04454e-05
 Reference value :  2.04503e-05
 Reference value :  2.04551e-05
 Reference value :  2.04601e-05
 Reference value :  2.04648e-05
 Reference value :  2.04698e-05
 Reference value :  2.04746e-05
 Reference value :  2.04794e-05
 Reference value :  2.04843e-05
 Reference value :  2.04890e-05
 Reference value :  2.04940e-05
 Reference value :  2.04988e-05
 Reference value :  2.05039e-05
 Reference value :  2.05091e-05
 Reference value :  2.05139e-05
 Reference value :  2.05189e-05
 Reference value :  2.05238e-05
 Reference value :  2.05287e-05
 Reference value :  2.05335e-05
 Reference value :  2.05385e-05
 Reference value :  2.05433e-05
 Reference value :  2.05483e-05
 Reference value :  2.05535e-05
 Reference value :  2.05584e-05
 Reference value :  2.05635e-05
 Reference value :  2.05686e-05
 Reference value :  2.05733e-05
 Reference value :  2.05782e-05
 Reference value :  2.05830e-05
 Reference value :  2.05882e-05
 Reference value :  2.05929e-05
 Reference value :  2.05978e-05
 Reference value :  2.06026e-05
 Reference value :  2.06079e-05
 Reference value :  2.06128e-05
 Reference value :  2.06177e-05
 Reference value :  2.06229e-05
 Reference value :  2.06276e-05
 Reference value :  2.06324e-05
 Reference value :  2.06372e-05
 Reference value :  2.06421e-05
 Reference value :  2.06470e-05
 Reference value :  2.06518e-05
 Reference value :  2.06567e-05
 Reference value :  2.06617e-05
 Reference value :  2.06667e-05
 Reference value :  2.06718e-05
 Reference value :  2.06767e-05
 Reference value :  2.06817e-05
 Reference value :  2.06865e-05
 Reference value :  2.06915e-05
 Reference value :  2.06967e-05
 Reference value :  2.07016e-05
 Reference value :  2.07066e-05
 Reference value :  2.07115e-05
 Reference value :  2.07167e-05
 Reference value :  2.07220e-05
 Reference value :  2.07275e-05
 Reference value :  2.07327e-05
 Reference value :  2.07381e-05
 Reference value :  2.07435e-05
 Reference value :  2.07489e-05
 Reference value :  2.07540e-05
 Reference value :  2.07587e-05
 Reference value :  2.07637e-05
 Reference value :  2.07684e-05
 Reference value :  2.07736e-05
 Reference value :  2.07782e-05
 Reference value :  2.07832e-05
 Reference value :  2.07879e-05
 Reference value :  2.07928e-05
 Reference value :  2.07976e-05
 Reference value :  2.08025e-05
 Reference value :  2.08074e-05
 Reference value :  2.08122e-05
 Reference value :  2.08171e-05
 Reference value :  2.08221e-05
 Reference value :  2.08269e-05
 Reference value :  2.08316e-05
 Reference value :  2.08366e-05
 Reference value :  2.08415e-05
 Reference value :  2.08464e-05
 Reference value :  2.08512e-05
 Reference value :  2.08562e-05
 Reference value :  2.08611e-05
 Reference value :  2.08659e-05
 Reference value :  2.08708e-05
 Reference value :  2.08757e-05
 Reference value :  2.08806e-05
 Reference value :  2.08854e-05
 Reference value :  2.08901e-05
 Reference value :  2.08951e-05
 Reference value :  2.08998e-05
 Reference value :  2.09048e-05
 Reference value :  2.09096e-05
 Reference value :  2.09146e-05
 Reference value :  2.09194e-05
 Reference value :  2.09245e-05
 Reference value :  2.09296e-05
 Reference value :  2.09345e-05
 Reference value :  2.09396e-05
 Reference value :  2.09446e-05
 Reference value :  2.09494e-05
 Reference value :  2.09545e-05
 Reference value :  2.09593e-05
 Reference value :  2.09643e-05
 Reference value :  2.09693e-05
 Reference value :  2.09743e-05
 Reference value :  2.09792e-05
 Reference value :  2.09841e-05
 Reference value :  2.09892e-05
 Reference value :  2.09942e-05
 Reference value :  2.09992e-05
 Reference value :  2.10043e-05
 Reference value :  2.10091e-05
 Reference value :  2.10144e-05
 Reference value :  2.10192e-05
 Reference value :  2.10242e-05
 Reference value :  2.10294e-05
 Reference value :  2.10342e-05
 Reference value :  2.10394e-05
 Reference value :  2.10442e-05
 Reference value :  2.10492e-05
 Reference value :  2.10543e-05
 Reference value :  2.10592e-05
 Reference value :  2.10643e-05
 Reference value :  2.10691e-05
 Reference value :  2.10741e-05
 Reference value :  2.10792e-05
 Reference value :  2.10839e-05
 Reference value :  2.10890e-05
 Reference value :  2.10939e-05
 Reference value :  2.10988e-05
 Reference value :  2.11038e-05
 Reference value :  2.11086e-05
 Reference value :  2.11134e-05
 Reference value :  2.11185e-05
 Reference value :  2.11234e-05
 Reference value :  2.11283e-05
 Reference value :  2.11334e-05
 Reference value :  2.11381e-05
 Reference value :  2.11433e-05
 Reference value :  2.11483e-05
 Reference value :  2.11532e-05
 Reference value :  2.11583e-05
 Reference value :  2.11631e-05
 Reference value :  2.11681e-05
 Reference value :  2.11730e-05
 Reference value :  2.11781e-05
 Reference value :  2.11830e-05
 Reference value :  2.11881e-05
 Reference value :  2.11931e-05
 Reference value :  2.11981e-05
 Reference value :  2.12031e-05
 Reference value :  2.12083e-05
 Reference value :  2.12131e-05
 Reference value :  2.12180e-05
 Reference value :  2.12226e-05
 Reference value :  2.12275e-05
 Reference value :  2.12323e-05
 Reference value :  2.12370e-05
 Reference value :  2.12418e-05
 Reference value :  2.12465e-05
 Reference value :  2.12514e-05
 Reference value :  2.12562e-05
 Reference value :  2.12609e-05
 Reference value :  2.12659e-05
 Reference value :  2.12709e-05
 Reference value :  2.12757e-05
 Reference value :  2.12807e-05
 Reference value :  2.12856e-05
 Reference value :  2.12906e-05
 Reference value :  2.12953e-05
 Reference value :  2.13005e-05
 Reference value :  2.13055e-05
 Reference value :  2.13104e-05
 Reference value :  2.13155e-05
 Reference value :  2.13203e-05
 Reference value :  2.13255e-05
 Reference value :  2.13305e-05
 Reference value :  2.13354e-05
 Reference value :  2.13405e-05
 Reference value :  2.13452e-05
 Reference value :  2.13501e-05
 Reference value :  2.13552e-05
 Reference value :  2.13602e-05
 Reference value :  2.13653e-05
 Reference value :  2.13702e-05
 Reference value :  2.13753e-05
 Reference value :  2.13802e-05
 Reference value :  2.13852e-05
 Reference value :  2.13903e-05
 Reference value :  2.13952e-05
 Reference value :  2.14003e-05
 Reference value :  2.14052e-05
 Reference value :  2.14102e-05
 Reference value :  2.14154e-05
 Reference value :  2.14202e-05
 Reference value :  2.14253e-05
 Reference value :  2.14303e-05
 Reference value :  2.14352e-05
 Reference value :  2.14403e-05
 Reference value :  2.14452e-05
 Reference value :  2.14502e-05
 Reference value :  2.14552e-05
 Reference value :  2.14600e-05
 Reference value :  2.14651e-05
 Reference value :  2.14699e-05
 Reference value :  2.14751e-05
 Reference value :  2.14800e-05
 Reference value :  2.14849e-05
 Reference value :  2.14901e-05
 Reference value :  2.14949e-05
 Reference value :  2.14999e-05
 Reference value :  2.15048e-05
 Reference value :  2.15098e-05
 Reference value :  2.15148e-05
 Reference value :  2.15197e-05
 Reference value :  2.15249e-05
 Reference value :  2.15299e-05
 Reference value :  2.15348e-05
 Reference value :  2.15398e-05
 Reference value :  2.15448e-05
 Reference value :  2.15499e-05
 Reference value :  2.15548e-05
 Reference value :  2.15597e-05
 Reference value :  2.15647e-05
 Reference value :  2.15696e-05
 Reference value :  2.15746e-05
 Reference value :  2.15795e-05
 Reference value :  2.15846e-05
 Reference value :  2.15897e-05
 Reference value :  2.15946e-05
 Reference value :  2.16003e-05
 Reference value :  2.16057e-05
 Reference value :  2.16112e-05
 Reference value :  2.16167e-05
 Reference value :  2.16219e-05
 Reference value :  2.16272e-05
 Reference value :  2.16326e-05
 Reference value :  2.16381e-05
 Reference value :  2.16435e-05
 Reference value :  2.16488e-05
 Reference value :  2.16541e-05
 Reference value :  2.16596e-05
 Reference value :  2.16650e-05
 Reference value :  2.16704e-05
 Reference value :  2.16757e-05
 Reference value :  2.16810e-05
 Reference value :  2.16863e-05
 Reference value :  2.16914e-05
 Reference value :  2.16968e-05
 Reference value :  2.17023e-05
 Reference value :  2.17074e-05
 Reference value :  2.17130e-05
 Reference value :  2.17183e-05
 Reference value :  2.17238e-05
 Reference value :  2.17291e-05
 Reference value :  2.17344e-05
 Reference value :  2.17397e-05
 Reference value :  2.17451e-05
 Reference value :  2.17505e-05
 Reference value :  2.17559e-05
 Reference value :  2.17613e-05
 Reference value :  2.17667e-05
 Reference value :  2.17720e-05
 Reference value :  2.17774e-05
 Reference value :  2.17829e-05
 Reference value :  2.17882e-05
 Reference value :  2.17934e-05
 Reference value :  2.17988e-05
 Reference value :  2.18043e-05
 Reference value :  2.18097e-05
 Reference value :  2.18149e-05
 Reference value :  2.18203e-05
 Reference value :  2.18257e-05
 Reference value :  2.18310e-05
 Reference value :  2.18363e-05
 Reference value :  2.18416e-05
 Reference value :  2.18470e-05
 Reference value :  2.18524e-05
 Reference value :  2.18578e-05
 Reference value :  2.18632e-05
 Reference value :  2.18686e-05
 Reference value :  2.18740e-05
 Reference value :  2.18795e-05
 Reference value :  2.18841e-05
 Reference value :  2.18891e-05
 Reference value :  2.18938e-05
 Reference value :  2.18982e-05
 Reference value :  2.19032e-05
 Reference value :  2.19080e-05
 Reference value :  2.19129e-05
 Reference value :  2.19175e-05
 Reference value :  2.19227e-05
 Reference value :  2.19276e-05
 Reference value :  2.19328e-05
 Reference value :  2.19383e-05
 Reference value :  2.19438e-05
 Reference value :  2.19493e-05
 Reference value :  2.19547e-05
 Reference value :  2.19602e-05
 Reference value :  2.19652e-05
 Reference value :  2.19703e-05
 Reference value :  2.19752e-05
 Reference value :  2.19801e-05
 Reference value :  2.19850e-05
 Reference value :  2.19901e-05
 Reference value :  2.19951e-05
 Reference value :  2.20000e-05
 Reference value :  2.20051e-05
 Reference value :  2.20099e-05
 Reference value :  2.20151e-05
 Reference value :  2.20204e-05
 Reference value :  2.20258e-05
 Reference value :  2.20312e-05
 Reference value :  2.20360e-05
 Reference value :  2.20410e-05
 Reference value :  2.20458e-05
 Reference value :  2.20507e-05
 Reference value :  2.20556e-05
 Reference value :  2.20605e-05
 Reference value :  2.20655e-05
 Reference value :  2.20704e-05
 Reference value :  2.20755e-05
 Reference value :  2.20803e-05
 Reference value :  2.20853e-05
 Reference value :  2.20902e-05
 Reference value :  2.20952e-05
 Reference value :  2.21000e-05
 Reference value :  2.21049e-05
 Reference value :  2.21099e-05
 Reference value :  2.21147e-05
 Reference value :  2.21200e-05
 Reference value :  2.21247e-05
 Reference value :  2.21299e-05
 Reference value :  2.21347e-05
 Reference value :  2.21396e-05
 Reference value :  2.21446e-05
 Reference value :  2.21495e-05
 Reference value :  2.21547e-05
 Reference value :  2.21594e-05
 Reference value :  2.21644e-05
 Reference value :  2.21692e-05
 Reference value :  2.21742e-05
 Reference value :  2.21790e-05
 Reference value :  2.21841e-05
 Reference value :  2.21890e-05
 Reference value :  2.21940e-05
 Reference value :  2.21994e-05
 Reference value :  2.22044e-05
 Reference value :  2.22093e-05
 Reference value :  2.22143e-05
 Reference value :  2.22193e-05
 Reference value :  2.22242e-05
 Reference value :  2.22294e-05
 Reference value :  2.22342e-05
 Reference value :  2.22392e-05
 Reference value :  2.22440e-05
 Reference value :  2.22491e-05
 Reference value :  2.22540e-05
 Reference value :  2.22589e-05
 Reference value :  2.22641e-05
 Reference value :  2.22689e-05
 Reference value :  2.22740e-05
 Reference value :  2.22789e-05
 Reference value :  2.22838e-05
 Reference value :  2.22887e-05
 Reference value :  2.22936e-05
 Reference value :  2.22986e-05
 Reference value :  2.23034e-05
 Reference value :  2.23087e-05
 Reference value :  2.23138e-05
 Reference value :  2.23190e-05
 Reference value :  2.23239e-05
 Reference value :  2.23288e-05
 Reference value :  2.23337e-05
 Reference value :  2.23388e-05
 Reference value :  2.23435e-05
 Reference value :  2.23485e-05
 Reference value :  2.23534e-05
 Reference value :  2.23585e-05
 Reference value :  2.23634e-05
 Reference value :  2.23684e-05
 Reference value :  2.23730e-05
 Reference value :  2.23778e-05
 Reference value :  2.23824e-05
 Reference value :  2.23871e-05
 Reference value :  2.23918e-05
 Reference value :  2.23965e-05
 Reference value :  2.24010e-05
 Reference value :  2.24059e-05
 Reference value :  2.24105e-05
 Reference value :  2.24152e-05
 Reference value :  2.24200e-05
 Reference value :  2.24247e-05
 Reference value :  2.24294e-05
 Reference value :  2.24342e-05
 Reference value :  2.24389e-05
 Reference value :  2.24436e-05
 Reference value :  2.24484e-05
 Reference value :  2.24530e-05
 Reference value :  2.24578e-05
 Reference value :  2.24626e-05
 Reference value :  2.24672e-05
 Reference value :  2.24724e-05
 Reference value :  2.24773e-05
 Reference value :  2.24822e-05
 Reference value :  2.24874e-05
 Reference value :  2.24921e-05
 Reference value :  2.24972e-05
 Reference value :  2.25021e-05
 Reference value :  2.25071e-05
 Reference value :  2.25121e-05
 Reference value :  2.25172e-05
 Reference value :  2.25222e-05
 Reference value :  2.25271e-05
 Reference value :  2.25321e-05
 Reference value :  2.25371e-05
 Reference value :  2.25422e-05
 Reference value :  2.25472e-05
 Reference value :  2.25522e-05
 Reference value :  2.25572e-05
 Reference value :  2.25622e-05
 Reference value :  2.25671e-05
 Reference value :  2.25722e-05
 Reference value :  2.25772e-05
 Reference value :  2.25822e-05
 Reference value :  2.25873e-05
 Reference value :  2.25922e-05
 Reference value :  2.25973e-05
 Reference value :  2.26023e-05
 Reference value :  2.26071e-05
 Reference value :  2.26122e-05
 Reference value :  2.26172e-05
 Reference value :  2.26220e-05
 Reference value :  2.26272e-05
 Reference value :  2.26322e-05
 Reference value :  2.26375e-05
 Reference value :  2.26430e-05
 Reference value :  2.26482e-05
 Reference value :  2.26537e-05
 Reference value :  2.26592e-05
 Reference value :  2.26646e-05
 Reference value :  2.26700e-05
 Reference value :  2.26753e-05
 Reference value :  2.26807e-05
 Reference value :  2.26860e-05
 Reference value :  2.26915e-05
 Reference value :  2.26969e-05
 Reference value :  2.27022e-05
 Reference value :  2.27071e-05
 Reference value :  2.27120e-05
 Reference value :  2.27170e-05
 Reference value :  2.27219e-05
 Reference value :  2.27268e-05
 Reference value :  2.27317e-05
 Reference value :  2.27368e-05
 Reference value :  2.27416e-05
 Reference value :  2.27467e-05
 Reference value :  2.27517e-05
 Reference value :  2.27565e-05
 Reference value :  2.27617e-05
 Reference value :  2.27667e-05
 Reference value :  2.27716e-05
 Reference value :  2.27767e-05
 Reference value :  2.27816e-05
 Reference value :  2.27866e-05
 Reference value :  2.27914e-05
 Reference value :  2.27965e-05
 Reference value :  2.28015e-05
 Reference value :  2.28070e-05
 Reference value :  2.28124e-05
 Reference value :  2.28179e-05
 Reference value :  2.28231e-05
 Reference value :  2.28285e-05
 Reference value :  2.28335e-05
 Reference value :  2.28386e-05
 Reference value :  2.28434e-05
 Reference value :  2.28484e-05
 Reference value :  2.28533e-05
 Reference value :  2.28583e-05
 Reference value :  2.28633e-05
 Reference value :  2.28682e-05
 Reference value :  2.28734e-05
 Reference value :  2.28780e-05
 Reference value :  2.28831e-05
 Reference value :  2.28880e-05
 Reference value :  2.28929e-05
 Reference value :  2.28977e-05
 Reference value :  2.29028e-05
 Reference value :  2.29076e-05
 Reference value :  2.29126e-05
 Reference value :  2.29177e-05
 Reference value :  2.29227e-05
 Reference value :  2.29276e-05
 Reference value :  2.29327e-05
 Reference value :  2.29375e-05
 Reference value :  2.29425e-05
 Reference value :  2.29473e-05
 Reference value :  2.29525e-05
 Reference value :  2.29574e-05
 Reference value :  2.29624e-05
 Reference value :  2.29676e-05
 Reference value :  2.29724e-05
 Reference value :  2.29775e-05
 Reference value :  2.29824e-05
 Reference value :  2.29874e-05
 Reference value :  2.29924e-05
 Reference value :  2.29973e-05
 Reference value :  2.30024e-05
 Reference value :  2.30072e-05
 Reference value :  2.30122e-05
 Reference value :  2.30172e-05
 Reference value :  2.30222e-05
 Reference value :  2.30273e-05
 Reference value :  2.30322e-05
 Reference value :  2.30372e-05
 Reference value :  2.30424e-05
 Reference value :  2.30472e-05
 Reference value :  2.30522e-05
 Reference value :  2.30571e-05
 Reference value :  2.30621e-05
 Reference value :  2.30670e-05
 Reference value :  2.30719e-05
 Reference value :  2.30771e-05
 Reference value :  2.30820e-05
 Reference value :  2.30870e-05
 Reference value :  2.30919e-05
 Reference value :  2.30968e-05
 Reference value :  2.31019e-05
 Reference value :  2.31068e-05
 Reference value :  2.31119e-05
 Reference value :  2.31167e-05
 Reference value :  2.31217e-05
 Reference value :  2.31266e-05
 Reference value :  2.31315e-05
 Reference value :  2.31368e-05
 Reference value :  2.31415e-05
 Reference value :  2.31465e-05
 Reference value :  2.31515e-05
 Reference value :  2.31564e-05
 Reference value :  2.31615e-05
 Reference value :  2.31664e-05
 Reference value :  2.31714e-05
 Reference value :  2.31762e-05
 Reference value :  2.31813e-05
 Reference value :  2.31863e-05
 Reference value :  2.31912e-05
 Reference value :  2.31963e-05
 Reference value :  2.32012e-05
 Reference value :  2.32063e-05
 Reference value :  2.32111e-05
 Reference value :  2.32161e-05
 Reference value :  2.32211e-05
 Reference value :  2.32260e-05
 Reference value :  2.32310e-05
 Reference value :  2.32361e-05
 Reference value :  2.32410e-05
 Reference value :  2.32461e-05
 Reference value :  2.32509e-05
 Reference value :  2.32561e-05
 Reference value :  2.32610e-05
 Reference value :  2.32659e-05
 Reference value :  2.32709e-05
 Reference value :  2.32757e-05
 Reference value :  2.32808e-05
 Reference value :  2.32856e-05
 Reference value :  2.32908e-05
 Reference value :  2.32956e-05
 Reference value :  2.33006e-05
 Reference value :  2.33057e-05
 Reference value :  2.33106e-05
 Reference value :  2.33158e-05
 Reference value :  2.33206e-05
 Reference value :  2.33256e-05
 Reference value :  2.33306e-05
 Reference value :  2.33355e-05
 Reference value :  2.33406e-05
 Reference value :  2.33456e-05
 Reference value :  2.33505e-05
 Reference value :  2.33556e-05
 Reference value :  2.33606e-05
 Reference value :  2.33656e-05
 Reference value :  2.33705e-05
 Reference value :  2.33754e-05
 Reference value :  2.33806e-05
 Reference value :  2.33854e-05
 Reference value :  2.33905e-05
 Reference value :  2.33954e-05
 Reference value :  2.34004e-05
 Reference value :  2.34055e-05
 Reference value :  2.34103e-05
 Reference value :  2.34154e-05
 Reference value :  2.34202e-05
 Reference value :  2.34252e-05
 Reference value :  2.34303e-05
 Reference value :  2.34352e-05
 Reference value :  2.34403e-05
 Reference value :  2.34452e-05
 Reference value :  2.34502e-05
 Reference value :  2.34552e-05
 Reference value :  2.34601e-05
 Reference value :  2.34653e-05
 Reference value :  2.34702e-05
 Reference value :  2.34751e-05
 Reference value :  2.34802e-05
 Reference value :  2.34852e-05
 Reference value :  2.34902e-05
 Reference value :  2.34950e-05
 Reference value :  2.35000e-05
 Reference value :  2.35050e-05
 Reference value :  2.35100e-05
 Reference value :  2.35151e-05
 Reference value :  2.35201e-05
 Reference value :  2.35250e-05
 Reference value :  2.35300e-05
 Reference value :  2.35349e-05
 Reference value :  2.35406e-05
 Reference value :  2.35460e-05
 Reference value :  2.35516e-05
 Reference value :  2.35571e-05
 Reference value :  2.35624e-05
 Reference value :  2.35672e-05
 Reference value :  2.35722e-05
 Reference value :  2.35771e-05
 Reference value :  2.35821e-05
 Reference value :  2.35869e-05
 Reference value :  2.35920e-05
 Reference value :  2.35968e-05
 Reference value :  2.36019e-05
 Reference value :  2.36066e-05
 Reference value :  2.36116e-05
 Reference value :  2.36164e-05
 Reference value :  2.36215e-05
 Reference value :  2.36263e-05
 Reference value :  2.36313e-05
 Reference value :  2.36366e-05
 Reference value :  2.36415e-05
 Reference value :  2.36464e-05
 Reference value :  2.36515e-05
 Reference value :  2.36564e-05
 Reference value :  2.36614e-05
 Reference value :  2.36663e-05
 Reference value :  2.36713e-05
 Reference value :  2.36762e-05
 Reference value :  2.36811e-05
 Reference value :  2.36865e-05
 Reference value :  2.36920e-05
 Reference value :  2.36971e-05
 Reference value :  2.37019e-05
 Reference value :  2.37069e-05
 Reference value :  2.37118e-05
 Reference value :  2.37168e-05
 Reference value :  2.37218e-05
 Reference value :  2.37267e-05
 Reference value :  2.37317e-05
 Reference value :  2.37368e-05
 Reference value :  2.37424e-05
 Reference value :  2.37479e-05
 Reference value :  2.37533e-05
 Reference value :  2.37588e-05
 Reference value :  2.37641e-05
 Reference value :  2.37695e-05
 Reference value :  2.37750e-05
 Reference value :  2.37801e-05
 Reference value :  2.37854e-05
 Reference value :  2.37909e-05
 Reference value :  2.37964e-05
 Reference value :  2.38016e-05
 Reference value :  2.38067e-05
 Reference value :  2.38116e-05
 Reference value :  2.38166e-05
 Reference value :  2.38216e-05
 Reference value :  2.38264e-05
 Reference value :  2.38314e-05
 Reference value :  2.38364e-05
 Reference value :  2.38414e-05
 Reference value :  2.38463e-05
 Reference value :  2.38513e-05
 Reference value :  2.38564e-05
 Reference value :  2.38612e-05
 Reference value :  2.38663e-05
 Reference value :  2.38713e-05
 Reference value :  2.38762e-05
 Reference value :  2.38811e-05
 Reference value :  2.38860e-05
 Reference value :  2.38911e-05
 Reference value :  2.38960e-05
 Reference value :  2.39011e-05
 Reference value :  2.39060e-05
 Reference value :  2.39109e-05
 Reference value :  2.39161e-05
 Reference value :  2.39210e-05
 Reference value :  2.39260e-05
 Reference value :  2.39310e-05
 Reference value :  2.39359e-05
 Reference value :  2.39410e-05
 Reference value :  2.39458e-05
 Reference value :  2.39509e-05
 Reference value :  2.39559e-05
 Reference value :  2.39608e-05
 Reference value :  2.39659e-05
 Reference value :  2.39708e-05
 Reference value :  2.39758e-05
 Reference value :  2.39807e-05
 Reference value :  2.39857e-05
 Reference value :  2.39905e-05
 Reference value :  2.39955e-05
 Reference value :  2.40005e-05
 Reference value :  2.40052e-05
 Reference value :  2.40105e-05
 Reference value :  2.40153e-05
 Reference value :  2.40204e-05
 Reference value :  2.40254e-05
 Reference value :  2.40302e-05
 Reference value :  2.40355e-05
 Reference value :  2.40403e-05
 Reference value :  2.40453e-05
 Reference value :  2.40502e-05
 Reference value :  2.40551e-05
 Reference value :  2.40600e-05
 Reference value :  2.40649e-05
 Reference value :  2.40699e-05
 Reference value :  2.40747e-05
 Reference value :  2.40798e-05
 Reference value :  2.40846e-05
 Reference value :  2.40897e-05
 Reference value :  2.40947e-05
 Reference value :  2.40995e-05
 Reference value :  2.41044e-05
 Reference value :  2.41093e-05
 Reference value :  2.41144e-05
 Reference value :  2.41193e-05
 Reference value :  2.41244e-05
 Reference value :  2.41293e-05
 Reference value :  2.41342e-05
 Reference value :  2.41393e-05
 Reference value :  2.41442e-05
 Reference value :  2.41494e-05
 Reference value :  2.41543e-05
 Reference value :  2.41592e-05
 Reference value :  2.41643e-05
 Reference value :  2.41692e-05
 Reference value :  2.41743e-05
 Reference value :  2.41792e-05
 Reference value :  2.41842e-05
 Reference value :  2.41893e-05
 Reference value :  2.41942e-05
 Reference value :  2.41992e-05
 Reference value :  2.42043e-05
 Reference value :  2.42092e-05
 Reference value :  2.42144e-05
 Reference value :  2.42190e-05
 Reference value :  2.42239e-05
 Reference value :  2.42287e-05
 Reference value :  2.42338e-05
 Reference value :  2.42387e-05
 Reference value :  2.42437e-05
 Reference value :  2.42488e-05
 Reference value :  2.42536e-05
 Reference value :  2.42588e-05
 Reference value :  2.42637e-05
 Reference value :  2.42687e-05
 Reference value :  2.42736e-05
 Reference value :  2.42785e-05
 Reference value :  2.42836e-05
 Reference value :  2.42886e-05
 Reference value :  2.42936e-05
 Reference value :  2.42986e-05
 Reference value :  2.43034e-05
 Reference value :  2.43085e-05
 Reference value :  2.43134e-05
 Reference value :  2.43185e-05
 Reference value :  2.43234e-05
 Reference value :  2.43283e-05
 Reference value :  2.43334e-05
 Reference value :  2.43383e-05
 Reference value :  2.43434e-05
 Reference value :  2.43484e-05
 Reference value :  2.43532e-05
 Reference value :  2.43582e-05
 Reference value :  2.43631e-05
 Reference value :  2.43683e-05
 Reference value :  2.43732e-05
 Reference value :  2.43781e-05
 Reference value :  2.43829e-05
 Reference value :  2.43878e-05
 Reference value :  2.43929e-05
 Reference value :  2.43976e-05
 Reference value :  2.44024e-05
 Reference value :  2.44074e-05
 Reference value :  2.44123e-05
 Reference value :  2.44171e-05
 Reference value :  2.44220e-05
 Reference value :  2.44269e-05
 Reference value :  2.44321e-05
 Reference value :  2.44375e-05
 Reference value :  2.44428e-05
 Reference value :  2.44481e-05
 Reference value :  2.44537e-05
 Reference value :  2.44586e-05
 Reference value :  2.44637e-05
 Reference value :  2.44685e-05
 Reference value :  2.44735e-05
 Reference value :  2.44786e-05
 Reference value :  2.44834e-05
 Reference value :  2.44885e-05
 Reference value :  2.44934e-05
 Reference value :  2.44984e-05
 Reference value :  2.45031e-05
 Reference value :  2.45082e-05
 Reference value :  2.45132e-05
 Reference value :  2.45181e-05
 Reference value :  2.45232e-05
 Reference value :  2.45281e-05
 Reference value :  2.45331e-05
 Reference value :  2.45380e-05
 Reference value :  2.45429e-05
 Reference value :  2.45480e-05
 Reference value :  2.45528e-05
 Reference value :  2.45582e-05
 Reference value :  2.45638e-05
 Reference value :  2.45692e-05
 Reference value :  2.45747e-05
 Reference value :  2.45801e-05
 Reference value :  2.45853e-05
 Reference value :  2.45909e-05
 Reference value :  2.45962e-05
 Reference value :  2.46016e-05
 Reference value :  2.46069e-05
 Reference value :  2.46122e-05
 Reference value :  2.46176e-05
 Reference value :  2.46230e-05
 Reference value :  2.46283e-05
 Reference value :  2.46338e-05
 Reference value :  2.46392e-05
 Reference value :  2.46445e-05
 Reference value :  2.46499e-05
 Reference value :  2.46554e-05
 Reference value :  2.46609e-05
 Reference value :  2.46663e-05
 Reference value :  2.46716e-05
 Reference value :  2.46771e-05
 Reference value :  2.46825e-05
 Reference value :  2.46880e-05
 Reference value :  2.46933e-05
 Reference value :  2.46987e-05
 Reference value :  2.47040e-05
 Reference value :  2.47095e-05
 Reference value :  2.47146e-05
 Reference value :  2.47199e-05
 Reference value :  2.47254e-05
 Reference value :  2.47308e-05
 Reference value :  2.47361e-05
 Reference value :  2.47415e-05
 Reference value :  2.47470e-05
 Reference value :  2.47523e-05
 Reference value :  2.47576e-05
 Reference value :  2.47630e-05
 Reference value :  2.47683e-05
 Reference value :  2.47737e-05
 Reference value :  2.47791e-05
 Reference value :  2.47846e-05
 Reference value :  2.47899e-05
 Reference value :  2.47953e-05
 Reference value :  2.48006e-05
 Reference value :  2.48058e-05
 Reference value :  2.48113e-05
 Reference value :  2.48164e-05
 Reference value :  2.48218e-05
 Reference value :  2.48270e-05
 Reference value :  2.48323e-05
 Reference value :  2.48377e-05
 Reference value :  2.48431e-05
 Reference value :  2.48485e-05
 Reference value :  2.48540e-05
 Reference value :  2.48593e-05
 Reference value :  2.48646e-05
 Reference value :  2.48696e-05
 Reference value :  2.48750e-05
 Reference value :  2.48803e-05
 Reference value :  2.48856e-05
 Reference value :  2.48908e-05
 Reference value :  2.48962e-05
 Reference value :  2.49014e-05
 Reference value :  2.49063e-05
 Reference value :  2.49113e-05
 Reference value :  2.49161e-05
 Reference value :  2.49212e-05
 Reference value :  2.49258e-05
 Reference value :  2.49308e-05
 Reference value :  2.49356e-05
 Reference value :  2.49406e-05
 Reference value :  2.49453e-05
 Reference value :  2.49504e-05
 Reference value :  2.49554e-05
 Reference value :  2.49608e-05
 Reference value :  2.49659e-05
 Reference value :  2.49710e-05
 Reference value :  2.49759e-05
 Reference value :  2.49808e-05
 Reference value :  2.49857e-05
 Reference value :  2.49906e-05
 Reference value :  2.49955e-05
 Reference value :  2.50003e-05
 Reference value :  2.50054e-05
 Reference value :  2.50101e-05
 Reference value :  2.50152e-05
 Reference value :  2.50200e-05
 Reference value :  2.50251e-05
 Reference value :  2.50300e-05
 Reference value :  2.50350e-05
 Reference value :  2.50397e-05
 Reference value :  2.50447e-05
 Reference value :  2.50496e-05
 Reference value :  2.50545e-05
 Reference value :  2.50594e-05
 Reference value :  2.50643e-05
 Reference value :  2.50694e-05
 Reference value :  2.50742e-05
 Reference value :  2.50792e-05
 Reference value :  2.50841e-05
 Reference value :  2.50891e-05
 Reference value :  2.50938e-05
 Reference value :  2.50989e-05
 Reference value :  2.51037e-05
 Reference value :  2.51087e-05
 Reference value :  2.51134e-05
 Reference value :  2.51185e-05
 Reference value :  2.51237e-05
 Reference value :  2.51292e-05
 Reference value :  2.51346e-05
 Reference value :  2.51399e-05
 Reference value :  2.51454e-05
 Reference value :  2.51507e-05
 Reference value :  2.51562e-05
 Reference value :  2.51614e-05
 Reference value :  2.51667e-05
 Reference value :  2.51722e-05
 Reference value :  2.51774e-05
 Reference value :  2.51827e-05
 Reference value :  2.51881e-05
 Reference value :  2.51935e-05
 Reference value :  2.51987e-05
 Reference value :  2.52041e-05
 Reference value :  2.52095e-05
 Reference value :  2.52149e-05
 Reference value :  2.52202e-05
 Reference value :  2.52256e-05
 Reference value :  2.52310e-05
 Reference value :  2.52365e-05
 Reference value :  2.52414e-05
 Reference value :  2.52464e-05
 Reference value :  2.52518e-05
 Reference value :  2.52571e-05
 Reference value :  2.52626e-05
 Reference value :  2.52678e-05
 Reference value :  2.52732e-05
 Reference value :  2.52785e-05
 Reference value :  2.52840e-05
 Reference value :  2.52893e-05
 Reference value :  2.52945e-05
 Reference value :  2.52996e-05
 Reference value :  2.53049e-05
 Reference value :  2.53103e-05
 Reference value :  2.53157e-05
 Reference value :  2.53212e-05
 Reference value :  2.53265e-05
 Reference value :  2.53319e-05
 Reference value :  2.53372e-05
 Reference value :  2.53425e-05
 Reference value :  2.53478e-05
 Reference value :  2.53531e-05
 Reference value :  2.53585e-05
 Reference value :  2.53637e-05
 Reference value :  2.53691e-05
 Reference value :  2.53745e-05
 Reference value :  2.53799e-05
 Reference value :  2.53852e-05
 Reference value :  2.53906e-05
 Reference value :  2.53960e-05
 Reference value :  2.54014e-05
 Reference value :  2.54069e-05
 Reference value :  2.54122e-05
 Reference value :  2.54176e-05
 Reference value :  2.54231e-05
 Reference value :  2.54283e-05
 Reference value :  2.54338e-05
 Reference value :  2.54391e-05
 Reference value :  2.54444e-05
 Reference value :  2.54498e-05
 Reference value :  2.54552e-05
 Reference value :  2.54605e-05
 Reference value :  2.54658e-05
 Reference value :  2.54712e-05
 Reference value :  2.54765e-05
 Reference value :  2.54818e-05
 Reference value :  2.54871e-05
 Reference value :  2.54922e-05
 Reference value :  2.54968e-05
 Reference value :  2.55019e-05
 Reference value :  2.55067e-05
 Reference value :  2.55117e-05
 Reference value :  2.55163e-05
 Reference value :  2.55212e-05
 Reference value :  2.55260e-05
 Reference value :  2.55307e-05
 Reference value :  2.55356e-05
 Reference value :  2.55403e-05
 Reference value :  2.55451e-05
 Reference value :  2.55499e-05
 Reference value :  2.55546e-05
 Reference value :  2.55596e-05
 Reference value :  2.55644e-05
 Reference value :  2.55693e-05
 Reference value :  2.55740e-05
 Reference value :  2.55788e-05
 Reference value :  2.55836e-05
 Reference value :  2.55886e-05
 Reference value :  2.55933e-05
 Reference value :  2.55983e-05
 Reference value :  2.56030e-05
 Reference value :  2.56077e-05
 Reference value :  2.56126e-05
 Reference value :  2.56173e-05
 Reference value :  2.56224e-05
 Reference value :  2.56274e-05
 Reference value :  2.56323e-05
 Reference value :  2.56377e-05
 Reference value :  2.56431e-05
 Reference value :  2.56485e-05
 Reference value :  2.56539e-05
 Reference value :  2.56592e-05
 Reference value :  2.56646e-05
 Reference value :  2.56698e-05
 Reference value :  2.56746e-05
 Reference value :  2.56797e-05
 Reference value :  2.56845e-05
 Reference value :  2.56896e-05
 Reference value :  2.56945e-05
 Reference value :  2.56995e-05
 Reference value :  2.57045e-05
 Reference value :  2.57095e-05
 Reference value :  2.57144e-05
 Reference value :  2.57192e-05
 Reference value :  2.57243e-05
 Reference value :  2.57291e-05
 Reference value :  2.57342e-05
 Reference value :  2.57393e-05
 Reference value :  2.57441e-05
 Reference value :  2.57490e-05
 Reference value :  2.57537e-05
 Reference value :  2.57582e-05
 Reference value :  2.57630e-05
 Reference value :  2.57677e-05
 Reference value :  2.57723e-05
 Reference value :  2.57773e-05
 Reference value :  2.57822e-05
 Reference value :  2.57871e-05
 Reference value :  2.57918e-05
 Reference value :  2.57968e-05
 Reference value :  2.58015e-05
 Reference value :  2.58066e-05
 Reference value :  2.58113e-05
 Reference value :  2.58162e-05
 Reference value :  2.58209e-05
 Reference value :  2.58258e-05
 Reference value :  2.58306e-05
 Reference value :  2.58355e-05
 Reference value :  2.58403e-05
 Reference value :  2.58450e-05
 Reference value :  2.58500e-05
 Reference value :  2.58547e-05
 Reference value :  2.58597e-05
 Reference value :  2.58644e-05
 Reference value :  2.58693e-05
 Reference value :  2.58740e-05
 Reference value :  2.58789e-05
 Reference value :  2.58838e-05
 Reference value :  2.58886e-05
 Reference value :  2.58935e-05
 Reference value :  2.58983e-05
 Reference value :  2.59033e-05
 Reference value :  2.59087e-05
 Reference value :  2.59141e-05
 Reference value :  2.59196e-05
 Reference value :  2.59249e-05
 Reference value :  2.59304e-05
 Reference value :  2.59356e-05
 Reference value :  2.59409e-05
 Reference value :  2.59463e-05
 Reference value :  2.59515e-05
 Reference value :  2.59570e-05
 Reference value :  2.59623e-05
 Reference value :  2.59676e-05
 Reference value :  2.59730e-05
 Reference value :  2.59784e-05
 Reference value :  2.59837e-05
 Reference value :  2.59890e-05
 Reference value :  2.59944e-05
 Reference value :  2.59999e-05
 Reference value :  2.60052e-05
 Reference value :  2.60106e-05
 Reference value :  2.60160e-05
 Reference value :  2.60214e-05
 Reference value :  2.60268e-05
 Reference value :  2.60322e-05
 Reference value :  2.60375e-05
 Reference value :  2.60427e-05
 Reference value :  2.60479e-05
 Reference value :  2.60529e-05
 Reference value :  2.60581e-05
 Reference value :  2.60627e-05
 Reference value :  2.60678e-05
 Reference value :  2.60733e-05
 Reference value :  2.60786e-05
 Reference value :  2.60841e-05
 Reference value :  2.60892e-05
 Reference value :  2.60946e-05
 Reference value :  2.61000e-05
 Reference value :  2.61054e-05
 Reference value :  2.61109e-05
 Reference value :  2.61161e-05
 Reference value :  2.61215e-05
 Reference value :  2.61267e-05
 Reference value :  2.61321e-05
 Reference value :  2.61374e-05
 Reference value :  2.61428e-05
 Reference value :  2.61478e-05
 Reference value :  2.61526e-05
 Reference value :  2.61574e-05
 Reference value :  2.61623e-05
 Reference value :  2.61673e-05
 Reference value :  2.61721e-05
 Reference value :  2.61772e-05
 Reference value :  2.61821e-05
 Reference value :  2.61872e-05
 Reference value :  2.61921e-05
 Reference value :  2.61970e-05
 Reference value :  2.62020e-05
 Reference value :  2.62068e-05
 Reference value :  2.62122e-05
 Reference value :  2.62173e-05
 Reference value :  2.62218e-05
 Reference value :  2.62262e-05
 Reference value :  2.62305e-05
 Reference value :  2.62350e-05
 Reference value :  2.62396e-05
 Reference value :  2.62442e-05
 Reference value :  2.62487e-05
 Reference value :  2.62540e-05
 Reference value :  2.62588e-05
 Reference value :  2.62642e-05
 Reference value :  2.62696e-05
 Reference value :  2.62749e-05
 Reference value :  2.62804e-05
 Reference value :  2.62856e-05
 Reference value :  2.62910e-05
 Reference value :  2.62963e-05
 Reference value :  2.63015e-05
 Reference value :  2.63068e-05
 Reference value :  2.63122e-05
 Reference value :  2.63176e-05
 Reference value :  2.63229e-05
 Reference value :  2.63283e-05
 Reference value :  2.63337e-05
 Reference value :  2.63391e-05
 Reference value :  2.63445e-05
 Reference value :  2.63499e-05
 Reference value :  2.63550e-05
 Reference value :  2.63604e-05
 Reference value :  2.63652e-05
 Reference value :  2.63702e-05
 Reference value :  2.63749e-05
 Reference value :  2.63799e-05
 Reference value :  2.63846e-05
 Reference value :  2.63898e-05
 Reference value :  2.63945e-05
 Reference value :  2.63995e-05
 Reference value :  2.64041e-05
 Reference value :  2.64090e-05
 Reference value :  2.64139e-05
 Reference value :  2.64188e-05
 Reference value :  2.64236e-05
 Reference value :  2.64286e-05
 Reference value :  2.64334e-05
 Reference value :  2.64384e-05
 Reference value :  2.64432e-05
 Reference value :  2.64480e-05
 Reference value :  2.64533e-05
 Reference value :  2.64587e-05
 Reference value :  2.64641e-05
 Reference value :  2.64695e-05
 Reference value :  2.64748e-05
 Reference value :  2.64802e-05
 Reference value :  2.64855e-05
 Reference value :  2.64909e-05
 Reference value :  2.64962e-05
 Reference value :  2.65017e-05
 Reference value :  2.65069e-05
 Reference value :  2.65122e-05
 Reference value :  2.65176e-05
 Reference value :  2.65230e-05
 Reference value :  2.65284e-05
 Reference value :  2.65335e-05
 Reference value :  2.65384e-05
 Reference value :  2.65430e-05
 Reference value :  2.65482e-05
 Reference value :  2.65530e-05
 Reference value :  2.65579e-05
 Reference value :  2.65628e-05
 Reference value :  2.65678e-05
 Reference value :  2.65732e-05
 Reference value :  2.65785e-05
 Reference value :  2.65839e-05
 Reference value :  2.65892e-05
 Reference value :  2.65941e-05
 Reference value :  2.65991e-05
 Reference value :  2.66041e-05
 Reference value :  2.66089e-05
 Reference value :  2.66144e-05
 Reference value :  2.66198e-05
 Reference value :  2.66251e-05
 Reference value :  2.66298e-05
 Reference value :  2.66350e-05
 Reference value :  2.66404e-05
 Reference value :  2.66458e-05
 Reference value :  2.66512e-05
 Reference value :  2.66565e-05
 Reference value :  2.66617e-05
 Reference value :  2.66672e-05
 Reference value :  2.66725e-05
 Reference value :  2.66778e-05
 Reference value :  2.66831e-05
 Reference value :  2.66885e-05
 Reference value :  2.66938e-05
 Reference value :  2.66991e-05
 Reference value :  2.67045e-05
 Reference value :  2.67098e-05
 Reference value :  2.67152e-05
 Reference value :  2.67206e-05
 Reference value :  2.67257e-05
 Reference value :  2.67306e-05
 Reference value :  2.67357e-05
 Reference value :  2.67405e-05
 Reference value :  2.67455e-05
 Reference value :  2.67505e-05
 Reference value :  2.67553e-05
 Reference value :  2.67602e-05
 Reference value :  2.67651e-05
 Reference value :  2.67699e-05
 Reference value :  2.67748e-05
 Reference value :  2.67796e-05
 Reference value :  2.67846e-05
 Reference value :  2.67894e-05
 Reference value :  2.67943e-05
 Reference value :  2.67991e-05
 Reference value :  2.68041e-05
 Reference value :  2.68090e-05
 Reference value :  2.68138e-05
 Reference value :  2.68190e-05
 Reference value :  2.68237e-05
 Reference value :  2.68287e-05
 Reference value :  2.68337e-05
 Reference value :  2.68388e-05
 Reference value :  2.68438e-05
 Reference value :  2.68486e-05
 Reference value :  2.68536e-05
 Reference value :  2.68586e-05
 Reference value :  2.68634e-05
 Reference value :  2.68685e-05
 Reference value :  2.68735e-05
 Reference value :  2.68784e-05
 Reference value :  2.68833e-05
 Reference value :  2.68886e-05
 Reference value :  2.68935e-05
 Reference value :  2.68988e-05
 Reference value :  2.69040e-05
 Reference value :  2.69091e-05
 Reference value :  2.69140e-05
 Reference value :  2.69190e-05
 Reference value :  2.69239e-05
 Reference value :  2.69288e-05
 Reference value :  2.69337e-05
 Reference value :  2.69389e-05
 Reference value :  2.69439e-05
 Reference value :  2.69489e-05
 Reference value :  2.69539e-05
 Reference value :  2.69589e-05
 Reference value :  2.69636e-05
 Reference value :  2.69688e-05
 Reference value :  2.69737e-05
 Reference value :  2.69786e-05
 Reference value :  2.69835e-05
 Reference value :  2.69884e-05
 Reference value :  2.69934e-05
 Reference value :  2.69983e-05
 Reference value :  2.70033e-05
 Reference value :  2.70083e-05
 Reference value :  2.70132e-05
 Reference value :  2.70181e-05
 Reference value :  2.70231e-05
 Reference value :  2.70281e-05
 Reference value :  2.70330e-05
 Reference value :  2.70381e-05
 Reference value :  2.70430e-05
 Reference value :  2.70480e-05
 Reference value :  2.70529e-05
 Reference value :  2.70577e-05
 Reference value :  2.70630e-05
 Reference value :  2.70678e-05
 Reference value :  2.70729e-05
 Reference value :  2.70777e-05
 Reference value :  2.70827e-05
 Reference value :  2.70876e-05
 Reference value :  2.70925e-05
 Reference value :  2.70976e-05
 Reference value :  2.71028e-05
 Reference value :  2.71082e-05
 Reference value :  2.71133e-05
 Reference value :  2.71187e-05
 Reference value :  2.71239e-05
 Reference value :  2.71293e-05
 Reference value :  2.71347e-05
 Reference value :  2.71400e-05
 Reference value :  2.71453e-05
 Reference value :  2.71507e-05
 Reference value :  2.71561e-05
 Reference value :  2.71615e-05
 Reference value :  2.71667e-05
 Reference value :  2.71720e-05
 Reference value :  2.71774e-05
 Reference value :  2.71825e-05
 Reference value :  2.71878e-05
 Reference value :  2.71933e-05
 Reference value :  2.71987e-05
 Reference value :  2.72041e-05
 Reference value :  2.72093e-05
 Reference value :  2.72148e-05
 Reference value :  2.72203e-05
 Reference value :  2.72255e-05
 Reference value :  2.72309e-05
 Reference value :  2.72362e-05
 Reference value :  2.72415e-05
 Reference value :  2.72469e-05
 Reference value :  2.72521e-05
 Reference value :  2.72571e-05
 Reference value :  2.72618e-05
 Reference value :  2.72669e-05
 Reference value :  2.72718e-05
 Reference value :  2.72767e-05
 Reference value :  2.72817e-05
 Reference value :  2.72869e-05
 Reference value :  2.72923e-05
 Reference value :  2.72977e-05
 Reference value :  2.73030e-05
 Reference value :  2.73083e-05
 Reference value :  2.73136e-05
 Reference value :  2.73190e-05
 Reference value :  2.73243e-05
 Reference value :  2.73297e-05
 Reference value :  2.73349e-05
 Reference value :  2.73402e-05
 Reference value :  2.73453e-05
 Reference value :  2.73502e-05
 Reference value :  2.73551e-05
 Reference value :  2.73601e-05
 Reference value :  2.73649e-05
 Reference value :  2.73698e-05
 Reference value :  2.73746e-05
 Reference value :  2.73797e-05
 Reference value :  2.73847e-05
 Reference value :  2.73895e-05
 Reference value :  2.73945e-05
 Reference value :  2.73997e-05
 Reference value :  2.74053e-05
 Reference value :  2.74109e-05
 Reference value :  2.74163e-05
 Reference value :  2.74215e-05
 Reference value :  2.74269e-05
 Reference value :  2.74322e-05
 Reference value :  2.74375e-05
 Reference value :  2.74430e-05
 Reference value :  2.74485e-05
 Reference value :  2.74538e-05
 Reference value :  2.74590e-05
 Reference value :  2.74644e-05
 Reference value :  2.74698e-05
 Reference value :  2.74752e-05
 Reference value :  2.74805e-05
 Reference value :  2.74852e-05
 Reference value :  2.74902e-05
 Reference value :  2.74950e-05
 Reference value :  2.75000e-05
 Reference value :  2.75049e-05
 Reference value :  2.75098e-05
 Reference value :  2.75148e-05
 Reference value :  2.75196e-05
 Reference value :  2.75249e-05
 Reference value :  2.75301e-05
 Reference value :  2.75350e-05
 Reference value :  2.75400e-05
 Reference value :  2.75450e-05
 Reference value :  2.75499e-05
 Reference value :  2.75550e-05
 Reference value :  2.75598e-05
 Reference value :  2.75649e-05
 Reference value :  2.75699e-05
 Reference value :  2.75746e-05
 Reference value :  2.75794e-05
 Reference value :  2.75844e-05
 Reference value :  2.75893e-05
 Reference value :  2.75943e-05
 Reference value :  2.75993e-05
 Reference value :  2.76042e-05
 Reference value :  2.76092e-05
 Reference value :  2.76147e-05
 Reference value :  2.76200e-05
 Reference value :  2.76254e-05
 Reference value :  2.76308e-05
 Reference value :  2.76360e-05
 Reference value :  2.76414e-05
 Reference value :  2.76463e-05
 Reference value :  2.76514e-05
 Reference value :  2.76567e-05
 Reference value :  2.76622e-05
 Reference value :  2.76673e-05
 Reference value :  2.76728e-05
 Reference value :  2.76782e-05
 Reference value :  2.76835e-05
 Reference value :  2.76888e-05
 Reference value :  2.76941e-05
 Reference value :  2.76995e-05
 Reference value :  2.77049e-05
 Reference value :  2.77104e-05
 Reference value :  2.77158e-05
 Reference value :  2.77212e-05
 Reference value :  2.77266e-05
 Reference value :  2.77316e-05
 Reference value :  2.77363e-05
 Reference value :  2.77413e-05
 Reference value :  2.77462e-05
 Reference value :  2.77515e-05
 Reference value :  2.77570e-05
 Reference value :  2.77623e-05
 Reference value :  2.77676e-05
 Reference value :  2.77732e-05
 Reference value :  2.77783e-05
 Reference value :  2.77831e-05
 Reference value :  2.77881e-05
 Reference value :  2.77930e-05
 Reference value :  2.77981e-05
 Reference value :  2.78029e-05
 Reference value :  2.78079e-05
 Reference value :  2.78130e-05
 Reference value :  2.78177e-05
 Reference value :  2.78228e-05
 Reference value :  2.78278e-05
 Reference value :  2.78328e-05
 Reference value :  2.78377e-05
 Reference value :  2.78426e-05
 Reference value :  2.78476e-05
 Reference value :  2.78525e-05
 Reference value :  2.78575e-05
 Reference value :  2.78624e-05
 Reference value :  2.78674e-05
 Reference value :  2.78722e-05
 Reference value :  2.78772e-05
 Reference value :  2.78823e-05
 Reference value :  2.78872e-05
 Reference value :  2.78924e-05
 Reference value :  2.78972e-05
 Reference value :  2.79022e-05
 Reference value :  2.79073e-05
 Reference value :  2.79121e-05
 Reference value :  2.79170e-05
 Reference value :  2.79220e-05
 Reference value :  2.79271e-05
 Reference value :  2.79320e-05
 Reference value :  2.79369e-05
 Reference value :  2.79420e-05
 Reference value :  2.79468e-05
 Reference value :  2.79520e-05
 Reference value :  2.79568e-05
 Reference value :  2.79618e-05
 Reference value :  2.79669e-05
 Reference value :  2.79718e-05
 Reference value :  2.79767e-05
 Reference value :  2.79817e-05
 Reference value :  2.79867e-05
 Reference value :  2.79916e-05
 Reference value :  2.79965e-05
 Reference value :  2.80017e-05
 Reference value :  2.80065e-05
 Reference value :  2.80116e-05
 Reference value :  2.80165e-05
 Reference value :  2.80214e-05
 Reference value :  2.80264e-05
 Reference value :  2.80312e-05
 Reference value :  2.80362e-05
 Reference value :  2.80411e-05
 Reference value :  2.80462e-05
 Reference value :  2.80512e-05
 Reference value :  2.80561e-05
 Reference value :  2.80610e-05
 Reference value :  2.80659e-05
 Reference value :  2.80709e-05
 Reference value :  2.80759e-05
 Reference value :  2.80810e-05
 Reference value :  2.80859e-05
 Reference value :  2.80908e-05
 Reference value :  2.80958e-05
 Reference value :  2.81006e-05
 Reference value :  2.81059e-05
 Reference value :  2.81108e-05
 Reference value :  2.81157e-05
 Reference value :  2.81208e-05
 Reference value :  2.81256e-05
 Reference value :  2.81308e-05
 Reference value :  2.81355e-05
 Reference value :  2.81406e-05
 Reference value :  2.81457e-05
 Reference value :  2.81507e-05
 Reference value :  2.81557e-05
 Reference value :  2.81607e-05
 Reference value :  2.81657e-05
 Reference value :  2.81709e-05
 Reference value :  2.81756e-05
 Reference value :  2.81807e-05
 Reference value :  2.81858e-05
 Reference value :  2.81905e-05
 Reference value :  2.81956e-05
 Reference value :  2.82008e-05
 Reference value :  2.82057e-05
 Reference value :  2.82105e-05
 Reference value :  2.82155e-05
 Reference value :  2.82205e-05
 Reference value :  2.82254e-05
 Reference value :  2.82305e-05
 Reference value :  2.82352e-05
 Reference value :  2.82404e-05
 Reference value :  2.82452e-05
 Reference value :  2.82502e-05
 Reference value :  2.82551e-05
 Reference value :  2.82599e-05
 Reference value :  2.82651e-05
 Reference value :  2.82699e-05
 Reference value :  2.82749e-05
 Reference value :  2.82798e-05
 Reference value :  2.82848e-05
 Reference value :  2.82897e-05
 Reference value :  2.82948e-05
 Reference value :  2.82999e-05
 Reference value :  2.83047e-05
 Reference value :  2.83098e-05
 Reference value :  2.83147e-05
 Reference value :  2.83196e-05
 Reference value :  2.83248e-05
 Reference value :  2.83297e-05
 Reference value :  2.83347e-05
 Reference value :  2.83397e-05
 Reference value :  2.83446e-05
 Reference value :  2.83496e-05
 Reference value :  2.83547e-05
 Reference value :  2.83596e-05
 Reference value :  2.83646e-05
 Reference value :  2.83695e-05
 Reference value :  2.83746e-05
 Reference value :  2.83793e-05
 Reference value :  2.83844e-05
 Reference value :  2.83893e-05
 Reference value :  2.83941e-05
 Reference value :  2.83994e-05
 Reference value :  2.84051e-05
 Reference value :  2.84106e-05
 Reference value :  2.84162e-05
 Reference value :  2.84219e-05
 Reference value :  2.84277e-05
 Reference value :  2.84333e-05
 Reference value :  2.84389e-05
 Reference value :  2.84447e-05
 Reference value :  2.84503e-05
 Reference value :  2.84559e-05
 Reference value :  2.84615e-05
 Reference value :  2.84671e-05
 Reference value :  2.84728e-05
 Reference value :  2.84785e-05
 Reference value :  2.84841e-05
 Reference value :  2.84897e-05
 Reference value :  2.84952e-05
 Reference value :  2.85008e-05
 Reference value :  2.85065e-05
 Reference value :  2.85116e-05
 Reference value :  2.85168e-05
 Reference value :  2.85222e-05
 Reference value :  2.85279e-05
 Reference value :  2.85335e-05
 Reference value :  2.85391e-05
 Reference value :  2.85448e-05
 Reference value :  2.85504e-05
 Reference value :  2.85559e-05
 Reference value :  2.85616e-05
 Reference value :  2.85672e-05
 Reference value :  2.85730e-05
 Reference value :  2.85786e-05
 Reference value :  2.85843e-05
 Reference value :  2.85899e-05
 Reference value :  2.85955e-05
 Reference value :  2.86013e-05
 Reference value :  2.86068e-05
 Reference value :  2.86122e-05
 Reference value :  2.86176e-05
 Reference value :  2.86233e-05
 Reference value :  2.86291e-05
 Reference value :  2.86346e-05
 Reference value :  2.86403e-05
 Reference value :  2.86458e-05
 Reference value :  2.86514e-05
 Reference value :  2.86573e-05
 Reference value :  2.86631e-05
 Reference value :  2.86689e-05
 Reference value :  2.86748e-05
 Reference value :  2.86805e-05
 Reference value :  2.86869e-05
 Reference value :  2.86931e-05
 Reference value :  2.86989e-05
 Reference value :  2.87048e-05
 Reference value :  2.87108e-05
 Reference value :  2.87165e-05
 Reference value :  2.87224e-05
 Reference value :  2.87282e-05
 Reference value :  2.87340e-05
 Reference value :  2.87400e-05
 Reference value :  2.87457e-05
 Reference value :  2.87516e-05
 Reference value :  2.87575e-05
 Reference value :  2.87633e-05
 Reference value :  2.87694e-05
 Reference value :  2.87751e-05
 Reference value :  2.87811e-05
 Reference value :  2.87867e-05
 Reference value :  2.87927e-05
 Reference value :  2.87986e-05
 Reference value :  2.88045e-05
 Reference value :  2.88104e-05
 Reference value :  2.88161e-05
 Reference value :  2.88221e-05
 Reference value :  2.88279e-05
 Reference value :  2.88337e-05
 Reference value :  2.88398e-05
 Reference value :  2.88454e-05
 Reference value :  2.88515e-05
 Reference value :  2.88572e-05
 Reference value :  2.88631e-05
 Reference value :  2.88690e-05
 Reference value :  2.88746e-05
 Reference value :  2.88805e-05
 Reference value :  2.88864e-05
 Reference value :  2.88921e-05
 Reference value :  2.88980e-05
 Reference value :  2.89038e-05
 Reference value :  2.89098e-05
 Reference value :  2.89157e-05
 Reference value :  2.89216e-05
 Reference value :  2.89276e-05
 Reference value :  2.89334e-05
 Reference value :  2.89392e-05
 Reference value :  2.89450e-05
 Reference value :  2.89510e-05
 Reference value :  2.89568e-05
 Reference value :  2.89627e-05
 Reference value :  2.89687e-05
 Reference value :  2.89743e-05
 Reference value :  2.89802e-05
 Reference value :  2.89862e-05
 Reference value :  2.89921e-05
 Reference value :  2.89979e-05
 Reference value :  2.90036e-05
 Reference value :  2.90096e-05
 Reference value :  2.90155e-05
 Reference value :  2.90214e-05
 Reference value :  2.90274e-05
 Reference value :  2.90332e-05
 Reference value :  2.90392e-05
 Reference value :  2.90451e-05
 Reference value :  2.90511e-05
 Reference value :  2.90569e-05
 Reference value :  2.90627e-05
 Reference value :  2.90686e-05
 Reference value :  2.90744e-05
 Reference value :  2.90802e-05
 Reference value :  2.90859e-05
 Reference value :  2.90916e-05
 Reference value :  2.90972e-05
 Reference value :  2.91031e-05
 Reference value :  2.91091e-05
 Reference value :  2.91149e-05
 Reference value :  2.91206e-05
 Reference value :  2.91264e-05
 Reference value :  2.91324e-05
 Reference value :  2.91381e-05
 Reference value :  2.91440e-05
 Reference value :  2.91499e-05
 Reference value :  2.91557e-05
 Reference value :  2.91616e-05
 Reference value :  2.91673e-05
 Reference value :  2.91733e-05
 Reference value :  2.91791e-05
 Reference value :  2.91851e-05
 Reference value :  2.91910e-05
 Reference value :  2.91968e-05
 Reference value :  2.92027e-05
 Reference value :  2.92084e-05
 Reference value :  2.92147e-05
 Reference value :  2.92204e-05
 Reference value :  2.92265e-05
 Reference value :  2.92323e-05
 Reference value :  2.92383e-05
 Reference value :  2.92442e-05
 Reference value :  2.92501e-05
 Reference value :  2.92559e-05
 Reference value :  2.92616e-05
 Reference value :  2.92677e-05
 Reference value :  2.92734e-05
 Reference value :  2.92793e-05
 Reference value :  2.92853e-05
 Reference value :  2.92911e-05
 Reference value :  2.92970e-05
 Reference value :  2.93028e-05
 Reference value :  2.93088e-05
 Reference value :  2.93146e-05
 Reference value :  2.93206e-05
 Reference value :  2.93265e-05
 Reference value :  2.93326e-05
 Reference value :  2.93385e-05
 Reference value :  2.93445e-05
 Reference value :  2.93504e-05
 Reference value :  2.93562e-05
 Reference value :  2.93622e-05
 Reference value :  2.93680e-05
 Reference value :  2.93739e-05
 Reference value :  2.93797e-05
 Reference value :  2.93858e-05
 Reference value :  2.93917e-05
 Reference value :  2.93978e-05
 Reference value :  2.94037e-05
 Reference value :  2.94097e-05
 Reference value :  2.94155e-05
 Reference value :  2.94213e-05
 Reference value :  2.94273e-05
 Reference value :  2.94333e-05
 Reference value :  2.94393e-05
 Reference value :  2.94451e-05
 Reference value :  2.94511e-05
 Reference value :  2.94568e-05
 Reference value :  2.94628e-05
 Reference value :  2.94686e-05
 Reference value :  2.94745e-05
 Reference value :  2.94805e-05
 Reference value :  2.94864e-05
 Reference value :  2.94924e-05
 Reference value :  2.94982e-05
 Reference value :  2.95042e-05
 Reference value :  2.95100e-05
 Reference value :  2.95162e-05
 Reference value :  2.95219e-05
 Reference value :  2.95279e-05
 Reference value :  2.95336e-05
 Reference value :  2.95397e-05
 Reference value :  2.95455e-05
 Reference value :  2.95514e-05
 Reference value :  2.95574e-05
 Reference value :  2.95632e-05
 Reference value :  2.95693e-05
 Reference value :  2.95750e-05
 Reference value :  2.95811e-05
 Reference value :  2.95869e-05
 Reference value :  2.95928e-05
 Reference value :  2.95987e-05
 Reference value :  2.96046e-05
 Reference value :  2.96106e-05
 Reference value :  2.96166e-05
 Reference value :  2.96225e-05
 Reference value :  2.96284e-05
 Reference value :  2.96344e-05
 Reference value :  2.96401e-05
 Reference value :  2.96462e-05
 Reference value :  2.96520e-05
 Reference value :  2.96581e-05
 Reference value :  2.96640e-05
 Reference value :  2.96700e-05
 Reference value :  2.96758e-05
 Reference value :  2.96820e-05
 Reference value :  2.96876e-05
 Reference value :  2.96936e-05
 Reference value :  2.96995e-05
 Reference value :  2.97053e-05
 Reference value :  2.97114e-05
 Reference value :  2.97172e-05
 Reference value :  2.97233e-05
 Reference value :  2.97291e-05
 Reference value :  2.97351e-05
 Reference value :  2.97409e-05
 Reference value :  2.97471e-05
 Reference value :  2.97530e-05
 Reference value :  2.97589e-05
 Reference value :  2.97649e-05
 Reference value :  2.97708e-05
 Reference value :  2.97768e-05
 Reference value :  2.97829e-05
 Reference value :  2.97885e-05
 Reference value :  2.97949e-05
 Reference value :  2.98011e-05
 Reference value :  2.98068e-05
 Reference value :  2.98127e-05
 Reference value :  2.98187e-05
 Reference value :  2.98250e-05
 Reference value :  2.98310e-05
 Reference value :  2.98372e-05
 Reference value :  2.98436e-05
 Reference value :  2.98500e-05
 Reference value :  2.98558e-05
 Reference value :  2.98620e-05
 Reference value :  2.98681e-05
 Reference value :  2.98741e-05
 Reference value :  2.98801e-05
 Reference value :  2.98863e-05
 Reference value :  2.98924e-05
 Reference value :  2.98986e-05
 Reference value :  2.99047e-05
 Reference value :  2.99109e-05
 Reference value :  2.99172e-05
 Reference value :  2.99233e-05
 Reference value :  2.99293e-05
 Reference value :  2.99351e-05
 Reference value :  2.99413e-05
 Reference value :  2.99472e-05
 Reference value :  2.99530e-05
 Reference value :  2.99585e-05
 Reference value :  2.99640e-05
 Reference value :  2.99694e-05
 Reference value :  2.99749e-05
 Reference value :  2.99805e-05
 Reference value :  2.99864e-05
 Reference value :  2.99918e-05
 Reference value :  2.99973e-05
 Reference value :  3.00028e-05
 Reference value :  3.00084e-05
 Reference value :  3.00144e-05
 Reference value :  3.00199e-05
 Reference value :  3.00254e-05
 Reference value :  3.00311e-05
 Reference value :  3.00371e-05
 Reference value :  3.00431e-05
 Reference value :  3.00487e-05
 Reference value :  3.00547e-05
 Reference value :  3.00604e-05
 Reference value :  3.00660e-05
 Reference value :  3.00717e-05
 Reference value :  3.00777e-05
 Reference value :  3.00833e-05
 Reference value :  3.00892e-05
 Reference value :  3.00951e-05
 Reference value :  3.01010e-05
 Reference value :  3.01070e-05
 Reference value :  3.01128e-05
 Reference value :  3.01189e-05
 Reference value :  3.01248e-05
 Reference value :  3.01306e-05
 Reference value :  3.01365e-05
 Reference value :  3.01426e-05
 Reference value :  3.01483e-05
 Reference value :  3.01544e-05
 Reference value :  3.01602e-05
 Reference value :  3.01661e-05
 Reference value :  3.01721e-05
 Reference value :  3.01779e-05
 Reference value :  3.01839e-05
 Reference value :  3.01897e-05
 Reference value :  3.01958e-05
 Reference value :  3.02015e-05
 Reference value :  3.02077e-05
 Reference value :  3.02133e-05
 Reference value :  3.02192e-05
 Reference value :  3.02252e-05
 Reference value :  3.02310e-05
 Reference value :  3.02371e-05
 Reference value :  3.02429e-05
 Reference value :  3.02490e-05
 Reference value :  3.02548e-05
 Reference value :  3.02607e-05
 Reference value :  3.02664e-05
 Reference value :  3.02726e-05
 Reference value :  3.02784e-05
 Reference value :  3.02844e-05
 Reference value :  3.02904e-05
 Reference value :  3.02963e-05
 Reference value :  3.03022e-05
 Reference value :  3.03081e-05
 Reference value :  3.03140e-05
 Reference value :  3.03200e-05
 Reference value :  3.03260e-05
 Reference value :  3.03320e-05
 Reference value :  3.03379e-05
 Reference value :  3.03439e-05
 Reference value :  3.03498e-05
 Reference value :  3.03558e-05
 Reference value :  3.03618e-05
 Reference value :  3.03677e-05
 Reference value :  3.03737e-05
 Reference value :  3.03794e-05
 Reference value :  3.03855e-05
 Reference value :  3.03913e-05
 Reference value :  3.03974e-05
 Reference value :  3.04030e-05
 Reference value :  3.04091e-05
 Reference value :  3.04149e-05
 Reference value :  3.04209e-05
 Reference value :  3.04268e-05
 Reference value :  3.04328e-05
 Reference value :  3.04388e-05
 Reference value :  3.04448e-05
 Reference value :  3.04507e-05
 Reference value :  3.04567e-05
 Reference value :  3.04626e-05
 Reference value :  3.04685e-05
 Reference value :  3.04745e-05
 Reference value :  3.04802e-05
 Reference value :  3.04864e-05
 Reference value :  3.04922e-05
 Reference value :  3.04981e-05
 Reference value :  3.05039e-05
 Reference value :  3.05099e-05
 Reference value :  3.05157e-05
 Reference value :  3.05219e-05
 Reference value :  3.05277e-05
 Reference value :  3.05336e-05
 Reference value :  3.05396e-05
 Reference value :  3.05454e-05
 Reference value :  3.05515e-05
 Reference value :  3.05575e-05
 Reference value :  3.05634e-05
 Reference value :  3.05693e-05
 Reference value :  3.05753e-05
 Reference value :  3.05812e-05
 Reference value :  3.05872e-05
 Reference value :  3.05931e-05
 Reference value :  3.05992e-05
 Reference value :  3.06052e-05
 Reference value :  3.06111e-05
 Reference value :  3.06172e-05
 Reference value :  3.06232e-05
 Reference value :  3.06293e-05
 Reference value :  3.06351e-05
 Reference value :  3.06411e-05
 Reference value :  3.06470e-05
 Reference value :  3.06530e-05
 Reference value :  3.06591e-05
 Reference value :  3.06652e-05
 Reference value :  3.06711e-05
 Reference value :  3.06772e-05
 Reference value :  3.06831e-05
 Reference value :  3.06891e-05
 Reference value :  3.06950e-05
 Reference value :  3.07010e-05
 Reference value :  3.07068e-05
 Reference value :  3.07128e-05
 Reference value :  3.07187e-05
 Reference value :  3.07248e-05
 Reference value :  3.07305e-05
 Reference value :  3.07364e-05
 Reference value :  3.07423e-05
 Reference value :  3.07482e-05
 Reference value :  3.07542e-05
 Reference value :  3.07601e-05
 Reference value :  3.07660e-05
 Reference value :  3.07718e-05
 Reference value :  3.07778e-05
 Reference value :  3.07835e-05
 Reference value :  3.07897e-05
 Reference value :  3.07955e-05
 Reference value :  3.08017e-05
 Reference value :  3.08079e-05
 Reference value :  3.08138e-05
 Reference value :  3.08199e-05
 Reference value :  3.08257e-05
 Reference value :  3.08317e-05
 Reference value :  3.08376e-05
 Reference value :  3.08435e-05
 Reference value :  3.08495e-05
 Reference value :  3.08553e-05
 Reference value :  3.08613e-05
 Reference value :  3.08670e-05
 Reference value :  3.08732e-05
 Reference value :  3.08790e-05
 Reference value :  3.08851e-05
 Reference value :  3.08909e-05
 Reference value :  3.08969e-05
 Reference value :  3.09027e-05
 Reference value :  3.09089e-05
 Reference value :  3.09145e-05
 Reference value :  3.09203e-05
 Reference value :  3.09265e-05
 Reference value :  3.09323e-05
 Reference value :  3.09383e-05
 Reference value :  3.09440e-05
 Reference value :  3.09501e-05
 Reference value :  3.09560e-05
 Reference value :  3.09621e-05
 Reference value :  3.09678e-05
 Reference value :  3.09734e-05
 Reference value :  3.09795e-05
 Reference value :  3.09854e-05
 Reference value :  3.09915e-05
 Reference value :  3.09973e-05
 Reference value :  3.10033e-05
 Reference value :  3.10092e-05
 Reference value :  3.10153e-05
 Reference value :  3.10211e-05
 Reference value :  3.10270e-05
 Reference value :  3.10328e-05
 Reference value :  3.10391e-05
 Reference value :  3.10449e-05
 Reference value :  3.10510e-05
 Reference value :  3.10567e-05
 Reference value :  3.10629e-05
 Reference value :  3.10687e-05
 Reference value :  3.10748e-05
 Reference value :  3.10806e-05
 Reference value :  3.10866e-05
 Reference value :  3.10926e-05
 Reference value :  3.10986e-05
 Reference value :  3.11044e-05
 Reference value :  3.11105e-05
 Reference value :  3.11163e-05
 Reference value :  3.11222e-05
 Reference value :  3.11282e-05
 Reference value :  3.11342e-05
 Reference value :  3.11401e-05
 Reference value :  3.11461e-05
 Reference value :  3.11520e-05
 Reference value :  3.11579e-05
 Reference value :  3.11639e-05
 Reference value :  3.11696e-05
 Reference value :  3.11757e-05
 Reference value :  3.11814e-05
 Reference value :  3.11876e-05
 Reference value :  3.11934e-05
 Reference value :  3.11995e-05
 Reference value :  3.12054e-05
 Reference value :  3.12115e-05
 Reference value :  3.12173e-05
 Reference value :  3.12232e-05
 Reference value :  3.12291e-05
 Reference value :  3.12351e-05
 Reference value :  3.12409e-05
 Reference value :  3.12468e-05
 Reference value :  3.12528e-05
 Reference value :  3.12587e-05
 Reference value :  3.12647e-05
 Reference value :  3.12705e-05
 Reference value :  3.12765e-05
 Reference value :  3.12823e-05
 Reference value :  3.12883e-05
 Reference value :  3.12942e-05
 Reference value :  3.13003e-05
 Reference value :  3.13061e-05
 Reference value :  3.13121e-05
 Reference value :  3.13180e-05
 Reference value :  3.13240e-05
 Reference value :  3.13298e-05
 Reference value :  3.13359e-05
 Reference value :  3.13418e-05
 Reference value :  3.13479e-05
 Reference value :  3.13538e-05
 Reference value :  3.13598e-05
 Reference value :  3.13656e-05
 Reference value :  3.13714e-05
 Reference value :  3.13773e-05
 Reference value :  3.13832e-05
 Reference value :  3.13892e-05
 Reference value :  3.13950e-05
 Reference value :  3.14012e-05
 Reference value :  3.14069e-05
 Reference value :  3.14129e-05
 Reference value :  3.14188e-05
 Reference value :  3.14250e-05
 Reference value :  3.14307e-05
 Reference value :  3.14369e-05
 Reference value :  3.14426e-05
 Reference value :  3.14486e-05
 Reference value :  3.14544e-05
 Reference value :  3.14603e-05
 Reference value :  3.14664e-05
 Reference value :  3.14722e-05
 Reference value :  3.14783e-05
 Reference value :  3.14840e-05
 Reference value :  3.14901e-05
 Reference value :  3.14960e-05
 Reference value :  3.15019e-05
 Reference value :  3.15078e-05
 Reference value :  3.15137e-05
 Reference value :  3.15196e-05
 Reference value :  3.15256e-05
 Reference value :  3.15314e-05
 Reference value :  3.15375e-05
 Reference value :  3.15435e-05
 Reference value :  3.15495e-05
 Reference value :  3.15553e-05
 Reference value :  3.15613e-05
 Reference value :  3.15672e-05
 Reference value :  3.15734e-05
 Reference value :  3.15792e-05
 Reference value :  3.15854e-05
 Reference value :  3.15913e-05
 Reference value :  3.15974e-05
 Reference value :  3.16031e-05
 Reference value :  3.16092e-05
 Reference value :  3.16151e-05
 Reference value :  3.16212e-05
 Reference value :  3.16272e-05
 Reference value :  3.16332e-05
 Reference value :  3.16390e-05
 Reference value :  3.16451e-05
 Reference value :  3.16510e-05
 Reference value :  3.16571e-05
 Reference value :  3.16632e-05
 Reference value :  3.16691e-05
 Reference value :  3.16752e-05
 Reference value :  3.16811e-05
 Reference value :  3.16872e-05
 Reference value :  3.16929e-05
 Reference value :  3.16989e-05
 Reference value :  3.17049e-05
 Reference value :  3.17107e-05
 Reference value :  3.17168e-05
 Reference value :  3.17226e-05
 Reference value :  3.17287e-05
 Reference value :  3.17345e-05
 Reference value :  3.17405e-05
 Reference value :  3.17463e-05
 Reference value :  3.17524e-05
 Reference value :  3.17584e-05
 Reference value :  3.17644e-05
 Reference value :  3.17702e-05
 Reference value :  3.17762e-05
 Reference value :  3.17820e-05
 Reference value :  3.17878e-05
 Reference value :  3.17938e-05
 Reference value :  3.17997e-05
 Reference value :  3.18057e-05
 Reference value :  3.18117e-05
 Reference value :  3.18176e-05
 Reference value :  3.18234e-05
 Reference value :  3.18295e-05
 Reference value :  3.18353e-05
 Reference value :  3.18413e-05
 Reference value :  3.18472e-05
 Reference value :  3.18533e-05
 Reference value :  3.18592e-05
 Reference value :  3.18653e-05
 Reference value :  3.18713e-05
 Reference value :  3.18773e-05
 Reference value :  3.18833e-05
 Reference value :  3.18892e-05
 Reference value :  3.18952e-05
 Reference value :  3.19011e-05
 Reference value :  3.19071e-05
 Reference value :  3.19130e-05
 Reference value :  3.19191e-05
 Reference value :  3.19249e-05
 Reference value :  3.19308e-05
 Reference value :  3.19368e-05
 Reference value :  3.19428e-05
 Reference value :  3.19488e-05
 Reference value :  3.19548e-05
 Reference value :  3.19607e-05
 Reference value :  3.19667e-05
 Reference value :  3.19726e-05
 Reference value :  3.19787e-05
 Reference value :  3.19846e-05
 Reference value :  3.19907e-05
 Reference value :  3.19966e-05
 Reference value :  3.20028e-05
 Reference value :  3.20087e-05
 Reference value :  3.20148e-05
 Reference value :  3.20207e-05
 Reference value :  3.20267e-05
 Reference value :  3.20326e-05
 Reference value :  3.20386e-05
 Reference value :  3.20445e-05
 Reference value :  3.20506e-05
 Reference value :  3.20564e-05
 Reference value :  3.20626e-05
 Reference value :  3.20685e-05
 Reference value :  3.20745e-05
 Reference value :  3.20803e-05
 Reference value :  3.20864e-05
 Reference value :  3.20922e-05
 Reference value :  3.20983e-05
 Reference value :  3.21043e-05
 Reference value :  3.21102e-05
 Reference value :  3.21163e-05
 Reference value :  3.21222e-05
 Reference value :  3.21282e-05
 Reference value :  3.21341e-05
 Reference value :  3.21400e-05
 Reference value :  3.21460e-05
 Reference value :  3.21522e-05
 Reference value :  3.21581e-05
 Reference value :  3.21640e-05
 Reference value :  3.21700e-05
 Reference value :  3.21759e-05
 Reference value :  3.21818e-05
 Reference value :  3.21876e-05
 Reference value :  3.21936e-05
 Reference value :  3.21996e-05
 Reference value :  3.22057e-05
 Reference value :  3.22116e-05
 Reference value :  3.22176e-05
 Reference value :  3.22238e-05
 Reference value :  3.22295e-05
 Reference value :  3.22357e-05
 Reference value :  3.22414e-05
 Reference value :  3.22474e-05
 Reference value :  3.22534e-05
 Reference value :  3.22594e-05
 Reference value :  3.22653e-05
 Reference value :  3.22713e-05
 Reference value :  3.22772e-05
 Reference value :  3.22833e-05
 Reference value :  3.22892e-05
 Reference value :  3.22952e-05
 Reference value :  3.23011e-05
 Reference value :  3.23071e-05
 Reference value :  3.23130e-05
 Reference value :  3.23191e-05
 Reference value :  3.23249e-05
 Reference value :  3.23309e-05
 Reference value :  3.23368e-05
 Reference value :  3.23429e-05
 Reference value :  3.23488e-05
 Reference value :  3.23547e-05
 Reference value :  3.23607e-05
 Reference value :  3.23669e-05
 Reference value :  3.23727e-05
 Reference value :  3.23789e-05
 Reference value :  3.23846e-05
 Reference value :  3.23909e-05
 Reference value :  3.23966e-05
 Reference value :  3.24027e-05
 Reference value :  3.24085e-05
 Reference value :  3.24144e-05
 Reference value :  3.24204e-05
 Reference value :  3.24264e-05
 Reference value :  3.24323e-05
 Reference value :  3.24384e-05
 Reference value :  3.24444e-05
 Reference value :  3.24503e-05
 Reference value :  3.24564e-05
 Reference value :  3.24625e-05
 Reference value :  3.24683e-05
 Reference value :  3.24744e-05
 Reference value :  3.24802e-05
 Reference value :  3.24863e-05
 Reference value :  3.24921e-05
 Reference value :  3.24982e-05
 Reference value :  3.25042e-05
 Reference value :  3.25102e-05
 Reference value :  3.25162e-05
 Reference value :  3.25222e-05
 Reference value :  3.25280e-05
 Reference value :  3.25340e-05
 Reference value :  3.25400e-05
 Reference value :  3.25459e-05
 Reference value :  3.25518e-05
 Reference value :  3.25578e-05
 Reference value :  3.25636e-05
 Reference value :  3.25696e-05
 Reference value :  3.25755e-05
 Reference value :  3.25816e-05
 Reference value :  3.25875e-05
 Reference value :  3.25936e-05
 Reference value :  3.25994e-05
 Reference value :  3.26054e-05
 Reference value :  3.26113e-05
 Reference value :  3.26172e-05
 Reference value :  3.26230e-05
 Reference value :  3.26293e-05
 Reference value :  3.26351e-05
 Reference value :  3.26411e-05
 Reference value :  3.26469e-05
 Reference value :  3.26528e-05
 Reference value :  3.26588e-05
 Reference value :  3.26648e-05
 Reference value :  3.26707e-05
 Reference value :  3.26767e-05
 Reference value :  3.26826e-05
 Reference value :  3.26886e-05
 Reference value :  3.26945e-05
 Reference value :  3.27005e-05
 Reference value :  3.27064e-05
 Reference value :  3.27123e-05
 Reference value :  3.27182e-05
 Reference value :  3.27242e-05
 Reference value :  3.27302e-05
 Reference value :  3.27360e-05
 Reference value :  3.27422e-05
 Reference value :  3.27478e-05
 Reference value :  3.27540e-05
 Reference value :  3.27598e-05
 Reference value :  3.27660e-05
 Reference value :  3.27717e-05
 Reference value :  3.27779e-05
 Reference value :  3.27835e-05
 Reference value :  3.27896e-05
 Reference value :  3.27954e-05
 Reference value :  3.28015e-05
 Reference value :  3.28075e-05
 Reference value :  3.28135e-05
 Reference value :  3.28194e-05
 Reference value :  3.28255e-05
 Reference value :  3.28313e-05
 Reference value :  3.28373e-05
 Reference value :  3.28433e-05
 Reference value :  3.28493e-05
 Reference value :  3.28552e-05
 Reference value :  3.28612e-05
 Reference value :  3.28670e-05
 Reference value :  3.28732e-05
 Reference value :  3.28790e-05
 Reference value :  3.28850e-05
 Reference value :  3.28907e-05
 Reference value :  3.28967e-05
 Reference value :  3.29027e-05
 Reference value :  3.29087e-05
 Reference value :  3.29146e-05
 Reference value :  3.29207e-05
 Reference value :  3.29267e-05
 Reference value :  3.29329e-05
 Reference value :  3.29388e-05
 Reference value :  3.29449e-05
 Reference value :  3.29508e-05
 Reference value :  3.29569e-05
 Reference value :  3.29627e-05
 Reference value :  3.29686e-05
 Reference value :  3.29745e-05
 Reference value :  3.29806e-05
 Reference value :  3.29865e-05
 Reference value :  3.29926e-05
 Reference value :  3.29985e-05
 Reference value :  3.30045e-05
 Reference value :  3.30106e-05
 Reference value :  3.30165e-05
 Reference value :  3.30226e-05
 Reference value :  3.30285e-05
 Reference value :  3.30347e-05
 Reference value :  3.30405e-05
 Reference value :  3.30467e-05
 Reference value :  3.30526e-05
 Reference value :  3.30587e-05
 Reference value :  3.30646e-05
 Reference value :  3.30707e-05
 Reference value :  3.30767e-05
 Reference value :  3.30826e-05
 Reference value :  3.30886e-05
 Reference value :  3.30947e-05
 Reference value :  3.31008e-05
 Reference value :  3.31068e-05
 Reference value :  3.31129e-05
 Reference value :  3.31187e-05
 Reference value :  3.31248e-05
 Reference value :  3.31307e-05
 Reference value :  3.31367e-05
 Reference value :  3.31427e-05
 Reference value :  3.31488e-05
 Reference value :  3.31548e-05
 Reference value :  3.31607e-05
 Reference value :  3.31670e-05
 Reference value :  3.31728e-05
 Reference value :  3.31790e-05
 Reference value :  3.31848e-05
 Reference value :  3.31909e-05
 Reference value :  3.31968e-05
 Reference value :  3.32029e-05
 Reference value :  3.32088e-05
 Reference value :  3.32149e-05
 Reference value :  3.32209e-05
 Reference value :  3.32268e-05
 Reference value :  3.32329e-05
 Reference value :  3.32387e-05
 Reference value :  3.32447e-05
 Reference value :  3.32507e-05
 Reference value :  3.32568e-05
 Reference value :  3.32627e-05
 Reference value :  3.32688e-05
 Reference value :  3.32748e-05
 Reference value :  3.32807e-05
 Reference value :  3.32867e-05
 Reference value :  3.32928e-05
 Reference value :  3.32987e-05
 Reference value :  3.33048e-05
 Reference value :  3.33108e-05
 Reference value :  3.33168e-05
 Reference value :  3.33228e-05
 Reference value :  3.33287e-05
 Reference value :  3.33348e-05
 Reference value :  3.33407e-05
 Reference value :  3.33468e-05
 Reference value :  3.33527e-05
 Reference value :  3.33588e-05
 Reference value :  3.33647e-05
 Reference value :  3.33709e-05
 Reference value :  3.33769e-05
 Reference value :  3.33829e-05
 Reference value :  3.33891e-05
 Reference value :  3.33949e-05
 Reference value :  3.34011e-05
 Reference value :  3.34069e-05
 Reference value :  3.34130e-05
 Reference value :  3.34190e-05
 Reference value :  3.34251e-05
 Reference value :  3.34310e-05
 Reference value :  3.34371e-05
 Reference value :  3.34433e-05
 Reference value :  3.34491e-05
 Reference value :  3.34553e-05
 Reference value :  3.34612e-05
 Reference value :  3.34673e-05
 Reference value :  3.34733e-05
 Reference value :  3.34793e-05
 Reference value :  3.34853e-05
 Reference value :  3.34913e-05
 Reference value :  3.34974e-05
 Reference value :  3.35033e-05
 Reference value :  3.35095e-05
 Reference value :  3.35153e-05
 Reference value :  3.35214e-05
 Reference value :  3.35274e-05
 Reference value :  3.35334e-05
 Reference value :  3.35395e-05
 Reference value :  3.35455e-05
 Reference value :  3.35517e-05
 Reference value :  3.35576e-05
 Reference value :  3.35638e-05
 Reference value :  3.35695e-05
 Reference value :  3.35757e-05
 Reference value :  3.35818e-05
 Reference value :  3.35878e-05
 Reference value :  3.35941e-05
 Reference value :  3.36000e-05
 Reference value :  3.36060e-05
 Reference value :  3.36118e-05
 Reference value :  3.36180e-05
 Reference value :  3.36238e-05
 Reference value :  3.36300e-05
 Reference value :  3.36359e-05
 Reference value :  3.36419e-05
 Reference value :  3.36479e-05
 Reference value :  3.36539e-05
 Reference value :  3.36601e-05
 Reference value :  3.36659e-05
 Reference value :  3.36721e-05
 Reference value :  3.36779e-05
 Reference value :  3.36841e-05
 Reference value :  3.36901e-05
 Reference value :  3.36962e-05
 Reference value :  3.37023e-05
 Reference value :  3.37082e-05
 Reference value :  3.37143e-05
 Reference value :  3.37203e-05
 Reference value :  3.37265e-05
 Reference value :  3.37325e-05
 Reference value :  3.37385e-05
 Reference value :  3.37445e-05
 Reference value :  3.37507e-05
 Reference value :  3.37568e-05
 Reference value :  3.37627e-05
 Reference value :  3.37688e-05
 Reference value :  3.37748e-05
 Reference value :  3.37807e-05
 Reference value :  3.37865e-05
 Reference value :  3.37926e-05
 Reference value :  3.37985e-05
 Reference value :  3.38047e-05
 Reference value :  3.38107e-05
 Reference value :  3.38168e-05
 Reference value :  3.38229e-05
 Reference value :  3.38289e-05
 Reference value :  3.38349e-05
 Reference value :  3.38409e-05
 Reference value :  3.38468e-05
 Reference value :  3.38527e-05
 Reference value :  3.38587e-05
 Reference value :  3.38647e-05
 Reference value :  3.38707e-05
 Reference value :  3.38769e-05
 Reference value :  3.38829e-05
 Reference value :  3.38890e-05
 Reference value :  3.38948e-05
 Reference value :  3.39010e-05
 Reference value :  3.39068e-05
 Reference value :  3.39129e-05
 Reference value :  3.39188e-05
 Reference value :  3.39249e-05
 Reference value :  3.39308e-05
 Reference value :  3.39368e-05
 Reference value :  3.39430e-05
 Reference value :  3.39488e-05
 Reference value :  3.39549e-05
 Reference value :  3.39608e-05
 Reference value :  3.39671e-05
 Reference value :  3.39729e-05
 Reference value :  3.39789e-05
 Reference value :  3.39845e-05
 Reference value :  3.39907e-05
 Reference value :  3.39967e-05
 Reference value :  3.40026e-05
 Reference value :  3.40083e-05
 Reference value :  3.40142e-05
 Reference value :  3.40198e-05
 Reference value :  3.40257e-05
 Reference value :  3.40315e-05
 Reference value :  3.40373e-05
 Reference value :  3.40430e-05
 Reference value :  3.40488e-05
 Reference value :  3.40545e-05
 Reference value :  3.40605e-05
 Reference value :  3.40665e-05
 Reference value :  3.40722e-05
 Reference value :  3.40777e-05
 Reference value :  3.40836e-05
 Reference value :  3.40894e-05
 Reference value :  3.40951e-05
 Reference value :  3.41004e-05
 Reference value :  3.41060e-05
 Reference value :  3.41119e-05
 Reference value :  3.41178e-05
 Reference value :  3.41234e-05
 Reference value :  3.41292e-05
 Reference value :  3.41350e-05
 Reference value :  3.41408e-05
 Reference value :  3.41469e-05
 Reference value :  3.41526e-05
 Reference value :  3.41587e-05
 Reference value :  3.41644e-05
 Reference value :  3.41703e-05
 Reference value :  3.41764e-05
 Reference value :  3.41823e-05
 Reference value :  3.41881e-05
 Reference value :  3.41940e-05
 Reference value :  3.42001e-05
 Reference value :  3.42058e-05
 Reference value :  3.42118e-05
 Reference value :  3.42177e-05
 Reference value :  3.42238e-05
 Reference value :  3.42296e-05
 Reference value :  3.42357e-05
 Reference value :  3.42415e-05
 Reference value :  3.42477e-05
 Reference value :  3.42535e-05
 Reference value :  3.42595e-05
 Reference value :  3.42653e-05
 Reference value :  3.42713e-05
 Reference value :  3.42772e-05
 Reference value :  3.42834e-05
 Reference value :  3.42892e-05
 Reference value :  3.42954e-05
 Reference value :  3.43012e-05
 Reference value :  3.43074e-05
 Reference value :  3.43134e-05
 Reference value :  3.43194e-05
 Reference value :  3.43253e-05
 Reference value :  3.43313e-05
 Reference value :  3.43371e-05
 Reference value :  3.43433e-05
 Reference value :  3.43491e-05
 Reference value :  3.43552e-05
 Reference value :  3.43612e-05
 Reference value :  3.43672e-05
 Reference value :  3.43733e-05
 Reference value :  3.43792e-05
 Reference value :  3.43855e-05
 Reference value :  3.43913e-05
 Reference value :  3.43975e-05
 Reference value :  3.44033e-05
 Reference value :  3.44094e-05
 Reference value :  3.44154e-05
 Reference value :  3.44214e-05
 Reference value :  3.44277e-05
 Reference value :  3.44335e-05
 Reference value :  3.44398e-05
 Reference value :  3.44457e-05
 Reference value :  3.44517e-05
 Reference value :  3.44579e-05
 Reference value :  3.44637e-05
 Reference value :  3.44698e-05
 Reference value :  3.44759e-05
 Reference value :  3.44820e-05
 Reference value :  3.44879e-05
 Reference value :  3.44940e-05
 Reference value :  3.45001e-05
 Reference value :  3.45060e-05
 Reference value :  3.45121e-05
 Reference value :  3.45179e-05
 Reference value :  3.45242e-05
 Reference value :  3.45301e-05
 Reference value :  3.45361e-05
 Reference value :  3.45420e-05
 Reference value :  3.45482e-05
 Reference value :  3.45542e-05
 Reference value :  3.45600e-05
 Reference value :  3.45657e-05
 Reference value :  3.45719e-05
 Reference value :  3.45777e-05
 Reference value :  3.45838e-05
 Reference value :  3.45898e-05
 Reference value :  3.45959e-05
 Reference value :  3.46018e-05
 Reference value :  3.46078e-05
 Reference value :  3.46138e-05
 Reference value :  3.46197e-05
 Reference value :  3.46257e-05
 Reference value :  3.46316e-05
 Reference value :  3.46375e-05
 Reference value :  3.46436e-05
 Reference value :  3.46497e-05
 Reference value :  3.46556e-05
 Reference value :  3.46619e-05
 Reference value :  3.46677e-05
 Reference value :  3.46738e-05
 Reference value :  3.46796e-05
 Reference value :  3.46855e-05
No. of Data Rows : 480036
vhold_min           =  1.20000e+00 at=  8.02160e-08
tfirst              =  1.36115e-07
t1                  =  2.21155e-06
t2                  =  2.26687e-06
t3                  =  2.32220e-06
t4                  =  2.37752e-06
t5                  =  2.43285e-06
t6                  =  2.48818e-06
t7                  =  2.54351e-06
t8                  =  2.59887e-06
t9                  =  2.65417e-06
t10                 =  2.70948e-06
t11                 =  2.76484e-06
t12                 =  2.82020e-06
idd_run             =  -5.38095e-05 from=  2.16800e-06 to=  3.46900e-05
vmax                =  1.20201e+00 at=  1.66243e-05
vmin                =  -2.81410e-03 at=  2.17156e-05
Note: Simulation executed from .control section 
Warning: m=xx on .subckt line will override multiplier m hierarchy!

Note: Starting dynamic gmin stepping
Note: Dynamic gmin stepping completed
Error: &v(xdut.vbp): no such variable.
Error: &v(xdut.vbn): no such variable.
Note: Starting dynamic gmin stepping
Note: Dynamic gmin stepping completed
