
Note: Compatibility modes selected: hs a


Circuit: * environment: step {} code 16

Doing analysis at TEMP = 27.000000 and TNOM = 27.000000

Using SPARSE 1.3 as Direct Linear Solver

Initial Transient Solution
--------------------------

Node                                   Voltage
----                                   -------
vpwr                                       1.2
vn                                           0
code[0]                                      0
code[1]                                      0
code[2]                                      0
code[3]                                      0
code[4]                                    1.2
code[5]                                      0
code[6]                                      0
code[7]                                      0
enable                                     1.2
xdut.vbp                              0.745783
clk_out                              0.0247152
xdut.b1                               0.720111
xdut.s3                                0.61907
xdut.s2                                0.61907
xdut.n_126                             1.09803
xdut.s1                                0.61907
xdut.n_125                             1.09803
xdut.s10                              0.602666
xdut.s6                                0.61907
xdut.s5                                0.61907
xdut.n_128                             1.09803
xdut.s9                               0.619933
xdut.n_133                             1.09807
xdut.s4                                0.61907
xdut.n_129                             1.09803
xdut.s8                               0.619025
xdut.n_132                             1.09802
xdut.s7                               0.619072
xdut.n_130                             1.09802
xdut.n_127                             1.09803
xdut.n_131                             1.09803
xdut.s0                                0.61907
xdut.n_124                             1.09803
xdut.n_71                             0.118274
xdut.n_72                             0.118274
xdut.n_70                             0.118274
xdut.n_77                             0.118274
xdut.n_75                             0.118274
xdut.n_73                             0.118274
xdut.n_67                             0.118206
xdut.n_76                             0.118274
xdut.n_69                             0.118278
xdut.n_74                             0.118274
xdut.n_122                             1.08576
xdut.n_i1005                          0.139707
xdut.n_68                             0.138201
xdut.vbn                              0.351597
ven#branch                        -6.98608e-12
vc7#branch                         4.04228e-12
vc6#branch                         2.02114e-12
vc5#branch                         1.01057e-12
vc4#branch                        -6.77552e-09
vc3#branch                         2.52643e-13
vc2#branch                         1.26321e-13
vc1#branch                         6.31607e-14
vc0#branch                         3.15803e-14
vn#branch                          -7.6051e-05
vdd#branch                         -7.6051e-05

 Reference value :  0.00000e+00
 Reference value :  1.51400e-09
 Reference value :  3.31400e-09
 Reference value :  5.11400e-09
 Reference value :  6.86400e-09
 Reference value :  8.56400e-09
 Reference value :  1.03140e-08
 Reference value :  1.20640e-08
 Reference value :  1.39640e-08
 Reference value :  1.57140e-08
 Reference value :  1.69640e-08
 Reference value :  1.82640e-08
 Reference value :  1.95640e-08
 Reference value :  2.08140e-08
 Reference value :  2.20640e-08
 Reference value :  2.33140e-08
 Reference value :  2.45140e-08
 Reference value :  2.57140e-08
 Reference value :  2.69640e-08
 Reference value :  2.82140e-08
 Reference value :  2.94140e-08
 Reference value :  3.07140e-08
 Reference value :  3.20140e-08
 Reference value :  3.33140e-08
 Reference value :  3.46140e-08
 Reference value :  3.59140e-08
 Reference value :  3.72140e-08
 Reference value :  3.85140e-08
 Reference value :  3.98140e-08
 Reference value :  4.12140e-08
 Reference value :  4.26640e-08
 Reference value :  4.41140e-08
 Reference value :  4.55140e-08
 Reference value :  4.69640e-08
 Reference value :  4.83640e-08
 Reference value :  4.97640e-08
 Reference value :  5.12140e-08
 Reference value :  5.26140e-08
 Reference value :  5.40640e-08
 Reference value :  5.54640e-08
 Reference value :  5.68640e-08
 Reference value :  5.82640e-08
 Reference value :  5.96640e-08
 Reference value :  6.11140e-08
 Reference value :  6.25640e-08
 Reference value :  6.40140e-08
 Reference value :  6.54640e-08
 Reference value :  6.68640e-08
 Reference value :  6.83140e-08
 Reference value :  6.97140e-08
 Reference value :  7.11640e-08
 Reference value :  7.25640e-08
 Reference value :  7.40140e-08
 Reference value :  7.54140e-08
 Reference value :  7.68140e-08
 Reference value :  7.82640e-08
 Reference value :  7.96640e-08
 Reference value :  8.11140e-08
 Reference value :  8.24640e-08
 Reference value :  8.37640e-08
 Reference value :  8.50640e-08
 Reference value :  8.63140e-08
 Reference value :  8.75640e-08
 Reference value :  8.88140e-08
 Reference value :  9.00640e-08
 Reference value :  9.13640e-08
 Reference value :  9.26640e-08
 Reference value :  9.39640e-08
 Reference value :  9.52140e-08
 Reference value :  9.64640e-08
 Reference value :  9.77140e-08
 Reference value :  9.90140e-08
 Reference value :  1.00314e-07
 Reference value :  1.01564e-07
 Reference value :  1.02864e-07
 Reference value :  1.04164e-07
 Reference value :  1.05514e-07
 Reference value :  1.06814e-07
 Reference value :  1.08114e-07
 Reference value :  1.09464e-07
 Reference value :  1.10764e-07
 Reference value :  1.12064e-07
 Reference value :  1.13364e-07
 Reference value :  1.14614e-07
 Reference value :  1.15914e-07
 Reference value :  1.17214e-07
 Reference value :  1.18514e-07
 Reference value :  1.19814e-07
 Reference value :  1.21164e-07
 Reference value :  1.22514e-07
 Reference value :  1.23814e-07
 Reference value :  1.25114e-07
 Reference value :  1.26414e-07
 Reference value :  1.27664e-07
 Reference value :  1.28914e-07
 Reference value :  1.30114e-07
 Reference value :  1.31414e-07
 Reference value :  1.32714e-07
 Reference value :  1.34014e-07
 Reference value :  1.35314e-07
 Reference value :  1.36614e-07
 Reference value :  1.37914e-07
 Reference value :  1.39214e-07
 Reference value :  1.40514e-07
 Reference value :  1.41764e-07
 Reference value :  1.43064e-07
 Reference value :  1.44364e-07
 Reference value :  1.45664e-07
 Reference value :  1.46964e-07
 Reference value :  1.48264e-07
 Reference value :  1.49514e-07
 Reference value :  1.50764e-07
 Reference value :  1.51964e-07
 Reference value :  1.53164e-07
 Reference value :  1.54414e-07
 Reference value :  1.55664e-07
 Reference value :  1.56914e-07
 Reference value :  1.58164e-07
 Reference value :  1.59414e-07
 Reference value :  1.60614e-07
 Reference value :  1.61864e-07
 Reference value :  1.63164e-07
 Reference value :  1.64514e-07
 Reference value :  1.65814e-07
 Reference value :  1.67114e-07
 Reference value :  1.68414e-07
 Reference value :  1.69664e-07
 Reference value :  1.70964e-07
 Reference value :  1.72264e-07
 Reference value :  1.73564e-07
 Reference value :  1.74864e-07
 Reference value :  1.76164e-07
 Reference value :  1.77464e-07
 Reference value :  1.78764e-07
 Reference value :  1.80064e-07
 Reference value :  1.81364e-07
 Reference value :  1.82664e-07
 Reference value :  1.83964e-07
 Reference value :  1.85264e-07
 Reference value :  1.86564e-07
 Reference value :  1.87864e-07
 Reference value :  1.89114e-07
 Reference value :  1.90314e-07
 Reference value :  1.91564e-07
 Reference value :  1.92764e-07
 Reference value :  1.94014e-07
 Reference value :  1.95314e-07
 Reference value :  1.96614e-07
 Reference value :  1.97914e-07
 Reference value :  1.99214e-07
 Reference value :  2.00514e-07
 Reference value :  2.01814e-07
 Reference value :  2.03214e-07
 Reference value :  2.04614e-07
 Reference value :  2.06064e-07
 Reference value :  2.07514e-07
 Reference value :  2.08964e-07
 Reference value :  2.10414e-07
 Reference value :  2.11864e-07
 Reference value :  2.13314e-07
 Reference value :  2.14714e-07
 Reference value :  2.16164e-07
 Reference value :  2.17614e-07
 Reference value :  2.18964e-07
 Reference value :  2.20264e-07
 Reference value :  2.21564e-07
 Reference value :  2.23014e-07
 Reference value :  2.24414e-07
 Reference value :  2.25814e-07
 Reference value :  2.27214e-07
 Reference value :  2.28664e-07
 Reference value :  2.30064e-07
 Reference value :  2.31514e-07
 Reference value :  2.32964e-07
 Reference value :  2.34414e-07
 Reference value :  2.35814e-07
 Reference value :  2.37264e-07
 Reference value :  2.38714e-07
 Reference value :  2.40164e-07
 Reference value :  2.41614e-07
 Reference value :  2.42964e-07
 Reference value :  2.44264e-07
 Reference value :  2.45564e-07
 Reference value :  2.46764e-07
 Reference value :  2.47964e-07
 Reference value :  2.49164e-07
 Reference value :  2.50414e-07
 Reference value :  2.51664e-07
 Reference value :  2.52864e-07
 Reference value :  2.54114e-07
 Reference value :  2.55364e-07
 Reference value :  2.56614e-07
 Reference value :  2.57914e-07
 Reference value :  2.59214e-07
 Reference value :  2.60514e-07
 Reference value :  2.61814e-07
 Reference value :  2.63114e-07
 Reference value :  2.64364e-07
 Reference value :  2.65664e-07
 Reference value :  2.66864e-07
 Reference value :  2.68114e-07
 Reference value :  2.69464e-07
 Reference value :  2.70764e-07
 Reference value :  2.72064e-07
 Reference value :  2.73314e-07
 Reference value :  2.74764e-07
 Reference value :  2.76214e-07
 Reference value :  2.77514e-07
 Reference value :  2.78814e-07
 Reference value :  2.80214e-07
 Reference value :  2.81614e-07
 Reference value :  2.83014e-07
 Reference value :  2.84464e-07
 Reference value :  2.85914e-07
 Reference value :  2.87314e-07
 Reference value :  2.88714e-07
 Reference value :  2.90114e-07
 Reference value :  2.91464e-07
 Reference value :  2.92814e-07
 Reference value :  2.94214e-07
 Reference value :  2.95614e-07
 Reference value :  2.97014e-07
 Reference value :  2.98414e-07
 Reference value :  2.99814e-07
 Reference value :  3.01264e-07
 Reference value :  3.02814e-07
 Reference value :  3.04314e-07
 Reference value :  3.05914e-07
 Reference value :  3.07364e-07
 Reference value :  3.08714e-07
 Reference value :  3.10114e-07
 Reference value :  3.11514e-07
 Reference value :  3.12914e-07
 Reference value :  3.14314e-07
 Reference value :  3.15714e-07
 Reference value :  3.17114e-07
 Reference value :  3.18514e-07
 Reference value :  3.19914e-07
 Reference value :  3.21314e-07
 Reference value :  3.22714e-07
 Reference value :  3.24114e-07
 Reference value :  3.25514e-07
 Reference value :  3.26914e-07
 Reference value :  3.28314e-07
 Reference value :  3.29764e-07
 Reference value :  3.31164e-07
 Reference value :  3.32564e-07
 Reference value :  3.34014e-07
 Reference value :  3.35414e-07
 Reference value :  3.36814e-07
 Reference value :  3.38264e-07
 Reference value :  3.39664e-07
 Reference value :  3.41264e-07
 Reference value :  3.42664e-07
 Reference value :  3.44114e-07
 Reference value :  3.45514e-07
 Reference value :  3.46914e-07
 Reference value :  3.48364e-07
 Reference value :  3.49814e-07
 Reference value :  3.51264e-07
 Reference value :  3.52664e-07
 Reference value :  3.53964e-07
 Reference value :  3.55264e-07
 Reference value :  3.56564e-07
 Reference value :  3.57864e-07
 Reference value :  3.59114e-07
 Reference value :  3.60414e-07
 Reference value :  3.61714e-07
 Reference value :  3.62964e-07
 Reference value :  3.64264e-07
 Reference value :  3.65564e-07
 Reference value :  3.66814e-07
 Reference value :  3.68064e-07
 Reference value :  3.69364e-07
 Reference value :  3.70664e-07
 Reference value :  3.71964e-07
 Reference value :  3.73214e-07
 Reference value :  3.74464e-07
 Reference value :  3.75764e-07
 Reference value :  3.77064e-07
 Reference value :  3.78364e-07
 Reference value :  3.79664e-07
 Reference value :  3.80964e-07
 Reference value :  3.82264e-07
 Reference value :  3.83564e-07
 Reference value :  3.84814e-07
 Reference value :  3.86164e-07
 Reference value :  3.87464e-07
 Reference value :  3.88914e-07
 Reference value :  3.90314e-07
 Reference value :  3.91714e-07
 Reference value :  3.93164e-07
 Reference value :  3.94614e-07
 Reference value :  3.96064e-07
 Reference value :  3.97514e-07
 Reference value :  3.98964e-07
 Reference value :  4.00414e-07
 Reference value :  4.01814e-07
 Reference value :  4.03264e-07
 Reference value :  4.04714e-07
 Reference value :  4.06164e-07
 Reference value :  4.07614e-07
 Reference value :  4.09064e-07
 Reference value :  4.10464e-07
 Reference value :  4.11914e-07
 Reference value :  4.13364e-07
 Reference value :  4.14814e-07
 Reference value :  4.16264e-07
 Reference value :  4.17714e-07
 Reference value :  4.19114e-07
 Reference value :  4.20564e-07
 Reference value :  4.21964e-07
 Reference value :  4.23364e-07
 Reference value :  4.24764e-07
 Reference value :  4.26164e-07
 Reference value :  4.27564e-07
 Reference value :  4.29014e-07
 Reference value :  4.30464e-07
 Reference value :  4.31914e-07
 Reference value :  4.33314e-07
 Reference value :  4.34714e-07
 Reference value :  4.36114e-07
 Reference value :  4.37514e-07
 Reference value :  4.38964e-07
 Reference value :  4.40464e-07
 Reference value :  4.41864e-07
 Reference value :  4.43264e-07
 Reference value :  4.44664e-07
 Reference value :  4.46014e-07
 Reference value :  4.47414e-07
 Reference value :  4.48814e-07
 Reference value :  4.50214e-07
 Reference value :  4.51914e-07
 Reference value :  4.53464e-07
 Reference value :  4.54914e-07
 Reference value :  4.56364e-07
 Reference value :  4.57814e-07
 Reference value :  4.59264e-07
 Reference value :  4.60664e-07
 Reference value :  4.62064e-07
 Reference value :  4.63464e-07
 Reference value :  4.64864e-07
 Reference value :  4.66314e-07
 Reference value :  4.67714e-07
 Reference value :  4.69114e-07
 Reference value :  4.70514e-07
 Reference value :  4.71914e-07
 Reference value :  4.73364e-07
 Reference value :  4.74764e-07
 Reference value :  4.76114e-07
 Reference value :  4.77414e-07
 Reference value :  4.78714e-07
 Reference value :  4.80014e-07
 Reference value :  4.81314e-07
 Reference value :  4.82614e-07
 Reference value :  4.83914e-07
 Reference value :  4.85264e-07
 Reference value :  4.86564e-07
 Reference value :  4.87864e-07
 Reference value :  4.89164e-07
 Reference value :  4.90464e-07
 Reference value :  4.91764e-07
 Reference value :  4.93064e-07
 Reference value :  4.94364e-07
 Reference value :  4.95714e-07
 Reference value :  4.97014e-07
 Reference value :  4.98314e-07
 Reference value :  4.99614e-07
 Reference value :  5.00914e-07
 Reference value :  5.02214e-07
 Reference value :  5.03514e-07
 Reference value :  5.04814e-07
 Reference value :  5.06114e-07
 Reference value :  5.07414e-07
 Reference value :  5.08664e-07
 Reference value :  5.09914e-07
 Reference value :  5.11164e-07
 Reference value :  5.12414e-07
 Reference value :  5.13714e-07
 Reference value :  5.15014e-07
 Reference value :  5.16314e-07
 Reference value :  5.17614e-07
 Reference value :  5.18914e-07
 Reference value :  5.20214e-07
 Reference value :  5.21514e-07
 Reference value :  5.22814e-07
 Reference value :  5.24114e-07
 Reference value :  5.25364e-07
 Reference value :  5.26614e-07
 Reference value :  5.27864e-07
 Reference value :  5.29114e-07
 Reference value :  5.30414e-07
 Reference value :  5.31664e-07
 Reference value :  5.32964e-07
 Reference value :  5.34264e-07
 Reference value :  5.35564e-07
 Reference value :  5.36814e-07
 Reference value :  5.38064e-07
 Reference value :  5.39314e-07
 Reference value :  5.40564e-07
 Reference value :  5.41864e-07
 Reference value :  5.43164e-07
 Reference value :  5.44464e-07
 Reference value :  5.45764e-07
 Reference value :  5.47064e-07
 Reference value :  5.48364e-07
 Reference value :  5.49664e-07
 Reference value :  5.51014e-07
 Reference value :  5.52314e-07
 Reference value :  5.53614e-07
 Reference value :  5.54864e-07
 Reference value :  5.56164e-07
 Reference value :  5.57564e-07
 Reference value :  5.59014e-07
 Reference value :  5.60464e-07
 Reference value :  5.61914e-07
 Reference value :  5.63314e-07
 Reference value :  5.64714e-07
 Reference value :  5.66114e-07
 Reference value :  5.67514e-07
 Reference value :  5.68964e-07
 Reference value :  5.70414e-07
 Reference value :  5.71864e-07
 Reference value :  5.73314e-07
 Reference value :  5.74764e-07
 Reference value :  5.76214e-07
 Reference value :  5.77714e-07
 Reference value :  5.79164e-07
 Reference value :  5.80564e-07
 Reference value :  5.82014e-07
 Reference value :  5.83464e-07
 Reference value :  5.84914e-07
 Reference value :  5.86314e-07
 Reference value :  5.87764e-07
 Reference value :  5.89164e-07
 Reference value :  5.90564e-07
 Reference value :  5.92014e-07
 Reference value :  5.93464e-07
 Reference value :  5.94914e-07
 Reference value :  5.96364e-07
 Reference value :  5.97764e-07
 Reference value :  5.99164e-07
 Reference value :  6.00664e-07
 Reference value :  6.02114e-07
 Reference value :  6.03564e-07
 Reference value :  6.04964e-07
 Reference value :  6.06414e-07
 Reference value :  6.07864e-07
 Reference value :  6.09314e-07
 Reference value :  6.10764e-07
 Reference value :  6.12164e-07
 Reference value :  6.13614e-07
 Reference value :  6.15014e-07
 Reference value :  6.16414e-07
 Reference value :  6.17864e-07
 Reference value :  6.19314e-07
 Reference value :  6.20764e-07
 Reference value :  6.22214e-07
 Reference value :  6.23614e-07
 Reference value :  6.25014e-07
 Reference value :  6.26414e-07
 Reference value :  6.27864e-07
 Reference value :  6.29314e-07
 Reference value :  6.30764e-07
 Reference value :  6.32214e-07
 Reference value :  6.33614e-07
 Reference value :  6.35114e-07
 Reference value :  6.36614e-07
 Reference value :  6.38214e-07
 Reference value :  6.39664e-07
 Reference value :  6.41114e-07
 Reference value :  6.42514e-07
 Reference value :  6.43814e-07
 Reference value :  6.45164e-07
 Reference value :  6.46564e-07
 Reference value :  6.48164e-07
 Reference value :  6.49664e-07
 Reference value :  6.51114e-07
 Reference value :  6.52514e-07
 Reference value :  6.53914e-07
 Reference value :  6.55314e-07
 Reference value :  6.56714e-07
 Reference value :  6.58114e-07
 Reference value :  6.59564e-07
 Reference value :  6.60964e-07
 Reference value :  6.62414e-07
 Reference value :  6.63814e-07
 Reference value :  6.65214e-07
 Reference value :  6.66564e-07
 Reference value :  6.67914e-07
 Reference value :  6.69314e-07
 Reference value :  6.70714e-07
 Reference value :  6.72114e-07
 Reference value :  6.73514e-07
 Reference value :  6.74964e-07
 Reference value :  6.76364e-07
 Reference value :  6.77764e-07
 Reference value :  6.79164e-07
 Reference value :  6.80764e-07
 Reference value :  6.82164e-07
 Reference value :  6.83614e-07
 Reference value :  6.85064e-07
 Reference value :  6.86514e-07
 Reference value :  6.88114e-07
 Reference value :  6.89564e-07
 Reference value :  6.91014e-07
 Reference value :  6.92464e-07
 Reference value :  6.93914e-07
 Reference value :  6.95314e-07
 Reference value :  6.96764e-07
 Reference value :  6.98164e-07
 Reference value :  6.99464e-07
 Reference value :  7.00764e-07
 Reference value :  7.02014e-07
 Reference value :  7.03364e-07
 Reference value :  7.04764e-07
 Reference value :  7.06164e-07
 Reference value :  7.07614e-07
 Reference value :  7.09014e-07
 Reference value :  7.10464e-07
 Reference value :  7.11914e-07
 Reference value :  7.13214e-07
 Reference value :  7.14564e-07
 Reference value :  7.15964e-07
 Reference value :  7.17314e-07
 Reference value :  7.18664e-07
 Reference value :  7.19914e-07
 Reference value :  7.21114e-07
 Reference value :  7.22364e-07
 Reference value :  7.23614e-07
 Reference value :  7.24914e-07
 Reference value :  7.26214e-07
 Reference value :  7.27564e-07
 Reference value :  7.28914e-07
 Reference value :  7.30214e-07
 Reference value :  7.31614e-07
 Reference value :  7.33014e-07
 Reference value :  7.34364e-07
 Reference value :  7.35764e-07
 Reference value :  7.37164e-07
 Reference value :  7.38564e-07
 Reference value :  7.39964e-07
 Reference value :  7.41364e-07
 Reference value :  7.42764e-07
 Reference value :  7.44214e-07
 Reference value :  7.45614e-07
 Reference value :  7.47014e-07
 Reference value :  7.48414e-07
 Reference value :  7.49814e-07
 Reference value :  7.51164e-07
 Reference value :  7.52564e-07
 Reference value :  7.53864e-07
 Reference value :  7.55164e-07
 Reference value :  7.56514e-07
 Reference value :  7.57964e-07
 Reference value :  7.59414e-07
 Reference value :  7.60864e-07
 Reference value :  7.62214e-07
 Reference value :  7.63514e-07
 Reference value :  7.64914e-07
 Reference value :  7.66414e-07
 Reference value :  7.67864e-07
 Reference value :  7.69214e-07
 Reference value :  7.70614e-07
 Reference value :  7.72064e-07
 Reference value :  7.73514e-07
 Reference value :  7.74964e-07
 Reference value :  7.76414e-07
 Reference value :  7.77814e-07
 Reference value :  7.79214e-07
 Reference value :  7.80564e-07
 Reference value :  7.81964e-07
 Reference value :  7.83364e-07
 Reference value :  7.84764e-07
 Reference value :  7.86164e-07
 Reference value :  7.87614e-07
 Reference value :  7.89064e-07
 Reference value :  7.90514e-07
 Reference value :  7.91914e-07
 Reference value :  7.93314e-07
 Reference value :  7.94714e-07
 Reference value :  7.96114e-07
 Reference value :  7.97614e-07
 Reference value :  7.99064e-07
 Reference value :  8.00514e-07
 Reference value :  8.02064e-07
 Reference value :  8.03814e-07
 Reference value :  8.05364e-07
 Reference value :  8.06864e-07
 Reference value :  8.08264e-07
 Reference value :  8.09664e-07
 Reference value :  8.11064e-07
 Reference value :  8.12514e-07
 Reference value :  8.13914e-07
 Reference value :  8.15214e-07
 Reference value :  8.16514e-07
 Reference value :  8.17814e-07
 Reference value :  8.19114e-07
 Reference value :  8.20414e-07
 Reference value :  8.21714e-07
 Reference value :  8.23114e-07
 Reference value :  8.24564e-07
 Reference value :  8.25964e-07
 Reference value :  8.27414e-07
 Reference value :  8.28914e-07
 Reference value :  8.30364e-07
 Reference value :  8.31864e-07
 Reference value :  8.33264e-07
 Reference value :  8.34714e-07
 Reference value :  8.36164e-07
 Reference value :  8.37614e-07
 Reference value :  8.39014e-07
 Reference value :  8.40464e-07
 Reference value :  8.41914e-07
 Reference value :  8.43664e-07
 Reference value :  8.45764e-07
 Reference value :  8.47264e-07
 Reference value :  8.48814e-07
 Reference value :  8.50264e-07
 Reference value :  8.51664e-07
 Reference value :  8.53064e-07
 Reference value :  8.54414e-07
 Reference value :  8.55764e-07
 Reference value :  8.57164e-07
 Reference value :  8.58564e-07
 Reference value :  8.59964e-07
 Reference value :  8.61364e-07
 Reference value :  8.62764e-07
 Reference value :  8.64164e-07
 Reference value :  8.65614e-07
 Reference value :  8.67064e-07
 Reference value :  8.68464e-07
 Reference value :  8.69914e-07
 Reference value :  8.71264e-07
 Reference value :  8.72664e-07
 Reference value :  8.74014e-07
 Reference value :  8.75464e-07
 Reference value :  8.76864e-07
 Reference value :  8.78264e-07
 Reference value :  8.79764e-07
 Reference value :  8.81364e-07
 Reference value :  8.82814e-07
 Reference value :  8.84264e-07
 Reference value :  8.85664e-07
 Reference value :  8.86964e-07
 Reference value :  8.88214e-07
 Reference value :  8.89514e-07
 Reference value :  8.90814e-07
 Reference value :  8.92114e-07
 Reference value :  8.93414e-07
 Reference value :  8.94714e-07
 Reference value :  8.96114e-07
 Reference value :  8.97514e-07
 Reference value :  8.98914e-07
 Reference value :  9.00214e-07
 Reference value :  9.01464e-07
 Reference value :  9.02714e-07
 Reference value :  9.03964e-07
 Reference value :  9.05264e-07
 Reference value :  9.06664e-07
 Reference value :  9.08064e-07
 Reference value :  9.09464e-07
 Reference value :  9.10864e-07
 Reference value :  9.12264e-07
 Reference value :  9.13664e-07
 Reference value :  9.15014e-07
 Reference value :  9.16414e-07
 Reference value :  9.17814e-07
 Reference value :  9.19214e-07
 Reference value :  9.20614e-07
 Reference value :  9.22014e-07
 Reference value :  9.23414e-07
 Reference value :  9.24814e-07
 Reference value :  9.26264e-07
 Reference value :  9.27664e-07
 Reference value :  9.29064e-07
 Reference value :  9.30464e-07
 Reference value :  9.31914e-07
 Reference value :  9.33214e-07
 Reference value :  9.34514e-07
 Reference value :  9.35814e-07
 Reference value :  9.37114e-07
 Reference value :  9.38464e-07
 Reference value :  9.39764e-07
 Reference value :  9.41114e-07
 Reference value :  9.42514e-07
 Reference value :  9.43764e-07
 Reference value :  9.44964e-07
 Reference value :  9.46214e-07
 Reference value :  9.47464e-07
 Reference value :  9.48714e-07
 Reference value :  9.50014e-07
 Reference value :  9.51314e-07
 Reference value :  9.52614e-07
 Reference value :  9.53914e-07
 Reference value :  9.55214e-07
 Reference value :  9.56514e-07
 Reference value :  9.57814e-07
 Reference value :  9.59114e-07
 Reference value :  9.60414e-07
 Reference value :  9.61714e-07
 Reference value :  9.63014e-07
 Reference value :  9.64314e-07
 Reference value :  9.65614e-07
 Reference value :  9.66914e-07
 Reference value :  9.68214e-07
 Reference value :  9.69514e-07
 Reference value :  9.70814e-07
 Reference value :  9.72114e-07
 Reference value :  9.73314e-07
 Reference value :  9.74514e-07
 Reference value :  9.75764e-07
 Reference value :  9.76964e-07
 Reference value :  9.78264e-07
 Reference value :  9.79514e-07
 Reference value :  9.80814e-07
 Reference value :  9.82114e-07
 Reference value :  9.83414e-07
 Reference value :  9.84714e-07
 Reference value :  9.86014e-07
 Reference value :  9.87314e-07
 Reference value :  9.88614e-07
 Reference value :  9.89914e-07
 Reference value :  9.91214e-07
 Reference value :  9.92464e-07
 Reference value :  9.93764e-07
 Reference value :  9.95064e-07
 Reference value :  9.96364e-07
 Reference value :  9.97664e-07
 Reference value :  9.98914e-07
 Reference value :  1.00021e-06
 Reference value :  1.00141e-06
 Reference value :  1.00271e-06
 Reference value :  1.00401e-06
 Reference value :  1.00531e-06
 Reference value :  1.00661e-06
 Reference value :  1.00796e-06
 Reference value :  1.00936e-06
 Reference value :  1.01076e-06
 Reference value :  1.01216e-06
 Reference value :  1.01356e-06
 Reference value :  1.01496e-06
 Reference value :  1.01636e-06
 Reference value :  1.01776e-06
 Reference value :  1.01916e-06
 Reference value :  1.02056e-06
 Reference value :  1.02201e-06
 Reference value :  1.02346e-06
 Reference value :  1.02486e-06
 Reference value :  1.02621e-06
 Reference value :  1.02751e-06
 Reference value :  1.02881e-06
 Reference value :  1.03011e-06
 Reference value :  1.03151e-06
 Reference value :  1.03296e-06
 Reference value :  1.03436e-06
 Reference value :  1.03581e-06
 Reference value :  1.03726e-06
 Reference value :  1.03871e-06
 Reference value :  1.04016e-06
 Reference value :  1.04161e-06
 Reference value :  1.04306e-06
 Reference value :  1.04451e-06
 Reference value :  1.04596e-06
 Reference value :  1.04741e-06
 Reference value :  1.04886e-06
 Reference value :  1.05031e-06
 Reference value :  1.05181e-06
 Reference value :  1.05326e-06
 Reference value :  1.05466e-06
 Reference value :  1.05611e-06
 Reference value :  1.05756e-06
 Reference value :  1.05901e-06
 Reference value :  1.06041e-06
 Reference value :  1.06186e-06
 Reference value :  1.06331e-06
 Reference value :  1.06471e-06
 Reference value :  1.06611e-06
 Reference value :  1.06751e-06
 Reference value :  1.06891e-06
 Reference value :  1.07036e-06
 Reference value :  1.07176e-06
 Reference value :  1.07321e-06
 Reference value :  1.07466e-06
 Reference value :  1.07606e-06
 Reference value :  1.07751e-06
 Reference value :  1.07896e-06
 Reference value :  1.08036e-06
 Reference value :  1.08181e-06
 Reference value :  1.08316e-06
 Reference value :  1.08456e-06
 Reference value :  1.08596e-06
 Reference value :  1.08741e-06
 Reference value :  1.08881e-06
 Reference value :  1.09026e-06
 Reference value :  1.09171e-06
 Reference value :  1.09316e-06
 Reference value :  1.09456e-06
 Reference value :  1.09601e-06
 Reference value :  1.09741e-06
 Reference value :  1.09886e-06
 Reference value :  1.10031e-06
 Reference value :  1.10176e-06
 Reference value :  1.10321e-06
 Reference value :  1.10466e-06
 Reference value :  1.10606e-06
 Reference value :  1.10746e-06
 Reference value :  1.10886e-06
 Reference value :  1.11021e-06
 Reference value :  1.11161e-06
 Reference value :  1.11306e-06
 Reference value :  1.11446e-06
 Reference value :  1.11591e-06
 Reference value :  1.11736e-06
 Reference value :  1.11881e-06
 Reference value :  1.12026e-06
 Reference value :  1.12171e-06
 Reference value :  1.12316e-06
 Reference value :  1.12461e-06
 Reference value :  1.12601e-06
 Reference value :  1.12746e-06
 Reference value :  1.12891e-06
 Reference value :  1.13031e-06
 Reference value :  1.13176e-06
 Reference value :  1.13321e-06
 Reference value :  1.13461e-06
 Reference value :  1.13601e-06
 Reference value :  1.13741e-06
 Reference value :  1.13881e-06
 Reference value :  1.14021e-06
 Reference value :  1.14166e-06
 Reference value :  1.14311e-06
 Reference value :  1.14456e-06
 Reference value :  1.14601e-06
 Reference value :  1.14741e-06
 Reference value :  1.14871e-06
 Reference value :  1.15001e-06
 Reference value :  1.15141e-06
 Reference value :  1.15281e-06
 Reference value :  1.15426e-06
 Reference value :  1.15566e-06
 Reference value :  1.15701e-06
 Reference value :  1.15836e-06
 Reference value :  1.15976e-06
 Reference value :  1.16116e-06
 Reference value :  1.16256e-06
 Reference value :  1.16396e-06
 Reference value :  1.16531e-06
 Reference value :  1.16676e-06
 Reference value :  1.16821e-06
 Reference value :  1.16966e-06
 Reference value :  1.17111e-06
 Reference value :  1.17251e-06
 Reference value :  1.17396e-06
 Reference value :  1.17541e-06
 Reference value :  1.17686e-06
 Reference value :  1.17826e-06
 Reference value :  1.17966e-06
 Reference value :  1.18111e-06
 Reference value :  1.18251e-06
 Reference value :  1.18396e-06
 Reference value :  1.18536e-06
 Reference value :  1.18676e-06
 Reference value :  1.18821e-06
 Reference value :  1.18961e-06
 Reference value :  1.19101e-06
 Reference value :  1.19241e-06
 Reference value :  1.19381e-06
 Reference value :  1.19521e-06
 Reference value :  1.19666e-06
 Reference value :  1.19811e-06
 Reference value :  1.19951e-06
 Reference value :  1.20106e-06
 Reference value :  1.20251e-06
 Reference value :  1.20391e-06
 Reference value :  1.20531e-06
 Reference value :  1.20666e-06
 Reference value :  1.20806e-06
 Reference value :  1.20946e-06
 Reference value :  1.21081e-06
 Reference value :  1.21196e-06
 Reference value :  1.21316e-06
 Reference value :  1.21441e-06
 Reference value :  1.21566e-06
 Reference value :  1.21696e-06
 Reference value :  1.21821e-06
 Reference value :  1.21941e-06
 Reference value :  1.22066e-06
 Reference value :  1.22236e-06
 Reference value :  1.22391e-06
 Reference value :  1.22531e-06
 Reference value :  1.22671e-06
 Reference value :  1.22811e-06
 Reference value :  1.22951e-06
 Reference value :  1.23091e-06
 Reference value :  1.23231e-06
 Reference value :  1.23371e-06
 Reference value :  1.23516e-06
 Reference value :  1.23656e-06
 Reference value :  1.23796e-06
 Reference value :  1.23936e-06
 Reference value :  1.24076e-06
 Reference value :  1.24221e-06
 Reference value :  1.24366e-06
 Reference value :  1.24511e-06
 Reference value :  1.24656e-06
 Reference value :  1.24801e-06
 Reference value :  1.24941e-06
 Reference value :  1.25086e-06
 Reference value :  1.25226e-06
 Reference value :  1.25371e-06
 Reference value :  1.25511e-06
 Reference value :  1.25656e-06
 Reference value :  1.25801e-06
 Reference value :  1.25946e-06
 Reference value :  1.26091e-06
 Reference value :  1.26236e-06
 Reference value :  1.26376e-06
 Reference value :  1.26516e-06
 Reference value :  1.26656e-06
 Reference value :  1.26806e-06
 Reference value :  1.26951e-06
 Reference value :  1.27096e-06
 Reference value :  1.27236e-06
 Reference value :  1.27376e-06
 Reference value :  1.27521e-06
 Reference value :  1.27661e-06
 Reference value :  1.27806e-06
 Reference value :  1.27946e-06
 Reference value :  1.28086e-06
 Reference value :  1.28226e-06
 Reference value :  1.28366e-06
 Reference value :  1.28506e-06
 Reference value :  1.28646e-06
 Reference value :  1.28786e-06
 Reference value :  1.28946e-06
 Reference value :  1.29086e-06
 Reference value :  1.29226e-06
 Reference value :  1.29381e-06
 Reference value :  1.29541e-06
 Reference value :  1.29671e-06
 Reference value :  1.29796e-06
 Reference value :  1.29926e-06
 Reference value :  1.30051e-06
 Reference value :  1.30176e-06
 Reference value :  1.30301e-06
 Reference value :  1.30426e-06
 Reference value :  1.30551e-06
 Reference value :  1.30681e-06
 Reference value :  1.30811e-06
 Reference value :  1.30936e-06
 Reference value :  1.31066e-06
 Reference value :  1.31196e-06
 Reference value :  1.31321e-06
 Reference value :  1.31451e-06
 Reference value :  1.31581e-06
 Reference value :  1.31711e-06
 Reference value :  1.31851e-06
 Reference value :  1.31996e-06
 Reference value :  1.32136e-06
 Reference value :  1.32276e-06
 Reference value :  1.32411e-06
 Reference value :  1.32551e-06
 Reference value :  1.32691e-06
 Reference value :  1.32831e-06
 Reference value :  1.32966e-06
 Reference value :  1.33101e-06
 Reference value :  1.33241e-06
 Reference value :  1.33386e-06
 Reference value :  1.33531e-06
 Reference value :  1.33676e-06
 Reference value :  1.33821e-06
 Reference value :  1.33961e-06
 Reference value :  1.34101e-06
 Reference value :  1.34241e-06
 Reference value :  1.34381e-06
 Reference value :  1.34511e-06
 Reference value :  1.34641e-06
 Reference value :  1.34781e-06
 Reference value :  1.34926e-06
 Reference value :  1.35071e-06
 Reference value :  1.35216e-06
 Reference value :  1.35361e-06
 Reference value :  1.35501e-06
 Reference value :  1.35636e-06
 Reference value :  1.35781e-06
 Reference value :  1.35916e-06
 Reference value :  1.36056e-06
 Reference value :  1.36196e-06
 Reference value :  1.36341e-06
 Reference value :  1.36486e-06
 Reference value :  1.36626e-06
 Reference value :  1.36771e-06
 Reference value :  1.36911e-06
 Reference value :  1.37051e-06
 Reference value :  1.37191e-06
 Reference value :  1.37331e-06
 Reference value :  1.37471e-06
 Reference value :  1.37611e-06
 Reference value :  1.37751e-06
 Reference value :  1.37891e-06
 Reference value :  1.38026e-06
 Reference value :  1.38171e-06
 Reference value :  1.38306e-06
 Reference value :  1.38441e-06
 Reference value :  1.38576e-06
 Reference value :  1.38711e-06
 Reference value :  1.38851e-06
 Reference value :  1.38996e-06
 Reference value :  1.39131e-06
 Reference value :  1.39271e-06
 Reference value :  1.39401e-06
 Reference value :  1.39526e-06
 Reference value :  1.39646e-06
 Reference value :  1.39766e-06
 Reference value :  1.39886e-06
 Reference value :  1.40011e-06
 Reference value :  1.40131e-06
 Reference value :  1.40251e-06
 Reference value :  1.40376e-06
 Reference value :  1.40501e-06
 Reference value :  1.40631e-06
 Reference value :  1.40761e-06
 Reference value :  1.40891e-06
 Reference value :  1.41031e-06
 Reference value :  1.41176e-06
 Reference value :  1.41316e-06
 Reference value :  1.41456e-06
 Reference value :  1.41601e-06
 Reference value :  1.41741e-06
 Reference value :  1.41886e-06
 Reference value :  1.42031e-06
 Reference value :  1.42171e-06
 Reference value :  1.42316e-06
 Reference value :  1.42456e-06
 Reference value :  1.42601e-06
 Reference value :  1.42741e-06
 Reference value :  1.42881e-06
 Reference value :  1.43021e-06
 Reference value :  1.43161e-06
 Reference value :  1.43301e-06
 Reference value :  1.43441e-06
 Reference value :  1.43586e-06
 Reference value :  1.43736e-06
 Reference value :  1.43876e-06
 Reference value :  1.44016e-06
 Reference value :  1.44151e-06
 Reference value :  1.44291e-06
 Reference value :  1.44431e-06
 Reference value :  1.44571e-06
 Reference value :  1.44716e-06
 Reference value :  1.44856e-06
 Reference value :  1.45001e-06
 Reference value :  1.45146e-06
 Reference value :  1.45291e-06
 Reference value :  1.45431e-06
 Reference value :  1.45566e-06
 Reference value :  1.45691e-06
 Reference value :  1.45821e-06
 Reference value :  1.45946e-06
 Reference value :  1.46066e-06
 Reference value :  1.46186e-06
 Reference value :  1.46306e-06
 Reference value :  1.46426e-06
 Reference value :  1.46551e-06
 Reference value :  1.46676e-06
 Reference value :  1.46801e-06
 Reference value :  1.46926e-06
 Reference value :  1.47046e-06
 Reference value :  1.47171e-06
 Reference value :  1.47301e-06
 Reference value :  1.47431e-06
 Reference value :  1.47561e-06
 Reference value :  1.47691e-06
 Reference value :  1.47821e-06
 Reference value :  1.47951e-06
 Reference value :  1.48081e-06
 Reference value :  1.48206e-06
 Reference value :  1.48331e-06
 Reference value :  1.48451e-06
 Reference value :  1.48576e-06
 Reference value :  1.48711e-06
 Reference value :  1.48851e-06
 Reference value :  1.48991e-06
 Reference value :  1.49131e-06
 Reference value :  1.49276e-06
 Reference value :  1.49421e-06
 Reference value :  1.49566e-06
 Reference value :  1.49706e-06
 Reference value :  1.49846e-06
 Reference value :  1.49991e-06
 Reference value :  1.50141e-06
 Reference value :  1.50286e-06
 Reference value :  1.50431e-06
 Reference value :  1.50576e-06
 Reference value :  1.50721e-06
 Reference value :  1.50866e-06
 Reference value :  1.51006e-06
 Reference value :  1.51151e-06
 Reference value :  1.51296e-06
 Reference value :  1.51441e-06
 Reference value :  1.51586e-06
 Reference value :  1.51726e-06
 Reference value :  1.51871e-06
 Reference value :  1.52011e-06
 Reference value :  1.52151e-06
 Reference value :  1.52291e-06
 Reference value :  1.52431e-06
 Reference value :  1.52566e-06
 Reference value :  1.52691e-06
 Reference value :  1.52821e-06
 Reference value :  1.52951e-06
 Reference value :  1.53081e-06
 Reference value :  1.53211e-06
 Reference value :  1.53341e-06
 Reference value :  1.53466e-06
 Reference value :  1.53596e-06
 Reference value :  1.53726e-06
 Reference value :  1.53861e-06
 Reference value :  1.53991e-06
 Reference value :  1.54121e-06
 Reference value :  1.54251e-06
 Reference value :  1.54381e-06
 Reference value :  1.54506e-06
 Reference value :  1.54636e-06
 Reference value :  1.54766e-06
 Reference value :  1.54891e-06
 Reference value :  1.55016e-06
 Reference value :  1.55141e-06
 Reference value :  1.55261e-06
 Reference value :  1.55386e-06
 Reference value :  1.55511e-06
 Reference value :  1.55636e-06
 Reference value :  1.55761e-06
 Reference value :  1.55886e-06
 Reference value :  1.56011e-06
 Reference value :  1.56141e-06
 Reference value :  1.56271e-06
 Reference value :  1.56396e-06
 Reference value :  1.56521e-06
 Reference value :  1.56646e-06
 Reference value :  1.56771e-06
 Reference value :  1.56901e-06
 Reference value :  1.57026e-06
 Reference value :  1.57151e-06
 Reference value :  1.57271e-06
 Reference value :  1.57396e-06
 Reference value :  1.57521e-06
 Reference value :  1.57646e-06
 Reference value :  1.57776e-06
 Reference value :  1.57906e-06
 Reference value :  1.58036e-06
 Reference value :  1.58166e-06
 Reference value :  1.58296e-06
 Reference value :  1.58426e-06
 Reference value :  1.58556e-06
 Reference value :  1.58681e-06
 Reference value :  1.58806e-06
 Reference value :  1.58931e-06
 Reference value :  1.59056e-06
 Reference value :  1.59181e-06
 Reference value :  1.59311e-06
 Reference value :  1.59441e-06
 Reference value :  1.59571e-06
 Reference value :  1.59701e-06
 Reference value :  1.59826e-06
 Reference value :  1.59946e-06
 Reference value :  1.60066e-06
 Reference value :  1.60186e-06
 Reference value :  1.60306e-06
 Reference value :  1.60426e-06
 Reference value :  1.60546e-06
 Reference value :  1.60671e-06
 Reference value :  1.60791e-06
 Reference value :  1.60916e-06
 Reference value :  1.61041e-06
 Reference value :  1.61166e-06
 Reference value :  1.61286e-06
 Reference value :  1.61406e-06
 Reference value :  1.61526e-06
 Reference value :  1.61646e-06
 Reference value :  1.61766e-06
 Reference value :  1.61891e-06
 Reference value :  1.62016e-06
 Reference value :  1.62141e-06
 Reference value :  1.62266e-06
 Reference value :  1.62396e-06
 Reference value :  1.62521e-06
 Reference value :  1.62651e-06
 Reference value :  1.62771e-06
 Reference value :  1.62891e-06
 Reference value :  1.63016e-06
 Reference value :  1.63151e-06
 Reference value :  1.63286e-06
 Reference value :  1.63421e-06
 Reference value :  1.63556e-06
 Reference value :  1.63691e-06
 Reference value :  1.63816e-06
 Reference value :  1.63956e-06
 Reference value :  1.64096e-06
 Reference value :  1.64236e-06
 Reference value :  1.64376e-06
 Reference value :  1.64501e-06
 Reference value :  1.64626e-06
 Reference value :  1.64751e-06
 Reference value :  1.64886e-06
 Reference value :  1.65026e-06
 Reference value :  1.65171e-06
 Reference value :  1.65311e-06
 Reference value :  1.65456e-06
 Reference value :  1.65601e-06
 Reference value :  1.65741e-06
 Reference value :  1.65886e-06
 Reference value :  1.66031e-06
 Reference value :  1.66171e-06
 Reference value :  1.66311e-06
 Reference value :  1.66461e-06
 Reference value :  1.66601e-06
 Reference value :  1.66741e-06
 Reference value :  1.66881e-06
 Reference value :  1.67021e-06
 Reference value :  1.67161e-06
 Reference value :  1.67301e-06
 Reference value :  1.67441e-06
 Reference value :  1.67581e-06
 Reference value :  1.67721e-06
 Reference value :  1.67861e-06
 Reference value :  1.68001e-06
 Reference value :  1.68141e-06
 Reference value :  1.68281e-06
 Reference value :  1.68421e-06
 Reference value :  1.68561e-06
 Reference value :  1.68706e-06
 Reference value :  1.68846e-06
 Reference value :  1.68981e-06
 Reference value :  1.69116e-06
 Reference value :  1.69256e-06
 Reference value :  1.69376e-06
 Reference value :  1.69506e-06
 Reference value :  1.69646e-06
 Reference value :  1.69786e-06
 Reference value :  1.69926e-06
 Reference value :  1.70066e-06
 Reference value :  1.70196e-06
 Reference value :  1.70326e-06
 Reference value :  1.70446e-06
 Reference value :  1.70566e-06
 Reference value :  1.70681e-06
 Reference value :  1.70796e-06
 Reference value :  1.70916e-06
 Reference value :  1.71041e-06
 Reference value :  1.71161e-06
 Reference value :  1.71306e-06
 Reference value :  1.71446e-06
 Reference value :  1.71586e-06
 Reference value :  1.71726e-06
 Reference value :  1.71866e-06
 Reference value :  1.72006e-06
 Reference value :  1.72151e-06
 Reference value :  1.72296e-06
 Reference value :  1.72436e-06
 Reference value :  1.72571e-06
 Reference value :  1.72711e-06
 Reference value :  1.72851e-06
 Reference value :  1.72991e-06
 Reference value :  1.73131e-06
 Reference value :  1.73271e-06
 Reference value :  1.73411e-06
 Reference value :  1.73551e-06
 Reference value :  1.73691e-06
 Reference value :  1.73831e-06
 Reference value :  1.73971e-06
 Reference value :  1.74106e-06
 Reference value :  1.74236e-06
 Reference value :  1.74366e-06
 Reference value :  1.74496e-06
 Reference value :  1.74621e-06
 Reference value :  1.74746e-06
 Reference value :  1.74881e-06
 Reference value :  1.75026e-06
 Reference value :  1.75171e-06
 Reference value :  1.75311e-06
 Reference value :  1.75451e-06
 Reference value :  1.75586e-06
 Reference value :  1.75721e-06
 Reference value :  1.75861e-06
 Reference value :  1.76001e-06
 Reference value :  1.76146e-06
 Reference value :  1.76291e-06
 Reference value :  1.76426e-06
 Reference value :  1.76556e-06
 Reference value :  1.76686e-06
 Reference value :  1.76826e-06
 Reference value :  1.76976e-06
 Reference value :  1.77121e-06
 Reference value :  1.77261e-06
 Reference value :  1.77401e-06
 Reference value :  1.77546e-06
 Reference value :  1.77691e-06
 Reference value :  1.77836e-06
 Reference value :  1.77981e-06
 Reference value :  1.78126e-06
 Reference value :  1.78271e-06
 Reference value :  1.78416e-06
 Reference value :  1.78561e-06
 Reference value :  1.78701e-06
 Reference value :  1.78841e-06
 Reference value :  1.78991e-06
 Reference value :  1.79131e-06
 Reference value :  1.79271e-06
 Reference value :  1.79411e-06
 Reference value :  1.79551e-06
 Reference value :  1.79696e-06
 Reference value :  1.79826e-06
 Reference value :  1.79951e-06
 Reference value :  1.80081e-06
 Reference value :  1.80211e-06
 Reference value :  1.80341e-06
 Reference value :  1.80471e-06
 Reference value :  1.80601e-06
 Reference value :  1.80731e-06
 Reference value :  1.80861e-06
 Reference value :  1.80991e-06
 Reference value :  1.81121e-06
 Reference value :  1.81251e-06
 Reference value :  1.81381e-06
 Reference value :  1.81511e-06
 Reference value :  1.81641e-06
 Reference value :  1.81771e-06
 Reference value :  1.81896e-06
 Reference value :  1.82016e-06
 Reference value :  1.82141e-06
 Reference value :  1.82266e-06
 Reference value :  1.82396e-06
 Reference value :  1.82526e-06
 Reference value :  1.82656e-06
 Reference value :  1.82786e-06
 Reference value :  1.82916e-06
 Reference value :  1.83046e-06
 Reference value :  1.83176e-06
 Reference value :  1.83311e-06
 Reference value :  1.83461e-06
 Reference value :  1.83611e-06
 Reference value :  1.83756e-06
 Reference value :  1.83896e-06
 Reference value :  1.84036e-06
 Reference value :  1.84181e-06
 Reference value :  1.84321e-06
 Reference value :  1.84461e-06
 Reference value :  1.84601e-06
 Reference value :  1.84741e-06
 Reference value :  1.84881e-06
 Reference value :  1.85021e-06
 Reference value :  1.85161e-06
 Reference value :  1.85301e-06
 Reference value :  1.85441e-06
 Reference value :  1.85581e-06
 Reference value :  1.85716e-06
 Reference value :  1.85856e-06
 Reference value :  1.85996e-06
 Reference value :  1.86141e-06
 Reference value :  1.86281e-06
 Reference value :  1.86416e-06
 Reference value :  1.86546e-06
 Reference value :  1.86676e-06
 Reference value :  1.86811e-06
 Reference value :  1.86941e-06
 Reference value :  1.87071e-06
 Reference value :  1.87201e-06
 Reference value :  1.87331e-06
 Reference value :  1.87461e-06
 Reference value :  1.87591e-06
 Reference value :  1.87726e-06
 Reference value :  1.87856e-06
 Reference value :  1.87991e-06
 Reference value :  1.88121e-06
 Reference value :  1.88251e-06
 Reference value :  1.88381e-06
 Reference value :  1.88501e-06
 Reference value :  1.88621e-06
 Reference value :  1.88741e-06
 Reference value :  1.88866e-06
 Reference value :  1.88991e-06
 Reference value :  1.89121e-06
 Reference value :  1.89251e-06
 Reference value :  1.89381e-06
 Reference value :  1.89511e-06
 Reference value :  1.89646e-06
 Reference value :  1.89776e-06
 Reference value :  1.89901e-06
 Reference value :  1.90026e-06
 Reference value :  1.90146e-06
 Reference value :  1.90266e-06
 Reference value :  1.90391e-06
 Reference value :  1.90521e-06
 Reference value :  1.90651e-06
 Reference value :  1.90781e-06
 Reference value :  1.90911e-06
 Reference value :  1.91041e-06
 Reference value :  1.91171e-06
 Reference value :  1.91291e-06
 Reference value :  1.91416e-06
 Reference value :  1.91541e-06
 Reference value :  1.91671e-06
 Reference value :  1.91796e-06
 Reference value :  1.91921e-06
 Reference value :  1.92041e-06
 Reference value :  1.92166e-06
 Reference value :  1.92291e-06
 Reference value :  1.92416e-06
 Reference value :  1.92536e-06
 Reference value :  1.92656e-06
 Reference value :  1.92776e-06
 Reference value :  1.92901e-06
 Reference value :  1.93026e-06
 Reference value :  1.93151e-06
 Reference value :  1.93276e-06
 Reference value :  1.93401e-06
 Reference value :  1.93531e-06
 Reference value :  1.93656e-06
 Reference value :  1.93786e-06
 Reference value :  1.93916e-06
 Reference value :  1.94046e-06
 Reference value :  1.94176e-06
 Reference value :  1.94296e-06
 Reference value :  1.94416e-06
 Reference value :  1.94536e-06
 Reference value :  1.94656e-06
 Reference value :  1.94781e-06
 Reference value :  1.94906e-06
 Reference value :  1.95036e-06
 Reference value :  1.95166e-06
 Reference value :  1.95296e-06
 Reference value :  1.95426e-06
 Reference value :  1.95561e-06
 Reference value :  1.95691e-06
 Reference value :  1.95821e-06
 Reference value :  1.95946e-06
 Reference value :  1.96076e-06
 Reference value :  1.96206e-06
 Reference value :  1.96336e-06
 Reference value :  1.96466e-06
 Reference value :  1.96596e-06
 Reference value :  1.96726e-06
 Reference value :  1.96851e-06
 Reference value :  1.96981e-06
 Reference value :  1.97111e-06
 Reference value :  1.97241e-06
 Reference value :  1.97366e-06
 Reference value :  1.97496e-06
 Reference value :  1.97626e-06
 Reference value :  1.97761e-06
 Reference value :  1.97896e-06
 Reference value :  1.98026e-06
 Reference value :  1.98156e-06
 Reference value :  1.98286e-06
 Reference value :  1.98416e-06
 Reference value :  1.98546e-06
 Reference value :  1.98676e-06
 Reference value :  1.98806e-06
 Reference value :  1.98936e-06
 Reference value :  1.99066e-06
 Reference value :  1.99196e-06
 Reference value :  1.99326e-06
 Reference value :  1.99456e-06
 Reference value :  1.99581e-06
 Reference value :  1.99711e-06
 Reference value :  1.99841e-06
 Reference value :  1.99971e-06
 Reference value :  2.00101e-06
 Reference value :  2.00231e-06
 Reference value :  2.00356e-06
 Reference value :  2.00481e-06
 Reference value :  2.00606e-06
 Reference value :  2.00736e-06
 Reference value :  2.00866e-06
 Reference value :  2.00996e-06
 Reference value :  2.01126e-06
 Reference value :  2.01256e-06
 Reference value :  2.01386e-06
 Reference value :  2.01516e-06
 Reference value :  2.01646e-06
 Reference value :  2.01776e-06
 Reference value :  2.01901e-06
 Reference value :  2.02026e-06
 Reference value :  2.02151e-06
 Reference value :  2.02276e-06
 Reference value :  2.02406e-06
 Reference value :  2.02536e-06
 Reference value :  2.02666e-06
 Reference value :  2.02796e-06
 Reference value :  2.02926e-06
 Reference value :  2.03056e-06
 Reference value :  2.03186e-06
 Reference value :  2.03316e-06
 Reference value :  2.03446e-06
 Reference value :  2.03576e-06
 Reference value :  2.03706e-06
 Reference value :  2.03836e-06
 Reference value :  2.03966e-06
 Reference value :  2.04096e-06
 Reference value :  2.04226e-06
 Reference value :  2.04356e-06
 Reference value :  2.04486e-06
 Reference value :  2.04616e-06
 Reference value :  2.04746e-06
 Reference value :  2.04876e-06
 Reference value :  2.05001e-06
 Reference value :  2.05131e-06
 Reference value :  2.05261e-06
 Reference value :  2.05391e-06
 Reference value :  2.05521e-06
 Reference value :  2.05651e-06
 Reference value :  2.05781e-06
 Reference value :  2.05911e-06
 Reference value :  2.06036e-06
 Reference value :  2.06161e-06
 Reference value :  2.06286e-06
 Reference value :  2.06416e-06
 Reference value :  2.06546e-06
 Reference value :  2.06676e-06
 Reference value :  2.06811e-06
 Reference value :  2.06941e-06
 Reference value :  2.07071e-06
 Reference value :  2.07211e-06
 Reference value :  2.07356e-06
 Reference value :  2.07501e-06
 Reference value :  2.07646e-06
 Reference value :  2.07786e-06
 Reference value :  2.07926e-06
 Reference value :  2.08071e-06
 Reference value :  2.08216e-06
 Reference value :  2.08361e-06
 Reference value :  2.08506e-06
 Reference value :  2.08651e-06
 Reference value :  2.08796e-06
 Reference value :  2.08941e-06
 Reference value :  2.09086e-06
 Reference value :  2.09231e-06
 Reference value :  2.09376e-06
 Reference value :  2.09521e-06
 Reference value :  2.09666e-06
 Reference value :  2.09811e-06
 Reference value :  2.09956e-06
 Reference value :  2.10101e-06
 Reference value :  2.10246e-06
 Reference value :  2.10391e-06
 Reference value :  2.10531e-06
 Reference value :  2.10676e-06
 Reference value :  2.10816e-06
 Reference value :  2.10961e-06
 Reference value :  2.11106e-06
 Reference value :  2.11251e-06
 Reference value :  2.11396e-06
 Reference value :  2.11541e-06
 Reference value :  2.11686e-06
 Reference value :  2.11831e-06
 Reference value :  2.11976e-06
 Reference value :  2.12121e-06
 Reference value :  2.12266e-06
 Reference value :  2.12411e-06
 Reference value :  2.12551e-06
 Reference value :  2.12696e-06
 Reference value :  2.12841e-06
 Reference value :  2.12986e-06
 Reference value :  2.13131e-06
 Reference value :  2.13276e-06
 Reference value :  2.13416e-06
 Reference value :  2.13561e-06
 Reference value :  2.13706e-06
 Reference value :  2.13851e-06
 Reference value :  2.13996e-06
 Reference value :  2.14136e-06
 Reference value :  2.14261e-06
 Reference value :  2.14386e-06
 Reference value :  2.14511e-06
 Reference value :  2.14646e-06
 Reference value :  2.14786e-06
 Reference value :  2.14926e-06
 Reference value :  2.15066e-06
 Reference value :  2.15211e-06
 Reference value :  2.15356e-06
 Reference value :  2.15501e-06
 Reference value :  2.15646e-06
 Reference value :  2.15791e-06
 Reference value :  2.15926e-06
 Reference value :  2.16061e-06
 Reference value :  2.16201e-06
 Reference value :  2.16346e-06
 Reference value :  2.16491e-06
 Reference value :  2.16636e-06
 Reference value :  2.16781e-06
 Reference value :  2.16926e-06
 Reference value :  2.17066e-06
 Reference value :  2.17211e-06
 Reference value :  2.17351e-06
 Reference value :  2.17506e-06
 Reference value :  2.17641e-06
 Reference value :  2.17781e-06
 Reference value :  2.17921e-06
 Reference value :  2.18061e-06
 Reference value :  2.18206e-06
 Reference value :  2.18346e-06
 Reference value :  2.18491e-06
 Reference value :  2.18631e-06
 Reference value :  2.18771e-06
 Reference value :  2.18911e-06
 Reference value :  2.19051e-06
 Reference value :  2.19176e-06
 Reference value :  2.19296e-06
 Reference value :  2.19421e-06
 Reference value :  2.19551e-06
 Reference value :  2.19681e-06
 Reference value :  2.19816e-06
 Reference value :  2.19946e-06
 Reference value :  2.20076e-06
 Reference value :  2.20201e-06
 Reference value :  2.20331e-06
 Reference value :  2.20451e-06
 Reference value :  2.20571e-06
 Reference value :  2.20691e-06
 Reference value :  2.20811e-06
 Reference value :  2.20931e-06
 Reference value :  2.21056e-06
 Reference value :  2.21186e-06
 Reference value :  2.21311e-06
 Reference value :  2.21436e-06
 Reference value :  2.21566e-06
 Reference value :  2.21691e-06
 Reference value :  2.21821e-06
 Reference value :  2.21951e-06
 Reference value :  2.22081e-06
 Reference value :  2.22211e-06
 Reference value :  2.22341e-06
 Reference value :  2.22471e-06
 Reference value :  2.22601e-06
 Reference value :  2.22726e-06
 Reference value :  2.22846e-06
 Reference value :  2.22966e-06
 Reference value :  2.23086e-06
 Reference value :  2.23206e-06
 Reference value :  2.23326e-06
 Reference value :  2.23446e-06
 Reference value :  2.23571e-06
 Reference value :  2.23696e-06
 Reference value :  2.23821e-06
 Reference value :  2.23951e-06
 Reference value :  2.24081e-06
 Reference value :  2.24211e-06
 Reference value :  2.24341e-06
 Reference value :  2.24466e-06
 Reference value :  2.24591e-06
 Reference value :  2.24716e-06
 Reference value :  2.24841e-06
 Reference value :  2.24961e-06
 Reference value :  2.25086e-06
 Reference value :  2.25216e-06
 Reference value :  2.25346e-06
 Reference value :  2.25476e-06
 Reference value :  2.25606e-06
 Reference value :  2.25736e-06
 Reference value :  2.25866e-06
 Reference value :  2.25996e-06
 Reference value :  2.26126e-06
 Reference value :  2.26256e-06
 Reference value :  2.26386e-06
 Reference value :  2.26526e-06
 Reference value :  2.26671e-06
 Reference value :  2.26811e-06
 Reference value :  2.26956e-06
 Reference value :  2.27101e-06
 Reference value :  2.27241e-06
 Reference value :  2.27386e-06
 Reference value :  2.27531e-06
 Reference value :  2.27671e-06
 Reference value :  2.27811e-06
 Reference value :  2.27956e-06
 Reference value :  2.28096e-06
 Reference value :  2.28226e-06
 Reference value :  2.28366e-06
 Reference value :  2.28506e-06
 Reference value :  2.28651e-06
 Reference value :  2.28796e-06
 Reference value :  2.28941e-06
 Reference value :  2.29081e-06
 Reference value :  2.29226e-06
 Reference value :  2.29376e-06
 Reference value :  2.29516e-06
 Reference value :  2.29656e-06
 Reference value :  2.29796e-06
 Reference value :  2.29941e-06
 Reference value :  2.30081e-06
 Reference value :  2.30221e-06
 Reference value :  2.30361e-06
 Reference value :  2.30506e-06
 Reference value :  2.30651e-06
 Reference value :  2.30791e-06
 Reference value :  2.30936e-06
 Reference value :  2.31086e-06
 Reference value :  2.31231e-06
 Reference value :  2.31371e-06
 Reference value :  2.31506e-06
 Reference value :  2.31646e-06
 Reference value :  2.31786e-06
 Reference value :  2.31926e-06
 Reference value :  2.32061e-06
 Reference value :  2.32206e-06
 Reference value :  2.32341e-06
 Reference value :  2.32481e-06
 Reference value :  2.32621e-06
 Reference value :  2.32756e-06
 Reference value :  2.32896e-06
 Reference value :  2.33036e-06
 Reference value :  2.33176e-06
 Reference value :  2.33366e-06
 Reference value :  2.33501e-06
 Reference value :  2.33641e-06
 Reference value :  2.33786e-06
 Reference value :  2.33946e-06
 Reference value :  2.34101e-06
 Reference value :  2.34246e-06
 Reference value :  2.34391e-06
 Reference value :  2.34531e-06
 Reference value :  2.34681e-06
 Reference value :  2.34821e-06
 Reference value :  2.34961e-06
 Reference value :  2.35101e-06
 Reference value :  2.35241e-06
 Reference value :  2.35381e-06
 Reference value :  2.35516e-06
 Reference value :  2.35661e-06
 Reference value :  2.35806e-06
 Reference value :  2.35951e-06
 Reference value :  2.36096e-06
 Reference value :  2.36236e-06
 Reference value :  2.36381e-06
 Reference value :  2.36521e-06
 Reference value :  2.36666e-06
 Reference value :  2.36806e-06
 Reference value :  2.36946e-06
 Reference value :  2.37086e-06
 Reference value :  2.37221e-06
 Reference value :  2.37361e-06
 Reference value :  2.37501e-06
 Reference value :  2.37641e-06
 Reference value :  2.37786e-06
 Reference value :  2.37931e-06
 Reference value :  2.38096e-06
 Reference value :  2.38246e-06
 Reference value :  2.38381e-06
 Reference value :  2.38511e-06
 Reference value :  2.38636e-06
 Reference value :  2.38766e-06
 Reference value :  2.38896e-06
 Reference value :  2.39026e-06
 Reference value :  2.39161e-06
 Reference value :  2.39291e-06
 Reference value :  2.39421e-06
 Reference value :  2.39551e-06
 Reference value :  2.39681e-06
 Reference value :  2.39811e-06
 Reference value :  2.39936e-06
 Reference value :  2.40061e-06
 Reference value :  2.40196e-06
 Reference value :  2.40336e-06
 Reference value :  2.40476e-06
 Reference value :  2.40616e-06
 Reference value :  2.40756e-06
 Reference value :  2.40896e-06
 Reference value :  2.41036e-06
 Reference value :  2.41176e-06
 Reference value :  2.41311e-06
 Reference value :  2.41446e-06
 Reference value :  2.41586e-06
 Reference value :  2.41726e-06
 Reference value :  2.41866e-06
 Reference value :  2.42006e-06
 Reference value :  2.42146e-06
 Reference value :  2.42286e-06
 Reference value :  2.42426e-06
 Reference value :  2.42571e-06
 Reference value :  2.42711e-06
 Reference value :  2.42846e-06
 Reference value :  2.42986e-06
 Reference value :  2.43121e-06
 Reference value :  2.43261e-06
 Reference value :  2.43401e-06
 Reference value :  2.43541e-06
 Reference value :  2.43681e-06
 Reference value :  2.43816e-06
 Reference value :  2.43956e-06
 Reference value :  2.44096e-06
 Reference value :  2.44241e-06
 Reference value :  2.44381e-06
 Reference value :  2.44526e-06
 Reference value :  2.44666e-06
 Reference value :  2.44806e-06
 Reference value :  2.44946e-06
 Reference value :  2.45086e-06
 Reference value :  2.45226e-06
 Reference value :  2.45371e-06
 Reference value :  2.45516e-06
 Reference value :  2.45661e-06
 Reference value :  2.45806e-06
 Reference value :  2.45951e-06
 Reference value :  2.46081e-06
 Reference value :  2.46206e-06
 Reference value :  2.46331e-06
 Reference value :  2.46461e-06
 Reference value :  2.46591e-06
 Reference value :  2.46721e-06
 Reference value :  2.46851e-06
 Reference value :  2.46981e-06
 Reference value :  2.47106e-06
 Reference value :  2.47236e-06
 Reference value :  2.47366e-06
 Reference value :  2.47496e-06
 Reference value :  2.47626e-06
 Reference value :  2.47756e-06
 Reference value :  2.47886e-06
 Reference value :  2.48016e-06
 Reference value :  2.48146e-06
 Reference value :  2.48276e-06
 Reference value :  2.48406e-06
 Reference value :  2.48546e-06
 Reference value :  2.48686e-06
 Reference value :  2.48831e-06
 Reference value :  2.48971e-06
 Reference value :  2.49111e-06
 Reference value :  2.49256e-06
 Reference value :  2.49396e-06
 Reference value :  2.49541e-06
 Reference value :  2.49686e-06
 Reference value :  2.49826e-06
 Reference value :  2.49966e-06
 Reference value :  2.50096e-06
 Reference value :  2.50226e-06
 Reference value :  2.50356e-06
 Reference value :  2.50486e-06
 Reference value :  2.50616e-06
 Reference value :  2.50746e-06
 Reference value :  2.50876e-06
 Reference value :  2.51006e-06
 Reference value :  2.51136e-06
 Reference value :  2.51266e-06
 Reference value :  2.51396e-06
 Reference value :  2.51526e-06
 Reference value :  2.51651e-06
 Reference value :  2.51781e-06
 Reference value :  2.51916e-06
 Reference value :  2.52056e-06
 Reference value :  2.52186e-06
 Reference value :  2.52316e-06
 Reference value :  2.52446e-06
 Reference value :  2.52576e-06
 Reference value :  2.52706e-06
 Reference value :  2.52836e-06
 Reference value :  2.52966e-06
 Reference value :  2.53091e-06
 Reference value :  2.53216e-06
 Reference value :  2.53341e-06
 Reference value :  2.53471e-06
 Reference value :  2.53611e-06
 Reference value :  2.53751e-06
 Reference value :  2.53891e-06
 Reference value :  2.54031e-06
 Reference value :  2.54171e-06
 Reference value :  2.54316e-06
 Reference value :  2.54456e-06
 Reference value :  2.54596e-06
 Reference value :  2.54736e-06
 Reference value :  2.54871e-06
 Reference value :  2.55011e-06
 Reference value :  2.55156e-06
 Reference value :  2.55306e-06
 Reference value :  2.55451e-06
 Reference value :  2.55596e-06
 Reference value :  2.55741e-06
 Reference value :  2.55881e-06
 Reference value :  2.56016e-06
 Reference value :  2.56156e-06
 Reference value :  2.56296e-06
 Reference value :  2.56446e-06
 Reference value :  2.56586e-06
 Reference value :  2.56726e-06
 Reference value :  2.56886e-06
 Reference value :  2.57031e-06
 Reference value :  2.57171e-06
 Reference value :  2.57311e-06
 Reference value :  2.57451e-06
 Reference value :  2.57591e-06
 Reference value :  2.57731e-06
 Reference value :  2.57871e-06
 Reference value :  2.58011e-06
 Reference value :  2.58151e-06
 Reference value :  2.58291e-06
 Reference value :  2.58436e-06
 Reference value :  2.58581e-06
 Reference value :  2.58721e-06
 Reference value :  2.58866e-06
 Reference value :  2.59006e-06
 Reference value :  2.59146e-06
 Reference value :  2.59291e-06
 Reference value :  2.59431e-06
 Reference value :  2.59576e-06
 Reference value :  2.59716e-06
 Reference value :  2.59866e-06
 Reference value :  2.60011e-06
 Reference value :  2.60156e-06
 Reference value :  2.60301e-06
 Reference value :  2.60436e-06
 Reference value :  2.60576e-06
 Reference value :  2.60721e-06
 Reference value :  2.60861e-06
 Reference value :  2.61001e-06
 Reference value :  2.61141e-06
 Reference value :  2.61281e-06
 Reference value :  2.61421e-06
 Reference value :  2.61561e-06
 Reference value :  2.61701e-06
 Reference value :  2.61846e-06
 Reference value :  2.61986e-06
 Reference value :  2.62126e-06
 Reference value :  2.62266e-06
 Reference value :  2.62406e-06
 Reference value :  2.62546e-06
 Reference value :  2.62691e-06
 Reference value :  2.62821e-06
 Reference value :  2.62951e-06
 Reference value :  2.63081e-06
 Reference value :  2.63211e-06
 Reference value :  2.63341e-06
 Reference value :  2.63471e-06
 Reference value :  2.63601e-06
 Reference value :  2.63731e-06
 Reference value :  2.63861e-06
 Reference value :  2.63991e-06
 Reference value :  2.64121e-06
 Reference value :  2.64251e-06
 Reference value :  2.64381e-06
 Reference value :  2.64511e-06
 Reference value :  2.64641e-06
 Reference value :  2.64771e-06
 Reference value :  2.64901e-06
 Reference value :  2.65031e-06
 Reference value :  2.65161e-06
 Reference value :  2.65291e-06
 Reference value :  2.65426e-06
 Reference value :  2.65551e-06
 Reference value :  2.65676e-06
 Reference value :  2.65801e-06
 Reference value :  2.65926e-06
 Reference value :  2.66071e-06
 Reference value :  2.66211e-06
 Reference value :  2.66356e-06
 Reference value :  2.66501e-06
 Reference value :  2.66646e-06
 Reference value :  2.66791e-06
 Reference value :  2.66931e-06
 Reference value :  2.67076e-06
 Reference value :  2.67221e-06
 Reference value :  2.67366e-06
 Reference value :  2.67511e-06
 Reference value :  2.67656e-06
 Reference value :  2.67791e-06
 Reference value :  2.67921e-06
 Reference value :  2.68051e-06
 Reference value :  2.68181e-06
 Reference value :  2.68311e-06
 Reference value :  2.68441e-06
 Reference value :  2.68571e-06
 Reference value :  2.68696e-06
 Reference value :  2.68826e-06
 Reference value :  2.68956e-06
 Reference value :  2.69086e-06
 Reference value :  2.69216e-06
 Reference value :  2.69346e-06
 Reference value :  2.69476e-06
 Reference value :  2.69606e-06
 Reference value :  2.69731e-06
 Reference value :  2.69856e-06
 Reference value :  2.69986e-06
 Reference value :  2.70116e-06
 Reference value :  2.70241e-06
 Reference value :  2.70371e-06
 Reference value :  2.70501e-06
 Reference value :  2.70631e-06
 Reference value :  2.70761e-06
 Reference value :  2.70896e-06
 Reference value :  2.71017e-06
 Reference value :  2.71153e-06
 Reference value :  2.71273e-06
 Reference value :  2.71393e-06
 Reference value :  2.71508e-06
 Reference value :  2.71638e-06
 Reference value :  2.71763e-06
 Reference value :  2.71893e-06
 Reference value :  2.72023e-06
 Reference value :  2.72153e-06
 Reference value :  2.72288e-06
 Reference value :  2.72413e-06
 Reference value :  2.72533e-06
 Reference value :  2.72658e-06
 Reference value :  2.72783e-06
 Reference value :  2.72903e-06
 Reference value :  2.73023e-06
 Reference value :  2.73148e-06
 Reference value :  2.73273e-06
 Reference value :  2.73403e-06
 Reference value :  2.73528e-06
 Reference value :  2.73658e-06
 Reference value :  2.73788e-06
 Reference value :  2.73918e-06
 Reference value :  2.74048e-06
 Reference value :  2.74178e-06
 Reference value :  2.74308e-06
 Reference value :  2.74433e-06
 Reference value :  2.74563e-06
 Reference value :  2.74693e-06
 Reference value :  2.74823e-06
 Reference value :  2.74953e-06
 Reference value :  2.75083e-06
 Reference value :  2.75213e-06
 Reference value :  2.75343e-06
 Reference value :  2.75473e-06
 Reference value :  2.75603e-06
 Reference value :  2.75733e-06
 Reference value :  2.75863e-06
 Reference value :  2.75993e-06
 Reference value :  2.76123e-06
 Reference value :  2.76253e-06
 Reference value :  2.76383e-06
 Reference value :  2.76508e-06
 Reference value :  2.76638e-06
 Reference value :  2.76773e-06
 Reference value :  2.76903e-06
 Reference value :  2.77033e-06
 Reference value :  2.77163e-06
 Reference value :  2.77288e-06
 Reference value :  2.77418e-06
 Reference value :  2.77548e-06
 Reference value :  2.77678e-06
 Reference value :  2.77808e-06
 Reference value :  2.77938e-06
 Reference value :  2.78063e-06
 Reference value :  2.78183e-06
 Reference value :  2.78303e-06
 Reference value :  2.78423e-06
 Reference value :  2.78543e-06
 Reference value :  2.78668e-06
 Reference value :  2.78793e-06
 Reference value :  2.78923e-06
 Reference value :  2.79053e-06
 Reference value :  2.79183e-06
 Reference value :  2.79313e-06
 Reference value :  2.79443e-06
 Reference value :  2.79573e-06
 Reference value :  2.79708e-06
 Reference value :  2.79828e-06
 Reference value :  2.79948e-06
 Reference value :  2.80073e-06
 Reference value :  2.80193e-06
 Reference value :  2.80313e-06
 Reference value :  2.80433e-06
 Reference value :  2.80558e-06
 Reference value :  2.80683e-06
 Reference value :  2.80808e-06
 Reference value :  2.80933e-06
 Reference value :  2.81058e-06
 Reference value :  2.81183e-06
 Reference value :  2.81303e-06
 Reference value :  2.81428e-06
 Reference value :  2.81553e-06
 Reference value :  2.81683e-06
 Reference value :  2.81813e-06
 Reference value :  2.81943e-06
 Reference value :  2.82073e-06
 Reference value :  2.82203e-06
 Reference value :  2.82338e-06
 Reference value :  2.82473e-06
 Reference value :  2.82608e-06
 Reference value :  2.82733e-06
 Reference value :  2.82858e-06
 Reference value :  2.82978e-06
 Reference value :  2.83103e-06
 Reference value :  2.83228e-06
 Reference value :  2.83353e-06
 Reference value :  2.83478e-06
 Reference value :  2.83608e-06
 Reference value :  2.83738e-06
 Reference value :  2.83868e-06
 Reference value :  2.83998e-06
 Reference value :  2.84118e-06
 Reference value :  2.84243e-06
 Reference value :  2.84373e-06
 Reference value :  2.84503e-06
 Reference value :  2.84633e-06
 Reference value :  2.84763e-06
 Reference value :  2.84893e-06
 Reference value :  2.85028e-06
 Reference value :  2.85163e-06
 Reference value :  2.85298e-06
 Reference value :  2.85428e-06
 Reference value :  2.85558e-06
 Reference value :  2.85688e-06
 Reference value :  2.85813e-06
 Reference value :  2.85933e-06
 Reference value :  2.86058e-06
 Reference value :  2.86183e-06
 Reference value :  2.86308e-06
 Reference value :  2.86438e-06
 Reference value :  2.86568e-06
 Reference value :  2.86698e-06
 Reference value :  2.86828e-06
 Reference value :  2.86958e-06
 Reference value :  2.87088e-06
 Reference value :  2.87218e-06
 Reference value :  2.87348e-06
 Reference value :  2.87478e-06
 Reference value :  2.87608e-06
 Reference value :  2.87738e-06
 Reference value :  2.87868e-06
 Reference value :  2.87998e-06
 Reference value :  2.88128e-06
 Reference value :  2.88263e-06
 Reference value :  2.88393e-06
 Reference value :  2.88523e-06
 Reference value :  2.88663e-06
 Reference value :  2.88803e-06
 Reference value :  2.88948e-06
 Reference value :  2.89088e-06
 Reference value :  2.89233e-06
 Reference value :  2.89378e-06
 Reference value :  2.89518e-06
 Reference value :  2.89663e-06
 Reference value :  2.89808e-06
 Reference value :  2.89953e-06
 Reference value :  2.90098e-06
 Reference value :  2.90243e-06
 Reference value :  2.90388e-06
 Reference value :  2.90533e-06
 Reference value :  2.90678e-06
 Reference value :  2.90823e-06
 Reference value :  2.90968e-06
 Reference value :  2.91113e-06
 Reference value :  2.91258e-06
 Reference value :  2.91403e-06
 Reference value :  2.91548e-06
 Reference value :  2.91693e-06
 Reference value :  2.91838e-06
 Reference value :  2.91978e-06
 Reference value :  2.92118e-06
 Reference value :  2.92258e-06
 Reference value :  2.92403e-06
 Reference value :  2.92543e-06
 Reference value :  2.92683e-06
 Reference value :  2.92823e-06
 Reference value :  2.92968e-06
 Reference value :  2.93113e-06
 Reference value :  2.93258e-06
 Reference value :  2.93398e-06
 Reference value :  2.93543e-06
 Reference value :  2.93693e-06
 Reference value :  2.93853e-06
 Reference value :  2.94003e-06
 Reference value :  2.94148e-06
 Reference value :  2.94293e-06
 Reference value :  2.94428e-06
 Reference value :  2.94568e-06
 Reference value :  2.94713e-06
 Reference value :  2.94853e-06
 Reference value :  2.94993e-06
 Reference value :  2.95133e-06
 Reference value :  2.95278e-06
 Reference value :  2.95423e-06
 Reference value :  2.95573e-06
 Reference value :  2.95718e-06
 Reference value :  2.95863e-06
 Reference value :  2.96008e-06
 Reference value :  2.96153e-06
 Reference value :  2.96298e-06
 Reference value :  2.96443e-06
 Reference value :  2.96588e-06
 Reference value :  2.96733e-06
 Reference value :  2.96873e-06
 Reference value :  2.97013e-06
 Reference value :  2.97153e-06
 Reference value :  2.97293e-06
 Reference value :  2.97433e-06
 Reference value :  2.97573e-06
 Reference value :  2.97718e-06
 Reference value :  2.97863e-06
 Reference value :  2.98003e-06
 Reference value :  2.98148e-06
 Reference value :  2.98293e-06
 Reference value :  2.98438e-06
 Reference value :  2.98578e-06
 Reference value :  2.98718e-06
 Reference value :  2.98858e-06
 Reference value :  2.98993e-06
 Reference value :  2.99133e-06
 Reference value :  2.99273e-06
 Reference value :  2.99413e-06
 Reference value :  2.99553e-06
 Reference value :  2.99693e-06
 Reference value :  2.99833e-06
 Reference value :  2.99973e-06
 Reference value :  3.00113e-06
 Reference value :  3.00248e-06
 Reference value :  3.00388e-06
 Reference value :  3.00533e-06
 Reference value :  3.00673e-06
 Reference value :  3.00813e-06
 Reference value :  3.00958e-06
 Reference value :  3.01098e-06
 Reference value :  3.01243e-06
 Reference value :  3.01388e-06
 Reference value :  3.01533e-06
 Reference value :  3.01678e-06
 Reference value :  3.01823e-06
 Reference value :  3.01963e-06
 Reference value :  3.02103e-06
 Reference value :  3.02243e-06
 Reference value :  3.02383e-06
 Reference value :  3.02523e-06
 Reference value :  3.02663e-06
 Reference value :  3.02803e-06
 Reference value :  3.02943e-06
 Reference value :  3.03083e-06
 Reference value :  3.03223e-06
 Reference value :  3.03368e-06
 Reference value :  3.03508e-06
 Reference value :  3.03648e-06
 Reference value :  3.03788e-06
 Reference value :  3.03933e-06
 Reference value :  3.04078e-06
 Reference value :  3.04218e-06
 Reference value :  3.04363e-06
 Reference value :  3.04508e-06
 Reference value :  3.04648e-06
 Reference value :  3.04793e-06
 Reference value :  3.04938e-06
 Reference value :  3.05083e-06
 Reference value :  3.05228e-06
 Reference value :  3.05373e-06
 Reference value :  3.05518e-06
 Reference value :  3.05663e-06
 Reference value :  3.05808e-06
 Reference value :  3.05953e-06
 Reference value :  3.06098e-06
 Reference value :  3.06238e-06
 Reference value :  3.06378e-06
 Reference value :  3.06518e-06
 Reference value :  3.06648e-06
 Reference value :  3.06778e-06
 Reference value :  3.06908e-06
 Reference value :  3.07038e-06
 Reference value :  3.07168e-06
 Reference value :  3.07293e-06
 Reference value :  3.07423e-06
 Reference value :  3.07553e-06
 Reference value :  3.07683e-06
 Reference value :  3.07813e-06
 Reference value :  3.07943e-06
 Reference value :  3.08073e-06
 Reference value :  3.08203e-06
 Reference value :  3.08333e-06
 Reference value :  3.08463e-06
 Reference value :  3.08593e-06
 Reference value :  3.08723e-06
 Reference value :  3.08863e-06
 Reference value :  3.08998e-06
 Reference value :  3.09128e-06
 Reference value :  3.09268e-06
 Reference value :  3.09408e-06
 Reference value :  3.09548e-06
 Reference value :  3.09688e-06
 Reference value :  3.09838e-06
 Reference value :  3.09973e-06
 Reference value :  3.10103e-06
 Reference value :  3.10238e-06
 Reference value :  3.10378e-06
 Reference value :  3.10518e-06
 Reference value :  3.10658e-06
 Reference value :  3.10803e-06
 Reference value :  3.10943e-06
 Reference value :  3.11083e-06
 Reference value :  3.11228e-06
 Reference value :  3.11368e-06
 Reference value :  3.11513e-06
 Reference value :  3.11658e-06
 Reference value :  3.11798e-06
 Reference value :  3.11938e-06
 Reference value :  3.12078e-06
 Reference value :  3.12218e-06
 Reference value :  3.12358e-06
 Reference value :  3.12498e-06
 Reference value :  3.12638e-06
 Reference value :  3.12778e-06
 Reference value :  3.12918e-06
 Reference value :  3.13058e-06
 Reference value :  3.13198e-06
 Reference value :  3.13338e-06
 Reference value :  3.13478e-06
 Reference value :  3.13618e-06
 Reference value :  3.13758e-06
 Reference value :  3.13903e-06
 Reference value :  3.14048e-06
 Reference value :  3.14193e-06
 Reference value :  3.14338e-06
 Reference value :  3.14483e-06
 Reference value :  3.14628e-06
 Reference value :  3.14773e-06
 Reference value :  3.14918e-06
 Reference value :  3.15063e-06
 Reference value :  3.15208e-06
 Reference value :  3.15348e-06
 Reference value :  3.15498e-06
 Reference value :  3.15638e-06
 Reference value :  3.15783e-06
 Reference value :  3.15923e-06
 Reference value :  3.16068e-06
 Reference value :  3.16208e-06
 Reference value :  3.16353e-06
 Reference value :  3.16498e-06
 Reference value :  3.16638e-06
 Reference value :  3.16778e-06
 Reference value :  3.16918e-06
 Reference value :  3.17058e-06
 Reference value :  3.17193e-06
 Reference value :  3.17333e-06
 Reference value :  3.17473e-06
 Reference value :  3.17608e-06
 Reference value :  3.17748e-06
 Reference value :  3.17883e-06
 Reference value :  3.18023e-06
 Reference value :  3.18163e-06
 Reference value :  3.18303e-06
 Reference value :  3.18443e-06
 Reference value :  3.18583e-06
 Reference value :  3.18713e-06
 Reference value :  3.18843e-06
 Reference value :  3.18973e-06
 Reference value :  3.19103e-06
 Reference value :  3.19233e-06
 Reference value :  3.19363e-06
 Reference value :  3.19493e-06
 Reference value :  3.19623e-06
 Reference value :  3.19753e-06
 Reference value :  3.19883e-06
 Reference value :  3.20013e-06
 Reference value :  3.20148e-06
 Reference value :  3.20278e-06
 Reference value :  3.20413e-06
 Reference value :  3.20543e-06
 Reference value :  3.20673e-06
 Reference value :  3.20803e-06
 Reference value :  3.20933e-06
 Reference value :  3.21063e-06
 Reference value :  3.21193e-06
 Reference value :  3.21323e-06
 Reference value :  3.21453e-06
 Reference value :  3.21583e-06
 Reference value :  3.21713e-06
 Reference value :  3.21843e-06
 Reference value :  3.21973e-06
 Reference value :  3.22103e-06
 Reference value :  3.22233e-06
 Reference value :  3.22358e-06
 Reference value :  3.22488e-06
 Reference value :  3.22618e-06
 Reference value :  3.22763e-06
 Reference value :  3.22903e-06
 Reference value :  3.23043e-06
 Reference value :  3.23188e-06
 Reference value :  3.23338e-06
 Reference value :  3.23478e-06
 Reference value :  3.23618e-06
 Reference value :  3.23753e-06
 Reference value :  3.23893e-06
 Reference value :  3.24033e-06
 Reference value :  3.24178e-06
 Reference value :  3.24323e-06
 Reference value :  3.24468e-06
 Reference value :  3.24608e-06
 Reference value :  3.24748e-06
 Reference value :  3.24883e-06
 Reference value :  3.25013e-06
 Reference value :  3.25143e-06
 Reference value :  3.25273e-06
 Reference value :  3.25398e-06
 Reference value :  3.25528e-06
 Reference value :  3.25658e-06
 Reference value :  3.25788e-06
 Reference value :  3.25918e-06
 Reference value :  3.26048e-06
 Reference value :  3.26178e-06
 Reference value :  3.26308e-06
 Reference value :  3.26438e-06
 Reference value :  3.26568e-06
 Reference value :  3.26698e-06
 Reference value :  3.26828e-06
 Reference value :  3.26958e-06
 Reference value :  3.27088e-06
 Reference value :  3.27218e-06
 Reference value :  3.27348e-06
 Reference value :  3.27488e-06
 Reference value :  3.27643e-06
 Reference value :  3.27788e-06
 Reference value :  3.27928e-06
 Reference value :  3.28068e-06
 Reference value :  3.28208e-06
 Reference value :  3.28348e-06
 Reference value :  3.28493e-06
 Reference value :  3.28638e-06
 Reference value :  3.28783e-06
 Reference value :  3.28928e-06
 Reference value :  3.29068e-06
 Reference value :  3.29213e-06
 Reference value :  3.29353e-06
 Reference value :  3.29493e-06
 Reference value :  3.29633e-06
 Reference value :  3.29773e-06
 Reference value :  3.29913e-06
 Reference value :  3.30058e-06
 Reference value :  3.30198e-06
 Reference value :  3.30338e-06
 Reference value :  3.30483e-06
 Reference value :  3.30623e-06
 Reference value :  3.30763e-06
 Reference value :  3.30903e-06
 Reference value :  3.31038e-06
 Reference value :  3.31173e-06
 Reference value :  3.31308e-06
 Reference value :  3.31448e-06
 Reference value :  3.31588e-06
 Reference value :  3.31728e-06
 Reference value :  3.31868e-06
 Reference value :  3.31993e-06
 Reference value :  3.32123e-06
 Reference value :  3.32248e-06
 Reference value :  3.32368e-06
 Reference value :  3.32503e-06
 Reference value :  3.32643e-06
 Reference value :  3.32778e-06
 Reference value :  3.32918e-06
 Reference value :  3.33058e-06
 Reference value :  3.33198e-06
 Reference value :  3.33333e-06
 Reference value :  3.33473e-06
 Reference value :  3.33618e-06
 Reference value :  3.33758e-06
 Reference value :  3.33903e-06
 Reference value :  3.34043e-06
 Reference value :  3.34183e-06
 Reference value :  3.34328e-06
 Reference value :  3.34468e-06
 Reference value :  3.34608e-06
 Reference value :  3.34753e-06
 Reference value :  3.34888e-06
 Reference value :  3.35028e-06
 Reference value :  3.35173e-06
 Reference value :  3.35313e-06
 Reference value :  3.35458e-06
 Reference value :  3.35598e-06
 Reference value :  3.35733e-06
 Reference value :  3.35868e-06
 Reference value :  3.36008e-06
 Reference value :  3.36148e-06
 Reference value :  3.36288e-06
 Reference value :  3.36428e-06
 Reference value :  3.36568e-06
 Reference value :  3.36713e-06
 Reference value :  3.36858e-06
 Reference value :  3.37003e-06
 Reference value :  3.37148e-06
 Reference value :  3.37293e-06
 Reference value :  3.37438e-06
 Reference value :  3.37583e-06
 Reference value :  3.37723e-06
 Reference value :  3.37863e-06
 Reference value :  3.38003e-06
 Reference value :  3.38143e-06
 Reference value :  3.38283e-06
 Reference value :  3.38413e-06
 Reference value :  3.38543e-06
 Reference value :  3.38673e-06
 Reference value :  3.38803e-06
 Reference value :  3.38938e-06
 Reference value :  3.39083e-06
 Reference value :  3.39228e-06
 Reference value :  3.39368e-06
 Reference value :  3.39508e-06
 Reference value :  3.39648e-06
 Reference value :  3.39793e-06
 Reference value :  3.39938e-06
 Reference value :  3.40088e-06
 Reference value :  3.40228e-06
 Reference value :  3.40368e-06
 Reference value :  3.40508e-06
 Reference value :  3.40648e-06
 Reference value :  3.40788e-06
 Reference value :  3.40928e-06
 Reference value :  3.41073e-06
 Reference value :  3.41203e-06
 Reference value :  3.41333e-06
 Reference value :  3.41463e-06
 Reference value :  3.41583e-06
 Reference value :  3.41703e-06
 Reference value :  3.41823e-06
 Reference value :  3.41948e-06
 Reference value :  3.42073e-06
 Reference value :  3.42198e-06
 Reference value :  3.42323e-06
 Reference value :  3.42453e-06
 Reference value :  3.42583e-06
 Reference value :  3.42718e-06
 Reference value :  3.42848e-06
 Reference value :  3.42973e-06
 Reference value :  3.43098e-06
 Reference value :  3.43223e-06
 Reference value :  3.43353e-06
 Reference value :  3.43478e-06
 Reference value :  3.43603e-06
 Reference value :  3.43733e-06
 Reference value :  3.43863e-06
 Reference value :  3.43993e-06
 Reference value :  3.44123e-06
 Reference value :  3.44253e-06
 Reference value :  3.44378e-06
 Reference value :  3.44498e-06
 Reference value :  3.44618e-06
 Reference value :  3.44738e-06
 Reference value :  3.44863e-06
 Reference value :  3.44988e-06
 Reference value :  3.45113e-06
 Reference value :  3.45238e-06
 Reference value :  3.45363e-06
 Reference value :  3.45493e-06
 Reference value :  3.45618e-06
 Reference value :  3.45748e-06
 Reference value :  3.45878e-06
 Reference value :  3.46003e-06
 Reference value :  3.46128e-06
 Reference value :  3.46258e-06
 Reference value :  3.46383e-06
 Reference value :  3.46513e-06
 Reference value :  3.46643e-06
 Reference value :  3.46773e-06
 Reference value :  3.46898e-06
 Reference value :  3.47028e-06
 Reference value :  3.47153e-06
 Reference value :  3.47278e-06
 Reference value :  3.47403e-06
 Reference value :  3.47533e-06
 Reference value :  3.47658e-06
 Reference value :  3.47783e-06
 Reference value :  3.47913e-06
 Reference value :  3.48043e-06
 Reference value :  3.48173e-06
 Reference value :  3.48303e-06
 Reference value :  3.48433e-06
 Reference value :  3.48563e-06
 Reference value :  3.48693e-06
 Reference value :  3.48818e-06
 Reference value :  3.48948e-06
 Reference value :  3.49088e-06
 Reference value :  3.49228e-06
 Reference value :  3.49368e-06
 Reference value :  3.49513e-06
 Reference value :  3.49653e-06
 Reference value :  3.49793e-06
 Reference value :  3.49933e-06
 Reference value :  3.50078e-06
 Reference value :  3.50223e-06
 Reference value :  3.50363e-06
 Reference value :  3.50508e-06
 Reference value :  3.50648e-06
 Reference value :  3.50788e-06
 Reference value :  3.50928e-06
 Reference value :  3.51068e-06
 Reference value :  3.51208e-06
 Reference value :  3.51348e-06
 Reference value :  3.51488e-06
 Reference value :  3.51638e-06
 Reference value :  3.51783e-06
 Reference value :  3.51928e-06
 Reference value :  3.52068e-06
 Reference value :  3.52208e-06
 Reference value :  3.52348e-06
 Reference value :  3.52493e-06
 Reference value :  3.52638e-06
 Reference value :  3.52783e-06
 Reference value :  3.52923e-06
 Reference value :  3.53068e-06
 Reference value :  3.53208e-06
 Reference value :  3.53348e-06
 Reference value :  3.53488e-06
 Reference value :  3.53628e-06
 Reference value :  3.53763e-06
 Reference value :  3.53903e-06
 Reference value :  3.54043e-06
 Reference value :  3.54178e-06
 Reference value :  3.54303e-06
 Reference value :  3.54433e-06
 Reference value :  3.54563e-06
 Reference value :  3.54693e-06
 Reference value :  3.54823e-06
 Reference value :  3.54953e-06
 Reference value :  3.55083e-06
 Reference value :  3.55213e-06
 Reference value :  3.55343e-06
 Reference value :  3.55468e-06
 Reference value :  3.55593e-06
 Reference value :  3.55713e-06
 Reference value :  3.55843e-06
 Reference value :  3.55983e-06
 Reference value :  3.56123e-06
 Reference value :  3.56263e-06
 Reference value :  3.56403e-06
 Reference value :  3.56543e-06
 Reference value :  3.56683e-06
 Reference value :  3.56823e-06
 Reference value :  3.56963e-06
 Reference value :  3.57103e-06
 Reference value :  3.57243e-06
 Reference value :  3.57388e-06
 Reference value :  3.57538e-06
 Reference value :  3.57688e-06
 Reference value :  3.57828e-06
 Reference value :  3.57968e-06
 Reference value :  3.58113e-06
 Reference value :  3.58253e-06
 Reference value :  3.58393e-06
 Reference value :  3.58533e-06
 Reference value :  3.58678e-06
 Reference value :  3.58823e-06
 Reference value :  3.58963e-06
 Reference value :  3.59103e-06
 Reference value :  3.59243e-06
 Reference value :  3.59383e-06
 Reference value :  3.59528e-06
 Reference value :  3.59673e-06
 Reference value :  3.59818e-06
 Reference value :  3.59963e-06
 Reference value :  3.60108e-06
 Reference value :  3.60248e-06
 Reference value :  3.60393e-06
 Reference value :  3.60533e-06
 Reference value :  3.60673e-06
 Reference value :  3.60808e-06
 Reference value :  3.60948e-06
 Reference value :  3.61088e-06
 Reference value :  3.61228e-06
 Reference value :  3.61368e-06
 Reference value :  3.61513e-06
 Reference value :  3.61658e-06
 Reference value :  3.61808e-06
 Reference value :  3.61948e-06
 Reference value :  3.62088e-06
 Reference value :  3.62228e-06
 Reference value :  3.62363e-06
 Reference value :  3.62483e-06
 Reference value :  3.62603e-06
 Reference value :  3.62728e-06
 Reference value :  3.62848e-06
 Reference value :  3.62978e-06
 Reference value :  3.63108e-06
 Reference value :  3.63243e-06
 Reference value :  3.63383e-06
 Reference value :  3.63523e-06
 Reference value :  3.63668e-06
 Reference value :  3.63848e-06
 Reference value :  3.63993e-06
 Reference value :  3.64133e-06
 Reference value :  3.64273e-06
 Reference value :  3.64413e-06
 Reference value :  3.64553e-06
 Reference value :  3.64693e-06
 Reference value :  3.64833e-06
 Reference value :  3.64973e-06
 Reference value :  3.65113e-06
 Reference value :  3.65258e-06
 Reference value :  3.65403e-06
 Reference value :  3.65548e-06
 Reference value :  3.65693e-06
 Reference value :  3.65833e-06
 Reference value :  3.65978e-06
 Reference value :  3.66123e-06
 Reference value :  3.66263e-06
 Reference value :  3.66403e-06
 Reference value :  3.66538e-06
 Reference value :  3.66673e-06
 Reference value :  3.66813e-06
 Reference value :  3.66953e-06
 Reference value :  3.67093e-06
 Reference value :  3.67233e-06
 Reference value :  3.67373e-06
 Reference value :  3.67513e-06
 Reference value :  3.67658e-06
 Reference value :  3.67798e-06
 Reference value :  3.67933e-06
 Reference value :  3.68073e-06
 Reference value :  3.68213e-06
 Reference value :  3.68353e-06
 Reference value :  3.68493e-06
 Reference value :  3.68633e-06
 Reference value :  3.68773e-06
 Reference value :  3.68913e-06
 Reference value :  3.69043e-06
 Reference value :  3.69173e-06
 Reference value :  3.69303e-06
 Reference value :  3.69438e-06
 Reference value :  3.69578e-06
 Reference value :  3.69718e-06
 Reference value :  3.69848e-06
 Reference value :  3.69978e-06
 Reference value :  3.70108e-06
 Reference value :  3.70238e-06
 Reference value :  3.70378e-06
 Reference value :  3.70523e-06
 Reference value :  3.70668e-06
 Reference value :  3.70813e-06
 Reference value :  3.70958e-06
 Reference value :  3.71103e-06
 Reference value :  3.71248e-06
 Reference value :  3.71413e-06
 Reference value :  3.71558e-06
 Reference value :  3.71698e-06
 Reference value :  3.71838e-06
 Reference value :  3.71983e-06
 Reference value :  3.72123e-06
 Reference value :  3.72263e-06
 Reference value :  3.72403e-06
 Reference value :  3.72543e-06
 Reference value :  3.72683e-06
 Reference value :  3.72828e-06
 Reference value :  3.72973e-06
 Reference value :  3.73118e-06
 Reference value :  3.73273e-06
 Reference value :  3.73428e-06
 Reference value :  3.73568e-06
 Reference value :  3.73753e-06
 Reference value :  3.73898e-06
 Reference value :  3.74048e-06
 Reference value :  3.74193e-06
 Reference value :  3.74333e-06
 Reference value :  3.74478e-06
 Reference value :  3.74623e-06
 Reference value :  3.74763e-06
 Reference value :  3.74903e-06
 Reference value :  3.75048e-06
 Reference value :  3.75183e-06
 Reference value :  3.75323e-06
 Reference value :  3.75468e-06
 Reference value :  3.75608e-06
 Reference value :  3.75753e-06
 Reference value :  3.75898e-06
 Reference value :  3.76038e-06
 Reference value :  3.76178e-06
 Reference value :  3.76318e-06
 Reference value :  3.76463e-06
 Reference value :  3.76603e-06
 Reference value :  3.76743e-06
 Reference value :  3.76883e-06
 Reference value :  3.77023e-06
 Reference value :  3.77168e-06
 Reference value :  3.77308e-06
 Reference value :  3.77448e-06
 Reference value :  3.77593e-06
 Reference value :  3.77733e-06
 Reference value :  3.77878e-06
 Reference value :  3.78023e-06
 Reference value :  3.78163e-06
 Reference value :  3.78323e-06
 Reference value :  3.78473e-06
 Reference value :  3.78618e-06
 Reference value :  3.78763e-06
 Reference value :  3.78908e-06
 Reference value :  3.79053e-06
 Reference value :  3.79198e-06
 Reference value :  3.79338e-06
 Reference value :  3.79483e-06
 Reference value :  3.79623e-06
 Reference value :  3.79763e-06
 Reference value :  3.79908e-06
 Reference value :  3.80053e-06
 Reference value :  3.80198e-06
 Reference value :  3.80343e-06
 Reference value :  3.80493e-06
 Reference value :  3.80638e-06
 Reference value :  3.80778e-06
 Reference value :  3.80918e-06
 Reference value :  3.81073e-06
 Reference value :  3.81218e-06
 Reference value :  3.81363e-06
 Reference value :  3.81503e-06
 Reference value :  3.81653e-06
 Reference value :  3.81798e-06
 Reference value :  3.81943e-06
 Reference value :  3.82088e-06
 Reference value :  3.82233e-06
 Reference value :  3.82378e-06
 Reference value :  3.82523e-06
 Reference value :  3.82668e-06
 Reference value :  3.82813e-06
 Reference value :  3.82953e-06
 Reference value :  3.83083e-06
 Reference value :  3.83213e-06
 Reference value :  3.83338e-06
 Reference value :  3.83463e-06
 Reference value :  3.83588e-06
 Reference value :  3.83718e-06
 Reference value :  3.83843e-06
 Reference value :  3.83968e-06
 Reference value :  3.84098e-06
 Reference value :  3.84228e-06
 Reference value :  3.84358e-06
 Reference value :  3.84488e-06
 Reference value :  3.84618e-06
 Reference value :  3.84748e-06
 Reference value :  3.84873e-06
 Reference value :  3.85008e-06
 Reference value :  3.85148e-06
 Reference value :  3.85293e-06
 Reference value :  3.85433e-06
 Reference value :  3.85573e-06
 Reference value :  3.85718e-06
 Reference value :  3.85863e-06
 Reference value :  3.86008e-06
 Reference value :  3.86153e-06
 Reference value :  3.86293e-06
 Reference value :  3.86438e-06
 Reference value :  3.86578e-06
 Reference value :  3.86718e-06
 Reference value :  3.86858e-06
 Reference value :  3.86998e-06
 Reference value :  3.87143e-06
 Reference value :  3.87288e-06
 Reference value :  3.87423e-06
 Reference value :  3.87553e-06
 Reference value :  3.87683e-06
 Reference value :  3.87813e-06
 Reference value :  3.87943e-06
 Reference value :  3.88073e-06
 Reference value :  3.88203e-06
 Reference value :  3.88348e-06
 Reference value :  3.88488e-06
 Reference value :  3.88628e-06
 Reference value :  3.88813e-06
 Reference value :  3.88973e-06
 Reference value :  3.89113e-06
 Reference value :  3.89248e-06
 Reference value :  3.89383e-06
 Reference value :  3.89508e-06
 Reference value :  3.89628e-06
 Reference value :  3.89778e-06
 Reference value :  3.89918e-06
 Reference value :  3.90058e-06
 Reference value :  3.90198e-06
 Reference value :  3.90348e-06
 Reference value :  3.90488e-06
 Reference value :  3.90628e-06
 Reference value :  3.90763e-06
 Reference value :  3.90903e-06
 Reference value :  3.91048e-06
 Reference value :  3.91193e-06
 Reference value :  3.91328e-06
 Reference value :  3.91468e-06
 Reference value :  3.91608e-06
 Reference value :  3.91748e-06
 Reference value :  3.91893e-06
 Reference value :  3.92033e-06
 Reference value :  3.92178e-06
 Reference value :  3.92318e-06
 Reference value :  3.92453e-06
 Reference value :  3.92593e-06
 Reference value :  3.92738e-06
 Reference value :  3.92883e-06
 Reference value :  3.93028e-06
 Reference value :  3.93168e-06
 Reference value :  3.93313e-06
 Reference value :  3.93453e-06
 Reference value :  3.93603e-06
 Reference value :  3.93753e-06
 Reference value :  3.93893e-06
 Reference value :  3.94038e-06
 Reference value :  3.94183e-06
 Reference value :  3.94323e-06
 Reference value :  3.94463e-06
 Reference value :  3.94598e-06
 Reference value :  3.94738e-06
 Reference value :  3.94878e-06
 Reference value :  3.95018e-06
 Reference value :  3.95158e-06
 Reference value :  3.95298e-06
 Reference value :  3.95438e-06
 Reference value :  3.95578e-06
 Reference value :  3.95723e-06
 Reference value :  3.95868e-06
 Reference value :  3.96013e-06
 Reference value :  3.96158e-06
 Reference value :  3.96298e-06
 Reference value :  3.96443e-06
 Reference value :  3.96588e-06
 Reference value :  3.96728e-06
 Reference value :  3.96868e-06
 Reference value :  3.97008e-06
 Reference value :  3.97148e-06
 Reference value :  3.97288e-06
 Reference value :  3.97428e-06
 Reference value :  3.97568e-06
 Reference value :  3.97708e-06
 Reference value :  3.97848e-06
 Reference value :  3.97988e-06
 Reference value :  3.98128e-06
 Reference value :  3.98268e-06
 Reference value :  3.98408e-06
 Reference value :  3.98553e-06
 Reference value :  3.98693e-06
 Reference value :  3.98833e-06
 Reference value :  3.98973e-06
 Reference value :  3.99113e-06
 Reference value :  3.99253e-06
 Reference value :  3.99393e-06
 Reference value :  3.99533e-06
 Reference value :  3.99673e-06
 Reference value :  3.99813e-06
 Reference value :  3.99958e-06
 Reference value :  4.00103e-06
 Reference value :  4.00243e-06
 Reference value :  4.00383e-06
 Reference value :  4.00523e-06
 Reference value :  4.00663e-06
 Reference value :  4.00808e-06
 Reference value :  4.00953e-06
 Reference value :  4.01098e-06
 Reference value :  4.01238e-06
 Reference value :  4.01383e-06
 Reference value :  4.01528e-06
 Reference value :  4.01668e-06
 Reference value :  4.01808e-06
 Reference value :  4.01948e-06
 Reference value :  4.02088e-06
 Reference value :  4.02228e-06
 Reference value :  4.02368e-06
 Reference value :  4.02508e-06
 Reference value :  4.02648e-06
 Reference value :  4.02793e-06
 Reference value :  4.02938e-06
 Reference value :  4.03083e-06
 Reference value :  4.03223e-06
 Reference value :  4.03363e-06
 Reference value :  4.03508e-06
 Reference value :  4.03648e-06
 Reference value :  4.03788e-06
 Reference value :  4.03928e-06
 Reference value :  4.04068e-06
 Reference value :  4.04208e-06
 Reference value :  4.04343e-06
 Reference value :  4.04483e-06
 Reference value :  4.04623e-06
 Reference value :  4.04763e-06
 Reference value :  4.04903e-06
 Reference value :  4.05043e-06
 Reference value :  4.05178e-06
 Reference value :  4.05323e-06
 Reference value :  4.05463e-06
 Reference value :  4.05603e-06
 Reference value :  4.05743e-06
 Reference value :  4.05888e-06
 Reference value :  4.06043e-06
 Reference value :  4.06188e-06
 Reference value :  4.06328e-06
 Reference value :  4.06473e-06
 Reference value :  4.06618e-06
 Reference value :  4.06758e-06
 Reference value :  4.06893e-06
 Reference value :  4.07033e-06
 Reference value :  4.07173e-06
 Reference value :  4.07313e-06
 Reference value :  4.07453e-06
 Reference value :  4.07593e-06
 Reference value :  4.07728e-06
 Reference value :  4.07858e-06
 Reference value :  4.07988e-06
 Reference value :  4.08118e-06
 Reference value :  4.08253e-06
 Reference value :  4.08388e-06
 Reference value :  4.08523e-06
 Reference value :  4.08658e-06
 Reference value :  4.08788e-06
 Reference value :  4.08918e-06
 Reference value :  4.09048e-06
 Reference value :  4.09173e-06
 Reference value :  4.09298e-06
 Reference value :  4.09423e-06
 Reference value :  4.09548e-06
 Reference value :  4.09678e-06
 Reference value :  4.09803e-06
 Reference value :  4.09928e-06
 Reference value :  4.10058e-06
 Reference value :  4.10188e-06
 Reference value :  4.10318e-06
 Reference value :  4.10448e-06
 Reference value :  4.10578e-06
 Reference value :  4.10703e-06
 Reference value :  4.10823e-06
 Reference value :  4.10948e-06
 Reference value :  4.11073e-06
 Reference value :  4.11198e-06
 Reference value :  4.11323e-06
 Reference value :  4.11448e-06
 Reference value :  4.11578e-06
 Reference value :  4.11708e-06
 Reference value :  4.11838e-06
 Reference value :  4.11968e-06
 Reference value :  4.12098e-06
 Reference value :  4.12233e-06
 Reference value :  4.12363e-06
 Reference value :  4.12493e-06
 Reference value :  4.12623e-06
 Reference value :  4.12753e-06
 Reference value :  4.12883e-06
 Reference value :  4.13013e-06
 Reference value :  4.13143e-06
 Reference value :  4.13273e-06
 Reference value :  4.13403e-06
 Reference value :  4.13533e-06
 Reference value :  4.13663e-06
 Reference value :  4.13793e-06
 Reference value :  4.13923e-06
 Reference value :  4.14053e-06
 Reference value :  4.14183e-06
 Reference value :  4.14313e-06
 Reference value :  4.14443e-06
 Reference value :  4.14573e-06
 Reference value :  4.14703e-06
 Reference value :  4.14833e-06
 Reference value :  4.14958e-06
 Reference value :  4.15083e-06
 Reference value :  4.15208e-06
 Reference value :  4.15333e-06
 Reference value :  4.15458e-06
 Reference value :  4.15583e-06
 Reference value :  4.15708e-06
 Reference value :  4.15833e-06
 Reference value :  4.15958e-06
 Reference value :  4.16088e-06
 Reference value :  4.16218e-06
 Reference value :  4.16343e-06
 Reference value :  4.16468e-06
 Reference value :  4.16588e-06
 Reference value :  4.16713e-06
 Reference value :  4.16838e-06
 Reference value :  4.16968e-06
 Reference value :  4.17098e-06
 Reference value :  4.17223e-06
 Reference value :  4.17353e-06
 Reference value :  4.17483e-06
 Reference value :  4.17613e-06
 Reference value :  4.17743e-06
 Reference value :  4.17873e-06
 Reference value :  4.18003e-06
 Reference value :  4.18133e-06
 Reference value :  4.18263e-06
 Reference value :  4.18393e-06
 Reference value :  4.18523e-06
 Reference value :  4.18653e-06
 Reference value :  4.18783e-06
 Reference value :  4.18913e-06
 Reference value :  4.19043e-06
 Reference value :  4.19173e-06
 Reference value :  4.19303e-06
 Reference value :  4.19433e-06
 Reference value :  4.19563e-06
 Reference value :  4.19693e-06
 Reference value :  4.19828e-06
 Reference value :  4.19963e-06
 Reference value :  4.20093e-06
 Reference value :  4.20223e-06
 Reference value :  4.20353e-06
 Reference value :  4.20483e-06
 Reference value :  4.20613e-06
 Reference value :  4.20748e-06
 Reference value :  4.20873e-06
 Reference value :  4.21003e-06
 Reference value :  4.21133e-06
 Reference value :  4.21258e-06
 Reference value :  4.21388e-06
 Reference value :  4.21518e-06
 Reference value :  4.21648e-06
 Reference value :  4.21778e-06
 Reference value :  4.21908e-06
 Reference value :  4.22038e-06
 Reference value :  4.22168e-06
 Reference value :  4.22293e-06
 Reference value :  4.22418e-06
 Reference value :  4.22548e-06
 Reference value :  4.22678e-06
 Reference value :  4.22803e-06
 Reference value :  4.22933e-06
 Reference value :  4.23063e-06
 Reference value :  4.23193e-06
 Reference value :  4.23318e-06
 Reference value :  4.23438e-06
 Reference value :  4.23558e-06
 Reference value :  4.23678e-06
 Reference value :  4.23798e-06
 Reference value :  4.23918e-06
 Reference value :  4.24038e-06
 Reference value :  4.24158e-06
 Reference value :  4.24283e-06
 Reference value :  4.24408e-06
 Reference value :  4.24533e-06
 Reference value :  4.24658e-06
 Reference value :  4.24778e-06
 Reference value :  4.24898e-06
 Reference value :  4.25023e-06
 Reference value :  4.25153e-06
 Reference value :  4.25283e-06
 Reference value :  4.25408e-06
 Reference value :  4.25538e-06
 Reference value :  4.25703e-06
 Reference value :  4.25843e-06
 Reference value :  4.25983e-06
 Reference value :  4.26123e-06
 Reference value :  4.26263e-06
 Reference value :  4.26403e-06
 Reference value :  4.26548e-06
 Reference value :  4.26688e-06
 Reference value :  4.26828e-06
 Reference value :  4.26968e-06
 Reference value :  4.27108e-06
 Reference value :  4.27248e-06
 Reference value :  4.27393e-06
 Reference value :  4.27538e-06
 Reference value :  4.27683e-06
 Reference value :  4.27828e-06
 Reference value :  4.27968e-06
 Reference value :  4.28108e-06
 Reference value :  4.28248e-06
 Reference value :  4.28388e-06
 Reference value :  4.28533e-06
 Reference value :  4.28673e-06
 Reference value :  4.28818e-06
 Reference value :  4.28958e-06
 Reference value :  4.29098e-06
 Reference value :  4.29243e-06
 Reference value :  4.29388e-06
 Reference value :  4.29533e-06
 Reference value :  4.29678e-06
 Reference value :  4.29823e-06
 Reference value :  4.29963e-06
 Reference value :  4.30098e-06
 Reference value :  4.30238e-06
 Reference value :  4.30378e-06
 Reference value :  4.30518e-06
 Reference value :  4.30658e-06
 Reference value :  4.30798e-06
 Reference value :  4.30938e-06
 Reference value :  4.31083e-06
 Reference value :  4.31228e-06
 Reference value :  4.31373e-06
 Reference value :  4.31513e-06
 Reference value :  4.31638e-06
 Reference value :  4.31758e-06
 Reference value :  4.31878e-06
 Reference value :  4.32013e-06
 Reference value :  4.32153e-06
 Reference value :  4.32298e-06
 Reference value :  4.32438e-06
 Reference value :  4.32578e-06
 Reference value :  4.32718e-06
 Reference value :  4.32858e-06
 Reference value :  4.33003e-06
 Reference value :  4.33148e-06
 Reference value :  4.33293e-06
 Reference value :  4.33438e-06
 Reference value :  4.33588e-06
 Reference value :  4.33733e-06
 Reference value :  4.33873e-06
 Reference value :  4.34018e-06
 Reference value :  4.34163e-06
 Reference value :  4.34308e-06
 Reference value :  4.34458e-06
 Reference value :  4.34603e-06
 Reference value :  4.34748e-06
 Reference value :  4.34893e-06
 Reference value :  4.35038e-06
 Reference value :  4.35173e-06
 Reference value :  4.35313e-06
 Reference value :  4.35453e-06
 Reference value :  4.35598e-06
 Reference value :  4.35738e-06
 Reference value :  4.35878e-06
 Reference value :  4.36018e-06
 Reference value :  4.36158e-06
 Reference value :  4.36298e-06
 Reference value :  4.36438e-06
 Reference value :  4.36588e-06
 Reference value :  4.36728e-06
 Reference value :  4.36868e-06
 Reference value :  4.37013e-06
 Reference value :  4.37158e-06
 Reference value :  4.37303e-06
 Reference value :  4.37448e-06
 Reference value :  4.37588e-06
 Reference value :  4.37723e-06
 Reference value :  4.37853e-06
 Reference value :  4.37983e-06
 Reference value :  4.38113e-06
 Reference value :  4.38238e-06
 Reference value :  4.38363e-06
 Reference value :  4.38493e-06
 Reference value :  4.38623e-06
 Reference value :  4.38748e-06
 Reference value :  4.38873e-06
 Reference value :  4.38993e-06
 Reference value :  4.39113e-06
 Reference value :  4.39233e-06
 Reference value :  4.39353e-06
 Reference value :  4.39473e-06
 Reference value :  4.39598e-06
 Reference value :  4.39723e-06
 Reference value :  4.39853e-06
 Reference value :  4.39983e-06
 Reference value :  4.40113e-06
 Reference value :  4.40238e-06
 Reference value :  4.40358e-06
 Reference value :  4.40483e-06
 Reference value :  4.40608e-06
 Reference value :  4.40738e-06
 Reference value :  4.40868e-06
 Reference value :  4.40998e-06
 Reference value :  4.41128e-06
 Reference value :  4.41258e-06
 Reference value :  4.41393e-06
 Reference value :  4.41518e-06
 Reference value :  4.41658e-06
 Reference value :  4.41798e-06
 Reference value :  4.41938e-06
 Reference value :  4.42078e-06
 Reference value :  4.42218e-06
 Reference value :  4.42358e-06
 Reference value :  4.42498e-06
 Reference value :  4.42638e-06
 Reference value :  4.42783e-06
 Reference value :  4.42928e-06
 Reference value :  4.43073e-06
 Reference value :  4.43213e-06
 Reference value :  4.43353e-06
 Reference value :  4.43493e-06
 Reference value :  4.43633e-06
 Reference value :  4.43778e-06
 Reference value :  4.43923e-06
 Reference value :  4.44063e-06
 Reference value :  4.44198e-06
 Reference value :  4.44323e-06
 Reference value :  4.44453e-06
 Reference value :  4.44583e-06
 Reference value :  4.44713e-06
 Reference value :  4.44843e-06
 Reference value :  4.44973e-06
 Reference value :  4.45103e-06
 Reference value :  4.45233e-06
 Reference value :  4.45388e-06
 Reference value :  4.45528e-06
 Reference value :  4.45673e-06
 Reference value :  4.45818e-06
 Reference value :  4.45963e-06
 Reference value :  4.46103e-06
 Reference value :  4.46248e-06
 Reference value :  4.46393e-06
 Reference value :  4.46533e-06
 Reference value :  4.46673e-06
 Reference value :  4.46813e-06
 Reference value :  4.46953e-06
 Reference value :  4.47093e-06
 Reference value :  4.47233e-06
 Reference value :  4.47373e-06
 Reference value :  4.47513e-06
 Reference value :  4.47653e-06
 Reference value :  4.47793e-06
 Reference value :  4.47933e-06
 Reference value :  4.48078e-06
 Reference value :  4.48223e-06
 Reference value :  4.48368e-06
 Reference value :  4.48513e-06
 Reference value :  4.48653e-06
 Reference value :  4.48793e-06
 Reference value :  4.48933e-06
 Reference value :  4.49073e-06
 Reference value :  4.49213e-06
 Reference value :  4.49348e-06
 Reference value :  4.49473e-06
 Reference value :  4.49598e-06
 Reference value :  4.49723e-06
 Reference value :  4.49853e-06
 Reference value :  4.49983e-06
 Reference value :  4.50123e-06
 Reference value :  4.50268e-06
 Reference value :  4.50413e-06
 Reference value :  4.50553e-06
 Reference value :  4.50698e-06
 Reference value :  4.50838e-06
 Reference value :  4.50983e-06
 Reference value :  4.51128e-06
 Reference value :  4.51273e-06
 Reference value :  4.51418e-06
 Reference value :  4.51553e-06
 Reference value :  4.51683e-06
 Reference value :  4.51808e-06
 Reference value :  4.51928e-06
 Reference value :  4.52063e-06
 Reference value :  4.52203e-06
 Reference value :  4.52343e-06
 Reference value :  4.52483e-06
 Reference value :  4.52623e-06
 Reference value :  4.52763e-06
 Reference value :  4.52898e-06
 Reference value :  4.53033e-06
 Reference value :  4.53173e-06
 Reference value :  4.53313e-06
 Reference value :  4.53458e-06
 Reference value :  4.53598e-06
 Reference value :  4.53738e-06
 Reference value :  4.53893e-06
 Reference value :  4.54028e-06
 Reference value :  4.54158e-06
 Reference value :  4.54288e-06
 Reference value :  4.54418e-06
 Reference value :  4.54548e-06
 Reference value :  4.54683e-06
 Reference value :  4.54818e-06
 Reference value :  4.54948e-06
 Reference value :  4.55078e-06
 Reference value :  4.55208e-06
 Reference value :  4.55338e-06
 Reference value :  4.55468e-06
 Reference value :  4.55598e-06
 Reference value :  4.55723e-06
 Reference value :  4.55848e-06
 Reference value :  4.55978e-06
 Reference value :  4.56108e-06
 Reference value :  4.56238e-06
 Reference value :  4.56368e-06
 Reference value :  4.56498e-06
 Reference value :  4.56623e-06
 Reference value :  4.56748e-06
 Reference value :  4.56873e-06
 Reference value :  4.56998e-06
 Reference value :  4.57123e-06
 Reference value :  4.57248e-06
 Reference value :  4.57373e-06
 Reference value :  4.57498e-06
 Reference value :  4.57628e-06
 Reference value :  4.57758e-06
 Reference value :  4.57888e-06
 Reference value :  4.58018e-06
 Reference value :  4.58143e-06
 Reference value :  4.58268e-06
 Reference value :  4.58398e-06
 Reference value :  4.58528e-06
 Reference value :  4.58658e-06
 Reference value :  4.58783e-06
 Reference value :  4.58913e-06
 Reference value :  4.59033e-06
 Reference value :  4.59158e-06
 Reference value :  4.59283e-06
 Reference value :  4.59408e-06
 Reference value :  4.59528e-06
 Reference value :  4.59653e-06
 Reference value :  4.59778e-06
 Reference value :  4.59903e-06
 Reference value :  4.60028e-06
 Reference value :  4.60153e-06
 Reference value :  4.60283e-06
 Reference value :  4.60413e-06
 Reference value :  4.60543e-06
 Reference value :  4.60673e-06
 Reference value :  4.60803e-06
 Reference value :  4.60928e-06
 Reference value :  4.61058e-06
 Reference value :  4.61188e-06
 Reference value :  4.61323e-06
 Reference value :  4.61473e-06
 Reference value :  4.61608e-06
 Reference value :  4.61753e-06
 Reference value :  4.61903e-06
 Reference value :  4.62048e-06
 Reference value :  4.62193e-06
 Reference value :  4.62333e-06
 Reference value :  4.62473e-06
 Reference value :  4.62618e-06
 Reference value :  4.62758e-06
 Reference value :  4.62898e-06
 Reference value :  4.63038e-06
 Reference value :  4.63183e-06
 Reference value :  4.63323e-06
 Reference value :  4.63463e-06
 Reference value :  4.63603e-06
 Reference value :  4.63743e-06
 Reference value :  4.63888e-06
 Reference value :  4.64033e-06
 Reference value :  4.64173e-06
 Reference value :  4.64313e-06
 Reference value :  4.64448e-06
 Reference value :  4.64583e-06
 Reference value :  4.64723e-06
 Reference value :  4.64863e-06
 Reference value :  4.65003e-06
 Reference value :  4.65143e-06
 Reference value :  4.65288e-06
 Reference value :  4.65433e-06
 Reference value :  4.65578e-06
 Reference value :  4.65723e-06
 Reference value :  4.65863e-06
 Reference value :  4.66003e-06
 Reference value :  4.66143e-06
 Reference value :  4.66283e-06
 Reference value :  4.66423e-06
 Reference value :  4.66563e-06
 Reference value :  4.66703e-06
 Reference value :  4.66848e-06
 Reference value :  4.66988e-06
 Reference value :  4.67128e-06
 Reference value :  4.67268e-06
 Reference value :  4.67408e-06
 Reference value :  4.67553e-06
 Reference value :  4.67698e-06
 Reference value :  4.67843e-06
 Reference value :  4.67988e-06
 Reference value :  4.68128e-06
 Reference value :  4.68268e-06
 Reference value :  4.68403e-06
 Reference value :  4.68538e-06
 Reference value :  4.68673e-06
 Reference value :  4.68813e-06
 Reference value :  4.68953e-06
 Reference value :  4.69093e-06
 Reference value :  4.69228e-06
 Reference value :  4.69368e-06
 Reference value :  4.69508e-06
 Reference value :  4.69648e-06
 Reference value :  4.69788e-06
 Reference value :  4.69923e-06
 Reference value :  4.70058e-06
 Reference value :  4.70193e-06
 Reference value :  4.70313e-06
 Reference value :  4.70433e-06
 Reference value :  4.70568e-06
 Reference value :  4.70708e-06
 Reference value :  4.70843e-06
 Reference value :  4.70978e-06
 Reference value :  4.71098e-06
 Reference value :  4.71223e-06
 Reference value :  4.71353e-06
 Reference value :  4.71483e-06
 Reference value :  4.71608e-06
 Reference value :  4.71733e-06
 Reference value :  4.71858e-06
 Reference value :  4.71983e-06
 Reference value :  4.72113e-06
 Reference value :  4.72238e-06
 Reference value :  4.72368e-06
 Reference value :  4.72498e-06
 Reference value :  4.72633e-06
 Reference value :  4.72768e-06
 Reference value :  4.72903e-06
 Reference value :  4.73033e-06
 Reference value :  4.73153e-06
 Reference value :  4.73278e-06
 Reference value :  4.73408e-06
 Reference value :  4.73533e-06
 Reference value :  4.73663e-06
 Reference value :  4.73793e-06
 Reference value :  4.73923e-06
 Reference value :  4.74053e-06
 Reference value :  4.74183e-06
 Reference value :  4.74313e-06
 Reference value :  4.74438e-06
 Reference value :  4.74568e-06
 Reference value :  4.74693e-06
 Reference value :  4.74823e-06
 Reference value :  4.74953e-06
 Reference value :  4.75083e-06
 Reference value :  4.75213e-06
 Reference value :  4.75343e-06
 Reference value :  4.75473e-06
 Reference value :  4.75603e-06
 Reference value :  4.75733e-06
 Reference value :  4.75863e-06
 Reference value :  4.75983e-06
 Reference value :  4.76103e-06
 Reference value :  4.76223e-06
 Reference value :  4.76348e-06
 Reference value :  4.76478e-06
 Reference value :  4.76608e-06
 Reference value :  4.76738e-06
 Reference value :  4.76868e-06
 Reference value :  4.76998e-06
 Reference value :  4.77128e-06
 Reference value :  4.77258e-06
 Reference value :  4.77388e-06
 Reference value :  4.77518e-06
 Reference value :  4.77648e-06
 Reference value :  4.77778e-06
 Reference value :  4.77908e-06
 Reference value :  4.78038e-06
 Reference value :  4.78168e-06
 Reference value :  4.78298e-06
 Reference value :  4.78428e-06
 Reference value :  4.78558e-06
 Reference value :  4.78683e-06
 Reference value :  4.78808e-06
 Reference value :  4.78933e-06
 Reference value :  4.79058e-06
 Reference value :  4.79183e-06
 Reference value :  4.79308e-06
 Reference value :  4.79438e-06
 Reference value :  4.79558e-06
 Reference value :  4.79688e-06
 Reference value :  4.79818e-06
 Reference value :  4.79943e-06
 Reference value :  4.80073e-06
 Reference value :  4.80203e-06
 Reference value :  4.80338e-06
 Reference value :  4.80478e-06
 Reference value :  4.80618e-06
 Reference value :  4.80763e-06
 Reference value :  4.80903e-06
 Reference value :  4.81043e-06
 Reference value :  4.81188e-06
 Reference value :  4.81328e-06
 Reference value :  4.81468e-06
 Reference value :  4.81618e-06
 Reference value :  4.81763e-06
 Reference value :  4.81903e-06
 Reference value :  4.82043e-06
 Reference value :  4.82178e-06
 Reference value :  4.82313e-06
 Reference value :  4.82453e-06
 Reference value :  4.82593e-06
 Reference value :  4.82733e-06
 Reference value :  4.82873e-06
 Reference value :  4.83013e-06
 Reference value :  4.83153e-06
 Reference value :  4.83293e-06
 Reference value :  4.83433e-06
 Reference value :  4.83578e-06
 Reference value :  4.83718e-06
 Reference value :  4.83858e-06
 Reference value :  4.83998e-06
 Reference value :  4.84143e-06
 Reference value :  4.84288e-06
 Reference value :  4.84428e-06
 Reference value :  4.84568e-06
 Reference value :  4.84703e-06
 Reference value :  4.84843e-06
 Reference value :  4.84983e-06
 Reference value :  4.85118e-06
 Reference value :  4.85253e-06
 Reference value :  4.85393e-06
 Reference value :  4.85533e-06
 Reference value :  4.85668e-06
 Reference value :  4.85808e-06
 Reference value :  4.85948e-06
 Reference value :  4.86088e-06
 Reference value :  4.86223e-06
 Reference value :  4.86358e-06
 Reference value :  4.86493e-06
 Reference value :  4.86633e-06
 Reference value :  4.86768e-06
 Reference value :  4.86903e-06
 Reference value :  4.87038e-06
 Reference value :  4.87173e-06
 Reference value :  4.87308e-06
 Reference value :  4.87443e-06
 Reference value :  4.87578e-06
 Reference value :  4.87713e-06
 Reference value :  4.87853e-06
 Reference value :  4.88008e-06
 Reference value :  4.88148e-06
 Reference value :  4.88288e-06
 Reference value :  4.88428e-06
 Reference value :  4.88568e-06
 Reference value :  4.88703e-06
 Reference value :  4.88838e-06
 Reference value :  4.88998e-06
 Reference value :  4.89138e-06
 Reference value :  4.89278e-06
 Reference value :  4.89423e-06
 Reference value :  4.89563e-06
 Reference value :  4.89698e-06
 Reference value :  4.89838e-06
 Reference value :  4.89978e-06
 Reference value :  4.90118e-06
 Reference value :  4.90268e-06
 Reference value :  4.90403e-06
 Reference value :  4.90543e-06
 Reference value :  4.90683e-06
 Reference value :  4.90823e-06
 Reference value :  4.90963e-06
 Reference value :  4.91103e-06
 Reference value :  4.91243e-06
 Reference value :  4.91383e-06
 Reference value :  4.91523e-06
 Reference value :  4.91688e-06
 Reference value :  4.91828e-06
 Reference value :  4.91963e-06
 Reference value :  4.92103e-06
 Reference value :  4.92243e-06
 Reference value :  4.92378e-06
 Reference value :  4.92503e-06
 Reference value :  4.92628e-06
 Reference value :  4.92753e-06
 Reference value :  4.92888e-06
 Reference value :  4.93028e-06
 Reference value :  4.93173e-06
 Reference value :  4.93318e-06
 Reference value :  4.93463e-06
 Reference value :  4.93588e-06
 Reference value :  4.93728e-06
 Reference value :  4.93873e-06
 Reference value :  4.94013e-06
 Reference value :  4.94153e-06
 Reference value :  4.94293e-06
 Reference value :  4.94433e-06
 Reference value :  4.94573e-06
 Reference value :  4.94703e-06
 Reference value :  4.94823e-06
 Reference value :  4.94948e-06
 Reference value :  4.95083e-06
 Reference value :  4.95223e-06
 Reference value :  4.95363e-06
 Reference value :  4.95503e-06
 Reference value :  4.95648e-06
 Reference value :  4.95788e-06
 Reference value :  4.95933e-06
 Reference value :  4.96078e-06
 Reference value :  4.96218e-06
 Reference value :  4.96363e-06
 Reference value :  4.96508e-06
 Reference value :  4.96648e-06
 Reference value :  4.96788e-06
 Reference value :  4.96928e-06
 Reference value :  4.97073e-06
 Reference value :  4.97213e-06
 Reference value :  4.97358e-06
 Reference value :  4.97503e-06
 Reference value :  4.97648e-06
 Reference value :  4.97788e-06
 Reference value :  4.97933e-06
 Reference value :  4.98073e-06
 Reference value :  4.98213e-06
 Reference value :  4.98353e-06
 Reference value :  4.98493e-06
 Reference value :  4.98638e-06
 Reference value :  4.98778e-06
 Reference value :  4.98918e-06
 Reference value :  4.99058e-06
 Reference value :  4.99198e-06
 Reference value :  4.99338e-06
 Reference value :  4.99478e-06
 Reference value :  4.99623e-06
 Reference value :  4.99768e-06
 Reference value :  4.99913e-06
 Reference value :  5.00058e-06
 Reference value :  5.00203e-06
 Reference value :  5.00348e-06
 Reference value :  5.00493e-06
 Reference value :  5.00638e-06
 Reference value :  5.00783e-06
 Reference value :  5.00928e-06
 Reference value :  5.01073e-06
 Reference value :  5.01218e-06
 Reference value :  5.01363e-06
 Reference value :  5.01503e-06
 Reference value :  5.01648e-06
 Reference value :  5.01788e-06
 Reference value :  5.01928e-06
 Reference value :  5.02068e-06
 Reference value :  5.02208e-06
 Reference value :  5.02353e-06
 Reference value :  5.02498e-06
 Reference value :  5.02643e-06
 Reference value :  5.02788e-06
 Reference value :  5.02933e-06
 Reference value :  5.03073e-06
 Reference value :  5.03218e-06
 Reference value :  5.03358e-06
 Reference value :  5.03483e-06
 Reference value :  5.03613e-06
 Reference value :  5.03738e-06
 Reference value :  5.03863e-06
 Reference value :  5.03988e-06
 Reference value :  5.04118e-06
 Reference value :  5.04248e-06
 Reference value :  5.04378e-06
 Reference value :  5.04508e-06
 Reference value :  5.04628e-06
 Reference value :  5.04748e-06
 Reference value :  5.04868e-06
 Reference value :  5.04988e-06
 Reference value :  5.05113e-06
 Reference value :  5.05233e-06
 Reference value :  5.05353e-06
 Reference value :  5.05478e-06
 Reference value :  5.05598e-06
 Reference value :  5.05728e-06
 Reference value :  5.05853e-06
 Reference value :  5.05983e-06
 Reference value :  5.06108e-06
 Reference value :  5.06228e-06
 Reference value :  5.06358e-06
 Reference value :  5.06488e-06
 Reference value :  5.06613e-06
 Reference value :  5.06738e-06
 Reference value :  5.06863e-06
 Reference value :  5.06988e-06
 Reference value :  5.07118e-06
 Reference value :  5.07248e-06
 Reference value :  5.07368e-06
 Reference value :  5.07488e-06
 Reference value :  5.07613e-06
 Reference value :  5.07743e-06
 Reference value :  5.07873e-06
 Reference value :  5.07998e-06
 Reference value :  5.08128e-06
 Reference value :  5.08258e-06
 Reference value :  5.08388e-06
 Reference value :  5.08518e-06
 Reference value :  5.08653e-06
 Reference value :  5.08783e-06
 Reference value :  5.08913e-06
 Reference value :  5.09043e-06
 Reference value :  5.09173e-06
 Reference value :  5.09318e-06
 Reference value :  5.09458e-06
 Reference value :  5.09598e-06
 Reference value :  5.09748e-06
 Reference value :  5.09888e-06
 Reference value :  5.10028e-06
 Reference value :  5.10173e-06
 Reference value :  5.10318e-06
 Reference value :  5.10463e-06
 Reference value :  5.10608e-06
 Reference value :  5.10753e-06
 Reference value :  5.10908e-06
 Reference value :  5.11053e-06
 Reference value :  5.11193e-06
 Reference value :  5.11333e-06
 Reference value :  5.11478e-06
 Reference value :  5.11623e-06
 Reference value :  5.11768e-06
 Reference value :  5.11908e-06
 Reference value :  5.12048e-06
 Reference value :  5.12188e-06
 Reference value :  5.12333e-06
 Reference value :  5.12488e-06
 Reference value :  5.12618e-06
 Reference value :  5.12743e-06
 Reference value :  5.12873e-06
 Reference value :  5.13008e-06
 Reference value :  5.13148e-06
 Reference value :  5.13283e-06
 Reference value :  5.13403e-06
 Reference value :  5.13523e-06
 Reference value :  5.13643e-06
 Reference value :  5.13773e-06
 Reference value :  5.13898e-06
 Reference value :  5.14028e-06
 Reference value :  5.14158e-06
 Reference value :  5.14283e-06
 Reference value :  5.14408e-06
 Reference value :  5.14533e-06
 Reference value :  5.14663e-06
 Reference value :  5.14808e-06
 Reference value :  5.14953e-06
 Reference value :  5.15093e-06
 Reference value :  5.15233e-06
 Reference value :  5.15373e-06
 Reference value :  5.15513e-06
 Reference value :  5.15653e-06
 Reference value :  5.15793e-06
 Reference value :  5.15933e-06
 Reference value :  5.16073e-06
 Reference value :  5.16213e-06
 Reference value :  5.16353e-06
 Reference value :  5.16493e-06
 Reference value :  5.16633e-06
 Reference value :  5.16773e-06
 Reference value :  5.16913e-06
 Reference value :  5.17053e-06
 Reference value :  5.17198e-06
 Reference value :  5.17338e-06
 Reference value :  5.17478e-06
 Reference value :  5.17618e-06
 Reference value :  5.17763e-06
 Reference value :  5.17903e-06
 Reference value :  5.18043e-06
 Reference value :  5.18183e-06
 Reference value :  5.18323e-06
 Reference value :  5.18463e-06
 Reference value :  5.18608e-06
 Reference value :  5.18753e-06
 Reference value :  5.18898e-06
 Reference value :  5.19043e-06
 Reference value :  5.19178e-06
 Reference value :  5.19323e-06
 Reference value :  5.19468e-06
 Reference value :  5.19613e-06
 Reference value :  5.19753e-06
 Reference value :  5.19898e-06
 Reference value :  5.20043e-06
 Reference value :  5.20183e-06
 Reference value :  5.20323e-06
 Reference value :  5.20463e-06
 Reference value :  5.20603e-06
 Reference value :  5.20743e-06
 Reference value :  5.20883e-06
 Reference value :  5.21023e-06
 Reference value :  5.21168e-06
 Reference value :  5.21313e-06
 Reference value :  5.21458e-06
 Reference value :  5.21603e-06
 Reference value :  5.21748e-06
 Reference value :  5.21893e-06
 Reference value :  5.22038e-06
 Reference value :  5.22178e-06
 Reference value :  5.22318e-06
 Reference value :  5.22463e-06
 Reference value :  5.22608e-06
 Reference value :  5.22753e-06
 Reference value :  5.22893e-06
 Reference value :  5.23038e-06
 Reference value :  5.23178e-06
 Reference value :  5.23323e-06
 Reference value :  5.23463e-06
 Reference value :  5.23608e-06
 Reference value :  5.23748e-06
 Reference value :  5.23888e-06
 Reference value :  5.24033e-06
 Reference value :  5.24178e-06
 Reference value :  5.24323e-06
 Reference value :  5.24468e-06
 Reference value :  5.24613e-06
 Reference value :  5.24748e-06
 Reference value :  5.24873e-06
 Reference value :  5.24988e-06
 Reference value :  5.25108e-06
 Reference value :  5.25238e-06
 Reference value :  5.25378e-06
 Reference value :  5.25518e-06
 Reference value :  5.25658e-06
 Reference value :  5.25798e-06
 Reference value :  5.25938e-06
 Reference value :  5.26078e-06
 Reference value :  5.26218e-06
 Reference value :  5.26358e-06
 Reference value :  5.26498e-06
 Reference value :  5.26638e-06
 Reference value :  5.26783e-06
 Reference value :  5.26928e-06
 Reference value :  5.27073e-06
 Reference value :  5.27218e-06
 Reference value :  5.27363e-06
 Reference value :  5.27508e-06
 Reference value :  5.27653e-06
 Reference value :  5.27798e-06
 Reference value :  5.27943e-06
 Reference value :  5.28088e-06
 Reference value :  5.28233e-06
 Reference value :  5.28378e-06
 Reference value :  5.28498e-06
 Reference value :  5.28618e-06
 Reference value :  5.28733e-06
 Reference value :  5.28858e-06
 Reference value :  5.28988e-06
 Reference value :  5.29113e-06
 Reference value :  5.29238e-06
 Reference value :  5.29363e-06
 Reference value :  5.29488e-06
 Reference value :  5.29618e-06
 Reference value :  5.29743e-06
 Reference value :  5.29868e-06
 Reference value :  5.29998e-06
 Reference value :  5.30133e-06
 Reference value :  5.30263e-06
 Reference value :  5.30393e-06
 Reference value :  5.30523e-06
 Reference value :  5.30648e-06
 Reference value :  5.30778e-06
 Reference value :  5.30908e-06
 Reference value :  5.31038e-06
 Reference value :  5.31168e-06
 Reference value :  5.31298e-06
 Reference value :  5.31423e-06
 Reference value :  5.31548e-06
 Reference value :  5.31678e-06
 Reference value :  5.31798e-06
 Reference value :  5.31923e-06
 Reference value :  5.32048e-06
 Reference value :  5.32173e-06
 Reference value :  5.32303e-06
 Reference value :  5.32428e-06
 Reference value :  5.32558e-06
 Reference value :  5.32688e-06
 Reference value :  5.32813e-06
 Reference value :  5.32938e-06
 Reference value :  5.33068e-06
 Reference value :  5.33198e-06
 Reference value :  5.33323e-06
 Reference value :  5.33448e-06
 Reference value :  5.33573e-06
 Reference value :  5.33698e-06
 Reference value :  5.33828e-06
 Reference value :  5.33958e-06
 Reference value :  5.34088e-06
 Reference value :  5.34213e-06
 Reference value :  5.34333e-06
 Reference value :  5.34458e-06
 Reference value :  5.34578e-06
 Reference value :  5.34703e-06
 Reference value :  5.34833e-06
 Reference value :  5.34963e-06
 Reference value :  5.35088e-06
 Reference value :  5.35218e-06
 Reference value :  5.35348e-06
 Reference value :  5.35478e-06
 Reference value :  5.35608e-06
 Reference value :  5.35738e-06
 Reference value :  5.35868e-06
 Reference value :  5.35993e-06
 Reference value :  5.36118e-06
 Reference value :  5.36243e-06
 Reference value :  5.36368e-06
 Reference value :  5.36483e-06
 Reference value :  5.36603e-06
 Reference value :  5.36723e-06
 Reference value :  5.36843e-06
 Reference value :  5.36963e-06
 Reference value :  5.37083e-06
 Reference value :  5.37203e-06
 Reference value :  5.37328e-06
 Reference value :  5.37448e-06
 Reference value :  5.37568e-06
 Reference value :  5.37693e-06
 Reference value :  5.37823e-06
 Reference value :  5.37948e-06
 Reference value :  5.38078e-06
 Reference value :  5.38208e-06
 Reference value :  5.38338e-06
 Reference value :  5.38468e-06
 Reference value :  5.38598e-06
 Reference value :  5.38728e-06
 Reference value :  5.38853e-06
 Reference value :  5.38978e-06
 Reference value :  5.39108e-06
 Reference value :  5.39238e-06
 Reference value :  5.39368e-06
 Reference value :  5.39493e-06
 Reference value :  5.39613e-06
 Reference value :  5.39733e-06
 Reference value :  5.39853e-06
 Reference value :  5.39973e-06
 Reference value :  5.40093e-06
 Reference value :  5.40213e-06
 Reference value :  5.40338e-06
 Reference value :  5.40463e-06
 Reference value :  5.40588e-06
 Reference value :  5.40713e-06
 Reference value :  5.40838e-06
 Reference value :  5.40968e-06
 Reference value :  5.41098e-06
 Reference value :  5.41228e-06
 Reference value :  5.41358e-06
 Reference value :  5.41483e-06
 Reference value :  5.41608e-06
 Reference value :  5.41733e-06
 Reference value :  5.41858e-06
 Reference value :  5.41983e-06
No. of Data Rows : 108414
vmin_out            =  -1.07740e-03 at=  5.39238e-06
vmax_out            =  1.20200e+00 at=  2.49171e-06
Note: Simulation executed from .control section 
Warning: m=xx on .subckt line will override multiplier m hierarchy!

Note: Starting dynamic gmin stepping
Note: Dynamic gmin stepping completed
