
Note: No compatibility mode selected!


Circuit: * tt_analog_ring code sweep: code=24

Doing analysis at TEMP = 27.000000 and TNOM = 27.000000

Using SPARSE 1.3 as Direct Linear Solver
 Reference value :  0.00000e+00
No. of Data Rows : 1
OP idd=9.23989E-05 vbp=0.719552 vbn=0.373396
Doing analysis at TEMP = 27.000000 and TNOM = 27.000000

Using SPARSE 1.3 as Direct Linear Solver

Initial Transient Solution
--------------------------

Node                                   Voltage
----                                   -------
vpwr                                       1.2
enable                                     1.2
code[0]                                      0
code[1]                                      0
code[2]                                      0
code[3]                                    1.2
code[4]                                    1.2
code[5]                                      0
code[6]                                      0
code[7]                                      0
xdut.vbp                              0.719552
xdut.vbn                              0.373396
xdut.n0                               0.115795
xdut.p0                                1.09327
xdut.na0                              0.117756
xdut.s0                                0.61195
xdut.s10                               0.59321
xdut.n1                               0.097157
xdut.p1                                1.10636
xdut.s1                                0.61195
xdut.n2                               0.097157
xdut.p2                                1.10636
xdut.s2                                0.61195
xdut.n3                               0.097157
xdut.p3                                1.10636
xdut.s3                                0.61195
xdut.n4                               0.097157
xdut.p4                                1.10636
xdut.s4                                0.61195
xdut.n5                               0.097157
xdut.p5                                1.10636
xdut.s5                                0.61195
xdut.n6                               0.097157
xdut.p6                                1.10636
xdut.s6                                0.61195
xdut.n7                               0.097157
xdut.p7                                1.10636
xdut.s7                               0.611953
xdut.n8                              0.0971568
xdut.p8                                1.10636
xdut.s8                               0.611897
xdut.n9                              0.0971596
xdut.p9                                1.10636
xdut.s9                               0.612954
xdut.n10                             0.0971016
xdut.p10                                1.1064
xdut.b1                               0.884418
clk_out                            0.000408212
vc7#branch                         3.60401e-12
vc6#branch                         1.80201e-12
vc5#branch                         9.01003e-13
vc4#branch                        -6.80468e-09
vc3#branch                        -3.40234e-09
vc2#branch                         1.12625e-13
vc1#branch                         5.63127e-14
vc0#branch                         2.81563e-14
ven#branch                        -7.98636e-12
vdd#branch                        -9.23989e-05

 Reference value :  0.00000e+00
 Reference value :  8.25600e-10
 Reference value :  1.78560e-09
 Reference value :  2.78560e-09
 Reference value :  3.78560e-09
 Reference value :  4.74560e-09
 Reference value :  5.42560e-09
 Reference value :  6.12560e-09
 Reference value :  6.82560e-09
 Reference value :  7.50560e-09
 Reference value :  8.18560e-09
 Reference value :  8.70560e-09
 Reference value :  9.36560e-09
 Reference value :  1.00256e-08
 Reference value :  1.06656e-08
 Reference value :  1.13256e-08
 Reference value :  1.19656e-08
 Reference value :  1.26456e-08
 Reference value :  1.33656e-08
 Reference value :  1.40456e-08
 Reference value :  1.47256e-08
 Reference value :  1.53856e-08
 Reference value :  1.60256e-08
 Reference value :  1.66656e-08
 Reference value :  1.73256e-08
 Reference value :  1.79656e-08
 Reference value :  1.86256e-08
 Reference value :  1.92656e-08
 Reference value :  1.99056e-08
 Reference value :  2.04256e-08
 Reference value :  2.10256e-08
 Reference value :  2.16656e-08
 Reference value :  2.23456e-08
 Reference value :  2.30456e-08
 Reference value :  2.37256e-08
 Reference value :  2.44056e-08
 Reference value :  2.50656e-08
 Reference value :  2.57056e-08
 Reference value :  2.63656e-08
 Reference value :  2.70256e-08
 Reference value :  2.76656e-08
 Reference value :  2.83056e-08
 Reference value :  2.88256e-08
 Reference value :  2.93456e-08
 Reference value :  2.98656e-08
 Reference value :  3.03656e-08
 Reference value :  3.08856e-08
 Reference value :  3.14056e-08
 Reference value :  3.19656e-08
 Reference value :  3.26056e-08
 Reference value :  3.32656e-08
 Reference value :  3.39256e-08
 Reference value :  3.45856e-08
 Reference value :  3.52256e-08
 Reference value :  3.58256e-08
 Reference value :  3.63256e-08
 Reference value :  3.68256e-08
 Reference value :  3.74056e-08
 Reference value :  3.79656e-08
 Reference value :  3.85056e-08
 Reference value :  3.90056e-08
 Reference value :  3.95056e-08
 Reference value :  4.01256e-08
 Reference value :  4.07456e-08
 Reference value :  4.13856e-08
 Reference value :  4.18456e-08
 Reference value :  4.23656e-08
 Reference value :  4.28656e-08
 Reference value :  4.33856e-08
 Reference value :  4.38856e-08
 Reference value :  4.45656e-08
 Reference value :  4.51856e-08
 Reference value :  4.58456e-08
 Reference value :  4.65256e-08
 Reference value :  4.72056e-08
 Reference value :  4.78856e-08
 Reference value :  4.85456e-08
 Reference value :  4.91656e-08
 Reference value :  4.97856e-08
 Reference value :  5.03656e-08
 Reference value :  5.10056e-08
 Reference value :  5.16256e-08
 Reference value :  5.21456e-08
 Reference value :  5.26456e-08
 Reference value :  5.31456e-08
 Reference value :  5.37056e-08
 Reference value :  5.42856e-08
 Reference value :  5.49056e-08
 Reference value :  5.55256e-08
 Reference value :  5.61456e-08
 Reference value :  5.67656e-08
 Reference value :  5.73056e-08
 Reference value :  5.79056e-08
 Reference value :  5.85256e-08
 Reference value :  5.91256e-08
 Reference value :  5.97256e-08
 Reference value :  6.02456e-08
 Reference value :  6.07856e-08
 Reference value :  6.13456e-08
 Reference value :  6.18456e-08
 Reference value :  6.23656e-08
 Reference value :  6.28856e-08
 Reference value :  6.34456e-08
 Reference value :  6.39856e-08
 Reference value :  6.45056e-08
 Reference value :  6.50456e-08
 Reference value :  6.55656e-08
 Reference value :  6.60856e-08
 Reference value :  6.66256e-08
 Reference value :  6.71456e-08
 Reference value :  6.76856e-08
 Reference value :  6.82456e-08
 Reference value :  6.87656e-08
 Reference value :  6.92656e-08
 Reference value :  6.98056e-08
 Reference value :  7.03456e-08
 Reference value :  7.09256e-08
 Reference value :  7.14656e-08
 Reference value :  7.20056e-08
 Reference value :  7.25256e-08
 Reference value :  7.30456e-08
 Reference value :  7.35856e-08
 Reference value :  7.41256e-08
 Reference value :  7.46456e-08
 Reference value :  7.51656e-08
 Reference value :  7.57056e-08
 Reference value :  7.62256e-08
 Reference value :  7.67456e-08
 Reference value :  7.72656e-08
 Reference value :  7.77856e-08
 Reference value :  7.83256e-08
 Reference value :  7.88656e-08
 Reference value :  7.94056e-08
 Reference value :  7.99456e-08
 Reference value :  8.04856e-08
 Reference value :  8.10056e-08
 Reference value :  8.15256e-08
 Reference value :  8.20456e-08
 Reference value :  8.25656e-08
 Reference value :  8.31056e-08
 Reference value :  8.36256e-08
 Reference value :  8.41656e-08
 Reference value :  8.46656e-08
 Reference value :  8.52056e-08
 Reference value :  8.57456e-08
 Reference value :  8.62856e-08
 Reference value :  8.68056e-08
 Reference value :  8.73456e-08
 Reference value :  8.78656e-08
 Reference value :  8.84256e-08
 Reference value :  8.89656e-08
 Reference value :  8.94856e-08
 Reference value :  9.00056e-08
 Reference value :  9.05456e-08
 Reference value :  9.11056e-08
 Reference value :  9.16456e-08
 Reference value :  9.21856e-08
 Reference value :  9.27056e-08
 Reference value :  9.33456e-08
 Reference value :  9.39056e-08
 Reference value :  9.44656e-08
 Reference value :  9.50456e-08
 Reference value :  9.56056e-08
 Reference value :  9.61656e-08
 Reference value :  9.66856e-08
 Reference value :  9.72456e-08
 Reference value :  9.78056e-08
 Reference value :  9.83256e-08
 Reference value :  9.88456e-08
 Reference value :  9.93856e-08
 Reference value :  9.99456e-08
 Reference value :  1.00506e-07
 Reference value :  1.01106e-07
 Reference value :  1.01666e-07
 Reference value :  1.02226e-07
 Reference value :  1.02806e-07
 Reference value :  1.03306e-07
 Reference value :  1.03846e-07
 Reference value :  1.04406e-07
 Reference value :  1.04946e-07
 Reference value :  1.05486e-07
 Reference value :  1.06046e-07
 Reference value :  1.06666e-07
 Reference value :  1.07266e-07
 Reference value :  1.07826e-07
 Reference value :  1.08426e-07
 Reference value :  1.09026e-07
 Reference value :  1.09666e-07
 Reference value :  1.10366e-07
 Reference value :  1.11066e-07
 Reference value :  1.11766e-07
 Reference value :  1.12466e-07
 Reference value :  1.13126e-07
 Reference value :  1.13786e-07
 Reference value :  1.14406e-07
 Reference value :  1.15046e-07
 Reference value :  1.15586e-07
 Reference value :  1.16086e-07
 Reference value :  1.16586e-07
 Reference value :  1.17086e-07
 Reference value :  1.17586e-07
 Reference value :  1.18086e-07
 Reference value :  1.18586e-07
 Reference value :  1.19086e-07
 Reference value :  1.19586e-07
 Reference value :  1.20126e-07
 Reference value :  1.20646e-07
 Reference value :  1.21166e-07
 Reference value :  1.21686e-07
 Reference value :  1.22186e-07
 Reference value :  1.22686e-07
 Reference value :  1.23186e-07
 Reference value :  1.23706e-07
 Reference value :  1.24246e-07
 Reference value :  1.24746e-07
 Reference value :  1.25246e-07
 Reference value :  1.25866e-07
 Reference value :  1.26486e-07
 Reference value :  1.27106e-07
 Reference value :  1.27726e-07
 Reference value :  1.28386e-07
 Reference value :  1.29006e-07
 Reference value :  1.29606e-07
 Reference value :  1.30126e-07
 Reference value :  1.30806e-07
 Reference value :  1.31446e-07
 Reference value :  1.32046e-07
 Reference value :  1.32606e-07
 Reference value :  1.33146e-07
 Reference value :  1.33706e-07
 Reference value :  1.34346e-07
 Reference value :  1.35006e-07
 Reference value :  1.35646e-07
 Reference value :  1.36306e-07
 Reference value :  1.36926e-07
 Reference value :  1.37526e-07
 Reference value :  1.38126e-07
 Reference value :  1.38726e-07
 Reference value :  1.39346e-07
 Reference value :  1.40026e-07
 Reference value :  1.40686e-07
 Reference value :  1.41226e-07
 Reference value :  1.41846e-07
 Reference value :  1.42466e-07
 Reference value :  1.43126e-07
 Reference value :  1.43806e-07
 Reference value :  1.44486e-07
 Reference value :  1.45126e-07
 Reference value :  1.45766e-07
 Reference value :  1.46406e-07
 Reference value :  1.47046e-07
 Reference value :  1.47666e-07
 Reference value :  1.48306e-07
 Reference value :  1.48926e-07
 Reference value :  1.49546e-07
 Reference value :  1.50126e-07
 Reference value :  1.50726e-07
 Reference value :  1.51366e-07
 Reference value :  1.52006e-07
 Reference value :  1.52546e-07
 Reference value :  1.53066e-07
 Reference value :  1.53566e-07
 Reference value :  1.54126e-07
 Reference value :  1.54766e-07
 Reference value :  1.55326e-07
 Reference value :  1.55926e-07
 Reference value :  1.56546e-07
 Reference value :  1.57146e-07
 Reference value :  1.57706e-07
 Reference value :  1.58326e-07
 Reference value :  1.58946e-07
 Reference value :  1.59566e-07
 Reference value :  1.60086e-07
 Reference value :  1.60546e-07
 Reference value :  1.61026e-07
 Reference value :  1.61426e-07
 Reference value :  1.62046e-07
 Reference value :  1.62646e-07
 Reference value :  1.63146e-07
 Reference value :  1.63626e-07
 Reference value :  1.64226e-07
 Reference value :  1.64826e-07
 Reference value :  1.65386e-07
 Reference value :  1.65946e-07
 Reference value :  1.66466e-07
 Reference value :  1.66986e-07
 Reference value :  1.67486e-07
 Reference value :  1.68006e-07
 Reference value :  1.68566e-07
 Reference value :  1.69126e-07
 Reference value :  1.69706e-07
 Reference value :  1.70226e-07
 Reference value :  1.70786e-07
 Reference value :  1.71366e-07
 Reference value :  1.71926e-07
 Reference value :  1.72466e-07
 Reference value :  1.73026e-07
 Reference value :  1.73566e-07
 Reference value :  1.74086e-07
 Reference value :  1.74606e-07
 Reference value :  1.75126e-07
 Reference value :  1.75646e-07
 Reference value :  1.76166e-07
 Reference value :  1.76706e-07
 Reference value :  1.77226e-07
 Reference value :  1.77766e-07
 Reference value :  1.78286e-07
 Reference value :  1.78826e-07
 Reference value :  1.79346e-07
 Reference value :  1.79866e-07
 Reference value :  1.80386e-07
 Reference value :  1.80866e-07
 Reference value :  1.81386e-07
 Reference value :  1.81906e-07
 Reference value :  1.82446e-07
 Reference value :  1.82946e-07
 Reference value :  1.83486e-07
 Reference value :  1.84026e-07
 Reference value :  1.84546e-07
 Reference value :  1.85066e-07
 Reference value :  1.85586e-07
 Reference value :  1.86106e-07
 Reference value :  1.86626e-07
 Reference value :  1.87166e-07
 Reference value :  1.87706e-07
 Reference value :  1.88226e-07
 Reference value :  1.88746e-07
 Reference value :  1.89266e-07
 Reference value :  1.89786e-07
 Reference value :  1.90306e-07
 Reference value :  1.90806e-07
 Reference value :  1.91346e-07
 Reference value :  1.91886e-07
 Reference value :  1.92426e-07
 Reference value :  1.92946e-07
 Reference value :  1.93466e-07
 Reference value :  1.93986e-07
 Reference value :  1.94486e-07
 Reference value :  1.95026e-07
 Reference value :  1.95546e-07
 Reference value :  1.96066e-07
 Reference value :  1.96566e-07
 Reference value :  1.97086e-07
 Reference value :  1.97606e-07
 Reference value :  1.98146e-07
 Reference value :  1.98686e-07
 Reference value :  1.99206e-07
 Reference value :  1.99726e-07
 Reference value :  2.00206e-07
 Reference value :  2.00726e-07
 Reference value :  2.01246e-07
 Reference value :  2.01786e-07
 Reference value :  2.02306e-07
 Reference value :  2.02846e-07
 Reference value :  2.03366e-07
 Reference value :  2.03866e-07
 Reference value :  2.04386e-07
 Reference value :  2.04906e-07
 Reference value :  2.05406e-07
 Reference value :  2.05926e-07
 Reference value :  2.06466e-07
 Reference value :  2.07006e-07
 Reference value :  2.07526e-07
 Reference value :  2.08046e-07
 Reference value :  2.08566e-07
 Reference value :  2.09106e-07
 Reference value :  2.09646e-07
 Reference value :  2.10186e-07
 Reference value :  2.10706e-07
 Reference value :  2.11226e-07
 Reference value :  2.11746e-07
 Reference value :  2.12266e-07
 Reference value :  2.12786e-07
 Reference value :  2.13306e-07
 Reference value :  2.13806e-07
 Reference value :  2.14326e-07
 Reference value :  2.14846e-07
 Reference value :  2.15366e-07
 Reference value :  2.15906e-07
 Reference value :  2.16406e-07
 Reference value :  2.16946e-07
 Reference value :  2.17466e-07
 Reference value :  2.17986e-07
 Reference value :  2.18506e-07
 Reference value :  2.19026e-07
 Reference value :  2.19546e-07
 Reference value :  2.20046e-07
 Reference value :  2.20586e-07
 Reference value :  2.21126e-07
 Reference value :  2.21686e-07
 Reference value :  2.22206e-07
 Reference value :  2.22746e-07
 Reference value :  2.23306e-07
 Reference value :  2.23826e-07
 Reference value :  2.24346e-07
 Reference value :  2.24886e-07
 Reference value :  2.25426e-07
 Reference value :  2.26026e-07
 Reference value :  2.26606e-07
 Reference value :  2.27166e-07
 Reference value :  2.27706e-07
 Reference value :  2.28246e-07
 Reference value :  2.28786e-07
 Reference value :  2.29346e-07
 Reference value :  2.29886e-07
 Reference value :  2.30426e-07
 Reference value :  2.30946e-07
 Reference value :  2.31506e-07
 Reference value :  2.32046e-07
 Reference value :  2.32566e-07
 Reference value :  2.33146e-07
 Reference value :  2.33686e-07
 Reference value :  2.34246e-07
 Reference value :  2.34766e-07
 Reference value :  2.35306e-07
 Reference value :  2.35866e-07
 Reference value :  2.36386e-07
 Reference value :  2.36926e-07
 Reference value :  2.37486e-07
 Reference value :  2.38026e-07
 Reference value :  2.38566e-07
 Reference value :  2.39086e-07
 Reference value :  2.39646e-07
 Reference value :  2.40166e-07
 Reference value :  2.40706e-07
 Reference value :  2.41226e-07
 Reference value :  2.41826e-07
 Reference value :  2.42446e-07
 Reference value :  2.43086e-07
 Reference value :  2.43726e-07
 Reference value :  2.44346e-07
 Reference value :  2.44926e-07
 Reference value :  2.45546e-07
 Reference value :  2.46146e-07
 Reference value :  2.46766e-07
 Reference value :  2.47386e-07
 Reference value :  2.48026e-07
 Reference value :  2.48706e-07
 Reference value :  2.49366e-07
 Reference value :  2.49966e-07
 Reference value :  2.50566e-07
 Reference value :  2.51146e-07
 Reference value :  2.51726e-07
 Reference value :  2.52346e-07
 Reference value :  2.52966e-07
 Reference value :  2.53586e-07
 Reference value :  2.54226e-07
 Reference value :  2.54826e-07
 Reference value :  2.55446e-07
 Reference value :  2.56086e-07
 Reference value :  2.56726e-07
 Reference value :  2.57326e-07
 Reference value :  2.57946e-07
 Reference value :  2.58526e-07
 Reference value :  2.59166e-07
 Reference value :  2.59646e-07
 Reference value :  2.60126e-07
 Reference value :  2.60786e-07
 Reference value :  2.61286e-07
 Reference value :  2.61746e-07
 Reference value :  2.62226e-07
 Reference value :  2.62726e-07
 Reference value :  2.63226e-07
 Reference value :  2.63746e-07
 Reference value :  2.64346e-07
 Reference value :  2.65026e-07
 Reference value :  2.65686e-07
 Reference value :  2.66306e-07
 Reference value :  2.66846e-07
 Reference value :  2.67366e-07
 Reference value :  2.67866e-07
 Reference value :  2.68366e-07
 Reference value :  2.68866e-07
 Reference value :  2.69366e-07
 Reference value :  2.69866e-07
 Reference value :  2.70366e-07
 Reference value :  2.70866e-07
 Reference value :  2.71366e-07
 Reference value :  2.71886e-07
 Reference value :  2.72406e-07
 Reference value :  2.72926e-07
 Reference value :  2.73426e-07
 Reference value :  2.73986e-07
 Reference value :  2.74646e-07
 Reference value :  2.75286e-07
 Reference value :  2.75906e-07
 Reference value :  2.76526e-07
 Reference value :  2.77046e-07
 Reference value :  2.77546e-07
 Reference value :  2.78106e-07
 Reference value :  2.78746e-07
 Reference value :  2.79386e-07
 Reference value :  2.80006e-07
 Reference value :  2.80626e-07
 Reference value :  2.81246e-07
 Reference value :  2.81886e-07
 Reference value :  2.82506e-07
 Reference value :  2.83126e-07
 Reference value :  2.83766e-07
 Reference value :  2.84386e-07
 Reference value :  2.85026e-07
 Reference value :  2.85666e-07
 Reference value :  2.86326e-07
 Reference value :  2.86886e-07
 Reference value :  2.87446e-07
 Reference value :  2.88086e-07
 Reference value :  2.88706e-07
 Reference value :  2.89306e-07
 Reference value :  2.89926e-07
 Reference value :  2.90446e-07
 Reference value :  2.90966e-07
 Reference value :  2.91486e-07
 Reference value :  2.92006e-07
 Reference value :  2.92506e-07
 Reference value :  2.93006e-07
 Reference value :  2.93506e-07
 Reference value :  2.94006e-07
 Reference value :  2.94586e-07
 Reference value :  2.95206e-07
 Reference value :  2.95786e-07
 Reference value :  2.96326e-07
 Reference value :  2.96906e-07
 Reference value :  2.97506e-07
 Reference value :  2.98046e-07
 Reference value :  2.98606e-07
 Reference value :  2.99126e-07
 Reference value :  2.99646e-07
 Reference value :  3.00206e-07
 Reference value :  3.00766e-07
 Reference value :  3.01286e-07
 Reference value :  3.01826e-07
 Reference value :  3.02406e-07
 Reference value :  3.02966e-07
 Reference value :  3.03486e-07
 Reference value :  3.03986e-07
 Reference value :  3.04526e-07
 Reference value :  3.05046e-07
 Reference value :  3.05566e-07
 Reference value :  3.06126e-07
 Reference value :  3.06666e-07
 Reference value :  3.07246e-07
 Reference value :  3.07766e-07
 Reference value :  3.08306e-07
 Reference value :  3.08846e-07
 Reference value :  3.09366e-07
 Reference value :  3.09886e-07
 Reference value :  3.10406e-07
 Reference value :  3.10926e-07
 Reference value :  3.11446e-07
 Reference value :  3.11966e-07
 Reference value :  3.12486e-07
 Reference value :  3.13006e-07
 Reference value :  3.13506e-07
 Reference value :  3.14026e-07
 Reference value :  3.14526e-07
 Reference value :  3.15046e-07
 Reference value :  3.15566e-07
 Reference value :  3.16146e-07
 Reference value :  3.16646e-07
 Reference value :  3.17186e-07
 Reference value :  3.17686e-07
 Reference value :  3.18206e-07
 Reference value :  3.18706e-07
 Reference value :  3.19226e-07
 Reference value :  3.19746e-07
 Reference value :  3.20246e-07
 Reference value :  3.20766e-07
 Reference value :  3.21286e-07
 Reference value :  3.21826e-07
 Reference value :  3.22366e-07
 Reference value :  3.22906e-07
 Reference value :  3.23446e-07
 Reference value :  3.23966e-07
 Reference value :  3.24486e-07
 Reference value :  3.25006e-07
 Reference value :  3.25526e-07
 Reference value :  3.26066e-07
 Reference value :  3.26586e-07
 Reference value :  3.27086e-07
 Reference value :  3.27686e-07
 Reference value :  3.28226e-07
 Reference value :  3.28766e-07
 Reference value :  3.29306e-07
 Reference value :  3.29866e-07
 Reference value :  3.30406e-07
 Reference value :  3.30946e-07
 Reference value :  3.31466e-07
 Reference value :  3.31986e-07
 Reference value :  3.32546e-07
 Reference value :  3.33066e-07
 Reference value :  3.33566e-07
 Reference value :  3.34086e-07
 Reference value :  3.34626e-07
 Reference value :  3.35146e-07
 Reference value :  3.35686e-07
 Reference value :  3.36206e-07
 Reference value :  3.36686e-07
 Reference value :  3.37206e-07
 Reference value :  3.37726e-07
 Reference value :  3.38226e-07
 Reference value :  3.38786e-07
 Reference value :  3.39346e-07
 Reference value :  3.39866e-07
 Reference value :  3.40386e-07
 Reference value :  3.40926e-07
 Reference value :  3.41486e-07
 Reference value :  3.41986e-07
 Reference value :  3.42526e-07
 Reference value :  3.43066e-07
 Reference value :  3.43586e-07
 Reference value :  3.44106e-07
 Reference value :  3.44646e-07
 Reference value :  3.45246e-07
 Reference value :  3.45826e-07
 Reference value :  3.46426e-07
 Reference value :  3.46906e-07
 Reference value :  3.47526e-07
 Reference value :  3.48166e-07
 Reference value :  3.48806e-07
 Reference value :  3.49446e-07
 Reference value :  3.50066e-07
 Reference value :  3.50686e-07
 Reference value :  3.51266e-07
 Reference value :  3.51886e-07
 Reference value :  3.52506e-07
 Reference value :  3.53046e-07
 Reference value :  3.53646e-07
 Reference value :  3.54286e-07
 Reference value :  3.54926e-07
 Reference value :  3.55546e-07
 Reference value :  3.56186e-07
 Reference value :  3.56846e-07
 Reference value :  3.57486e-07
 Reference value :  3.58126e-07
 Reference value :  3.58726e-07
 Reference value :  3.59306e-07
 Reference value :  3.59886e-07
 Reference value :  3.60526e-07
 Reference value :  3.61146e-07
 Reference value :  3.61746e-07
 Reference value :  3.62346e-07
 Reference value :  3.62986e-07
 Reference value :  3.63606e-07
 Reference value :  3.64226e-07
 Reference value :  3.64866e-07
 Reference value :  3.65486e-07
 Reference value :  3.66106e-07
 Reference value :  3.66746e-07
 Reference value :  3.67366e-07
 Reference value :  3.67966e-07
 Reference value :  3.68506e-07
 Reference value :  3.69146e-07
 Reference value :  3.69766e-07
 Reference value :  3.70366e-07
 Reference value :  3.70926e-07
 Reference value :  3.71546e-07
 Reference value :  3.72166e-07
 Reference value :  3.72806e-07
 Reference value :  3.73426e-07
 Reference value :  3.74046e-07
 Reference value :  3.74646e-07
 Reference value :  3.75266e-07
 Reference value :  3.75886e-07
 Reference value :  3.76426e-07
 Reference value :  3.76926e-07
 Reference value :  3.77506e-07
 Reference value :  3.78066e-07
 Reference value :  3.78566e-07
 Reference value :  3.79146e-07
 Reference value :  3.79786e-07
 Reference value :  3.80406e-07
 Reference value :  3.81006e-07
 Reference value :  3.81626e-07
 Reference value :  3.82246e-07
 Reference value :  3.82866e-07
 Reference value :  3.83486e-07
 Reference value :  3.84106e-07
 Reference value :  3.84746e-07
 Reference value :  3.85386e-07
 Reference value :  3.86006e-07
 Reference value :  3.86526e-07
 Reference value :  3.87126e-07
 Reference value :  3.87766e-07
 Reference value :  3.88406e-07
 Reference value :  3.89026e-07
 Reference value :  3.89606e-07
 Reference value :  3.90126e-07
 Reference value :  3.90746e-07
 Reference value :  3.91326e-07
 Reference value :  3.91946e-07
 Reference value :  3.92566e-07
 Reference value :  3.93166e-07
 Reference value :  3.93766e-07
 Reference value :  3.94366e-07
 Reference value :  3.94966e-07
 Reference value :  3.95586e-07
 Reference value :  3.96186e-07
 Reference value :  3.96786e-07
 Reference value :  3.97366e-07
 Reference value :  3.97946e-07
 Reference value :  3.98486e-07
 Reference value :  3.99086e-07
 Reference value :  3.99646e-07
 Reference value :  4.00246e-07
 Reference value :  4.00806e-07
 Reference value :  4.01326e-07
 Reference value :  4.01906e-07
 Reference value :  4.02446e-07
 Reference value :  4.03006e-07
 Reference value :  4.03526e-07
 Reference value :  4.04046e-07
 Reference value :  4.04586e-07
 Reference value :  4.05186e-07
 Reference value :  4.05786e-07
 Reference value :  4.06326e-07
 Reference value :  4.06866e-07
 Reference value :  4.07406e-07
 Reference value :  4.07946e-07
 Reference value :  4.08466e-07
 Reference value :  4.08986e-07
 Reference value :  4.09506e-07
 Reference value :  4.10046e-07
 Reference value :  4.10586e-07
 Reference value :  4.11126e-07
 Reference value :  4.11666e-07
 Reference value :  4.12186e-07
 Reference value :  4.12726e-07
 Reference value :  4.13266e-07
 Reference value :  4.13806e-07
 Reference value :  4.14326e-07
 Reference value :  4.14866e-07
 Reference value :  4.15386e-07
 Reference value :  4.15926e-07
 Reference value :  4.16466e-07
 Reference value :  4.16986e-07
 Reference value :  4.17506e-07
 Reference value :  4.18046e-07
 Reference value :  4.18566e-07
 Reference value :  4.19126e-07
 Reference value :  4.19666e-07
 Reference value :  4.20186e-07
 Reference value :  4.20726e-07
 Reference value :  4.21266e-07
 Reference value :  4.21806e-07
 Reference value :  4.22326e-07
 Reference value :  4.22846e-07
 Reference value :  4.23366e-07
 Reference value :  4.23906e-07
 Reference value :  4.24406e-07
 Reference value :  4.24946e-07
 Reference value :  4.25466e-07
 Reference value :  4.25986e-07
 Reference value :  4.26486e-07
 Reference value :  4.27026e-07
 Reference value :  4.27566e-07
 Reference value :  4.28086e-07
 Reference value :  4.28626e-07
 Reference value :  4.29166e-07
 Reference value :  4.29686e-07
 Reference value :  4.30186e-07
 Reference value :  4.30706e-07
 Reference value :  4.31246e-07
 Reference value :  4.31746e-07
 Reference value :  4.32286e-07
 Reference value :  4.32786e-07
 Reference value :  4.33326e-07
 Reference value :  4.33826e-07
 Reference value :  4.34346e-07
 Reference value :  4.34866e-07
 Reference value :  4.35386e-07
 Reference value :  4.35906e-07
 Reference value :  4.36446e-07
 Reference value :  4.36986e-07
 Reference value :  4.37526e-07
 Reference value :  4.38046e-07
 Reference value :  4.38566e-07
 Reference value :  4.39106e-07
 Reference value :  4.39606e-07
 Reference value :  4.40146e-07
 Reference value :  4.40706e-07
 Reference value :  4.41266e-07
 Reference value :  4.41886e-07
 Reference value :  4.42546e-07
 Reference value :  4.43126e-07
 Reference value :  4.43606e-07
 Reference value :  4.44146e-07
 Reference value :  4.44746e-07
 Reference value :  4.45366e-07
 Reference value :  4.45986e-07
 Reference value :  4.46486e-07
 Reference value :  4.46966e-07
 Reference value :  4.47566e-07
 Reference value :  4.48166e-07
 Reference value :  4.48746e-07
 Reference value :  4.49166e-07
 Reference value :  4.49526e-07
 Reference value :  4.50106e-07
 Reference value :  4.50646e-07
 Reference value :  4.51106e-07
 Reference value :  4.51546e-07
 Reference value :  4.51986e-07
 Reference value :  4.52446e-07
 Reference value :  4.52986e-07
 Reference value :  4.53566e-07
 Reference value :  4.54186e-07
 Reference value :  4.54686e-07
 Reference value :  4.55186e-07
 Reference value :  4.55666e-07
 Reference value :  4.56166e-07
 Reference value :  4.56646e-07
 Reference value :  4.57066e-07
 Reference value :  4.57646e-07
 Reference value :  4.58226e-07
 Reference value :  4.58786e-07
 Reference value :  4.59386e-07
 Reference value :  4.59986e-07
 Reference value :  4.60606e-07
 Reference value :  4.61206e-07
 Reference value :  4.61766e-07
 Reference value :  4.62246e-07
 Reference value :  4.62746e-07
 Reference value :  4.63306e-07
 Reference value :  4.63906e-07
 Reference value :  4.64506e-07
 Reference value :  4.65106e-07
 Reference value :  4.65606e-07
 Reference value :  4.66146e-07
 Reference value :  4.66746e-07
 Reference value :  4.67326e-07
 Reference value :  4.67806e-07
 Reference value :  4.68286e-07
 Reference value :  4.68766e-07
 Reference value :  4.69246e-07
 Reference value :  4.69826e-07
 Reference value :  4.70426e-07
 Reference value :  4.71006e-07
 Reference value :  4.71466e-07
 Reference value :  4.71966e-07
 Reference value :  4.72406e-07
 Reference value :  4.72886e-07
 Reference value :  4.73386e-07
 Reference value :  4.73886e-07
 Reference value :  4.74446e-07
 Reference value :  4.74986e-07
 Reference value :  4.75586e-07
 Reference value :  4.76106e-07
 Reference value :  4.76586e-07
 Reference value :  4.77066e-07
 Reference value :  4.77546e-07
 Reference value :  4.78026e-07
 Reference value :  4.78506e-07
 Reference value :  4.79006e-07
 Reference value :  4.79626e-07
 Reference value :  4.80246e-07
 Reference value :  4.80866e-07
 Reference value :  4.81466e-07
 Reference value :  4.82066e-07
 Reference value :  4.82586e-07
 Reference value :  4.83106e-07
 Reference value :  4.83626e-07
 Reference value :  4.84086e-07
 Reference value :  4.84586e-07
 Reference value :  4.85146e-07
 Reference value :  4.85726e-07
 Reference value :  4.86306e-07
 Reference value :  4.86906e-07
 Reference value :  4.87526e-07
 Reference value :  4.88126e-07
 Reference value :  4.88726e-07
 Reference value :  4.89346e-07
 Reference value :  4.89946e-07
 Reference value :  4.90566e-07
 Reference value :  4.91166e-07
 Reference value :  4.91746e-07
 Reference value :  4.92346e-07
 Reference value :  4.92946e-07
 Reference value :  4.93546e-07
 Reference value :  4.94146e-07
 Reference value :  4.94746e-07
 Reference value :  4.95306e-07
 Reference value :  4.95926e-07
 Reference value :  4.96546e-07
 Reference value :  4.97166e-07
 Reference value :  4.97766e-07
 Reference value :  4.98266e-07
 Reference value :  4.98806e-07
 Reference value :  4.99346e-07
 Reference value :  4.99866e-07
 Reference value :  5.00366e-07
 Reference value :  5.00846e-07
 Reference value :  5.01346e-07
 Reference value :  5.01946e-07
 Reference value :  5.02526e-07
 Reference value :  5.03066e-07
 Reference value :  5.03666e-07
 Reference value :  5.04266e-07
 Reference value :  5.04866e-07
 Reference value :  5.05346e-07
 Reference value :  5.05846e-07
 Reference value :  5.06346e-07
 Reference value :  5.06866e-07
 Reference value :  5.07366e-07
 Reference value :  5.07846e-07
 Reference value :  5.08406e-07
 Reference value :  5.09006e-07
 Reference value :  5.09626e-07
 Reference value :  5.10226e-07
 Reference value :  5.10766e-07
 Reference value :  5.11246e-07
 Reference value :  5.11786e-07
 Reference value :  5.12326e-07
 Reference value :  5.12826e-07
 Reference value :  5.13326e-07
 Reference value :  5.13806e-07
 Reference value :  5.14386e-07
 Reference value :  5.14966e-07
 Reference value :  5.15546e-07
 Reference value :  5.16106e-07
 Reference value :  5.16666e-07
 Reference value :  5.17206e-07
 Reference value :  5.17806e-07
 Reference value :  5.18346e-07
 Reference value :  5.18906e-07
 Reference value :  5.19446e-07
 Reference value :  5.19986e-07
 Reference value :  5.20566e-07
 Reference value :  5.21126e-07
 Reference value :  5.21666e-07
 Reference value :  5.22206e-07
 Reference value :  5.22746e-07
 Reference value :  5.23266e-07
 Reference value :  5.23826e-07
 Reference value :  5.24366e-07
 Reference value :  5.24926e-07
 Reference value :  5.25466e-07
 Reference value :  5.25986e-07
 Reference value :  5.26546e-07
 Reference value :  5.27126e-07
 Reference value :  5.27646e-07
 Reference value :  5.28166e-07
 Reference value :  5.28726e-07
 Reference value :  5.29246e-07
 Reference value :  5.29806e-07
 Reference value :  5.30366e-07
 Reference value :  5.30926e-07
 Reference value :  5.31466e-07
 Reference value :  5.32006e-07
 Reference value :  5.32546e-07
 Reference value :  5.33086e-07
 Reference value :  5.33626e-07
 Reference value :  5.34166e-07
 Reference value :  5.34726e-07
 Reference value :  5.35246e-07
 Reference value :  5.35786e-07
 Reference value :  5.36306e-07
 Reference value :  5.36826e-07
 Reference value :  5.37386e-07
 Reference value :  5.37906e-07
 Reference value :  5.38466e-07
 Reference value :  5.39006e-07
 Reference value :  5.39586e-07
 Reference value :  5.40126e-07
 Reference value :  5.40686e-07
 Reference value :  5.41246e-07
 Reference value :  5.41806e-07
 Reference value :  5.42366e-07
 Reference value :  5.42906e-07
 Reference value :  5.43486e-07
 Reference value :  5.44026e-07
 Reference value :  5.44586e-07
 Reference value :  5.45126e-07
 Reference value :  5.45646e-07
 Reference value :  5.46186e-07
 Reference value :  5.46726e-07
 Reference value :  5.47346e-07
 Reference value :  5.47986e-07
 Reference value :  5.48626e-07
 Reference value :  5.49206e-07
 Reference value :  5.49806e-07
 Reference value :  5.50426e-07
 Reference value :  5.51066e-07
 Reference value :  5.51686e-07
 Reference value :  5.52246e-07
 Reference value :  5.52866e-07
 Reference value :  5.53506e-07
 Reference value :  5.54106e-07
 Reference value :  5.54726e-07
 Reference value :  5.55286e-07
 Reference value :  5.55886e-07
 Reference value :  5.56486e-07
 Reference value :  5.57026e-07
 Reference value :  5.57626e-07
 Reference value :  5.58246e-07
 Reference value :  5.58826e-07
 Reference value :  5.59426e-07
 Reference value :  5.60026e-07
 Reference value :  5.60566e-07
 Reference value :  5.61146e-07
 Reference value :  5.61746e-07
 Reference value :  5.62326e-07
 Reference value :  5.62886e-07
 Reference value :  5.63466e-07
 Reference value :  5.64066e-07
 Reference value :  5.64706e-07
 Reference value :  5.65206e-07
 Reference value :  5.65726e-07
 Reference value :  5.66266e-07
 Reference value :  5.66886e-07
 Reference value :  5.67326e-07
 Reference value :  5.67926e-07
 Reference value :  5.68546e-07
 Reference value :  5.69146e-07
 Reference value :  5.69606e-07
 Reference value :  5.70166e-07
 Reference value :  5.70746e-07
 Reference value :  5.71286e-07
 Reference value :  5.71826e-07
 Reference value :  5.72386e-07
 Reference value :  5.73026e-07
 Reference value :  5.73626e-07
 Reference value :  5.74206e-07
 Reference value :  5.74826e-07
 Reference value :  5.75426e-07
 Reference value :  5.76006e-07
 Reference value :  5.76506e-07
 Reference value :  5.77006e-07
 Reference value :  5.77566e-07
 Reference value :  5.78166e-07
 Reference value :  5.78786e-07
 Reference value :  5.79366e-07
 Reference value :  5.79866e-07
 Reference value :  5.80466e-07
 Reference value :  5.81086e-07
 Reference value :  5.81666e-07
 Reference value :  5.82226e-07
 Reference value :  5.82826e-07
 Reference value :  5.83366e-07
 Reference value :  5.83946e-07
 Reference value :  5.84506e-07
 Reference value :  5.85106e-07
 Reference value :  5.85626e-07
 Reference value :  5.86206e-07
 Reference value :  5.86806e-07
 Reference value :  5.87426e-07
 Reference value :  5.88046e-07
 Reference value :  5.88646e-07
 Reference value :  5.89266e-07
 Reference value :  5.89846e-07
 Reference value :  5.90426e-07
 Reference value :  5.91026e-07
 Reference value :  5.91586e-07
 Reference value :  5.92066e-07
 Reference value :  5.92566e-07
 Reference value :  5.93126e-07
 Reference value :  5.93726e-07
 Reference value :  5.94306e-07
 Reference value :  5.94886e-07
 Reference value :  5.95506e-07
 Reference value :  5.96086e-07
 Reference value :  5.96666e-07
 Reference value :  5.97246e-07
 Reference value :  5.97806e-07
 Reference value :  5.98406e-07
 Reference value :  5.99006e-07
 Reference value :  5.99586e-07
 Reference value :  6.00166e-07
 Reference value :  6.00666e-07
 Reference value :  6.01246e-07
 Reference value :  6.01846e-07
 Reference value :  6.02466e-07
 Reference value :  6.03086e-07
 Reference value :  6.03686e-07
 Reference value :  6.04286e-07
 Reference value :  6.04846e-07
 Reference value :  6.05446e-07
 Reference value :  6.05866e-07
 Reference value :  6.06446e-07
 Reference value :  6.07026e-07
 Reference value :  6.07626e-07
 Reference value :  6.08206e-07
 Reference value :  6.08786e-07
 Reference value :  6.09346e-07
 Reference value :  6.09966e-07
 Reference value :  6.10586e-07
 Reference value :  6.11186e-07
 Reference value :  6.11666e-07
 Reference value :  6.12126e-07
 Reference value :  6.12666e-07
 Reference value :  6.13266e-07
 Reference value :  6.13766e-07
 Reference value :  6.14266e-07
 Reference value :  6.14866e-07
 Reference value :  6.15426e-07
 Reference value :  6.15986e-07
 Reference value :  6.16586e-07
 Reference value :  6.17066e-07
 Reference value :  6.17526e-07
 Reference value :  6.18126e-07
 Reference value :  6.18686e-07
 Reference value :  6.19306e-07
 Reference value :  6.19906e-07
 Reference value :  6.20526e-07
 Reference value :  6.21066e-07
 Reference value :  6.21666e-07
 Reference value :  6.22266e-07
 Reference value :  6.22866e-07
 Reference value :  6.23386e-07
 Reference value :  6.23926e-07
 Reference value :  6.24526e-07
 Reference value :  6.25106e-07
 Reference value :  6.25746e-07
 Reference value :  6.26366e-07
 Reference value :  6.26986e-07
 Reference value :  6.27566e-07
 Reference value :  6.28086e-07
 Reference value :  6.28606e-07
 Reference value :  6.29086e-07
 Reference value :  6.29606e-07
 Reference value :  6.30206e-07
 Reference value :  6.30806e-07
 Reference value :  6.31386e-07
 Reference value :  6.31986e-07
 Reference value :  6.32546e-07
 Reference value :  6.33146e-07
 Reference value :  6.33746e-07
 Reference value :  6.34346e-07
 Reference value :  6.34786e-07
 Reference value :  6.35306e-07
 Reference value :  6.35846e-07
 Reference value :  6.36446e-07
 Reference value :  6.37046e-07
 Reference value :  6.37626e-07
 Reference value :  6.38246e-07
 Reference value :  6.38886e-07
 Reference value :  6.39386e-07
 Reference value :  6.39986e-07
 Reference value :  6.40566e-07
 Reference value :  6.41186e-07
 Reference value :  6.41746e-07
 Reference value :  6.42326e-07
 Reference value :  6.42846e-07
 Reference value :  6.43406e-07
 Reference value :  6.43966e-07
 Reference value :  6.44546e-07
 Reference value :  6.45146e-07
 Reference value :  6.45766e-07
 Reference value :  6.46386e-07
 Reference value :  6.46926e-07
 Reference value :  6.47486e-07
 Reference value :  6.47986e-07
 Reference value :  6.48486e-07
 Reference value :  6.49106e-07
 Reference value :  6.49646e-07
 Reference value :  6.50226e-07
 Reference value :  6.50846e-07
 Reference value :  6.51446e-07
 Reference value :  6.51966e-07
 Reference value :  6.52566e-07
 Reference value :  6.53186e-07
 Reference value :  6.53786e-07
 Reference value :  6.54406e-07
 Reference value :  6.55006e-07
 Reference value :  6.55606e-07
 Reference value :  6.56226e-07
 Reference value :  6.56826e-07
 Reference value :  6.57366e-07
 Reference value :  6.57946e-07
 Reference value :  6.58486e-07
 Reference value :  6.59046e-07
 Reference value :  6.59506e-07
 Reference value :  6.60066e-07
 Reference value :  6.60666e-07
 Reference value :  6.61266e-07
 Reference value :  6.61866e-07
 Reference value :  6.62486e-07
 Reference value :  6.63006e-07
 Reference value :  6.63546e-07
 Reference value :  6.64166e-07
 Reference value :  6.64786e-07
 Reference value :  6.65386e-07
 Reference value :  6.65906e-07
 Reference value :  6.66406e-07
 Reference value :  6.66946e-07
 Reference value :  6.67466e-07
 Reference value :  6.67966e-07
 Reference value :  6.68566e-07
 Reference value :  6.69186e-07
 Reference value :  6.69686e-07
 Reference value :  6.70246e-07
 Reference value :  6.70846e-07
 Reference value :  6.71426e-07
 Reference value :  6.71926e-07
 Reference value :  6.72426e-07
 Reference value :  6.72946e-07
 Reference value :  6.73366e-07
 Reference value :  6.73986e-07
 Reference value :  6.74566e-07
 Reference value :  6.75186e-07
 Reference value :  6.75806e-07
 Reference value :  6.76426e-07
 Reference value :  6.76946e-07
 Reference value :  6.77546e-07
 Reference value :  6.78146e-07
 Reference value :  6.78726e-07
 Reference value :  6.79306e-07
 Reference value :  6.79906e-07
 Reference value :  6.80506e-07
 Reference value :  6.81026e-07
 Reference value :  6.81586e-07
 Reference value :  6.82206e-07
 Reference value :  6.82826e-07
 Reference value :  6.83426e-07
 Reference value :  6.83926e-07
 Reference value :  6.84426e-07
 Reference value :  6.84926e-07
 Reference value :  6.85526e-07
 Reference value :  6.86086e-07
 Reference value :  6.86706e-07
 Reference value :  6.87326e-07
 Reference value :  6.87866e-07
 Reference value :  6.88446e-07
 Reference value :  6.89046e-07
 Reference value :  6.89646e-07
 Reference value :  6.90206e-07
 Reference value :  6.90786e-07
 Reference value :  6.91386e-07
 Reference value :  6.91906e-07
 Reference value :  6.92486e-07
 Reference value :  6.93086e-07
 Reference value :  6.93686e-07
 Reference value :  6.94146e-07
 Reference value :  6.94746e-07
 Reference value :  6.95266e-07
 Reference value :  6.95766e-07
 Reference value :  6.96266e-07
 Reference value :  6.96886e-07
 Reference value :  6.97506e-07
 Reference value :  6.98026e-07
 Reference value :  6.98626e-07
 Reference value :  6.99166e-07
 Reference value :  6.99626e-07
 Reference value :  7.00206e-07
 Reference value :  7.00826e-07
 Reference value :  7.01326e-07
 Reference value :  7.01886e-07
 Reference value :  7.02446e-07
 Reference value :  7.03066e-07
 Reference value :  7.03586e-07
 Reference value :  7.04186e-07
 Reference value :  7.04786e-07
 Reference value :  7.05406e-07
 Reference value :  7.05946e-07
 Reference value :  7.06526e-07
 Reference value :  7.07126e-07
 Reference value :  7.07706e-07
 Reference value :  7.08246e-07
 Reference value :  7.08826e-07
 Reference value :  7.09306e-07
 Reference value :  7.09806e-07
 Reference value :  7.10326e-07
 Reference value :  7.10886e-07
 Reference value :  7.11486e-07
 Reference value :  7.12106e-07
 Reference value :  7.12726e-07
 Reference value :  7.13246e-07
 Reference value :  7.13746e-07
 Reference value :  7.14326e-07
 Reference value :  7.14866e-07
 Reference value :  7.15466e-07
 Reference value :  7.16006e-07
 Reference value :  7.16486e-07
 Reference value :  7.17026e-07
 Reference value :  7.17626e-07
 Reference value :  7.18226e-07
 Reference value :  7.18806e-07
 Reference value :  7.19326e-07
 Reference value :  7.19906e-07
 Reference value :  7.20446e-07
 Reference value :  7.21066e-07
 Reference value :  7.21686e-07
 Reference value :  7.22266e-07
 Reference value :  7.22866e-07
 Reference value :  7.23466e-07
 Reference value :  7.24046e-07
 Reference value :  7.24666e-07
 Reference value :  7.25286e-07
 Reference value :  7.25886e-07
 Reference value :  7.26506e-07
 Reference value :  7.27066e-07
 Reference value :  7.27586e-07
 Reference value :  7.28086e-07
 Reference value :  7.28566e-07
 Reference value :  7.29066e-07
 Reference value :  7.29626e-07
 Reference value :  7.30206e-07
 Reference value :  7.30806e-07
 Reference value :  7.31406e-07
 Reference value :  7.31906e-07
 Reference value :  7.32486e-07
 Reference value :  7.33066e-07
 Reference value :  7.33686e-07
 Reference value :  7.34206e-07
 Reference value :  7.34766e-07
 Reference value :  7.35346e-07
 Reference value :  7.35926e-07
 Reference value :  7.36526e-07
 Reference value :  7.37126e-07
 Reference value :  7.37646e-07
 Reference value :  7.38166e-07
 Reference value :  7.38786e-07
 Reference value :  7.39306e-07
 Reference value :  7.39926e-07
 Reference value :  7.40566e-07
 Reference value :  7.41186e-07
 Reference value :  7.41786e-07
 Reference value :  7.42246e-07
 Reference value :  7.42826e-07
 Reference value :  7.43346e-07
 Reference value :  7.43926e-07
 Reference value :  7.44546e-07
 Reference value :  7.45186e-07
 Reference value :  7.45786e-07
 Reference value :  7.46386e-07
 Reference value :  7.46986e-07
 Reference value :  7.47546e-07
 Reference value :  7.48026e-07
 Reference value :  7.48626e-07
 Reference value :  7.49226e-07
 Reference value :  7.49746e-07
 Reference value :  7.50306e-07
 Reference value :  7.50886e-07
 Reference value :  7.51446e-07
 Reference value :  7.52026e-07
 Reference value :  7.52586e-07
 Reference value :  7.53046e-07
 Reference value :  7.53646e-07
 Reference value :  7.54226e-07
 Reference value :  7.54766e-07
 Reference value :  7.55306e-07
 Reference value :  7.55846e-07
 Reference value :  7.56446e-07
 Reference value :  7.57026e-07
 Reference value :  7.57586e-07
 Reference value :  7.58146e-07
 Reference value :  7.58706e-07
 Reference value :  7.59286e-07
 Reference value :  7.59866e-07
 Reference value :  7.60366e-07
 Reference value :  7.60926e-07
 Reference value :  7.61506e-07
 Reference value :  7.62086e-07
 Reference value :  7.62686e-07
 Reference value :  7.63186e-07
 Reference value :  7.63746e-07
 Reference value :  7.64326e-07
 Reference value :  7.64886e-07
 Reference value :  7.65486e-07
 Reference value :  7.65966e-07
 Reference value :  7.66466e-07
 Reference value :  7.67046e-07
 Reference value :  7.67586e-07
 Reference value :  7.68186e-07
 Reference value :  7.68786e-07
 Reference value :  7.69386e-07
 Reference value :  7.69966e-07
 Reference value :  7.70466e-07
 Reference value :  7.70966e-07
 Reference value :  7.71446e-07
 Reference value :  7.71986e-07
 Reference value :  7.72526e-07
 Reference value :  7.73106e-07
 Reference value :  7.73706e-07
 Reference value :  7.74286e-07
 Reference value :  7.74846e-07
 Reference value :  7.75426e-07
 Reference value :  7.75966e-07
 Reference value :  7.76586e-07
 Reference value :  7.77146e-07
 Reference value :  7.77726e-07
 Reference value :  7.78306e-07
 Reference value :  7.78906e-07
 Reference value :  7.79526e-07
 Reference value :  7.80086e-07
 Reference value :  7.80606e-07
 Reference value :  7.81186e-07
 Reference value :  7.81766e-07
 Reference value :  7.82406e-07
 Reference value :  7.83006e-07
 Reference value :  7.83626e-07
 Reference value :  7.84126e-07
 Reference value :  7.84746e-07
 Reference value :  7.85306e-07
 Reference value :  7.85786e-07
 Reference value :  7.86326e-07
 Reference value :  7.86766e-07
 Reference value :  7.87106e-07
 Reference value :  7.87606e-07
 Reference value :  7.88186e-07
 Reference value :  7.88806e-07
 Reference value :  7.89426e-07
 Reference value :  7.90066e-07
 Reference value :  7.90706e-07
 Reference value :  7.91286e-07
 Reference value :  7.91866e-07
 Reference value :  7.92446e-07
 Reference value :  7.93026e-07
 Reference value :  7.93626e-07
 Reference value :  7.94226e-07
 Reference value :  7.94846e-07
 Reference value :  7.95446e-07
 Reference value :  7.96066e-07
 Reference value :  7.96646e-07
 Reference value :  7.97246e-07
 Reference value :  7.97806e-07
 Reference value :  7.98426e-07
 Reference value :  7.98966e-07
 Reference value :  7.99526e-07
 Reference value :  7.99966e-07
 Reference value :  8.00566e-07
 Reference value :  8.01106e-07
 Reference value :  8.01646e-07
 Reference value :  8.02246e-07
 Reference value :  8.02746e-07
 Reference value :  8.03226e-07
 Reference value :  8.03706e-07
 Reference value :  8.04246e-07
 Reference value :  8.04846e-07
 Reference value :  8.05426e-07
 Reference value :  8.06006e-07
 Reference value :  8.06566e-07
 Reference value :  8.07146e-07
 Reference value :  8.07726e-07
 Reference value :  8.08266e-07
 Reference value :  8.08786e-07
 Reference value :  8.09386e-07
 Reference value :  8.09986e-07
 Reference value :  8.10606e-07
 Reference value :  8.11186e-07
 Reference value :  8.11786e-07
 Reference value :  8.12406e-07
 Reference value :  8.12926e-07
 Reference value :  8.13486e-07
 Reference value :  8.14066e-07
 Reference value :  8.14586e-07
 Reference value :  8.15146e-07
 Reference value :  8.15706e-07
 Reference value :  8.16266e-07
 Reference value :  8.16866e-07
 Reference value :  8.17406e-07
 Reference value :  8.17966e-07
 Reference value :  8.18466e-07
 Reference value :  8.19006e-07
 Reference value :  8.19486e-07
 Reference value :  8.20066e-07
 Reference value :  8.20646e-07
 Reference value :  8.21226e-07
 Reference value :  8.21846e-07
 Reference value :  8.22426e-07
 Reference value :  8.23026e-07
 Reference value :  8.23646e-07
 Reference value :  8.24246e-07
 Reference value :  8.24866e-07
 Reference value :  8.25486e-07
 Reference value :  8.25986e-07
 Reference value :  8.26526e-07
 Reference value :  8.27066e-07
 Reference value :  8.27646e-07
 Reference value :  8.28206e-07
 Reference value :  8.28826e-07
 Reference value :  8.29346e-07
 Reference value :  8.29906e-07
 Reference value :  8.30526e-07
 Reference value :  8.31086e-07
 Reference value :  8.31666e-07
 Reference value :  8.32286e-07
 Reference value :  8.32906e-07
 Reference value :  8.33446e-07
 Reference value :  8.33986e-07
 Reference value :  8.34546e-07
 Reference value :  8.35146e-07
 Reference value :  8.35766e-07
 Reference value :  8.36366e-07
 Reference value :  8.36966e-07
 Reference value :  8.37566e-07
 Reference value :  8.38146e-07
 Reference value :  8.38746e-07
 Reference value :  8.39306e-07
 Reference value :  8.39806e-07
 Reference value :  8.40406e-07
 Reference value :  8.40926e-07
 Reference value :  8.41426e-07
 Reference value :  8.41946e-07
 Reference value :  8.42406e-07
 Reference value :  8.42886e-07
 Reference value :  8.43386e-07
 Reference value :  8.43866e-07
 Reference value :  8.44346e-07
 Reference value :  8.44826e-07
 Reference value :  8.45306e-07
 Reference value :  8.45846e-07
 Reference value :  8.46306e-07
 Reference value :  8.46786e-07
 Reference value :  8.47386e-07
 Reference value :  8.47986e-07
 Reference value :  8.48546e-07
 Reference value :  8.49106e-07
 Reference value :  8.49706e-07
 Reference value :  8.50246e-07
 Reference value :  8.50866e-07
 Reference value :  8.51486e-07
 Reference value :  8.52066e-07
 Reference value :  8.52686e-07
 Reference value :  8.53286e-07
 Reference value :  8.53866e-07
 Reference value :  8.54426e-07
 Reference value :  8.54906e-07
 Reference value :  8.55466e-07
 Reference value :  8.56066e-07
 Reference value :  8.56646e-07
 Reference value :  8.57226e-07
 Reference value :  8.57766e-07
 Reference value :  8.58346e-07
 Reference value :  8.58926e-07
 Reference value :  8.59526e-07
 Reference value :  8.60146e-07
 Reference value :  8.60726e-07
 Reference value :  8.61246e-07
 Reference value :  8.61846e-07
 Reference value :  8.62426e-07
 Reference value :  8.62966e-07
 Reference value :  8.63546e-07
 Reference value :  8.64126e-07
 Reference value :  8.64626e-07
 Reference value :  8.65146e-07
 Reference value :  8.65746e-07
 Reference value :  8.66326e-07
 Reference value :  8.66926e-07
 Reference value :  8.67506e-07
 Reference value :  8.68086e-07
 Reference value :  8.68586e-07
 Reference value :  8.69106e-07
 Reference value :  8.69646e-07
 Reference value :  8.70126e-07
 Reference value :  8.70646e-07
 Reference value :  8.71226e-07
 Reference value :  8.71826e-07
 Reference value :  8.72406e-07
 Reference value :  8.72966e-07
 Reference value :  8.73546e-07
 Reference value :  8.74146e-07
 Reference value :  8.74746e-07
 Reference value :  8.75366e-07
 Reference value :  8.75906e-07
 Reference value :  8.76486e-07
 Reference value :  8.76986e-07
 Reference value :  8.77586e-07
 Reference value :  8.78186e-07
 Reference value :  8.78686e-07
 Reference value :  8.79166e-07
 Reference value :  8.79666e-07
 Reference value :  8.80226e-07
 Reference value :  8.80846e-07
 Reference value :  8.81426e-07
 Reference value :  8.82026e-07
 Reference value :  8.82626e-07
 Reference value :  8.83186e-07
 Reference value :  8.83746e-07
 Reference value :  8.84326e-07
 Reference value :  8.84886e-07
 Reference value :  8.85406e-07
 Reference value :  8.86006e-07
 Reference value :  8.86606e-07
 Reference value :  8.87166e-07
 Reference value :  8.87766e-07
 Reference value :  8.88366e-07
 Reference value :  8.88966e-07
 Reference value :  8.89486e-07
 Reference value :  8.89986e-07
 Reference value :  8.90486e-07
 Reference value :  8.90946e-07
 Reference value :  8.91506e-07
 Reference value :  8.92066e-07
 Reference value :  8.92666e-07
 Reference value :  8.93206e-07
 Reference value :  8.93726e-07
 Reference value :  8.94186e-07
 Reference value :  8.94646e-07
 Reference value :  8.95226e-07
 Reference value :  8.95826e-07
 Reference value :  8.96406e-07
 Reference value :  8.97006e-07
 Reference value :  8.97606e-07
 Reference value :  8.98166e-07
 Reference value :  8.98686e-07
 Reference value :  8.99266e-07
 Reference value :  8.99846e-07
 Reference value :  9.00446e-07
 Reference value :  9.01026e-07
 Reference value :  9.01506e-07
 Reference value :  9.02066e-07
 Reference value :  9.02606e-07
 Reference value :  9.03186e-07
 Reference value :  9.03786e-07
 Reference value :  9.04406e-07
 Reference value :  9.05006e-07
 Reference value :  9.05526e-07
 Reference value :  9.06006e-07
 Reference value :  9.06466e-07
 Reference value :  9.07066e-07
 Reference value :  9.07666e-07
 Reference value :  9.08286e-07
 Reference value :  9.08866e-07
 Reference value :  9.09466e-07
 Reference value :  9.10066e-07
 Reference value :  9.10666e-07
 Reference value :  9.11166e-07
 Reference value :  9.11766e-07
 Reference value :  9.12246e-07
 Reference value :  9.12766e-07
 Reference value :  9.13366e-07
 Reference value :  9.13926e-07
 Reference value :  9.14386e-07
 Reference value :  9.14926e-07
 Reference value :  9.15506e-07
 Reference value :  9.16106e-07
 Reference value :  9.16706e-07
 Reference value :  9.17266e-07
 Reference value :  9.17846e-07
 Reference value :  9.18446e-07
 Reference value :  9.19026e-07
 Reference value :  9.19546e-07
 Reference value :  9.20126e-07
 Reference value :  9.20706e-07
 Reference value :  9.21266e-07
 Reference value :  9.21826e-07
 Reference value :  9.22426e-07
 Reference value :  9.23006e-07
 Reference value :  9.23606e-07
 Reference value :  9.24206e-07
 Reference value :  9.24806e-07
 Reference value :  9.25366e-07
 Reference value :  9.25886e-07
 Reference value :  9.26466e-07
 Reference value :  9.27046e-07
 Reference value :  9.27586e-07
 Reference value :  9.28166e-07
 Reference value :  9.28746e-07
 Reference value :  9.29326e-07
 Reference value :  9.29926e-07
 Reference value :  9.30526e-07
 Reference value :  9.31146e-07
 Reference value :  9.31706e-07
 Reference value :  9.32266e-07
 Reference value :  9.32846e-07
 Reference value :  9.33426e-07
 Reference value :  9.33966e-07
 Reference value :  9.34526e-07
 Reference value :  9.35046e-07
 Reference value :  9.35546e-07
 Reference value :  9.36106e-07
 Reference value :  9.36706e-07
 Reference value :  9.37306e-07
 Reference value :  9.37866e-07
 Reference value :  9.38446e-07
 Reference value :  9.38926e-07
 Reference value :  9.39426e-07
 Reference value :  9.39926e-07
 Reference value :  9.40486e-07
 Reference value :  9.41046e-07
 Reference value :  9.41626e-07
 Reference value :  9.42226e-07
 Reference value :  9.42826e-07
 Reference value :  9.43406e-07
 Reference value :  9.44026e-07
 Reference value :  9.44586e-07
 Reference value :  9.45086e-07
 Reference value :  9.45646e-07
 Reference value :  9.46186e-07
 Reference value :  9.46666e-07
 Reference value :  9.47206e-07
 Reference value :  9.47826e-07
 Reference value :  9.48346e-07
 Reference value :  9.48826e-07
 Reference value :  9.49326e-07
 Reference value :  9.49906e-07
 Reference value :  9.50506e-07
 Reference value :  9.51126e-07
 Reference value :  9.51726e-07
 Reference value :  9.52346e-07
 Reference value :  9.52946e-07
 Reference value :  9.53446e-07
 Reference value :  9.54026e-07
 Reference value :  9.54606e-07
 Reference value :  9.55186e-07
 Reference value :  9.55806e-07
 Reference value :  9.56386e-07
 Reference value :  9.56966e-07
 Reference value :  9.57526e-07
 Reference value :  9.58046e-07
 Reference value :  9.58566e-07
 Reference value :  9.59126e-07
 Reference value :  9.59626e-07
 Reference value :  9.60126e-07
 Reference value :  9.60626e-07
 Reference value :  9.61126e-07
 Reference value :  9.61646e-07
 Reference value :  9.62166e-07
 Reference value :  9.62706e-07
 Reference value :  9.63186e-07
 Reference value :  9.63666e-07
 Reference value :  9.64186e-07
 Reference value :  9.64786e-07
 Reference value :  9.65366e-07
 Reference value :  9.65846e-07
 Reference value :  9.66346e-07
 Reference value :  9.66866e-07
 Reference value :  9.67386e-07
 Reference value :  9.67966e-07
 Reference value :  9.68566e-07
 Reference value :  9.69106e-07
 Reference value :  9.69706e-07
 Reference value :  9.70266e-07
 Reference value :  9.70866e-07
 Reference value :  9.71466e-07
 Reference value :  9.71966e-07
 Reference value :  9.72526e-07
 Reference value :  9.73106e-07
 Reference value :  9.73726e-07
 Reference value :  9.74326e-07
 Reference value :  9.74886e-07
 Reference value :  9.75486e-07
 Reference value :  9.76066e-07
 Reference value :  9.76666e-07
 Reference value :  9.77266e-07
 Reference value :  9.77846e-07
 Reference value :  9.78426e-07
 Reference value :  9.78826e-07
 Reference value :  9.79366e-07
 Reference value :  9.79926e-07
 Reference value :  9.80506e-07
 Reference value :  9.81106e-07
 Reference value :  9.81706e-07
 Reference value :  9.82246e-07
 Reference value :  9.82866e-07
 Reference value :  9.83426e-07
 Reference value :  9.83966e-07
 Reference value :  9.84466e-07
 Reference value :  9.85006e-07
 Reference value :  9.85586e-07
 Reference value :  9.86166e-07
 Reference value :  9.86786e-07
 Reference value :  9.87326e-07
 Reference value :  9.87926e-07
 Reference value :  9.88526e-07
 Reference value :  9.89126e-07
 Reference value :  9.89686e-07
 Reference value :  9.90166e-07
 Reference value :  9.90786e-07
 Reference value :  9.91426e-07
 Reference value :  9.92046e-07
 Reference value :  9.92586e-07
 Reference value :  9.93166e-07
 Reference value :  9.93726e-07
 Reference value :  9.94266e-07
 Reference value :  9.94846e-07
 Reference value :  9.95366e-07
 Reference value :  9.95886e-07
 Reference value :  9.96486e-07
 Reference value :  9.97066e-07
 Reference value :  9.97686e-07
 Reference value :  9.98286e-07
 Reference value :  9.98886e-07
 Reference value :  9.99466e-07
 Reference value :  1.00005e-06
 Reference value :  1.00059e-06
 Reference value :  1.00115e-06
 Reference value :  1.00173e-06
 Reference value :  1.00219e-06
 Reference value :  1.00281e-06
 Reference value :  1.00341e-06
 Reference value :  1.00403e-06
 Reference value :  1.00453e-06
 Reference value :  1.00509e-06
 Reference value :  1.00565e-06
 Reference value :  1.00617e-06
 Reference value :  1.00675e-06
 Reference value :  1.00725e-06
 Reference value :  1.00771e-06
 Reference value :  1.00811e-06
 Reference value :  1.00865e-06
 Reference value :  1.00921e-06
 Reference value :  1.00979e-06
 Reference value :  1.01037e-06
 Reference value :  1.01093e-06
 Reference value :  1.01143e-06
 Reference value :  1.01195e-06
 Reference value :  1.01257e-06
 Reference value :  1.01307e-06
 Reference value :  1.01361e-06
 Reference value :  1.01419e-06
 Reference value :  1.01467e-06
 Reference value :  1.01519e-06
 Reference value :  1.01579e-06
 Reference value :  1.01635e-06
 Reference value :  1.01689e-06
 Reference value :  1.01749e-06
 Reference value :  1.01811e-06
 Reference value :  1.01871e-06
 Reference value :  1.01933e-06
 Reference value :  1.01993e-06
 Reference value :  1.02049e-06
 Reference value :  1.02111e-06
 Reference value :  1.02163e-06
 Reference value :  1.02221e-06
 Reference value :  1.02273e-06
 Reference value :  1.02323e-06
 Reference value :  1.02379e-06
 Reference value :  1.02437e-06
 Reference value :  1.02489e-06
 Reference value :  1.02549e-06
 Reference value :  1.02607e-06
 Reference value :  1.02665e-06
 Reference value :  1.02721e-06
 Reference value :  1.02777e-06
 Reference value :  1.02825e-06
 Reference value :  1.02875e-06
 Reference value :  1.02935e-06
 Reference value :  1.02993e-06
 Reference value :  1.03053e-06
 Reference value :  1.03111e-06
 Reference value :  1.03171e-06
 Reference value :  1.03217e-06
 Reference value :  1.03265e-06
 Reference value :  1.03319e-06
 Reference value :  1.03379e-06
 Reference value :  1.03433e-06
 Reference value :  1.03491e-06
 Reference value :  1.03549e-06
 Reference value :  1.03609e-06
 Reference value :  1.03667e-06
 Reference value :  1.03717e-06
 Reference value :  1.03773e-06
 Reference value :  1.03825e-06
 Reference value :  1.03885e-06
 Reference value :  1.03945e-06
 Reference value :  1.03999e-06
 Reference value :  1.04047e-06
 Reference value :  1.04105e-06
 Reference value :  1.04165e-06
 Reference value :  1.04223e-06
 Reference value :  1.04283e-06
 Reference value :  1.04343e-06
 Reference value :  1.04403e-06
 Reference value :  1.04457e-06
 Reference value :  1.04517e-06
 Reference value :  1.04579e-06
 Reference value :  1.04639e-06
 Reference value :  1.04699e-06
 Reference value :  1.04759e-06
 Reference value :  1.04821e-06
 Reference value :  1.04879e-06
 Reference value :  1.04933e-06
 Reference value :  1.04993e-06
 Reference value :  1.05051e-06
 Reference value :  1.05111e-06
 Reference value :  1.05171e-06
 Reference value :  1.05227e-06
 Reference value :  1.05285e-06
 Reference value :  1.05345e-06
 Reference value :  1.05399e-06
 Reference value :  1.05449e-06
 Reference value :  1.05499e-06
 Reference value :  1.05553e-06
 Reference value :  1.05603e-06
 Reference value :  1.05663e-06
 Reference value :  1.05725e-06
 Reference value :  1.05781e-06
 Reference value :  1.05827e-06
 Reference value :  1.05883e-06
 Reference value :  1.05945e-06
 Reference value :  1.06001e-06
 Reference value :  1.06059e-06
 Reference value :  1.06115e-06
 Reference value :  1.06173e-06
 Reference value :  1.06233e-06
 Reference value :  1.06289e-06
 Reference value :  1.06337e-06
 Reference value :  1.06387e-06
 Reference value :  1.06445e-06
 Reference value :  1.06499e-06
 Reference value :  1.06559e-06
 Reference value :  1.06613e-06
 Reference value :  1.06667e-06
 Reference value :  1.06725e-06
 Reference value :  1.06781e-06
 Reference value :  1.06839e-06
 Reference value :  1.06893e-06
 Reference value :  1.06947e-06
 Reference value :  1.06997e-06
 Reference value :  1.07047e-06
 Reference value :  1.07099e-06
 Reference value :  1.07151e-06
 Reference value :  1.07203e-06
 Reference value :  1.07257e-06
 Reference value :  1.07315e-06
 Reference value :  1.07363e-06
 Reference value :  1.07415e-06
 Reference value :  1.07469e-06
 Reference value :  1.07521e-06
 Reference value :  1.07571e-06
 Reference value :  1.07621e-06
 Reference value :  1.07673e-06
 Reference value :  1.07725e-06
 Reference value :  1.07777e-06
 Reference value :  1.07829e-06
 Reference value :  1.07883e-06
 Reference value :  1.07939e-06
 Reference value :  1.07991e-06
 Reference value :  1.08049e-06
 Reference value :  1.08107e-06
 Reference value :  1.08161e-06
 Reference value :  1.08213e-06
 Reference value :  1.08265e-06
 Reference value :  1.08317e-06
 Reference value :  1.08373e-06
 Reference value :  1.08427e-06
 Reference value :  1.08479e-06
 Reference value :  1.08531e-06
 Reference value :  1.08583e-06
 Reference value :  1.08635e-06
 Reference value :  1.08687e-06
 Reference value :  1.08739e-06
 Reference value :  1.08791e-06
 Reference value :  1.08841e-06
 Reference value :  1.08893e-06
 Reference value :  1.08945e-06
 Reference value :  1.08997e-06
 Reference value :  1.09047e-06
 Reference value :  1.09097e-06
 Reference value :  1.09147e-06
 Reference value :  1.09197e-06
 Reference value :  1.09249e-06
 Reference value :  1.09299e-06
 Reference value :  1.09351e-06
 Reference value :  1.09401e-06
 Reference value :  1.09455e-06
 Reference value :  1.09507e-06
 Reference value :  1.09557e-06
 Reference value :  1.09607e-06
 Reference value :  1.09659e-06
 Reference value :  1.09713e-06
 Reference value :  1.09765e-06
 Reference value :  1.09821e-06
 Reference value :  1.09873e-06
 Reference value :  1.09925e-06
 Reference value :  1.09977e-06
 Reference value :  1.10027e-06
 Reference value :  1.10081e-06
 Reference value :  1.10131e-06
 Reference value :  1.10183e-06
 Reference value :  1.10237e-06
 Reference value :  1.10287e-06
 Reference value :  1.10339e-06
 Reference value :  1.10391e-06
 Reference value :  1.10441e-06
 Reference value :  1.10493e-06
 Reference value :  1.10543e-06
 Reference value :  1.10593e-06
 Reference value :  1.10647e-06
 Reference value :  1.10701e-06
 Reference value :  1.10753e-06
 Reference value :  1.10807e-06
 Reference value :  1.10859e-06
 Reference value :  1.10911e-06
 Reference value :  1.10963e-06
 Reference value :  1.11013e-06
 Reference value :  1.11065e-06
 Reference value :  1.11117e-06
 Reference value :  1.11167e-06
 Reference value :  1.11219e-06
 Reference value :  1.11269e-06
 Reference value :  1.11321e-06
 Reference value :  1.11371e-06
 Reference value :  1.11423e-06
 Reference value :  1.11477e-06
 Reference value :  1.11529e-06
 Reference value :  1.11585e-06
 Reference value :  1.11637e-06
 Reference value :  1.11689e-06
 Reference value :  1.11741e-06
 Reference value :  1.11791e-06
 Reference value :  1.11845e-06
 Reference value :  1.11895e-06
 Reference value :  1.11947e-06
 Reference value :  1.11999e-06
 Reference value :  1.12051e-06
 Reference value :  1.12103e-06
 Reference value :  1.12153e-06
 Reference value :  1.12203e-06
 Reference value :  1.12253e-06
 Reference value :  1.12305e-06
 Reference value :  1.12355e-06
 Reference value :  1.12407e-06
 Reference value :  1.12461e-06
 Reference value :  1.12513e-06
 Reference value :  1.12565e-06
 Reference value :  1.12617e-06
 Reference value :  1.12669e-06
 Reference value :  1.12723e-06
 Reference value :  1.12777e-06
 Reference value :  1.12829e-06
 Reference value :  1.12881e-06
 Reference value :  1.12933e-06
 Reference value :  1.12985e-06
 Reference value :  1.13037e-06
 Reference value :  1.13089e-06
 Reference value :  1.13143e-06
 Reference value :  1.13195e-06
 Reference value :  1.13249e-06
 Reference value :  1.13301e-06
 Reference value :  1.13351e-06
 Reference value :  1.13403e-06
 Reference value :  1.13455e-06
 Reference value :  1.13507e-06
 Reference value :  1.13559e-06
 Reference value :  1.13609e-06
 Reference value :  1.13661e-06
 Reference value :  1.13713e-06
 Reference value :  1.13765e-06
 Reference value :  1.13819e-06
 Reference value :  1.13871e-06
 Reference value :  1.13921e-06
 Reference value :  1.13975e-06
 Reference value :  1.14025e-06
 Reference value :  1.14079e-06
 Reference value :  1.14131e-06
 Reference value :  1.14183e-06
 Reference value :  1.14233e-06
 Reference value :  1.14285e-06
 Reference value :  1.14337e-06
 Reference value :  1.14387e-06
 Reference value :  1.14437e-06
 Reference value :  1.14489e-06
 Reference value :  1.14541e-06
 Reference value :  1.14593e-06
 Reference value :  1.14645e-06
 Reference value :  1.14695e-06
 Reference value :  1.14749e-06
 Reference value :  1.14803e-06
 Reference value :  1.14857e-06
 Reference value :  1.14909e-06
 Reference value :  1.14961e-06
 Reference value :  1.15013e-06
 Reference value :  1.15063e-06
 Reference value :  1.15115e-06
 Reference value :  1.15165e-06
 Reference value :  1.15217e-06
 Reference value :  1.15269e-06
 Reference value :  1.15319e-06
 Reference value :  1.15369e-06
 Reference value :  1.15419e-06
 Reference value :  1.15469e-06
 Reference value :  1.15519e-06
 Reference value :  1.15569e-06
 Reference value :  1.15619e-06
 Reference value :  1.15673e-06
 Reference value :  1.15725e-06
 Reference value :  1.15775e-06
 Reference value :  1.15827e-06
 Reference value :  1.15877e-06
 Reference value :  1.15929e-06
 Reference value :  1.15979e-06
 Reference value :  1.16031e-06
 Reference value :  1.16081e-06
 Reference value :  1.16129e-06
 Reference value :  1.16183e-06
 Reference value :  1.16235e-06
 Reference value :  1.16285e-06
 Reference value :  1.16337e-06
 Reference value :  1.16389e-06
 Reference value :  1.16441e-06
 Reference value :  1.16491e-06
 Reference value :  1.16543e-06
 Reference value :  1.16595e-06
 Reference value :  1.16647e-06
 Reference value :  1.16699e-06
 Reference value :  1.16751e-06
 Reference value :  1.16803e-06
 Reference value :  1.16855e-06
 Reference value :  1.16909e-06
 Reference value :  1.16959e-06
 Reference value :  1.17009e-06
 Reference value :  1.17061e-06
 Reference value :  1.17113e-06
 Reference value :  1.17165e-06
 Reference value :  1.17215e-06
 Reference value :  1.17267e-06
 Reference value :  1.17317e-06
 Reference value :  1.17367e-06
 Reference value :  1.17415e-06
 Reference value :  1.17467e-06
 Reference value :  1.17517e-06
 Reference value :  1.17569e-06
 Reference value :  1.17621e-06
 Reference value :  1.17673e-06
 Reference value :  1.17725e-06
 Reference value :  1.17777e-06
 Reference value :  1.17827e-06
 Reference value :  1.17881e-06
 Reference value :  1.17933e-06
 Reference value :  1.17985e-06
 Reference value :  1.18037e-06
 Reference value :  1.18089e-06
 Reference value :  1.18139e-06
 Reference value :  1.18193e-06
 Reference value :  1.18245e-06
 Reference value :  1.18293e-06
 Reference value :  1.18343e-06
 Reference value :  1.18397e-06
 Reference value :  1.18449e-06
 Reference value :  1.18503e-06
 Reference value :  1.18555e-06
 Reference value :  1.18607e-06
 Reference value :  1.18661e-06
 Reference value :  1.18713e-06
 Reference value :  1.18763e-06
 Reference value :  1.18813e-06
 Reference value :  1.18863e-06
 Reference value :  1.18917e-06
 Reference value :  1.18969e-06
 Reference value :  1.19021e-06
 Reference value :  1.19071e-06
 Reference value :  1.19121e-06
 Reference value :  1.19175e-06
 Reference value :  1.19227e-06
 Reference value :  1.19279e-06
 Reference value :  1.19329e-06
 Reference value :  1.19379e-06
 Reference value :  1.19431e-06
 Reference value :  1.19481e-06
 Reference value :  1.19531e-06
 Reference value :  1.19585e-06
 Reference value :  1.19637e-06
 Reference value :  1.19689e-06
 Reference value :  1.19741e-06
 Reference value :  1.19793e-06
 Reference value :  1.19845e-06
 Reference value :  1.19899e-06
 Reference value :  1.19949e-06
 Reference value :  1.20001e-06
 Reference value :  1.20053e-06
 Reference value :  1.20103e-06
 Reference value :  1.20155e-06
 Reference value :  1.20207e-06
 Reference value :  1.20259e-06
 Reference value :  1.20311e-06
 Reference value :  1.20361e-06
 Reference value :  1.20413e-06
 Reference value :  1.20465e-06
 Reference value :  1.20519e-06
 Reference value :  1.20571e-06
 Reference value :  1.20623e-06
 Reference value :  1.20673e-06
 Reference value :  1.20725e-06
 Reference value :  1.20777e-06
 Reference value :  1.20829e-06
 Reference value :  1.20883e-06
 Reference value :  1.20935e-06
 Reference value :  1.20989e-06
 Reference value :  1.21041e-06
 Reference value :  1.21093e-06
 Reference value :  1.21145e-06
 Reference value :  1.21197e-06
 Reference value :  1.21249e-06
 Reference value :  1.21301e-06
 Reference value :  1.21351e-06
 Reference value :  1.21403e-06
 Reference value :  1.21455e-06
 Reference value :  1.21507e-06
 Reference value :  1.21561e-06
 Reference value :  1.21613e-06
 Reference value :  1.21665e-06
 Reference value :  1.21719e-06
 Reference value :  1.21769e-06
 Reference value :  1.21821e-06
 Reference value :  1.21873e-06
 Reference value :  1.21923e-06
 Reference value :  1.21973e-06
 Reference value :  1.22027e-06
 Reference value :  1.22079e-06
 Reference value :  1.22131e-06
 Reference value :  1.22183e-06
 Reference value :  1.22235e-06
 Reference value :  1.22287e-06
 Reference value :  1.22339e-06
 Reference value :  1.22391e-06
 Reference value :  1.22441e-06
 Reference value :  1.22491e-06
 Reference value :  1.22543e-06
 Reference value :  1.22595e-06
 Reference value :  1.22647e-06
 Reference value :  1.22699e-06
 Reference value :  1.22751e-06
 Reference value :  1.22803e-06
 Reference value :  1.22853e-06
 Reference value :  1.22903e-06
 Reference value :  1.22953e-06
 Reference value :  1.23005e-06
 Reference value :  1.23057e-06
 Reference value :  1.23107e-06
 Reference value :  1.23159e-06
 Reference value :  1.23211e-06
 Reference value :  1.23263e-06
 Reference value :  1.23313e-06
 Reference value :  1.23363e-06
 Reference value :  1.23415e-06
 Reference value :  1.23465e-06
 Reference value :  1.23517e-06
 Reference value :  1.23569e-06
 Reference value :  1.23623e-06
 Reference value :  1.23675e-06
 Reference value :  1.23727e-06
 Reference value :  1.23779e-06
 Reference value :  1.23831e-06
 Reference value :  1.23883e-06
 Reference value :  1.23933e-06
 Reference value :  1.23985e-06
 Reference value :  1.24035e-06
 Reference value :  1.24087e-06
 Reference value :  1.24139e-06
 Reference value :  1.24191e-06
 Reference value :  1.24243e-06
 Reference value :  1.24295e-06
 Reference value :  1.24347e-06
 Reference value :  1.24399e-06
 Reference value :  1.24451e-06
 Reference value :  1.24505e-06
 Reference value :  1.24555e-06
 Reference value :  1.24609e-06
 Reference value :  1.24659e-06
 Reference value :  1.24711e-06
 Reference value :  1.24761e-06
 Reference value :  1.24811e-06
 Reference value :  1.24863e-06
 Reference value :  1.24915e-06
 Reference value :  1.24967e-06
 Reference value :  1.25023e-06
 Reference value :  1.25077e-06
 Reference value :  1.25129e-06
 Reference value :  1.25181e-06
 Reference value :  1.25231e-06
 Reference value :  1.25283e-06
 Reference value :  1.25335e-06
 Reference value :  1.25387e-06
 Reference value :  1.25439e-06
 Reference value :  1.25491e-06
 Reference value :  1.25543e-06
 Reference value :  1.25595e-06
 Reference value :  1.25647e-06
 Reference value :  1.25699e-06
 Reference value :  1.25751e-06
 Reference value :  1.25801e-06
 Reference value :  1.25855e-06
 Reference value :  1.25905e-06
 Reference value :  1.25953e-06
 Reference value :  1.26003e-06
 Reference value :  1.26055e-06
 Reference value :  1.26107e-06
 Reference value :  1.26159e-06
 Reference value :  1.26211e-06
 Reference value :  1.26261e-06
 Reference value :  1.26313e-06
 Reference value :  1.26365e-06
 Reference value :  1.26417e-06
 Reference value :  1.26467e-06
 Reference value :  1.26517e-06
 Reference value :  1.26569e-06
 Reference value :  1.26621e-06
 Reference value :  1.26675e-06
 Reference value :  1.26727e-06
 Reference value :  1.26779e-06
 Reference value :  1.26831e-06
 Reference value :  1.26883e-06
 Reference value :  1.26935e-06
 Reference value :  1.26987e-06
 Reference value :  1.27039e-06
 Reference value :  1.27093e-06
 Reference value :  1.27143e-06
 Reference value :  1.27195e-06
 Reference value :  1.27249e-06
 Reference value :  1.27301e-06
 Reference value :  1.27353e-06
 Reference value :  1.27403e-06
 Reference value :  1.27453e-06
 Reference value :  1.27503e-06
 Reference value :  1.27555e-06
 Reference value :  1.27607e-06
 Reference value :  1.27657e-06
 Reference value :  1.27707e-06
 Reference value :  1.27757e-06
 Reference value :  1.27807e-06
 Reference value :  1.27857e-06
 Reference value :  1.27911e-06
 Reference value :  1.27961e-06
 Reference value :  1.28011e-06
 Reference value :  1.28063e-06
 Reference value :  1.28113e-06
 Reference value :  1.28167e-06
 Reference value :  1.28219e-06
 Reference value :  1.28269e-06
 Reference value :  1.28319e-06
 Reference value :  1.28369e-06
 Reference value :  1.28421e-06
 Reference value :  1.28473e-06
 Reference value :  1.28525e-06
 Reference value :  1.28575e-06
 Reference value :  1.28627e-06
 Reference value :  1.28677e-06
 Reference value :  1.28723e-06
 Reference value :  1.28777e-06
 Reference value :  1.28829e-06
 Reference value :  1.28879e-06
 Reference value :  1.28933e-06
 Reference value :  1.28983e-06
 Reference value :  1.29035e-06
 Reference value :  1.29085e-06
 Reference value :  1.29139e-06
 Reference value :  1.29193e-06
 Reference value :  1.29245e-06
 Reference value :  1.29299e-06
 Reference value :  1.29351e-06
 Reference value :  1.29403e-06
 Reference value :  1.29455e-06
 Reference value :  1.29507e-06
 Reference value :  1.29561e-06
 Reference value :  1.29613e-06
 Reference value :  1.29665e-06
 Reference value :  1.29717e-06
 Reference value :  1.29767e-06
 Reference value :  1.29819e-06
 Reference value :  1.29873e-06
 Reference value :  1.29923e-06
 Reference value :  1.29977e-06
 Reference value :  1.30029e-06
 Reference value :  1.30079e-06
 Reference value :  1.30131e-06
 Reference value :  1.30185e-06
 Reference value :  1.30237e-06
 Reference value :  1.30289e-06
 Reference value :  1.30343e-06
 Reference value :  1.30395e-06
 Reference value :  1.30447e-06
 Reference value :  1.30499e-06
 Reference value :  1.30551e-06
 Reference value :  1.30599e-06
 Reference value :  1.30651e-06
 Reference value :  1.30703e-06
 Reference value :  1.30753e-06
 Reference value :  1.30809e-06
 Reference value :  1.30861e-06
 Reference value :  1.30911e-06
 Reference value :  1.30963e-06
 Reference value :  1.31015e-06
 Reference value :  1.31071e-06
 Reference value :  1.31123e-06
 Reference value :  1.31173e-06
 Reference value :  1.31225e-06
 Reference value :  1.31277e-06
 Reference value :  1.31331e-06
 Reference value :  1.31383e-06
 Reference value :  1.31435e-06
 Reference value :  1.31487e-06
 Reference value :  1.31539e-06
 Reference value :  1.31591e-06
 Reference value :  1.31643e-06
 Reference value :  1.31695e-06
 Reference value :  1.31745e-06
 Reference value :  1.31795e-06
 Reference value :  1.31847e-06
 Reference value :  1.31897e-06
 Reference value :  1.31951e-06
 Reference value :  1.32003e-06
 Reference value :  1.32057e-06
 Reference value :  1.32109e-06
 Reference value :  1.32161e-06
 Reference value :  1.32209e-06
 Reference value :  1.32263e-06
 Reference value :  1.32313e-06
 Reference value :  1.32361e-06
 Reference value :  1.32413e-06
 Reference value :  1.32465e-06
 Reference value :  1.32517e-06
 Reference value :  1.32569e-06
 Reference value :  1.32621e-06
 Reference value :  1.32673e-06
 Reference value :  1.32723e-06
 Reference value :  1.32777e-06
 Reference value :  1.32829e-06
 Reference value :  1.32881e-06
 Reference value :  1.32931e-06
 Reference value :  1.32983e-06
 Reference value :  1.33033e-06
 Reference value :  1.33085e-06
 Reference value :  1.33137e-06
 Reference value :  1.33191e-06
 Reference value :  1.33243e-06
 Reference value :  1.33295e-06
 Reference value :  1.33347e-06
 Reference value :  1.33397e-06
 Reference value :  1.33447e-06
 Reference value :  1.33499e-06
 Reference value :  1.33549e-06
 Reference value :  1.33601e-06
 Reference value :  1.33653e-06
 Reference value :  1.33705e-06
 Reference value :  1.33757e-06
 Reference value :  1.33809e-06
 Reference value :  1.33859e-06
 Reference value :  1.33911e-06
 Reference value :  1.33965e-06
 Reference value :  1.34017e-06
 Reference value :  1.34067e-06
 Reference value :  1.34119e-06
 Reference value :  1.34169e-06
 Reference value :  1.34219e-06
 Reference value :  1.34267e-06
 Reference value :  1.34319e-06
 Reference value :  1.34371e-06
 Reference value :  1.34419e-06
 Reference value :  1.34469e-06
 Reference value :  1.34523e-06
 Reference value :  1.34577e-06
 Reference value :  1.34629e-06
 Reference value :  1.34681e-06
 Reference value :  1.34733e-06
 Reference value :  1.34785e-06
 Reference value :  1.34835e-06
 Reference value :  1.34887e-06
 Reference value :  1.34939e-06
 Reference value :  1.34991e-06
 Reference value :  1.35041e-06
 Reference value :  1.35093e-06
 Reference value :  1.35145e-06
 Reference value :  1.35199e-06
 Reference value :  1.35251e-06
 Reference value :  1.35303e-06
 Reference value :  1.35355e-06
 Reference value :  1.35407e-06
 Reference value :  1.35457e-06
 Reference value :  1.35507e-06
 Reference value :  1.35559e-06
 Reference value :  1.35611e-06
 Reference value :  1.35663e-06
 Reference value :  1.35713e-06
 Reference value :  1.35763e-06
 Reference value :  1.35815e-06
 Reference value :  1.35867e-06
 Reference value :  1.35919e-06
 Reference value :  1.35971e-06
 Reference value :  1.36023e-06
 Reference value :  1.36073e-06
 Reference value :  1.36123e-06
 Reference value :  1.36175e-06
 Reference value :  1.36225e-06
 Reference value :  1.36275e-06
 Reference value :  1.36329e-06
 Reference value :  1.36379e-06
 Reference value :  1.36431e-06
 Reference value :  1.36483e-06
 Reference value :  1.36533e-06
 Reference value :  1.36585e-06
 Reference value :  1.36637e-06
 Reference value :  1.36687e-06
 Reference value :  1.36739e-06
 Reference value :  1.36791e-06
 Reference value :  1.36843e-06
 Reference value :  1.36893e-06
 Reference value :  1.36945e-06
 Reference value :  1.36997e-06
 Reference value :  1.37051e-06
 Reference value :  1.37101e-06
 Reference value :  1.37149e-06
 Reference value :  1.37201e-06
 Reference value :  1.37255e-06
 Reference value :  1.37309e-06
 Reference value :  1.37363e-06
 Reference value :  1.37415e-06
 Reference value :  1.37467e-06
 Reference value :  1.37517e-06
 Reference value :  1.37567e-06
 Reference value :  1.37619e-06
 Reference value :  1.37671e-06
 Reference value :  1.37725e-06
 Reference value :  1.37779e-06
 Reference value :  1.37829e-06
 Reference value :  1.37881e-06
 Reference value :  1.37933e-06
 Reference value :  1.37987e-06
 Reference value :  1.38037e-06
 Reference value :  1.38091e-06
 Reference value :  1.38143e-06
 Reference value :  1.38195e-06
 Reference value :  1.38245e-06
 Reference value :  1.38297e-06
 Reference value :  1.38349e-06
 Reference value :  1.38401e-06
 Reference value :  1.38453e-06
 Reference value :  1.38505e-06
 Reference value :  1.38557e-06
 Reference value :  1.38609e-06
 Reference value :  1.38659e-06
 Reference value :  1.38711e-06
 Reference value :  1.38761e-06
 Reference value :  1.38811e-06
 Reference value :  1.38863e-06
 Reference value :  1.38915e-06
 Reference value :  1.38967e-06
 Reference value :  1.39017e-06
 Reference value :  1.39067e-06
 Reference value :  1.39119e-06
 Reference value :  1.39169e-06
 Reference value :  1.39219e-06
 Reference value :  1.39269e-06
 Reference value :  1.39321e-06
 Reference value :  1.39375e-06
 Reference value :  1.39425e-06
 Reference value :  1.39475e-06
 Reference value :  1.39529e-06
 Reference value :  1.39581e-06
 Reference value :  1.39633e-06
 Reference value :  1.39685e-06
 Reference value :  1.39737e-06
 Reference value :  1.39787e-06
 Reference value :  1.39837e-06
 Reference value :  1.39891e-06
 Reference value :  1.39941e-06
 Reference value :  1.39991e-06
 Reference value :  1.40043e-06
 Reference value :  1.40095e-06
 Reference value :  1.40147e-06
 Reference value :  1.40197e-06
 Reference value :  1.40247e-06
 Reference value :  1.40299e-06
 Reference value :  1.40351e-06
 Reference value :  1.40401e-06
 Reference value :  1.40451e-06
 Reference value :  1.40505e-06
 Reference value :  1.40555e-06
 Reference value :  1.40607e-06
 Reference value :  1.40657e-06
 Reference value :  1.40711e-06
 Reference value :  1.40765e-06
 Reference value :  1.40817e-06
 Reference value :  1.40869e-06
 Reference value :  1.40919e-06
 Reference value :  1.40973e-06
 Reference value :  1.41025e-06
 Reference value :  1.41077e-06
 Reference value :  1.41127e-06
 Reference value :  1.41179e-06
 Reference value :  1.41231e-06
 Reference value :  1.41279e-06
 Reference value :  1.41333e-06
 Reference value :  1.41387e-06
 Reference value :  1.41441e-06
 Reference value :  1.41495e-06
 Reference value :  1.41547e-06
 Reference value :  1.41599e-06
 Reference value :  1.41653e-06
 Reference value :  1.41705e-06
 Reference value :  1.41755e-06
 Reference value :  1.41803e-06
 Reference value :  1.41853e-06
 Reference value :  1.41907e-06
 Reference value :  1.41961e-06
 Reference value :  1.42013e-06
 Reference value :  1.42063e-06
 Reference value :  1.42115e-06
 Reference value :  1.42167e-06
 Reference value :  1.42219e-06
 Reference value :  1.42269e-06
 Reference value :  1.42321e-06
 Reference value :  1.42371e-06
 Reference value :  1.42421e-06
 Reference value :  1.42473e-06
 Reference value :  1.42523e-06
 Reference value :  1.42575e-06
 Reference value :  1.42625e-06
 Reference value :  1.42675e-06
 Reference value :  1.42727e-06
 Reference value :  1.42777e-06
 Reference value :  1.42825e-06
 Reference value :  1.42877e-06
 Reference value :  1.42929e-06
 Reference value :  1.42979e-06
 Reference value :  1.43029e-06
 Reference value :  1.43081e-06
 Reference value :  1.43133e-06
 Reference value :  1.43181e-06
 Reference value :  1.43233e-06
 Reference value :  1.43283e-06
 Reference value :  1.43335e-06
 Reference value :  1.43389e-06
 Reference value :  1.43441e-06
 Reference value :  1.43491e-06
 Reference value :  1.43543e-06
 Reference value :  1.43595e-06
 Reference value :  1.43647e-06
 Reference value :  1.43697e-06
 Reference value :  1.43745e-06
 Reference value :  1.43797e-06
 Reference value :  1.43851e-06
 Reference value :  1.43901e-06
 Reference value :  1.43955e-06
 Reference value :  1.44007e-06
 Reference value :  1.44061e-06
 Reference value :  1.44113e-06
 Reference value :  1.44165e-06
 Reference value :  1.44217e-06
 Reference value :  1.44269e-06
 Reference value :  1.44321e-06
 Reference value :  1.44373e-06
 Reference value :  1.44425e-06
 Reference value :  1.44475e-06
 Reference value :  1.44525e-06
 Reference value :  1.44577e-06
 Reference value :  1.44629e-06
 Reference value :  1.44683e-06
 Reference value :  1.44733e-06
 Reference value :  1.44783e-06
 Reference value :  1.44835e-06
 Reference value :  1.44885e-06
 Reference value :  1.44937e-06
 Reference value :  1.44989e-06
 Reference value :  1.45041e-06
 Reference value :  1.45095e-06
 Reference value :  1.45145e-06
 Reference value :  1.45197e-06
 Reference value :  1.45249e-06
 Reference value :  1.45301e-06
 Reference value :  1.45355e-06
 Reference value :  1.45405e-06
 Reference value :  1.45457e-06
 Reference value :  1.45507e-06
 Reference value :  1.45559e-06
 Reference value :  1.45607e-06
 Reference value :  1.45659e-06
 Reference value :  1.45711e-06
 Reference value :  1.45761e-06
 Reference value :  1.45813e-06
 Reference value :  1.45861e-06
 Reference value :  1.45913e-06
 Reference value :  1.45965e-06
 Reference value :  1.46017e-06
 Reference value :  1.46071e-06
 Reference value :  1.46123e-06
 Reference value :  1.46175e-06
 Reference value :  1.46227e-06
 Reference value :  1.46279e-06
 Reference value :  1.46331e-06
 Reference value :  1.46381e-06
 Reference value :  1.46433e-06
 Reference value :  1.46485e-06
 Reference value :  1.46537e-06
 Reference value :  1.46589e-06
 Reference value :  1.46639e-06
 Reference value :  1.46693e-06
 Reference value :  1.46745e-06
 Reference value :  1.46799e-06
 Reference value :  1.46851e-06
 Reference value :  1.46905e-06
 Reference value :  1.46955e-06
 Reference value :  1.47005e-06
 Reference value :  1.47059e-06
 Reference value :  1.47107e-06
 Reference value :  1.47157e-06
 Reference value :  1.47207e-06
 Reference value :  1.47259e-06
 Reference value :  1.47311e-06
 Reference value :  1.47365e-06
 Reference value :  1.47417e-06
 Reference value :  1.47467e-06
 Reference value :  1.47517e-06
 Reference value :  1.47569e-06
 Reference value :  1.47619e-06
 Reference value :  1.47671e-06
 Reference value :  1.47723e-06
 Reference value :  1.47773e-06
 Reference value :  1.47823e-06
 Reference value :  1.47875e-06
 Reference value :  1.47925e-06
 Reference value :  1.47975e-06
 Reference value :  1.48025e-06
 Reference value :  1.48079e-06
 Reference value :  1.48131e-06
 Reference value :  1.48181e-06
 Reference value :  1.48233e-06
 Reference value :  1.48285e-06
 Reference value :  1.48339e-06
 Reference value :  1.48389e-06
 Reference value :  1.48439e-06
 Reference value :  1.48491e-06
 Reference value :  1.48541e-06
 Reference value :  1.48593e-06
 Reference value :  1.48645e-06
 Reference value :  1.48695e-06
 Reference value :  1.48749e-06
 Reference value :  1.48797e-06
 Reference value :  1.48849e-06
 Reference value :  1.48899e-06
 Reference value :  1.48949e-06
 Reference value :  1.49001e-06
 Reference value :  1.49051e-06
 Reference value :  1.49103e-06
 Reference value :  1.49157e-06
 Reference value :  1.49209e-06
 Reference value :  1.49261e-06
 Reference value :  1.49313e-06
 Reference value :  1.49363e-06
 Reference value :  1.49415e-06
 Reference value :  1.49467e-06
 Reference value :  1.49519e-06
 Reference value :  1.49569e-06
 Reference value :  1.49617e-06
 Reference value :  1.49669e-06
 Reference value :  1.49721e-06
 Reference value :  1.49771e-06
 Reference value :  1.49825e-06
 Reference value :  1.49877e-06
 Reference value :  1.49927e-06
 Reference value :  1.49979e-06
 Reference value :  1.50033e-06
 Reference value :  1.50083e-06
 Reference value :  1.50135e-06
 Reference value :  1.50185e-06
 Reference value :  1.50237e-06
 Reference value :  1.50289e-06
 Reference value :  1.50339e-06
 Reference value :  1.50391e-06
 Reference value :  1.50441e-06
 Reference value :  1.50491e-06
 Reference value :  1.50543e-06
 Reference value :  1.50593e-06
 Reference value :  1.50643e-06
 Reference value :  1.50693e-06
 Reference value :  1.50745e-06
 Reference value :  1.50795e-06
 Reference value :  1.50847e-06
 Reference value :  1.50901e-06
 Reference value :  1.50953e-06
 Reference value :  1.51005e-06
 Reference value :  1.51057e-06
 Reference value :  1.51107e-06
 Reference value :  1.51159e-06
 Reference value :  1.51209e-06
 Reference value :  1.51259e-06
 Reference value :  1.51311e-06
 Reference value :  1.51359e-06
 Reference value :  1.51411e-06
 Reference value :  1.51459e-06
 Reference value :  1.51511e-06
 Reference value :  1.51561e-06
 Reference value :  1.51611e-06
 Reference value :  1.51661e-06
 Reference value :  1.51711e-06
 Reference value :  1.51763e-06
 Reference value :  1.51815e-06
 Reference value :  1.51867e-06
 Reference value :  1.51919e-06
 Reference value :  1.51971e-06
 Reference value :  1.52021e-06
 Reference value :  1.52069e-06
 Reference value :  1.52119e-06
 Reference value :  1.52171e-06
 Reference value :  1.52223e-06
 Reference value :  1.52273e-06
 Reference value :  1.52323e-06
 Reference value :  1.52375e-06
 Reference value :  1.52429e-06
 Reference value :  1.52477e-06
 Reference value :  1.52527e-06
 Reference value :  1.52577e-06
 Reference value :  1.52629e-06
 Reference value :  1.52679e-06
 Reference value :  1.52731e-06
 Reference value :  1.52783e-06
 Reference value :  1.52835e-06
 Reference value :  1.52889e-06
 Reference value :  1.52939e-06
 Reference value :  1.52991e-06
 Reference value :  1.53043e-06
 Reference value :  1.53093e-06
 Reference value :  1.53143e-06
 Reference value :  1.53191e-06
 Reference value :  1.53241e-06
 Reference value :  1.53291e-06
 Reference value :  1.53341e-06
 Reference value :  1.53393e-06
 Reference value :  1.53445e-06
 Reference value :  1.53497e-06
 Reference value :  1.53549e-06
 Reference value :  1.53597e-06
 Reference value :  1.53651e-06
 Reference value :  1.53703e-06
 Reference value :  1.53755e-06
 Reference value :  1.53805e-06
 Reference value :  1.53857e-06
 Reference value :  1.53907e-06
 Reference value :  1.53961e-06
 Reference value :  1.54013e-06
 Reference value :  1.54063e-06
 Reference value :  1.54115e-06
 Reference value :  1.54165e-06
 Reference value :  1.54217e-06
 Reference value :  1.54267e-06
 Reference value :  1.54319e-06
 Reference value :  1.54371e-06
 Reference value :  1.54423e-06
 Reference value :  1.54475e-06
 Reference value :  1.54525e-06
 Reference value :  1.54579e-06
 Reference value :  1.54631e-06
 Reference value :  1.54681e-06
 Reference value :  1.54733e-06
 Reference value :  1.54785e-06
 Reference value :  1.54837e-06
 Reference value :  1.54887e-06
 Reference value :  1.54939e-06
 Reference value :  1.54989e-06
 Reference value :  1.55041e-06
 Reference value :  1.55093e-06
 Reference value :  1.55145e-06
 Reference value :  1.55197e-06
 Reference value :  1.55249e-06
 Reference value :  1.55299e-06
 Reference value :  1.55351e-06
 Reference value :  1.55401e-06
 Reference value :  1.55453e-06
 Reference value :  1.55507e-06
 Reference value :  1.55555e-06
 Reference value :  1.55607e-06
 Reference value :  1.55659e-06
 Reference value :  1.55711e-06
 Reference value :  1.55763e-06
 Reference value :  1.55817e-06
 Reference value :  1.55867e-06
 Reference value :  1.55917e-06
 Reference value :  1.55967e-06
 Reference value :  1.56017e-06
 Reference value :  1.56067e-06
 Reference value :  1.56119e-06
 Reference value :  1.56171e-06
 Reference value :  1.56225e-06
 Reference value :  1.56275e-06
 Reference value :  1.56327e-06
 Reference value :  1.56379e-06
 Reference value :  1.56431e-06
 Reference value :  1.56481e-06
 Reference value :  1.56533e-06
 Reference value :  1.56587e-06
 Reference value :  1.56639e-06
 Reference value :  1.56689e-06
 Reference value :  1.56741e-06
 Reference value :  1.56791e-06
 Reference value :  1.56843e-06
 Reference value :  1.56893e-06
 Reference value :  1.56945e-06
 Reference value :  1.56995e-06
 Reference value :  1.57047e-06
 Reference value :  1.57097e-06
 Reference value :  1.57145e-06
 Reference value :  1.57195e-06
 Reference value :  1.57247e-06
 Reference value :  1.57299e-06
 Reference value :  1.57349e-06
 Reference value :  1.57401e-06
 Reference value :  1.57451e-06
 Reference value :  1.57503e-06
 Reference value :  1.57559e-06
 Reference value :  1.57609e-06
 Reference value :  1.57661e-06
 Reference value :  1.57711e-06
 Reference value :  1.57763e-06
 Reference value :  1.57815e-06
 Reference value :  1.57867e-06
 Reference value :  1.57919e-06
 Reference value :  1.57971e-06
 Reference value :  1.58023e-06
 Reference value :  1.58075e-06
 Reference value :  1.58125e-06
 Reference value :  1.58175e-06
 Reference value :  1.58225e-06
 Reference value :  1.58277e-06
 Reference value :  1.58327e-06
 Reference value :  1.58377e-06
 Reference value :  1.58429e-06
 Reference value :  1.58481e-06
 Reference value :  1.58535e-06
 Reference value :  1.58585e-06
 Reference value :  1.58637e-06
 Reference value :  1.58683e-06
 Reference value :  1.58733e-06
 Reference value :  1.58785e-06
 Reference value :  1.58837e-06
 Reference value :  1.58887e-06
 Reference value :  1.58939e-06
 Reference value :  1.58989e-06
 Reference value :  1.59039e-06
 Reference value :  1.59091e-06
 Reference value :  1.59143e-06
 Reference value :  1.59195e-06
 Reference value :  1.59245e-06
 Reference value :  1.59295e-06
 Reference value :  1.59347e-06
 Reference value :  1.59399e-06
 Reference value :  1.59449e-06
 Reference value :  1.59499e-06
 Reference value :  1.59551e-06
 Reference value :  1.59603e-06
 Reference value :  1.59649e-06
 Reference value :  1.59701e-06
 Reference value :  1.59753e-06
 Reference value :  1.59803e-06
 Reference value :  1.59855e-06
 Reference value :  1.59907e-06
 Reference value :  1.59955e-06
 Reference value :  1.60007e-06
 Reference value :  1.60059e-06
 Reference value :  1.60111e-06
 Reference value :  1.60161e-06
 Reference value :  1.60213e-06
 Reference value :  1.60265e-06
 Reference value :  1.60317e-06
 Reference value :  1.60371e-06
 Reference value :  1.60423e-06
 Reference value :  1.60475e-06
 Reference value :  1.60527e-06
 Reference value :  1.60579e-06
 Reference value :  1.60629e-06
 Reference value :  1.60679e-06
 Reference value :  1.60731e-06
 Reference value :  1.60781e-06
 Reference value :  1.60831e-06
 Reference value :  1.60883e-06
 Reference value :  1.60933e-06
 Reference value :  1.60985e-06
 Reference value :  1.61037e-06
 Reference value :  1.61089e-06
 Reference value :  1.61141e-06
 Reference value :  1.61195e-06
 Reference value :  1.61247e-06
 Reference value :  1.61301e-06
 Reference value :  1.61353e-06
 Reference value :  1.61407e-06
 Reference value :  1.61457e-06
 Reference value :  1.61507e-06
 Reference value :  1.61557e-06
 Reference value :  1.61607e-06
 Reference value :  1.61655e-06
 Reference value :  1.61707e-06
 Reference value :  1.61759e-06
 Reference value :  1.61809e-06
 Reference value :  1.61863e-06
 Reference value :  1.61915e-06
 Reference value :  1.61963e-06
 Reference value :  1.62017e-06
 Reference value :  1.62069e-06
 Reference value :  1.62121e-06
 Reference value :  1.62173e-06
 Reference value :  1.62225e-06
 Reference value :  1.62279e-06
 Reference value :  1.62331e-06
 Reference value :  1.62385e-06
 Reference value :  1.62435e-06
 Reference value :  1.62487e-06
 Reference value :  1.62539e-06
 Reference value :  1.62591e-06
 Reference value :  1.62641e-06
 Reference value :  1.62691e-06
 Reference value :  1.62743e-06
 Reference value :  1.62795e-06
 Reference value :  1.62845e-06
 Reference value :  1.62895e-06
 Reference value :  1.62945e-06
 Reference value :  1.62995e-06
 Reference value :  1.63045e-06
 Reference value :  1.63097e-06
 Reference value :  1.63151e-06
 Reference value :  1.63201e-06
 Reference value :  1.63255e-06
 Reference value :  1.63309e-06
 Reference value :  1.63361e-06
 Reference value :  1.63413e-06
 Reference value :  1.63463e-06
 Reference value :  1.63515e-06
 Reference value :  1.63565e-06
 Reference value :  1.63615e-06
 Reference value :  1.63665e-06
 Reference value :  1.63719e-06
 Reference value :  1.63773e-06
 Reference value :  1.63821e-06
 Reference value :  1.63873e-06
 Reference value :  1.63925e-06
 Reference value :  1.63975e-06
 Reference value :  1.64027e-06
 Reference value :  1.64077e-06
 Reference value :  1.64129e-06
 Reference value :  1.64179e-06
 Reference value :  1.64231e-06
 Reference value :  1.64281e-06
 Reference value :  1.64333e-06
 Reference value :  1.64385e-06
 Reference value :  1.64435e-06
 Reference value :  1.64487e-06
 Reference value :  1.64537e-06
 Reference value :  1.64587e-06
 Reference value :  1.64637e-06
 Reference value :  1.64689e-06
 Reference value :  1.64741e-06
 Reference value :  1.64793e-06
 Reference value :  1.64845e-06
 Reference value :  1.64895e-06
 Reference value :  1.64945e-06
 Reference value :  1.64999e-06
 Reference value :  1.65051e-06
 Reference value :  1.65101e-06
 Reference value :  1.65153e-06
 Reference value :  1.65205e-06
 Reference value :  1.65255e-06
 Reference value :  1.65305e-06
 Reference value :  1.65357e-06
 Reference value :  1.65409e-06
 Reference value :  1.65461e-06
 Reference value :  1.65513e-06
 Reference value :  1.65565e-06
 Reference value :  1.65617e-06
 Reference value :  1.65669e-06
 Reference value :  1.65719e-06
 Reference value :  1.65769e-06
 Reference value :  1.65821e-06
 Reference value :  1.65871e-06
 Reference value :  1.65919e-06
 Reference value :  1.65971e-06
 Reference value :  1.66025e-06
 Reference value :  1.66077e-06
 Reference value :  1.66129e-06
 Reference value :  1.66181e-06
 Reference value :  1.66235e-06
 Reference value :  1.66287e-06
 Reference value :  1.66339e-06
 Reference value :  1.66391e-06
 Reference value :  1.66443e-06
 Reference value :  1.66493e-06
 Reference value :  1.66541e-06
 Reference value :  1.66591e-06
 Reference value :  1.66643e-06
 Reference value :  1.66695e-06
 Reference value :  1.66747e-06
 Reference value :  1.66801e-06
 Reference value :  1.66853e-06
 Reference value :  1.66905e-06
 Reference value :  1.66957e-06
 Reference value :  1.67009e-06
 Reference value :  1.67059e-06
 Reference value :  1.67107e-06
 Reference value :  1.67157e-06
 Reference value :  1.67207e-06
 Reference value :  1.67259e-06
 Reference value :  1.67311e-06
 Reference value :  1.67361e-06
 Reference value :  1.67411e-06
 Reference value :  1.67463e-06
 Reference value :  1.67515e-06
 Reference value :  1.67567e-06
 Reference value :  1.67617e-06
 Reference value :  1.67667e-06
 Reference value :  1.67719e-06
 Reference value :  1.67773e-06
 Reference value :  1.67827e-06
 Reference value :  1.67881e-06
 Reference value :  1.67931e-06
 Reference value :  1.67979e-06
 Reference value :  1.68029e-06
 Reference value :  1.68081e-06
 Reference value :  1.68133e-06
 Reference value :  1.68185e-06
 Reference value :  1.68237e-06
 Reference value :  1.68289e-06
 Reference value :  1.68339e-06
 Reference value :  1.68391e-06
 Reference value :  1.68443e-06
 Reference value :  1.68493e-06
 Reference value :  1.68545e-06
 Reference value :  1.68597e-06
 Reference value :  1.68649e-06
 Reference value :  1.68697e-06
 Reference value :  1.68747e-06
 Reference value :  1.68799e-06
 Reference value :  1.68851e-06
 Reference value :  1.68903e-06
 Reference value :  1.68955e-06
 Reference value :  1.69007e-06
 Reference value :  1.69057e-06
 Reference value :  1.69107e-06
 Reference value :  1.69157e-06
 Reference value :  1.69209e-06
 Reference value :  1.69261e-06
 Reference value :  1.69315e-06
 Reference value :  1.69367e-06
 Reference value :  1.69419e-06
 Reference value :  1.69473e-06
 Reference value :  1.69525e-06
 Reference value :  1.69577e-06
 Reference value :  1.69629e-06
 Reference value :  1.69679e-06
 Reference value :  1.69729e-06
 Reference value :  1.69779e-06
 Reference value :  1.69831e-06
 Reference value :  1.69885e-06
 Reference value :  1.69937e-06
 Reference value :  1.69987e-06
 Reference value :  1.70037e-06
 Reference value :  1.70089e-06
 Reference value :  1.70141e-06
 Reference value :  1.70191e-06
 Reference value :  1.70241e-06
 Reference value :  1.70293e-06
 Reference value :  1.70347e-06
 Reference value :  1.70397e-06
 Reference value :  1.70447e-06
 Reference value :  1.70497e-06
 Reference value :  1.70549e-06
 Reference value :  1.70601e-06
 Reference value :  1.70653e-06
 Reference value :  1.70707e-06
 Reference value :  1.70759e-06
 Reference value :  1.70811e-06
 Reference value :  1.70863e-06
 Reference value :  1.70915e-06
 Reference value :  1.70969e-06
 Reference value :  1.71021e-06
 Reference value :  1.71071e-06
 Reference value :  1.71123e-06
 Reference value :  1.71175e-06
 Reference value :  1.71227e-06
 Reference value :  1.71275e-06
 Reference value :  1.71327e-06
 Reference value :  1.71377e-06
 Reference value :  1.71429e-06
 Reference value :  1.71481e-06
 Reference value :  1.71533e-06
 Reference value :  1.71583e-06
 Reference value :  1.71635e-06
 Reference value :  1.71687e-06
 Reference value :  1.71739e-06
 Reference value :  1.71789e-06
 Reference value :  1.71841e-06
 Reference value :  1.71893e-06
 Reference value :  1.71943e-06
 Reference value :  1.71993e-06
 Reference value :  1.72043e-06
 Reference value :  1.72097e-06
 Reference value :  1.72145e-06
 Reference value :  1.72197e-06
 Reference value :  1.72251e-06
 Reference value :  1.72303e-06
 Reference value :  1.72357e-06
 Reference value :  1.72407e-06
 Reference value :  1.72463e-06
 Reference value :  1.72515e-06
 Reference value :  1.72567e-06
 Reference value :  1.72617e-06
 Reference value :  1.72667e-06
 Reference value :  1.72719e-06
 Reference value :  1.72771e-06
 Reference value :  1.72823e-06
 Reference value :  1.72873e-06
 Reference value :  1.72925e-06
 Reference value :  1.72977e-06
 Reference value :  1.73029e-06
 Reference value :  1.73079e-06
 Reference value :  1.73131e-06
 Reference value :  1.73179e-06
 Reference value :  1.73231e-06
 Reference value :  1.73283e-06
 Reference value :  1.73335e-06
 Reference value :  1.73383e-06
 Reference value :  1.73437e-06
 Reference value :  1.73489e-06
 Reference value :  1.73541e-06
 Reference value :  1.73593e-06
 Reference value :  1.73645e-06
 Reference value :  1.73697e-06
 Reference value :  1.73749e-06
 Reference value :  1.73799e-06
 Reference value :  1.73851e-06
 Reference value :  1.73903e-06
 Reference value :  1.73957e-06
 Reference value :  1.74009e-06
 Reference value :  1.74057e-06
 Reference value :  1.74109e-06
 Reference value :  1.74161e-06
 Reference value :  1.74213e-06
 Reference value :  1.74265e-06
 Reference value :  1.74315e-06
 Reference value :  1.74365e-06
 Reference value :  1.74415e-06
 Reference value :  1.74469e-06
 Reference value :  1.74523e-06
 Reference value :  1.74571e-06
 Reference value :  1.74621e-06
 Reference value :  1.74671e-06
 Reference value :  1.74723e-06
 Reference value :  1.74777e-06
 Reference value :  1.74829e-06
 Reference value :  1.74879e-06
 Reference value :  1.74931e-06
 Reference value :  1.74983e-06
 Reference value :  1.75035e-06
 Reference value :  1.75087e-06
 Reference value :  1.75139e-06
 Reference value :  1.75191e-06
 Reference value :  1.75243e-06
 Reference value :  1.75295e-06
 Reference value :  1.75349e-06
 Reference value :  1.75401e-06
 Reference value :  1.75451e-06
 Reference value :  1.75505e-06
 Reference value :  1.75555e-06
 Reference value :  1.75607e-06
 Reference value :  1.75661e-06
 Reference value :  1.75715e-06
 Reference value :  1.75767e-06
 Reference value :  1.75815e-06
 Reference value :  1.75867e-06
 Reference value :  1.75919e-06
 Reference value :  1.75971e-06
 Reference value :  1.76023e-06
 Reference value :  1.76073e-06
 Reference value :  1.76125e-06
 Reference value :  1.76177e-06
 Reference value :  1.76229e-06
 Reference value :  1.76281e-06
 Reference value :  1.76333e-06
 Reference value :  1.76385e-06
 Reference value :  1.76437e-06
 Reference value :  1.76489e-06
 Reference value :  1.76539e-06
 Reference value :  1.76591e-06
 Reference value :  1.76643e-06
 Reference value :  1.76695e-06
 Reference value :  1.76745e-06
 Reference value :  1.76795e-06
 Reference value :  1.76847e-06
 Reference value :  1.76897e-06
 Reference value :  1.76949e-06
 Reference value :  1.76999e-06
 Reference value :  1.77053e-06
 Reference value :  1.77105e-06
 Reference value :  1.77157e-06
 Reference value :  1.77207e-06
 Reference value :  1.77259e-06
 Reference value :  1.77311e-06
 Reference value :  1.77363e-06
 Reference value :  1.77415e-06
 Reference value :  1.77465e-06
 Reference value :  1.77517e-06
 Reference value :  1.77571e-06
 Reference value :  1.77621e-06
 Reference value :  1.77673e-06
 Reference value :  1.77723e-06
 Reference value :  1.77773e-06
 Reference value :  1.77825e-06
 Reference value :  1.77877e-06
 Reference value :  1.77929e-06
 Reference value :  1.77981e-06
 Reference value :  1.78031e-06
 Reference value :  1.78083e-06
 Reference value :  1.78133e-06
 Reference value :  1.78183e-06
 Reference value :  1.78235e-06
 Reference value :  1.78289e-06
 Reference value :  1.78339e-06
 Reference value :  1.78393e-06
 Reference value :  1.78443e-06
 Reference value :  1.78495e-06
 Reference value :  1.78547e-06
 Reference value :  1.78599e-06
 Reference value :  1.78649e-06
 Reference value :  1.78699e-06
 Reference value :  1.78751e-06
 Reference value :  1.78803e-06
 Reference value :  1.78855e-06
 Reference value :  1.78907e-06
 Reference value :  1.78959e-06
 Reference value :  1.79009e-06
 Reference value :  1.79061e-06
 Reference value :  1.79115e-06
 Reference value :  1.79165e-06
 Reference value :  1.79215e-06
 Reference value :  1.79267e-06
 Reference value :  1.79317e-06
 Reference value :  1.79367e-06
 Reference value :  1.79419e-06
 Reference value :  1.79471e-06
 Reference value :  1.79521e-06
 Reference value :  1.79571e-06
 Reference value :  1.79621e-06
 Reference value :  1.79673e-06
 Reference value :  1.79723e-06
 Reference value :  1.79775e-06
 Reference value :  1.79827e-06
 Reference value :  1.79879e-06
 Reference value :  1.79929e-06
 Reference value :  1.79981e-06
 Reference value :  1.80035e-06
 Reference value :  1.80085e-06
 Reference value :  1.80137e-06
 Reference value :  1.80187e-06
 Reference value :  1.80239e-06
 Reference value :  1.80287e-06
 Reference value :  1.80341e-06
 Reference value :  1.80391e-06
 Reference value :  1.80441e-06
 Reference value :  1.80493e-06
 Reference value :  1.80547e-06
 Reference value :  1.80601e-06
 Reference value :  1.80655e-06
 Reference value :  1.80707e-06
 Reference value :  1.80757e-06
 Reference value :  1.80809e-06
 Reference value :  1.80859e-06
 Reference value :  1.80911e-06
 Reference value :  1.80961e-06
 Reference value :  1.81011e-06
 Reference value :  1.81063e-06
 Reference value :  1.81117e-06
 Reference value :  1.81167e-06
 Reference value :  1.81219e-06
 Reference value :  1.81269e-06
 Reference value :  1.81323e-06
 Reference value :  1.81375e-06
 Reference value :  1.81427e-06
 Reference value :  1.81479e-06
 Reference value :  1.81533e-06
 Reference value :  1.81585e-06
 Reference value :  1.81635e-06
 Reference value :  1.81685e-06
 Reference value :  1.81737e-06
 Reference value :  1.81789e-06
 Reference value :  1.81841e-06
 Reference value :  1.81891e-06
 Reference value :  1.81943e-06
 Reference value :  1.81993e-06
 Reference value :  1.82045e-06
 Reference value :  1.82101e-06
 Reference value :  1.82151e-06
 Reference value :  1.82205e-06
 Reference value :  1.82257e-06
 Reference value :  1.82309e-06
 Reference value :  1.82361e-06
 Reference value :  1.82413e-06
 Reference value :  1.82465e-06
 Reference value :  1.82515e-06
 Reference value :  1.82567e-06
 Reference value :  1.82617e-06
 Reference value :  1.82669e-06
 Reference value :  1.82719e-06
 Reference value :  1.82773e-06
 Reference value :  1.82825e-06
 Reference value :  1.82879e-06
 Reference value :  1.82935e-06
 Reference value :  1.82985e-06
 Reference value :  1.83035e-06
 Reference value :  1.83087e-06
 Reference value :  1.83139e-06
 Reference value :  1.83191e-06
 Reference value :  1.83241e-06
 Reference value :  1.83293e-06
 Reference value :  1.83343e-06
 Reference value :  1.83395e-06
 Reference value :  1.83449e-06
 Reference value :  1.83499e-06
 Reference value :  1.83551e-06
 Reference value :  1.83601e-06
 Reference value :  1.83651e-06
 Reference value :  1.83703e-06
 Reference value :  1.83757e-06
 Reference value :  1.83811e-06
 Reference value :  1.83865e-06
 Reference value :  1.83919e-06
 Reference value :  1.83967e-06
 Reference value :  1.84019e-06
 Reference value :  1.84069e-06
 Reference value :  1.84123e-06
 Reference value :  1.84173e-06
 Reference value :  1.84227e-06
 Reference value :  1.84279e-06
 Reference value :  1.84333e-06
 Reference value :  1.84383e-06
 Reference value :  1.84435e-06
 Reference value :  1.84487e-06
 Reference value :  1.84537e-06
 Reference value :  1.84589e-06
 Reference value :  1.84641e-06
 Reference value :  1.84691e-06
 Reference value :  1.84743e-06
 Reference value :  1.84793e-06
 Reference value :  1.84847e-06
 Reference value :  1.84897e-06
 Reference value :  1.84949e-06
 Reference value :  1.85001e-06
 Reference value :  1.85053e-06
 Reference value :  1.85105e-06
 Reference value :  1.85157e-06
 Reference value :  1.85209e-06
 Reference value :  1.85259e-06
 Reference value :  1.85313e-06
 Reference value :  1.85365e-06
 Reference value :  1.85415e-06
 Reference value :  1.85469e-06
 Reference value :  1.85521e-06
 Reference value :  1.85573e-06
 Reference value :  1.85625e-06
 Reference value :  1.85677e-06
 Reference value :  1.85727e-06
 Reference value :  1.85779e-06
 Reference value :  1.85831e-06
 Reference value :  1.85883e-06
 Reference value :  1.85935e-06
 Reference value :  1.85987e-06
 Reference value :  1.86037e-06
 Reference value :  1.86091e-06
 Reference value :  1.86143e-06
 Reference value :  1.86195e-06
 Reference value :  1.86249e-06
 Reference value :  1.86301e-06
 Reference value :  1.86351e-06
 Reference value :  1.86403e-06
 Reference value :  1.86453e-06
 Reference value :  1.86505e-06
 Reference value :  1.86557e-06
 Reference value :  1.86609e-06
 Reference value :  1.86659e-06
 Reference value :  1.86711e-06
 Reference value :  1.86763e-06
 Reference value :  1.86815e-06
 Reference value :  1.86867e-06
 Reference value :  1.86919e-06
 Reference value :  1.86971e-06
 Reference value :  1.87021e-06
 Reference value :  1.87075e-06
 Reference value :  1.87127e-06
 Reference value :  1.87179e-06
 Reference value :  1.87231e-06
 Reference value :  1.87281e-06
 Reference value :  1.87333e-06
 Reference value :  1.87383e-06
 Reference value :  1.87437e-06
 Reference value :  1.87491e-06
 Reference value :  1.87543e-06
 Reference value :  1.87597e-06
 Reference value :  1.87647e-06
 Reference value :  1.87699e-06
 Reference value :  1.87751e-06
 Reference value :  1.87803e-06
 Reference value :  1.87855e-06
 Reference value :  1.87903e-06
 Reference value :  1.87953e-06
 Reference value :  1.88007e-06
 Reference value :  1.88059e-06
 Reference value :  1.88111e-06
 Reference value :  1.88163e-06
 Reference value :  1.88215e-06
 Reference value :  1.88267e-06
 Reference value :  1.88319e-06
 Reference value :  1.88371e-06
 Reference value :  1.88421e-06
 Reference value :  1.88473e-06
 Reference value :  1.88525e-06
 Reference value :  1.88577e-06
 Reference value :  1.88627e-06
 Reference value :  1.88681e-06
 Reference value :  1.88733e-06
 Reference value :  1.88787e-06
 Reference value :  1.88837e-06
 Reference value :  1.88887e-06
 Reference value :  1.88939e-06
 Reference value :  1.88991e-06
 Reference value :  1.89043e-06
 Reference value :  1.89095e-06
 Reference value :  1.89147e-06
 Reference value :  1.89197e-06
 Reference value :  1.89249e-06
 Reference value :  1.89301e-06
 Reference value :  1.89351e-06
 Reference value :  1.89401e-06
 Reference value :  1.89451e-06
 Reference value :  1.89503e-06
 Reference value :  1.89557e-06
 Reference value :  1.89607e-06
 Reference value :  1.89657e-06
 Reference value :  1.89709e-06
 Reference value :  1.89761e-06
 Reference value :  1.89815e-06
 Reference value :  1.89867e-06
 Reference value :  1.89917e-06
 Reference value :  1.89969e-06
 Reference value :  1.90019e-06
 Reference value :  1.90069e-06
 Reference value :  1.90121e-06
 Reference value :  1.90173e-06
 Reference value :  1.90227e-06
 Reference value :  1.90279e-06
 Reference value :  1.90331e-06
 Reference value :  1.90383e-06
 Reference value :  1.90435e-06
 Reference value :  1.90487e-06
 Reference value :  1.90539e-06
 Reference value :  1.90589e-06
 Reference value :  1.90639e-06
 Reference value :  1.90691e-06
 Reference value :  1.90743e-06
 Reference value :  1.90793e-06
 Reference value :  1.90845e-06
 Reference value :  1.90897e-06
 Reference value :  1.90951e-06
 Reference value :  1.91003e-06
 Reference value :  1.91057e-06
 Reference value :  1.91107e-06
 Reference value :  1.91159e-06
 Reference value :  1.91211e-06
 Reference value :  1.91263e-06
 Reference value :  1.91315e-06
 Reference value :  1.91367e-06
 Reference value :  1.91419e-06
 Reference value :  1.91469e-06
 Reference value :  1.91523e-06
 Reference value :  1.91575e-06
 Reference value :  1.91627e-06
 Reference value :  1.91677e-06
 Reference value :  1.91729e-06
 Reference value :  1.91781e-06
 Reference value :  1.91831e-06
 Reference value :  1.91885e-06
 Reference value :  1.91939e-06
 Reference value :  1.91993e-06
 Reference value :  1.92045e-06
 Reference value :  1.92095e-06
 Reference value :  1.92149e-06
 Reference value :  1.92201e-06
 Reference value :  1.92251e-06
 Reference value :  1.92301e-06
 Reference value :  1.92353e-06
 Reference value :  1.92405e-06
 Reference value :  1.92455e-06
 Reference value :  1.92505e-06
 Reference value :  1.92555e-06
 Reference value :  1.92603e-06
 Reference value :  1.92653e-06
 Reference value :  1.92705e-06
 Reference value :  1.92759e-06
 Reference value :  1.92811e-06
 Reference value :  1.92863e-06
 Reference value :  1.92915e-06
 Reference value :  1.92965e-06
 Reference value :  1.93015e-06
 Reference value :  1.93069e-06
 Reference value :  1.93119e-06
 Reference value :  1.93169e-06
 Reference value :  1.93221e-06
 Reference value :  1.93275e-06
 Reference value :  1.93325e-06
 Reference value :  1.93379e-06
 Reference value :  1.93427e-06
 Reference value :  1.93479e-06
 Reference value :  1.93531e-06
 Reference value :  1.93581e-06
 Reference value :  1.93633e-06
 Reference value :  1.93685e-06
 Reference value :  1.93741e-06
 Reference value :  1.93791e-06
 Reference value :  1.93841e-06
 Reference value :  1.93893e-06
 Reference value :  1.93947e-06
 Reference value :  1.94001e-06
 Reference value :  1.94051e-06
 Reference value :  1.94103e-06
 Reference value :  1.94155e-06
 Reference value :  1.94205e-06
 Reference value :  1.94259e-06
 Reference value :  1.94311e-06
 Reference value :  1.94365e-06
 Reference value :  1.94415e-06
 Reference value :  1.94467e-06
 Reference value :  1.94521e-06
 Reference value :  1.94573e-06
 Reference value :  1.94623e-06
 Reference value :  1.94675e-06
 Reference value :  1.94727e-06
 Reference value :  1.94779e-06
 Reference value :  1.94831e-06
 Reference value :  1.94883e-06
 Reference value :  1.94935e-06
 Reference value :  1.94991e-06
 Reference value :  1.95043e-06
 Reference value :  1.95093e-06
 Reference value :  1.95145e-06
 Reference value :  1.95197e-06
 Reference value :  1.95249e-06
 Reference value :  1.95303e-06
 Reference value :  1.95355e-06
 Reference value :  1.95407e-06
 Reference value :  1.95459e-06
 Reference value :  1.95509e-06
 Reference value :  1.95559e-06
 Reference value :  1.95611e-06
 Reference value :  1.95665e-06
 Reference value :  1.95715e-06
 Reference value :  1.95769e-06
 Reference value :  1.95823e-06
 Reference value :  1.95875e-06
 Reference value :  1.95927e-06
 Reference value :  1.95979e-06
 Reference value :  1.96029e-06
 Reference value :  1.96081e-06
 Reference value :  1.96131e-06
 Reference value :  1.96183e-06
 Reference value :  1.96233e-06
 Reference value :  1.96283e-06
 Reference value :  1.96335e-06
 Reference value :  1.96387e-06
 Reference value :  1.96441e-06
 Reference value :  1.96491e-06
 Reference value :  1.96543e-06
 Reference value :  1.96595e-06
 Reference value :  1.96649e-06
 Reference value :  1.96701e-06
 Reference value :  1.96755e-06
 Reference value :  1.96807e-06
 Reference value :  1.96859e-06
 Reference value :  1.96911e-06
 Reference value :  1.96963e-06
 Reference value :  1.97013e-06
 Reference value :  1.97065e-06
 Reference value :  1.97115e-06
 Reference value :  1.97165e-06
 Reference value :  1.97217e-06
 Reference value :  1.97269e-06
 Reference value :  1.97323e-06
 Reference value :  1.97375e-06
 Reference value :  1.97427e-06
 Reference value :  1.97481e-06
 Reference value :  1.97533e-06
 Reference value :  1.97585e-06
 Reference value :  1.97635e-06
 Reference value :  1.97685e-06
 Reference value :  1.97737e-06
 Reference value :  1.97787e-06
 Reference value :  1.97839e-06
 Reference value :  1.97889e-06
 Reference value :  1.97941e-06
 Reference value :  1.97997e-06
 Reference value :  1.98049e-06
 Reference value :  1.98099e-06
 Reference value :  1.98151e-06
 Reference value :  1.98203e-06
 Reference value :  1.98255e-06
 Reference value :  1.98305e-06
 Reference value :  1.98355e-06
 Reference value :  1.98409e-06
 Reference value :  1.98461e-06
 Reference value :  1.98511e-06
 Reference value :  1.98561e-06
 Reference value :  1.98613e-06
 Reference value :  1.98663e-06
 Reference value :  1.98715e-06
 Reference value :  1.98767e-06
 Reference value :  1.98819e-06
 Reference value :  1.98873e-06
 Reference value :  1.98925e-06
 Reference value :  1.98977e-06
 Reference value :  1.99029e-06
 Reference value :  1.99081e-06
 Reference value :  1.99133e-06
 Reference value :  1.99185e-06
 Reference value :  1.99235e-06
 Reference value :  1.99287e-06
 Reference value :  1.99341e-06
 Reference value :  1.99393e-06
 Reference value :  1.99445e-06
 Reference value :  1.99495e-06
 Reference value :  1.99545e-06
 Reference value :  1.99597e-06
 Reference value :  1.99649e-06
 Reference value :  1.99699e-06
 Reference value :  1.99753e-06
 Reference value :  1.99803e-06
 Reference value :  1.99853e-06
 Reference value :  1.99903e-06
 Reference value :  1.99955e-06
 Reference value :  2.00005e-06
 Reference value :  2.00059e-06
 Reference value :  2.00111e-06
 Reference value :  2.00163e-06
 Reference value :  2.00215e-06
 Reference value :  2.00267e-06
 Reference value :  2.00319e-06
 Reference value :  2.00369e-06
 Reference value :  2.00421e-06
 Reference value :  2.00473e-06
 Reference value :  2.00525e-06
 Reference value :  2.00577e-06
 Reference value :  2.00631e-06
 Reference value :  2.00685e-06
 Reference value :  2.00735e-06
 Reference value :  2.00787e-06
 Reference value :  2.00839e-06
 Reference value :  2.00891e-06
 Reference value :  2.00941e-06
 Reference value :  2.00991e-06
 Reference value :  2.01043e-06
 Reference value :  2.01097e-06
 Reference value :  2.01149e-06
 Reference value :  2.01201e-06
 Reference value :  2.01251e-06
 Reference value :  2.01303e-06
 Reference value :  2.01355e-06
 Reference value :  2.01407e-06
 Reference value :  2.01459e-06
 Reference value :  2.01511e-06
 Reference value :  2.01563e-06
 Reference value :  2.01615e-06
 Reference value :  2.01665e-06
 Reference value :  2.01715e-06
 Reference value :  2.01767e-06
 Reference value :  2.01821e-06
 Reference value :  2.01873e-06
 Reference value :  2.01925e-06
 Reference value :  2.01977e-06
 Reference value :  2.02027e-06
 Reference value :  2.02079e-06
 Reference value :  2.02131e-06
 Reference value :  2.02183e-06
 Reference value :  2.02235e-06
 Reference value :  2.02287e-06
 Reference value :  2.02339e-06
 Reference value :  2.02391e-06
 Reference value :  2.02443e-06
 Reference value :  2.02497e-06
 Reference value :  2.02547e-06
 Reference value :  2.02599e-06
 Reference value :  2.02651e-06
 Reference value :  2.02701e-06
 Reference value :  2.02751e-06
 Reference value :  2.02803e-06
 Reference value :  2.02855e-06
 Reference value :  2.02907e-06
 Reference value :  2.02957e-06
 Reference value :  2.03009e-06
 Reference value :  2.03063e-06
 Reference value :  2.03113e-06
 Reference value :  2.03165e-06
 Reference value :  2.03219e-06
 Reference value :  2.03269e-06
 Reference value :  2.03321e-06
 Reference value :  2.03373e-06
 Reference value :  2.03425e-06
 Reference value :  2.03475e-06
 Reference value :  2.03527e-06
 Reference value :  2.03581e-06
 Reference value :  2.03633e-06
 Reference value :  2.03683e-06
 Reference value :  2.03733e-06
 Reference value :  2.03785e-06
 Reference value :  2.03837e-06
 Reference value :  2.03887e-06
 Reference value :  2.03937e-06
 Reference value :  2.03989e-06
 Reference value :  2.04041e-06
 Reference value :  2.04095e-06
 Reference value :  2.04145e-06
 Reference value :  2.04195e-06
 Reference value :  2.04247e-06
 Reference value :  2.04299e-06
 Reference value :  2.04349e-06
 Reference value :  2.04401e-06
 Reference value :  2.04453e-06
 Reference value :  2.04503e-06
 Reference value :  2.04555e-06
 Reference value :  2.04607e-06
 Reference value :  2.04657e-06
 Reference value :  2.04707e-06
 Reference value :  2.04759e-06
 Reference value :  2.04811e-06
 Reference value :  2.04861e-06
 Reference value :  2.04913e-06
 Reference value :  2.04963e-06
 Reference value :  2.05015e-06
 Reference value :  2.05067e-06
 Reference value :  2.05115e-06
 Reference value :  2.05167e-06
 Reference value :  2.05217e-06
 Reference value :  2.05269e-06
 Reference value :  2.05319e-06
 Reference value :  2.05369e-06
 Reference value :  2.05425e-06
 Reference value :  2.05477e-06
 Reference value :  2.05529e-06
 Reference value :  2.05579e-06
 Reference value :  2.05631e-06
 Reference value :  2.05685e-06
 Reference value :  2.05737e-06
 Reference value :  2.05785e-06
 Reference value :  2.05839e-06
 Reference value :  2.05891e-06
 Reference value :  2.05941e-06
 Reference value :  2.05995e-06
 Reference value :  2.06049e-06
 Reference value :  2.06101e-06
 Reference value :  2.06151e-06
 Reference value :  2.06205e-06
 Reference value :  2.06255e-06
 Reference value :  2.06309e-06
 Reference value :  2.06361e-06
 Reference value :  2.06413e-06
 Reference value :  2.06465e-06
 Reference value :  2.06517e-06
 Reference value :  2.06571e-06
 Reference value :  2.06621e-06
 Reference value :  2.06675e-06
 Reference value :  2.06725e-06
 Reference value :  2.06777e-06
 Reference value :  2.06827e-06
 Reference value :  2.06879e-06
 Reference value :  2.06931e-06
 Reference value :  2.06981e-06
 Reference value :  2.07031e-06
 Reference value :  2.07081e-06
 Reference value :  2.07133e-06
 Reference value :  2.07185e-06
 Reference value :  2.07235e-06
 Reference value :  2.07289e-06
 Reference value :  2.07341e-06
 Reference value :  2.07395e-06
 Reference value :  2.07447e-06
 Reference value :  2.07497e-06
 Reference value :  2.07551e-06
 Reference value :  2.07603e-06
 Reference value :  2.07655e-06
 Reference value :  2.07705e-06
 Reference value :  2.07757e-06
 Reference value :  2.07809e-06
 Reference value :  2.07861e-06
 Reference value :  2.07913e-06
 Reference value :  2.07965e-06
 Reference value :  2.08017e-06
 Reference value :  2.08067e-06
 Reference value :  2.08117e-06
 Reference value :  2.08167e-06
 Reference value :  2.08219e-06
 Reference value :  2.08269e-06
 Reference value :  2.08317e-06
 Reference value :  2.08367e-06
 Reference value :  2.08419e-06
 Reference value :  2.08467e-06
 Reference value :  2.08521e-06
 Reference value :  2.08573e-06
 Reference value :  2.08625e-06
 Reference value :  2.08679e-06
 Reference value :  2.08731e-06
 Reference value :  2.08781e-06
 Reference value :  2.08833e-06
 Reference value :  2.08887e-06
 Reference value :  2.08941e-06
 Reference value :  2.08995e-06
 Reference value :  2.09045e-06
 Reference value :  2.09097e-06
 Reference value :  2.09149e-06
 Reference value :  2.09201e-06
 Reference value :  2.09253e-06
 Reference value :  2.09303e-06
 Reference value :  2.09355e-06
 Reference value :  2.09407e-06
 Reference value :  2.09459e-06
 Reference value :  2.09511e-06
 Reference value :  2.09561e-06
 Reference value :  2.09609e-06
 Reference value :  2.09663e-06
 Reference value :  2.09715e-06
 Reference value :  2.09769e-06
 Reference value :  2.09821e-06
 Reference value :  2.09873e-06
 Reference value :  2.09923e-06
 Reference value :  2.09975e-06
 Reference value :  2.10025e-06
 Reference value :  2.10075e-06
 Reference value :  2.10129e-06
 Reference value :  2.10179e-06
 Reference value :  2.10231e-06
 Reference value :  2.10285e-06
 Reference value :  2.10337e-06
 Reference value :  2.10389e-06
 Reference value :  2.10441e-06
 Reference value :  2.10493e-06
 Reference value :  2.10545e-06
 Reference value :  2.10597e-06
 Reference value :  2.10647e-06
 Reference value :  2.10699e-06
 Reference value :  2.10751e-06
 Reference value :  2.10803e-06
 Reference value :  2.10855e-06
 Reference value :  2.10907e-06
 Reference value :  2.10961e-06
 Reference value :  2.11013e-06
 Reference value :  2.11067e-06
 Reference value :  2.11121e-06
 Reference value :  2.11173e-06
 Reference value :  2.11229e-06
 Reference value :  2.11279e-06
 Reference value :  2.11329e-06
 Reference value :  2.11379e-06
 Reference value :  2.11429e-06
 Reference value :  2.11481e-06
 Reference value :  2.11531e-06
 Reference value :  2.11583e-06
 Reference value :  2.11635e-06
 Reference value :  2.11687e-06
 Reference value :  2.11737e-06
 Reference value :  2.11789e-06
 Reference value :  2.11839e-06
 Reference value :  2.11891e-06
 Reference value :  2.11939e-06
 Reference value :  2.11991e-06
 Reference value :  2.12043e-06
 Reference value :  2.12091e-06
 Reference value :  2.12141e-06
 Reference value :  2.12193e-06
 Reference value :  2.12245e-06
 Reference value :  2.12297e-06
 Reference value :  2.12349e-06
 Reference value :  2.12401e-06
 Reference value :  2.12455e-06
 Reference value :  2.12505e-06
 Reference value :  2.12555e-06
 Reference value :  2.12607e-06
 Reference value :  2.12659e-06
 Reference value :  2.12713e-06
 Reference value :  2.12765e-06
 Reference value :  2.12819e-06
 Reference value :  2.12871e-06
 Reference value :  2.12923e-06
 Reference value :  2.12973e-06
 Reference value :  2.13023e-06
 Reference value :  2.13073e-06
 Reference value :  2.13125e-06
 Reference value :  2.13181e-06
 Reference value :  2.13235e-06
 Reference value :  2.13287e-06
 Reference value :  2.13341e-06
 Reference value :  2.13393e-06
 Reference value :  2.13445e-06
 Reference value :  2.13497e-06
 Reference value :  2.13549e-06
 Reference value :  2.13601e-06
 Reference value :  2.13651e-06
 Reference value :  2.13703e-06
 Reference value :  2.13755e-06
 Reference value :  2.13807e-06
 Reference value :  2.13859e-06
 Reference value :  2.13913e-06
 Reference value :  2.13967e-06
 Reference value :  2.14019e-06
 Reference value :  2.14073e-06
 Reference value :  2.14127e-06
 Reference value :  2.14179e-06
 Reference value :  2.14231e-06
 Reference value :  2.14283e-06
 Reference value :  2.14335e-06
 Reference value :  2.14387e-06
 Reference value :  2.14437e-06
 Reference value :  2.14487e-06
 Reference value :  2.14539e-06
 Reference value :  2.14591e-06
 Reference value :  2.14643e-06
 Reference value :  2.14695e-06
 Reference value :  2.14747e-06
 Reference value :  2.14799e-06
 Reference value :  2.14851e-06
 Reference value :  2.14901e-06
 Reference value :  2.14955e-06
 Reference value :  2.15005e-06
 Reference value :  2.15055e-06
 Reference value :  2.15107e-06
 Reference value :  2.15161e-06
 Reference value :  2.15215e-06
 Reference value :  2.15267e-06
 Reference value :  2.15317e-06
 Reference value :  2.15367e-06
 Reference value :  2.15419e-06
 Reference value :  2.15471e-06
 Reference value :  2.15525e-06
 Reference value :  2.15577e-06
 Reference value :  2.15629e-06
 Reference value :  2.15681e-06
 Reference value :  2.15731e-06
 Reference value :  2.15783e-06
 Reference value :  2.15835e-06
 Reference value :  2.15887e-06
 Reference value :  2.15939e-06
 Reference value :  2.15989e-06
 Reference value :  2.16041e-06
 Reference value :  2.16091e-06
 Reference value :  2.16141e-06
 Reference value :  2.16193e-06
 Reference value :  2.16243e-06
 Reference value :  2.16295e-06
 Reference value :  2.16347e-06
 Reference value :  2.16399e-06
 Reference value :  2.16451e-06
 Reference value :  2.16501e-06
 Reference value :  2.16553e-06
 Reference value :  2.16605e-06
 Reference value :  2.16657e-06
 Reference value :  2.16709e-06
 Reference value :  2.16763e-06
 Reference value :  2.16815e-06
 Reference value :  2.16863e-06
 Reference value :  2.16915e-06
 Reference value :  2.16967e-06
 Reference value :  2.17019e-06
 Reference value :  2.17071e-06
 Reference value :  2.17123e-06
 Reference value :  2.17175e-06
 Reference value :  2.17229e-06
 Reference value :  2.17279e-06
 Reference value :  2.17329e-06
 Reference value :  2.17383e-06
 Reference value :  2.17437e-06
 Reference value :  2.17489e-06
 Reference value :  2.17541e-06
 Reference value :  2.17591e-06
 Reference value :  2.17643e-06
 Reference value :  2.17695e-06
 Reference value :  2.17747e-06
 Reference value :  2.17797e-06
 Reference value :  2.17849e-06
 Reference value :  2.17901e-06
 Reference value :  2.17953e-06
 Reference value :  2.18003e-06
 Reference value :  2.18055e-06
 Reference value :  2.18105e-06
 Reference value :  2.18157e-06
 Reference value :  2.18209e-06
 Reference value :  2.18261e-06
 Reference value :  2.18313e-06
 Reference value :  2.18365e-06
 Reference value :  2.18419e-06
 Reference value :  2.18471e-06
 Reference value :  2.18521e-06
 Reference value :  2.18571e-06
 Reference value :  2.18623e-06
 Reference value :  2.18677e-06
 Reference value :  2.18727e-06
 Reference value :  2.18779e-06
 Reference value :  2.18831e-06
 Reference value :  2.18883e-06
 Reference value :  2.18933e-06
 Reference value :  2.18985e-06
 Reference value :  2.19035e-06
 Reference value :  2.19085e-06
 Reference value :  2.19139e-06
 Reference value :  2.19195e-06
 Reference value :  2.19245e-06
 Reference value :  2.19295e-06
 Reference value :  2.19347e-06
 Reference value :  2.19399e-06
 Reference value :  2.19449e-06
 Reference value :  2.19497e-06
 Reference value :  2.19547e-06
 Reference value :  2.19599e-06
 Reference value :  2.19653e-06
 Reference value :  2.19705e-06
 Reference value :  2.19755e-06
 Reference value :  2.19807e-06
 Reference value :  2.19859e-06
 Reference value :  2.19911e-06
 Reference value :  2.19963e-06
 Reference value :  2.20015e-06
 Reference value :  2.20065e-06
 Reference value :  2.20115e-06
 Reference value :  2.20167e-06
 Reference value :  2.20217e-06
 Reference value :  2.20269e-06
 Reference value :  2.20321e-06
 Reference value :  2.20371e-06
 Reference value :  2.20425e-06
 Reference value :  2.20477e-06
 Reference value :  2.20529e-06
 Reference value :  2.20581e-06
 Reference value :  2.20633e-06
 Reference value :  2.20683e-06
 Reference value :  2.20733e-06
 Reference value :  2.20783e-06
 Reference value :  2.20835e-06
 Reference value :  2.20887e-06
 Reference value :  2.20939e-06
 Reference value :  2.20989e-06
 Reference value :  2.21041e-06
 Reference value :  2.21091e-06
 Reference value :  2.21141e-06
 Reference value :  2.21189e-06
 Reference value :  2.21241e-06
 Reference value :  2.21293e-06
 Reference value :  2.21345e-06
 Reference value :  2.21397e-06
 Reference value :  2.21447e-06
 Reference value :  2.21497e-06
 Reference value :  2.21547e-06
 Reference value :  2.21597e-06
 Reference value :  2.21649e-06
 Reference value :  2.21699e-06
 Reference value :  2.21751e-06
 Reference value :  2.21805e-06
 Reference value :  2.21857e-06
 Reference value :  2.21907e-06
 Reference value :  2.21957e-06
 Reference value :  2.22009e-06
 Reference value :  2.22061e-06
 Reference value :  2.22113e-06
 Reference value :  2.22165e-06
 Reference value :  2.22215e-06
 Reference value :  2.22271e-06
 Reference value :  2.22323e-06
 Reference value :  2.22375e-06
 Reference value :  2.22427e-06
 Reference value :  2.22481e-06
 Reference value :  2.22533e-06
 Reference value :  2.22583e-06
 Reference value :  2.22633e-06
 Reference value :  2.22685e-06
 Reference value :  2.22737e-06
 Reference value :  2.22787e-06
 Reference value :  2.22839e-06
 Reference value :  2.22891e-06
 Reference value :  2.22943e-06
 Reference value :  2.22991e-06
 Reference value :  2.23043e-06
 Reference value :  2.23093e-06
 Reference value :  2.23145e-06
 Reference value :  2.23199e-06
 Reference value :  2.23251e-06
 Reference value :  2.23301e-06
 Reference value :  2.23351e-06
 Reference value :  2.23403e-06
 Reference value :  2.23451e-06
 Reference value :  2.23505e-06
 Reference value :  2.23557e-06
 Reference value :  2.23609e-06
 Reference value :  2.23661e-06
 Reference value :  2.23713e-06
 Reference value :  2.23765e-06
 Reference value :  2.23817e-06
 Reference value :  2.23869e-06
 Reference value :  2.23921e-06
 Reference value :  2.23971e-06
 Reference value :  2.24023e-06
 Reference value :  2.24075e-06
 Reference value :  2.24127e-06
 Reference value :  2.24179e-06
 Reference value :  2.24231e-06
 Reference value :  2.24281e-06
 Reference value :  2.24333e-06
 Reference value :  2.24385e-06
 Reference value :  2.24437e-06
 Reference value :  2.24487e-06
 Reference value :  2.24539e-06
 Reference value :  2.24595e-06
 Reference value :  2.24649e-06
 Reference value :  2.24699e-06
 Reference value :  2.24753e-06
 Reference value :  2.24805e-06
 Reference value :  2.24857e-06
 Reference value :  2.24909e-06
 Reference value :  2.24959e-06
 Reference value :  2.25009e-06
 Reference value :  2.25065e-06
 Reference value :  2.25115e-06
 Reference value :  2.25169e-06
 Reference value :  2.25219e-06
 Reference value :  2.25269e-06
 Reference value :  2.25321e-06
 Reference value :  2.25371e-06
 Reference value :  2.25423e-06
 Reference value :  2.25475e-06
 Reference value :  2.25529e-06
 Reference value :  2.25579e-06
 Reference value :  2.25631e-06
 Reference value :  2.25683e-06
 Reference value :  2.25733e-06
 Reference value :  2.25783e-06
 Reference value :  2.25835e-06
 Reference value :  2.25885e-06
 Reference value :  2.25937e-06
 Reference value :  2.25987e-06
 Reference value :  2.26039e-06
 Reference value :  2.26089e-06
 Reference value :  2.26141e-06
 Reference value :  2.26193e-06
 Reference value :  2.26245e-06
 Reference value :  2.26297e-06
 Reference value :  2.26349e-06
 Reference value :  2.26401e-06
 Reference value :  2.26453e-06
 Reference value :  2.26505e-06
 Reference value :  2.26557e-06
 Reference value :  2.26611e-06
 Reference value :  2.26663e-06
 Reference value :  2.26715e-06
 Reference value :  2.26767e-06
 Reference value :  2.26819e-06
 Reference value :  2.26871e-06
 Reference value :  2.26921e-06
 Reference value :  2.26971e-06
 Reference value :  2.27025e-06
 Reference value :  2.27077e-06
 Reference value :  2.27131e-06
 Reference value :  2.27181e-06
 Reference value :  2.27233e-06
 Reference value :  2.27283e-06
 Reference value :  2.27335e-06
 Reference value :  2.27387e-06
 Reference value :  2.27437e-06
 Reference value :  2.27489e-06
 Reference value :  2.27541e-06
 Reference value :  2.27591e-06
 Reference value :  2.27641e-06
 Reference value :  2.27691e-06
 Reference value :  2.27743e-06
 Reference value :  2.27797e-06
 Reference value :  2.27849e-06
 Reference value :  2.27901e-06
 Reference value :  2.27953e-06
 Reference value :  2.28005e-06
 Reference value :  2.28055e-06
 Reference value :  2.28107e-06
 Reference value :  2.28159e-06
 Reference value :  2.28211e-06
 Reference value :  2.28263e-06
 Reference value :  2.28315e-06
 Reference value :  2.28367e-06
 Reference value :  2.28419e-06
 Reference value :  2.28471e-06
 Reference value :  2.28525e-06
 Reference value :  2.28575e-06
 Reference value :  2.28625e-06
 Reference value :  2.28675e-06
 Reference value :  2.28727e-06
 Reference value :  2.28779e-06
 Reference value :  2.28829e-06
 Reference value :  2.28881e-06
 Reference value :  2.28931e-06
 Reference value :  2.28981e-06
 Reference value :  2.29033e-06
 Reference value :  2.29085e-06
 Reference value :  2.29137e-06
 Reference value :  2.29187e-06
 Reference value :  2.29239e-06
 Reference value :  2.29289e-06
 Reference value :  2.29341e-06
 Reference value :  2.29391e-06
 Reference value :  2.29443e-06
 Reference value :  2.29495e-06
 Reference value :  2.29545e-06
 Reference value :  2.29595e-06
 Reference value :  2.29647e-06
 Reference value :  2.29699e-06
 Reference value :  2.29749e-06
 Reference value :  2.29801e-06
 Reference value :  2.29855e-06
 Reference value :  2.29907e-06
 Reference value :  2.29959e-06
 Reference value :  2.30009e-06
 Reference value :  2.30061e-06
 Reference value :  2.30113e-06
 Reference value :  2.30165e-06
 Reference value :  2.30219e-06
 Reference value :  2.30271e-06
 Reference value :  2.30323e-06
 Reference value :  2.30373e-06
 Reference value :  2.30427e-06
 Reference value :  2.30475e-06
 Reference value :  2.30525e-06
 Reference value :  2.30575e-06
 Reference value :  2.30627e-06
 Reference value :  2.30679e-06
 Reference value :  2.30731e-06
 Reference value :  2.30783e-06
 Reference value :  2.30833e-06
 Reference value :  2.30881e-06
 Reference value :  2.30933e-06
 Reference value :  2.30987e-06
 Reference value :  2.31039e-06
 Reference value :  2.31091e-06
 Reference value :  2.31145e-06
 Reference value :  2.31199e-06
 Reference value :  2.31251e-06
 Reference value :  2.31305e-06
 Reference value :  2.31355e-06
 Reference value :  2.31407e-06
 Reference value :  2.31459e-06
 Reference value :  2.31511e-06
 Reference value :  2.31561e-06
 Reference value :  2.31613e-06
 Reference value :  2.31663e-06
 Reference value :  2.31715e-06
 Reference value :  2.31767e-06
 Reference value :  2.31819e-06
 Reference value :  2.31873e-06
 Reference value :  2.31925e-06
 Reference value :  2.31977e-06
 Reference value :  2.32029e-06
 Reference value :  2.32079e-06
 Reference value :  2.32133e-06
 Reference value :  2.32185e-06
 Reference value :  2.32239e-06
 Reference value :  2.32289e-06
 Reference value :  2.32339e-06
 Reference value :  2.32391e-06
 Reference value :  2.32443e-06
 Reference value :  2.32495e-06
 Reference value :  2.32545e-06
 Reference value :  2.32597e-06
 Reference value :  2.32649e-06
 Reference value :  2.32703e-06
 Reference value :  2.32755e-06
 Reference value :  2.32807e-06
 Reference value :  2.32859e-06
 Reference value :  2.32911e-06
 Reference value :  2.32963e-06
 Reference value :  2.33015e-06
 Reference value :  2.33067e-06
 Reference value :  2.33117e-06
 Reference value :  2.33169e-06
 Reference value :  2.33223e-06
 Reference value :  2.33273e-06
 Reference value :  2.33325e-06
 Reference value :  2.33377e-06
 Reference value :  2.33431e-06
 Reference value :  2.33481e-06
 Reference value :  2.33531e-06
 Reference value :  2.33585e-06
 Reference value :  2.33635e-06
 Reference value :  2.33687e-06
 Reference value :  2.33737e-06
 Reference value :  2.33789e-06
 Reference value :  2.33841e-06
 Reference value :  2.33893e-06
 Reference value :  2.33945e-06
 Reference value :  2.33997e-06
 Reference value :  2.34049e-06
 Reference value :  2.34101e-06
 Reference value :  2.34153e-06
 Reference value :  2.34205e-06
 Reference value :  2.34255e-06
 Reference value :  2.34307e-06
 Reference value :  2.34357e-06
 Reference value :  2.34407e-06
 Reference value :  2.34459e-06
 Reference value :  2.34511e-06
 Reference value :  2.34563e-06
 Reference value :  2.34615e-06
 Reference value :  2.34665e-06
 Reference value :  2.34715e-06
 Reference value :  2.34767e-06
 Reference value :  2.34817e-06
 Reference value :  2.34869e-06
 Reference value :  2.34921e-06
 Reference value :  2.34971e-06
 Reference value :  2.35021e-06
 Reference value :  2.35073e-06
 Reference value :  2.35125e-06
 Reference value :  2.35177e-06
 Reference value :  2.35229e-06
 Reference value :  2.35283e-06
 Reference value :  2.35333e-06
 Reference value :  2.35385e-06
 Reference value :  2.35439e-06
 Reference value :  2.35491e-06
 Reference value :  2.35541e-06
 Reference value :  2.35593e-06
 Reference value :  2.35645e-06
 Reference value :  2.35697e-06
 Reference value :  2.35749e-06
 Reference value :  2.35801e-06
 Reference value :  2.35851e-06
 Reference value :  2.35903e-06
 Reference value :  2.35957e-06
 Reference value :  2.36011e-06
 Reference value :  2.36061e-06
 Reference value :  2.36111e-06
 Reference value :  2.36163e-06
 Reference value :  2.36213e-06
 Reference value :  2.36265e-06
 Reference value :  2.36317e-06
 Reference value :  2.36371e-06
 Reference value :  2.36423e-06
 Reference value :  2.36473e-06
 Reference value :  2.36527e-06
 Reference value :  2.36577e-06
 Reference value :  2.36627e-06
 Reference value :  2.36677e-06
 Reference value :  2.36727e-06
 Reference value :  2.36781e-06
 Reference value :  2.36835e-06
 Reference value :  2.36889e-06
 Reference value :  2.36939e-06
 Reference value :  2.36989e-06
 Reference value :  2.37041e-06
 Reference value :  2.37093e-06
 Reference value :  2.37143e-06
 Reference value :  2.37193e-06
 Reference value :  2.37243e-06
 Reference value :  2.37297e-06
 Reference value :  2.37347e-06
 Reference value :  2.37397e-06
 Reference value :  2.37449e-06
 Reference value :  2.37499e-06
 Reference value :  2.37551e-06
 Reference value :  2.37603e-06
 Reference value :  2.37655e-06
 Reference value :  2.37705e-06
 Reference value :  2.37755e-06
 Reference value :  2.37803e-06
 Reference value :  2.37853e-06
 Reference value :  2.37903e-06
 Reference value :  2.37953e-06
 Reference value :  2.38003e-06
 Reference value :  2.38055e-06
 Reference value :  2.38105e-06
 Reference value :  2.38155e-06
 Reference value :  2.38205e-06
 Reference value :  2.38257e-06
 Reference value :  2.38309e-06
 Reference value :  2.38359e-06
 Reference value :  2.38409e-06
 Reference value :  2.38459e-06
 Reference value :  2.38509e-06
 Reference value :  2.38561e-06
 Reference value :  2.38611e-06
 Reference value :  2.38663e-06
 Reference value :  2.38715e-06
 Reference value :  2.38767e-06
 Reference value :  2.38819e-06
 Reference value :  2.38871e-06
 Reference value :  2.38923e-06
 Reference value :  2.38973e-06
 Reference value :  2.39025e-06
 Reference value :  2.39075e-06
 Reference value :  2.39127e-06
 Reference value :  2.39177e-06
 Reference value :  2.39229e-06
 Reference value :  2.39279e-06
 Reference value :  2.39331e-06
 Reference value :  2.39385e-06
 Reference value :  2.39437e-06
 Reference value :  2.39489e-06
 Reference value :  2.39539e-06
 Reference value :  2.39591e-06
 Reference value :  2.39641e-06
 Reference value :  2.39691e-06
 Reference value :  2.39741e-06
 Reference value :  2.39793e-06
 Reference value :  2.39845e-06
 Reference value :  2.39897e-06
 Reference value :  2.39949e-06
 Reference value :  2.40001e-06
 Reference value :  2.40053e-06
 Reference value :  2.40105e-06
 Reference value :  2.40155e-06
 Reference value :  2.40207e-06
 Reference value :  2.40257e-06
 Reference value :  2.40309e-06
 Reference value :  2.40361e-06
 Reference value :  2.40411e-06
 Reference value :  2.40461e-06
 Reference value :  2.40511e-06
 Reference value :  2.40561e-06
 Reference value :  2.40611e-06
 Reference value :  2.40663e-06
 Reference value :  2.40715e-06
 Reference value :  2.40765e-06
 Reference value :  2.40815e-06
 Reference value :  2.40865e-06
 Reference value :  2.40915e-06
 Reference value :  2.40967e-06
 Reference value :  2.41019e-06
 Reference value :  2.41071e-06
 Reference value :  2.41123e-06
 Reference value :  2.41173e-06
 Reference value :  2.41223e-06
 Reference value :  2.41273e-06
 Reference value :  2.41323e-06
 Reference value :  2.41375e-06
 Reference value :  2.41427e-06
 Reference value :  2.41479e-06
 Reference value :  2.41531e-06
 Reference value :  2.41583e-06
 Reference value :  2.41635e-06
 Reference value :  2.41685e-06
 Reference value :  2.41737e-06
 Reference value :  2.41787e-06
 Reference value :  2.41837e-06
 Reference value :  2.41887e-06
 Reference value :  2.41939e-06
 Reference value :  2.41991e-06
 Reference value :  2.42041e-06
 Reference value :  2.42091e-06
 Reference value :  2.42141e-06
 Reference value :  2.42193e-06
 Reference value :  2.42241e-06
 Reference value :  2.42293e-06
 Reference value :  2.42345e-06
 Reference value :  2.42397e-06
 Reference value :  2.42449e-06
 Reference value :  2.42501e-06
 Reference value :  2.42553e-06
 Reference value :  2.42605e-06
 Reference value :  2.42655e-06
 Reference value :  2.42707e-06
 Reference value :  2.42759e-06
 Reference value :  2.42809e-06
 Reference value :  2.42861e-06
 Reference value :  2.42911e-06
 Reference value :  2.42961e-06
 Reference value :  2.43011e-06
 Reference value :  2.43061e-06
 Reference value :  2.43111e-06
 Reference value :  2.43163e-06
 Reference value :  2.43215e-06
 Reference value :  2.43267e-06
 Reference value :  2.43319e-06
 Reference value :  2.43371e-06
 Reference value :  2.43423e-06
 Reference value :  2.43475e-06
 Reference value :  2.43527e-06
 Reference value :  2.43575e-06
 Reference value :  2.43625e-06
 Reference value :  2.43677e-06
 Reference value :  2.43729e-06
 Reference value :  2.43781e-06
 Reference value :  2.43833e-06
 Reference value :  2.43885e-06
 Reference value :  2.43937e-06
 Reference value :  2.43987e-06
 Reference value :  2.44039e-06
 Reference value :  2.44089e-06
 Reference value :  2.44141e-06
 Reference value :  2.44191e-06
 Reference value :  2.44243e-06
 Reference value :  2.44295e-06
 Reference value :  2.44345e-06
 Reference value :  2.44397e-06
 Reference value :  2.44447e-06
 Reference value :  2.44499e-06
 Reference value :  2.44549e-06
 Reference value :  2.44601e-06
 Reference value :  2.44653e-06
 Reference value :  2.44705e-06
 Reference value :  2.44753e-06
 Reference value :  2.44805e-06
 Reference value :  2.44859e-06
 Reference value :  2.44911e-06
 Reference value :  2.44961e-06
 Reference value :  2.45013e-06
 Reference value :  2.45067e-06
 Reference value :  2.45119e-06
 Reference value :  2.45171e-06
 Reference value :  2.45221e-06
 Reference value :  2.45271e-06
 Reference value :  2.45323e-06
 Reference value :  2.45375e-06
 Reference value :  2.45427e-06
 Reference value :  2.45479e-06
 Reference value :  2.45529e-06
 Reference value :  2.45581e-06
 Reference value :  2.45631e-06
 Reference value :  2.45683e-06
 Reference value :  2.45735e-06
 Reference value :  2.45785e-06
 Reference value :  2.45837e-06
 Reference value :  2.45887e-06
 Reference value :  2.45939e-06
 Reference value :  2.45991e-06
 Reference value :  2.46039e-06
 Reference value :  2.46091e-06
 Reference value :  2.46145e-06
 Reference value :  2.46197e-06
 Reference value :  2.46249e-06
 Reference value :  2.46301e-06
 Reference value :  2.46355e-06
 Reference value :  2.46407e-06
 Reference value :  2.46461e-06
 Reference value :  2.46511e-06
 Reference value :  2.46563e-06
 Reference value :  2.46613e-06
 Reference value :  2.46665e-06
 Reference value :  2.46717e-06
 Reference value :  2.46769e-06
 Reference value :  2.46819e-06
 Reference value :  2.46871e-06
 Reference value :  2.46923e-06
 Reference value :  2.46975e-06
 Reference value :  2.47029e-06
 Reference value :  2.47083e-06
 Reference value :  2.47133e-06
 Reference value :  2.47185e-06
 Reference value :  2.47237e-06
 Reference value :  2.47287e-06
 Reference value :  2.47339e-06
 Reference value :  2.47389e-06
 Reference value :  2.47441e-06
 Reference value :  2.47491e-06
 Reference value :  2.47543e-06
 Reference value :  2.47591e-06
 Reference value :  2.47643e-06
 Reference value :  2.47695e-06
 Reference value :  2.47745e-06
 Reference value :  2.47793e-06
 Reference value :  2.47843e-06
 Reference value :  2.47893e-06
 Reference value :  2.47943e-06
 Reference value :  2.47993e-06
 Reference value :  2.48043e-06
 Reference value :  2.48097e-06
 Reference value :  2.48151e-06
 Reference value :  2.48203e-06
 Reference value :  2.48255e-06
 Reference value :  2.48307e-06
 Reference value :  2.48359e-06
 Reference value :  2.48411e-06
 Reference value :  2.48461e-06
 Reference value :  2.48513e-06
 Reference value :  2.48565e-06
 Reference value :  2.48617e-06
 Reference value :  2.48667e-06
 Reference value :  2.48719e-06
 Reference value :  2.48771e-06
 Reference value :  2.48823e-06
 Reference value :  2.48875e-06
 Reference value :  2.48927e-06
 Reference value :  2.48979e-06
 Reference value :  2.49027e-06
 Reference value :  2.49077e-06
 Reference value :  2.49129e-06
 Reference value :  2.49181e-06
 Reference value :  2.49229e-06
 Reference value :  2.49281e-06
 Reference value :  2.49331e-06
 Reference value :  2.49381e-06
 Reference value :  2.49435e-06
 Reference value :  2.49487e-06
 Reference value :  2.49539e-06
 Reference value :  2.49591e-06
 Reference value :  2.49643e-06
 Reference value :  2.49695e-06
 Reference value :  2.49747e-06
 Reference value :  2.49797e-06
 Reference value :  2.49847e-06
 Reference value :  2.49897e-06
 Reference value :  2.49949e-06
 Reference value :  2.50001e-06
 Reference value :  2.50053e-06
 Reference value :  2.50105e-06
 Reference value :  2.50157e-06
 Reference value :  2.50209e-06
 Reference value :  2.50259e-06
 Reference value :  2.50309e-06
 Reference value :  2.50361e-06
 Reference value :  2.50413e-06
 Reference value :  2.50463e-06
 Reference value :  2.50513e-06
 Reference value :  2.50567e-06
 Reference value :  2.50617e-06
 Reference value :  2.50669e-06
 Reference value :  2.50721e-06
 Reference value :  2.50773e-06
 Reference value :  2.50825e-06
 Reference value :  2.50877e-06
 Reference value :  2.50929e-06
 Reference value :  2.50981e-06
 Reference value :  2.51037e-06
 Reference value :  2.51089e-06
 Reference value :  2.51141e-06
 Reference value :  2.51193e-06
 Reference value :  2.51243e-06
 Reference value :  2.51297e-06
 Reference value :  2.51351e-06
 Reference value :  2.51403e-06
 Reference value :  2.51455e-06
 Reference value :  2.51505e-06
 Reference value :  2.51557e-06
 Reference value :  2.51609e-06
 Reference value :  2.51661e-06
 Reference value :  2.51711e-06
 Reference value :  2.51763e-06
 Reference value :  2.51815e-06
 Reference value :  2.51867e-06
 Reference value :  2.51917e-06
 Reference value :  2.51969e-06
 Reference value :  2.52021e-06
 Reference value :  2.52071e-06
 Reference value :  2.52121e-06
 Reference value :  2.52171e-06
 Reference value :  2.52221e-06
 Reference value :  2.52277e-06
 Reference value :  2.52333e-06
 Reference value :  2.52385e-06
 Reference value :  2.52437e-06
 Reference value :  2.52487e-06
 Reference value :  2.52537e-06
 Reference value :  2.52587e-06
 Reference value :  2.52639e-06
 Reference value :  2.52689e-06
 Reference value :  2.52739e-06
 Reference value :  2.52789e-06
 Reference value :  2.52839e-06
 Reference value :  2.52891e-06
 Reference value :  2.52943e-06
 Reference value :  2.52995e-06
 Reference value :  2.53045e-06
 Reference value :  2.53097e-06
 Reference value :  2.53147e-06
 Reference value :  2.53195e-06
 Reference value :  2.53247e-06
 Reference value :  2.53297e-06
 Reference value :  2.53351e-06
 Reference value :  2.53403e-06
 Reference value :  2.53457e-06
 Reference value :  2.53509e-06
 Reference value :  2.53559e-06
 Reference value :  2.53607e-06
 Reference value :  2.53659e-06
 Reference value :  2.53709e-06
 Reference value :  2.53761e-06
 Reference value :  2.53813e-06
 Reference value :  2.53867e-06
 Reference value :  2.53919e-06
 Reference value :  2.53971e-06
 Reference value :  2.54023e-06
 Reference value :  2.54073e-06
 Reference value :  2.54123e-06
 Reference value :  2.54175e-06
 Reference value :  2.54227e-06
 Reference value :  2.54279e-06
 Reference value :  2.54327e-06
 Reference value :  2.54377e-06
 Reference value :  2.54431e-06
 Reference value :  2.54483e-06
 Reference value :  2.54535e-06
 Reference value :  2.54587e-06
 Reference value :  2.54639e-06
 Reference value :  2.54691e-06
 Reference value :  2.54743e-06
 Reference value :  2.54793e-06
 Reference value :  2.54847e-06
 Reference value :  2.54897e-06
 Reference value :  2.54949e-06
 Reference value :  2.55001e-06
 Reference value :  2.55053e-06
 Reference value :  2.55105e-06
 Reference value :  2.55155e-06
 Reference value :  2.55209e-06
 Reference value :  2.55261e-06
 Reference value :  2.55315e-06
 Reference value :  2.55367e-06
 Reference value :  2.55417e-06
 Reference value :  2.55469e-06
 Reference value :  2.55521e-06
 Reference value :  2.55573e-06
 Reference value :  2.55623e-06
 Reference value :  2.55673e-06
 Reference value :  2.55725e-06
 Reference value :  2.55775e-06
 Reference value :  2.55825e-06
 Reference value :  2.55875e-06
 Reference value :  2.55925e-06
 Reference value :  2.55977e-06
 Reference value :  2.56029e-06
 Reference value :  2.56081e-06
 Reference value :  2.56133e-06
 Reference value :  2.56183e-06
 Reference value :  2.56233e-06
 Reference value :  2.56285e-06
 Reference value :  2.56339e-06
 Reference value :  2.56391e-06
 Reference value :  2.56441e-06
 Reference value :  2.56491e-06
 Reference value :  2.56539e-06
 Reference value :  2.56591e-06
 Reference value :  2.56643e-06
 Reference value :  2.56695e-06
 Reference value :  2.56743e-06
 Reference value :  2.56795e-06
 Reference value :  2.56845e-06
 Reference value :  2.56895e-06
 Reference value :  2.56945e-06
 Reference value :  2.56997e-06
 Reference value :  2.57047e-06
 Reference value :  2.57099e-06
 Reference value :  2.57149e-06
 Reference value :  2.57201e-06
 Reference value :  2.57253e-06
 Reference value :  2.57305e-06
 Reference value :  2.57357e-06
 Reference value :  2.57409e-06
 Reference value :  2.57459e-06
 Reference value :  2.57509e-06
 Reference value :  2.57559e-06
 Reference value :  2.57611e-06
 Reference value :  2.57665e-06
 Reference value :  2.57717e-06
 Reference value :  2.57767e-06
 Reference value :  2.57817e-06
 Reference value :  2.57869e-06
 Reference value :  2.57921e-06
 Reference value :  2.57973e-06
 Reference value :  2.58025e-06
 Reference value :  2.58075e-06
 Reference value :  2.58127e-06
 Reference value :  2.58179e-06
 Reference value :  2.58231e-06
 Reference value :  2.58283e-06
 Reference value :  2.58335e-06
 Reference value :  2.58387e-06
 Reference value :  2.58439e-06
 Reference value :  2.58491e-06
 Reference value :  2.58543e-06
 Reference value :  2.58593e-06
 Reference value :  2.58645e-06
 Reference value :  2.58697e-06
 Reference value :  2.58749e-06
 Reference value :  2.58799e-06
 Reference value :  2.58849e-06
 Reference value :  2.58899e-06
 Reference value :  2.58953e-06
 Reference value :  2.59005e-06
 Reference value :  2.59055e-06
 Reference value :  2.59105e-06
 Reference value :  2.59157e-06
 Reference value :  2.59209e-06
 Reference value :  2.59259e-06
 Reference value :  2.59307e-06
 Reference value :  2.59359e-06
 Reference value :  2.59411e-06
 Reference value :  2.59461e-06
 Reference value :  2.59513e-06
 Reference value :  2.59565e-06
 Reference value :  2.59617e-06
 Reference value :  2.59667e-06
 Reference value :  2.59717e-06
 Reference value :  2.59767e-06
 Reference value :  2.59817e-06
 Reference value :  2.59869e-06
 Reference value :  2.59919e-06
 Reference value :  2.59971e-06
 Reference value :  2.60021e-06
 Reference value :  2.60071e-06
 Reference value :  2.60123e-06
 Reference value :  2.60173e-06
 Reference value :  2.60223e-06
 Reference value :  2.60275e-06
 Reference value :  2.60327e-06
 Reference value :  2.60377e-06
 Reference value :  2.60427e-06
 Reference value :  2.60479e-06
 Reference value :  2.60529e-06
 Reference value :  2.60581e-06
 Reference value :  2.60631e-06
 Reference value :  2.60683e-06
 Reference value :  2.60737e-06
 Reference value :  2.60791e-06
 Reference value :  2.60843e-06
 Reference value :  2.60895e-06
 Reference value :  2.60947e-06
 Reference value :  2.60999e-06
 Reference value :  2.61053e-06
 Reference value :  2.61105e-06
 Reference value :  2.61155e-06
 Reference value :  2.61207e-06
 Reference value :  2.61257e-06
 Reference value :  2.61309e-06
 Reference value :  2.61361e-06
 Reference value :  2.61413e-06
 Reference value :  2.61463e-06
 Reference value :  2.61513e-06
 Reference value :  2.61563e-06
 Reference value :  2.61615e-06
 Reference value :  2.61667e-06
 Reference value :  2.61717e-06
 Reference value :  2.61767e-06
 Reference value :  2.61817e-06
 Reference value :  2.61869e-06
 Reference value :  2.61921e-06
 Reference value :  2.61971e-06
 Reference value :  2.62023e-06
 Reference value :  2.62075e-06
 Reference value :  2.62127e-06
 Reference value :  2.62179e-06
 Reference value :  2.62231e-06
 Reference value :  2.62283e-06
 Reference value :  2.62335e-06
 Reference value :  2.62383e-06
 Reference value :  2.62435e-06
 Reference value :  2.62487e-06
 Reference value :  2.62539e-06
 Reference value :  2.62589e-06
 Reference value :  2.62641e-06
 Reference value :  2.62691e-06
 Reference value :  2.62745e-06
 Reference value :  2.62795e-06
 Reference value :  2.62845e-06
 Reference value :  2.62895e-06
 Reference value :  2.62945e-06
 Reference value :  2.62997e-06
 Reference value :  2.63047e-06
 Reference value :  2.63097e-06
 Reference value :  2.63147e-06
 Reference value :  2.63195e-06
 Reference value :  2.63247e-06
 Reference value :  2.63299e-06
 Reference value :  2.63351e-06
 Reference value :  2.63403e-06
 Reference value :  2.63455e-06
 Reference value :  2.63507e-06
 Reference value :  2.63559e-06
 Reference value :  2.63609e-06
 Reference value :  2.63657e-06
 Reference value :  2.63709e-06
 Reference value :  2.63761e-06
 Reference value :  2.63811e-06
 Reference value :  2.63861e-06
 Reference value :  2.63911e-06
 Reference value :  2.63961e-06
 Reference value :  2.64011e-06
 Reference value :  2.64061e-06
 Reference value :  2.64115e-06
 Reference value :  2.64167e-06
 Reference value :  2.64217e-06
 Reference value :  2.64267e-06
 Reference value :  2.64317e-06
 Reference value :  2.64369e-06
 Reference value :  2.64421e-06
 Reference value :  2.64471e-06
 Reference value :  2.64521e-06
 Reference value :  2.64573e-06
 Reference value :  2.64625e-06
 Reference value :  2.64677e-06
 Reference value :  2.64729e-06
 Reference value :  2.64781e-06
 Reference value :  2.64831e-06
 Reference value :  2.64883e-06
 Reference value :  2.64935e-06
 Reference value :  2.64985e-06
 Reference value :  2.65037e-06
 Reference value :  2.65089e-06
 Reference value :  2.65141e-06
 Reference value :  2.65191e-06
 Reference value :  2.65241e-06
 Reference value :  2.65291e-06
 Reference value :  2.65341e-06
 Reference value :  2.65393e-06
 Reference value :  2.65447e-06
 Reference value :  2.65497e-06
 Reference value :  2.65547e-06
 Reference value :  2.65599e-06
 Reference value :  2.65649e-06
 Reference value :  2.65701e-06
 Reference value :  2.65755e-06
 Reference value :  2.65805e-06
 Reference value :  2.65857e-06
 Reference value :  2.65909e-06
 Reference value :  2.65959e-06
 Reference value :  2.66009e-06
 Reference value :  2.66061e-06
 Reference value :  2.66111e-06
 Reference value :  2.66163e-06
 Reference value :  2.66215e-06
 Reference value :  2.66267e-06
 Reference value :  2.66317e-06
 Reference value :  2.66369e-06
 Reference value :  2.66421e-06
 Reference value :  2.66473e-06
 Reference value :  2.66523e-06
 Reference value :  2.66575e-06
 Reference value :  2.66627e-06
 Reference value :  2.66677e-06
 Reference value :  2.66727e-06
 Reference value :  2.66779e-06
 Reference value :  2.66829e-06
 Reference value :  2.66879e-06
 Reference value :  2.66931e-06
 Reference value :  2.66981e-06
 Reference value :  2.67031e-06
 Reference value :  2.67083e-06
 Reference value :  2.67135e-06
 Reference value :  2.67187e-06
 Reference value :  2.67241e-06
 Reference value :  2.67293e-06
 Reference value :  2.67345e-06
 Reference value :  2.67397e-06
 Reference value :  2.67449e-06
 Reference value :  2.67501e-06
 Reference value :  2.67553e-06
 Reference value :  2.67603e-06
 Reference value :  2.67655e-06
 Reference value :  2.67705e-06
 Reference value :  2.67757e-06
 Reference value :  2.67809e-06
 Reference value :  2.67859e-06
 Reference value :  2.67911e-06
 Reference value :  2.67961e-06
 Reference value :  2.68013e-06
 Reference value :  2.68065e-06
 Reference value :  2.68117e-06
 Reference value :  2.68169e-06
 Reference value :  2.68221e-06
 Reference value :  2.68271e-06
 Reference value :  2.68323e-06
 Reference value :  2.68373e-06
 Reference value :  2.68425e-06
 Reference value :  2.68475e-06
 Reference value :  2.68525e-06
 Reference value :  2.68577e-06
 Reference value :  2.68629e-06
 Reference value :  2.68679e-06
 Reference value :  2.68731e-06
 Reference value :  2.68783e-06
 Reference value :  2.68837e-06
 Reference value :  2.68887e-06
 Reference value :  2.68939e-06
 Reference value :  2.68991e-06
 Reference value :  2.69043e-06
 Reference value :  2.69095e-06
 Reference value :  2.69147e-06
 Reference value :  2.69197e-06
 Reference value :  2.69247e-06
 Reference value :  2.69299e-06
 Reference value :  2.69349e-06
 Reference value :  2.69401e-06
 Reference value :  2.69453e-06
 Reference value :  2.69505e-06
 Reference value :  2.69557e-06
 Reference value :  2.69607e-06
 Reference value :  2.69657e-06
 Reference value :  2.69711e-06
 Reference value :  2.69763e-06
 Reference value :  2.69815e-06
 Reference value :  2.69865e-06
 Reference value :  2.69915e-06
 Reference value :  2.69967e-06
 Reference value :  2.70019e-06
 Reference value :  2.70069e-06
 Reference value :  2.70119e-06
 Reference value :  2.70169e-06
 Reference value :  2.70219e-06
 Reference value :  2.70271e-06
 Reference value :  2.70321e-06
 Reference value :  2.70373e-06
 Reference value :  2.70425e-06
 Reference value :  2.70477e-06
 Reference value :  2.70527e-06
 Reference value :  2.70579e-06
 Reference value :  2.70629e-06
 Reference value :  2.70679e-06
 Reference value :  2.70731e-06
 Reference value :  2.70785e-06
 Reference value :  2.70835e-06
 Reference value :  2.70885e-06
 Reference value :  2.70939e-06
 Reference value :  2.70989e-06
 Reference value :  2.71039e-06
 Reference value :  2.71087e-06
 Reference value :  2.71139e-06
 Reference value :  2.71193e-06
 Reference value :  2.71245e-06
 Reference value :  2.71295e-06
 Reference value :  2.71345e-06
 Reference value :  2.71397e-06
 Reference value :  2.71449e-06
 Reference value :  2.71499e-06
 Reference value :  2.71551e-06
 Reference value :  2.71603e-06
 Reference value :  2.71653e-06
 Reference value :  2.71703e-06
 Reference value :  2.71755e-06
 Reference value :  2.71807e-06
 Reference value :  2.71855e-06
 Reference value :  2.71907e-06
 Reference value :  2.71957e-06
 Reference value :  2.72007e-06
 Reference value :  2.72057e-06
 Reference value :  2.72105e-06
 Reference value :  2.72153e-06
 Reference value :  2.72203e-06
 Reference value :  2.72255e-06
 Reference value :  2.72307e-06
 Reference value :  2.72359e-06
 Reference value :  2.72411e-06
 Reference value :  2.72463e-06
 Reference value :  2.72517e-06
 Reference value :  2.72567e-06
 Reference value :  2.72617e-06
 Reference value :  2.72667e-06
 Reference value :  2.72717e-06
 Reference value :  2.72769e-06
 Reference value :  2.72821e-06
 Reference value :  2.72871e-06
 Reference value :  2.72921e-06
 Reference value :  2.72973e-06
 Reference value :  2.73025e-06
 Reference value :  2.73077e-06
 Reference value :  2.73129e-06
 Reference value :  2.73181e-06
 Reference value :  2.73231e-06
 Reference value :  2.73283e-06
 Reference value :  2.73333e-06
 Reference value :  2.73383e-06
 Reference value :  2.73433e-06
 Reference value :  2.73483e-06
 Reference value :  2.73533e-06
 Reference value :  2.73583e-06
 Reference value :  2.73635e-06
 Reference value :  2.73685e-06
 Reference value :  2.73735e-06
 Reference value :  2.73789e-06
 Reference value :  2.73839e-06
 Reference value :  2.73893e-06
 Reference value :  2.73945e-06
 Reference value :  2.73995e-06
 Reference value :  2.74045e-06
 Reference value :  2.74097e-06
 Reference value :  2.74147e-06
 Reference value :  2.74199e-06
 Reference value :  2.74251e-06
 Reference value :  2.74301e-06
 Reference value :  2.74353e-06
 Reference value :  2.74403e-06
 Reference value :  2.74451e-06
 Reference value :  2.74503e-06
 Reference value :  2.74555e-06
 Reference value :  2.74605e-06
 Reference value :  2.74655e-06
 Reference value :  2.74707e-06
 Reference value :  2.74759e-06
 Reference value :  2.74811e-06
 Reference value :  2.74863e-06
 Reference value :  2.74915e-06
 Reference value :  2.74967e-06
 Reference value :  2.75017e-06
 Reference value :  2.75067e-06
 Reference value :  2.75119e-06
 Reference value :  2.75169e-06
 Reference value :  2.75223e-06
 Reference value :  2.75275e-06
 Reference value :  2.75325e-06
 Reference value :  2.75379e-06
 Reference value :  2.75431e-06
 Reference value :  2.75481e-06
 Reference value :  2.75533e-06
 Reference value :  2.75583e-06
 Reference value :  2.75633e-06
 Reference value :  2.75685e-06
 Reference value :  2.75737e-06
 Reference value :  2.75787e-06
 Reference value :  2.75839e-06
 Reference value :  2.75889e-06
 Reference value :  2.75941e-06
 Reference value :  2.75993e-06
 Reference value :  2.76045e-06
 Reference value :  2.76097e-06
 Reference value :  2.76145e-06
 Reference value :  2.76197e-06
 Reference value :  2.76247e-06
 Reference value :  2.76297e-06
 Reference value :  2.76347e-06
 Reference value :  2.76397e-06
 Reference value :  2.76447e-06
 Reference value :  2.76497e-06
 Reference value :  2.76547e-06
 Reference value :  2.76599e-06
 Reference value :  2.76651e-06
 Reference value :  2.76703e-06
 Reference value :  2.76751e-06
 Reference value :  2.76803e-06
 Reference value :  2.76855e-06
 Reference value :  2.76905e-06
 Reference value :  2.76953e-06
 Reference value :  2.77003e-06
 Reference value :  2.77053e-06
 Reference value :  2.77105e-06
 Reference value :  2.77155e-06
 Reference value :  2.77207e-06
 Reference value :  2.77259e-06
 Reference value :  2.77311e-06
 Reference value :  2.77361e-06
 Reference value :  2.77413e-06
 Reference value :  2.77465e-06
 Reference value :  2.77517e-06
 Reference value :  2.77567e-06
 Reference value :  2.77619e-06
 Reference value :  2.77669e-06
 Reference value :  2.77719e-06
 Reference value :  2.77771e-06
 Reference value :  2.77821e-06
 Reference value :  2.77873e-06
 Reference value :  2.77925e-06
 Reference value :  2.77977e-06
 Reference value :  2.78027e-06
 Reference value :  2.78077e-06
 Reference value :  2.78127e-06
 Reference value :  2.78177e-06
 Reference value :  2.78229e-06
 Reference value :  2.78281e-06
 Reference value :  2.78331e-06
 Reference value :  2.78381e-06
 Reference value :  2.78433e-06
 Reference value :  2.78483e-06
 Reference value :  2.78535e-06
 Reference value :  2.78585e-06
 Reference value :  2.78637e-06
 Reference value :  2.78687e-06
 Reference value :  2.78735e-06
 Reference value :  2.78785e-06
 Reference value :  2.78835e-06
 Reference value :  2.78887e-06
 Reference value :  2.78937e-06
 Reference value :  2.78989e-06
 Reference value :  2.79041e-06
 Reference value :  2.79091e-06
 Reference value :  2.79141e-06
 Reference value :  2.79191e-06
 Reference value :  2.79243e-06
 Reference value :  2.79295e-06
 Reference value :  2.79347e-06
 Reference value :  2.79399e-06
 Reference value :  2.79449e-06
 Reference value :  2.79499e-06
 Reference value :  2.79549e-06
 Reference value :  2.79601e-06
 Reference value :  2.79651e-06
 Reference value :  2.79705e-06
 Reference value :  2.79757e-06
 Reference value :  2.79809e-06
 Reference value :  2.79859e-06
 Reference value :  2.79909e-06
 Reference value :  2.79961e-06
 Reference value :  2.80011e-06
 Reference value :  2.80061e-06
 Reference value :  2.80113e-06
 Reference value :  2.80163e-06
 Reference value :  2.80215e-06
 Reference value :  2.80265e-06
 Reference value :  2.80315e-06
 Reference value :  2.80369e-06
 Reference value :  2.80421e-06
 Reference value :  2.80473e-06
 Reference value :  2.80525e-06
 Reference value :  2.80573e-06
 Reference value :  2.80623e-06
 Reference value :  2.80675e-06
 Reference value :  2.80727e-06
 Reference value :  2.80779e-06
 Reference value :  2.80831e-06
 Reference value :  2.80883e-06
 Reference value :  2.80933e-06
 Reference value :  2.80985e-06
 Reference value :  2.81039e-06
 Reference value :  2.81089e-06
 Reference value :  2.81141e-06
 Reference value :  2.81191e-06
 Reference value :  2.81243e-06
 Reference value :  2.81293e-06
 Reference value :  2.81345e-06
 Reference value :  2.81397e-06
 Reference value :  2.81449e-06
 Reference value :  2.81499e-06
 Reference value :  2.81549e-06
 Reference value :  2.81599e-06
 Reference value :  2.81651e-06
 Reference value :  2.81701e-06
 Reference value :  2.81753e-06
 Reference value :  2.81805e-06
 Reference value :  2.81857e-06
 Reference value :  2.81909e-06
 Reference value :  2.81961e-06
 Reference value :  2.82011e-06
 Reference value :  2.82061e-06
 Reference value :  2.82113e-06
 Reference value :  2.82165e-06
 Reference value :  2.82219e-06
 Reference value :  2.82269e-06
 Reference value :  2.82321e-06
 Reference value :  2.82373e-06
 Reference value :  2.82423e-06
 Reference value :  2.82475e-06
 Reference value :  2.82527e-06
 Reference value :  2.82577e-06
 Reference value :  2.82629e-06
 Reference value :  2.82681e-06
 Reference value :  2.82733e-06
 Reference value :  2.82783e-06
 Reference value :  2.82835e-06
 Reference value :  2.82887e-06
 Reference value :  2.82935e-06
 Reference value :  2.82987e-06
 Reference value :  2.83037e-06
 Reference value :  2.83089e-06
 Reference value :  2.83141e-06
 Reference value :  2.83193e-06
 Reference value :  2.83245e-06
 Reference value :  2.83297e-06
 Reference value :  2.83349e-06
 Reference value :  2.83401e-06
 Reference value :  2.83453e-06
 Reference value :  2.83505e-06
 Reference value :  2.83557e-06
 Reference value :  2.83607e-06
 Reference value :  2.83659e-06
 Reference value :  2.83713e-06
 Reference value :  2.83765e-06
 Reference value :  2.83819e-06
 Reference value :  2.83869e-06
 Reference value :  2.83921e-06
 Reference value :  2.83971e-06
 Reference value :  2.84023e-06
 Reference value :  2.84075e-06
 Reference value :  2.84125e-06
 Reference value :  2.84175e-06
 Reference value :  2.84225e-06
 Reference value :  2.84275e-06
 Reference value :  2.84327e-06
 Reference value :  2.84379e-06
 Reference value :  2.84431e-06
 Reference value :  2.84481e-06
 Reference value :  2.84531e-06
 Reference value :  2.84581e-06
 Reference value :  2.84633e-06
 Reference value :  2.84685e-06
 Reference value :  2.84735e-06
 Reference value :  2.84785e-06
 Reference value :  2.84837e-06
 Reference value :  2.84891e-06
 Reference value :  2.84943e-06
 Reference value :  2.84995e-06
 Reference value :  2.85045e-06
 Reference value :  2.85097e-06
 Reference value :  2.85149e-06
 Reference value :  2.85201e-06
 Reference value :  2.85253e-06
 Reference value :  2.85305e-06
 Reference value :  2.85357e-06
 Reference value :  2.85409e-06
 Reference value :  2.85459e-06
 Reference value :  2.85511e-06
 Reference value :  2.85561e-06
 Reference value :  2.85613e-06
 Reference value :  2.85663e-06
 Reference value :  2.85715e-06
 Reference value :  2.85765e-06
 Reference value :  2.85817e-06
 Reference value :  2.85867e-06
 Reference value :  2.85919e-06
 Reference value :  2.85971e-06
 Reference value :  2.86023e-06
 Reference value :  2.86075e-06
 Reference value :  2.86125e-06
 Reference value :  2.86173e-06
 Reference value :  2.86225e-06
 Reference value :  2.86275e-06
 Reference value :  2.86327e-06
 Reference value :  2.86377e-06
 Reference value :  2.86429e-06
 Reference value :  2.86479e-06
 Reference value :  2.86531e-06
 Reference value :  2.86585e-06
 Reference value :  2.86637e-06
 Reference value :  2.86689e-06
 Reference value :  2.86739e-06
 Reference value :  2.86791e-06
 Reference value :  2.86841e-06
 Reference value :  2.86893e-06
 Reference value :  2.86945e-06
 Reference value :  2.86997e-06
 Reference value :  2.87049e-06
 Reference value :  2.87099e-06
 Reference value :  2.87151e-06
 Reference value :  2.87203e-06
 Reference value :  2.87257e-06
 Reference value :  2.87309e-06
 Reference value :  2.87359e-06
 Reference value :  2.87411e-06
 Reference value :  2.87461e-06
 Reference value :  2.87513e-06
 Reference value :  2.87565e-06
 Reference value :  2.87615e-06
 Reference value :  2.87667e-06
 Reference value :  2.87717e-06
 Reference value :  2.87767e-06
 Reference value :  2.87821e-06
 Reference value :  2.87871e-06
 Reference value :  2.87923e-06
 Reference value :  2.87973e-06
 Reference value :  2.88025e-06
 Reference value :  2.88077e-06
 Reference value :  2.88129e-06
 Reference value :  2.88181e-06
 Reference value :  2.88233e-06
 Reference value :  2.88285e-06
 Reference value :  2.88337e-06
 Reference value :  2.88389e-06
 Reference value :  2.88441e-06
 Reference value :  2.88493e-06
 Reference value :  2.88545e-06
 Reference value :  2.88595e-06
 Reference value :  2.88645e-06
 Reference value :  2.88697e-06
 Reference value :  2.88749e-06
 Reference value :  2.88797e-06
 Reference value :  2.88847e-06
 Reference value :  2.88901e-06
 Reference value :  2.88953e-06
 Reference value :  2.89005e-06
 Reference value :  2.89059e-06
 Reference value :  2.89109e-06
 Reference value :  2.89159e-06
 Reference value :  2.89211e-06
 Reference value :  2.89261e-06
 Reference value :  2.89313e-06
 Reference value :  2.89365e-06
 Reference value :  2.89417e-06
 Reference value :  2.89469e-06
 Reference value :  2.89519e-06
 Reference value :  2.89569e-06
 Reference value :  2.89619e-06
 Reference value :  2.89671e-06
 Reference value :  2.89721e-06
 Reference value :  2.89773e-06
 Reference value :  2.89823e-06
 Reference value :  2.89875e-06
 Reference value :  2.89929e-06
 Reference value :  2.89983e-06
 Reference value :  2.90035e-06
 Reference value :  2.90087e-06
 Reference value :  2.90137e-06
 Reference value :  2.90187e-06
 Reference value :  2.90239e-06
 Reference value :  2.90291e-06
 Reference value :  2.90341e-06
 Reference value :  2.90391e-06
 Reference value :  2.90443e-06
 Reference value :  2.90493e-06
 Reference value :  2.90545e-06
 Reference value :  2.90597e-06
 Reference value :  2.90649e-06
 Reference value :  2.90701e-06
 Reference value :  2.90751e-06
 Reference value :  2.90801e-06
 Reference value :  2.90851e-06
 Reference value :  2.90901e-06
 Reference value :  2.90953e-06
 Reference value :  2.91003e-06
 Reference value :  2.91055e-06
 Reference value :  2.91107e-06
 Reference value :  2.91159e-06
 Reference value :  2.91209e-06
 Reference value :  2.91259e-06
 Reference value :  2.91311e-06
 Reference value :  2.91361e-06
 Reference value :  2.91411e-06
 Reference value :  2.91463e-06
 Reference value :  2.91513e-06
 Reference value :  2.91563e-06
 Reference value :  2.91613e-06
 Reference value :  2.91665e-06
 Reference value :  2.91717e-06
 Reference value :  2.91769e-06
 Reference value :  2.91821e-06
 Reference value :  2.91873e-06
 Reference value :  2.91923e-06
 Reference value :  2.91975e-06
 Reference value :  2.92029e-06
 Reference value :  2.92081e-06
 Reference value :  2.92133e-06
 Reference value :  2.92185e-06
 Reference value :  2.92237e-06
 Reference value :  2.92289e-06
 Reference value :  2.92341e-06
 Reference value :  2.92391e-06
 Reference value :  2.92443e-06
 Reference value :  2.92493e-06
 Reference value :  2.92543e-06
 Reference value :  2.92595e-06
 Reference value :  2.92647e-06
 Reference value :  2.92699e-06
 Reference value :  2.92751e-06
 Reference value :  2.92801e-06
 Reference value :  2.92853e-06
 Reference value :  2.92903e-06
 Reference value :  2.92955e-06
 Reference value :  2.93007e-06
 Reference value :  2.93057e-06
 Reference value :  2.93109e-06
 Reference value :  2.93161e-06
 Reference value :  2.93213e-06
 Reference value :  2.93265e-06
 Reference value :  2.93319e-06
 Reference value :  2.93371e-06
 Reference value :  2.93421e-06
 Reference value :  2.93473e-06
 Reference value :  2.93527e-06
 Reference value :  2.93579e-06
 Reference value :  2.93631e-06
 Reference value :  2.93683e-06
 Reference value :  2.93735e-06
 Reference value :  2.93785e-06
 Reference value :  2.93835e-06
 Reference value :  2.93887e-06
 Reference value :  2.93939e-06
 Reference value :  2.93991e-06
 Reference value :  2.94041e-06
 Reference value :  2.94091e-06
 Reference value :  2.94143e-06
 Reference value :  2.94195e-06
 Reference value :  2.94245e-06
 Reference value :  2.94297e-06
 Reference value :  2.94349e-06
 Reference value :  2.94401e-06
 Reference value :  2.94453e-06
 Reference value :  2.94505e-06
 Reference value :  2.94557e-06
 Reference value :  2.94611e-06
 Reference value :  2.94661e-06
 Reference value :  2.94711e-06
 Reference value :  2.94763e-06
 Reference value :  2.94815e-06
 Reference value :  2.94867e-06
 Reference value :  2.94917e-06
 Reference value :  2.94969e-06
 Reference value :  2.95021e-06
 Reference value :  2.95073e-06
 Reference value :  2.95125e-06
 Reference value :  2.95177e-06
 Reference value :  2.95227e-06
 Reference value :  2.95277e-06
 Reference value :  2.95329e-06
 Reference value :  2.95381e-06
 Reference value :  2.95433e-06
 Reference value :  2.95483e-06
 Reference value :  2.95533e-06
 Reference value :  2.95585e-06
 Reference value :  2.95637e-06
 Reference value :  2.95687e-06
 Reference value :  2.95739e-06
 Reference value :  2.95791e-06
 Reference value :  2.95841e-06
 Reference value :  2.95893e-06
 Reference value :  2.95945e-06
 Reference value :  2.95995e-06
 Reference value :  2.96047e-06
 Reference value :  2.96097e-06
 Reference value :  2.96149e-06
 Reference value :  2.96201e-06
 Reference value :  2.96253e-06
 Reference value :  2.96303e-06
 Reference value :  2.96355e-06
 Reference value :  2.96407e-06
 Reference value :  2.96459e-06
 Reference value :  2.96509e-06
 Reference value :  2.96561e-06
 Reference value :  2.96613e-06
 Reference value :  2.96665e-06
 Reference value :  2.96715e-06
 Reference value :  2.96767e-06
 Reference value :  2.96819e-06
 Reference value :  2.96871e-06
 Reference value :  2.96923e-06
 Reference value :  2.96975e-06
 Reference value :  2.97025e-06
 Reference value :  2.97077e-06
 Reference value :  2.97129e-06
 Reference value :  2.97181e-06
 Reference value :  2.97233e-06
 Reference value :  2.97285e-06
 Reference value :  2.97335e-06
 Reference value :  2.97387e-06
 Reference value :  2.97439e-06
 Reference value :  2.97491e-06
 Reference value :  2.97543e-06
 Reference value :  2.97597e-06
 Reference value :  2.97649e-06
 Reference value :  2.97699e-06
 Reference value :  2.97751e-06
 Reference value :  2.97803e-06
 Reference value :  2.97855e-06
 Reference value :  2.97907e-06
 Reference value :  2.97959e-06
 Reference value :  2.98011e-06
 Reference value :  2.98065e-06
 Reference value :  2.98117e-06
 Reference value :  2.98169e-06
 Reference value :  2.98223e-06
 Reference value :  2.98273e-06
 Reference value :  2.98321e-06
 Reference value :  2.98373e-06
 Reference value :  2.98427e-06
 Reference value :  2.98479e-06
 Reference value :  2.98531e-06
 Reference value :  2.98583e-06
 Reference value :  2.98637e-06
 Reference value :  2.98689e-06
 Reference value :  2.98741e-06
 Reference value :  2.98793e-06
 Reference value :  2.98845e-06
 Reference value :  2.98899e-06
 Reference value :  2.98951e-06
 Reference value :  2.99003e-06
 Reference value :  2.99057e-06
 Reference value :  2.99109e-06
 Reference value :  2.99161e-06
 Reference value :  2.99213e-06
 Reference value :  2.99267e-06
 Reference value :  2.99319e-06
 Reference value :  2.99371e-06
 Reference value :  2.99423e-06
 Reference value :  2.99475e-06
 Reference value :  2.99527e-06
 Reference value :  2.99579e-06
 Reference value :  2.99631e-06
 Reference value :  2.99683e-06
 Reference value :  2.99735e-06
 Reference value :  2.99787e-06
 Reference value :  2.99839e-06
 Reference value :  2.99891e-06
 Reference value :  2.99945e-06
 Reference value :  2.99997e-06
No. of Data Rows : 150008
t1                  =  1.50333e-06
t2                  =  1.52228e-06
t9                  =  1.65492e-06
vout_avg            =  5.90702e-01 from=  1.50000e-06 to=  3.00000e-06
Note: Simulation executed from .control section 
Note: Starting dynamic gmin stepping
Note: Dynamic gmin stepping completed
Note: Starting dynamic gmin stepping
Note: Dynamic gmin stepping completed
