
Note: No compatibility mode selected!


Circuit: * tt_analog_ring code sweep: code=224

Doing analysis at TEMP = 27.000000 and TNOM = 27.000000

Using SPARSE 1.3 as Direct Linear Solver
 Reference value :  0.00000e+00
No. of Data Rows : 1
OP idd=0.000564069 vbp=0.480196 vbn=0.558396
Doing analysis at TEMP = 27.000000 and TNOM = 27.000000

Using SPARSE 1.3 as Direct Linear Solver

Initial Transient Solution
--------------------------

Node                                   Voltage
----                                   -------
vpwr                                       1.2
enable                                     1.2
code[0]                                      0
code[1]                                      0
code[2]                                      0
code[3]                                      0
code[4]                                      0
code[5]                                    1.2
code[6]                                    1.2
code[7]                                    1.2
xdut.vbp                              0.480196
xdut.vbn                              0.558396
xdut.n0                              0.0466173
xdut.p0                                1.14331
xdut.na0                             0.0514059
xdut.s0                               0.605048
xdut.s10                              0.577761
xdut.n1                              0.0381566
xdut.p1                                1.15346
xdut.s1                               0.605048
xdut.n2                              0.0381566
xdut.p2                                1.15346
xdut.s2                               0.605048
xdut.n3                              0.0381566
xdut.p3                                1.15346
xdut.s3                               0.605048
xdut.n4                              0.0381566
xdut.p4                                1.15346
xdut.s4                               0.605048
xdut.n5                              0.0381566
xdut.p5                                1.15346
xdut.s5                               0.605048
xdut.n6                              0.0381566
xdut.p6                                1.15346
xdut.s6                               0.605048
xdut.n7                              0.0381566
xdut.p7                                1.15346
xdut.s7                               0.605053
xdut.n8                              0.0381566
xdut.p8                                1.15346
xdut.s8                               0.604965
xdut.n9                              0.0381572
xdut.p9                                1.15346
xdut.s9                                0.60656
xdut.n10                             0.0381392
xdut.p10                               1.15348
xdut.b1                                 1.0559
clk_out                            2.98019e-06
vc7#branch                        -6.26382e-08
vc6#branch                        -3.13191e-08
vc5#branch                        -1.56596e-08
vc4#branch                          1.4946e-13
vc3#branch                         7.47299e-14
vc2#branch                         3.73649e-14
vc1#branch                         1.86825e-14
vc0#branch                         9.34123e-15
ven#branch                        -1.18726e-11
vdd#branch                        -0.000564069

 Reference value :  0.00000e+00
 Reference value :  1.02560e-09
 Reference value :  1.78560e-09
 Reference value :  2.36560e-09
 Reference value :  2.84560e-09
 Reference value :  3.38560e-09
 Reference value :  3.88560e-09
 Reference value :  4.36560e-09
 Reference value :  5.00560e-09
 Reference value :  5.56560e-09
 Reference value :  6.14560e-09
 Reference value :  6.74560e-09
 Reference value :  7.24560e-09
 Reference value :  7.72560e-09
 Reference value :  8.30560e-09
 Reference value :  8.70560e-09
 Reference value :  9.14560e-09
 Reference value :  9.76560e-09
 Reference value :  1.03256e-08
 Reference value :  1.08656e-08
 Reference value :  1.14856e-08
 Reference value :  1.20656e-08
 Reference value :  1.26456e-08
 Reference value :  1.32456e-08
 Reference value :  1.37856e-08
 Reference value :  1.43056e-08
 Reference value :  1.48456e-08
 Reference value :  1.53856e-08
 Reference value :  1.58656e-08
 Reference value :  1.63656e-08
 Reference value :  1.69056e-08
 Reference value :  1.73856e-08
 Reference value :  1.78856e-08
 Reference value :  1.83656e-08
 Reference value :  1.88456e-08
 Reference value :  1.93656e-08
 Reference value :  1.98656e-08
 Reference value :  2.03256e-08
 Reference value :  2.08056e-08
 Reference value :  2.13056e-08
 Reference value :  2.17856e-08
 Reference value :  2.22656e-08
 Reference value :  2.28056e-08
 Reference value :  2.33456e-08
 Reference value :  2.39256e-08
 Reference value :  2.45056e-08
 Reference value :  2.50856e-08
 Reference value :  2.56656e-08
 Reference value :  2.62456e-08
 Reference value :  2.68256e-08
 Reference value :  2.74456e-08
 Reference value :  2.79856e-08
 Reference value :  2.85256e-08
 Reference value :  2.91256e-08
 Reference value :  2.96456e-08
 Reference value :  3.01256e-08
 Reference value :  3.06456e-08
 Reference value :  3.11656e-08
 Reference value :  3.17056e-08
 Reference value :  3.23256e-08
 Reference value :  3.28656e-08
 Reference value :  3.34056e-08
 Reference value :  3.40056e-08
 Reference value :  3.45456e-08
 Reference value :  3.50856e-08
 Reference value :  3.56656e-08
 Reference value :  3.61056e-08
 Reference value :  3.65456e-08
 Reference value :  3.70056e-08
 Reference value :  3.74456e-08
 Reference value :  3.79056e-08
 Reference value :  3.83456e-08
 Reference value :  3.88856e-08
 Reference value :  3.93656e-08
 Reference value :  3.98056e-08
 Reference value :  4.03056e-08
 Reference value :  4.08456e-08
 Reference value :  4.13856e-08
 Reference value :  4.19656e-08
 Reference value :  4.25056e-08
 Reference value :  4.30656e-08
 Reference value :  4.36256e-08
 Reference value :  4.40656e-08
 Reference value :  4.45256e-08
 Reference value :  4.50256e-08
 Reference value :  4.55256e-08
 Reference value :  4.60056e-08
 Reference value :  4.64856e-08
 Reference value :  4.69656e-08
 Reference value :  4.74656e-08
 Reference value :  4.79456e-08
 Reference value :  4.85256e-08
 Reference value :  4.90056e-08
 Reference value :  4.95056e-08
 Reference value :  5.00456e-08
 Reference value :  5.05056e-08
 Reference value :  5.10056e-08
 Reference value :  5.15056e-08
 Reference value :  5.20056e-08
 Reference value :  5.24656e-08
 Reference value :  5.29256e-08
 Reference value :  5.34056e-08
 Reference value :  5.38656e-08
 Reference value :  5.43256e-08
 Reference value :  5.48056e-08
 Reference value :  5.52456e-08
 Reference value :  5.57256e-08
 Reference value :  5.61656e-08
 Reference value :  5.66456e-08
 Reference value :  5.70656e-08
 Reference value :  5.75456e-08
 Reference value :  5.80256e-08
 Reference value :  5.84856e-08
 Reference value :  5.89256e-08
 Reference value :  5.93656e-08
 Reference value :  5.98656e-08
 Reference value :  6.03056e-08
 Reference value :  6.07856e-08
 Reference value :  6.12856e-08
 Reference value :  6.17856e-08
 Reference value :  6.22256e-08
 Reference value :  6.26656e-08
 Reference value :  6.31656e-08
 Reference value :  6.36256e-08
 Reference value :  6.40656e-08
 Reference value :  6.45656e-08
 Reference value :  6.50456e-08
 Reference value :  6.54856e-08
 Reference value :  6.59656e-08
 Reference value :  6.64456e-08
 Reference value :  6.69056e-08
 Reference value :  6.73656e-08
 Reference value :  6.78656e-08
 Reference value :  6.83256e-08
 Reference value :  6.87856e-08
 Reference value :  6.92456e-08
 Reference value :  6.97056e-08
 Reference value :  7.01656e-08
 Reference value :  7.06456e-08
 Reference value :  7.11456e-08
 Reference value :  7.16056e-08
 Reference value :  7.20456e-08
 Reference value :  7.25256e-08
 Reference value :  7.30256e-08
 Reference value :  7.34856e-08
 Reference value :  7.39456e-08
 Reference value :  7.44656e-08
 Reference value :  7.49256e-08
 Reference value :  7.53656e-08
 Reference value :  7.58256e-08
 Reference value :  7.63056e-08
 Reference value :  7.67656e-08
 Reference value :  7.71256e-08
 Reference value :  7.76056e-08
 Reference value :  7.80856e-08
 Reference value :  7.85656e-08
 Reference value :  7.90256e-08
 Reference value :  7.94856e-08
 Reference value :  7.99656e-08
 Reference value :  8.04256e-08
 Reference value :  8.09656e-08
 Reference value :  8.14456e-08
 Reference value :  8.19056e-08
 Reference value :  8.24056e-08
 Reference value :  8.28456e-08
 Reference value :  8.33256e-08
 Reference value :  8.37656e-08
 Reference value :  8.42656e-08
 Reference value :  8.47256e-08
 Reference value :  8.51656e-08
 Reference value :  8.56656e-08
 Reference value :  8.61056e-08
 Reference value :  8.65456e-08
 Reference value :  8.70256e-08
 Reference value :  8.75056e-08
 Reference value :  8.80056e-08
 Reference value :  8.84856e-08
 Reference value :  8.90456e-08
 Reference value :  8.95456e-08
 Reference value :  9.00256e-08
 Reference value :  9.05656e-08
 Reference value :  9.10256e-08
 Reference value :  9.14656e-08
 Reference value :  9.19256e-08
 Reference value :  9.24056e-08
 Reference value :  9.28856e-08
 Reference value :  9.33256e-08
 Reference value :  9.38456e-08
 Reference value :  9.44056e-08
 Reference value :  9.49056e-08
 Reference value :  9.54456e-08
 Reference value :  9.58856e-08
 Reference value :  9.63856e-08
 Reference value :  9.69056e-08
 Reference value :  9.73656e-08
 Reference value :  9.78056e-08
 Reference value :  9.82656e-08
 Reference value :  9.88056e-08
 Reference value :  9.93456e-08
 Reference value :  9.99456e-08
 Reference value :  1.00506e-07
 Reference value :  1.01006e-07
 Reference value :  1.01546e-07
 Reference value :  1.02106e-07
 Reference value :  1.02646e-07
 Reference value :  1.03186e-07
 Reference value :  1.03686e-07
 Reference value :  1.04146e-07
 Reference value :  1.04646e-07
 Reference value :  1.05206e-07
 Reference value :  1.05746e-07
 Reference value :  1.06266e-07
 Reference value :  1.06846e-07
 Reference value :  1.07386e-07
 Reference value :  1.07906e-07
 Reference value :  1.08466e-07
 Reference value :  1.09006e-07
 Reference value :  1.09486e-07
 Reference value :  1.10086e-07
 Reference value :  1.10626e-07
 Reference value :  1.11146e-07
 Reference value :  1.11666e-07
 Reference value :  1.12166e-07
 Reference value :  1.12686e-07
 Reference value :  1.13266e-07
 Reference value :  1.13786e-07
 Reference value :  1.14266e-07
 Reference value :  1.14746e-07
 Reference value :  1.15186e-07
 Reference value :  1.15646e-07
 Reference value :  1.16106e-07
 Reference value :  1.16686e-07
 Reference value :  1.17186e-07
 Reference value :  1.17606e-07
 Reference value :  1.18106e-07
 Reference value :  1.18566e-07
 Reference value :  1.19026e-07
 Reference value :  1.19606e-07
 Reference value :  1.20126e-07
 Reference value :  1.20666e-07
 Reference value :  1.21186e-07
 Reference value :  1.21706e-07
 Reference value :  1.22246e-07
 Reference value :  1.22806e-07
 Reference value :  1.23326e-07
 Reference value :  1.23866e-07
 Reference value :  1.24426e-07
 Reference value :  1.24886e-07
 Reference value :  1.25406e-07
 Reference value :  1.25986e-07
 Reference value :  1.26486e-07
 Reference value :  1.26966e-07
 Reference value :  1.27446e-07
 Reference value :  1.27926e-07
 Reference value :  1.28426e-07
 Reference value :  1.28926e-07
 Reference value :  1.29486e-07
 Reference value :  1.30006e-07
 Reference value :  1.30506e-07
 Reference value :  1.31066e-07
 Reference value :  1.31526e-07
 Reference value :  1.32066e-07
 Reference value :  1.32626e-07
 Reference value :  1.33146e-07
 Reference value :  1.33666e-07
 Reference value :  1.34166e-07
 Reference value :  1.34686e-07
 Reference value :  1.35186e-07
 Reference value :  1.35686e-07
 Reference value :  1.36146e-07
 Reference value :  1.36586e-07
 Reference value :  1.37066e-07
 Reference value :  1.37546e-07
 Reference value :  1.38026e-07
 Reference value :  1.38506e-07
 Reference value :  1.39026e-07
 Reference value :  1.39486e-07
 Reference value :  1.39986e-07
 Reference value :  1.40486e-07
 Reference value :  1.40986e-07
 Reference value :  1.41426e-07
 Reference value :  1.41866e-07
 Reference value :  1.42366e-07
 Reference value :  1.42806e-07
 Reference value :  1.43246e-07
 Reference value :  1.43726e-07
 Reference value :  1.44166e-07
 Reference value :  1.44626e-07
 Reference value :  1.45066e-07
 Reference value :  1.45566e-07
 Reference value :  1.46006e-07
 Reference value :  1.46466e-07
 Reference value :  1.46926e-07
 Reference value :  1.47426e-07
 Reference value :  1.47866e-07
 Reference value :  1.48306e-07
 Reference value :  1.48806e-07
 Reference value :  1.49246e-07
 Reference value :  1.49686e-07
 Reference value :  1.50146e-07
 Reference value :  1.50646e-07
 Reference value :  1.51106e-07
 Reference value :  1.51566e-07
 Reference value :  1.52086e-07
 Reference value :  1.52526e-07
 Reference value :  1.52946e-07
 Reference value :  1.53406e-07
 Reference value :  1.53866e-07
 Reference value :  1.54326e-07
 Reference value :  1.54766e-07
 Reference value :  1.55286e-07
 Reference value :  1.55726e-07
 Reference value :  1.56166e-07
 Reference value :  1.56626e-07
 Reference value :  1.57086e-07
 Reference value :  1.57546e-07
 Reference value :  1.57986e-07
 Reference value :  1.58506e-07
 Reference value :  1.58946e-07
 Reference value :  1.59386e-07
 Reference value :  1.59846e-07
 Reference value :  1.60326e-07
 Reference value :  1.60786e-07
 Reference value :  1.61226e-07
 Reference value :  1.61726e-07
 Reference value :  1.62166e-07
 Reference value :  1.62606e-07
 Reference value :  1.63066e-07
 Reference value :  1.63546e-07
 Reference value :  1.63966e-07
 Reference value :  1.64406e-07
 Reference value :  1.64926e-07
 Reference value :  1.65386e-07
 Reference value :  1.65806e-07
 Reference value :  1.66266e-07
 Reference value :  1.66706e-07
 Reference value :  1.67186e-07
 Reference value :  1.67626e-07
 Reference value :  1.68106e-07
 Reference value :  1.68546e-07
 Reference value :  1.68966e-07
 Reference value :  1.69426e-07
 Reference value :  1.69886e-07
 Reference value :  1.70346e-07
 Reference value :  1.70786e-07
 Reference value :  1.71286e-07
 Reference value :  1.71766e-07
 Reference value :  1.72206e-07
 Reference value :  1.72686e-07
 Reference value :  1.73166e-07
 Reference value :  1.73626e-07
 Reference value :  1.74066e-07
 Reference value :  1.74566e-07
 Reference value :  1.75026e-07
 Reference value :  1.75486e-07
 Reference value :  1.75946e-07
 Reference value :  1.76406e-07
 Reference value :  1.76846e-07
 Reference value :  1.77306e-07
 Reference value :  1.77786e-07
 Reference value :  1.78226e-07
 Reference value :  1.78646e-07
 Reference value :  1.79086e-07
 Reference value :  1.79566e-07
 Reference value :  1.80026e-07
 Reference value :  1.80486e-07
 Reference value :  1.80966e-07
 Reference value :  1.81426e-07
 Reference value :  1.81886e-07
 Reference value :  1.82326e-07
 Reference value :  1.82846e-07
 Reference value :  1.83306e-07
 Reference value :  1.83746e-07
 Reference value :  1.84246e-07
 Reference value :  1.84666e-07
 Reference value :  1.85126e-07
 Reference value :  1.85566e-07
 Reference value :  1.86046e-07
 Reference value :  1.86466e-07
 Reference value :  1.86926e-07
 Reference value :  1.87386e-07
 Reference value :  1.87866e-07
 Reference value :  1.88366e-07
 Reference value :  1.88806e-07
 Reference value :  1.89286e-07
 Reference value :  1.89746e-07
 Reference value :  1.90226e-07
 Reference value :  1.90706e-07
 Reference value :  1.91186e-07
 Reference value :  1.91626e-07
 Reference value :  1.92086e-07
 Reference value :  1.92566e-07
 Reference value :  1.93026e-07
 Reference value :  1.93506e-07
 Reference value :  1.94006e-07
 Reference value :  1.94426e-07
 Reference value :  1.94846e-07
 Reference value :  1.95306e-07
 Reference value :  1.95806e-07
 Reference value :  1.96286e-07
 Reference value :  1.96746e-07
 Reference value :  1.97246e-07
 Reference value :  1.97706e-07
 Reference value :  1.98166e-07
 Reference value :  1.98626e-07
 Reference value :  1.99106e-07
 Reference value :  1.99566e-07
 Reference value :  2.00086e-07
 Reference value :  2.00586e-07
 Reference value :  2.01026e-07
 Reference value :  2.01506e-07
 Reference value :  2.01926e-07
 Reference value :  2.02366e-07
 Reference value :  2.02886e-07
 Reference value :  2.03426e-07
 Reference value :  2.04046e-07
 Reference value :  2.04626e-07
 Reference value :  2.05146e-07
 Reference value :  2.05726e-07
 Reference value :  2.06266e-07
 Reference value :  2.06866e-07
 Reference value :  2.07426e-07
 Reference value :  2.07946e-07
 Reference value :  2.08386e-07
 Reference value :  2.08846e-07
 Reference value :  2.09286e-07
 Reference value :  2.09726e-07
 Reference value :  2.10246e-07
 Reference value :  2.10646e-07
 Reference value :  2.11166e-07
 Reference value :  2.11726e-07
 Reference value :  2.12166e-07
 Reference value :  2.12706e-07
 Reference value :  2.13266e-07
 Reference value :  2.13826e-07
 Reference value :  2.14346e-07
 Reference value :  2.14826e-07
 Reference value :  2.15306e-07
 Reference value :  2.15806e-07
 Reference value :  2.16326e-07
 Reference value :  2.16946e-07
 Reference value :  2.17406e-07
 Reference value :  2.17846e-07
 Reference value :  2.18326e-07
 Reference value :  2.18786e-07
 Reference value :  2.19286e-07
 Reference value :  2.19866e-07
 Reference value :  2.20406e-07
 Reference value :  2.20886e-07
 Reference value :  2.21466e-07
 Reference value :  2.21986e-07
 Reference value :  2.22506e-07
 Reference value :  2.23086e-07
 Reference value :  2.23646e-07
 Reference value :  2.24186e-07
 Reference value :  2.24746e-07
 Reference value :  2.25246e-07
 Reference value :  2.25746e-07
 Reference value :  2.26326e-07
 Reference value :  2.26866e-07
 Reference value :  2.27386e-07
 Reference value :  2.27926e-07
 Reference value :  2.28426e-07
 Reference value :  2.28966e-07
 Reference value :  2.29506e-07
 Reference value :  2.29986e-07
 Reference value :  2.30446e-07
 Reference value :  2.30966e-07
 Reference value :  2.31546e-07
 Reference value :  2.32086e-07
 Reference value :  2.32566e-07
 Reference value :  2.33066e-07
 Reference value :  2.33526e-07
 Reference value :  2.34046e-07
 Reference value :  2.34626e-07
 Reference value :  2.35206e-07
 Reference value :  2.35766e-07
 Reference value :  2.36326e-07
 Reference value :  2.36826e-07
 Reference value :  2.37306e-07
 Reference value :  2.37826e-07
 Reference value :  2.38286e-07
 Reference value :  2.38806e-07
 Reference value :  2.39386e-07
 Reference value :  2.39886e-07
 Reference value :  2.40326e-07
 Reference value :  2.40826e-07
 Reference value :  2.41306e-07
 Reference value :  2.41846e-07
 Reference value :  2.42366e-07
 Reference value :  2.42926e-07
 Reference value :  2.43426e-07
 Reference value :  2.43906e-07
 Reference value :  2.44326e-07
 Reference value :  2.44646e-07
 Reference value :  2.45066e-07
 Reference value :  2.45546e-07
 Reference value :  2.46026e-07
 Reference value :  2.46466e-07
 Reference value :  2.46826e-07
 Reference value :  2.47306e-07
 Reference value :  2.47766e-07
 Reference value :  2.48246e-07
 Reference value :  2.48766e-07
 Reference value :  2.49246e-07
 Reference value :  2.49686e-07
 Reference value :  2.50126e-07
 Reference value :  2.50646e-07
 Reference value :  2.51126e-07
 Reference value :  2.51606e-07
 Reference value :  2.52146e-07
 Reference value :  2.52646e-07
 Reference value :  2.53146e-07
 Reference value :  2.53566e-07
 Reference value :  2.54066e-07
 Reference value :  2.54506e-07
 Reference value :  2.54966e-07
 Reference value :  2.55486e-07
 Reference value :  2.55926e-07
 Reference value :  2.56386e-07
 Reference value :  2.56846e-07
 Reference value :  2.57306e-07
 Reference value :  2.57746e-07
 Reference value :  2.58186e-07
 Reference value :  2.58686e-07
 Reference value :  2.59146e-07
 Reference value :  2.59566e-07
 Reference value :  2.60006e-07
 Reference value :  2.60466e-07
 Reference value :  2.60926e-07
 Reference value :  2.61366e-07
 Reference value :  2.61846e-07
 Reference value :  2.62266e-07
 Reference value :  2.62706e-07
 Reference value :  2.63126e-07
 Reference value :  2.63606e-07
 Reference value :  2.64066e-07
 Reference value :  2.64526e-07
 Reference value :  2.65006e-07
 Reference value :  2.65466e-07
 Reference value :  2.65926e-07
 Reference value :  2.66346e-07
 Reference value :  2.66806e-07
 Reference value :  2.67246e-07
 Reference value :  2.67686e-07
 Reference value :  2.68146e-07
 Reference value :  2.68626e-07
 Reference value :  2.69086e-07
 Reference value :  2.69506e-07
 Reference value :  2.70006e-07
 Reference value :  2.70466e-07
 Reference value :  2.70926e-07
 Reference value :  2.71386e-07
 Reference value :  2.71866e-07
 Reference value :  2.72326e-07
 Reference value :  2.72746e-07
 Reference value :  2.73226e-07
 Reference value :  2.73726e-07
 Reference value :  2.74226e-07
 Reference value :  2.74706e-07
 Reference value :  2.75206e-07
 Reference value :  2.75686e-07
 Reference value :  2.76146e-07
 Reference value :  2.76626e-07
 Reference value :  2.77086e-07
 Reference value :  2.77586e-07
 Reference value :  2.78126e-07
 Reference value :  2.78586e-07
 Reference value :  2.79046e-07
 Reference value :  2.79486e-07
 Reference value :  2.79946e-07
 Reference value :  2.80366e-07
 Reference value :  2.80826e-07
 Reference value :  2.81326e-07
 Reference value :  2.81826e-07
 Reference value :  2.82246e-07
 Reference value :  2.82686e-07
 Reference value :  2.83166e-07
 Reference value :  2.83626e-07
 Reference value :  2.84086e-07
 Reference value :  2.84586e-07
 Reference value :  2.85066e-07
 Reference value :  2.85526e-07
 Reference value :  2.85986e-07
 Reference value :  2.86446e-07
 Reference value :  2.86906e-07
 Reference value :  2.87386e-07
 Reference value :  2.87886e-07
 Reference value :  2.88346e-07
 Reference value :  2.88806e-07
 Reference value :  2.89266e-07
 Reference value :  2.89706e-07
 Reference value :  2.90186e-07
 Reference value :  2.90726e-07
 Reference value :  2.91246e-07
 Reference value :  2.91726e-07
 Reference value :  2.92266e-07
 Reference value :  2.92806e-07
 Reference value :  2.93306e-07
 Reference value :  2.93766e-07
 Reference value :  2.94286e-07
 Reference value :  2.94766e-07
 Reference value :  2.95206e-07
 Reference value :  2.95666e-07
 Reference value :  2.96146e-07
 Reference value :  2.96586e-07
 Reference value :  2.97026e-07
 Reference value :  2.97546e-07
 Reference value :  2.98006e-07
 Reference value :  2.98446e-07
 Reference value :  2.98926e-07
 Reference value :  2.99426e-07
 Reference value :  2.99906e-07
 Reference value :  3.00446e-07
 Reference value :  3.01006e-07
 Reference value :  3.01566e-07
 Reference value :  3.02086e-07
 Reference value :  3.02666e-07
 Reference value :  3.03226e-07
 Reference value :  3.03726e-07
 Reference value :  3.04206e-07
 Reference value :  3.04666e-07
 Reference value :  3.05166e-07
 Reference value :  3.05666e-07
 Reference value :  3.06126e-07
 Reference value :  3.06566e-07
 Reference value :  3.07066e-07
 Reference value :  3.07606e-07
 Reference value :  3.08106e-07
 Reference value :  3.08626e-07
 Reference value :  3.09186e-07
 Reference value :  3.09726e-07
 Reference value :  3.10286e-07
 Reference value :  3.10846e-07
 Reference value :  3.11366e-07
 Reference value :  3.11866e-07
 Reference value :  3.12366e-07
 Reference value :  3.12846e-07
 Reference value :  3.13326e-07
 Reference value :  3.13866e-07
 Reference value :  3.14346e-07
 Reference value :  3.14706e-07
 Reference value :  3.15166e-07
 Reference value :  3.15606e-07
 Reference value :  3.16086e-07
 Reference value :  3.16526e-07
 Reference value :  3.17026e-07
 Reference value :  3.17406e-07
 Reference value :  3.17826e-07
 Reference value :  3.18266e-07
 Reference value :  3.18806e-07
 Reference value :  3.19326e-07
 Reference value :  3.19846e-07
 Reference value :  3.20426e-07
 Reference value :  3.20966e-07
 Reference value :  3.21506e-07
 Reference value :  3.22066e-07
 Reference value :  3.22586e-07
 Reference value :  3.23126e-07
 Reference value :  3.23706e-07
 Reference value :  3.24246e-07
 Reference value :  3.24706e-07
 Reference value :  3.25226e-07
 Reference value :  3.25746e-07
 Reference value :  3.26266e-07
 Reference value :  3.26806e-07
 Reference value :  3.27266e-07
 Reference value :  3.27786e-07
 Reference value :  3.28246e-07
 Reference value :  3.28746e-07
 Reference value :  3.29246e-07
 Reference value :  3.29806e-07
 Reference value :  3.30326e-07
 Reference value :  3.30846e-07
 Reference value :  3.31386e-07
 Reference value :  3.31786e-07
 Reference value :  3.32246e-07
 Reference value :  3.32726e-07
 Reference value :  3.33286e-07
 Reference value :  3.33726e-07
 Reference value :  3.34166e-07
 Reference value :  3.34646e-07
 Reference value :  3.35126e-07
 Reference value :  3.35566e-07
 Reference value :  3.36086e-07
 Reference value :  3.36566e-07
 Reference value :  3.37006e-07
 Reference value :  3.37426e-07
 Reference value :  3.37926e-07
 Reference value :  3.38426e-07
 Reference value :  3.38866e-07
 Reference value :  3.39326e-07
 Reference value :  3.39806e-07
 Reference value :  3.40266e-07
 Reference value :  3.40686e-07
 Reference value :  3.41186e-07
 Reference value :  3.41646e-07
 Reference value :  3.42106e-07
 Reference value :  3.42566e-07
 Reference value :  3.43086e-07
 Reference value :  3.43546e-07
 Reference value :  3.44006e-07
 Reference value :  3.44506e-07
 Reference value :  3.44966e-07
 Reference value :  3.45406e-07
 Reference value :  3.45906e-07
 Reference value :  3.46386e-07
 Reference value :  3.46846e-07
 Reference value :  3.47286e-07
 Reference value :  3.47786e-07
 Reference value :  3.48226e-07
 Reference value :  3.48646e-07
 Reference value :  3.49146e-07
 Reference value :  3.49606e-07
 Reference value :  3.50006e-07
 Reference value :  3.50466e-07
 Reference value :  3.50966e-07
 Reference value :  3.51466e-07
 Reference value :  3.51906e-07
 Reference value :  3.52366e-07
 Reference value :  3.52846e-07
 Reference value :  3.53286e-07
 Reference value :  3.53726e-07
 Reference value :  3.54206e-07
 Reference value :  3.54666e-07
 Reference value :  3.55126e-07
 Reference value :  3.55606e-07
 Reference value :  3.56086e-07
 Reference value :  3.56566e-07
 Reference value :  3.56986e-07
 Reference value :  3.57466e-07
 Reference value :  3.57906e-07
 Reference value :  3.58346e-07
 Reference value :  3.58806e-07
 Reference value :  3.59286e-07
 Reference value :  3.59766e-07
 Reference value :  3.60206e-07
 Reference value :  3.60686e-07
 Reference value :  3.61146e-07
 Reference value :  3.61606e-07
 Reference value :  3.62066e-07
 Reference value :  3.62546e-07
 Reference value :  3.62986e-07
 Reference value :  3.63426e-07
 Reference value :  3.63906e-07
 Reference value :  3.64366e-07
 Reference value :  3.64806e-07
 Reference value :  3.65266e-07
 Reference value :  3.65746e-07
 Reference value :  3.66206e-07
 Reference value :  3.66626e-07
 Reference value :  3.67086e-07
 Reference value :  3.67526e-07
 Reference value :  3.67986e-07
 Reference value :  3.68346e-07
 Reference value :  3.68846e-07
 Reference value :  3.69306e-07
 Reference value :  3.69806e-07
 Reference value :  3.70366e-07
 Reference value :  3.70846e-07
 Reference value :  3.71366e-07
 Reference value :  3.71946e-07
 Reference value :  3.72466e-07
 Reference value :  3.72966e-07
 Reference value :  3.73526e-07
 Reference value :  3.73966e-07
 Reference value :  3.74406e-07
 Reference value :  3.74906e-07
 Reference value :  3.75446e-07
 Reference value :  3.75946e-07
 Reference value :  3.76406e-07
 Reference value :  3.76866e-07
 Reference value :  3.77326e-07
 Reference value :  3.77686e-07
 Reference value :  3.78066e-07
 Reference value :  3.78506e-07
 Reference value :  3.78986e-07
 Reference value :  3.79486e-07
 Reference value :  3.80046e-07
 Reference value :  3.80486e-07
 Reference value :  3.80986e-07
 Reference value :  3.81546e-07
 Reference value :  3.82046e-07
 Reference value :  3.82566e-07
 Reference value :  3.83086e-07
 Reference value :  3.83626e-07
 Reference value :  3.84106e-07
 Reference value :  3.84526e-07
 Reference value :  3.85046e-07
 Reference value :  3.85486e-07
 Reference value :  3.85926e-07
 Reference value :  3.86386e-07
 Reference value :  3.86846e-07
 Reference value :  3.87346e-07
 Reference value :  3.87826e-07
 Reference value :  3.88266e-07
 Reference value :  3.88726e-07
 Reference value :  3.89166e-07
 Reference value :  3.89706e-07
 Reference value :  3.90246e-07
 Reference value :  3.90766e-07
 Reference value :  3.91326e-07
 Reference value :  3.91766e-07
 Reference value :  3.92206e-07
 Reference value :  3.92726e-07
 Reference value :  3.93166e-07
 Reference value :  3.93606e-07
 Reference value :  3.94086e-07
 Reference value :  3.94606e-07
 Reference value :  3.95046e-07
 Reference value :  3.95466e-07
 Reference value :  3.95926e-07
 Reference value :  3.96466e-07
 Reference value :  3.96986e-07
 Reference value :  3.97466e-07
 Reference value :  3.97986e-07
 Reference value :  3.98506e-07
 Reference value :  3.99006e-07
 Reference value :  3.99546e-07
 Reference value :  4.00046e-07
 Reference value :  4.00546e-07
 Reference value :  4.01086e-07
 Reference value :  4.01606e-07
 Reference value :  4.02046e-07
 Reference value :  4.02566e-07
 Reference value :  4.03106e-07
 Reference value :  4.03566e-07
 Reference value :  4.04086e-07
 Reference value :  4.04626e-07
 Reference value :  4.05126e-07
 Reference value :  4.05646e-07
 Reference value :  4.06166e-07
 Reference value :  4.06686e-07
 Reference value :  4.07186e-07
 Reference value :  4.07686e-07
 Reference value :  4.08126e-07
 Reference value :  4.08606e-07
 Reference value :  4.09086e-07
 Reference value :  4.09506e-07
 Reference value :  4.10006e-07
 Reference value :  4.10526e-07
 Reference value :  4.11026e-07
 Reference value :  4.11466e-07
 Reference value :  4.11886e-07
 Reference value :  4.12366e-07
 Reference value :  4.12826e-07
 Reference value :  4.13286e-07
 Reference value :  4.13766e-07
 Reference value :  4.14306e-07
 Reference value :  4.14786e-07
 Reference value :  4.15286e-07
 Reference value :  4.15746e-07
 Reference value :  4.16246e-07
 Reference value :  4.16766e-07
 Reference value :  4.17346e-07
 Reference value :  4.17866e-07
 Reference value :  4.18346e-07
 Reference value :  4.18806e-07
 Reference value :  4.19226e-07
 Reference value :  4.19686e-07
 Reference value :  4.20226e-07
 Reference value :  4.20706e-07
 Reference value :  4.21086e-07
 Reference value :  4.21506e-07
 Reference value :  4.21946e-07
 Reference value :  4.22466e-07
 Reference value :  4.22966e-07
 Reference value :  4.23406e-07
 Reference value :  4.23886e-07
 Reference value :  4.24326e-07
 Reference value :  4.24826e-07
 Reference value :  4.25346e-07
 Reference value :  4.25866e-07
 Reference value :  4.26386e-07
 Reference value :  4.26946e-07
 Reference value :  4.27466e-07
 Reference value :  4.27946e-07
 Reference value :  4.28506e-07
 Reference value :  4.29046e-07
 Reference value :  4.29566e-07
 Reference value :  4.30006e-07
 Reference value :  4.30466e-07
 Reference value :  4.30906e-07
 Reference value :  4.31386e-07
 Reference value :  4.31866e-07
 Reference value :  4.32306e-07
 Reference value :  4.32766e-07
 Reference value :  4.33326e-07
 Reference value :  4.33766e-07
 Reference value :  4.34246e-07
 Reference value :  4.34766e-07
 Reference value :  4.35306e-07
 Reference value :  4.35826e-07
 Reference value :  4.36346e-07
 Reference value :  4.36906e-07
 Reference value :  4.37406e-07
 Reference value :  4.37906e-07
 Reference value :  4.38446e-07
 Reference value :  4.38966e-07
 Reference value :  4.39446e-07
 Reference value :  4.39946e-07
 Reference value :  4.40426e-07
 Reference value :  4.40886e-07
 Reference value :  4.41386e-07
 Reference value :  4.41866e-07
 Reference value :  4.42306e-07
 Reference value :  4.42766e-07
 Reference value :  4.43266e-07
 Reference value :  4.43726e-07
 Reference value :  4.44186e-07
 Reference value :  4.44686e-07
 Reference value :  4.45166e-07
 Reference value :  4.45646e-07
 Reference value :  4.46106e-07
 Reference value :  4.46626e-07
 Reference value :  4.47106e-07
 Reference value :  4.47566e-07
 Reference value :  4.48066e-07
 Reference value :  4.48546e-07
 Reference value :  4.48986e-07
 Reference value :  4.49486e-07
 Reference value :  4.49966e-07
 Reference value :  4.50426e-07
 Reference value :  4.50886e-07
 Reference value :  4.51386e-07
 Reference value :  4.51846e-07
 Reference value :  4.52306e-07
 Reference value :  4.52846e-07
 Reference value :  4.53326e-07
 Reference value :  4.53786e-07
 Reference value :  4.54286e-07
 Reference value :  4.54786e-07
 Reference value :  4.55246e-07
 Reference value :  4.55726e-07
 Reference value :  4.56266e-07
 Reference value :  4.56726e-07
 Reference value :  4.57186e-07
 Reference value :  4.57686e-07
 Reference value :  4.58166e-07
 Reference value :  4.58626e-07
 Reference value :  4.59146e-07
 Reference value :  4.59646e-07
 Reference value :  4.60146e-07
 Reference value :  4.60646e-07
 Reference value :  4.61146e-07
 Reference value :  4.61626e-07
 Reference value :  4.62106e-07
 Reference value :  4.62606e-07
 Reference value :  4.63026e-07
 Reference value :  4.63506e-07
 Reference value :  4.63986e-07
 Reference value :  4.64466e-07
 Reference value :  4.64946e-07
 Reference value :  4.65446e-07
 Reference value :  4.66006e-07
 Reference value :  4.66546e-07
 Reference value :  4.67046e-07
 Reference value :  4.67606e-07
 Reference value :  4.68126e-07
 Reference value :  4.68646e-07
 Reference value :  4.69166e-07
 Reference value :  4.69566e-07
 Reference value :  4.69926e-07
 Reference value :  4.70426e-07
 Reference value :  4.70966e-07
 Reference value :  4.71466e-07
 Reference value :  4.71966e-07
 Reference value :  4.72526e-07
 Reference value :  4.73046e-07
 Reference value :  4.73546e-07
 Reference value :  4.74026e-07
 Reference value :  4.74506e-07
 Reference value :  4.75006e-07
 Reference value :  4.75526e-07
 Reference value :  4.76006e-07
 Reference value :  4.76426e-07
 Reference value :  4.76906e-07
 Reference value :  4.77306e-07
 Reference value :  4.77606e-07
 Reference value :  4.78126e-07
 Reference value :  4.78686e-07
 Reference value :  4.79166e-07
 Reference value :  4.79586e-07
 Reference value :  4.80086e-07
 Reference value :  4.80626e-07
 Reference value :  4.81166e-07
 Reference value :  4.81666e-07
 Reference value :  4.82186e-07
 Reference value :  4.82626e-07
 Reference value :  4.83086e-07
 Reference value :  4.83646e-07
 Reference value :  4.84146e-07
 Reference value :  4.84666e-07
 Reference value :  4.85246e-07
 Reference value :  4.85706e-07
 Reference value :  4.86206e-07
 Reference value :  4.86746e-07
 Reference value :  4.87266e-07
 Reference value :  4.87786e-07
 Reference value :  4.88346e-07
 Reference value :  4.88806e-07
 Reference value :  4.89246e-07
 Reference value :  4.89726e-07
 Reference value :  4.90286e-07
 Reference value :  4.90826e-07
 Reference value :  4.91306e-07
 Reference value :  4.91866e-07
 Reference value :  4.92306e-07
 Reference value :  4.92746e-07
 Reference value :  4.93226e-07
 Reference value :  4.93706e-07
 Reference value :  4.94186e-07
 Reference value :  4.94706e-07
 Reference value :  4.95266e-07
 Reference value :  4.95786e-07
 Reference value :  4.96306e-07
 Reference value :  4.96846e-07
 Reference value :  4.97346e-07
 Reference value :  4.97846e-07
 Reference value :  4.98406e-07
 Reference value :  4.98926e-07
 Reference value :  4.99426e-07
 Reference value :  4.99906e-07
 Reference value :  5.00406e-07
 Reference value :  5.00946e-07
 Reference value :  5.01446e-07
 Reference value :  5.01966e-07
 Reference value :  5.02466e-07
 Reference value :  5.02946e-07
 Reference value :  5.03446e-07
 Reference value :  5.03966e-07
 Reference value :  5.04486e-07
 Reference value :  5.04986e-07
 Reference value :  5.05466e-07
 Reference value :  5.05946e-07
 Reference value :  5.06466e-07
 Reference value :  5.06946e-07
 Reference value :  5.07406e-07
 Reference value :  5.07906e-07
 Reference value :  5.08366e-07
 Reference value :  5.08806e-07
 Reference value :  5.09306e-07
 Reference value :  5.09746e-07
 Reference value :  5.10266e-07
 Reference value :  5.10766e-07
 Reference value :  5.11306e-07
 Reference value :  5.11766e-07
 Reference value :  5.12226e-07
 Reference value :  5.12766e-07
 Reference value :  5.13286e-07
 Reference value :  5.13786e-07
 Reference value :  5.14306e-07
 Reference value :  5.14806e-07
 Reference value :  5.15226e-07
 Reference value :  5.15686e-07
 Reference value :  5.16146e-07
 Reference value :  5.16586e-07
 Reference value :  5.17046e-07
 Reference value :  5.17566e-07
 Reference value :  5.18026e-07
 Reference value :  5.18446e-07
 Reference value :  5.18886e-07
 Reference value :  5.19346e-07
 Reference value :  5.19826e-07
 Reference value :  5.20326e-07
 Reference value :  5.20906e-07
 Reference value :  5.21406e-07
 Reference value :  5.21886e-07
 Reference value :  5.22386e-07
 Reference value :  5.22926e-07
 Reference value :  5.23446e-07
 Reference value :  5.23866e-07
 Reference value :  5.24306e-07
 Reference value :  5.24806e-07
 Reference value :  5.25306e-07
 Reference value :  5.25786e-07
 Reference value :  5.26306e-07
 Reference value :  5.26806e-07
 Reference value :  5.27406e-07
 Reference value :  5.27926e-07
 Reference value :  5.28446e-07
 Reference value :  5.29006e-07
 Reference value :  5.29526e-07
 Reference value :  5.30006e-07
 Reference value :  5.30506e-07
 Reference value :  5.30986e-07
 Reference value :  5.31506e-07
 Reference value :  5.32046e-07
 Reference value :  5.32486e-07
 Reference value :  5.32986e-07
 Reference value :  5.33546e-07
 Reference value :  5.34106e-07
 Reference value :  5.34626e-07
 Reference value :  5.35126e-07
 Reference value :  5.35666e-07
 Reference value :  5.36206e-07
 Reference value :  5.36726e-07
 Reference value :  5.37246e-07
 Reference value :  5.37766e-07
 Reference value :  5.38266e-07
 Reference value :  5.38746e-07
 Reference value :  5.39206e-07
 Reference value :  5.39706e-07
 Reference value :  5.40186e-07
 Reference value :  5.40606e-07
 Reference value :  5.41066e-07
 Reference value :  5.41586e-07
 Reference value :  5.42126e-07
 Reference value :  5.42626e-07
 Reference value :  5.43126e-07
 Reference value :  5.43626e-07
 Reference value :  5.44046e-07
 Reference value :  5.44546e-07
 Reference value :  5.45106e-07
 Reference value :  5.45566e-07
 Reference value :  5.46066e-07
 Reference value :  5.46666e-07
 Reference value :  5.47166e-07
 Reference value :  5.47686e-07
 Reference value :  5.48246e-07
 Reference value :  5.48746e-07
 Reference value :  5.49246e-07
 Reference value :  5.49786e-07
 Reference value :  5.50286e-07
 Reference value :  5.50746e-07
 Reference value :  5.51266e-07
 Reference value :  5.51806e-07
 Reference value :  5.52306e-07
 Reference value :  5.52706e-07
 Reference value :  5.53286e-07
 Reference value :  5.53786e-07
 Reference value :  5.54226e-07
 Reference value :  5.54786e-07
 Reference value :  5.55266e-07
 Reference value :  5.55786e-07
 Reference value :  5.56286e-07
 Reference value :  5.56806e-07
 Reference value :  5.57286e-07
 Reference value :  5.57766e-07
 Reference value :  5.58306e-07
 Reference value :  5.58846e-07
 Reference value :  5.59406e-07
 Reference value :  5.59906e-07
 Reference value :  5.60406e-07
 Reference value :  5.60906e-07
 Reference value :  5.61366e-07
 Reference value :  5.61866e-07
 Reference value :  5.62346e-07
 Reference value :  5.62886e-07
 Reference value :  5.63386e-07
 Reference value :  5.63866e-07
 Reference value :  5.64426e-07
 Reference value :  5.64926e-07
 Reference value :  5.65446e-07
 Reference value :  5.66026e-07
 Reference value :  5.66486e-07
 Reference value :  5.67006e-07
 Reference value :  5.67506e-07
 Reference value :  5.67966e-07
 Reference value :  5.68406e-07
 Reference value :  5.68886e-07
 Reference value :  5.69446e-07
 Reference value :  5.69966e-07
 Reference value :  5.70486e-07
 Reference value :  5.71046e-07
 Reference value :  5.71546e-07
 Reference value :  5.72086e-07
 Reference value :  5.72666e-07
 Reference value :  5.73186e-07
 Reference value :  5.73686e-07
 Reference value :  5.74166e-07
 Reference value :  5.74666e-07
 Reference value :  5.75186e-07
 Reference value :  5.75766e-07
 Reference value :  5.76286e-07
 Reference value :  5.76746e-07
 Reference value :  5.77286e-07
 Reference value :  5.77686e-07
 Reference value :  5.78166e-07
 Reference value :  5.78606e-07
 Reference value :  5.79146e-07
 Reference value :  5.79666e-07
 Reference value :  5.80126e-07
 Reference value :  5.80666e-07
 Reference value :  5.81186e-07
 Reference value :  5.81726e-07
 Reference value :  5.82226e-07
 Reference value :  5.82706e-07
 Reference value :  5.83166e-07
 Reference value :  5.83686e-07
 Reference value :  5.84186e-07
 Reference value :  5.84726e-07
 Reference value :  5.85226e-07
 Reference value :  5.85786e-07
 Reference value :  5.86286e-07
 Reference value :  5.86806e-07
 Reference value :  5.87326e-07
 Reference value :  5.87846e-07
 Reference value :  5.88306e-07
 Reference value :  5.88866e-07
 Reference value :  5.89406e-07
 Reference value :  5.89926e-07
 Reference value :  5.90426e-07
 Reference value :  5.90946e-07
 Reference value :  5.91406e-07
 Reference value :  5.91966e-07
 Reference value :  5.92466e-07
 Reference value :  5.92986e-07
 Reference value :  5.93506e-07
 Reference value :  5.93966e-07
 Reference value :  5.94486e-07
 Reference value :  5.94946e-07
 Reference value :  5.95446e-07
 Reference value :  5.95966e-07
 Reference value :  5.96426e-07
 Reference value :  5.96966e-07
 Reference value :  5.97466e-07
 Reference value :  5.97966e-07
 Reference value :  5.98526e-07
 Reference value :  5.99046e-07
 Reference value :  5.99546e-07
 Reference value :  6.00106e-07
 Reference value :  6.00566e-07
 Reference value :  6.01066e-07
 Reference value :  6.01646e-07
 Reference value :  6.02106e-07
 Reference value :  6.02606e-07
 Reference value :  6.03146e-07
 Reference value :  6.03606e-07
 Reference value :  6.03966e-07
 Reference value :  6.04426e-07
 Reference value :  6.04946e-07
 Reference value :  6.05386e-07
 Reference value :  6.05886e-07
 Reference value :  6.06386e-07
 Reference value :  6.06886e-07
 Reference value :  6.07346e-07
 Reference value :  6.07826e-07
 Reference value :  6.08386e-07
 Reference value :  6.08866e-07
 Reference value :  6.09386e-07
 Reference value :  6.09886e-07
 Reference value :  6.10346e-07
 Reference value :  6.10866e-07
 Reference value :  6.11446e-07
 Reference value :  6.11926e-07
 Reference value :  6.12406e-07
 Reference value :  6.12906e-07
 Reference value :  6.13346e-07
 Reference value :  6.13846e-07
 Reference value :  6.14346e-07
 Reference value :  6.14886e-07
 Reference value :  6.15386e-07
 Reference value :  6.15846e-07
 Reference value :  6.16346e-07
 Reference value :  6.16786e-07
 Reference value :  6.17266e-07
 Reference value :  6.17806e-07
 Reference value :  6.18266e-07
 Reference value :  6.18766e-07
 Reference value :  6.19306e-07
 Reference value :  6.19826e-07
 Reference value :  6.20326e-07
 Reference value :  6.20846e-07
 Reference value :  6.21386e-07
 Reference value :  6.21866e-07
 Reference value :  6.22366e-07
 Reference value :  6.22906e-07
 Reference value :  6.23426e-07
 Reference value :  6.23926e-07
 Reference value :  6.24446e-07
 Reference value :  6.24946e-07
 Reference value :  6.25406e-07
 Reference value :  6.25906e-07
 Reference value :  6.26406e-07
 Reference value :  6.26926e-07
 Reference value :  6.27466e-07
 Reference value :  6.27946e-07
 Reference value :  6.28406e-07
 Reference value :  6.28886e-07
 Reference value :  6.29346e-07
 Reference value :  6.29866e-07
 Reference value :  6.30326e-07
 Reference value :  6.30906e-07
 Reference value :  6.31426e-07
 Reference value :  6.31906e-07
 Reference value :  6.32466e-07
 Reference value :  6.32906e-07
 Reference value :  6.33386e-07
 Reference value :  6.33846e-07
 Reference value :  6.34306e-07
 Reference value :  6.34806e-07
 Reference value :  6.35346e-07
 Reference value :  6.35826e-07
 Reference value :  6.36306e-07
 Reference value :  6.36826e-07
 Reference value :  6.37386e-07
 Reference value :  6.37906e-07
 Reference value :  6.38386e-07
 Reference value :  6.38886e-07
 Reference value :  6.39426e-07
 Reference value :  6.39926e-07
 Reference value :  6.40486e-07
 Reference value :  6.40986e-07
 Reference value :  6.41406e-07
 Reference value :  6.41946e-07
 Reference value :  6.42446e-07
 Reference value :  6.42946e-07
 Reference value :  6.43446e-07
 Reference value :  6.43986e-07
 Reference value :  6.44486e-07
 Reference value :  6.44946e-07
 Reference value :  6.45406e-07
 Reference value :  6.45866e-07
 Reference value :  6.46366e-07
 Reference value :  6.46926e-07
 Reference value :  6.47446e-07
 Reference value :  6.47966e-07
 Reference value :  6.48466e-07
 Reference value :  6.48926e-07
 Reference value :  6.49426e-07
 Reference value :  6.49926e-07
 Reference value :  6.50406e-07
 Reference value :  6.50906e-07
 Reference value :  6.51386e-07
 Reference value :  6.51906e-07
 Reference value :  6.52406e-07
 Reference value :  6.52846e-07
 Reference value :  6.53406e-07
 Reference value :  6.53926e-07
 Reference value :  6.54406e-07
 Reference value :  6.54846e-07
 Reference value :  6.55326e-07
 Reference value :  6.55826e-07
 Reference value :  6.56246e-07
 Reference value :  6.56766e-07
 Reference value :  6.57206e-07
 Reference value :  6.57646e-07
 Reference value :  6.58106e-07
 Reference value :  6.58606e-07
 Reference value :  6.59126e-07
 Reference value :  6.59666e-07
 Reference value :  6.60186e-07
 Reference value :  6.60706e-07
 Reference value :  6.61246e-07
 Reference value :  6.61766e-07
 Reference value :  6.62286e-07
 Reference value :  6.62766e-07
 Reference value :  6.63306e-07
 Reference value :  6.63766e-07
 Reference value :  6.64246e-07
 Reference value :  6.64786e-07
 Reference value :  6.65306e-07
 Reference value :  6.65746e-07
 Reference value :  6.66266e-07
 Reference value :  6.66746e-07
 Reference value :  6.67186e-07
 Reference value :  6.67646e-07
 Reference value :  6.68126e-07
 Reference value :  6.68646e-07
 Reference value :  6.69126e-07
 Reference value :  6.69686e-07
 Reference value :  6.70186e-07
 Reference value :  6.70646e-07
 Reference value :  6.71186e-07
 Reference value :  6.71686e-07
 Reference value :  6.72146e-07
 Reference value :  6.72726e-07
 Reference value :  6.73246e-07
 Reference value :  6.73746e-07
 Reference value :  6.74186e-07
 Reference value :  6.74686e-07
 Reference value :  6.75166e-07
 Reference value :  6.75626e-07
 Reference value :  6.76206e-07
 Reference value :  6.76726e-07
 Reference value :  6.77226e-07
 Reference value :  6.77746e-07
 Reference value :  6.78306e-07
 Reference value :  6.78806e-07
 Reference value :  6.79326e-07
 Reference value :  6.79766e-07
 Reference value :  6.80186e-07
 Reference value :  6.80646e-07
 Reference value :  6.81166e-07
 Reference value :  6.81686e-07
 Reference value :  6.82226e-07
 Reference value :  6.82746e-07
 Reference value :  6.83246e-07
 Reference value :  6.83746e-07
 Reference value :  6.84286e-07
 Reference value :  6.84766e-07
 Reference value :  6.85246e-07
 Reference value :  6.85746e-07
 Reference value :  6.86266e-07
 Reference value :  6.86786e-07
 Reference value :  6.87306e-07
 Reference value :  6.87806e-07
 Reference value :  6.88326e-07
 Reference value :  6.88866e-07
 Reference value :  6.89406e-07
 Reference value :  6.89886e-07
 Reference value :  6.90366e-07
 Reference value :  6.90826e-07
 Reference value :  6.91266e-07
 Reference value :  6.91706e-07
 Reference value :  6.92246e-07
 Reference value :  6.92746e-07
 Reference value :  6.93266e-07
 Reference value :  6.93786e-07
 Reference value :  6.94286e-07
 Reference value :  6.94786e-07
 Reference value :  6.95306e-07
 Reference value :  6.95846e-07
 Reference value :  6.96366e-07
 Reference value :  6.96886e-07
 Reference value :  6.97426e-07
 Reference value :  6.97946e-07
 Reference value :  6.98506e-07
 Reference value :  6.99066e-07
 Reference value :  6.99526e-07
 Reference value :  7.00046e-07
 Reference value :  7.00566e-07
 Reference value :  7.01026e-07
 Reference value :  7.01526e-07
 Reference value :  7.02066e-07
 Reference value :  7.02566e-07
 Reference value :  7.03026e-07
 Reference value :  7.03546e-07
 Reference value :  7.04046e-07
 Reference value :  7.04566e-07
 Reference value :  7.05126e-07
 Reference value :  7.05666e-07
 Reference value :  7.06146e-07
 Reference value :  7.06686e-07
 Reference value :  7.07186e-07
 Reference value :  7.07686e-07
 Reference value :  7.08146e-07
 Reference value :  7.08686e-07
 Reference value :  7.09206e-07
 Reference value :  7.09606e-07
 Reference value :  7.10086e-07
 Reference value :  7.10546e-07
 Reference value :  7.11066e-07
 Reference value :  7.11626e-07
 Reference value :  7.12126e-07
 Reference value :  7.12626e-07
 Reference value :  7.13126e-07
 Reference value :  7.13606e-07
 Reference value :  7.14066e-07
 Reference value :  7.14586e-07
 Reference value :  7.15086e-07
 Reference value :  7.15566e-07
 Reference value :  7.16026e-07
 Reference value :  7.16526e-07
 Reference value :  7.16966e-07
 Reference value :  7.17346e-07
 Reference value :  7.17806e-07
 Reference value :  7.18266e-07
 Reference value :  7.18726e-07
 Reference value :  7.19166e-07
 Reference value :  7.19686e-07
 Reference value :  7.20166e-07
 Reference value :  7.20646e-07
 Reference value :  7.21146e-07
 Reference value :  7.21666e-07
 Reference value :  7.22146e-07
 Reference value :  7.22606e-07
 Reference value :  7.23066e-07
 Reference value :  7.23546e-07
 Reference value :  7.24026e-07
 Reference value :  7.24586e-07
 Reference value :  7.25066e-07
 Reference value :  7.25586e-07
 Reference value :  7.26106e-07
 Reference value :  7.26586e-07
 Reference value :  7.27106e-07
 Reference value :  7.27546e-07
 Reference value :  7.28106e-07
 Reference value :  7.28586e-07
 Reference value :  7.29046e-07
 Reference value :  7.29566e-07
 Reference value :  7.30086e-07
 Reference value :  7.30606e-07
 Reference value :  7.31186e-07
 Reference value :  7.31706e-07
 Reference value :  7.32186e-07
 Reference value :  7.32666e-07
 Reference value :  7.33166e-07
 Reference value :  7.33686e-07
 Reference value :  7.34246e-07
 Reference value :  7.34746e-07
 Reference value :  7.35226e-07
 Reference value :  7.35726e-07
 Reference value :  7.36246e-07
 Reference value :  7.36746e-07
 Reference value :  7.37226e-07
 Reference value :  7.37726e-07
 Reference value :  7.38246e-07
 Reference value :  7.38686e-07
 Reference value :  7.39186e-07
 Reference value :  7.39646e-07
 Reference value :  7.40086e-07
 Reference value :  7.40606e-07
 Reference value :  7.41086e-07
 Reference value :  7.41566e-07
 Reference value :  7.42086e-07
 Reference value :  7.42606e-07
 Reference value :  7.43046e-07
 Reference value :  7.43546e-07
 Reference value :  7.44086e-07
 Reference value :  7.44526e-07
 Reference value :  7.44966e-07
 Reference value :  7.45466e-07
 Reference value :  7.45946e-07
 Reference value :  7.46466e-07
 Reference value :  7.47006e-07
 Reference value :  7.47506e-07
 Reference value :  7.48026e-07
 Reference value :  7.48546e-07
 Reference value :  7.49026e-07
 Reference value :  7.49486e-07
 Reference value :  7.49946e-07
 Reference value :  7.50506e-07
 Reference value :  7.51006e-07
 Reference value :  7.51526e-07
 Reference value :  7.52026e-07
 Reference value :  7.52526e-07
 Reference value :  7.53026e-07
 Reference value :  7.53526e-07
 Reference value :  7.53986e-07
 Reference value :  7.54486e-07
 Reference value :  7.54966e-07
 Reference value :  7.55506e-07
 Reference value :  7.56006e-07
 Reference value :  7.56526e-07
 Reference value :  7.57066e-07
 Reference value :  7.57546e-07
 Reference value :  7.58006e-07
 Reference value :  7.58486e-07
 Reference value :  7.58966e-07
 Reference value :  7.59486e-07
 Reference value :  7.60026e-07
 Reference value :  7.60546e-07
 Reference value :  7.61046e-07
 Reference value :  7.61546e-07
 Reference value :  7.62006e-07
 Reference value :  7.62446e-07
 Reference value :  7.62886e-07
 Reference value :  7.63386e-07
 Reference value :  7.63826e-07
 Reference value :  7.64286e-07
 Reference value :  7.64806e-07
 Reference value :  7.65346e-07
 Reference value :  7.65806e-07
 Reference value :  7.66246e-07
 Reference value :  7.66726e-07
 Reference value :  7.67166e-07
 Reference value :  7.67606e-07
 Reference value :  7.68146e-07
 Reference value :  7.68626e-07
 Reference value :  7.69146e-07
 Reference value :  7.69606e-07
 Reference value :  7.70106e-07
 Reference value :  7.70566e-07
 Reference value :  7.71026e-07
 Reference value :  7.71546e-07
 Reference value :  7.72066e-07
 Reference value :  7.72566e-07
 Reference value :  7.73086e-07
 Reference value :  7.73586e-07
 Reference value :  7.74026e-07
 Reference value :  7.74566e-07
 Reference value :  7.75066e-07
 Reference value :  7.75566e-07
 Reference value :  7.76086e-07
 Reference value :  7.76626e-07
 Reference value :  7.77126e-07
 Reference value :  7.77626e-07
 Reference value :  7.78166e-07
 Reference value :  7.78686e-07
 Reference value :  7.79206e-07
 Reference value :  7.79766e-07
 Reference value :  7.80266e-07
 Reference value :  7.80766e-07
 Reference value :  7.81306e-07
 Reference value :  7.81786e-07
 Reference value :  7.82266e-07
 Reference value :  7.82866e-07
 Reference value :  7.83386e-07
 Reference value :  7.83866e-07
 Reference value :  7.84426e-07
 Reference value :  7.84946e-07
 Reference value :  7.85406e-07
 Reference value :  7.85906e-07
 Reference value :  7.86446e-07
 Reference value :  7.86946e-07
 Reference value :  7.87406e-07
 Reference value :  7.87886e-07
 Reference value :  7.88346e-07
 Reference value :  7.88766e-07
 Reference value :  7.89326e-07
 Reference value :  7.89826e-07
 Reference value :  7.90346e-07
 Reference value :  7.90826e-07
 Reference value :  7.91286e-07
 Reference value :  7.91806e-07
 Reference value :  7.92326e-07
 Reference value :  7.92846e-07
 Reference value :  7.93366e-07
 Reference value :  7.93886e-07
 Reference value :  7.94406e-07
 Reference value :  7.94906e-07
 Reference value :  7.95346e-07
 Reference value :  7.95886e-07
 Reference value :  7.96406e-07
 Reference value :  7.96846e-07
 Reference value :  7.97406e-07
 Reference value :  7.97906e-07
 Reference value :  7.98366e-07
 Reference value :  7.98886e-07
 Reference value :  7.99346e-07
 Reference value :  7.99806e-07
 Reference value :  8.00226e-07
 Reference value :  8.00706e-07
 Reference value :  8.01226e-07
 Reference value :  8.01686e-07
 Reference value :  8.02206e-07
 Reference value :  8.02686e-07
 Reference value :  8.03206e-07
 Reference value :  8.03706e-07
 Reference value :  8.04226e-07
 Reference value :  8.04726e-07
 Reference value :  8.05246e-07
 Reference value :  8.05746e-07
 Reference value :  8.06226e-07
 Reference value :  8.06726e-07
 Reference value :  8.07226e-07
 Reference value :  8.07666e-07
 Reference value :  8.08146e-07
 Reference value :  8.08726e-07
 Reference value :  8.09206e-07
 Reference value :  8.09646e-07
 Reference value :  8.10126e-07
 Reference value :  8.10646e-07
 Reference value :  8.11166e-07
 Reference value :  8.11686e-07
 Reference value :  8.12226e-07
 Reference value :  8.12746e-07
 Reference value :  8.13226e-07
 Reference value :  8.13746e-07
 Reference value :  8.14206e-07
 Reference value :  8.14646e-07
 Reference value :  8.15186e-07
 Reference value :  8.15626e-07
 Reference value :  8.16026e-07
 Reference value :  8.16526e-07
 Reference value :  8.17046e-07
 Reference value :  8.17526e-07
 Reference value :  8.18006e-07
 Reference value :  8.18546e-07
 Reference value :  8.19046e-07
 Reference value :  8.19566e-07
 Reference value :  8.20046e-07
 Reference value :  8.20486e-07
 Reference value :  8.20966e-07
 Reference value :  8.21526e-07
 Reference value :  8.22026e-07
 Reference value :  8.22546e-07
 Reference value :  8.23086e-07
 Reference value :  8.23566e-07
 Reference value :  8.24066e-07
 Reference value :  8.24566e-07
 Reference value :  8.25086e-07
 Reference value :  8.25606e-07
 Reference value :  8.26146e-07
 Reference value :  8.26706e-07
 Reference value :  8.27186e-07
 Reference value :  8.27626e-07
 Reference value :  8.28146e-07
 Reference value :  8.28646e-07
 Reference value :  8.29186e-07
 Reference value :  8.29726e-07
 Reference value :  8.30186e-07
 Reference value :  8.30626e-07
 Reference value :  8.31086e-07
 Reference value :  8.31526e-07
 Reference value :  8.32006e-07
 Reference value :  8.32446e-07
 Reference value :  8.33006e-07
 Reference value :  8.33506e-07
 Reference value :  8.34006e-07
 Reference value :  8.34526e-07
 Reference value :  8.35066e-07
 Reference value :  8.35506e-07
 Reference value :  8.36026e-07
 Reference value :  8.36506e-07
 Reference value :  8.36986e-07
 Reference value :  8.37486e-07
 Reference value :  8.38046e-07
 Reference value :  8.38486e-07
 Reference value :  8.38966e-07
 Reference value :  8.39506e-07
 Reference value :  8.39986e-07
 Reference value :  8.40506e-07
 Reference value :  8.41066e-07
 Reference value :  8.41566e-07
 Reference value :  8.42086e-07
 Reference value :  8.42546e-07
 Reference value :  8.43026e-07
 Reference value :  8.43526e-07
 Reference value :  8.44066e-07
 Reference value :  8.44606e-07
 Reference value :  8.45086e-07
 Reference value :  8.45626e-07
 Reference value :  8.46166e-07
 Reference value :  8.46646e-07
 Reference value :  8.47146e-07
 Reference value :  8.47666e-07
 Reference value :  8.48106e-07
 Reference value :  8.48506e-07
 Reference value :  8.49026e-07
 Reference value :  8.49566e-07
 Reference value :  8.50066e-07
 Reference value :  8.50586e-07
 Reference value :  8.51086e-07
 Reference value :  8.51606e-07
 Reference value :  8.52106e-07
 Reference value :  8.52606e-07
 Reference value :  8.53126e-07
 Reference value :  8.53626e-07
 Reference value :  8.54166e-07
 Reference value :  8.54686e-07
 Reference value :  8.55166e-07
 Reference value :  8.55706e-07
 Reference value :  8.56206e-07
 Reference value :  8.56706e-07
 Reference value :  8.57246e-07
 Reference value :  8.57746e-07
 Reference value :  8.58226e-07
 Reference value :  8.58726e-07
 Reference value :  8.59186e-07
 Reference value :  8.59686e-07
 Reference value :  8.60226e-07
 Reference value :  8.60766e-07
 Reference value :  8.61206e-07
 Reference value :  8.61686e-07
 Reference value :  8.62066e-07
 Reference value :  8.62506e-07
 Reference value :  8.62986e-07
 Reference value :  8.63466e-07
 Reference value :  8.63986e-07
 Reference value :  8.64486e-07
 Reference value :  8.64986e-07
 Reference value :  8.65446e-07
 Reference value :  8.65886e-07
 Reference value :  8.66326e-07
 Reference value :  8.66846e-07
 Reference value :  8.67366e-07
 Reference value :  8.67866e-07
 Reference value :  8.68386e-07
 Reference value :  8.68906e-07
 Reference value :  8.69406e-07
 Reference value :  8.69886e-07
 Reference value :  8.70406e-07
 Reference value :  8.70886e-07
 Reference value :  8.71366e-07
 Reference value :  8.71906e-07
 Reference value :  8.72426e-07
 Reference value :  8.72926e-07
 Reference value :  8.73486e-07
 Reference value :  8.73946e-07
 Reference value :  8.74446e-07
 Reference value :  8.74986e-07
 Reference value :  8.75526e-07
 Reference value :  8.76026e-07
 Reference value :  8.76566e-07
 Reference value :  8.77066e-07
 Reference value :  8.77566e-07
 Reference value :  8.78106e-07
 Reference value :  8.78626e-07
 Reference value :  8.79166e-07
 Reference value :  8.79686e-07
 Reference value :  8.80146e-07
 Reference value :  8.80646e-07
 Reference value :  8.81126e-07
 Reference value :  8.81546e-07
 Reference value :  8.82026e-07
 Reference value :  8.82506e-07
 Reference value :  8.83026e-07
 Reference value :  8.83506e-07
 Reference value :  8.84026e-07
 Reference value :  8.84546e-07
 Reference value :  8.85026e-07
 Reference value :  8.85546e-07
 Reference value :  8.86066e-07
 Reference value :  8.86586e-07
 Reference value :  8.87046e-07
 Reference value :  8.87526e-07
 Reference value :  8.88066e-07
 Reference value :  8.88586e-07
 Reference value :  8.89006e-07
 Reference value :  8.89526e-07
 Reference value :  8.90046e-07
 Reference value :  8.90506e-07
 Reference value :  8.91026e-07
 Reference value :  8.91526e-07
 Reference value :  8.92066e-07
 Reference value :  8.92626e-07
 Reference value :  8.93146e-07
 Reference value :  8.93646e-07
 Reference value :  8.93986e-07
 Reference value :  8.94526e-07
 Reference value :  8.94986e-07
 Reference value :  8.95446e-07
 Reference value :  8.96006e-07
 Reference value :  8.96506e-07
 Reference value :  8.96986e-07
 Reference value :  8.97486e-07
 Reference value :  8.98006e-07
 Reference value :  8.98546e-07
 Reference value :  8.99086e-07
 Reference value :  8.99646e-07
 Reference value :  9.00106e-07
 Reference value :  9.00626e-07
 Reference value :  9.01106e-07
 Reference value :  9.01546e-07
 Reference value :  9.02006e-07
 Reference value :  9.02486e-07
 Reference value :  9.02926e-07
 Reference value :  9.03386e-07
 Reference value :  9.03866e-07
 Reference value :  9.04366e-07
 Reference value :  9.04886e-07
 Reference value :  9.05366e-07
 Reference value :  9.05906e-07
 Reference value :  9.06366e-07
 Reference value :  9.06846e-07
 Reference value :  9.07306e-07
 Reference value :  9.07806e-07
 Reference value :  9.08266e-07
 Reference value :  9.08726e-07
 Reference value :  9.09246e-07
 Reference value :  9.09726e-07
 Reference value :  9.10126e-07
 Reference value :  9.10666e-07
 Reference value :  9.11186e-07
 Reference value :  9.11666e-07
 Reference value :  9.12126e-07
 Reference value :  9.12606e-07
 Reference value :  9.13106e-07
 Reference value :  9.13626e-07
 Reference value :  9.14186e-07
 Reference value :  9.14706e-07
 Reference value :  9.15246e-07
 Reference value :  9.15806e-07
 Reference value :  9.16326e-07
 Reference value :  9.16846e-07
 Reference value :  9.17306e-07
 Reference value :  9.17746e-07
 Reference value :  9.18206e-07
 Reference value :  9.18706e-07
 Reference value :  9.19126e-07
 Reference value :  9.19646e-07
 Reference value :  9.20166e-07
 Reference value :  9.20646e-07
 Reference value :  9.21146e-07
 Reference value :  9.21606e-07
 Reference value :  9.22106e-07
 Reference value :  9.22566e-07
 Reference value :  9.23026e-07
 Reference value :  9.23506e-07
 Reference value :  9.23926e-07
 Reference value :  9.24386e-07
 Reference value :  9.24886e-07
 Reference value :  9.25406e-07
 Reference value :  9.25846e-07
 Reference value :  9.26266e-07
 Reference value :  9.26726e-07
 Reference value :  9.27186e-07
 Reference value :  9.27646e-07
 Reference value :  9.28106e-07
 Reference value :  9.28586e-07
 Reference value :  9.29066e-07
 Reference value :  9.29506e-07
 Reference value :  9.29986e-07
 Reference value :  9.30426e-07
 Reference value :  9.30906e-07
 Reference value :  9.31366e-07
 Reference value :  9.31846e-07
 Reference value :  9.32286e-07
 Reference value :  9.32726e-07
 Reference value :  9.33206e-07
 Reference value :  9.33646e-07
 Reference value :  9.34126e-07
 Reference value :  9.34566e-07
 Reference value :  9.35086e-07
 Reference value :  9.35566e-07
 Reference value :  9.36026e-07
 Reference value :  9.36506e-07
 Reference value :  9.36926e-07
 Reference value :  9.37406e-07
 Reference value :  9.37906e-07
 Reference value :  9.38386e-07
 Reference value :  9.38826e-07
 Reference value :  9.39266e-07
 Reference value :  9.39746e-07
 Reference value :  9.40186e-07
 Reference value :  9.40626e-07
 Reference value :  9.41086e-07
 Reference value :  9.41566e-07
 Reference value :  9.42006e-07
 Reference value :  9.42446e-07
 Reference value :  9.42946e-07
 Reference value :  9.43386e-07
 Reference value :  9.43826e-07
 Reference value :  9.44286e-07
 Reference value :  9.44766e-07
 Reference value :  9.45226e-07
 Reference value :  9.45646e-07
 Reference value :  9.46126e-07
 Reference value :  9.46586e-07
 Reference value :  9.47066e-07
 Reference value :  9.47526e-07
 Reference value :  9.48026e-07
 Reference value :  9.48466e-07
 Reference value :  9.48906e-07
 Reference value :  9.49366e-07
 Reference value :  9.49806e-07
 Reference value :  9.50266e-07
 Reference value :  9.50726e-07
 Reference value :  9.51206e-07
 Reference value :  9.51646e-07
 Reference value :  9.52066e-07
 Reference value :  9.52546e-07
 Reference value :  9.53006e-07
 Reference value :  9.53446e-07
 Reference value :  9.53906e-07
 Reference value :  9.54386e-07
 Reference value :  9.54826e-07
 Reference value :  9.55266e-07
 Reference value :  9.55706e-07
 Reference value :  9.56126e-07
 Reference value :  9.56566e-07
 Reference value :  9.57026e-07
 Reference value :  9.57506e-07
 Reference value :  9.57966e-07
 Reference value :  9.58426e-07
 Reference value :  9.58886e-07
 Reference value :  9.59386e-07
 Reference value :  9.59846e-07
 Reference value :  9.60306e-07
 Reference value :  9.60806e-07
 Reference value :  9.61246e-07
 Reference value :  9.61686e-07
 Reference value :  9.62126e-07
 Reference value :  9.62586e-07
 Reference value :  9.63006e-07
 Reference value :  9.63466e-07
 Reference value :  9.63946e-07
 Reference value :  9.64386e-07
 Reference value :  9.64806e-07
 Reference value :  9.65246e-07
 Reference value :  9.65746e-07
 Reference value :  9.66186e-07
 Reference value :  9.66626e-07
 Reference value :  9.67106e-07
 Reference value :  9.67566e-07
 Reference value :  9.68026e-07
 Reference value :  9.68466e-07
 Reference value :  9.68966e-07
 Reference value :  9.69406e-07
 Reference value :  9.69866e-07
 Reference value :  9.70366e-07
 Reference value :  9.70806e-07
 Reference value :  9.71246e-07
 Reference value :  9.71686e-07
 Reference value :  9.72166e-07
 Reference value :  9.72586e-07
 Reference value :  9.73066e-07
 Reference value :  9.73566e-07
 Reference value :  9.74026e-07
 Reference value :  9.74486e-07
 Reference value :  9.74906e-07
 Reference value :  9.75386e-07
 Reference value :  9.75826e-07
 Reference value :  9.76286e-07
 Reference value :  9.76746e-07
 Reference value :  9.77226e-07
 Reference value :  9.77686e-07
 Reference value :  9.78106e-07
 Reference value :  9.78586e-07
 Reference value :  9.79046e-07
 Reference value :  9.79486e-07
 Reference value :  9.79966e-07
 Reference value :  9.80426e-07
 Reference value :  9.80866e-07
 Reference value :  9.81266e-07
 Reference value :  9.81766e-07
 Reference value :  9.82206e-07
 Reference value :  9.82666e-07
 Reference value :  9.83126e-07
 Reference value :  9.83606e-07
 Reference value :  9.84046e-07
 Reference value :  9.84466e-07
 Reference value :  9.84926e-07
 Reference value :  9.85366e-07
 Reference value :  9.85806e-07
 Reference value :  9.86246e-07
 Reference value :  9.86746e-07
 Reference value :  9.87166e-07
 Reference value :  9.87626e-07
 Reference value :  9.88086e-07
 Reference value :  9.88546e-07
 Reference value :  9.88986e-07
 Reference value :  9.89446e-07
 Reference value :  9.89946e-07
 Reference value :  9.90386e-07
 Reference value :  9.90826e-07
 Reference value :  9.91286e-07
 Reference value :  9.91726e-07
 Reference value :  9.92166e-07
 Reference value :  9.92606e-07
 Reference value :  9.93086e-07
 Reference value :  9.93526e-07
 Reference value :  9.93966e-07
 Reference value :  9.94406e-07
 Reference value :  9.94866e-07
 Reference value :  9.95326e-07
 Reference value :  9.95766e-07
 Reference value :  9.96226e-07
 Reference value :  9.96686e-07
 Reference value :  9.97126e-07
 Reference value :  9.97546e-07
 Reference value :  9.98026e-07
 Reference value :  9.98466e-07
 Reference value :  9.98906e-07
 Reference value :  9.99366e-07
 Reference value :  9.99846e-07
 Reference value :  1.00031e-06
 Reference value :  1.00075e-06
 Reference value :  1.00121e-06
 Reference value :  1.00163e-06
 Reference value :  1.00207e-06
 Reference value :  1.00253e-06
 Reference value :  1.00301e-06
 Reference value :  1.00347e-06
 Reference value :  1.00389e-06
 Reference value :  1.00437e-06
 Reference value :  1.00479e-06
 Reference value :  1.00523e-06
 Reference value :  1.00567e-06
 Reference value :  1.00617e-06
 Reference value :  1.00661e-06
 Reference value :  1.00705e-06
 Reference value :  1.00751e-06
 Reference value :  1.00797e-06
 Reference value :  1.00841e-06
 Reference value :  1.00883e-06
 Reference value :  1.00931e-06
 Reference value :  1.00975e-06
 Reference value :  1.01019e-06
 Reference value :  1.01063e-06
 Reference value :  1.01109e-06
 Reference value :  1.01153e-06
 Reference value :  1.01195e-06
 Reference value :  1.01243e-06
 Reference value :  1.01287e-06
 Reference value :  1.01329e-06
 Reference value :  1.01373e-06
 Reference value :  1.01421e-06
 Reference value :  1.01463e-06
 Reference value :  1.01509e-06
 Reference value :  1.01555e-06
 Reference value :  1.01601e-06
 Reference value :  1.01645e-06
 Reference value :  1.01687e-06
 Reference value :  1.01731e-06
 Reference value :  1.01777e-06
 Reference value :  1.01821e-06
 Reference value :  1.01867e-06
 Reference value :  1.01917e-06
 Reference value :  1.01963e-06
 Reference value :  1.02001e-06
 Reference value :  1.02047e-06
 Reference value :  1.02091e-06
 Reference value :  1.02137e-06
 Reference value :  1.02179e-06
 Reference value :  1.02227e-06
 Reference value :  1.02273e-06
 Reference value :  1.02315e-06
 Reference value :  1.02361e-06
 Reference value :  1.02407e-06
 Reference value :  1.02453e-06
 Reference value :  1.02495e-06
 Reference value :  1.02543e-06
 Reference value :  1.02587e-06
 Reference value :  1.02633e-06
 Reference value :  1.02677e-06
 Reference value :  1.02723e-06
 Reference value :  1.02769e-06
 Reference value :  1.02811e-06
 Reference value :  1.02857e-06
 Reference value :  1.02903e-06
 Reference value :  1.02947e-06
 Reference value :  1.02991e-06
 Reference value :  1.03039e-06
 Reference value :  1.03081e-06
 Reference value :  1.03127e-06
 Reference value :  1.03175e-06
 Reference value :  1.03221e-06
 Reference value :  1.03265e-06
 Reference value :  1.03309e-06
 Reference value :  1.03357e-06
 Reference value :  1.03399e-06
 Reference value :  1.03441e-06
 Reference value :  1.03485e-06
 Reference value :  1.03533e-06
 Reference value :  1.03577e-06
 Reference value :  1.03619e-06
 Reference value :  1.03663e-06
 Reference value :  1.03709e-06
 Reference value :  1.03755e-06
 Reference value :  1.03799e-06
 Reference value :  1.03847e-06
 Reference value :  1.03891e-06
 Reference value :  1.03935e-06
 Reference value :  1.03979e-06
 Reference value :  1.04025e-06
 Reference value :  1.04069e-06
 Reference value :  1.04113e-06
 Reference value :  1.04161e-06
 Reference value :  1.04205e-06
 Reference value :  1.04247e-06
 Reference value :  1.04291e-06
 Reference value :  1.04337e-06
 Reference value :  1.04379e-06
 Reference value :  1.04423e-06
 Reference value :  1.04471e-06
 Reference value :  1.04517e-06
 Reference value :  1.04561e-06
 Reference value :  1.04603e-06
 Reference value :  1.04653e-06
 Reference value :  1.04697e-06
 Reference value :  1.04741e-06
 Reference value :  1.04787e-06
 Reference value :  1.04833e-06
 Reference value :  1.04877e-06
 Reference value :  1.04921e-06
 Reference value :  1.04969e-06
 Reference value :  1.05013e-06
 Reference value :  1.05061e-06
 Reference value :  1.05105e-06
 Reference value :  1.05155e-06
 Reference value :  1.05199e-06
 Reference value :  1.05243e-06
 Reference value :  1.05291e-06
 Reference value :  1.05335e-06
 Reference value :  1.05379e-06
 Reference value :  1.05423e-06
 Reference value :  1.05471e-06
 Reference value :  1.05515e-06
 Reference value :  1.05561e-06
 Reference value :  1.05607e-06
 Reference value :  1.05651e-06
 Reference value :  1.05695e-06
 Reference value :  1.05741e-06
 Reference value :  1.05791e-06
 Reference value :  1.05835e-06
 Reference value :  1.05879e-06
 Reference value :  1.05925e-06
 Reference value :  1.05971e-06
 Reference value :  1.06015e-06
 Reference value :  1.06059e-06
 Reference value :  1.06111e-06
 Reference value :  1.06155e-06
 Reference value :  1.06199e-06
 Reference value :  1.06245e-06
 Reference value :  1.06291e-06
 Reference value :  1.06337e-06
 Reference value :  1.06381e-06
 Reference value :  1.06433e-06
 Reference value :  1.06479e-06
 Reference value :  1.06523e-06
 Reference value :  1.06569e-06
 Reference value :  1.06617e-06
 Reference value :  1.06665e-06
 Reference value :  1.06707e-06
 Reference value :  1.06757e-06
 Reference value :  1.06801e-06
 Reference value :  1.06847e-06
 Reference value :  1.06893e-06
 Reference value :  1.06937e-06
 Reference value :  1.06983e-06
 Reference value :  1.07027e-06
 Reference value :  1.07077e-06
 Reference value :  1.07119e-06
 Reference value :  1.07161e-06
 Reference value :  1.07205e-06
 Reference value :  1.07251e-06
 Reference value :  1.07297e-06
 Reference value :  1.07341e-06
 Reference value :  1.07389e-06
 Reference value :  1.07435e-06
 Reference value :  1.07477e-06
 Reference value :  1.07519e-06
 Reference value :  1.07567e-06
 Reference value :  1.07613e-06
 Reference value :  1.07657e-06
 Reference value :  1.07705e-06
 Reference value :  1.07753e-06
 Reference value :  1.07799e-06
 Reference value :  1.07841e-06
 Reference value :  1.07891e-06
 Reference value :  1.07935e-06
 Reference value :  1.07981e-06
 Reference value :  1.08027e-06
 Reference value :  1.08073e-06
 Reference value :  1.08117e-06
 Reference value :  1.08161e-06
 Reference value :  1.08209e-06
 Reference value :  1.08251e-06
 Reference value :  1.08295e-06
 Reference value :  1.08341e-06
 Reference value :  1.08389e-06
 Reference value :  1.08433e-06
 Reference value :  1.08475e-06
 Reference value :  1.08523e-06
 Reference value :  1.08567e-06
 Reference value :  1.08611e-06
 Reference value :  1.08653e-06
 Reference value :  1.08703e-06
 Reference value :  1.08749e-06
 Reference value :  1.08793e-06
 Reference value :  1.08837e-06
 Reference value :  1.08881e-06
 Reference value :  1.08927e-06
 Reference value :  1.08971e-06
 Reference value :  1.09019e-06
 Reference value :  1.09063e-06
 Reference value :  1.09109e-06
 Reference value :  1.09153e-06
 Reference value :  1.09199e-06
 Reference value :  1.09241e-06
 Reference value :  1.09287e-06
 Reference value :  1.09337e-06
 Reference value :  1.09381e-06
 Reference value :  1.09425e-06
 Reference value :  1.09469e-06
 Reference value :  1.09515e-06
 Reference value :  1.09557e-06
 Reference value :  1.09601e-06
 Reference value :  1.09649e-06
 Reference value :  1.09695e-06
 Reference value :  1.09739e-06
 Reference value :  1.09781e-06
 Reference value :  1.09829e-06
 Reference value :  1.09875e-06
 Reference value :  1.09919e-06
 Reference value :  1.09963e-06
 Reference value :  1.10013e-06
 Reference value :  1.10059e-06
 Reference value :  1.10103e-06
 Reference value :  1.10153e-06
 Reference value :  1.10199e-06
 Reference value :  1.10243e-06
 Reference value :  1.10291e-06
 Reference value :  1.10337e-06
 Reference value :  1.10383e-06
 Reference value :  1.10425e-06
 Reference value :  1.10471e-06
 Reference value :  1.10515e-06
 Reference value :  1.10559e-06
 Reference value :  1.10603e-06
 Reference value :  1.10651e-06
 Reference value :  1.10697e-06
 Reference value :  1.10739e-06
 Reference value :  1.10785e-06
 Reference value :  1.10829e-06
 Reference value :  1.10875e-06
 Reference value :  1.10919e-06
 Reference value :  1.10969e-06
 Reference value :  1.11013e-06
 Reference value :  1.11055e-06
 Reference value :  1.11105e-06
 Reference value :  1.11151e-06
 Reference value :  1.11195e-06
 Reference value :  1.11239e-06
 Reference value :  1.11291e-06
 Reference value :  1.11333e-06
 Reference value :  1.11379e-06
 Reference value :  1.11425e-06
 Reference value :  1.11471e-06
 Reference value :  1.11517e-06
 Reference value :  1.11559e-06
 Reference value :  1.11609e-06
 Reference value :  1.11653e-06
 Reference value :  1.11697e-06
 Reference value :  1.11745e-06
 Reference value :  1.11793e-06
 Reference value :  1.11839e-06
 Reference value :  1.11883e-06
 Reference value :  1.11933e-06
 Reference value :  1.11979e-06
 Reference value :  1.12023e-06
 Reference value :  1.12067e-06
 Reference value :  1.12113e-06
 Reference value :  1.12157e-06
 Reference value :  1.12201e-06
 Reference value :  1.12249e-06
 Reference value :  1.12295e-06
 Reference value :  1.12335e-06
 Reference value :  1.12381e-06
 Reference value :  1.12427e-06
 Reference value :  1.12475e-06
 Reference value :  1.12517e-06
 Reference value :  1.12565e-06
 Reference value :  1.12611e-06
 Reference value :  1.12653e-06
 Reference value :  1.12695e-06
 Reference value :  1.12741e-06
 Reference value :  1.12785e-06
 Reference value :  1.12829e-06
 Reference value :  1.12875e-06
 Reference value :  1.12923e-06
 Reference value :  1.12969e-06
 Reference value :  1.13013e-06
 Reference value :  1.13061e-06
 Reference value :  1.13107e-06
 Reference value :  1.13151e-06
 Reference value :  1.13197e-06
 Reference value :  1.13247e-06
 Reference value :  1.13293e-06
 Reference value :  1.13339e-06
 Reference value :  1.13385e-06
 Reference value :  1.13427e-06
 Reference value :  1.13473e-06
 Reference value :  1.13521e-06
 Reference value :  1.13569e-06
 Reference value :  1.13611e-06
 Reference value :  1.13651e-06
 Reference value :  1.13697e-06
 Reference value :  1.13743e-06
 Reference value :  1.13787e-06
 Reference value :  1.13831e-06
 Reference value :  1.13879e-06
 Reference value :  1.13923e-06
 Reference value :  1.13967e-06
 Reference value :  1.14013e-06
 Reference value :  1.14059e-06
 Reference value :  1.14103e-06
 Reference value :  1.14145e-06
 Reference value :  1.14193e-06
 Reference value :  1.14237e-06
 Reference value :  1.14281e-06
 Reference value :  1.14327e-06
 Reference value :  1.14375e-06
 Reference value :  1.14419e-06
 Reference value :  1.14461e-06
 Reference value :  1.14509e-06
 Reference value :  1.14553e-06
 Reference value :  1.14597e-06
 Reference value :  1.14641e-06
 Reference value :  1.14687e-06
 Reference value :  1.14733e-06
 Reference value :  1.14777e-06
 Reference value :  1.14823e-06
 Reference value :  1.14869e-06
 Reference value :  1.14913e-06
 Reference value :  1.14957e-06
 Reference value :  1.15005e-06
 Reference value :  1.15051e-06
 Reference value :  1.15095e-06
 Reference value :  1.15141e-06
 Reference value :  1.15187e-06
 Reference value :  1.15231e-06
 Reference value :  1.15273e-06
 Reference value :  1.15323e-06
 Reference value :  1.15365e-06
 Reference value :  1.15413e-06
 Reference value :  1.15459e-06
 Reference value :  1.15507e-06
 Reference value :  1.15551e-06
 Reference value :  1.15595e-06
 Reference value :  1.15643e-06
 Reference value :  1.15687e-06
 Reference value :  1.15733e-06
 Reference value :  1.15779e-06
 Reference value :  1.15831e-06
 Reference value :  1.15875e-06
 Reference value :  1.15917e-06
 Reference value :  1.15963e-06
 Reference value :  1.16005e-06
 Reference value :  1.16049e-06
 Reference value :  1.16091e-06
 Reference value :  1.16141e-06
 Reference value :  1.16185e-06
 Reference value :  1.16227e-06
 Reference value :  1.16273e-06
 Reference value :  1.16319e-06
 Reference value :  1.16363e-06
 Reference value :  1.16407e-06
 Reference value :  1.16457e-06
 Reference value :  1.16501e-06
 Reference value :  1.16543e-06
 Reference value :  1.16587e-06
 Reference value :  1.16633e-06
 Reference value :  1.16681e-06
 Reference value :  1.16723e-06
 Reference value :  1.16771e-06
 Reference value :  1.16815e-06
 Reference value :  1.16859e-06
 Reference value :  1.16903e-06
 Reference value :  1.16949e-06
 Reference value :  1.16993e-06
 Reference value :  1.17037e-06
 Reference value :  1.17085e-06
 Reference value :  1.17133e-06
 Reference value :  1.17177e-06
 Reference value :  1.17221e-06
 Reference value :  1.17267e-06
 Reference value :  1.17311e-06
 Reference value :  1.17357e-06
 Reference value :  1.17401e-06
 Reference value :  1.17451e-06
 Reference value :  1.17493e-06
 Reference value :  1.17537e-06
 Reference value :  1.17585e-06
 Reference value :  1.17631e-06
 Reference value :  1.17675e-06
 Reference value :  1.17719e-06
 Reference value :  1.17765e-06
 Reference value :  1.17809e-06
 Reference value :  1.17853e-06
 Reference value :  1.17899e-06
 Reference value :  1.17943e-06
 Reference value :  1.17989e-06
 Reference value :  1.18031e-06
 Reference value :  1.18081e-06
 Reference value :  1.18125e-06
 Reference value :  1.18169e-06
 Reference value :  1.18211e-06
 Reference value :  1.18257e-06
 Reference value :  1.18301e-06
 Reference value :  1.18343e-06
 Reference value :  1.18391e-06
 Reference value :  1.18435e-06
 Reference value :  1.18479e-06
 Reference value :  1.18519e-06
 Reference value :  1.18567e-06
 Reference value :  1.18611e-06
 Reference value :  1.18659e-06
 Reference value :  1.18705e-06
 Reference value :  1.18753e-06
 Reference value :  1.18795e-06
 Reference value :  1.18839e-06
 Reference value :  1.18889e-06
 Reference value :  1.18935e-06
 Reference value :  1.18979e-06
 Reference value :  1.19027e-06
 Reference value :  1.19073e-06
 Reference value :  1.19117e-06
 Reference value :  1.19161e-06
 Reference value :  1.19211e-06
 Reference value :  1.19257e-06
 Reference value :  1.19301e-06
 Reference value :  1.19347e-06
 Reference value :  1.19395e-06
 Reference value :  1.19439e-06
 Reference value :  1.19481e-06
 Reference value :  1.19531e-06
 Reference value :  1.19575e-06
 Reference value :  1.19619e-06
 Reference value :  1.19663e-06
 Reference value :  1.19711e-06
 Reference value :  1.19755e-06
 Reference value :  1.19799e-06
 Reference value :  1.19847e-06
 Reference value :  1.19891e-06
 Reference value :  1.19935e-06
 Reference value :  1.19979e-06
 Reference value :  1.20027e-06
 Reference value :  1.20071e-06
 Reference value :  1.20113e-06
 Reference value :  1.20159e-06
 Reference value :  1.20203e-06
 Reference value :  1.20245e-06
 Reference value :  1.20289e-06
 Reference value :  1.20339e-06
 Reference value :  1.20383e-06
 Reference value :  1.20425e-06
 Reference value :  1.20473e-06
 Reference value :  1.20517e-06
 Reference value :  1.20561e-06
 Reference value :  1.20605e-06
 Reference value :  1.20655e-06
 Reference value :  1.20701e-06
 Reference value :  1.20745e-06
 Reference value :  1.20791e-06
 Reference value :  1.20835e-06
 Reference value :  1.20881e-06
 Reference value :  1.20925e-06
 Reference value :  1.20973e-06
 Reference value :  1.21021e-06
 Reference value :  1.21065e-06
 Reference value :  1.21109e-06
 Reference value :  1.21155e-06
 Reference value :  1.21197e-06
 Reference value :  1.21241e-06
 Reference value :  1.21289e-06
 Reference value :  1.21337e-06
 Reference value :  1.21381e-06
 Reference value :  1.21425e-06
 Reference value :  1.21473e-06
 Reference value :  1.21517e-06
 Reference value :  1.21561e-06
 Reference value :  1.21607e-06
 Reference value :  1.21655e-06
 Reference value :  1.21699e-06
 Reference value :  1.21741e-06
 Reference value :  1.21789e-06
 Reference value :  1.21833e-06
 Reference value :  1.21879e-06
 Reference value :  1.21923e-06
 Reference value :  1.21971e-06
 Reference value :  1.22013e-06
 Reference value :  1.22059e-06
 Reference value :  1.22105e-06
 Reference value :  1.22151e-06
 Reference value :  1.22197e-06
 Reference value :  1.22241e-06
 Reference value :  1.22291e-06
 Reference value :  1.22333e-06
 Reference value :  1.22379e-06
 Reference value :  1.22429e-06
 Reference value :  1.22471e-06
 Reference value :  1.22513e-06
 Reference value :  1.22559e-06
 Reference value :  1.22609e-06
 Reference value :  1.22653e-06
 Reference value :  1.22695e-06
 Reference value :  1.22741e-06
 Reference value :  1.22787e-06
 Reference value :  1.22829e-06
 Reference value :  1.22873e-06
 Reference value :  1.22921e-06
 Reference value :  1.22967e-06
 Reference value :  1.23011e-06
 Reference value :  1.23055e-06
 Reference value :  1.23101e-06
 Reference value :  1.23147e-06
 Reference value :  1.23187e-06
 Reference value :  1.23235e-06
 Reference value :  1.23281e-06
 Reference value :  1.23323e-06
 Reference value :  1.23367e-06
 Reference value :  1.23415e-06
 Reference value :  1.23459e-06
 Reference value :  1.23507e-06
 Reference value :  1.23555e-06
 Reference value :  1.23601e-06
 Reference value :  1.23647e-06
 Reference value :  1.23687e-06
 Reference value :  1.23733e-06
 Reference value :  1.23777e-06
 Reference value :  1.23823e-06
 Reference value :  1.23869e-06
 Reference value :  1.23915e-06
 Reference value :  1.23959e-06
 Reference value :  1.24003e-06
 Reference value :  1.24051e-06
 Reference value :  1.24095e-06
 Reference value :  1.24137e-06
 Reference value :  1.24185e-06
 Reference value :  1.24235e-06
 Reference value :  1.24281e-06
 Reference value :  1.24323e-06
 Reference value :  1.24373e-06
 Reference value :  1.24417e-06
 Reference value :  1.24463e-06
 Reference value :  1.24503e-06
 Reference value :  1.24553e-06
 Reference value :  1.24597e-06
 Reference value :  1.24641e-06
 Reference value :  1.24689e-06
 Reference value :  1.24735e-06
 Reference value :  1.24781e-06
 Reference value :  1.24825e-06
 Reference value :  1.24875e-06
 Reference value :  1.24919e-06
 Reference value :  1.24963e-06
 Reference value :  1.25009e-06
 Reference value :  1.25053e-06
 Reference value :  1.25097e-06
 Reference value :  1.25141e-06
 Reference value :  1.25187e-06
 Reference value :  1.25231e-06
 Reference value :  1.25273e-06
 Reference value :  1.25317e-06
 Reference value :  1.25365e-06
 Reference value :  1.25407e-06
 Reference value :  1.25453e-06
 Reference value :  1.25501e-06
 Reference value :  1.25549e-06
 Reference value :  1.25593e-06
 Reference value :  1.25635e-06
 Reference value :  1.25683e-06
 Reference value :  1.25727e-06
 Reference value :  1.25773e-06
 Reference value :  1.25819e-06
 Reference value :  1.25865e-06
 Reference value :  1.25909e-06
 Reference value :  1.25951e-06
 Reference value :  1.25999e-06
 Reference value :  1.26043e-06
 Reference value :  1.26087e-06
 Reference value :  1.26131e-06
 Reference value :  1.26179e-06
 Reference value :  1.26225e-06
 Reference value :  1.26269e-06
 Reference value :  1.26315e-06
 Reference value :  1.26357e-06
 Reference value :  1.26401e-06
 Reference value :  1.26445e-06
 Reference value :  1.26495e-06
 Reference value :  1.26539e-06
 Reference value :  1.26583e-06
 Reference value :  1.26629e-06
 Reference value :  1.26673e-06
 Reference value :  1.26717e-06
 Reference value :  1.26761e-06
 Reference value :  1.26811e-06
 Reference value :  1.26857e-06
 Reference value :  1.26899e-06
 Reference value :  1.26943e-06
 Reference value :  1.26989e-06
 Reference value :  1.27033e-06
 Reference value :  1.27077e-06
 Reference value :  1.27127e-06
 Reference value :  1.27173e-06
 Reference value :  1.27217e-06
 Reference value :  1.27261e-06
 Reference value :  1.27307e-06
 Reference value :  1.27353e-06
 Reference value :  1.27397e-06
 Reference value :  1.27447e-06
 Reference value :  1.27491e-06
 Reference value :  1.27535e-06
 Reference value :  1.27581e-06
 Reference value :  1.27627e-06
 Reference value :  1.27671e-06
 Reference value :  1.27717e-06
 Reference value :  1.27763e-06
 Reference value :  1.27809e-06
 Reference value :  1.27855e-06
 Reference value :  1.27899e-06
 Reference value :  1.27945e-06
 Reference value :  1.27989e-06
 Reference value :  1.28031e-06
 Reference value :  1.28079e-06
 Reference value :  1.28125e-06
 Reference value :  1.28169e-06
 Reference value :  1.28207e-06
 Reference value :  1.28255e-06
 Reference value :  1.28299e-06
 Reference value :  1.28345e-06
 Reference value :  1.28389e-06
 Reference value :  1.28439e-06
 Reference value :  1.28483e-06
 Reference value :  1.28527e-06
 Reference value :  1.28573e-06
 Reference value :  1.28617e-06
 Reference value :  1.28663e-06
 Reference value :  1.28705e-06
 Reference value :  1.28755e-06
 Reference value :  1.28799e-06
 Reference value :  1.28843e-06
 Reference value :  1.28887e-06
 Reference value :  1.28933e-06
 Reference value :  1.28975e-06
 Reference value :  1.29019e-06
 Reference value :  1.29067e-06
 Reference value :  1.29113e-06
 Reference value :  1.29155e-06
 Reference value :  1.29199e-06
 Reference value :  1.29247e-06
 Reference value :  1.29291e-06
 Reference value :  1.29333e-06
 Reference value :  1.29381e-06
 Reference value :  1.29429e-06
 Reference value :  1.29471e-06
 Reference value :  1.29513e-06
 Reference value :  1.29563e-06
 Reference value :  1.29607e-06
 Reference value :  1.29649e-06
 Reference value :  1.29691e-06
 Reference value :  1.29741e-06
 Reference value :  1.29787e-06
 Reference value :  1.29829e-06
 Reference value :  1.29877e-06
 Reference value :  1.29919e-06
 Reference value :  1.29967e-06
 Reference value :  1.30011e-06
 Reference value :  1.30059e-06
 Reference value :  1.30103e-06
 Reference value :  1.30149e-06
 Reference value :  1.30193e-06
 Reference value :  1.30239e-06
 Reference value :  1.30285e-06
 Reference value :  1.30327e-06
 Reference value :  1.30379e-06
 Reference value :  1.30423e-06
 Reference value :  1.30467e-06
 Reference value :  1.30511e-06
 Reference value :  1.30557e-06
 Reference value :  1.30601e-06
 Reference value :  1.30647e-06
 Reference value :  1.30697e-06
 Reference value :  1.30741e-06
 Reference value :  1.30783e-06
 Reference value :  1.30831e-06
 Reference value :  1.30877e-06
 Reference value :  1.30921e-06
 Reference value :  1.30965e-06
 Reference value :  1.31013e-06
 Reference value :  1.31059e-06
 Reference value :  1.31103e-06
 Reference value :  1.31149e-06
 Reference value :  1.31195e-06
 Reference value :  1.31239e-06
 Reference value :  1.31283e-06
 Reference value :  1.31331e-06
 Reference value :  1.31375e-06
 Reference value :  1.31419e-06
 Reference value :  1.31463e-06
 Reference value :  1.31511e-06
 Reference value :  1.31553e-06
 Reference value :  1.31597e-06
 Reference value :  1.31641e-06
 Reference value :  1.31687e-06
 Reference value :  1.31733e-06
 Reference value :  1.31777e-06
 Reference value :  1.31823e-06
 Reference value :  1.31865e-06
 Reference value :  1.31909e-06
 Reference value :  1.31955e-06
 Reference value :  1.32003e-06
 Reference value :  1.32045e-06
 Reference value :  1.32085e-06
 Reference value :  1.32133e-06
 Reference value :  1.32177e-06
 Reference value :  1.32221e-06
 Reference value :  1.32265e-06
 Reference value :  1.32315e-06
 Reference value :  1.32359e-06
 Reference value :  1.32403e-06
 Reference value :  1.32453e-06
 Reference value :  1.32501e-06
 Reference value :  1.32547e-06
 Reference value :  1.32591e-06
 Reference value :  1.32641e-06
 Reference value :  1.32683e-06
 Reference value :  1.32727e-06
 Reference value :  1.32773e-06
 Reference value :  1.32819e-06
 Reference value :  1.32865e-06
 Reference value :  1.32907e-06
 Reference value :  1.32957e-06
 Reference value :  1.33001e-06
 Reference value :  1.33045e-06
 Reference value :  1.33091e-06
 Reference value :  1.33139e-06
 Reference value :  1.33181e-06
 Reference value :  1.33227e-06
 Reference value :  1.33275e-06
 Reference value :  1.33319e-06
 Reference value :  1.33361e-06
 Reference value :  1.33405e-06
 Reference value :  1.33451e-06
 Reference value :  1.33497e-06
 Reference value :  1.33541e-06
 Reference value :  1.33589e-06
 Reference value :  1.33635e-06
 Reference value :  1.33679e-06
 Reference value :  1.33721e-06
 Reference value :  1.33769e-06
 Reference value :  1.33815e-06
 Reference value :  1.33859e-06
 Reference value :  1.33905e-06
 Reference value :  1.33953e-06
 Reference value :  1.33999e-06
 Reference value :  1.34043e-06
 Reference value :  1.34091e-06
 Reference value :  1.34133e-06
 Reference value :  1.34179e-06
 Reference value :  1.34225e-06
 Reference value :  1.34273e-06
 Reference value :  1.34317e-06
 Reference value :  1.34361e-06
 Reference value :  1.34409e-06
 Reference value :  1.34451e-06
 Reference value :  1.34497e-06
 Reference value :  1.34541e-06
 Reference value :  1.34587e-06
 Reference value :  1.34629e-06
 Reference value :  1.34669e-06
 Reference value :  1.34715e-06
 Reference value :  1.34759e-06
 Reference value :  1.34807e-06
 Reference value :  1.34851e-06
 Reference value :  1.34899e-06
 Reference value :  1.34943e-06
 Reference value :  1.34987e-06
 Reference value :  1.35033e-06
 Reference value :  1.35081e-06
 Reference value :  1.35125e-06
 Reference value :  1.35167e-06
 Reference value :  1.35217e-06
 Reference value :  1.35261e-06
 Reference value :  1.35305e-06
 Reference value :  1.35349e-06
 Reference value :  1.35395e-06
 Reference value :  1.35439e-06
 Reference value :  1.35483e-06
 Reference value :  1.35533e-06
 Reference value :  1.35577e-06
 Reference value :  1.35621e-06
 Reference value :  1.35665e-06
 Reference value :  1.35715e-06
 Reference value :  1.35757e-06
 Reference value :  1.35803e-06
 Reference value :  1.35847e-06
 Reference value :  1.35893e-06
 Reference value :  1.35937e-06
 Reference value :  1.35979e-06
 Reference value :  1.36023e-06
 Reference value :  1.36069e-06
 Reference value :  1.36113e-06
 Reference value :  1.36159e-06
 Reference value :  1.36203e-06
 Reference value :  1.36247e-06
 Reference value :  1.36291e-06
 Reference value :  1.36337e-06
 Reference value :  1.36383e-06
 Reference value :  1.36429e-06
 Reference value :  1.36473e-06
 Reference value :  1.36523e-06
 Reference value :  1.36567e-06
 Reference value :  1.36611e-06
 Reference value :  1.36657e-06
 Reference value :  1.36703e-06
 Reference value :  1.36747e-06
 Reference value :  1.36791e-06
 Reference value :  1.36841e-06
 Reference value :  1.36887e-06
 Reference value :  1.36929e-06
 Reference value :  1.36973e-06
 Reference value :  1.37015e-06
 Reference value :  1.37059e-06
 Reference value :  1.37103e-06
 Reference value :  1.37151e-06
 Reference value :  1.37199e-06
 Reference value :  1.37241e-06
 Reference value :  1.37283e-06
 Reference value :  1.37331e-06
 Reference value :  1.37375e-06
 Reference value :  1.37417e-06
 Reference value :  1.37465e-06
 Reference value :  1.37511e-06
 Reference value :  1.37557e-06
 Reference value :  1.37601e-06
 Reference value :  1.37651e-06
 Reference value :  1.37697e-06
 Reference value :  1.37739e-06
 Reference value :  1.37785e-06
 Reference value :  1.37831e-06
 Reference value :  1.37875e-06
 Reference value :  1.37919e-06
 Reference value :  1.37967e-06
 Reference value :  1.38013e-06
 Reference value :  1.38057e-06
 Reference value :  1.38103e-06
 Reference value :  1.38153e-06
 Reference value :  1.38199e-06
 Reference value :  1.38243e-06
 Reference value :  1.38289e-06
 Reference value :  1.38335e-06
 Reference value :  1.38381e-06
 Reference value :  1.38427e-06
 Reference value :  1.38473e-06
 Reference value :  1.38515e-06
 Reference value :  1.38559e-06
 Reference value :  1.38605e-06
 Reference value :  1.38651e-06
 Reference value :  1.38695e-06
 Reference value :  1.38739e-06
 Reference value :  1.38789e-06
 Reference value :  1.38833e-06
 Reference value :  1.38875e-06
 Reference value :  1.38919e-06
 Reference value :  1.38965e-06
 Reference value :  1.39011e-06
 Reference value :  1.39053e-06
 Reference value :  1.39101e-06
 Reference value :  1.39147e-06
 Reference value :  1.39191e-06
 Reference value :  1.39235e-06
 Reference value :  1.39279e-06
 Reference value :  1.39325e-06
 Reference value :  1.39369e-06
 Reference value :  1.39421e-06
 Reference value :  1.39465e-06
 Reference value :  1.39509e-06
 Reference value :  1.39553e-06
 Reference value :  1.39599e-06
 Reference value :  1.39641e-06
 Reference value :  1.39687e-06
 Reference value :  1.39733e-06
 Reference value :  1.39781e-06
 Reference value :  1.39823e-06
 Reference value :  1.39865e-06
 Reference value :  1.39911e-06
 Reference value :  1.39955e-06
 Reference value :  1.39995e-06
 Reference value :  1.40039e-06
 Reference value :  1.40093e-06
 Reference value :  1.40139e-06
 Reference value :  1.40183e-06
 Reference value :  1.40233e-06
 Reference value :  1.40281e-06
 Reference value :  1.40325e-06
 Reference value :  1.40371e-06
 Reference value :  1.40419e-06
 Reference value :  1.40465e-06
 Reference value :  1.40509e-06
 Reference value :  1.40555e-06
 Reference value :  1.40601e-06
 Reference value :  1.40645e-06
 Reference value :  1.40691e-06
 Reference value :  1.40739e-06
 Reference value :  1.40781e-06
 Reference value :  1.40827e-06
 Reference value :  1.40871e-06
 Reference value :  1.40915e-06
 Reference value :  1.40959e-06
 Reference value :  1.41003e-06
 Reference value :  1.41051e-06
 Reference value :  1.41095e-06
 Reference value :  1.41137e-06
 Reference value :  1.41181e-06
 Reference value :  1.41227e-06
 Reference value :  1.41273e-06
 Reference value :  1.41315e-06
 Reference value :  1.41365e-06
 Reference value :  1.41409e-06
 Reference value :  1.41453e-06
 Reference value :  1.41499e-06
 Reference value :  1.41543e-06
 Reference value :  1.41589e-06
 Reference value :  1.41631e-06
 Reference value :  1.41679e-06
 Reference value :  1.41723e-06
 Reference value :  1.41767e-06
 Reference value :  1.41811e-06
 Reference value :  1.41859e-06
 Reference value :  1.41905e-06
 Reference value :  1.41949e-06
 Reference value :  1.41997e-06
 Reference value :  1.42045e-06
 Reference value :  1.42089e-06
 Reference value :  1.42131e-06
 Reference value :  1.42179e-06
 Reference value :  1.42223e-06
 Reference value :  1.42269e-06
 Reference value :  1.42315e-06
 Reference value :  1.42363e-06
 Reference value :  1.42405e-06
 Reference value :  1.42447e-06
 Reference value :  1.42495e-06
 Reference value :  1.42539e-06
 Reference value :  1.42585e-06
 Reference value :  1.42629e-06
 Reference value :  1.42679e-06
 Reference value :  1.42725e-06
 Reference value :  1.42767e-06
 Reference value :  1.42817e-06
 Reference value :  1.42861e-06
 Reference value :  1.42907e-06
 Reference value :  1.42951e-06
 Reference value :  1.42999e-06
 Reference value :  1.43043e-06
 Reference value :  1.43085e-06
 Reference value :  1.43129e-06
 Reference value :  1.43175e-06
 Reference value :  1.43221e-06
 Reference value :  1.43263e-06
 Reference value :  1.43313e-06
 Reference value :  1.43357e-06
 Reference value :  1.43401e-06
 Reference value :  1.43443e-06
 Reference value :  1.43485e-06
 Reference value :  1.43529e-06
 Reference value :  1.43573e-06
 Reference value :  1.43621e-06
 Reference value :  1.43671e-06
 Reference value :  1.43713e-06
 Reference value :  1.43757e-06
 Reference value :  1.43805e-06
 Reference value :  1.43849e-06
 Reference value :  1.43891e-06
 Reference value :  1.43939e-06
 Reference value :  1.43985e-06
 Reference value :  1.44031e-06
 Reference value :  1.44073e-06
 Reference value :  1.44121e-06
 Reference value :  1.44165e-06
 Reference value :  1.44209e-06
 Reference value :  1.44255e-06
 Reference value :  1.44301e-06
 Reference value :  1.44345e-06
 Reference value :  1.44385e-06
 Reference value :  1.44433e-06
 Reference value :  1.44477e-06
 Reference value :  1.44525e-06
 Reference value :  1.44569e-06
 Reference value :  1.44617e-06
 Reference value :  1.44661e-06
 Reference value :  1.44705e-06
 Reference value :  1.44749e-06
 Reference value :  1.44793e-06
 Reference value :  1.44837e-06
 Reference value :  1.44881e-06
 Reference value :  1.44929e-06
 Reference value :  1.44973e-06
 Reference value :  1.45017e-06
 Reference value :  1.45061e-06
 Reference value :  1.45107e-06
 Reference value :  1.45153e-06
 Reference value :  1.45197e-06
 Reference value :  1.45247e-06
 Reference value :  1.45291e-06
 Reference value :  1.45335e-06
 Reference value :  1.45379e-06
 Reference value :  1.45425e-06
 Reference value :  1.45473e-06
 Reference value :  1.45515e-06
 Reference value :  1.45563e-06
 Reference value :  1.45611e-06
 Reference value :  1.45653e-06
 Reference value :  1.45697e-06
 Reference value :  1.45743e-06
 Reference value :  1.45787e-06
 Reference value :  1.45831e-06
 Reference value :  1.45877e-06
 Reference value :  1.45923e-06
 Reference value :  1.45969e-06
 Reference value :  1.46013e-06
 Reference value :  1.46061e-06
 Reference value :  1.46103e-06
 Reference value :  1.46149e-06
 Reference value :  1.46195e-06
 Reference value :  1.46245e-06
 Reference value :  1.46287e-06
 Reference value :  1.46329e-06
 Reference value :  1.46377e-06
 Reference value :  1.46421e-06
 Reference value :  1.46465e-06
 Reference value :  1.46509e-06
 Reference value :  1.46555e-06
 Reference value :  1.46599e-06
 Reference value :  1.46643e-06
 Reference value :  1.46687e-06
 Reference value :  1.46731e-06
 Reference value :  1.46777e-06
 Reference value :  1.46821e-06
 Reference value :  1.46871e-06
 Reference value :  1.46917e-06
 Reference value :  1.46961e-06
 Reference value :  1.47007e-06
 Reference value :  1.47051e-06
 Reference value :  1.47095e-06
 Reference value :  1.47141e-06
 Reference value :  1.47191e-06
 Reference value :  1.47237e-06
 Reference value :  1.47283e-06
 Reference value :  1.47329e-06
 Reference value :  1.47375e-06
 Reference value :  1.47419e-06
 Reference value :  1.47465e-06
 Reference value :  1.47513e-06
 Reference value :  1.47557e-06
 Reference value :  1.47601e-06
 Reference value :  1.47645e-06
 Reference value :  1.47691e-06
 Reference value :  1.47735e-06
 Reference value :  1.47781e-06
 Reference value :  1.47829e-06
 Reference value :  1.47875e-06
 Reference value :  1.47917e-06
 Reference value :  1.47959e-06
 Reference value :  1.48007e-06
 Reference value :  1.48053e-06
 Reference value :  1.48097e-06
 Reference value :  1.48143e-06
 Reference value :  1.48187e-06
 Reference value :  1.48233e-06
 Reference value :  1.48277e-06
 Reference value :  1.48325e-06
 Reference value :  1.48367e-06
 Reference value :  1.48413e-06
 Reference value :  1.48461e-06
 Reference value :  1.48507e-06
 Reference value :  1.48553e-06
 Reference value :  1.48597e-06
 Reference value :  1.48643e-06
 Reference value :  1.48687e-06
 Reference value :  1.48733e-06
 Reference value :  1.48777e-06
 Reference value :  1.48825e-06
 Reference value :  1.48869e-06
 Reference value :  1.48913e-06
 Reference value :  1.48959e-06
 Reference value :  1.49003e-06
 Reference value :  1.49047e-06
 Reference value :  1.49091e-06
 Reference value :  1.49141e-06
 Reference value :  1.49187e-06
 Reference value :  1.49229e-06
 Reference value :  1.49275e-06
 Reference value :  1.49321e-06
 Reference value :  1.49367e-06
 Reference value :  1.49409e-06
 Reference value :  1.49459e-06
 Reference value :  1.49503e-06
 Reference value :  1.49545e-06
 Reference value :  1.49589e-06
 Reference value :  1.49637e-06
 Reference value :  1.49685e-06
 Reference value :  1.49729e-06
 Reference value :  1.49779e-06
 Reference value :  1.49825e-06
 Reference value :  1.49869e-06
 Reference value :  1.49913e-06
 Reference value :  1.49957e-06
 Reference value :  1.50001e-06
 Reference value :  1.50047e-06
 Reference value :  1.50095e-06
 Reference value :  1.50141e-06
 Reference value :  1.50185e-06
 Reference value :  1.50231e-06
 Reference value :  1.50277e-06
 Reference value :  1.50323e-06
 Reference value :  1.50369e-06
 Reference value :  1.50417e-06
 Reference value :  1.50463e-06
 Reference value :  1.50505e-06
 Reference value :  1.50547e-06
 Reference value :  1.50597e-06
 Reference value :  1.50643e-06
 Reference value :  1.50689e-06
 Reference value :  1.50737e-06
 Reference value :  1.50787e-06
 Reference value :  1.50833e-06
 Reference value :  1.50877e-06
 Reference value :  1.50921e-06
 Reference value :  1.50965e-06
 Reference value :  1.51009e-06
 Reference value :  1.51057e-06
 Reference value :  1.51103e-06
 Reference value :  1.51149e-06
 Reference value :  1.51193e-06
 Reference value :  1.51241e-06
 Reference value :  1.51285e-06
 Reference value :  1.51329e-06
 Reference value :  1.51375e-06
 Reference value :  1.51421e-06
 Reference value :  1.51465e-06
 Reference value :  1.51509e-06
 Reference value :  1.51553e-06
 Reference value :  1.51595e-06
 Reference value :  1.51639e-06
 Reference value :  1.51685e-06
 Reference value :  1.51733e-06
 Reference value :  1.51779e-06
 Reference value :  1.51819e-06
 Reference value :  1.51863e-06
 Reference value :  1.51909e-06
 Reference value :  1.51953e-06
 Reference value :  1.51997e-06
 Reference value :  1.52049e-06
 Reference value :  1.52095e-06
 Reference value :  1.52137e-06
 Reference value :  1.52181e-06
 Reference value :  1.52229e-06
 Reference value :  1.52271e-06
 Reference value :  1.52317e-06
 Reference value :  1.52365e-06
 Reference value :  1.52409e-06
 Reference value :  1.52453e-06
 Reference value :  1.52495e-06
 Reference value :  1.52545e-06
 Reference value :  1.52589e-06
 Reference value :  1.52635e-06
 Reference value :  1.52683e-06
 Reference value :  1.52729e-06
 Reference value :  1.52771e-06
 Reference value :  1.52813e-06
 Reference value :  1.52861e-06
 Reference value :  1.52905e-06
 Reference value :  1.52949e-06
 Reference value :  1.52997e-06
 Reference value :  1.53045e-06
 Reference value :  1.53089e-06
 Reference value :  1.53129e-06
 Reference value :  1.53177e-06
 Reference value :  1.53221e-06
 Reference value :  1.53263e-06
 Reference value :  1.53309e-06
 Reference value :  1.53357e-06
 Reference value :  1.53401e-06
 Reference value :  1.53445e-06
 Reference value :  1.53493e-06
 Reference value :  1.53537e-06
 Reference value :  1.53581e-06
 Reference value :  1.53625e-06
 Reference value :  1.53673e-06
 Reference value :  1.53717e-06
 Reference value :  1.53761e-06
 Reference value :  1.53807e-06
 Reference value :  1.53853e-06
 Reference value :  1.53899e-06
 Reference value :  1.53943e-06
 Reference value :  1.53993e-06
 Reference value :  1.54039e-06
 Reference value :  1.54081e-06
 Reference value :  1.54127e-06
 Reference value :  1.54173e-06
 Reference value :  1.54217e-06
 Reference value :  1.54261e-06
 Reference value :  1.54309e-06
 Reference value :  1.54353e-06
 Reference value :  1.54397e-06
 Reference value :  1.54445e-06
 Reference value :  1.54489e-06
 Reference value :  1.54533e-06
 Reference value :  1.54577e-06
 Reference value :  1.54625e-06
 Reference value :  1.54669e-06
 Reference value :  1.54715e-06
 Reference value :  1.54761e-06
 Reference value :  1.54809e-06
 Reference value :  1.54855e-06
 Reference value :  1.54899e-06
 Reference value :  1.54949e-06
 Reference value :  1.54993e-06
 Reference value :  1.55037e-06
 Reference value :  1.55083e-06
 Reference value :  1.55131e-06
 Reference value :  1.55177e-06
 Reference value :  1.55221e-06
 Reference value :  1.55271e-06
 Reference value :  1.55317e-06
 Reference value :  1.55361e-06
 Reference value :  1.55403e-06
 Reference value :  1.55451e-06
 Reference value :  1.55495e-06
 Reference value :  1.55541e-06
 Reference value :  1.55589e-06
 Reference value :  1.55635e-06
 Reference value :  1.55679e-06
 Reference value :  1.55723e-06
 Reference value :  1.55771e-06
 Reference value :  1.55815e-06
 Reference value :  1.55857e-06
 Reference value :  1.55905e-06
 Reference value :  1.55953e-06
 Reference value :  1.55997e-06
 Reference value :  1.56041e-06
 Reference value :  1.56093e-06
 Reference value :  1.56139e-06
 Reference value :  1.56183e-06
 Reference value :  1.56229e-06
 Reference value :  1.56275e-06
 Reference value :  1.56321e-06
 Reference value :  1.56365e-06
 Reference value :  1.56413e-06
 Reference value :  1.56455e-06
 Reference value :  1.56499e-06
 Reference value :  1.56545e-06
 Reference value :  1.56593e-06
 Reference value :  1.56639e-06
 Reference value :  1.56683e-06
 Reference value :  1.56731e-06
 Reference value :  1.56775e-06
 Reference value :  1.56819e-06
 Reference value :  1.56867e-06
 Reference value :  1.56915e-06
 Reference value :  1.56961e-06
 Reference value :  1.57003e-06
 Reference value :  1.57051e-06
 Reference value :  1.57095e-06
 Reference value :  1.57139e-06
 Reference value :  1.57185e-06
 Reference value :  1.57233e-06
 Reference value :  1.57275e-06
 Reference value :  1.57319e-06
 Reference value :  1.57365e-06
 Reference value :  1.57409e-06
 Reference value :  1.57455e-06
 Reference value :  1.57497e-06
 Reference value :  1.57545e-06
 Reference value :  1.57589e-06
 Reference value :  1.57633e-06
 Reference value :  1.57677e-06
 Reference value :  1.57725e-06
 Reference value :  1.57769e-06
 Reference value :  1.57813e-06
 Reference value :  1.57867e-06
 Reference value :  1.57911e-06
 Reference value :  1.57955e-06
 Reference value :  1.57999e-06
 Reference value :  1.58045e-06
 Reference value :  1.58089e-06
 Reference value :  1.58133e-06
 Reference value :  1.58183e-06
 Reference value :  1.58227e-06
 Reference value :  1.58269e-06
 Reference value :  1.58311e-06
 Reference value :  1.58359e-06
 Reference value :  1.58405e-06
 Reference value :  1.58449e-06
 Reference value :  1.58495e-06
 Reference value :  1.58543e-06
 Reference value :  1.58589e-06
 Reference value :  1.58631e-06
 Reference value :  1.58679e-06
 Reference value :  1.58723e-06
 Reference value :  1.58765e-06
 Reference value :  1.58811e-06
 Reference value :  1.58859e-06
 Reference value :  1.58903e-06
 Reference value :  1.58947e-06
 Reference value :  1.58995e-06
 Reference value :  1.59041e-06
 Reference value :  1.59087e-06
 Reference value :  1.59135e-06
 Reference value :  1.59183e-06
 Reference value :  1.59227e-06
 Reference value :  1.59275e-06
 Reference value :  1.59323e-06
 Reference value :  1.59367e-06
 Reference value :  1.59413e-06
 Reference value :  1.59459e-06
 Reference value :  1.59505e-06
 Reference value :  1.59547e-06
 Reference value :  1.59589e-06
 Reference value :  1.59637e-06
 Reference value :  1.59683e-06
 Reference value :  1.59727e-06
 Reference value :  1.59769e-06
 Reference value :  1.59821e-06
 Reference value :  1.59863e-06
 Reference value :  1.59909e-06
 Reference value :  1.59955e-06
 Reference value :  1.59999e-06
 Reference value :  1.60043e-06
 Reference value :  1.60087e-06
 Reference value :  1.60137e-06
 Reference value :  1.60181e-06
 Reference value :  1.60225e-06
 Reference value :  1.60269e-06
 Reference value :  1.60317e-06
 Reference value :  1.60363e-06
 Reference value :  1.60405e-06
 Reference value :  1.60455e-06
 Reference value :  1.60501e-06
 Reference value :  1.60545e-06
 Reference value :  1.60591e-06
 Reference value :  1.60637e-06
 Reference value :  1.60681e-06
 Reference value :  1.60725e-06
 Reference value :  1.60773e-06
 Reference value :  1.60817e-06
 Reference value :  1.60859e-06
 Reference value :  1.60903e-06
 Reference value :  1.60949e-06
 Reference value :  1.60997e-06
 Reference value :  1.61041e-06
 Reference value :  1.61089e-06
 Reference value :  1.61135e-06
 Reference value :  1.61179e-06
 Reference value :  1.61221e-06
 Reference value :  1.61269e-06
 Reference value :  1.61313e-06
 Reference value :  1.61357e-06
 Reference value :  1.61403e-06
 Reference value :  1.61449e-06
 Reference value :  1.61493e-06
 Reference value :  1.61537e-06
 Reference value :  1.61585e-06
 Reference value :  1.61629e-06
 Reference value :  1.61675e-06
 Reference value :  1.61721e-06
 Reference value :  1.61771e-06
 Reference value :  1.61815e-06
 Reference value :  1.61861e-06
 Reference value :  1.61907e-06
 Reference value :  1.61951e-06
 Reference value :  1.61997e-06
 Reference value :  1.62043e-06
 Reference value :  1.62091e-06
 Reference value :  1.62133e-06
 Reference value :  1.62177e-06
 Reference value :  1.62225e-06
 Reference value :  1.62271e-06
 Reference value :  1.62315e-06
 Reference value :  1.62359e-06
 Reference value :  1.62409e-06
 Reference value :  1.62453e-06
 Reference value :  1.62495e-06
 Reference value :  1.62543e-06
 Reference value :  1.62587e-06
 Reference value :  1.62631e-06
 Reference value :  1.62675e-06
 Reference value :  1.62725e-06
 Reference value :  1.62771e-06
 Reference value :  1.62815e-06
 Reference value :  1.62861e-06
 Reference value :  1.62909e-06
 Reference value :  1.62953e-06
 Reference value :  1.62995e-06
 Reference value :  1.63045e-06
 Reference value :  1.63089e-06
 Reference value :  1.63133e-06
 Reference value :  1.63177e-06
 Reference value :  1.63223e-06
 Reference value :  1.63269e-06
 Reference value :  1.63313e-06
 Reference value :  1.63361e-06
 Reference value :  1.63405e-06
 Reference value :  1.63445e-06
 Reference value :  1.63487e-06
 Reference value :  1.63533e-06
 Reference value :  1.63577e-06
 Reference value :  1.63621e-06
 Reference value :  1.63669e-06
 Reference value :  1.63717e-06
 Reference value :  1.63761e-06
 Reference value :  1.63805e-06
 Reference value :  1.63853e-06
 Reference value :  1.63899e-06
 Reference value :  1.63943e-06
 Reference value :  1.63989e-06
 Reference value :  1.64037e-06
 Reference value :  1.64081e-06
 Reference value :  1.64125e-06
 Reference value :  1.64173e-06
 Reference value :  1.64215e-06
 Reference value :  1.64259e-06
 Reference value :  1.64303e-06
 Reference value :  1.64353e-06
 Reference value :  1.64397e-06
 Reference value :  1.64441e-06
 Reference value :  1.64485e-06
 Reference value :  1.64531e-06
 Reference value :  1.64575e-06
 Reference value :  1.64621e-06
 Reference value :  1.64671e-06
 Reference value :  1.64715e-06
 Reference value :  1.64759e-06
 Reference value :  1.64805e-06
 Reference value :  1.64851e-06
 Reference value :  1.64895e-06
 Reference value :  1.64939e-06
 Reference value :  1.64989e-06
 Reference value :  1.65033e-06
 Reference value :  1.65075e-06
 Reference value :  1.65119e-06
 Reference value :  1.65167e-06
 Reference value :  1.65211e-06
 Reference value :  1.65255e-06
 Reference value :  1.65303e-06
 Reference value :  1.65347e-06
 Reference value :  1.65393e-06
 Reference value :  1.65437e-06
 Reference value :  1.65481e-06
 Reference value :  1.65525e-06
 Reference value :  1.65569e-06
 Reference value :  1.65619e-06
 Reference value :  1.65665e-06
 Reference value :  1.65711e-06
 Reference value :  1.65753e-06
 Reference value :  1.65801e-06
 Reference value :  1.65845e-06
 Reference value :  1.65891e-06
 Reference value :  1.65939e-06
 Reference value :  1.65987e-06
 Reference value :  1.66029e-06
 Reference value :  1.66073e-06
 Reference value :  1.66121e-06
 Reference value :  1.66167e-06
 Reference value :  1.66211e-06
 Reference value :  1.66259e-06
 Reference value :  1.66307e-06
 Reference value :  1.66353e-06
 Reference value :  1.66395e-06
 Reference value :  1.66443e-06
 Reference value :  1.66489e-06
 Reference value :  1.66533e-06
 Reference value :  1.66581e-06
 Reference value :  1.66625e-06
 Reference value :  1.66669e-06
 Reference value :  1.66713e-06
 Reference value :  1.66761e-06
 Reference value :  1.66803e-06
 Reference value :  1.66847e-06
 Reference value :  1.66893e-06
 Reference value :  1.66939e-06
 Reference value :  1.66983e-06
 Reference value :  1.67029e-06
 Reference value :  1.67075e-06
 Reference value :  1.67119e-06
 Reference value :  1.67163e-06
 Reference value :  1.67207e-06
 Reference value :  1.67257e-06
 Reference value :  1.67303e-06
 Reference value :  1.67345e-06
 Reference value :  1.67391e-06
 Reference value :  1.67437e-06
 Reference value :  1.67483e-06
 Reference value :  1.67527e-06
 Reference value :  1.67577e-06
 Reference value :  1.67621e-06
 Reference value :  1.67663e-06
 Reference value :  1.67707e-06
 Reference value :  1.67753e-06
 Reference value :  1.67799e-06
 Reference value :  1.67845e-06
 Reference value :  1.67897e-06
 Reference value :  1.67941e-06
 Reference value :  1.67983e-06
 Reference value :  1.68029e-06
 Reference value :  1.68075e-06
 Reference value :  1.68119e-06
 Reference value :  1.68165e-06
 Reference value :  1.68215e-06
 Reference value :  1.68259e-06
 Reference value :  1.68303e-06
 Reference value :  1.68347e-06
 Reference value :  1.68393e-06
 Reference value :  1.68439e-06
 Reference value :  1.68483e-06
 Reference value :  1.68529e-06
 Reference value :  1.68577e-06
 Reference value :  1.68619e-06
 Reference value :  1.68661e-06
 Reference value :  1.68711e-06
 Reference value :  1.68755e-06
 Reference value :  1.68797e-06
 Reference value :  1.68843e-06
 Reference value :  1.68891e-06
 Reference value :  1.68937e-06
 Reference value :  1.68979e-06
 Reference value :  1.69027e-06
 Reference value :  1.69071e-06
 Reference value :  1.69117e-06
 Reference value :  1.69161e-06
 Reference value :  1.69209e-06
 Reference value :  1.69253e-06
 Reference value :  1.69297e-06
 Reference value :  1.69345e-06
 Reference value :  1.69389e-06
 Reference value :  1.69435e-06
 Reference value :  1.69479e-06
 Reference value :  1.69529e-06
 Reference value :  1.69573e-06
 Reference value :  1.69617e-06
 Reference value :  1.69663e-06
 Reference value :  1.69705e-06
 Reference value :  1.69751e-06
 Reference value :  1.69797e-06
 Reference value :  1.69847e-06
 Reference value :  1.69891e-06
 Reference value :  1.69935e-06
 Reference value :  1.69981e-06
 Reference value :  1.70029e-06
 Reference value :  1.70075e-06
 Reference value :  1.70119e-06
 Reference value :  1.70169e-06
 Reference value :  1.70213e-06
 Reference value :  1.70255e-06
 Reference value :  1.70301e-06
 Reference value :  1.70345e-06
 Reference value :  1.70391e-06
 Reference value :  1.70435e-06
 Reference value :  1.70483e-06
 Reference value :  1.70527e-06
 Reference value :  1.70569e-06
 Reference value :  1.70611e-06
 Reference value :  1.70657e-06
 Reference value :  1.70703e-06
 Reference value :  1.70747e-06
 Reference value :  1.70795e-06
 Reference value :  1.70839e-06
 Reference value :  1.70883e-06
 Reference value :  1.70927e-06
 Reference value :  1.70973e-06
 Reference value :  1.71015e-06
 Reference value :  1.71059e-06
 Reference value :  1.71107e-06
 Reference value :  1.71153e-06
 Reference value :  1.71197e-06
 Reference value :  1.71237e-06
 Reference value :  1.71285e-06
 Reference value :  1.71331e-06
 Reference value :  1.71373e-06
 Reference value :  1.71419e-06
 Reference value :  1.71467e-06
 Reference value :  1.71511e-06
 Reference value :  1.71553e-06
 Reference value :  1.71599e-06
 Reference value :  1.71645e-06
 Reference value :  1.71691e-06
 Reference value :  1.71731e-06
 Reference value :  1.71779e-06
 Reference value :  1.71827e-06
 Reference value :  1.71871e-06
 Reference value :  1.71915e-06
 Reference value :  1.71961e-06
 Reference value :  1.72005e-06
 Reference value :  1.72049e-06
 Reference value :  1.72097e-06
 Reference value :  1.72141e-06
 Reference value :  1.72185e-06
 Reference value :  1.72229e-06
 Reference value :  1.72277e-06
 Reference value :  1.72321e-06
 Reference value :  1.72365e-06
 Reference value :  1.72413e-06
 Reference value :  1.72461e-06
 Reference value :  1.72503e-06
 Reference value :  1.72545e-06
 Reference value :  1.72595e-06
 Reference value :  1.72637e-06
 Reference value :  1.72681e-06
 Reference value :  1.72729e-06
 Reference value :  1.72775e-06
 Reference value :  1.72821e-06
 Reference value :  1.72865e-06
 Reference value :  1.72913e-06
 Reference value :  1.72957e-06
 Reference value :  1.73003e-06
 Reference value :  1.73049e-06
 Reference value :  1.73095e-06
 Reference value :  1.73141e-06
 Reference value :  1.73181e-06
 Reference value :  1.73229e-06
 Reference value :  1.73273e-06
 Reference value :  1.73319e-06
 Reference value :  1.73365e-06
 Reference value :  1.73415e-06
 Reference value :  1.73461e-06
 Reference value :  1.73505e-06
 Reference value :  1.73555e-06
 Reference value :  1.73597e-06
 Reference value :  1.73643e-06
 Reference value :  1.73687e-06
 Reference value :  1.73735e-06
 Reference value :  1.73779e-06
 Reference value :  1.73823e-06
 Reference value :  1.73869e-06
 Reference value :  1.73915e-06
 Reference value :  1.73959e-06
 Reference value :  1.74005e-06
 Reference value :  1.74055e-06
 Reference value :  1.74099e-06
 Reference value :  1.74141e-06
 Reference value :  1.74187e-06
 Reference value :  1.74233e-06
 Reference value :  1.74279e-06
 Reference value :  1.74323e-06
 Reference value :  1.74373e-06
 Reference value :  1.74417e-06
 Reference value :  1.74461e-06
 Reference value :  1.74505e-06
 Reference value :  1.74549e-06
 Reference value :  1.74595e-06
 Reference value :  1.74637e-06
 Reference value :  1.74685e-06
 Reference value :  1.74729e-06
 Reference value :  1.74773e-06
 Reference value :  1.74817e-06
 Reference value :  1.74863e-06
 Reference value :  1.74909e-06
 Reference value :  1.74953e-06
 Reference value :  1.75001e-06
 Reference value :  1.75045e-06
 Reference value :  1.75087e-06
 Reference value :  1.75129e-06
 Reference value :  1.75177e-06
 Reference value :  1.75221e-06
 Reference value :  1.75265e-06
 Reference value :  1.75311e-06
 Reference value :  1.75359e-06
 Reference value :  1.75403e-06
 Reference value :  1.75445e-06
 Reference value :  1.75497e-06
 Reference value :  1.75543e-06
 Reference value :  1.75587e-06
 Reference value :  1.75633e-06
 Reference value :  1.75681e-06
 Reference value :  1.75725e-06
 Reference value :  1.75767e-06
 Reference value :  1.75817e-06
 Reference value :  1.75861e-06
 Reference value :  1.75909e-06
 Reference value :  1.75955e-06
 Reference value :  1.76005e-06
 Reference value :  1.76049e-06
 Reference value :  1.76093e-06
 Reference value :  1.76141e-06
 Reference value :  1.76185e-06
 Reference value :  1.76229e-06
 Reference value :  1.76275e-06
 Reference value :  1.76321e-06
 Reference value :  1.76365e-06
 Reference value :  1.76409e-06
 Reference value :  1.76451e-06
 Reference value :  1.76495e-06
 Reference value :  1.76539e-06
 Reference value :  1.76583e-06
 Reference value :  1.76635e-06
 Reference value :  1.76681e-06
 Reference value :  1.76723e-06
 Reference value :  1.76769e-06
 Reference value :  1.76815e-06
 Reference value :  1.76857e-06
 Reference value :  1.76901e-06
 Reference value :  1.76949e-06
 Reference value :  1.76993e-06
 Reference value :  1.77037e-06
 Reference value :  1.77083e-06
 Reference value :  1.77129e-06
 Reference value :  1.77173e-06
 Reference value :  1.77217e-06
 Reference value :  1.77265e-06
 Reference value :  1.77309e-06
 Reference value :  1.77357e-06
 Reference value :  1.77403e-06
 Reference value :  1.77449e-06
 Reference value :  1.77491e-06
 Reference value :  1.77539e-06
 Reference value :  1.77587e-06
 Reference value :  1.77635e-06
 Reference value :  1.77677e-06
 Reference value :  1.77719e-06
 Reference value :  1.77767e-06
 Reference value :  1.77811e-06
 Reference value :  1.77855e-06
 Reference value :  1.77901e-06
 Reference value :  1.77947e-06
 Reference value :  1.77989e-06
 Reference value :  1.78031e-06
 Reference value :  1.78081e-06
 Reference value :  1.78125e-06
 Reference value :  1.78169e-06
 Reference value :  1.78213e-06
 Reference value :  1.78263e-06
 Reference value :  1.78309e-06
 Reference value :  1.78351e-06
 Reference value :  1.78397e-06
 Reference value :  1.78443e-06
 Reference value :  1.78491e-06
 Reference value :  1.78533e-06
 Reference value :  1.78583e-06
 Reference value :  1.78627e-06
 Reference value :  1.78671e-06
 Reference value :  1.78713e-06
 Reference value :  1.78761e-06
 Reference value :  1.78805e-06
 Reference value :  1.78851e-06
 Reference value :  1.78899e-06
 Reference value :  1.78945e-06
 Reference value :  1.78989e-06
 Reference value :  1.79035e-06
 Reference value :  1.79081e-06
 Reference value :  1.79125e-06
 Reference value :  1.79171e-06
 Reference value :  1.79221e-06
 Reference value :  1.79263e-06
 Reference value :  1.79303e-06
 Reference value :  1.79347e-06
 Reference value :  1.79393e-06
 Reference value :  1.79437e-06
 Reference value :  1.79481e-06
 Reference value :  1.79529e-06
 Reference value :  1.79573e-06
 Reference value :  1.79619e-06
 Reference value :  1.79661e-06
 Reference value :  1.79709e-06
 Reference value :  1.79755e-06
 Reference value :  1.79799e-06
 Reference value :  1.79847e-06
 Reference value :  1.79893e-06
 Reference value :  1.79939e-06
 Reference value :  1.79983e-06
 Reference value :  1.80029e-06
 Reference value :  1.80071e-06
 Reference value :  1.80115e-06
 Reference value :  1.80161e-06
 Reference value :  1.80207e-06
 Reference value :  1.80251e-06
 Reference value :  1.80295e-06
 Reference value :  1.80343e-06
 Reference value :  1.80387e-06
 Reference value :  1.80431e-06
 Reference value :  1.80475e-06
 Reference value :  1.80523e-06
 Reference value :  1.80567e-06
 Reference value :  1.80609e-06
 Reference value :  1.80655e-06
 Reference value :  1.80699e-06
 Reference value :  1.80743e-06
 Reference value :  1.80785e-06
 Reference value :  1.80835e-06
 Reference value :  1.80883e-06
 Reference value :  1.80925e-06
 Reference value :  1.80971e-06
 Reference value :  1.81019e-06
 Reference value :  1.81063e-06
 Reference value :  1.81107e-06
 Reference value :  1.81157e-06
 Reference value :  1.81201e-06
 Reference value :  1.81245e-06
 Reference value :  1.81289e-06
 Reference value :  1.81335e-06
 Reference value :  1.81379e-06
 Reference value :  1.81423e-06
 Reference value :  1.81471e-06
 Reference value :  1.81517e-06
 Reference value :  1.81559e-06
 Reference value :  1.81601e-06
 Reference value :  1.81651e-06
 Reference value :  1.81693e-06
 Reference value :  1.81737e-06
 Reference value :  1.81781e-06
 Reference value :  1.81829e-06
 Reference value :  1.81871e-06
 Reference value :  1.81913e-06
 Reference value :  1.81961e-06
 Reference value :  1.82007e-06
 Reference value :  1.82049e-06
 Reference value :  1.82093e-06
 Reference value :  1.82143e-06
 Reference value :  1.82187e-06
 Reference value :  1.82229e-06
 Reference value :  1.82275e-06
 Reference value :  1.82323e-06
 Reference value :  1.82367e-06
 Reference value :  1.82411e-06
 Reference value :  1.82459e-06
 Reference value :  1.82503e-06
 Reference value :  1.82547e-06
 Reference value :  1.82591e-06
 Reference value :  1.82637e-06
 Reference value :  1.82681e-06
 Reference value :  1.82725e-06
 Reference value :  1.82775e-06
 Reference value :  1.82821e-06
 Reference value :  1.82861e-06
 Reference value :  1.82905e-06
 Reference value :  1.82951e-06
 Reference value :  1.82995e-06
 Reference value :  1.83039e-06
 Reference value :  1.83087e-06
 Reference value :  1.83131e-06
 Reference value :  1.83173e-06
 Reference value :  1.83217e-06
 Reference value :  1.83263e-06
 Reference value :  1.83309e-06
 Reference value :  1.83353e-06
 Reference value :  1.83399e-06
 Reference value :  1.83445e-06
 Reference value :  1.83489e-06
 Reference value :  1.83533e-06
 Reference value :  1.83583e-06
 Reference value :  1.83627e-06
 Reference value :  1.83673e-06
 Reference value :  1.83717e-06
 Reference value :  1.83765e-06
 Reference value :  1.83809e-06
 Reference value :  1.83853e-06
 Reference value :  1.83899e-06
 Reference value :  1.83943e-06
 Reference value :  1.83989e-06
 Reference value :  1.84035e-06
 Reference value :  1.84085e-06
 Reference value :  1.84129e-06
 Reference value :  1.84173e-06
 Reference value :  1.84217e-06
 Reference value :  1.84259e-06
 Reference value :  1.84303e-06
 Reference value :  1.84351e-06
 Reference value :  1.84401e-06
 Reference value :  1.84447e-06
 Reference value :  1.84487e-06
 Reference value :  1.84533e-06
 Reference value :  1.84579e-06
 Reference value :  1.84623e-06
 Reference value :  1.84667e-06
 Reference value :  1.84715e-06
 Reference value :  1.84759e-06
 Reference value :  1.84801e-06
 Reference value :  1.84845e-06
 Reference value :  1.84891e-06
 Reference value :  1.84939e-06
 Reference value :  1.84983e-06
 Reference value :  1.85031e-06
 Reference value :  1.85073e-06
 Reference value :  1.85119e-06
 Reference value :  1.85163e-06
 Reference value :  1.85211e-06
 Reference value :  1.85257e-06
 Reference value :  1.85299e-06
 Reference value :  1.85343e-06
 Reference value :  1.85389e-06
 Reference value :  1.85435e-06
 Reference value :  1.85479e-06
 Reference value :  1.85525e-06
 Reference value :  1.85569e-06
 Reference value :  1.85617e-06
 Reference value :  1.85663e-06
 Reference value :  1.85711e-06
 Reference value :  1.85757e-06
 Reference value :  1.85803e-06
 Reference value :  1.85849e-06
 Reference value :  1.85895e-06
 Reference value :  1.85939e-06
 Reference value :  1.85985e-06
 Reference value :  1.86033e-06
 Reference value :  1.86077e-06
 Reference value :  1.86119e-06
 Reference value :  1.86167e-06
 Reference value :  1.86211e-06
 Reference value :  1.86255e-06
 Reference value :  1.86297e-06
 Reference value :  1.86347e-06
 Reference value :  1.86391e-06
 Reference value :  1.86437e-06
 Reference value :  1.86481e-06
 Reference value :  1.86529e-06
 Reference value :  1.86573e-06
 Reference value :  1.86615e-06
 Reference value :  1.86665e-06
 Reference value :  1.86709e-06
 Reference value :  1.86753e-06
 Reference value :  1.86795e-06
 Reference value :  1.86841e-06
 Reference value :  1.86885e-06
 Reference value :  1.86931e-06
 Reference value :  1.86977e-06
 Reference value :  1.87023e-06
 Reference value :  1.87065e-06
 Reference value :  1.87111e-06
 Reference value :  1.87157e-06
 Reference value :  1.87203e-06
 Reference value :  1.87245e-06
 Reference value :  1.87293e-06
 Reference value :  1.87339e-06
 Reference value :  1.87383e-06
 Reference value :  1.87427e-06
 Reference value :  1.87475e-06
 Reference value :  1.87519e-06
 Reference value :  1.87565e-06
 Reference value :  1.87611e-06
 Reference value :  1.87657e-06
 Reference value :  1.87703e-06
 Reference value :  1.87747e-06
 Reference value :  1.87797e-06
 Reference value :  1.87841e-06
 Reference value :  1.87883e-06
 Reference value :  1.87931e-06
 Reference value :  1.87977e-06
 Reference value :  1.88021e-06
 Reference value :  1.88063e-06
 Reference value :  1.88111e-06
 Reference value :  1.88153e-06
 Reference value :  1.88199e-06
 Reference value :  1.88245e-06
 Reference value :  1.88295e-06
 Reference value :  1.88337e-06
 Reference value :  1.88379e-06
 Reference value :  1.88425e-06
 Reference value :  1.88471e-06
 Reference value :  1.88515e-06
 Reference value :  1.88559e-06
 Reference value :  1.88609e-06
 Reference value :  1.88653e-06
 Reference value :  1.88697e-06
 Reference value :  1.88743e-06
 Reference value :  1.88789e-06
 Reference value :  1.88833e-06
 Reference value :  1.88875e-06
 Reference value :  1.88923e-06
 Reference value :  1.88967e-06
 Reference value :  1.89011e-06
 Reference value :  1.89055e-06
 Reference value :  1.89101e-06
 Reference value :  1.89145e-06
 Reference value :  1.89189e-06
 Reference value :  1.89239e-06
 Reference value :  1.89285e-06
 Reference value :  1.89327e-06
 Reference value :  1.89371e-06
 Reference value :  1.89417e-06
 Reference value :  1.89459e-06
 Reference value :  1.89503e-06
 Reference value :  1.89549e-06
 Reference value :  1.89599e-06
 Reference value :  1.89643e-06
 Reference value :  1.89685e-06
 Reference value :  1.89733e-06
 Reference value :  1.89777e-06
 Reference value :  1.89821e-06
 Reference value :  1.89867e-06
 Reference value :  1.89917e-06
 Reference value :  1.89961e-06
 Reference value :  1.90003e-06
 Reference value :  1.90051e-06
 Reference value :  1.90095e-06
 Reference value :  1.90143e-06
 Reference value :  1.90187e-06
 Reference value :  1.90235e-06
 Reference value :  1.90279e-06
 Reference value :  1.90323e-06
 Reference value :  1.90371e-06
 Reference value :  1.90415e-06
 Reference value :  1.90461e-06
 Reference value :  1.90505e-06
 Reference value :  1.90555e-06
 Reference value :  1.90597e-06
 Reference value :  1.90643e-06
 Reference value :  1.90689e-06
 Reference value :  1.90733e-06
 Reference value :  1.90777e-06
 Reference value :  1.90821e-06
 Reference value :  1.90873e-06
 Reference value :  1.90917e-06
 Reference value :  1.90961e-06
 Reference value :  1.91009e-06
 Reference value :  1.91055e-06
 Reference value :  1.91099e-06
 Reference value :  1.91143e-06
 Reference value :  1.91193e-06
 Reference value :  1.91239e-06
 Reference value :  1.91281e-06
 Reference value :  1.91325e-06
 Reference value :  1.91373e-06
 Reference value :  1.91421e-06
 Reference value :  1.91463e-06
 Reference value :  1.91513e-06
 Reference value :  1.91559e-06
 Reference value :  1.91601e-06
 Reference value :  1.91645e-06
 Reference value :  1.91689e-06
 Reference value :  1.91733e-06
 Reference value :  1.91775e-06
 Reference value :  1.91823e-06
 Reference value :  1.91867e-06
 Reference value :  1.91911e-06
 Reference value :  1.91955e-06
 Reference value :  1.92003e-06
 Reference value :  1.92047e-06
 Reference value :  1.92091e-06
 Reference value :  1.92139e-06
 Reference value :  1.92187e-06
 Reference value :  1.92231e-06
 Reference value :  1.92273e-06
 Reference value :  1.92321e-06
 Reference value :  1.92365e-06
 Reference value :  1.92407e-06
 Reference value :  1.92451e-06
 Reference value :  1.92499e-06
 Reference value :  1.92543e-06
 Reference value :  1.92585e-06
 Reference value :  1.92633e-06
 Reference value :  1.92677e-06
 Reference value :  1.92723e-06
 Reference value :  1.92765e-06
 Reference value :  1.92815e-06
 Reference value :  1.92859e-06
 Reference value :  1.92905e-06
 Reference value :  1.92951e-06
 Reference value :  1.92997e-06
 Reference value :  1.93043e-06
 Reference value :  1.93087e-06
 Reference value :  1.93135e-06
 Reference value :  1.93177e-06
 Reference value :  1.93223e-06
 Reference value :  1.93267e-06
 Reference value :  1.93315e-06
 Reference value :  1.93359e-06
 Reference value :  1.93403e-06
 Reference value :  1.93453e-06
 Reference value :  1.93497e-06
 Reference value :  1.93539e-06
 Reference value :  1.93585e-06
 Reference value :  1.93633e-06
 Reference value :  1.93677e-06
 Reference value :  1.93723e-06
 Reference value :  1.93769e-06
 Reference value :  1.93813e-06
 Reference value :  1.93855e-06
 Reference value :  1.93899e-06
 Reference value :  1.93947e-06
 Reference value :  1.93993e-06
 Reference value :  1.94037e-06
 Reference value :  1.94085e-06
 Reference value :  1.94129e-06
 Reference value :  1.94175e-06
 Reference value :  1.94217e-06
 Reference value :  1.94265e-06
 Reference value :  1.94309e-06
 Reference value :  1.94353e-06
 Reference value :  1.94399e-06
 Reference value :  1.94447e-06
 Reference value :  1.94491e-06
 Reference value :  1.94533e-06
 Reference value :  1.94579e-06
 Reference value :  1.94623e-06
 Reference value :  1.94669e-06
 Reference value :  1.94717e-06
 Reference value :  1.94765e-06
 Reference value :  1.94807e-06
 Reference value :  1.94851e-06
 Reference value :  1.94899e-06
 Reference value :  1.94941e-06
 Reference value :  1.94985e-06
 Reference value :  1.95031e-06
 Reference value :  1.95081e-06
 Reference value :  1.95125e-06
 Reference value :  1.95167e-06
 Reference value :  1.95213e-06
 Reference value :  1.95259e-06
 Reference value :  1.95305e-06
 Reference value :  1.95349e-06
 Reference value :  1.95399e-06
 Reference value :  1.95445e-06
 Reference value :  1.95489e-06
 Reference value :  1.95535e-06
 Reference value :  1.95581e-06
 Reference value :  1.95627e-06
 Reference value :  1.95671e-06
 Reference value :  1.95721e-06
 Reference value :  1.95765e-06
 Reference value :  1.95811e-06
 Reference value :  1.95855e-06
 Reference value :  1.95901e-06
 Reference value :  1.95945e-06
 Reference value :  1.95989e-06
 Reference value :  1.96037e-06
 Reference value :  1.96079e-06
 Reference value :  1.96121e-06
 Reference value :  1.96167e-06
 Reference value :  1.96215e-06
 Reference value :  1.96259e-06
 Reference value :  1.96301e-06
 Reference value :  1.96349e-06
 Reference value :  1.96393e-06
 Reference value :  1.96437e-06
 Reference value :  1.96479e-06
 Reference value :  1.96527e-06
 Reference value :  1.96571e-06
 Reference value :  1.96615e-06
 Reference value :  1.96661e-06
 Reference value :  1.96707e-06
 Reference value :  1.96751e-06
 Reference value :  1.96795e-06
 Reference value :  1.96843e-06
 Reference value :  1.96885e-06
 Reference value :  1.96931e-06
 Reference value :  1.96977e-06
 Reference value :  1.97025e-06
 Reference value :  1.97069e-06
 Reference value :  1.97115e-06
 Reference value :  1.97161e-06
 Reference value :  1.97203e-06
 Reference value :  1.97247e-06
 Reference value :  1.97291e-06
 Reference value :  1.97339e-06
 Reference value :  1.97383e-06
 Reference value :  1.97427e-06
 Reference value :  1.97471e-06
 Reference value :  1.97517e-06
 Reference value :  1.97561e-06
 Reference value :  1.97603e-06
 Reference value :  1.97651e-06
 Reference value :  1.97697e-06
 Reference value :  1.97739e-06
 Reference value :  1.97783e-06
 Reference value :  1.97829e-06
 Reference value :  1.97875e-06
 Reference value :  1.97917e-06
 Reference value :  1.97963e-06
 Reference value :  1.98007e-06
 Reference value :  1.98053e-06
 Reference value :  1.98097e-06
 Reference value :  1.98147e-06
 Reference value :  1.98191e-06
 Reference value :  1.98235e-06
 Reference value :  1.98281e-06
 Reference value :  1.98329e-06
 Reference value :  1.98375e-06
 Reference value :  1.98419e-06
 Reference value :  1.98467e-06
 Reference value :  1.98509e-06
 Reference value :  1.98555e-06
 Reference value :  1.98605e-06
 Reference value :  1.98651e-06
 Reference value :  1.98695e-06
 Reference value :  1.98737e-06
 Reference value :  1.98783e-06
 Reference value :  1.98827e-06
 Reference value :  1.98871e-06
 Reference value :  1.98915e-06
 Reference value :  1.98963e-06
 Reference value :  1.99007e-06
 Reference value :  1.99051e-06
 Reference value :  1.99099e-06
 Reference value :  1.99143e-06
 Reference value :  1.99189e-06
 Reference value :  1.99233e-06
 Reference value :  1.99285e-06
 Reference value :  1.99329e-06
 Reference value :  1.99371e-06
 Reference value :  1.99417e-06
 Reference value :  1.99463e-06
 Reference value :  1.99509e-06
 Reference value :  1.99553e-06
 Reference value :  1.99605e-06
 Reference value :  1.99651e-06
 Reference value :  1.99695e-06
 Reference value :  1.99739e-06
 Reference value :  1.99785e-06
 Reference value :  1.99831e-06
 Reference value :  1.99877e-06
 Reference value :  1.99927e-06
 Reference value :  1.99971e-06
 Reference value :  2.00015e-06
 Reference value :  2.00059e-06
 Reference value :  2.00105e-06
 Reference value :  2.00149e-06
 Reference value :  2.00195e-06
 Reference value :  2.00243e-06
 Reference value :  2.00287e-06
 Reference value :  2.00329e-06
 Reference value :  2.00375e-06
 Reference value :  2.00423e-06
 Reference value :  2.00467e-06
 Reference value :  2.00511e-06
 Reference value :  2.00559e-06
 Reference value :  2.00605e-06
 Reference value :  2.00649e-06
 Reference value :  2.00693e-06
 Reference value :  2.00743e-06
 Reference value :  2.00787e-06
 Reference value :  2.00831e-06
 Reference value :  2.00879e-06
 Reference value :  2.00923e-06
 Reference value :  2.00971e-06
 Reference value :  2.01015e-06
 Reference value :  2.01063e-06
 Reference value :  2.01107e-06
 Reference value :  2.01151e-06
 Reference value :  2.01199e-06
 Reference value :  2.01245e-06
 Reference value :  2.01291e-06
 Reference value :  2.01335e-06
 Reference value :  2.01383e-06
 Reference value :  2.01425e-06
 Reference value :  2.01471e-06
 Reference value :  2.01517e-06
 Reference value :  2.01563e-06
 Reference value :  2.01607e-06
 Reference value :  2.01649e-06
 Reference value :  2.01697e-06
 Reference value :  2.01741e-06
 Reference value :  2.01787e-06
 Reference value :  2.01829e-06
 Reference value :  2.01877e-06
 Reference value :  2.01921e-06
 Reference value :  2.01965e-06
 Reference value :  2.02013e-06
 Reference value :  2.02055e-06
 Reference value :  2.02101e-06
 Reference value :  2.02145e-06
 Reference value :  2.02195e-06
 Reference value :  2.02241e-06
 Reference value :  2.02287e-06
 Reference value :  2.02333e-06
 Reference value :  2.02377e-06
 Reference value :  2.02421e-06
 Reference value :  2.02463e-06
 Reference value :  2.02511e-06
 Reference value :  2.02557e-06
 Reference value :  2.02601e-06
 Reference value :  2.02645e-06
 Reference value :  2.02691e-06
 Reference value :  2.02735e-06
 Reference value :  2.02779e-06
 Reference value :  2.02829e-06
 Reference value :  2.02873e-06
 Reference value :  2.02917e-06
 Reference value :  2.02963e-06
 Reference value :  2.03009e-06
 Reference value :  2.03053e-06
 Reference value :  2.03097e-06
 Reference value :  2.03143e-06
 Reference value :  2.03189e-06
 Reference value :  2.03233e-06
 Reference value :  2.03277e-06
 Reference value :  2.03325e-06
 Reference value :  2.03369e-06
 Reference value :  2.03413e-06
 Reference value :  2.03461e-06
 Reference value :  2.03507e-06
 Reference value :  2.03553e-06
 Reference value :  2.03595e-06
 Reference value :  2.03641e-06
 Reference value :  2.03685e-06
 Reference value :  2.03731e-06
 Reference value :  2.03775e-06
 Reference value :  2.03823e-06
 Reference value :  2.03867e-06
 Reference value :  2.03911e-06
 Reference value :  2.03957e-06
 Reference value :  2.04001e-06
 Reference value :  2.04043e-06
 Reference value :  2.04087e-06
 Reference value :  2.04137e-06
 Reference value :  2.04181e-06
 Reference value :  2.04223e-06
 Reference value :  2.04269e-06
 Reference value :  2.04315e-06
 Reference value :  2.04359e-06
 Reference value :  2.04405e-06
 Reference value :  2.04455e-06
 Reference value :  2.04499e-06
 Reference value :  2.04543e-06
 Reference value :  2.04589e-06
 Reference value :  2.04635e-06
 Reference value :  2.04679e-06
 Reference value :  2.04723e-06
 Reference value :  2.04771e-06
 Reference value :  2.04815e-06
 Reference value :  2.04859e-06
 Reference value :  2.04905e-06
 Reference value :  2.04951e-06
 Reference value :  2.04995e-06
 Reference value :  2.05037e-06
 Reference value :  2.05083e-06
 Reference value :  2.05129e-06
 Reference value :  2.05175e-06
 Reference value :  2.05217e-06
 Reference value :  2.05263e-06
 Reference value :  2.05307e-06
 Reference value :  2.05353e-06
 Reference value :  2.05397e-06
 Reference value :  2.05443e-06
 Reference value :  2.05485e-06
 Reference value :  2.05525e-06
 Reference value :  2.05573e-06
 Reference value :  2.05617e-06
 Reference value :  2.05661e-06
 Reference value :  2.05703e-06
 Reference value :  2.05753e-06
 Reference value :  2.05799e-06
 Reference value :  2.05841e-06
 Reference value :  2.05887e-06
 Reference value :  2.05933e-06
 Reference value :  2.05977e-06
 Reference value :  2.06023e-06
 Reference value :  2.06071e-06
 Reference value :  2.06115e-06
 Reference value :  2.06157e-06
 Reference value :  2.06201e-06
 Reference value :  2.06249e-06
 Reference value :  2.06291e-06
 Reference value :  2.06335e-06
 Reference value :  2.06383e-06
 Reference value :  2.06427e-06
 Reference value :  2.06471e-06
 Reference value :  2.06515e-06
 Reference value :  2.06563e-06
 Reference value :  2.06607e-06
 Reference value :  2.06653e-06
 Reference value :  2.06699e-06
 Reference value :  2.06743e-06
 Reference value :  2.06787e-06
 Reference value :  2.06831e-06
 Reference value :  2.06879e-06
 Reference value :  2.06923e-06
 Reference value :  2.06965e-06
 Reference value :  2.07013e-06
 Reference value :  2.07061e-06
 Reference value :  2.07105e-06
 Reference value :  2.07147e-06
 Reference value :  2.07195e-06
 Reference value :  2.07241e-06
 Reference value :  2.07285e-06
 Reference value :  2.07329e-06
 Reference value :  2.07379e-06
 Reference value :  2.07423e-06
 Reference value :  2.07469e-06
 Reference value :  2.07513e-06
 Reference value :  2.07557e-06
 Reference value :  2.07599e-06
 Reference value :  2.07641e-06
 Reference value :  2.07691e-06
 Reference value :  2.07735e-06
 Reference value :  2.07779e-06
 Reference value :  2.07825e-06
 Reference value :  2.07869e-06
 Reference value :  2.07917e-06
 Reference value :  2.07963e-06
 Reference value :  2.08013e-06
 Reference value :  2.08057e-06
 Reference value :  2.08097e-06
 Reference value :  2.08141e-06
 Reference value :  2.08185e-06
 Reference value :  2.08229e-06
 Reference value :  2.08275e-06
 Reference value :  2.08323e-06
 Reference value :  2.08367e-06
 Reference value :  2.08411e-06
 Reference value :  2.08453e-06
 Reference value :  2.08501e-06
 Reference value :  2.08547e-06
 Reference value :  2.08591e-06
 Reference value :  2.08639e-06
 Reference value :  2.08683e-06
 Reference value :  2.08729e-06
 Reference value :  2.08771e-06
 Reference value :  2.08817e-06
 Reference value :  2.08859e-06
 Reference value :  2.08903e-06
 Reference value :  2.08947e-06
 Reference value :  2.08995e-06
 Reference value :  2.09037e-06
 Reference value :  2.09081e-06
 Reference value :  2.09125e-06
 Reference value :  2.09171e-06
 Reference value :  2.09213e-06
 Reference value :  2.09257e-06
 Reference value :  2.09305e-06
 Reference value :  2.09347e-06
 Reference value :  2.09389e-06
 Reference value :  2.09433e-06
 Reference value :  2.09479e-06
 Reference value :  2.09527e-06
 Reference value :  2.09569e-06
 Reference value :  2.09617e-06
 Reference value :  2.09663e-06
 Reference value :  2.09705e-06
 Reference value :  2.09747e-06
 Reference value :  2.09795e-06
 Reference value :  2.09839e-06
 Reference value :  2.09881e-06
 Reference value :  2.09927e-06
 Reference value :  2.09975e-06
 Reference value :  2.10019e-06
 Reference value :  2.10063e-06
 Reference value :  2.10111e-06
 Reference value :  2.10153e-06
 Reference value :  2.10199e-06
 Reference value :  2.10245e-06
 Reference value :  2.10293e-06
 Reference value :  2.10337e-06
 Reference value :  2.10381e-06
 Reference value :  2.10427e-06
 Reference value :  2.10469e-06
 Reference value :  2.10515e-06
 Reference value :  2.10559e-06
 Reference value :  2.10609e-06
 Reference value :  2.10653e-06
 Reference value :  2.10693e-06
 Reference value :  2.10733e-06
 Reference value :  2.10781e-06
 Reference value :  2.10825e-06
 Reference value :  2.10869e-06
 Reference value :  2.10917e-06
 Reference value :  2.10961e-06
 Reference value :  2.11003e-06
 Reference value :  2.11047e-06
 Reference value :  2.11095e-06
 Reference value :  2.11141e-06
 Reference value :  2.11185e-06
 Reference value :  2.11233e-06
 Reference value :  2.11277e-06
 Reference value :  2.11323e-06
 Reference value :  2.11365e-06
 Reference value :  2.11411e-06
 Reference value :  2.11455e-06
 Reference value :  2.11499e-06
 Reference value :  2.11543e-06
 Reference value :  2.11591e-06
 Reference value :  2.11635e-06
 Reference value :  2.11679e-06
 Reference value :  2.11723e-06
 Reference value :  2.11767e-06
 Reference value :  2.11811e-06
 Reference value :  2.11857e-06
 Reference value :  2.11905e-06
 Reference value :  2.11949e-06
 Reference value :  2.11989e-06
 Reference value :  2.12033e-06
 Reference value :  2.12081e-06
 Reference value :  2.12127e-06
 Reference value :  2.12171e-06
 Reference value :  2.12221e-06
 Reference value :  2.12263e-06
 Reference value :  2.12307e-06
 Reference value :  2.12351e-06
 Reference value :  2.12399e-06
 Reference value :  2.12443e-06
 Reference value :  2.12487e-06
 Reference value :  2.12537e-06
 Reference value :  2.12579e-06
 Reference value :  2.12623e-06
 Reference value :  2.12667e-06
 Reference value :  2.12713e-06
 Reference value :  2.12759e-06
 Reference value :  2.12803e-06
 Reference value :  2.12851e-06
 Reference value :  2.12895e-06
 Reference value :  2.12939e-06
 Reference value :  2.12983e-06
 Reference value :  2.13029e-06
 Reference value :  2.13073e-06
 Reference value :  2.13119e-06
 Reference value :  2.13165e-06
 Reference value :  2.13213e-06
 Reference value :  2.13255e-06
 Reference value :  2.13297e-06
 Reference value :  2.13345e-06
 Reference value :  2.13391e-06
 Reference value :  2.13435e-06
 Reference value :  2.13481e-06
 Reference value :  2.13531e-06
 Reference value :  2.13575e-06
 Reference value :  2.13617e-06
 Reference value :  2.13667e-06
 Reference value :  2.13711e-06
 Reference value :  2.13755e-06
 Reference value :  2.13797e-06
 Reference value :  2.13847e-06
 Reference value :  2.13889e-06
 Reference value :  2.13933e-06
 Reference value :  2.13977e-06
 Reference value :  2.14021e-06
 Reference value :  2.14065e-06
 Reference value :  2.14111e-06
 Reference value :  2.14161e-06
 Reference value :  2.14205e-06
 Reference value :  2.14249e-06
 Reference value :  2.14293e-06
 Reference value :  2.14339e-06
 Reference value :  2.14385e-06
 Reference value :  2.14431e-06
 Reference value :  2.14481e-06
 Reference value :  2.14525e-06
 Reference value :  2.14565e-06
 Reference value :  2.14605e-06
 Reference value :  2.14653e-06
 Reference value :  2.14699e-06
 Reference value :  2.14743e-06
 Reference value :  2.14793e-06
 Reference value :  2.14839e-06
 Reference value :  2.14881e-06
 Reference value :  2.14923e-06
 Reference value :  2.14971e-06
 Reference value :  2.15015e-06
 Reference value :  2.15059e-06
 Reference value :  2.15111e-06
 Reference value :  2.15157e-06
 Reference value :  2.15203e-06
 Reference value :  2.15247e-06
 Reference value :  2.15293e-06
 Reference value :  2.15337e-06
 Reference value :  2.15379e-06
 Reference value :  2.15425e-06
 Reference value :  2.15473e-06
 Reference value :  2.15517e-06
 Reference value :  2.15559e-06
 Reference value :  2.15605e-06
 Reference value :  2.15649e-06
 Reference value :  2.15695e-06
 Reference value :  2.15739e-06
 Reference value :  2.15789e-06
 Reference value :  2.15833e-06
 Reference value :  2.15875e-06
 Reference value :  2.15919e-06
 Reference value :  2.15963e-06
 Reference value :  2.16009e-06
 Reference value :  2.16053e-06
 Reference value :  2.16101e-06
 Reference value :  2.16145e-06
 Reference value :  2.16187e-06
 Reference value :  2.16233e-06
 Reference value :  2.16281e-06
 Reference value :  2.16325e-06
 Reference value :  2.16369e-06
 Reference value :  2.16417e-06
 Reference value :  2.16459e-06
 Reference value :  2.16501e-06
 Reference value :  2.16545e-06
 Reference value :  2.16591e-06
 Reference value :  2.16637e-06
 Reference value :  2.16683e-06
 Reference value :  2.16731e-06
 Reference value :  2.16775e-06
 Reference value :  2.16821e-06
 Reference value :  2.16861e-06
 Reference value :  2.16909e-06
 Reference value :  2.16953e-06
 Reference value :  2.16997e-06
 Reference value :  2.17041e-06
 Reference value :  2.17089e-06
 Reference value :  2.17133e-06
 Reference value :  2.17175e-06
 Reference value :  2.17219e-06
 Reference value :  2.17265e-06
 Reference value :  2.17309e-06
 Reference value :  2.17353e-06
 Reference value :  2.17401e-06
 Reference value :  2.17445e-06
 Reference value :  2.17487e-06
 Reference value :  2.17531e-06
 Reference value :  2.17577e-06
 Reference value :  2.17621e-06
 Reference value :  2.17665e-06
 Reference value :  2.17713e-06
 Reference value :  2.17757e-06
 Reference value :  2.17803e-06
 Reference value :  2.17847e-06
 Reference value :  2.17893e-06
 Reference value :  2.17937e-06
 Reference value :  2.17981e-06
 Reference value :  2.18031e-06
 Reference value :  2.18077e-06
 Reference value :  2.18121e-06
 Reference value :  2.18167e-06
 Reference value :  2.18213e-06
 Reference value :  2.18259e-06
 Reference value :  2.18305e-06
 Reference value :  2.18353e-06
 Reference value :  2.18399e-06
 Reference value :  2.18441e-06
 Reference value :  2.18483e-06
 Reference value :  2.18531e-06
 Reference value :  2.18575e-06
 Reference value :  2.18617e-06
 Reference value :  2.18669e-06
 Reference value :  2.18717e-06
 Reference value :  2.18761e-06
 Reference value :  2.18803e-06
 Reference value :  2.18851e-06
 Reference value :  2.18893e-06
 Reference value :  2.18935e-06
 Reference value :  2.18979e-06
 Reference value :  2.19029e-06
 Reference value :  2.19073e-06
 Reference value :  2.19117e-06
 Reference value :  2.19165e-06
 Reference value :  2.19207e-06
 Reference value :  2.19253e-06
 Reference value :  2.19299e-06
 Reference value :  2.19347e-06
 Reference value :  2.19391e-06
 Reference value :  2.19435e-06
 Reference value :  2.19481e-06
 Reference value :  2.19523e-06
 Reference value :  2.19565e-06
 Reference value :  2.19611e-06
 Reference value :  2.19661e-06
 Reference value :  2.19705e-06
 Reference value :  2.19749e-06
 Reference value :  2.19793e-06
 Reference value :  2.19841e-06
 Reference value :  2.19885e-06
 Reference value :  2.19929e-06
 Reference value :  2.19977e-06
 Reference value :  2.20021e-06
 Reference value :  2.20065e-06
 Reference value :  2.20107e-06
 Reference value :  2.20153e-06
 Reference value :  2.20199e-06
 Reference value :  2.20241e-06
 Reference value :  2.20289e-06
 Reference value :  2.20335e-06
 Reference value :  2.20381e-06
 Reference value :  2.20423e-06
 Reference value :  2.20473e-06
 Reference value :  2.20515e-06
 Reference value :  2.20559e-06
 Reference value :  2.20607e-06
 Reference value :  2.20655e-06
 Reference value :  2.20701e-06
 Reference value :  2.20745e-06
 Reference value :  2.20793e-06
 Reference value :  2.20833e-06
 Reference value :  2.20877e-06
 Reference value :  2.20923e-06
 Reference value :  2.20973e-06
 Reference value :  2.21019e-06
 Reference value :  2.21059e-06
 Reference value :  2.21105e-06
 Reference value :  2.21149e-06
 Reference value :  2.21193e-06
 Reference value :  2.21239e-06
 Reference value :  2.21287e-06
 Reference value :  2.21331e-06
 Reference value :  2.21375e-06
 Reference value :  2.21421e-06
 Reference value :  2.21467e-06
 Reference value :  2.21511e-06
 Reference value :  2.21555e-06
 Reference value :  2.21605e-06
 Reference value :  2.21649e-06
 Reference value :  2.21691e-06
 Reference value :  2.21735e-06
 Reference value :  2.21779e-06
 Reference value :  2.21823e-06
 Reference value :  2.21863e-06
 Reference value :  2.21911e-06
 Reference value :  2.21957e-06
 Reference value :  2.22001e-06
 Reference value :  2.22043e-06
 Reference value :  2.22089e-06
 Reference value :  2.22131e-06
 Reference value :  2.22175e-06
 Reference value :  2.22221e-06
 Reference value :  2.22269e-06
 Reference value :  2.22311e-06
 Reference value :  2.22353e-06
 Reference value :  2.22401e-06
 Reference value :  2.22443e-06
 Reference value :  2.22493e-06
 Reference value :  2.22541e-06
 Reference value :  2.22589e-06
 Reference value :  2.22631e-06
 Reference value :  2.22671e-06
 Reference value :  2.22719e-06
 Reference value :  2.22763e-06
 Reference value :  2.22807e-06
 Reference value :  2.22849e-06
 Reference value :  2.22899e-06
 Reference value :  2.22943e-06
 Reference value :  2.22985e-06
 Reference value :  2.23029e-06
 Reference value :  2.23073e-06
 Reference value :  2.23117e-06
 Reference value :  2.23161e-06
 Reference value :  2.23211e-06
 Reference value :  2.23255e-06
 Reference value :  2.23303e-06
 Reference value :  2.23347e-06
 Reference value :  2.23391e-06
 Reference value :  2.23437e-06
 Reference value :  2.23481e-06
 Reference value :  2.23529e-06
 Reference value :  2.23577e-06
 Reference value :  2.23619e-06
 Reference value :  2.23663e-06
 Reference value :  2.23709e-06
 Reference value :  2.23753e-06
 Reference value :  2.23797e-06
 Reference value :  2.23845e-06
 Reference value :  2.23891e-06
 Reference value :  2.23935e-06
 Reference value :  2.23975e-06
 Reference value :  2.24023e-06
 Reference value :  2.24067e-06
 Reference value :  2.24111e-06
 Reference value :  2.24157e-06
 Reference value :  2.24207e-06
 Reference value :  2.24251e-06
 Reference value :  2.24293e-06
 Reference value :  2.24341e-06
 Reference value :  2.24383e-06
 Reference value :  2.24431e-06
 Reference value :  2.24473e-06
 Reference value :  2.24523e-06
 Reference value :  2.24567e-06
 Reference value :  2.24613e-06
 Reference value :  2.24659e-06
 Reference value :  2.24703e-06
 Reference value :  2.24747e-06
 Reference value :  2.24789e-06
 Reference value :  2.24839e-06
 Reference value :  2.24883e-06
 Reference value :  2.24925e-06
 Reference value :  2.24967e-06
 Reference value :  2.25011e-06
 Reference value :  2.25057e-06
 Reference value :  2.25101e-06
 Reference value :  2.25151e-06
 Reference value :  2.25195e-06
 Reference value :  2.25239e-06
 Reference value :  2.25281e-06
 Reference value :  2.25327e-06
 Reference value :  2.25371e-06
 Reference value :  2.25413e-06
 Reference value :  2.25459e-06
 Reference value :  2.25505e-06
 Reference value :  2.25551e-06
 Reference value :  2.25593e-06
 Reference value :  2.25641e-06
 Reference value :  2.25683e-06
 Reference value :  2.25727e-06
 Reference value :  2.25771e-06
 Reference value :  2.25819e-06
 Reference value :  2.25863e-06
 Reference value :  2.25907e-06
 Reference value :  2.25953e-06
 Reference value :  2.25997e-06
 Reference value :  2.26043e-06
 Reference value :  2.26085e-06
 Reference value :  2.26133e-06
 Reference value :  2.26177e-06
 Reference value :  2.26219e-06
 Reference value :  2.26265e-06
 Reference value :  2.26309e-06
 Reference value :  2.26353e-06
 Reference value :  2.26399e-06
 Reference value :  2.26447e-06
 Reference value :  2.26491e-06
 Reference value :  2.26533e-06
 Reference value :  2.26579e-06
 Reference value :  2.26625e-06
 Reference value :  2.26667e-06
 Reference value :  2.26709e-06
 Reference value :  2.26755e-06
 Reference value :  2.26801e-06
 Reference value :  2.26845e-06
 Reference value :  2.26887e-06
 Reference value :  2.26933e-06
 Reference value :  2.26977e-06
 Reference value :  2.27021e-06
 Reference value :  2.27063e-06
 Reference value :  2.27111e-06
 Reference value :  2.27155e-06
 Reference value :  2.27201e-06
 Reference value :  2.27245e-06
 Reference value :  2.27289e-06
 Reference value :  2.27333e-06
 Reference value :  2.27375e-06
 Reference value :  2.27423e-06
 Reference value :  2.27469e-06
 Reference value :  2.27513e-06
 Reference value :  2.27557e-06
 Reference value :  2.27603e-06
 Reference value :  2.27647e-06
 Reference value :  2.27693e-06
 Reference value :  2.27741e-06
 Reference value :  2.27785e-06
 Reference value :  2.27825e-06
 Reference value :  2.27869e-06
 Reference value :  2.27915e-06
 Reference value :  2.27959e-06
 Reference value :  2.28003e-06
 Reference value :  2.28051e-06
 Reference value :  2.28097e-06
 Reference value :  2.28141e-06
 Reference value :  2.28183e-06
 Reference value :  2.28233e-06
 Reference value :  2.28279e-06
 Reference value :  2.28323e-06
 Reference value :  2.28369e-06
 Reference value :  2.28417e-06
 Reference value :  2.28463e-06
 Reference value :  2.28507e-06
 Reference value :  2.28555e-06
 Reference value :  2.28599e-06
 Reference value :  2.28643e-06
 Reference value :  2.28687e-06
 Reference value :  2.28735e-06
 Reference value :  2.28779e-06
 Reference value :  2.28823e-06
 Reference value :  2.28869e-06
 Reference value :  2.28913e-06
 Reference value :  2.28957e-06
 Reference value :  2.29003e-06
 Reference value :  2.29049e-06
 Reference value :  2.29093e-06
 Reference value :  2.29135e-06
 Reference value :  2.29181e-06
 Reference value :  2.29225e-06
 Reference value :  2.29269e-06
 Reference value :  2.29313e-06
 Reference value :  2.29363e-06
 Reference value :  2.29407e-06
 Reference value :  2.29449e-06
 Reference value :  2.29495e-06
 Reference value :  2.29539e-06
 Reference value :  2.29583e-06
 Reference value :  2.29627e-06
 Reference value :  2.29677e-06
 Reference value :  2.29721e-06
 Reference value :  2.29765e-06
 Reference value :  2.29809e-06
 Reference value :  2.29855e-06
 Reference value :  2.29899e-06
 Reference value :  2.29943e-06
 Reference value :  2.29989e-06
 Reference value :  2.30035e-06
 Reference value :  2.30081e-06
 Reference value :  2.30125e-06
 Reference value :  2.30171e-06
 Reference value :  2.30213e-06
 Reference value :  2.30259e-06
 Reference value :  2.30305e-06
 Reference value :  2.30351e-06
 Reference value :  2.30393e-06
 Reference value :  2.30435e-06
 Reference value :  2.30481e-06
 Reference value :  2.30525e-06
 Reference value :  2.30569e-06
 Reference value :  2.30613e-06
 Reference value :  2.30663e-06
 Reference value :  2.30707e-06
 Reference value :  2.30749e-06
 Reference value :  2.30795e-06
 Reference value :  2.30841e-06
 Reference value :  2.30885e-06
 Reference value :  2.30927e-06
 Reference value :  2.30977e-06
 Reference value :  2.31021e-06
 Reference value :  2.31063e-06
 Reference value :  2.31107e-06
 Reference value :  2.31155e-06
 Reference value :  2.31199e-06
 Reference value :  2.31243e-06
 Reference value :  2.31289e-06
 Reference value :  2.31335e-06
 Reference value :  2.31379e-06
 Reference value :  2.31421e-06
 Reference value :  2.31467e-06
 Reference value :  2.31511e-06
 Reference value :  2.31557e-06
 Reference value :  2.31603e-06
 Reference value :  2.31649e-06
 Reference value :  2.31691e-06
 Reference value :  2.31733e-06
 Reference value :  2.31779e-06
 Reference value :  2.31823e-06
 Reference value :  2.31867e-06
 Reference value :  2.31911e-06
 Reference value :  2.31961e-06
 Reference value :  2.32005e-06
 Reference value :  2.32047e-06
 Reference value :  2.32093e-06
 Reference value :  2.32139e-06
 Reference value :  2.32185e-06
 Reference value :  2.32229e-06
 Reference value :  2.32279e-06
 Reference value :  2.32321e-06
 Reference value :  2.32365e-06
 Reference value :  2.32409e-06
 Reference value :  2.32455e-06
 Reference value :  2.32499e-06
 Reference value :  2.32543e-06
 Reference value :  2.32591e-06
 Reference value :  2.32635e-06
 Reference value :  2.32679e-06
 Reference value :  2.32723e-06
 Reference value :  2.32769e-06
 Reference value :  2.32813e-06
 Reference value :  2.32859e-06
 Reference value :  2.32905e-06
 Reference value :  2.32949e-06
 Reference value :  2.32991e-06
 Reference value :  2.33031e-06
 Reference value :  2.33077e-06
 Reference value :  2.33123e-06
 Reference value :  2.33167e-06
 Reference value :  2.33211e-06
 Reference value :  2.33259e-06
 Reference value :  2.33305e-06
 Reference value :  2.33347e-06
 Reference value :  2.33393e-06
 Reference value :  2.33437e-06
 Reference value :  2.33481e-06
 Reference value :  2.33523e-06
 Reference value :  2.33571e-06
 Reference value :  2.33615e-06
 Reference value :  2.33657e-06
 Reference value :  2.33701e-06
 Reference value :  2.33747e-06
 Reference value :  2.33791e-06
 Reference value :  2.33835e-06
 Reference value :  2.33883e-06
 Reference value :  2.33927e-06
 Reference value :  2.33971e-06
 Reference value :  2.34015e-06
 Reference value :  2.34061e-06
 Reference value :  2.34103e-06
 Reference value :  2.34145e-06
 Reference value :  2.34191e-06
 Reference value :  2.34237e-06
 Reference value :  2.34279e-06
 Reference value :  2.34321e-06
 Reference value :  2.34369e-06
 Reference value :  2.34413e-06
 Reference value :  2.34457e-06
 Reference value :  2.34501e-06
 Reference value :  2.34551e-06
 Reference value :  2.34597e-06
 Reference value :  2.34641e-06
 Reference value :  2.34689e-06
 Reference value :  2.34733e-06
 Reference value :  2.34779e-06
 Reference value :  2.34821e-06
 Reference value :  2.34871e-06
 Reference value :  2.34915e-06
 Reference value :  2.34961e-06
 Reference value :  2.35007e-06
 Reference value :  2.35053e-06
 Reference value :  2.35097e-06
 Reference value :  2.35141e-06
 Reference value :  2.35191e-06
 Reference value :  2.35233e-06
 Reference value :  2.35277e-06
 Reference value :  2.35321e-06
 Reference value :  2.35367e-06
 Reference value :  2.35409e-06
 Reference value :  2.35451e-06
 Reference value :  2.35499e-06
 Reference value :  2.35543e-06
 Reference value :  2.35585e-06
 Reference value :  2.35627e-06
 Reference value :  2.35675e-06
 Reference value :  2.35719e-06
 Reference value :  2.35763e-06
 Reference value :  2.35809e-06
 Reference value :  2.35855e-06
 Reference value :  2.35899e-06
 Reference value :  2.35941e-06
 Reference value :  2.35989e-06
 Reference value :  2.36033e-06
 Reference value :  2.36079e-06
 Reference value :  2.36123e-06
 Reference value :  2.36171e-06
 Reference value :  2.36215e-06
 Reference value :  2.36259e-06
 Reference value :  2.36307e-06
 Reference value :  2.36351e-06
 Reference value :  2.36397e-06
 Reference value :  2.36441e-06
 Reference value :  2.36489e-06
 Reference value :  2.36531e-06
 Reference value :  2.36575e-06
 Reference value :  2.36621e-06
 Reference value :  2.36665e-06
 Reference value :  2.36709e-06
 Reference value :  2.36755e-06
 Reference value :  2.36801e-06
 Reference value :  2.36847e-06
 Reference value :  2.36887e-06
 Reference value :  2.36931e-06
 Reference value :  2.36977e-06
 Reference value :  2.37023e-06
 Reference value :  2.37065e-06
 Reference value :  2.37113e-06
 Reference value :  2.37157e-06
 Reference value :  2.37201e-06
 Reference value :  2.37243e-06
 Reference value :  2.37293e-06
 Reference value :  2.37337e-06
 Reference value :  2.37381e-06
 Reference value :  2.37427e-06
 Reference value :  2.37475e-06
 Reference value :  2.37519e-06
 Reference value :  2.37563e-06
 Reference value :  2.37609e-06
 Reference value :  2.37651e-06
 Reference value :  2.37695e-06
 Reference value :  2.37741e-06
 Reference value :  2.37789e-06
 Reference value :  2.37833e-06
 Reference value :  2.37877e-06
 Reference value :  2.37923e-06
 Reference value :  2.37967e-06
 Reference value :  2.38011e-06
 Reference value :  2.38057e-06
 Reference value :  2.38105e-06
 Reference value :  2.38151e-06
 Reference value :  2.38191e-06
 Reference value :  2.38239e-06
 Reference value :  2.38285e-06
 Reference value :  2.38327e-06
 Reference value :  2.38371e-06
 Reference value :  2.38421e-06
 Reference value :  2.38465e-06
 Reference value :  2.38509e-06
 Reference value :  2.38555e-06
 Reference value :  2.38601e-06
 Reference value :  2.38647e-06
 Reference value :  2.38691e-06
 Reference value :  2.38739e-06
 Reference value :  2.38781e-06
 Reference value :  2.38825e-06
 Reference value :  2.38869e-06
 Reference value :  2.38915e-06
 Reference value :  2.38959e-06
 Reference value :  2.39005e-06
 Reference value :  2.39053e-06
 Reference value :  2.39099e-06
 Reference value :  2.39143e-06
 Reference value :  2.39187e-06
 Reference value :  2.39235e-06
 Reference value :  2.39279e-06
 Reference value :  2.39325e-06
 Reference value :  2.39371e-06
 Reference value :  2.39419e-06
 Reference value :  2.39463e-06
 Reference value :  2.39507e-06
 Reference value :  2.39555e-06
 Reference value :  2.39599e-06
 Reference value :  2.39641e-06
 Reference value :  2.39687e-06
 Reference value :  2.39735e-06
 Reference value :  2.39777e-06
 Reference value :  2.39817e-06
 Reference value :  2.39865e-06
 Reference value :  2.39909e-06
 Reference value :  2.39955e-06
 Reference value :  2.39999e-06
 Reference value :  2.40047e-06
 Reference value :  2.40091e-06
 Reference value :  2.40135e-06
 Reference value :  2.40179e-06
 Reference value :  2.40225e-06
 Reference value :  2.40269e-06
 Reference value :  2.40313e-06
 Reference value :  2.40361e-06
 Reference value :  2.40407e-06
 Reference value :  2.40451e-06
 Reference value :  2.40495e-06
 Reference value :  2.40541e-06
 Reference value :  2.40583e-06
 Reference value :  2.40625e-06
 Reference value :  2.40671e-06
 Reference value :  2.40719e-06
 Reference value :  2.40761e-06
 Reference value :  2.40803e-06
 Reference value :  2.40851e-06
 Reference value :  2.40895e-06
 Reference value :  2.40939e-06
 Reference value :  2.40987e-06
 Reference value :  2.41033e-06
 Reference value :  2.41079e-06
 Reference value :  2.41121e-06
 Reference value :  2.41169e-06
 Reference value :  2.41213e-06
 Reference value :  2.41259e-06
 Reference value :  2.41303e-06
 Reference value :  2.41351e-06
 Reference value :  2.41397e-06
 Reference value :  2.41439e-06
 Reference value :  2.41487e-06
 Reference value :  2.41531e-06
 Reference value :  2.41577e-06
 Reference value :  2.41621e-06
 Reference value :  2.41669e-06
 Reference value :  2.41713e-06
 Reference value :  2.41759e-06
 Reference value :  2.41805e-06
 Reference value :  2.41847e-06
 Reference value :  2.41891e-06
 Reference value :  2.41935e-06
 Reference value :  2.41985e-06
 Reference value :  2.42029e-06
 Reference value :  2.42069e-06
 Reference value :  2.42113e-06
 Reference value :  2.42159e-06
 Reference value :  2.42203e-06
 Reference value :  2.42249e-06
 Reference value :  2.42297e-06
 Reference value :  2.42341e-06
 Reference value :  2.42385e-06
 Reference value :  2.42429e-06
 Reference value :  2.42477e-06
 Reference value :  2.42523e-06
 Reference value :  2.42567e-06
 Reference value :  2.42615e-06
 Reference value :  2.42661e-06
 Reference value :  2.42703e-06
 Reference value :  2.42747e-06
 Reference value :  2.42793e-06
 Reference value :  2.42837e-06
 Reference value :  2.42881e-06
 Reference value :  2.42929e-06
 Reference value :  2.42975e-06
 Reference value :  2.43019e-06
 Reference value :  2.43063e-06
 Reference value :  2.43109e-06
 Reference value :  2.43151e-06
 Reference value :  2.43197e-06
 Reference value :  2.43243e-06
 Reference value :  2.43289e-06
 Reference value :  2.43331e-06
 Reference value :  2.43373e-06
 Reference value :  2.43419e-06
 Reference value :  2.43465e-06
 Reference value :  2.43509e-06
 Reference value :  2.43555e-06
 Reference value :  2.43603e-06
 Reference value :  2.43645e-06
 Reference value :  2.43687e-06
 Reference value :  2.43731e-06
 Reference value :  2.43777e-06
 Reference value :  2.43821e-06
 Reference value :  2.43865e-06
 Reference value :  2.43915e-06
 Reference value :  2.43959e-06
 Reference value :  2.44003e-06
 Reference value :  2.44047e-06
 Reference value :  2.44093e-06
 Reference value :  2.44137e-06
 Reference value :  2.44181e-06
 Reference value :  2.44229e-06
 Reference value :  2.44275e-06
 Reference value :  2.44321e-06
 Reference value :  2.44363e-06
 Reference value :  2.44411e-06
 Reference value :  2.44453e-06
 Reference value :  2.44497e-06
 Reference value :  2.44545e-06
 Reference value :  2.44593e-06
 Reference value :  2.44637e-06
 Reference value :  2.44679e-06
 Reference value :  2.44725e-06
 Reference value :  2.44769e-06
 Reference value :  2.44813e-06
 Reference value :  2.44859e-06
 Reference value :  2.44907e-06
 Reference value :  2.44951e-06
 Reference value :  2.44991e-06
 Reference value :  2.45037e-06
 Reference value :  2.45083e-06
 Reference value :  2.45129e-06
 Reference value :  2.45171e-06
 Reference value :  2.45221e-06
 Reference value :  2.45265e-06
 Reference value :  2.45307e-06
 Reference value :  2.45353e-06
 Reference value :  2.45399e-06
 Reference value :  2.45443e-06
 Reference value :  2.45487e-06
 Reference value :  2.45535e-06
 Reference value :  2.45581e-06
 Reference value :  2.45627e-06
 Reference value :  2.45673e-06
 Reference value :  2.45719e-06
 Reference value :  2.45759e-06
 Reference value :  2.45803e-06
 Reference value :  2.45853e-06
 Reference value :  2.45899e-06
 Reference value :  2.45943e-06
 Reference value :  2.45987e-06
 Reference value :  2.46033e-06
 Reference value :  2.46077e-06
 Reference value :  2.46121e-06
 Reference value :  2.46169e-06
 Reference value :  2.46215e-06
 Reference value :  2.46259e-06
 Reference value :  2.46301e-06
 Reference value :  2.46349e-06
 Reference value :  2.46395e-06
 Reference value :  2.46439e-06
 Reference value :  2.46485e-06
 Reference value :  2.46531e-06
 Reference value :  2.46575e-06
 Reference value :  2.46617e-06
 Reference value :  2.46663e-06
 Reference value :  2.46705e-06
 Reference value :  2.46751e-06
 Reference value :  2.46795e-06
 Reference value :  2.46845e-06
 Reference value :  2.46889e-06
 Reference value :  2.46933e-06
 Reference value :  2.46979e-06
 Reference value :  2.47023e-06
 Reference value :  2.47067e-06
 Reference value :  2.47111e-06
 Reference value :  2.47161e-06
 Reference value :  2.47205e-06
 Reference value :  2.47247e-06
 Reference value :  2.47291e-06
 Reference value :  2.47337e-06
 Reference value :  2.47379e-06
 Reference value :  2.47423e-06
 Reference value :  2.47473e-06
 Reference value :  2.47517e-06
 Reference value :  2.47559e-06
 Reference value :  2.47601e-06
 Reference value :  2.47649e-06
 Reference value :  2.47693e-06
 Reference value :  2.47735e-06
 Reference value :  2.47781e-06
 Reference value :  2.47827e-06
 Reference value :  2.47873e-06
 Reference value :  2.47917e-06
 Reference value :  2.47963e-06
 Reference value :  2.48007e-06
 Reference value :  2.48049e-06
 Reference value :  2.48093e-06
 Reference value :  2.48143e-06
 Reference value :  2.48187e-06
 Reference value :  2.48231e-06
 Reference value :  2.48279e-06
 Reference value :  2.48323e-06
 Reference value :  2.48367e-06
 Reference value :  2.48411e-06
 Reference value :  2.48461e-06
 Reference value :  2.48505e-06
 Reference value :  2.48549e-06
 Reference value :  2.48593e-06
 Reference value :  2.48637e-06
 Reference value :  2.48681e-06
 Reference value :  2.48725e-06
 Reference value :  2.48777e-06
 Reference value :  2.48819e-06
 Reference value :  2.48863e-06
 Reference value :  2.48909e-06
 Reference value :  2.48955e-06
 Reference value :  2.48999e-06
 Reference value :  2.49043e-06
 Reference value :  2.49091e-06
 Reference value :  2.49135e-06
 Reference value :  2.49179e-06
 Reference value :  2.49225e-06
 Reference value :  2.49271e-06
 Reference value :  2.49315e-06
 Reference value :  2.49359e-06
 Reference value :  2.49407e-06
 Reference value :  2.49453e-06
 Reference value :  2.49499e-06
 Reference value :  2.49541e-06
 Reference value :  2.49587e-06
 Reference value :  2.49629e-06
 Reference value :  2.49673e-06
 Reference value :  2.49719e-06
 Reference value :  2.49767e-06
 Reference value :  2.49811e-06
 Reference value :  2.49853e-06
 Reference value :  2.49899e-06
 Reference value :  2.49941e-06
 Reference value :  2.49985e-06
 Reference value :  2.50031e-06
 Reference value :  2.50077e-06
 Reference value :  2.50121e-06
 Reference value :  2.50163e-06
 Reference value :  2.50209e-06
 Reference value :  2.50255e-06
 Reference value :  2.50297e-06
 Reference value :  2.50341e-06
 Reference value :  2.50391e-06
 Reference value :  2.50435e-06
 Reference value :  2.50477e-06
 Reference value :  2.50523e-06
 Reference value :  2.50569e-06
 Reference value :  2.50613e-06
 Reference value :  2.50657e-06
 Reference value :  2.50707e-06
 Reference value :  2.50751e-06
 Reference value :  2.50795e-06
 Reference value :  2.50839e-06
 Reference value :  2.50885e-06
 Reference value :  2.50929e-06
 Reference value :  2.50971e-06
 Reference value :  2.51017e-06
 Reference value :  2.51065e-06
 Reference value :  2.51109e-06
 Reference value :  2.51153e-06
 Reference value :  2.51199e-06
 Reference value :  2.51241e-06
 Reference value :  2.51289e-06
 Reference value :  2.51335e-06
 Reference value :  2.51381e-06
 Reference value :  2.51423e-06
 Reference value :  2.51465e-06
 Reference value :  2.51511e-06
 Reference value :  2.51555e-06
 Reference value :  2.51599e-06
 Reference value :  2.51643e-06
 Reference value :  2.51693e-06
 Reference value :  2.51737e-06
 Reference value :  2.51781e-06
 Reference value :  2.51827e-06
 Reference value :  2.51873e-06
 Reference value :  2.51917e-06
 Reference value :  2.51961e-06
 Reference value :  2.52011e-06
 Reference value :  2.52055e-06
 Reference value :  2.52099e-06
 Reference value :  2.52143e-06
 Reference value :  2.52189e-06
 Reference value :  2.52231e-06
 Reference value :  2.52275e-06
 Reference value :  2.52323e-06
 Reference value :  2.52365e-06
 Reference value :  2.52407e-06
 Reference value :  2.52451e-06
 Reference value :  2.52499e-06
 Reference value :  2.52541e-06
 Reference value :  2.52585e-06
 Reference value :  2.52631e-06
 Reference value :  2.52677e-06
 Reference value :  2.52721e-06
 Reference value :  2.52761e-06
 Reference value :  2.52807e-06
 Reference value :  2.52851e-06
 Reference value :  2.52895e-06
 Reference value :  2.52937e-06
 Reference value :  2.52987e-06
 Reference value :  2.53029e-06
 Reference value :  2.53073e-06
 Reference value :  2.53117e-06
 Reference value :  2.53163e-06
 Reference value :  2.53209e-06
 Reference value :  2.53253e-06
 Reference value :  2.53303e-06
 Reference value :  2.53345e-06
 Reference value :  2.53391e-06
 Reference value :  2.53435e-06
 Reference value :  2.53483e-06
 Reference value :  2.53527e-06
 Reference value :  2.53571e-06
 Reference value :  2.53621e-06
 Reference value :  2.53667e-06
 Reference value :  2.53711e-06
 Reference value :  2.53755e-06
 Reference value :  2.53801e-06
 Reference value :  2.53845e-06
 Reference value :  2.53889e-06
 Reference value :  2.53937e-06
 Reference value :  2.53983e-06
 Reference value :  2.54023e-06
 Reference value :  2.54065e-06
 Reference value :  2.54113e-06
 Reference value :  2.54159e-06
 Reference value :  2.54203e-06
 Reference value :  2.54251e-06
 Reference value :  2.54297e-06
 Reference value :  2.54343e-06
 Reference value :  2.54385e-06
 Reference value :  2.54431e-06
 Reference value :  2.54475e-06
 Reference value :  2.54519e-06
 Reference value :  2.54563e-06
 Reference value :  2.54611e-06
 Reference value :  2.54653e-06
 Reference value :  2.54697e-06
 Reference value :  2.54741e-06
 Reference value :  2.54787e-06
 Reference value :  2.54831e-06
 Reference value :  2.54873e-06
 Reference value :  2.54921e-06
 Reference value :  2.54963e-06
 Reference value :  2.55007e-06
 Reference value :  2.55049e-06
 Reference value :  2.55093e-06
 Reference value :  2.55137e-06
 Reference value :  2.55181e-06
 Reference value :  2.55229e-06
 Reference value :  2.55273e-06
 Reference value :  2.55315e-06
 Reference value :  2.55357e-06
 Reference value :  2.55401e-06
 Reference value :  2.55447e-06
 Reference value :  2.55489e-06
 Reference value :  2.55535e-06
 Reference value :  2.55583e-06
 Reference value :  2.55629e-06
 Reference value :  2.55671e-06
 Reference value :  2.55719e-06
 Reference value :  2.55763e-06
 Reference value :  2.55809e-06
 Reference value :  2.55853e-06
 Reference value :  2.55901e-06
 Reference value :  2.55945e-06
 Reference value :  2.55989e-06
 Reference value :  2.56035e-06
 Reference value :  2.56083e-06
 Reference value :  2.56127e-06
 Reference value :  2.56171e-06
 Reference value :  2.56221e-06
 Reference value :  2.56265e-06
 Reference value :  2.56311e-06
 Reference value :  2.56355e-06
 Reference value :  2.56401e-06
 Reference value :  2.56447e-06
 Reference value :  2.56491e-06
 Reference value :  2.56541e-06
 Reference value :  2.56583e-06
 Reference value :  2.56625e-06
 Reference value :  2.56669e-06
 Reference value :  2.56713e-06
 Reference value :  2.56759e-06
 Reference value :  2.56801e-06
 Reference value :  2.56849e-06
 Reference value :  2.56893e-06
 Reference value :  2.56937e-06
 Reference value :  2.56979e-06
 Reference value :  2.57025e-06
 Reference value :  2.57069e-06
 Reference value :  2.57113e-06
 Reference value :  2.57157e-06
 Reference value :  2.57205e-06
 Reference value :  2.57251e-06
 Reference value :  2.57295e-06
 Reference value :  2.57343e-06
 Reference value :  2.57387e-06
 Reference value :  2.57431e-06
 Reference value :  2.57475e-06
 Reference value :  2.57523e-06
 Reference value :  2.57567e-06
 Reference value :  2.57613e-06
 Reference value :  2.57661e-06
 Reference value :  2.57703e-06
 Reference value :  2.57747e-06
 Reference value :  2.57791e-06
 Reference value :  2.57839e-06
 Reference value :  2.57883e-06
 Reference value :  2.57925e-06
 Reference value :  2.57971e-06
 Reference value :  2.58017e-06
 Reference value :  2.58061e-06
 Reference value :  2.58105e-06
 Reference value :  2.58155e-06
 Reference value :  2.58199e-06
 Reference value :  2.58243e-06
 Reference value :  2.58289e-06
 Reference value :  2.58335e-06
 Reference value :  2.58379e-06
 Reference value :  2.58421e-06
 Reference value :  2.58471e-06
 Reference value :  2.58515e-06
 Reference value :  2.58557e-06
 Reference value :  2.58601e-06
 Reference value :  2.58647e-06
 Reference value :  2.58693e-06
 Reference value :  2.58739e-06
 Reference value :  2.58789e-06
 Reference value :  2.58835e-06
 Reference value :  2.58881e-06
 Reference value :  2.58925e-06
 Reference value :  2.58973e-06
 Reference value :  2.59017e-06
 Reference value :  2.59061e-06
 Reference value :  2.59105e-06
 Reference value :  2.59153e-06
 Reference value :  2.59197e-06
 Reference value :  2.59239e-06
 Reference value :  2.59287e-06
 Reference value :  2.59333e-06
 Reference value :  2.59377e-06
 Reference value :  2.59421e-06
 Reference value :  2.59469e-06
 Reference value :  2.59515e-06
 Reference value :  2.59557e-06
 Reference value :  2.59605e-06
 Reference value :  2.59649e-06
 Reference value :  2.59695e-06
 Reference value :  2.59741e-06
 Reference value :  2.59787e-06
 Reference value :  2.59831e-06
 Reference value :  2.59875e-06
 Reference value :  2.59923e-06
 Reference value :  2.59967e-06
 Reference value :  2.60011e-06
 Reference value :  2.60055e-06
 Reference value :  2.60105e-06
 Reference value :  2.60149e-06
 Reference value :  2.60195e-06
 Reference value :  2.60241e-06
 Reference value :  2.60287e-06
 Reference value :  2.60333e-06
 Reference value :  2.60379e-06
 Reference value :  2.60429e-06
 Reference value :  2.60475e-06
 Reference value :  2.60519e-06
 Reference value :  2.60565e-06
 Reference value :  2.60613e-06
 Reference value :  2.60657e-06
 Reference value :  2.60703e-06
 Reference value :  2.60755e-06
 Reference value :  2.60801e-06
 Reference value :  2.60845e-06
 Reference value :  2.60895e-06
 Reference value :  2.60941e-06
 Reference value :  2.60989e-06
 Reference value :  2.61035e-06
 Reference value :  2.61085e-06
 Reference value :  2.61131e-06
 Reference value :  2.61175e-06
 Reference value :  2.61225e-06
 Reference value :  2.61271e-06
 Reference value :  2.61317e-06
 Reference value :  2.61365e-06
 Reference value :  2.61413e-06
 Reference value :  2.61459e-06
 Reference value :  2.61505e-06
 Reference value :  2.61553e-06
 Reference value :  2.61597e-06
 Reference value :  2.61643e-06
 Reference value :  2.61691e-06
 Reference value :  2.61741e-06
 Reference value :  2.61787e-06
 Reference value :  2.61831e-06
 Reference value :  2.61881e-06
 Reference value :  2.61927e-06
 Reference value :  2.61973e-06
 Reference value :  2.62023e-06
 Reference value :  2.62071e-06
 Reference value :  2.62117e-06
 Reference value :  2.62163e-06
 Reference value :  2.62213e-06
 Reference value :  2.62261e-06
 Reference value :  2.62307e-06
 Reference value :  2.62359e-06
 Reference value :  2.62405e-06
 Reference value :  2.62451e-06
 Reference value :  2.62499e-06
 Reference value :  2.62547e-06
 Reference value :  2.62595e-06
 Reference value :  2.62641e-06
 Reference value :  2.62693e-06
 Reference value :  2.62737e-06
 Reference value :  2.62785e-06
 Reference value :  2.62833e-06
 Reference value :  2.62879e-06
 Reference value :  2.62927e-06
 Reference value :  2.62975e-06
 Reference value :  2.63027e-06
 Reference value :  2.63073e-06
 Reference value :  2.63117e-06
 Reference value :  2.63167e-06
 Reference value :  2.63215e-06
 Reference value :  2.63261e-06
 Reference value :  2.63311e-06
 Reference value :  2.63359e-06
 Reference value :  2.63405e-06
 Reference value :  2.63451e-06
 Reference value :  2.63501e-06
 Reference value :  2.63549e-06
 Reference value :  2.63595e-06
 Reference value :  2.63647e-06
 Reference value :  2.63693e-06
 Reference value :  2.63741e-06
 Reference value :  2.63787e-06
 Reference value :  2.63837e-06
 Reference value :  2.63885e-06
 Reference value :  2.63931e-06
 Reference value :  2.63983e-06
 Reference value :  2.64029e-06
 Reference value :  2.64077e-06
 Reference value :  2.64125e-06
 Reference value :  2.64173e-06
 Reference value :  2.64221e-06
 Reference value :  2.64269e-06
 Reference value :  2.64319e-06
 Reference value :  2.64365e-06
 Reference value :  2.64409e-06
 Reference value :  2.64459e-06
 Reference value :  2.64507e-06
 Reference value :  2.64553e-06
 Reference value :  2.64603e-06
 Reference value :  2.64653e-06
 Reference value :  2.64701e-06
 Reference value :  2.64747e-06
 Reference value :  2.64797e-06
 Reference value :  2.64847e-06
 Reference value :  2.64893e-06
 Reference value :  2.64945e-06
 Reference value :  2.64993e-06
 Reference value :  2.65039e-06
 Reference value :  2.65087e-06
 Reference value :  2.65135e-06
 Reference value :  2.65183e-06
 Reference value :  2.65229e-06
 Reference value :  2.65283e-06
 Reference value :  2.65331e-06
 Reference value :  2.65377e-06
 Reference value :  2.65425e-06
 Reference value :  2.65471e-06
 Reference value :  2.65519e-06
 Reference value :  2.65567e-06
 Reference value :  2.65617e-06
 Reference value :  2.65665e-06
 Reference value :  2.65711e-06
 Reference value :  2.65763e-06
 Reference value :  2.65809e-06
 Reference value :  2.65855e-06
 Reference value :  2.65907e-06
 Reference value :  2.65955e-06
 Reference value :  2.66001e-06
 Reference value :  2.66049e-06
 Reference value :  2.66097e-06
 Reference value :  2.66145e-06
 Reference value :  2.66193e-06
 Reference value :  2.66245e-06
 Reference value :  2.66293e-06
 Reference value :  2.66341e-06
 Reference value :  2.66391e-06
 Reference value :  2.66437e-06
 Reference value :  2.66485e-06
 Reference value :  2.66531e-06
 Reference value :  2.66583e-06
 Reference value :  2.66629e-06
 Reference value :  2.66675e-06
 Reference value :  2.66727e-06
 Reference value :  2.66773e-06
 Reference value :  2.66821e-06
 Reference value :  2.66871e-06
 Reference value :  2.66921e-06
 Reference value :  2.66969e-06
 Reference value :  2.67019e-06
 Reference value :  2.67069e-06
 Reference value :  2.67117e-06
 Reference value :  2.67165e-06
 Reference value :  2.67219e-06
 Reference value :  2.67265e-06
 Reference value :  2.67311e-06
 Reference value :  2.67363e-06
 Reference value :  2.67411e-06
 Reference value :  2.67461e-06
 Reference value :  2.67509e-06
 Reference value :  2.67559e-06
 Reference value :  2.67607e-06
 Reference value :  2.67653e-06
 Reference value :  2.67705e-06
 Reference value :  2.67755e-06
 Reference value :  2.67803e-06
 Reference value :  2.67857e-06
 Reference value :  2.67905e-06
 Reference value :  2.67953e-06
 Reference value :  2.68003e-06
 Reference value :  2.68051e-06
 Reference value :  2.68097e-06
 Reference value :  2.68145e-06
 Reference value :  2.68197e-06
 Reference value :  2.68245e-06
 Reference value :  2.68291e-06
 Reference value :  2.68341e-06
 Reference value :  2.68387e-06
 Reference value :  2.68433e-06
 Reference value :  2.68485e-06
 Reference value :  2.68537e-06
 Reference value :  2.68585e-06
 Reference value :  2.68631e-06
 Reference value :  2.68681e-06
 Reference value :  2.68731e-06
 Reference value :  2.68779e-06
 Reference value :  2.68833e-06
 Reference value :  2.68879e-06
 Reference value :  2.68927e-06
 Reference value :  2.68979e-06
 Reference value :  2.69027e-06
 Reference value :  2.69077e-06
 Reference value :  2.69127e-06
 Reference value :  2.69177e-06
 Reference value :  2.69225e-06
 Reference value :  2.69271e-06
 Reference value :  2.69323e-06
 Reference value :  2.69369e-06
 Reference value :  2.69417e-06
 Reference value :  2.69469e-06
 Reference value :  2.69517e-06
 Reference value :  2.69565e-06
 Reference value :  2.69613e-06
 Reference value :  2.69663e-06
 Reference value :  2.69711e-06
 Reference value :  2.69759e-06
 Reference value :  2.69813e-06
 Reference value :  2.69861e-06
 Reference value :  2.69905e-06
 Reference value :  2.69957e-06
 Reference value :  2.70005e-06
 Reference value :  2.70053e-06
 Reference value :  2.70105e-06
 Reference value :  2.70153e-06
 Reference value :  2.70201e-06
 Reference value :  2.70249e-06
 Reference value :  2.70299e-06
 Reference value :  2.70347e-06
 Reference value :  2.70397e-06
 Reference value :  2.70451e-06
 Reference value :  2.70499e-06
 Reference value :  2.70547e-06
 Reference value :  2.70595e-06
 Reference value :  2.70643e-06
 Reference value :  2.70689e-06
 Reference value :  2.70737e-06
 Reference value :  2.70789e-06
 Reference value :  2.70837e-06
 Reference value :  2.70883e-06
 Reference value :  2.70933e-06
 Reference value :  2.70981e-06
 Reference value :  2.71029e-06
 Reference value :  2.71081e-06
 Reference value :  2.71131e-06
 Reference value :  2.71175e-06
 Reference value :  2.71221e-06
 Reference value :  2.71273e-06
 Reference value :  2.71323e-06
 Reference value :  2.71369e-06
 Reference value :  2.71421e-06
 Reference value :  2.71469e-06
 Reference value :  2.71517e-06
 Reference value :  2.71567e-06
 Reference value :  2.71615e-06
 Reference value :  2.71665e-06
 Reference value :  2.71715e-06
 Reference value :  2.71767e-06
 Reference value :  2.71817e-06
 Reference value :  2.71865e-06
 Reference value :  2.71915e-06
 Reference value :  2.71963e-06
 Reference value :  2.72011e-06
 Reference value :  2.72061e-06
 Reference value :  2.72111e-06
 Reference value :  2.72157e-06
 Reference value :  2.72205e-06
 Reference value :  2.72253e-06
 Reference value :  2.72299e-06
 Reference value :  2.72347e-06
 Reference value :  2.72401e-06
 Reference value :  2.72449e-06
 Reference value :  2.72493e-06
 Reference value :  2.72543e-06
 Reference value :  2.72591e-06
 Reference value :  2.72639e-06
 Reference value :  2.72687e-06
 Reference value :  2.72737e-06
 Reference value :  2.72787e-06
 Reference value :  2.72833e-06
 Reference value :  2.72883e-06
 Reference value :  2.72933e-06
 Reference value :  2.72981e-06
 Reference value :  2.73035e-06
 Reference value :  2.73083e-06
 Reference value :  2.73129e-06
 Reference value :  2.73177e-06
 Reference value :  2.73225e-06
 Reference value :  2.73273e-06
 Reference value :  2.73321e-06
 Reference value :  2.73373e-06
 Reference value :  2.73421e-06
 Reference value :  2.73467e-06
 Reference value :  2.73517e-06
 Reference value :  2.73565e-06
 Reference value :  2.73613e-06
 Reference value :  2.73665e-06
 Reference value :  2.73715e-06
 Reference value :  2.73761e-06
 Reference value :  2.73809e-06
 Reference value :  2.73859e-06
 Reference value :  2.73907e-06
 Reference value :  2.73955e-06
 Reference value :  2.74007e-06
 Reference value :  2.74055e-06
 Reference value :  2.74103e-06
 Reference value :  2.74153e-06
 Reference value :  2.74199e-06
 Reference value :  2.74249e-06
 Reference value :  2.74297e-06
 Reference value :  2.74349e-06
 Reference value :  2.74397e-06
 Reference value :  2.74445e-06
 Reference value :  2.74497e-06
 Reference value :  2.74545e-06
 Reference value :  2.74593e-06
 Reference value :  2.74643e-06
 Reference value :  2.74693e-06
 Reference value :  2.74739e-06
 Reference value :  2.74787e-06
 Reference value :  2.74837e-06
 Reference value :  2.74885e-06
 Reference value :  2.74935e-06
 Reference value :  2.74989e-06
 Reference value :  2.75037e-06
 Reference value :  2.75083e-06
 Reference value :  2.75135e-06
 Reference value :  2.75185e-06
 Reference value :  2.75233e-06
 Reference value :  2.75285e-06
 Reference value :  2.75335e-06
 Reference value :  2.75383e-06
 Reference value :  2.75433e-06
 Reference value :  2.75485e-06
 Reference value :  2.75535e-06
 Reference value :  2.75581e-06
 Reference value :  2.75633e-06
 Reference value :  2.75683e-06
 Reference value :  2.75729e-06
 Reference value :  2.75779e-06
 Reference value :  2.75827e-06
 Reference value :  2.75877e-06
 Reference value :  2.75929e-06
 Reference value :  2.75979e-06
 Reference value :  2.76027e-06
 Reference value :  2.76075e-06
 Reference value :  2.76125e-06
 Reference value :  2.76173e-06
 Reference value :  2.76221e-06
 Reference value :  2.76277e-06
 Reference value :  2.76325e-06
 Reference value :  2.76371e-06
 Reference value :  2.76421e-06
 Reference value :  2.76469e-06
 Reference value :  2.76517e-06
 Reference value :  2.76567e-06
 Reference value :  2.76619e-06
 Reference value :  2.76669e-06
 Reference value :  2.76717e-06
 Reference value :  2.76769e-06
 Reference value :  2.76819e-06
 Reference value :  2.76867e-06
 Reference value :  2.76921e-06
 Reference value :  2.76969e-06
 Reference value :  2.77019e-06
 Reference value :  2.77073e-06
 Reference value :  2.77121e-06
 Reference value :  2.77171e-06
 Reference value :  2.77223e-06
 Reference value :  2.77273e-06
 Reference value :  2.77323e-06
 Reference value :  2.77373e-06
 Reference value :  2.77423e-06
 Reference value :  2.77471e-06
 Reference value :  2.77521e-06
 Reference value :  2.77575e-06
 Reference value :  2.77625e-06
 Reference value :  2.77671e-06
 Reference value :  2.77723e-06
 Reference value :  2.77773e-06
 Reference value :  2.77821e-06
 Reference value :  2.77873e-06
 Reference value :  2.77925e-06
 Reference value :  2.77973e-06
 Reference value :  2.78023e-06
 Reference value :  2.78073e-06
 Reference value :  2.78123e-06
 Reference value :  2.78171e-06
 Reference value :  2.78227e-06
 Reference value :  2.78277e-06
 Reference value :  2.78323e-06
 Reference value :  2.78375e-06
 Reference value :  2.78423e-06
 Reference value :  2.78473e-06
 Reference value :  2.78525e-06
 Reference value :  2.78575e-06
 Reference value :  2.78623e-06
 Reference value :  2.78671e-06
 Reference value :  2.78723e-06
 Reference value :  2.78771e-06
 Reference value :  2.78819e-06
 Reference value :  2.78871e-06
 Reference value :  2.78919e-06
 Reference value :  2.78965e-06
 Reference value :  2.79015e-06
 Reference value :  2.79065e-06
 Reference value :  2.79113e-06
 Reference value :  2.79165e-06
 Reference value :  2.79215e-06
 Reference value :  2.79263e-06
 Reference value :  2.79313e-06
 Reference value :  2.79363e-06
 Reference value :  2.79411e-06
 Reference value :  2.79457e-06
 Reference value :  2.79511e-06
 Reference value :  2.79559e-06
 Reference value :  2.79607e-06
 Reference value :  2.79659e-06
 Reference value :  2.79707e-06
 Reference value :  2.79757e-06
 Reference value :  2.79807e-06
 Reference value :  2.79857e-06
 Reference value :  2.79907e-06
 Reference value :  2.79955e-06
 Reference value :  2.80005e-06
 Reference value :  2.80053e-06
 Reference value :  2.80103e-06
 Reference value :  2.80157e-06
 Reference value :  2.80205e-06
 Reference value :  2.80249e-06
 Reference value :  2.80299e-06
 Reference value :  2.80349e-06
 Reference value :  2.80399e-06
 Reference value :  2.80449e-06
 Reference value :  2.80499e-06
 Reference value :  2.80547e-06
 Reference value :  2.80593e-06
 Reference value :  2.80645e-06
 Reference value :  2.80695e-06
 Reference value :  2.80741e-06
 Reference value :  2.80795e-06
 Reference value :  2.80845e-06
 Reference value :  2.80893e-06
 Reference value :  2.80945e-06
 Reference value :  2.80995e-06
 Reference value :  2.81043e-06
 Reference value :  2.81093e-06
 Reference value :  2.81145e-06
 Reference value :  2.81193e-06
 Reference value :  2.81241e-06
 Reference value :  2.81291e-06
 Reference value :  2.81339e-06
 Reference value :  2.81387e-06
 Reference value :  2.81441e-06
 Reference value :  2.81489e-06
 Reference value :  2.81535e-06
 Reference value :  2.81583e-06
 Reference value :  2.81633e-06
 Reference value :  2.81683e-06
 Reference value :  2.81731e-06
 Reference value :  2.81783e-06
 Reference value :  2.81833e-06
 Reference value :  2.81881e-06
 Reference value :  2.81933e-06
 Reference value :  2.81981e-06
 Reference value :  2.82031e-06
 Reference value :  2.82085e-06
 Reference value :  2.82135e-06
 Reference value :  2.82183e-06
 Reference value :  2.82231e-06
 Reference value :  2.82283e-06
 Reference value :  2.82331e-06
 Reference value :  2.82379e-06
 Reference value :  2.82431e-06
 Reference value :  2.82481e-06
 Reference value :  2.82529e-06
 Reference value :  2.82581e-06
 Reference value :  2.82629e-06
 Reference value :  2.82679e-06
 Reference value :  2.82733e-06
 Reference value :  2.82781e-06
 Reference value :  2.82827e-06
 Reference value :  2.82875e-06
 Reference value :  2.82927e-06
 Reference value :  2.82977e-06
 Reference value :  2.83025e-06
 Reference value :  2.83079e-06
 Reference value :  2.83127e-06
 Reference value :  2.83175e-06
 Reference value :  2.83229e-06
 Reference value :  2.83279e-06
 Reference value :  2.83327e-06
 Reference value :  2.83381e-06
 Reference value :  2.83429e-06
 Reference value :  2.83479e-06
 Reference value :  2.83529e-06
 Reference value :  2.83579e-06
 Reference value :  2.83629e-06
 Reference value :  2.83677e-06
 Reference value :  2.83733e-06
 Reference value :  2.83783e-06
 Reference value :  2.83833e-06
 Reference value :  2.83885e-06
 Reference value :  2.83935e-06
 Reference value :  2.83987e-06
 Reference value :  2.84041e-06
 Reference value :  2.84089e-06
 Reference value :  2.84137e-06
 Reference value :  2.84191e-06
 Reference value :  2.84243e-06
 Reference value :  2.84291e-06
 Reference value :  2.84345e-06
 Reference value :  2.84397e-06
 Reference value :  2.84449e-06
 Reference value :  2.84503e-06
 Reference value :  2.84555e-06
 Reference value :  2.84605e-06
 Reference value :  2.84655e-06
 Reference value :  2.84707e-06
 Reference value :  2.84755e-06
 Reference value :  2.84805e-06
 Reference value :  2.84857e-06
 Reference value :  2.84907e-06
 Reference value :  2.84957e-06
 Reference value :  2.85011e-06
 Reference value :  2.85061e-06
 Reference value :  2.85113e-06
 Reference value :  2.85163e-06
 Reference value :  2.85213e-06
 Reference value :  2.85265e-06
 Reference value :  2.85321e-06
 Reference value :  2.85375e-06
 Reference value :  2.85423e-06
 Reference value :  2.85477e-06
 Reference value :  2.85529e-06
 Reference value :  2.85581e-06
 Reference value :  2.85633e-06
 Reference value :  2.85687e-06
 Reference value :  2.85735e-06
 Reference value :  2.85787e-06
 Reference value :  2.85841e-06
 Reference value :  2.85889e-06
 Reference value :  2.85937e-06
 Reference value :  2.85993e-06
 Reference value :  2.86041e-06
 Reference value :  2.86091e-06
 Reference value :  2.86145e-06
 Reference value :  2.86197e-06
 Reference value :  2.86249e-06
 Reference value :  2.86305e-06
 Reference value :  2.86353e-06
 Reference value :  2.86405e-06
 Reference value :  2.86457e-06
 Reference value :  2.86507e-06
 Reference value :  2.86557e-06
 Reference value :  2.86607e-06
 Reference value :  2.86659e-06
 Reference value :  2.86707e-06
 Reference value :  2.86757e-06
 Reference value :  2.86809e-06
 Reference value :  2.86859e-06
 Reference value :  2.86911e-06
 Reference value :  2.86967e-06
 Reference value :  2.87017e-06
 Reference value :  2.87065e-06
 Reference value :  2.87119e-06
 Reference value :  2.87171e-06
 Reference value :  2.87223e-06
 Reference value :  2.87279e-06
 Reference value :  2.87329e-06
 Reference value :  2.87379e-06
 Reference value :  2.87435e-06
 Reference value :  2.87487e-06
 Reference value :  2.87539e-06
 Reference value :  2.87593e-06
 Reference value :  2.87641e-06
 Reference value :  2.87693e-06
 Reference value :  2.87747e-06
 Reference value :  2.87795e-06
 Reference value :  2.87845e-06
 Reference value :  2.87897e-06
 Reference value :  2.87951e-06
 Reference value :  2.88001e-06
 Reference value :  2.88053e-06
 Reference value :  2.88107e-06
 Reference value :  2.88159e-06
 Reference value :  2.88213e-06
 Reference value :  2.88267e-06
 Reference value :  2.88317e-06
 Reference value :  2.88367e-06
 Reference value :  2.88419e-06
 Reference value :  2.88469e-06
 Reference value :  2.88519e-06
 Reference value :  2.88573e-06
 Reference value :  2.88623e-06
 Reference value :  2.88673e-06
 Reference value :  2.88729e-06
 Reference value :  2.88779e-06
 Reference value :  2.88831e-06
 Reference value :  2.88885e-06
 Reference value :  2.88937e-06
 Reference value :  2.88989e-06
 Reference value :  2.89041e-06
 Reference value :  2.89089e-06
 Reference value :  2.89137e-06
 Reference value :  2.89191e-06
 Reference value :  2.89245e-06
 Reference value :  2.89295e-06
 Reference value :  2.89347e-06
 Reference value :  2.89399e-06
 Reference value :  2.89447e-06
 Reference value :  2.89497e-06
 Reference value :  2.89553e-06
 Reference value :  2.89603e-06
 Reference value :  2.89651e-06
 Reference value :  2.89705e-06
 Reference value :  2.89755e-06
 Reference value :  2.89805e-06
 Reference value :  2.89859e-06
 Reference value :  2.89911e-06
 Reference value :  2.89961e-06
 Reference value :  2.90015e-06
 Reference value :  2.90067e-06
 Reference value :  2.90117e-06
 Reference value :  2.90171e-06
 Reference value :  2.90221e-06
 Reference value :  2.90271e-06
 Reference value :  2.90323e-06
 Reference value :  2.90375e-06
 Reference value :  2.90427e-06
 Reference value :  2.90479e-06
 Reference value :  2.90531e-06
 Reference value :  2.90579e-06
 Reference value :  2.90627e-06
 Reference value :  2.90679e-06
 Reference value :  2.90727e-06
 Reference value :  2.90779e-06
 Reference value :  2.90835e-06
 Reference value :  2.90885e-06
 Reference value :  2.90933e-06
 Reference value :  2.90987e-06
 Reference value :  2.91039e-06
 Reference value :  2.91089e-06
 Reference value :  2.91141e-06
 Reference value :  2.91193e-06
 Reference value :  2.91243e-06
 Reference value :  2.91293e-06
 Reference value :  2.91347e-06
 Reference value :  2.91399e-06
 Reference value :  2.91449e-06
 Reference value :  2.91503e-06
 Reference value :  2.91553e-06
 Reference value :  2.91601e-06
 Reference value :  2.91651e-06
 Reference value :  2.91701e-06
 Reference value :  2.91753e-06
 Reference value :  2.91809e-06
 Reference value :  2.91859e-06
 Reference value :  2.91909e-06
 Reference value :  2.91963e-06
 Reference value :  2.92013e-06
 Reference value :  2.92063e-06
 Reference value :  2.92121e-06
 Reference value :  2.92171e-06
 Reference value :  2.92219e-06
 Reference value :  2.92271e-06
 Reference value :  2.92319e-06
 Reference value :  2.92371e-06
 Reference value :  2.92421e-06
 Reference value :  2.92475e-06
 Reference value :  2.92525e-06
 Reference value :  2.92573e-06
 Reference value :  2.92625e-06
 Reference value :  2.92677e-06
 Reference value :  2.92729e-06
 Reference value :  2.92785e-06
 Reference value :  2.92833e-06
 Reference value :  2.92881e-06
 Reference value :  2.92931e-06
 Reference value :  2.92977e-06
 Reference value :  2.93023e-06
 Reference value :  2.93073e-06
 Reference value :  2.93125e-06
 Reference value :  2.93175e-06
 Reference value :  2.93225e-06
 Reference value :  2.93279e-06
 Reference value :  2.93335e-06
 Reference value :  2.93393e-06
 Reference value :  2.93447e-06
 Reference value :  2.93497e-06
 Reference value :  2.93551e-06
 Reference value :  2.93609e-06
 Reference value :  2.93659e-06
 Reference value :  2.93709e-06
 Reference value :  2.93763e-06
 Reference value :  2.93815e-06
 Reference value :  2.93865e-06
 Reference value :  2.93919e-06
 Reference value :  2.93971e-06
 Reference value :  2.94029e-06
 Reference value :  2.94091e-06
 Reference value :  2.94143e-06
 Reference value :  2.94197e-06
 Reference value :  2.94255e-06
 Reference value :  2.94303e-06
 Reference value :  2.94357e-06
 Reference value :  2.94419e-06
 Reference value :  2.94473e-06
 Reference value :  2.94527e-06
 Reference value :  2.94583e-06
 Reference value :  2.94639e-06
 Reference value :  2.94701e-06
 Reference value :  2.94749e-06
 Reference value :  2.94801e-06
 Reference value :  2.94859e-06
 Reference value :  2.94919e-06
 Reference value :  2.94969e-06
 Reference value :  2.95021e-06
 Reference value :  2.95071e-06
 Reference value :  2.95121e-06
 Reference value :  2.95177e-06
 Reference value :  2.95233e-06
 Reference value :  2.95285e-06
 Reference value :  2.95347e-06
 Reference value :  2.95399e-06
 Reference value :  2.95451e-06
 Reference value :  2.95505e-06
 Reference value :  2.95563e-06
 Reference value :  2.95623e-06
 Reference value :  2.95679e-06
 Reference value :  2.95737e-06
 Reference value :  2.95795e-06
 Reference value :  2.95855e-06
 Reference value :  2.95907e-06
 Reference value :  2.95973e-06
 Reference value :  2.96031e-06
 Reference value :  2.96081e-06
 Reference value :  2.96135e-06
 Reference value :  2.96191e-06
 Reference value :  2.96245e-06
 Reference value :  2.96301e-06
 Reference value :  2.96361e-06
 Reference value :  2.96411e-06
 Reference value :  2.96463e-06
 Reference value :  2.96513e-06
 Reference value :  2.96569e-06
 Reference value :  2.96625e-06
 Reference value :  2.96677e-06
 Reference value :  2.96729e-06
 Reference value :  2.96781e-06
 Reference value :  2.96833e-06
 Reference value :  2.96883e-06
 Reference value :  2.96937e-06
 Reference value :  2.97001e-06
 Reference value :  2.97053e-06
 Reference value :  2.97105e-06
 Reference value :  2.97157e-06
 Reference value :  2.97209e-06
 Reference value :  2.97261e-06
 Reference value :  2.97317e-06
 Reference value :  2.97367e-06
 Reference value :  2.97423e-06
 Reference value :  2.97475e-06
 Reference value :  2.97527e-06
 Reference value :  2.97577e-06
 Reference value :  2.97637e-06
 Reference value :  2.97699e-06
 Reference value :  2.97755e-06
 Reference value :  2.97811e-06
 Reference value :  2.97867e-06
 Reference value :  2.97925e-06
 Reference value :  2.97979e-06
 Reference value :  2.98035e-06
 Reference value :  2.98093e-06
 Reference value :  2.98143e-06
 Reference value :  2.98193e-06
 Reference value :  2.98249e-06
 Reference value :  2.98305e-06
 Reference value :  2.98363e-06
 Reference value :  2.98423e-06
 Reference value :  2.98473e-06
 Reference value :  2.98529e-06
 Reference value :  2.98585e-06
 Reference value :  2.98641e-06
 Reference value :  2.98689e-06
 Reference value :  2.98745e-06
 Reference value :  2.98795e-06
 Reference value :  2.98843e-06
 Reference value :  2.98901e-06
 Reference value :  2.98961e-06
 Reference value :  2.99017e-06
 Reference value :  2.99075e-06
 Reference value :  2.99123e-06
 Reference value :  2.99179e-06
 Reference value :  2.99227e-06
 Reference value :  2.99279e-06
 Reference value :  2.99333e-06
 Reference value :  2.99385e-06
 Reference value :  2.99437e-06
 Reference value :  2.99485e-06
 Reference value :  2.99541e-06
 Reference value :  2.99595e-06
 Reference value :  2.99645e-06
 Reference value :  2.99701e-06
 Reference value :  2.99759e-06
 Reference value :  2.99809e-06
 Reference value :  2.99869e-06
 Reference value :  2.99929e-06
 Reference value :  2.99979e-06
No. of Data Rows : 150008
t1                  =  1.50265e-06
t2                  =  1.50588e-06
t9                  =  1.52853e-06
vout_avg            =  5.99680e-01 from=  1.50000e-06 to=  3.00000e-06
Note: Simulation executed from .control section 
Note: Starting dynamic gmin stepping
Note: Dynamic gmin stepping completed
Note: Starting dynamic gmin stepping
Note: Dynamic gmin stepping completed
