
Note: No compatibility mode selected!


Circuit: * tt_analog_ring code sweep: code=48

Doing analysis at TEMP = 27.000000 and TNOM = 27.000000

Using SPARSE 1.3 as Direct Linear Solver
 Reference value :  0.00000e+00
No. of Data Rows : 1
OP idd=0.000162874 vbp=0.663885 vbn=0.41839
Doing analysis at TEMP = 27.000000 and TNOM = 27.000000

Using SPARSE 1.3 as Direct Linear Solver

Initial Transient Solution
--------------------------

Node                                   Voltage
----                                   -------
vpwr                                       1.2
enable                                     1.2
code[0]                                      0
code[1]                                      0
code[2]                                      0
code[3]                                      0
code[4]                                    1.2
code[5]                                    1.2
code[6]                                      0
code[7]                                      0
xdut.vbp                              0.663885
xdut.vbn                               0.41839
xdut.n0                              0.0840537
xdut.p0                                1.11025
xdut.na0                             0.0869621
xdut.s0                               0.606599
xdut.s10                              0.583005
xdut.n1                              0.0700681
xdut.p1                                1.12389
xdut.s1                               0.606599
xdut.n2                              0.0700681
xdut.p2                                1.12389
xdut.s2                               0.606599
xdut.n3                              0.0700681
xdut.p3                                1.12389
xdut.s3                               0.606599
xdut.n4                              0.0700681
xdut.p4                                1.12389
xdut.s4                               0.606599
xdut.n5                              0.0700681
xdut.p5                                1.12389
xdut.s5                               0.606599
xdut.n6                              0.0700681
xdut.p6                                1.12389
xdut.s6                               0.606599
xdut.n7                              0.0700681
xdut.p7                                1.12389
xdut.s7                               0.606603
xdut.n8                               0.070068
xdut.p8                                1.12389
xdut.s8                               0.606529
xdut.n9                              0.0700697
xdut.p9                                1.12389
xdut.s9                               0.607887
xdut.n10                             0.0700308
xdut.p10                               1.12393
xdut.b1                                 1.0165
clk_out                            9.04977e-06
vc7#branch                          2.8128e-12
vc6#branch                          1.4064e-12
vc5#branch                        -1.38183e-08
vc4#branch                        -6.90913e-09
vc3#branch                           1.758e-13
vc2#branch                            8.79e-14
vc1#branch                           4.395e-14
vc0#branch                          2.1975e-14
ven#branch                         -9.6113e-12
vdd#branch                        -0.000162874

 Reference value :  0.00000e+00
 Reference value :  7.05600e-10
 Reference value :  1.50560e-09
 Reference value :  2.30560e-09
 Reference value :  2.94560e-09
 Reference value :  3.68560e-09
 Reference value :  4.40560e-09
 Reference value :  5.10560e-09
 Reference value :  5.78560e-09
 Reference value :  6.50560e-09
 Reference value :  7.10560e-09
 Reference value :  7.74560e-09
 Reference value :  8.36560e-09
 Reference value :  9.02560e-09
 Reference value :  9.66560e-09
 Reference value :  1.03656e-08
 Reference value :  1.10456e-08
 Reference value :  1.16656e-08
 Reference value :  1.22656e-08
 Reference value :  1.28256e-08
 Reference value :  1.33856e-08
 Reference value :  1.39456e-08
 Reference value :  1.44856e-08
 Reference value :  1.50256e-08
 Reference value :  1.55656e-08
 Reference value :  1.61256e-08
 Reference value :  1.66656e-08
 Reference value :  1.72056e-08
 Reference value :  1.77456e-08
 Reference value :  1.82856e-08
 Reference value :  1.88256e-08
 Reference value :  1.93656e-08
 Reference value :  1.99256e-08
 Reference value :  2.04656e-08
 Reference value :  2.10856e-08
 Reference value :  2.17256e-08
 Reference value :  2.23456e-08
 Reference value :  2.29656e-08
 Reference value :  2.35856e-08
 Reference value :  2.42056e-08
 Reference value :  2.48256e-08
 Reference value :  2.54656e-08
 Reference value :  2.61056e-08
 Reference value :  2.67656e-08
 Reference value :  2.74256e-08
 Reference value :  2.80656e-08
 Reference value :  2.87656e-08
 Reference value :  2.94056e-08
 Reference value :  3.00256e-08
 Reference value :  3.06456e-08
 Reference value :  3.11856e-08
 Reference value :  3.17256e-08
 Reference value :  3.22656e-08
 Reference value :  3.29056e-08
 Reference value :  3.35456e-08
 Reference value :  3.41656e-08
 Reference value :  3.48456e-08
 Reference value :  3.54856e-08
 Reference value :  3.61456e-08
 Reference value :  3.67656e-08
 Reference value :  3.73856e-08
 Reference value :  3.80256e-08
 Reference value :  3.86056e-08
 Reference value :  3.91456e-08
 Reference value :  3.97056e-08
 Reference value :  4.02656e-08
 Reference value :  4.08056e-08
 Reference value :  4.14256e-08
 Reference value :  4.19456e-08
 Reference value :  4.25856e-08
 Reference value :  4.32056e-08
 Reference value :  4.37456e-08
 Reference value :  4.43256e-08
 Reference value :  4.49656e-08
 Reference value :  4.56056e-08
 Reference value :  4.62256e-08
 Reference value :  4.68456e-08
 Reference value :  4.74256e-08
 Reference value :  4.80056e-08
 Reference value :  4.86456e-08
 Reference value :  4.92056e-08
 Reference value :  4.97656e-08
 Reference value :  5.03456e-08
 Reference value :  5.08656e-08
 Reference value :  5.14056e-08
 Reference value :  5.19856e-08
 Reference value :  5.25256e-08
 Reference value :  5.30856e-08
 Reference value :  5.36056e-08
 Reference value :  5.41656e-08
 Reference value :  5.47256e-08
 Reference value :  5.52656e-08
 Reference value :  5.58256e-08
 Reference value :  5.63856e-08
 Reference value :  5.69456e-08
 Reference value :  5.74656e-08
 Reference value :  5.79856e-08
 Reference value :  5.85056e-08
 Reference value :  5.90656e-08
 Reference value :  5.95856e-08
 Reference value :  6.01056e-08
 Reference value :  6.06656e-08
 Reference value :  6.12056e-08
 Reference value :  6.17456e-08
 Reference value :  6.22656e-08
 Reference value :  6.28056e-08
 Reference value :  6.33456e-08
 Reference value :  6.38656e-08
 Reference value :  6.44056e-08
 Reference value :  6.49256e-08
 Reference value :  6.54456e-08
 Reference value :  6.59656e-08
 Reference value :  6.65056e-08
 Reference value :  6.70256e-08
 Reference value :  6.75656e-08
 Reference value :  6.80856e-08
 Reference value :  6.86056e-08
 Reference value :  6.91456e-08
 Reference value :  6.96656e-08
 Reference value :  7.02256e-08
 Reference value :  7.07456e-08
 Reference value :  7.12656e-08
 Reference value :  7.17856e-08
 Reference value :  7.23256e-08
 Reference value :  7.28456e-08
 Reference value :  7.33856e-08
 Reference value :  7.39456e-08
 Reference value :  7.44656e-08
 Reference value :  7.49656e-08
 Reference value :  7.54856e-08
 Reference value :  7.60056e-08
 Reference value :  7.65456e-08
 Reference value :  7.70856e-08
 Reference value :  7.76256e-08
 Reference value :  7.81456e-08
 Reference value :  7.86856e-08
 Reference value :  7.92056e-08
 Reference value :  7.97256e-08
 Reference value :  8.02656e-08
 Reference value :  8.07856e-08
 Reference value :  8.13256e-08
 Reference value :  8.18656e-08
 Reference value :  8.23856e-08
 Reference value :  8.29056e-08
 Reference value :  8.34256e-08
 Reference value :  8.39856e-08
 Reference value :  8.45456e-08
 Reference value :  8.51656e-08
 Reference value :  8.57256e-08
 Reference value :  8.62656e-08
 Reference value :  8.68456e-08
 Reference value :  8.74256e-08
 Reference value :  8.79456e-08
 Reference value :  8.84856e-08
 Reference value :  8.90456e-08
 Reference value :  8.96056e-08
 Reference value :  9.01656e-08
 Reference value :  9.07056e-08
 Reference value :  9.12656e-08
 Reference value :  9.18256e-08
 Reference value :  9.23856e-08
 Reference value :  9.28856e-08
 Reference value :  9.34056e-08
 Reference value :  9.39656e-08
 Reference value :  9.44856e-08
 Reference value :  9.50456e-08
 Reference value :  9.55856e-08
 Reference value :  9.61056e-08
 Reference value :  9.66656e-08
 Reference value :  9.71656e-08
 Reference value :  9.76856e-08
 Reference value :  9.82656e-08
 Reference value :  9.88856e-08
 Reference value :  9.94856e-08
 Reference value :  9.99856e-08
 Reference value :  1.00526e-07
 Reference value :  1.01126e-07
 Reference value :  1.01766e-07
 Reference value :  1.02426e-07
 Reference value :  1.03086e-07
 Reference value :  1.03706e-07
 Reference value :  1.04326e-07
 Reference value :  1.04946e-07
 Reference value :  1.05586e-07
 Reference value :  1.06186e-07
 Reference value :  1.06806e-07
 Reference value :  1.07406e-07
 Reference value :  1.07966e-07
 Reference value :  1.08486e-07
 Reference value :  1.09026e-07
 Reference value :  1.09626e-07
 Reference value :  1.10166e-07
 Reference value :  1.10806e-07
 Reference value :  1.11326e-07
 Reference value :  1.11946e-07
 Reference value :  1.12566e-07
 Reference value :  1.13186e-07
 Reference value :  1.13806e-07
 Reference value :  1.14446e-07
 Reference value :  1.15066e-07
 Reference value :  1.15626e-07
 Reference value :  1.16186e-07
 Reference value :  1.16766e-07
 Reference value :  1.17406e-07
 Reference value :  1.17946e-07
 Reference value :  1.18466e-07
 Reference value :  1.18946e-07
 Reference value :  1.19566e-07
 Reference value :  1.20226e-07
 Reference value :  1.20866e-07
 Reference value :  1.21406e-07
 Reference value :  1.22026e-07
 Reference value :  1.22666e-07
 Reference value :  1.23286e-07
 Reference value :  1.23926e-07
 Reference value :  1.24566e-07
 Reference value :  1.25206e-07
 Reference value :  1.25826e-07
 Reference value :  1.26426e-07
 Reference value :  1.26986e-07
 Reference value :  1.27466e-07
 Reference value :  1.27986e-07
 Reference value :  1.28526e-07
 Reference value :  1.29046e-07
 Reference value :  1.29586e-07
 Reference value :  1.30106e-07
 Reference value :  1.30626e-07
 Reference value :  1.31146e-07
 Reference value :  1.31666e-07
 Reference value :  1.32186e-07
 Reference value :  1.32726e-07
 Reference value :  1.33266e-07
 Reference value :  1.33786e-07
 Reference value :  1.34306e-07
 Reference value :  1.34826e-07
 Reference value :  1.35366e-07
 Reference value :  1.36006e-07
 Reference value :  1.36626e-07
 Reference value :  1.37266e-07
 Reference value :  1.37926e-07
 Reference value :  1.38606e-07
 Reference value :  1.39226e-07
 Reference value :  1.39906e-07
 Reference value :  1.40546e-07
 Reference value :  1.41166e-07
 Reference value :  1.41786e-07
 Reference value :  1.42406e-07
 Reference value :  1.43046e-07
 Reference value :  1.43646e-07
 Reference value :  1.44246e-07
 Reference value :  1.44826e-07
 Reference value :  1.45426e-07
 Reference value :  1.46046e-07
 Reference value :  1.46626e-07
 Reference value :  1.47166e-07
 Reference value :  1.47706e-07
 Reference value :  1.48206e-07
 Reference value :  1.48786e-07
 Reference value :  1.49406e-07
 Reference value :  1.49966e-07
 Reference value :  1.50546e-07
 Reference value :  1.51166e-07
 Reference value :  1.51786e-07
 Reference value :  1.52426e-07
 Reference value :  1.53046e-07
 Reference value :  1.53566e-07
 Reference value :  1.54126e-07
 Reference value :  1.54706e-07
 Reference value :  1.55306e-07
 Reference value :  1.55866e-07
 Reference value :  1.56386e-07
 Reference value :  1.56926e-07
 Reference value :  1.57506e-07
 Reference value :  1.58046e-07
 Reference value :  1.58606e-07
 Reference value :  1.59126e-07
 Reference value :  1.59686e-07
 Reference value :  1.60226e-07
 Reference value :  1.60806e-07
 Reference value :  1.61386e-07
 Reference value :  1.61946e-07
 Reference value :  1.62466e-07
 Reference value :  1.62966e-07
 Reference value :  1.63546e-07
 Reference value :  1.64066e-07
 Reference value :  1.64586e-07
 Reference value :  1.65106e-07
 Reference value :  1.65626e-07
 Reference value :  1.66166e-07
 Reference value :  1.66686e-07
 Reference value :  1.67206e-07
 Reference value :  1.67746e-07
 Reference value :  1.68286e-07
 Reference value :  1.68826e-07
 Reference value :  1.69366e-07
 Reference value :  1.69886e-07
 Reference value :  1.70426e-07
 Reference value :  1.70966e-07
 Reference value :  1.71486e-07
 Reference value :  1.72006e-07
 Reference value :  1.72526e-07
 Reference value :  1.73046e-07
 Reference value :  1.73546e-07
 Reference value :  1.74046e-07
 Reference value :  1.74606e-07
 Reference value :  1.75126e-07
 Reference value :  1.75686e-07
 Reference value :  1.76206e-07
 Reference value :  1.76706e-07
 Reference value :  1.77246e-07
 Reference value :  1.77766e-07
 Reference value :  1.78266e-07
 Reference value :  1.78786e-07
 Reference value :  1.79326e-07
 Reference value :  1.79846e-07
 Reference value :  1.80386e-07
 Reference value :  1.80906e-07
 Reference value :  1.81406e-07
 Reference value :  1.81946e-07
 Reference value :  1.82486e-07
 Reference value :  1.83006e-07
 Reference value :  1.83546e-07
 Reference value :  1.84086e-07
 Reference value :  1.84586e-07
 Reference value :  1.85106e-07
 Reference value :  1.85646e-07
 Reference value :  1.86166e-07
 Reference value :  1.86686e-07
 Reference value :  1.87226e-07
 Reference value :  1.87726e-07
 Reference value :  1.88266e-07
 Reference value :  1.88786e-07
 Reference value :  1.89286e-07
 Reference value :  1.89806e-07
 Reference value :  1.90326e-07
 Reference value :  1.90846e-07
 Reference value :  1.91366e-07
 Reference value :  1.91886e-07
 Reference value :  1.92386e-07
 Reference value :  1.92926e-07
 Reference value :  1.93426e-07
 Reference value :  1.93946e-07
 Reference value :  1.94446e-07
 Reference value :  1.94986e-07
 Reference value :  1.95486e-07
 Reference value :  1.96006e-07
 Reference value :  1.96526e-07
 Reference value :  1.97046e-07
 Reference value :  1.97586e-07
 Reference value :  1.98106e-07
 Reference value :  1.98626e-07
 Reference value :  1.99166e-07
 Reference value :  1.99706e-07
 Reference value :  2.00226e-07
 Reference value :  2.00766e-07
 Reference value :  2.01286e-07
 Reference value :  2.01806e-07
 Reference value :  2.02326e-07
 Reference value :  2.02846e-07
 Reference value :  2.03366e-07
 Reference value :  2.03906e-07
 Reference value :  2.04426e-07
 Reference value :  2.04926e-07
 Reference value :  2.05446e-07
 Reference value :  2.05966e-07
 Reference value :  2.06466e-07
 Reference value :  2.07006e-07
 Reference value :  2.07506e-07
 Reference value :  2.08026e-07
 Reference value :  2.08546e-07
 Reference value :  2.09066e-07
 Reference value :  2.09606e-07
 Reference value :  2.10106e-07
 Reference value :  2.10606e-07
 Reference value :  2.11146e-07
 Reference value :  2.11686e-07
 Reference value :  2.12186e-07
 Reference value :  2.12706e-07
 Reference value :  2.13226e-07
 Reference value :  2.13726e-07
 Reference value :  2.14266e-07
 Reference value :  2.14746e-07
 Reference value :  2.15286e-07
 Reference value :  2.15826e-07
 Reference value :  2.16366e-07
 Reference value :  2.16906e-07
 Reference value :  2.17446e-07
 Reference value :  2.17986e-07
 Reference value :  2.18506e-07
 Reference value :  2.19066e-07
 Reference value :  2.19606e-07
 Reference value :  2.20146e-07
 Reference value :  2.20686e-07
 Reference value :  2.21206e-07
 Reference value :  2.21746e-07
 Reference value :  2.22286e-07
 Reference value :  2.22786e-07
 Reference value :  2.23326e-07
 Reference value :  2.23846e-07
 Reference value :  2.24386e-07
 Reference value :  2.24906e-07
 Reference value :  2.25426e-07
 Reference value :  2.25966e-07
 Reference value :  2.26506e-07
 Reference value :  2.27046e-07
 Reference value :  2.27566e-07
 Reference value :  2.28046e-07
 Reference value :  2.28546e-07
 Reference value :  2.29086e-07
 Reference value :  2.29626e-07
 Reference value :  2.30186e-07
 Reference value :  2.30786e-07
 Reference value :  2.31426e-07
 Reference value :  2.32106e-07
 Reference value :  2.32726e-07
 Reference value :  2.33266e-07
 Reference value :  2.33786e-07
 Reference value :  2.34326e-07
 Reference value :  2.34886e-07
 Reference value :  2.35426e-07
 Reference value :  2.35966e-07
 Reference value :  2.36506e-07
 Reference value :  2.37066e-07
 Reference value :  2.37566e-07
 Reference value :  2.38186e-07
 Reference value :  2.38806e-07
 Reference value :  2.39446e-07
 Reference value :  2.40086e-07
 Reference value :  2.40666e-07
 Reference value :  2.41286e-07
 Reference value :  2.41886e-07
 Reference value :  2.42506e-07
 Reference value :  2.43146e-07
 Reference value :  2.43786e-07
 Reference value :  2.44386e-07
 Reference value :  2.44946e-07
 Reference value :  2.45486e-07
 Reference value :  2.46006e-07
 Reference value :  2.46566e-07
 Reference value :  2.47106e-07
 Reference value :  2.47626e-07
 Reference value :  2.48106e-07
 Reference value :  2.48686e-07
 Reference value :  2.49266e-07
 Reference value :  2.49806e-07
 Reference value :  2.50406e-07
 Reference value :  2.51046e-07
 Reference value :  2.51706e-07
 Reference value :  2.52386e-07
 Reference value :  2.53006e-07
 Reference value :  2.53626e-07
 Reference value :  2.54246e-07
 Reference value :  2.54886e-07
 Reference value :  2.55486e-07
 Reference value :  2.56126e-07
 Reference value :  2.56766e-07
 Reference value :  2.57366e-07
 Reference value :  2.57986e-07
 Reference value :  2.58666e-07
 Reference value :  2.59226e-07
 Reference value :  2.59786e-07
 Reference value :  2.60386e-07
 Reference value :  2.60986e-07
 Reference value :  2.61446e-07
 Reference value :  2.62046e-07
 Reference value :  2.62666e-07
 Reference value :  2.63306e-07
 Reference value :  2.63946e-07
 Reference value :  2.64606e-07
 Reference value :  2.65246e-07
 Reference value :  2.65846e-07
 Reference value :  2.66326e-07
 Reference value :  2.66866e-07
 Reference value :  2.67486e-07
 Reference value :  2.68106e-07
 Reference value :  2.68666e-07
 Reference value :  2.69206e-07
 Reference value :  2.69746e-07
 Reference value :  2.70286e-07
 Reference value :  2.70926e-07
 Reference value :  2.71586e-07
 Reference value :  2.72266e-07
 Reference value :  2.72926e-07
 Reference value :  2.73586e-07
 Reference value :  2.74246e-07
 Reference value :  2.74906e-07
 Reference value :  2.75566e-07
 Reference value :  2.76206e-07
 Reference value :  2.76826e-07
 Reference value :  2.77466e-07
 Reference value :  2.78106e-07
 Reference value :  2.78706e-07
 Reference value :  2.79246e-07
 Reference value :  2.79766e-07
 Reference value :  2.80246e-07
 Reference value :  2.80866e-07
 Reference value :  2.81446e-07
 Reference value :  2.82026e-07
 Reference value :  2.82646e-07
 Reference value :  2.83286e-07
 Reference value :  2.83906e-07
 Reference value :  2.84466e-07
 Reference value :  2.84926e-07
 Reference value :  2.85346e-07
 Reference value :  2.85966e-07
 Reference value :  2.86566e-07
 Reference value :  2.87166e-07
 Reference value :  2.87706e-07
 Reference value :  2.88306e-07
 Reference value :  2.88906e-07
 Reference value :  2.89426e-07
 Reference value :  2.90006e-07
 Reference value :  2.90566e-07
 Reference value :  2.91126e-07
 Reference value :  2.91666e-07
 Reference value :  2.92186e-07
 Reference value :  2.92746e-07
 Reference value :  2.93306e-07
 Reference value :  2.93906e-07
 Reference value :  2.94446e-07
 Reference value :  2.95046e-07
 Reference value :  2.95606e-07
 Reference value :  2.96166e-07
 Reference value :  2.96746e-07
 Reference value :  2.97226e-07
 Reference value :  2.97786e-07
 Reference value :  2.98366e-07
 Reference value :  2.98886e-07
 Reference value :  2.99406e-07
 Reference value :  3.00006e-07
 Reference value :  3.00526e-07
 Reference value :  3.01046e-07
 Reference value :  3.01546e-07
 Reference value :  3.02066e-07
 Reference value :  3.02566e-07
 Reference value :  3.03086e-07
 Reference value :  3.03626e-07
 Reference value :  3.04126e-07
 Reference value :  3.04646e-07
 Reference value :  3.05166e-07
 Reference value :  3.05686e-07
 Reference value :  3.06206e-07
 Reference value :  3.06706e-07
 Reference value :  3.07226e-07
 Reference value :  3.07766e-07
 Reference value :  3.08266e-07
 Reference value :  3.08806e-07
 Reference value :  3.09326e-07
 Reference value :  3.09846e-07
 Reference value :  3.10366e-07
 Reference value :  3.10906e-07
 Reference value :  3.11426e-07
 Reference value :  3.11946e-07
 Reference value :  3.12466e-07
 Reference value :  3.12986e-07
 Reference value :  3.13486e-07
 Reference value :  3.14006e-07
 Reference value :  3.14506e-07
 Reference value :  3.15026e-07
 Reference value :  3.15546e-07
 Reference value :  3.16066e-07
 Reference value :  3.16586e-07
 Reference value :  3.17126e-07
 Reference value :  3.17646e-07
 Reference value :  3.18166e-07
 Reference value :  3.18706e-07
 Reference value :  3.19206e-07
 Reference value :  3.19726e-07
 Reference value :  3.20306e-07
 Reference value :  3.20866e-07
 Reference value :  3.21406e-07
 Reference value :  3.21966e-07
 Reference value :  3.22486e-07
 Reference value :  3.23006e-07
 Reference value :  3.23546e-07
 Reference value :  3.24086e-07
 Reference value :  3.24626e-07
 Reference value :  3.25146e-07
 Reference value :  3.25706e-07
 Reference value :  3.26226e-07
 Reference value :  3.26746e-07
 Reference value :  3.27326e-07
 Reference value :  3.27846e-07
 Reference value :  3.28346e-07
 Reference value :  3.28906e-07
 Reference value :  3.29446e-07
 Reference value :  3.29966e-07
 Reference value :  3.30486e-07
 Reference value :  3.31006e-07
 Reference value :  3.31566e-07
 Reference value :  3.32126e-07
 Reference value :  3.32666e-07
 Reference value :  3.33226e-07
 Reference value :  3.33806e-07
 Reference value :  3.34306e-07
 Reference value :  3.34826e-07
 Reference value :  3.35366e-07
 Reference value :  3.35906e-07
 Reference value :  3.36546e-07
 Reference value :  3.37206e-07
 Reference value :  3.37906e-07
 Reference value :  3.38586e-07
 Reference value :  3.39286e-07
 Reference value :  3.39966e-07
 Reference value :  3.40606e-07
 Reference value :  3.41266e-07
 Reference value :  3.41946e-07
 Reference value :  3.42606e-07
 Reference value :  3.43266e-07
 Reference value :  3.43926e-07
 Reference value :  3.44586e-07
 Reference value :  3.45266e-07
 Reference value :  3.45946e-07
 Reference value :  3.46566e-07
 Reference value :  3.47146e-07
 Reference value :  3.47746e-07
 Reference value :  3.48366e-07
 Reference value :  3.48966e-07
 Reference value :  3.49606e-07
 Reference value :  3.50166e-07
 Reference value :  3.50706e-07
 Reference value :  3.51226e-07
 Reference value :  3.51806e-07
 Reference value :  3.52426e-07
 Reference value :  3.53026e-07
 Reference value :  3.53626e-07
 Reference value :  3.54226e-07
 Reference value :  3.54826e-07
 Reference value :  3.55346e-07
 Reference value :  3.55866e-07
 Reference value :  3.56386e-07
 Reference value :  3.56806e-07
 Reference value :  3.57346e-07
 Reference value :  3.57886e-07
 Reference value :  3.58546e-07
 Reference value :  3.59186e-07
 Reference value :  3.59826e-07
 Reference value :  3.60426e-07
 Reference value :  3.61046e-07
 Reference value :  3.61666e-07
 Reference value :  3.62266e-07
 Reference value :  3.62886e-07
 Reference value :  3.63506e-07
 Reference value :  3.64046e-07
 Reference value :  3.64546e-07
 Reference value :  3.65086e-07
 Reference value :  3.65686e-07
 Reference value :  3.66286e-07
 Reference value :  3.66866e-07
 Reference value :  3.67426e-07
 Reference value :  3.67966e-07
 Reference value :  3.68466e-07
 Reference value :  3.69006e-07
 Reference value :  3.69526e-07
 Reference value :  3.70046e-07
 Reference value :  3.70566e-07
 Reference value :  3.71066e-07
 Reference value :  3.71546e-07
 Reference value :  3.72026e-07
 Reference value :  3.72546e-07
 Reference value :  3.73086e-07
 Reference value :  3.73666e-07
 Reference value :  3.74186e-07
 Reference value :  3.74706e-07
 Reference value :  3.75226e-07
 Reference value :  3.75726e-07
 Reference value :  3.76246e-07
 Reference value :  3.76786e-07
 Reference value :  3.77386e-07
 Reference value :  3.78006e-07
 Reference value :  3.78626e-07
 Reference value :  3.79286e-07
 Reference value :  3.79926e-07
 Reference value :  3.80526e-07
 Reference value :  3.81126e-07
 Reference value :  3.81726e-07
 Reference value :  3.82346e-07
 Reference value :  3.82966e-07
 Reference value :  3.83586e-07
 Reference value :  3.84126e-07
 Reference value :  3.84646e-07
 Reference value :  3.85146e-07
 Reference value :  3.85686e-07
 Reference value :  3.86206e-07
 Reference value :  3.86706e-07
 Reference value :  3.87186e-07
 Reference value :  3.87766e-07
 Reference value :  3.88266e-07
 Reference value :  3.88866e-07
 Reference value :  3.89466e-07
 Reference value :  3.90066e-07
 Reference value :  3.90666e-07
 Reference value :  3.91286e-07
 Reference value :  3.91906e-07
 Reference value :  3.92506e-07
 Reference value :  3.93066e-07
 Reference value :  3.93646e-07
 Reference value :  3.94126e-07
 Reference value :  3.94626e-07
 Reference value :  3.95166e-07
 Reference value :  3.95686e-07
 Reference value :  3.96246e-07
 Reference value :  3.96786e-07
 Reference value :  3.97366e-07
 Reference value :  3.97886e-07
 Reference value :  3.98406e-07
 Reference value :  3.98906e-07
 Reference value :  3.99466e-07
 Reference value :  3.99906e-07
 Reference value :  4.00406e-07
 Reference value :  4.00946e-07
 Reference value :  4.01486e-07
 Reference value :  4.02026e-07
 Reference value :  4.02566e-07
 Reference value :  4.03086e-07
 Reference value :  4.03626e-07
 Reference value :  4.04146e-07
 Reference value :  4.04686e-07
 Reference value :  4.05206e-07
 Reference value :  4.05746e-07
 Reference value :  4.06286e-07
 Reference value :  4.06806e-07
 Reference value :  4.07366e-07
 Reference value :  4.07906e-07
 Reference value :  4.08426e-07
 Reference value :  4.08946e-07
 Reference value :  4.09486e-07
 Reference value :  4.10006e-07
 Reference value :  4.10566e-07
 Reference value :  4.11086e-07
 Reference value :  4.11566e-07
 Reference value :  4.12066e-07
 Reference value :  4.12606e-07
 Reference value :  4.13186e-07
 Reference value :  4.13686e-07
 Reference value :  4.14206e-07
 Reference value :  4.14726e-07
 Reference value :  4.15266e-07
 Reference value :  4.15786e-07
 Reference value :  4.16286e-07
 Reference value :  4.16806e-07
 Reference value :  4.17326e-07
 Reference value :  4.17846e-07
 Reference value :  4.18366e-07
 Reference value :  4.18926e-07
 Reference value :  4.19466e-07
 Reference value :  4.19966e-07
 Reference value :  4.20486e-07
 Reference value :  4.21006e-07
 Reference value :  4.21546e-07
 Reference value :  4.22066e-07
 Reference value :  4.22586e-07
 Reference value :  4.23106e-07
 Reference value :  4.23646e-07
 Reference value :  4.24166e-07
 Reference value :  4.24646e-07
 Reference value :  4.25166e-07
 Reference value :  4.25666e-07
 Reference value :  4.26186e-07
 Reference value :  4.26706e-07
 Reference value :  4.27206e-07
 Reference value :  4.27726e-07
 Reference value :  4.28246e-07
 Reference value :  4.28766e-07
 Reference value :  4.29266e-07
 Reference value :  4.29786e-07
 Reference value :  4.30306e-07
 Reference value :  4.30806e-07
 Reference value :  4.31346e-07
 Reference value :  4.31846e-07
 Reference value :  4.32366e-07
 Reference value :  4.32886e-07
 Reference value :  4.33406e-07
 Reference value :  4.33966e-07
 Reference value :  4.34546e-07
 Reference value :  4.35086e-07
 Reference value :  4.35686e-07
 Reference value :  4.36326e-07
 Reference value :  4.36926e-07
 Reference value :  4.37526e-07
 Reference value :  4.38126e-07
 Reference value :  4.38646e-07
 Reference value :  4.39266e-07
 Reference value :  4.39866e-07
 Reference value :  4.40446e-07
 Reference value :  4.41026e-07
 Reference value :  4.41626e-07
 Reference value :  4.42046e-07
 Reference value :  4.42546e-07
 Reference value :  4.43066e-07
 Reference value :  4.43586e-07
 Reference value :  4.44146e-07
 Reference value :  4.44746e-07
 Reference value :  4.45326e-07
 Reference value :  4.45906e-07
 Reference value :  4.46506e-07
 Reference value :  4.47106e-07
 Reference value :  4.47666e-07
 Reference value :  4.48286e-07
 Reference value :  4.48866e-07
 Reference value :  4.49466e-07
 Reference value :  4.50066e-07
 Reference value :  4.50666e-07
 Reference value :  4.51246e-07
 Reference value :  4.51786e-07
 Reference value :  4.52306e-07
 Reference value :  4.52826e-07
 Reference value :  4.53346e-07
 Reference value :  4.53866e-07
 Reference value :  4.54346e-07
 Reference value :  4.54966e-07
 Reference value :  4.55566e-07
 Reference value :  4.56166e-07
 Reference value :  4.56746e-07
 Reference value :  4.57346e-07
 Reference value :  4.57946e-07
 Reference value :  4.58566e-07
 Reference value :  4.59146e-07
 Reference value :  4.59766e-07
 Reference value :  4.60366e-07
 Reference value :  4.60946e-07
 Reference value :  4.61546e-07
 Reference value :  4.62126e-07
 Reference value :  4.62726e-07
 Reference value :  4.63266e-07
 Reference value :  4.63786e-07
 Reference value :  4.64386e-07
 Reference value :  4.64966e-07
 Reference value :  4.65486e-07
 Reference value :  4.66006e-07
 Reference value :  4.66506e-07
 Reference value :  4.67006e-07
 Reference value :  4.67526e-07
 Reference value :  4.68046e-07
 Reference value :  4.68546e-07
 Reference value :  4.69026e-07
 Reference value :  4.69526e-07
 Reference value :  4.70006e-07
 Reference value :  4.70506e-07
 Reference value :  4.71006e-07
 Reference value :  4.71606e-07
 Reference value :  4.72226e-07
 Reference value :  4.72846e-07
 Reference value :  4.73326e-07
 Reference value :  4.73866e-07
 Reference value :  4.74486e-07
 Reference value :  4.75026e-07
 Reference value :  4.75566e-07
 Reference value :  4.76186e-07
 Reference value :  4.76726e-07
 Reference value :  4.77246e-07
 Reference value :  4.77726e-07
 Reference value :  4.78246e-07
 Reference value :  4.78706e-07
 Reference value :  4.79286e-07
 Reference value :  4.79886e-07
 Reference value :  4.80486e-07
 Reference value :  4.81086e-07
 Reference value :  4.81586e-07
 Reference value :  4.82046e-07
 Reference value :  4.82486e-07
 Reference value :  4.82986e-07
 Reference value :  4.83546e-07
 Reference value :  4.84146e-07
 Reference value :  4.84726e-07
 Reference value :  4.85286e-07
 Reference value :  4.85806e-07
 Reference value :  4.86386e-07
 Reference value :  4.86986e-07
 Reference value :  4.87586e-07
 Reference value :  4.88186e-07
 Reference value :  4.88786e-07
 Reference value :  4.89326e-07
 Reference value :  4.89946e-07
 Reference value :  4.90586e-07
 Reference value :  4.91186e-07
 Reference value :  4.91766e-07
 Reference value :  4.92366e-07
 Reference value :  4.92946e-07
 Reference value :  4.93546e-07
 Reference value :  4.94146e-07
 Reference value :  4.94666e-07
 Reference value :  4.95186e-07
 Reference value :  4.95686e-07
 Reference value :  4.96286e-07
 Reference value :  4.96866e-07
 Reference value :  4.97446e-07
 Reference value :  4.98066e-07
 Reference value :  4.98646e-07
 Reference value :  4.99246e-07
 Reference value :  4.99766e-07
 Reference value :  5.00246e-07
 Reference value :  5.00846e-07
 Reference value :  5.01446e-07
 Reference value :  5.02026e-07
 Reference value :  5.02606e-07
 Reference value :  5.03206e-07
 Reference value :  5.03786e-07
 Reference value :  5.04306e-07
 Reference value :  5.04826e-07
 Reference value :  5.05366e-07
 Reference value :  5.05926e-07
 Reference value :  5.06446e-07
 Reference value :  5.06946e-07
 Reference value :  5.07526e-07
 Reference value :  5.08126e-07
 Reference value :  5.08726e-07
 Reference value :  5.09346e-07
 Reference value :  5.09946e-07
 Reference value :  5.10546e-07
 Reference value :  5.11166e-07
 Reference value :  5.11746e-07
 Reference value :  5.12286e-07
 Reference value :  5.12846e-07
 Reference value :  5.13346e-07
 Reference value :  5.13886e-07
 Reference value :  5.14446e-07
 Reference value :  5.14966e-07
 Reference value :  5.15466e-07
 Reference value :  5.16026e-07
 Reference value :  5.16606e-07
 Reference value :  5.17146e-07
 Reference value :  5.17706e-07
 Reference value :  5.18266e-07
 Reference value :  5.18806e-07
 Reference value :  5.19346e-07
 Reference value :  5.19886e-07
 Reference value :  5.20426e-07
 Reference value :  5.20966e-07
 Reference value :  5.21526e-07
 Reference value :  5.22086e-07
 Reference value :  5.22646e-07
 Reference value :  5.23186e-07
 Reference value :  5.23786e-07
 Reference value :  5.24326e-07
 Reference value :  5.24886e-07
 Reference value :  5.25406e-07
 Reference value :  5.25986e-07
 Reference value :  5.26566e-07
 Reference value :  5.27126e-07
 Reference value :  5.27686e-07
 Reference value :  5.28246e-07
 Reference value :  5.28786e-07
 Reference value :  5.29326e-07
 Reference value :  5.29886e-07
 Reference value :  5.30386e-07
 Reference value :  5.30946e-07
 Reference value :  5.31506e-07
 Reference value :  5.32046e-07
 Reference value :  5.32606e-07
 Reference value :  5.33146e-07
 Reference value :  5.33706e-07
 Reference value :  5.34286e-07
 Reference value :  5.34846e-07
 Reference value :  5.35406e-07
 Reference value :  5.35966e-07
 Reference value :  5.36506e-07
 Reference value :  5.37066e-07
 Reference value :  5.37626e-07
 Reference value :  5.38146e-07
 Reference value :  5.38686e-07
 Reference value :  5.39266e-07
 Reference value :  5.39806e-07
 Reference value :  5.40386e-07
 Reference value :  5.40966e-07
 Reference value :  5.41506e-07
 Reference value :  5.42046e-07
 Reference value :  5.42586e-07
 Reference value :  5.43126e-07
 Reference value :  5.43686e-07
 Reference value :  5.44246e-07
 Reference value :  5.44846e-07
 Reference value :  5.45506e-07
 Reference value :  5.46106e-07
 Reference value :  5.46706e-07
 Reference value :  5.47346e-07
 Reference value :  5.47966e-07
 Reference value :  5.48586e-07
 Reference value :  5.49166e-07
 Reference value :  5.49806e-07
 Reference value :  5.50386e-07
 Reference value :  5.50886e-07
 Reference value :  5.51366e-07
 Reference value :  5.51866e-07
 Reference value :  5.52386e-07
 Reference value :  5.52946e-07
 Reference value :  5.53446e-07
 Reference value :  5.53946e-07
 Reference value :  5.54466e-07
 Reference value :  5.54986e-07
 Reference value :  5.55526e-07
 Reference value :  5.56126e-07
 Reference value :  5.56726e-07
 Reference value :  5.57326e-07
 Reference value :  5.57926e-07
 Reference value :  5.58526e-07
 Reference value :  5.59106e-07
 Reference value :  5.59666e-07
 Reference value :  5.60246e-07
 Reference value :  5.60766e-07
 Reference value :  5.61386e-07
 Reference value :  5.61986e-07
 Reference value :  5.62546e-07
 Reference value :  5.63146e-07
 Reference value :  5.63766e-07
 Reference value :  5.64326e-07
 Reference value :  5.64846e-07
 Reference value :  5.65466e-07
 Reference value :  5.66066e-07
 Reference value :  5.66646e-07
 Reference value :  5.67266e-07
 Reference value :  5.67866e-07
 Reference value :  5.68466e-07
 Reference value :  5.68906e-07
 Reference value :  5.69366e-07
 Reference value :  5.69886e-07
 Reference value :  5.70506e-07
 Reference value :  5.71086e-07
 Reference value :  5.71686e-07
 Reference value :  5.72266e-07
 Reference value :  5.72786e-07
 Reference value :  5.73286e-07
 Reference value :  5.73826e-07
 Reference value :  5.74346e-07
 Reference value :  5.74946e-07
 Reference value :  5.75546e-07
 Reference value :  5.76146e-07
 Reference value :  5.76746e-07
 Reference value :  5.77266e-07
 Reference value :  5.77766e-07
 Reference value :  5.78226e-07
 Reference value :  5.78786e-07
 Reference value :  5.79346e-07
 Reference value :  5.79906e-07
 Reference value :  5.80446e-07
 Reference value :  5.81046e-07
 Reference value :  5.81586e-07
 Reference value :  5.82146e-07
 Reference value :  5.82766e-07
 Reference value :  5.83306e-07
 Reference value :  5.83806e-07
 Reference value :  5.84266e-07
 Reference value :  5.84806e-07
 Reference value :  5.85386e-07
 Reference value :  5.85886e-07
 Reference value :  5.86486e-07
 Reference value :  5.87046e-07
 Reference value :  5.87566e-07
 Reference value :  5.88126e-07
 Reference value :  5.88706e-07
 Reference value :  5.89286e-07
 Reference value :  5.89866e-07
 Reference value :  5.90446e-07
 Reference value :  5.91026e-07
 Reference value :  5.91586e-07
 Reference value :  5.92206e-07
 Reference value :  5.92806e-07
 Reference value :  5.93386e-07
 Reference value :  5.93986e-07
 Reference value :  5.94546e-07
 Reference value :  5.95146e-07
 Reference value :  5.95706e-07
 Reference value :  5.96246e-07
 Reference value :  5.96846e-07
 Reference value :  5.97426e-07
 Reference value :  5.98026e-07
 Reference value :  5.98566e-07
 Reference value :  5.99126e-07
 Reference value :  5.99686e-07
 Reference value :  6.00286e-07
 Reference value :  6.00886e-07
 Reference value :  6.01466e-07
 Reference value :  6.01946e-07
 Reference value :  6.02466e-07
 Reference value :  6.03046e-07
 Reference value :  6.03646e-07
 Reference value :  6.04246e-07
 Reference value :  6.04846e-07
 Reference value :  6.05466e-07
 Reference value :  6.06026e-07
 Reference value :  6.06566e-07
 Reference value :  6.07006e-07
 Reference value :  6.07586e-07
 Reference value :  6.08166e-07
 Reference value :  6.08746e-07
 Reference value :  6.09306e-07
 Reference value :  6.09946e-07
 Reference value :  6.10546e-07
 Reference value :  6.11126e-07
 Reference value :  6.11626e-07
 Reference value :  6.12146e-07
 Reference value :  6.12626e-07
 Reference value :  6.13166e-07
 Reference value :  6.13686e-07
 Reference value :  6.14186e-07
 Reference value :  6.14686e-07
 Reference value :  6.15226e-07
 Reference value :  6.15786e-07
 Reference value :  6.16386e-07
 Reference value :  6.16946e-07
 Reference value :  6.17506e-07
 Reference value :  6.18046e-07
 Reference value :  6.18646e-07
 Reference value :  6.19166e-07
 Reference value :  6.19766e-07
 Reference value :  6.20386e-07
 Reference value :  6.20986e-07
 Reference value :  6.21546e-07
 Reference value :  6.22146e-07
 Reference value :  6.22666e-07
 Reference value :  6.23246e-07
 Reference value :  6.23866e-07
 Reference value :  6.24466e-07
 Reference value :  6.25026e-07
 Reference value :  6.25426e-07
 Reference value :  6.25986e-07
 Reference value :  6.26586e-07
 Reference value :  6.27166e-07
 Reference value :  6.27706e-07
 Reference value :  6.28186e-07
 Reference value :  6.28726e-07
 Reference value :  6.29246e-07
 Reference value :  6.29846e-07
 Reference value :  6.30406e-07
 Reference value :  6.30926e-07
 Reference value :  6.31506e-07
 Reference value :  6.32066e-07
 Reference value :  6.32586e-07
 Reference value :  6.33146e-07
 Reference value :  6.33686e-07
 Reference value :  6.34226e-07
 Reference value :  6.34846e-07
 Reference value :  6.35466e-07
 Reference value :  6.36066e-07
 Reference value :  6.36566e-07
 Reference value :  6.37146e-07
 Reference value :  6.37726e-07
 Reference value :  6.38286e-07
 Reference value :  6.38886e-07
 Reference value :  6.39346e-07
 Reference value :  6.39806e-07
 Reference value :  6.40426e-07
 Reference value :  6.41026e-07
 Reference value :  6.41626e-07
 Reference value :  6.42226e-07
 Reference value :  6.42786e-07
 Reference value :  6.43406e-07
 Reference value :  6.44026e-07
 Reference value :  6.44646e-07
 Reference value :  6.45246e-07
 Reference value :  6.45886e-07
 Reference value :  6.46506e-07
 Reference value :  6.47146e-07
 Reference value :  6.47746e-07
 Reference value :  6.48326e-07
 Reference value :  6.48946e-07
 Reference value :  6.49566e-07
 Reference value :  6.50126e-07
 Reference value :  6.50746e-07
 Reference value :  6.51286e-07
 Reference value :  6.51906e-07
 Reference value :  6.52506e-07
 Reference value :  6.53106e-07
 Reference value :  6.53706e-07
 Reference value :  6.54286e-07
 Reference value :  6.54866e-07
 Reference value :  6.55426e-07
 Reference value :  6.55966e-07
 Reference value :  6.56566e-07
 Reference value :  6.57086e-07
 Reference value :  6.57626e-07
 Reference value :  6.58186e-07
 Reference value :  6.58726e-07
 Reference value :  6.59246e-07
 Reference value :  6.59766e-07
 Reference value :  6.60346e-07
 Reference value :  6.60926e-07
 Reference value :  6.61546e-07
 Reference value :  6.62166e-07
 Reference value :  6.62766e-07
 Reference value :  6.63286e-07
 Reference value :  6.63906e-07
 Reference value :  6.64546e-07
 Reference value :  6.65126e-07
 Reference value :  6.65666e-07
 Reference value :  6.66306e-07
 Reference value :  6.66946e-07
 Reference value :  6.67546e-07
 Reference value :  6.68046e-07
 Reference value :  6.68626e-07
 Reference value :  6.69226e-07
 Reference value :  6.69826e-07
 Reference value :  6.70446e-07
 Reference value :  6.71066e-07
 Reference value :  6.71646e-07
 Reference value :  6.72246e-07
 Reference value :  6.72846e-07
 Reference value :  6.73346e-07
 Reference value :  6.73866e-07
 Reference value :  6.74406e-07
 Reference value :  6.74986e-07
 Reference value :  6.75626e-07
 Reference value :  6.76186e-07
 Reference value :  6.76786e-07
 Reference value :  6.77326e-07
 Reference value :  6.77886e-07
 Reference value :  6.78486e-07
 Reference value :  6.79066e-07
 Reference value :  6.79646e-07
 Reference value :  6.80126e-07
 Reference value :  6.80726e-07
 Reference value :  6.81326e-07
 Reference value :  6.81946e-07
 Reference value :  6.82546e-07
 Reference value :  6.83126e-07
 Reference value :  6.83726e-07
 Reference value :  6.84326e-07
 Reference value :  6.84886e-07
 Reference value :  6.85406e-07
 Reference value :  6.86006e-07
 Reference value :  6.86586e-07
 Reference value :  6.87126e-07
 Reference value :  6.87726e-07
 Reference value :  6.88326e-07
 Reference value :  6.88906e-07
 Reference value :  6.89386e-07
 Reference value :  6.89986e-07
 Reference value :  6.90606e-07
 Reference value :  6.91226e-07
 Reference value :  6.91826e-07
 Reference value :  6.92366e-07
 Reference value :  6.92926e-07
 Reference value :  6.93506e-07
 Reference value :  6.94066e-07
 Reference value :  6.94666e-07
 Reference value :  6.95266e-07
 Reference value :  6.95886e-07
 Reference value :  6.96506e-07
 Reference value :  6.97126e-07
 Reference value :  6.97666e-07
 Reference value :  6.98246e-07
 Reference value :  6.98786e-07
 Reference value :  6.99386e-07
 Reference value :  6.99966e-07
 Reference value :  7.00486e-07
 Reference value :  7.01006e-07
 Reference value :  7.01546e-07
 Reference value :  7.02126e-07
 Reference value :  7.02726e-07
 Reference value :  7.03206e-07
 Reference value :  7.03746e-07
 Reference value :  7.04366e-07
 Reference value :  7.04966e-07
 Reference value :  7.05526e-07
 Reference value :  7.06106e-07
 Reference value :  7.06706e-07
 Reference value :  7.07286e-07
 Reference value :  7.07826e-07
 Reference value :  7.08306e-07
 Reference value :  7.08766e-07
 Reference value :  7.09286e-07
 Reference value :  7.09906e-07
 Reference value :  7.10466e-07
 Reference value :  7.10986e-07
 Reference value :  7.11606e-07
 Reference value :  7.12206e-07
 Reference value :  7.12786e-07
 Reference value :  7.13346e-07
 Reference value :  7.13906e-07
 Reference value :  7.14466e-07
 Reference value :  7.15046e-07
 Reference value :  7.15646e-07
 Reference value :  7.16186e-07
 Reference value :  7.16686e-07
 Reference value :  7.17266e-07
 Reference value :  7.17846e-07
 Reference value :  7.18426e-07
 Reference value :  7.18986e-07
 Reference value :  7.19546e-07
 Reference value :  7.20126e-07
 Reference value :  7.20666e-07
 Reference value :  7.21226e-07
 Reference value :  7.21806e-07
 Reference value :  7.22286e-07
 Reference value :  7.22846e-07
 Reference value :  7.23446e-07
 Reference value :  7.24046e-07
 Reference value :  7.24646e-07
 Reference value :  7.25206e-07
 Reference value :  7.25766e-07
 Reference value :  7.26346e-07
 Reference value :  7.26926e-07
 Reference value :  7.27486e-07
 Reference value :  7.28046e-07
 Reference value :  7.28646e-07
 Reference value :  7.29186e-07
 Reference value :  7.29706e-07
 Reference value :  7.30246e-07
 Reference value :  7.30766e-07
 Reference value :  7.31286e-07
 Reference value :  7.31866e-07
 Reference value :  7.32466e-07
 Reference value :  7.32986e-07
 Reference value :  7.33566e-07
 Reference value :  7.34166e-07
 Reference value :  7.34746e-07
 Reference value :  7.35326e-07
 Reference value :  7.35926e-07
 Reference value :  7.36446e-07
 Reference value :  7.36946e-07
 Reference value :  7.37446e-07
 Reference value :  7.38046e-07
 Reference value :  7.38466e-07
 Reference value :  7.39066e-07
 Reference value :  7.39626e-07
 Reference value :  7.40186e-07
 Reference value :  7.40806e-07
 Reference value :  7.41426e-07
 Reference value :  7.42006e-07
 Reference value :  7.42606e-07
 Reference value :  7.43206e-07
 Reference value :  7.43766e-07
 Reference value :  7.44366e-07
 Reference value :  7.44946e-07
 Reference value :  7.45526e-07
 Reference value :  7.46026e-07
 Reference value :  7.46566e-07
 Reference value :  7.47086e-07
 Reference value :  7.47686e-07
 Reference value :  7.48266e-07
 Reference value :  7.48786e-07
 Reference value :  7.49286e-07
 Reference value :  7.49866e-07
 Reference value :  7.50346e-07
 Reference value :  7.50926e-07
 Reference value :  7.51446e-07
 Reference value :  7.52006e-07
 Reference value :  7.52566e-07
 Reference value :  7.53146e-07
 Reference value :  7.53606e-07
 Reference value :  7.54146e-07
 Reference value :  7.54726e-07
 Reference value :  7.55286e-07
 Reference value :  7.55766e-07
 Reference value :  7.56386e-07
 Reference value :  7.57006e-07
 Reference value :  7.57566e-07
 Reference value :  7.58186e-07
 Reference value :  7.58806e-07
 Reference value :  7.59406e-07
 Reference value :  7.60006e-07
 Reference value :  7.60546e-07
 Reference value :  7.61086e-07
 Reference value :  7.61646e-07
 Reference value :  7.62246e-07
 Reference value :  7.62866e-07
 Reference value :  7.63426e-07
 Reference value :  7.63946e-07
 Reference value :  7.64466e-07
 Reference value :  7.65006e-07
 Reference value :  7.65586e-07
 Reference value :  7.66166e-07
 Reference value :  7.66666e-07
 Reference value :  7.67266e-07
 Reference value :  7.67866e-07
 Reference value :  7.68406e-07
 Reference value :  7.68946e-07
 Reference value :  7.69506e-07
 Reference value :  7.70106e-07
 Reference value :  7.70626e-07
 Reference value :  7.71206e-07
 Reference value :  7.71746e-07
 Reference value :  7.72346e-07
 Reference value :  7.72946e-07
 Reference value :  7.73526e-07
 Reference value :  7.74046e-07
 Reference value :  7.74626e-07
 Reference value :  7.75246e-07
 Reference value :  7.75826e-07
 Reference value :  7.76426e-07
 Reference value :  7.77006e-07
 Reference value :  7.77566e-07
 Reference value :  7.78166e-07
 Reference value :  7.78746e-07
 Reference value :  7.79326e-07
 Reference value :  7.79886e-07
 Reference value :  7.80466e-07
 Reference value :  7.80986e-07
 Reference value :  7.81526e-07
 Reference value :  7.81986e-07
 Reference value :  7.82506e-07
 Reference value :  7.83026e-07
 Reference value :  7.83546e-07
 Reference value :  7.83966e-07
 Reference value :  7.84446e-07
 Reference value :  7.84966e-07
 Reference value :  7.85466e-07
 Reference value :  7.86046e-07
 Reference value :  7.86626e-07
 Reference value :  7.87186e-07
 Reference value :  7.87726e-07
 Reference value :  7.88246e-07
 Reference value :  7.88746e-07
 Reference value :  7.89286e-07
 Reference value :  7.89886e-07
 Reference value :  7.90486e-07
 Reference value :  7.91086e-07
 Reference value :  7.91686e-07
 Reference value :  7.92266e-07
 Reference value :  7.92846e-07
 Reference value :  7.93466e-07
 Reference value :  7.94086e-07
 Reference value :  7.94686e-07
 Reference value :  7.95246e-07
 Reference value :  7.95826e-07
 Reference value :  7.96406e-07
 Reference value :  7.97006e-07
 Reference value :  7.97606e-07
 Reference value :  7.98126e-07
 Reference value :  7.98686e-07
 Reference value :  7.99266e-07
 Reference value :  7.99846e-07
 Reference value :  8.00466e-07
 Reference value :  8.01046e-07
 Reference value :  8.01586e-07
 Reference value :  8.02126e-07
 Reference value :  8.02686e-07
 Reference value :  8.03286e-07
 Reference value :  8.03866e-07
 Reference value :  8.04466e-07
 Reference value :  8.04986e-07
 Reference value :  8.05586e-07
 Reference value :  8.06226e-07
 Reference value :  8.06846e-07
 Reference value :  8.07426e-07
 Reference value :  8.08006e-07
 Reference value :  8.08526e-07
 Reference value :  8.09026e-07
 Reference value :  8.09546e-07
 Reference value :  8.10066e-07
 Reference value :  8.10606e-07
 Reference value :  8.11186e-07
 Reference value :  8.11726e-07
 Reference value :  8.12326e-07
 Reference value :  8.12906e-07
 Reference value :  8.13526e-07
 Reference value :  8.14146e-07
 Reference value :  8.14726e-07
 Reference value :  8.15266e-07
 Reference value :  8.15846e-07
 Reference value :  8.16426e-07
 Reference value :  8.17026e-07
 Reference value :  8.17606e-07
 Reference value :  8.18166e-07
 Reference value :  8.18766e-07
 Reference value :  8.19366e-07
 Reference value :  8.19946e-07
 Reference value :  8.20546e-07
 Reference value :  8.21106e-07
 Reference value :  8.21686e-07
 Reference value :  8.22286e-07
 Reference value :  8.22846e-07
 Reference value :  8.23426e-07
 Reference value :  8.23966e-07
 Reference value :  8.24566e-07
 Reference value :  8.25086e-07
 Reference value :  8.25666e-07
 Reference value :  8.26166e-07
 Reference value :  8.26686e-07
 Reference value :  8.27286e-07
 Reference value :  8.27806e-07
 Reference value :  8.28366e-07
 Reference value :  8.28966e-07
 Reference value :  8.29586e-07
 Reference value :  8.30126e-07
 Reference value :  8.30726e-07
 Reference value :  8.31306e-07
 Reference value :  8.31846e-07
 Reference value :  8.32406e-07
 Reference value :  8.33006e-07
 Reference value :  8.33586e-07
 Reference value :  8.34146e-07
 Reference value :  8.34726e-07
 Reference value :  8.35246e-07
 Reference value :  8.35826e-07
 Reference value :  8.36406e-07
 Reference value :  8.36926e-07
 Reference value :  8.37526e-07
 Reference value :  8.38066e-07
 Reference value :  8.38566e-07
 Reference value :  8.39086e-07
 Reference value :  8.39686e-07
 Reference value :  8.40286e-07
 Reference value :  8.40866e-07
 Reference value :  8.41446e-07
 Reference value :  8.42026e-07
 Reference value :  8.42646e-07
 Reference value :  8.43206e-07
 Reference value :  8.43786e-07
 Reference value :  8.44406e-07
 Reference value :  8.44966e-07
 Reference value :  8.45466e-07
 Reference value :  8.46066e-07
 Reference value :  8.46606e-07
 Reference value :  8.47166e-07
 Reference value :  8.47686e-07
 Reference value :  8.48226e-07
 Reference value :  8.48786e-07
 Reference value :  8.49366e-07
 Reference value :  8.49946e-07
 Reference value :  8.50526e-07
 Reference value :  8.51106e-07
 Reference value :  8.51646e-07
 Reference value :  8.52266e-07
 Reference value :  8.52886e-07
 Reference value :  8.53486e-07
 Reference value :  8.54006e-07
 Reference value :  8.54466e-07
 Reference value :  8.55006e-07
 Reference value :  8.55566e-07
 Reference value :  8.56066e-07
 Reference value :  8.56646e-07
 Reference value :  8.57166e-07
 Reference value :  8.57786e-07
 Reference value :  8.58366e-07
 Reference value :  8.58946e-07
 Reference value :  8.59506e-07
 Reference value :  8.60086e-07
 Reference value :  8.60686e-07
 Reference value :  8.61286e-07
 Reference value :  8.61826e-07
 Reference value :  8.62406e-07
 Reference value :  8.62946e-07
 Reference value :  8.63526e-07
 Reference value :  8.64006e-07
 Reference value :  8.64546e-07
 Reference value :  8.65086e-07
 Reference value :  8.65666e-07
 Reference value :  8.66266e-07
 Reference value :  8.66826e-07
 Reference value :  8.67366e-07
 Reference value :  8.67986e-07
 Reference value :  8.68546e-07
 Reference value :  8.69046e-07
 Reference value :  8.69606e-07
 Reference value :  8.70086e-07
 Reference value :  8.70706e-07
 Reference value :  8.71306e-07
 Reference value :  8.71906e-07
 Reference value :  8.72486e-07
 Reference value :  8.73046e-07
 Reference value :  8.73646e-07
 Reference value :  8.74246e-07
 Reference value :  8.74806e-07
 Reference value :  8.75326e-07
 Reference value :  8.75886e-07
 Reference value :  8.76486e-07
 Reference value :  8.77026e-07
 Reference value :  8.77546e-07
 Reference value :  8.78126e-07
 Reference value :  8.78706e-07
 Reference value :  8.79246e-07
 Reference value :  8.79826e-07
 Reference value :  8.80386e-07
 Reference value :  8.80946e-07
 Reference value :  8.81506e-07
 Reference value :  8.82106e-07
 Reference value :  8.82706e-07
 Reference value :  8.83306e-07
 Reference value :  8.83886e-07
 Reference value :  8.84446e-07
 Reference value :  8.85026e-07
 Reference value :  8.85606e-07
 Reference value :  8.86106e-07
 Reference value :  8.86646e-07
 Reference value :  8.87206e-07
 Reference value :  8.87706e-07
 Reference value :  8.88206e-07
 Reference value :  8.88786e-07
 Reference value :  8.89366e-07
 Reference value :  8.89926e-07
 Reference value :  8.90506e-07
 Reference value :  8.91086e-07
 Reference value :  8.91686e-07
 Reference value :  8.92306e-07
 Reference value :  8.92846e-07
 Reference value :  8.93386e-07
 Reference value :  8.93906e-07
 Reference value :  8.94406e-07
 Reference value :  8.94946e-07
 Reference value :  8.95506e-07
 Reference value :  8.96066e-07
 Reference value :  8.96686e-07
 Reference value :  8.97226e-07
 Reference value :  8.97746e-07
 Reference value :  8.98286e-07
 Reference value :  8.98806e-07
 Reference value :  8.99406e-07
 Reference value :  9.00026e-07
 Reference value :  9.00646e-07
 Reference value :  9.01246e-07
 Reference value :  9.01846e-07
 Reference value :  9.02466e-07
 Reference value :  9.03046e-07
 Reference value :  9.03626e-07
 Reference value :  9.04086e-07
 Reference value :  9.04686e-07
 Reference value :  9.05246e-07
 Reference value :  9.05846e-07
 Reference value :  9.06386e-07
 Reference value :  9.06986e-07
 Reference value :  9.07586e-07
 Reference value :  9.08146e-07
 Reference value :  9.08726e-07
 Reference value :  9.09306e-07
 Reference value :  9.09846e-07
 Reference value :  9.10426e-07
 Reference value :  9.10946e-07
 Reference value :  9.11486e-07
 Reference value :  9.12006e-07
 Reference value :  9.12526e-07
 Reference value :  9.13046e-07
 Reference value :  9.13646e-07
 Reference value :  9.14226e-07
 Reference value :  9.14806e-07
 Reference value :  9.15366e-07
 Reference value :  9.15966e-07
 Reference value :  9.16526e-07
 Reference value :  9.17166e-07
 Reference value :  9.17766e-07
 Reference value :  9.18366e-07
 Reference value :  9.18906e-07
 Reference value :  9.19426e-07
 Reference value :  9.19946e-07
 Reference value :  9.20546e-07
 Reference value :  9.21106e-07
 Reference value :  9.21606e-07
 Reference value :  9.22106e-07
 Reference value :  9.22646e-07
 Reference value :  9.23226e-07
 Reference value :  9.23846e-07
 Reference value :  9.24446e-07
 Reference value :  9.24966e-07
 Reference value :  9.25306e-07
 Reference value :  9.25726e-07
 Reference value :  9.26266e-07
 Reference value :  9.26746e-07
 Reference value :  9.27306e-07
 Reference value :  9.27866e-07
 Reference value :  9.28426e-07
 Reference value :  9.29026e-07
 Reference value :  9.29586e-07
 Reference value :  9.30166e-07
 Reference value :  9.30726e-07
 Reference value :  9.31306e-07
 Reference value :  9.31906e-07
 Reference value :  9.32426e-07
 Reference value :  9.32986e-07
 Reference value :  9.33566e-07
 Reference value :  9.34126e-07
 Reference value :  9.34666e-07
 Reference value :  9.35246e-07
 Reference value :  9.35826e-07
 Reference value :  9.36386e-07
 Reference value :  9.36946e-07
 Reference value :  9.37486e-07
 Reference value :  9.37986e-07
 Reference value :  9.38586e-07
 Reference value :  9.39206e-07
 Reference value :  9.39806e-07
 Reference value :  9.40406e-07
 Reference value :  9.41006e-07
 Reference value :  9.41566e-07
 Reference value :  9.42186e-07
 Reference value :  9.42746e-07
 Reference value :  9.43326e-07
 Reference value :  9.43926e-07
 Reference value :  9.44526e-07
 Reference value :  9.45086e-07
 Reference value :  9.45706e-07
 Reference value :  9.46286e-07
 Reference value :  9.46906e-07
 Reference value :  9.47506e-07
 Reference value :  9.48106e-07
 Reference value :  9.48646e-07
 Reference value :  9.49106e-07
 Reference value :  9.49686e-07
 Reference value :  9.50286e-07
 Reference value :  9.50846e-07
 Reference value :  9.51346e-07
 Reference value :  9.51946e-07
 Reference value :  9.52526e-07
 Reference value :  9.53046e-07
 Reference value :  9.53546e-07
 Reference value :  9.54166e-07
 Reference value :  9.54746e-07
 Reference value :  9.55326e-07
 Reference value :  9.55906e-07
 Reference value :  9.56506e-07
 Reference value :  9.57066e-07
 Reference value :  9.57686e-07
 Reference value :  9.58266e-07
 Reference value :  9.58766e-07
 Reference value :  9.59346e-07
 Reference value :  9.59946e-07
 Reference value :  9.60546e-07
 Reference value :  9.61146e-07
 Reference value :  9.61726e-07
 Reference value :  9.62306e-07
 Reference value :  9.62866e-07
 Reference value :  9.63446e-07
 Reference value :  9.63986e-07
 Reference value :  9.64486e-07
 Reference value :  9.65006e-07
 Reference value :  9.65506e-07
 Reference value :  9.65986e-07
 Reference value :  9.66566e-07
 Reference value :  9.67146e-07
 Reference value :  9.67726e-07
 Reference value :  9.68266e-07
 Reference value :  9.68786e-07
 Reference value :  9.69266e-07
 Reference value :  9.69746e-07
 Reference value :  9.70266e-07
 Reference value :  9.70766e-07
 Reference value :  9.71286e-07
 Reference value :  9.71886e-07
 Reference value :  9.72426e-07
 Reference value :  9.72986e-07
 Reference value :  9.73506e-07
 Reference value :  9.74006e-07
 Reference value :  9.74526e-07
 Reference value :  9.75126e-07
 Reference value :  9.75746e-07
 Reference value :  9.76326e-07
 Reference value :  9.76906e-07
 Reference value :  9.77446e-07
 Reference value :  9.78006e-07
 Reference value :  9.78586e-07
 Reference value :  9.79166e-07
 Reference value :  9.79766e-07
 Reference value :  9.80346e-07
 Reference value :  9.80926e-07
 Reference value :  9.81466e-07
 Reference value :  9.82066e-07
 Reference value :  9.82606e-07
 Reference value :  9.83106e-07
 Reference value :  9.83666e-07
 Reference value :  9.84286e-07
 Reference value :  9.84886e-07
 Reference value :  9.85466e-07
 Reference value :  9.86066e-07
 Reference value :  9.86646e-07
 Reference value :  9.87206e-07
 Reference value :  9.87746e-07
 Reference value :  9.88286e-07
 Reference value :  9.88866e-07
 Reference value :  9.89426e-07
 Reference value :  9.90046e-07
 Reference value :  9.90626e-07
 Reference value :  9.91206e-07
 Reference value :  9.91766e-07
 Reference value :  9.92366e-07
 Reference value :  9.92886e-07
 Reference value :  9.93466e-07
 Reference value :  9.94046e-07
 Reference value :  9.94546e-07
 Reference value :  9.95146e-07
 Reference value :  9.95726e-07
 Reference value :  9.96286e-07
 Reference value :  9.96786e-07
 Reference value :  9.97286e-07
 Reference value :  9.97786e-07
 Reference value :  9.98266e-07
 Reference value :  9.98666e-07
 Reference value :  9.99186e-07
 Reference value :  9.99726e-07
 Reference value :  1.00035e-06
 Reference value :  1.00087e-06
 Reference value :  1.00145e-06
 Reference value :  1.00197e-06
 Reference value :  1.00251e-06
 Reference value :  1.00309e-06
 Reference value :  1.00361e-06
 Reference value :  1.00413e-06
 Reference value :  1.00467e-06
 Reference value :  1.00527e-06
 Reference value :  1.00583e-06
 Reference value :  1.00643e-06
 Reference value :  1.00699e-06
 Reference value :  1.00763e-06
 Reference value :  1.00823e-06
 Reference value :  1.00883e-06
 Reference value :  1.00945e-06
 Reference value :  1.01003e-06
 Reference value :  1.01059e-06
 Reference value :  1.01113e-06
 Reference value :  1.01163e-06
 Reference value :  1.01213e-06
 Reference value :  1.01267e-06
 Reference value :  1.01325e-06
 Reference value :  1.01373e-06
 Reference value :  1.01423e-06
 Reference value :  1.01479e-06
 Reference value :  1.01537e-06
 Reference value :  1.01595e-06
 Reference value :  1.01651e-06
 Reference value :  1.01705e-06
 Reference value :  1.01765e-06
 Reference value :  1.01817e-06
 Reference value :  1.01871e-06
 Reference value :  1.01929e-06
 Reference value :  1.01985e-06
 Reference value :  1.02037e-06
 Reference value :  1.02089e-06
 Reference value :  1.02149e-06
 Reference value :  1.02205e-06
 Reference value :  1.02263e-06
 Reference value :  1.02325e-06
 Reference value :  1.02383e-06
 Reference value :  1.02441e-06
 Reference value :  1.02497e-06
 Reference value :  1.02543e-06
 Reference value :  1.02603e-06
 Reference value :  1.02665e-06
 Reference value :  1.02719e-06
 Reference value :  1.02779e-06
 Reference value :  1.02839e-06
 Reference value :  1.02883e-06
 Reference value :  1.02943e-06
 Reference value :  1.03003e-06
 Reference value :  1.03057e-06
 Reference value :  1.03111e-06
 Reference value :  1.03163e-06
 Reference value :  1.03221e-06
 Reference value :  1.03277e-06
 Reference value :  1.03329e-06
 Reference value :  1.03385e-06
 Reference value :  1.03441e-06
 Reference value :  1.03499e-06
 Reference value :  1.03553e-06
 Reference value :  1.03607e-06
 Reference value :  1.03663e-06
 Reference value :  1.03719e-06
 Reference value :  1.03773e-06
 Reference value :  1.03825e-06
 Reference value :  1.03875e-06
 Reference value :  1.03927e-06
 Reference value :  1.03983e-06
 Reference value :  1.04039e-06
 Reference value :  1.04091e-06
 Reference value :  1.04139e-06
 Reference value :  1.04193e-06
 Reference value :  1.04247e-06
 Reference value :  1.04303e-06
 Reference value :  1.04361e-06
 Reference value :  1.04421e-06
 Reference value :  1.04473e-06
 Reference value :  1.04535e-06
 Reference value :  1.04583e-06
 Reference value :  1.04643e-06
 Reference value :  1.04699e-06
 Reference value :  1.04759e-06
 Reference value :  1.04815e-06
 Reference value :  1.04871e-06
 Reference value :  1.04931e-06
 Reference value :  1.04989e-06
 Reference value :  1.05043e-06
 Reference value :  1.05105e-06
 Reference value :  1.05157e-06
 Reference value :  1.05213e-06
 Reference value :  1.05273e-06
 Reference value :  1.05327e-06
 Reference value :  1.05383e-06
 Reference value :  1.05441e-06
 Reference value :  1.05493e-06
 Reference value :  1.05549e-06
 Reference value :  1.05607e-06
 Reference value :  1.05665e-06
 Reference value :  1.05723e-06
 Reference value :  1.05781e-06
 Reference value :  1.05841e-06
 Reference value :  1.05895e-06
 Reference value :  1.05951e-06
 Reference value :  1.06007e-06
 Reference value :  1.06061e-06
 Reference value :  1.06119e-06
 Reference value :  1.06173e-06
 Reference value :  1.06229e-06
 Reference value :  1.06287e-06
 Reference value :  1.06347e-06
 Reference value :  1.06405e-06
 Reference value :  1.06457e-06
 Reference value :  1.06507e-06
 Reference value :  1.06559e-06
 Reference value :  1.06611e-06
 Reference value :  1.06663e-06
 Reference value :  1.06711e-06
 Reference value :  1.06763e-06
 Reference value :  1.06813e-06
 Reference value :  1.06865e-06
 Reference value :  1.06917e-06
 Reference value :  1.06969e-06
 Reference value :  1.07025e-06
 Reference value :  1.07079e-06
 Reference value :  1.07131e-06
 Reference value :  1.07183e-06
 Reference value :  1.07237e-06
 Reference value :  1.07291e-06
 Reference value :  1.07345e-06
 Reference value :  1.07401e-06
 Reference value :  1.07453e-06
 Reference value :  1.07507e-06
 Reference value :  1.07557e-06
 Reference value :  1.07613e-06
 Reference value :  1.07665e-06
 Reference value :  1.07717e-06
 Reference value :  1.07771e-06
 Reference value :  1.07825e-06
 Reference value :  1.07877e-06
 Reference value :  1.07929e-06
 Reference value :  1.07981e-06
 Reference value :  1.08031e-06
 Reference value :  1.08083e-06
 Reference value :  1.08135e-06
 Reference value :  1.08187e-06
 Reference value :  1.08239e-06
 Reference value :  1.08289e-06
 Reference value :  1.08343e-06
 Reference value :  1.08397e-06
 Reference value :  1.08447e-06
 Reference value :  1.08497e-06
 Reference value :  1.08549e-06
 Reference value :  1.08599e-06
 Reference value :  1.08647e-06
 Reference value :  1.08701e-06
 Reference value :  1.08755e-06
 Reference value :  1.08807e-06
 Reference value :  1.08857e-06
 Reference value :  1.08909e-06
 Reference value :  1.08961e-06
 Reference value :  1.09013e-06
 Reference value :  1.09065e-06
 Reference value :  1.09115e-06
 Reference value :  1.09167e-06
 Reference value :  1.09217e-06
 Reference value :  1.09269e-06
 Reference value :  1.09323e-06
 Reference value :  1.09375e-06
 Reference value :  1.09429e-06
 Reference value :  1.09481e-06
 Reference value :  1.09533e-06
 Reference value :  1.09585e-06
 Reference value :  1.09639e-06
 Reference value :  1.09687e-06
 Reference value :  1.09737e-06
 Reference value :  1.09791e-06
 Reference value :  1.09843e-06
 Reference value :  1.09899e-06
 Reference value :  1.09951e-06
 Reference value :  1.10003e-06
 Reference value :  1.10055e-06
 Reference value :  1.10107e-06
 Reference value :  1.10161e-06
 Reference value :  1.10211e-06
 Reference value :  1.10265e-06
 Reference value :  1.10313e-06
 Reference value :  1.10365e-06
 Reference value :  1.10415e-06
 Reference value :  1.10467e-06
 Reference value :  1.10519e-06
 Reference value :  1.10571e-06
 Reference value :  1.10621e-06
 Reference value :  1.10673e-06
 Reference value :  1.10723e-06
 Reference value :  1.10773e-06
 Reference value :  1.10823e-06
 Reference value :  1.10875e-06
 Reference value :  1.10927e-06
 Reference value :  1.10979e-06
 Reference value :  1.11031e-06
 Reference value :  1.11081e-06
 Reference value :  1.11133e-06
 Reference value :  1.11185e-06
 Reference value :  1.11235e-06
 Reference value :  1.11287e-06
 Reference value :  1.11339e-06
 Reference value :  1.11391e-06
 Reference value :  1.11441e-06
 Reference value :  1.11491e-06
 Reference value :  1.11541e-06
 Reference value :  1.11593e-06
 Reference value :  1.11645e-06
 Reference value :  1.11697e-06
 Reference value :  1.11749e-06
 Reference value :  1.11801e-06
 Reference value :  1.11855e-06
 Reference value :  1.11907e-06
 Reference value :  1.11961e-06
 Reference value :  1.12011e-06
 Reference value :  1.12065e-06
 Reference value :  1.12117e-06
 Reference value :  1.12167e-06
 Reference value :  1.12223e-06
 Reference value :  1.12273e-06
 Reference value :  1.12323e-06
 Reference value :  1.12375e-06
 Reference value :  1.12427e-06
 Reference value :  1.12479e-06
 Reference value :  1.12531e-06
 Reference value :  1.12581e-06
 Reference value :  1.12631e-06
 Reference value :  1.12685e-06
 Reference value :  1.12739e-06
 Reference value :  1.12791e-06
 Reference value :  1.12843e-06
 Reference value :  1.12893e-06
 Reference value :  1.12945e-06
 Reference value :  1.13001e-06
 Reference value :  1.13051e-06
 Reference value :  1.13103e-06
 Reference value :  1.13155e-06
 Reference value :  1.13203e-06
 Reference value :  1.13255e-06
 Reference value :  1.13305e-06
 Reference value :  1.13357e-06
 Reference value :  1.13407e-06
 Reference value :  1.13459e-06
 Reference value :  1.13511e-06
 Reference value :  1.13563e-06
 Reference value :  1.13613e-06
 Reference value :  1.13663e-06
 Reference value :  1.13715e-06
 Reference value :  1.13765e-06
 Reference value :  1.13815e-06
 Reference value :  1.13867e-06
 Reference value :  1.13917e-06
 Reference value :  1.13967e-06
 Reference value :  1.14019e-06
 Reference value :  1.14069e-06
 Reference value :  1.14119e-06
 Reference value :  1.14171e-06
 Reference value :  1.14219e-06
 Reference value :  1.14271e-06
 Reference value :  1.14321e-06
 Reference value :  1.14373e-06
 Reference value :  1.14427e-06
 Reference value :  1.14477e-06
 Reference value :  1.14529e-06
 Reference value :  1.14581e-06
 Reference value :  1.14631e-06
 Reference value :  1.14683e-06
 Reference value :  1.14735e-06
 Reference value :  1.14785e-06
 Reference value :  1.14833e-06
 Reference value :  1.14883e-06
 Reference value :  1.14935e-06
 Reference value :  1.14987e-06
 Reference value :  1.15041e-06
 Reference value :  1.15091e-06
 Reference value :  1.15143e-06
 Reference value :  1.15193e-06
 Reference value :  1.15243e-06
 Reference value :  1.15293e-06
 Reference value :  1.15345e-06
 Reference value :  1.15399e-06
 Reference value :  1.15449e-06
 Reference value :  1.15499e-06
 Reference value :  1.15551e-06
 Reference value :  1.15601e-06
 Reference value :  1.15653e-06
 Reference value :  1.15703e-06
 Reference value :  1.15755e-06
 Reference value :  1.15807e-06
 Reference value :  1.15857e-06
 Reference value :  1.15911e-06
 Reference value :  1.15961e-06
 Reference value :  1.16011e-06
 Reference value :  1.16059e-06
 Reference value :  1.16111e-06
 Reference value :  1.16161e-06
 Reference value :  1.16211e-06
 Reference value :  1.16261e-06
 Reference value :  1.16313e-06
 Reference value :  1.16365e-06
 Reference value :  1.16415e-06
 Reference value :  1.16467e-06
 Reference value :  1.16519e-06
 Reference value :  1.16571e-06
 Reference value :  1.16621e-06
 Reference value :  1.16673e-06
 Reference value :  1.16725e-06
 Reference value :  1.16777e-06
 Reference value :  1.16827e-06
 Reference value :  1.16879e-06
 Reference value :  1.16929e-06
 Reference value :  1.16979e-06
 Reference value :  1.17033e-06
 Reference value :  1.17085e-06
 Reference value :  1.17137e-06
 Reference value :  1.17189e-06
 Reference value :  1.17241e-06
 Reference value :  1.17293e-06
 Reference value :  1.17343e-06
 Reference value :  1.17395e-06
 Reference value :  1.17445e-06
 Reference value :  1.17497e-06
 Reference value :  1.17549e-06
 Reference value :  1.17599e-06
 Reference value :  1.17651e-06
 Reference value :  1.17705e-06
 Reference value :  1.17759e-06
 Reference value :  1.17811e-06
 Reference value :  1.17861e-06
 Reference value :  1.17911e-06
 Reference value :  1.17963e-06
 Reference value :  1.18013e-06
 Reference value :  1.18065e-06
 Reference value :  1.18115e-06
 Reference value :  1.18165e-06
 Reference value :  1.18215e-06
 Reference value :  1.18267e-06
 Reference value :  1.18319e-06
 Reference value :  1.18371e-06
 Reference value :  1.18421e-06
 Reference value :  1.18471e-06
 Reference value :  1.18523e-06
 Reference value :  1.18575e-06
 Reference value :  1.18627e-06
 Reference value :  1.18677e-06
 Reference value :  1.18729e-06
 Reference value :  1.18779e-06
 Reference value :  1.18831e-06
 Reference value :  1.18883e-06
 Reference value :  1.18935e-06
 Reference value :  1.18987e-06
 Reference value :  1.19039e-06
 Reference value :  1.19091e-06
 Reference value :  1.19143e-06
 Reference value :  1.19195e-06
 Reference value :  1.19247e-06
 Reference value :  1.19299e-06
 Reference value :  1.19351e-06
 Reference value :  1.19403e-06
 Reference value :  1.19455e-06
 Reference value :  1.19507e-06
 Reference value :  1.19559e-06
 Reference value :  1.19611e-06
 Reference value :  1.19665e-06
 Reference value :  1.19715e-06
 Reference value :  1.19767e-06
 Reference value :  1.19819e-06
 Reference value :  1.19869e-06
 Reference value :  1.19919e-06
 Reference value :  1.19971e-06
 Reference value :  1.20021e-06
 Reference value :  1.20073e-06
 Reference value :  1.20125e-06
 Reference value :  1.20175e-06
 Reference value :  1.20225e-06
 Reference value :  1.20277e-06
 Reference value :  1.20327e-06
 Reference value :  1.20375e-06
 Reference value :  1.20425e-06
 Reference value :  1.20477e-06
 Reference value :  1.20531e-06
 Reference value :  1.20583e-06
 Reference value :  1.20637e-06
 Reference value :  1.20689e-06
 Reference value :  1.20741e-06
 Reference value :  1.20793e-06
 Reference value :  1.20845e-06
 Reference value :  1.20895e-06
 Reference value :  1.20945e-06
 Reference value :  1.20997e-06
 Reference value :  1.21049e-06
 Reference value :  1.21101e-06
 Reference value :  1.21151e-06
 Reference value :  1.21203e-06
 Reference value :  1.21255e-06
 Reference value :  1.21307e-06
 Reference value :  1.21361e-06
 Reference value :  1.21413e-06
 Reference value :  1.21467e-06
 Reference value :  1.21521e-06
 Reference value :  1.21573e-06
 Reference value :  1.21625e-06
 Reference value :  1.21677e-06
 Reference value :  1.21727e-06
 Reference value :  1.21777e-06
 Reference value :  1.21827e-06
 Reference value :  1.21879e-06
 Reference value :  1.21931e-06
 Reference value :  1.21983e-06
 Reference value :  1.22033e-06
 Reference value :  1.22085e-06
 Reference value :  1.22137e-06
 Reference value :  1.22187e-06
 Reference value :  1.22239e-06
 Reference value :  1.22289e-06
 Reference value :  1.22339e-06
 Reference value :  1.22391e-06
 Reference value :  1.22441e-06
 Reference value :  1.22493e-06
 Reference value :  1.22547e-06
 Reference value :  1.22597e-06
 Reference value :  1.22649e-06
 Reference value :  1.22701e-06
 Reference value :  1.22751e-06
 Reference value :  1.22803e-06
 Reference value :  1.22855e-06
 Reference value :  1.22905e-06
 Reference value :  1.22959e-06
 Reference value :  1.23009e-06
 Reference value :  1.23059e-06
 Reference value :  1.23111e-06
 Reference value :  1.23165e-06
 Reference value :  1.23215e-06
 Reference value :  1.23267e-06
 Reference value :  1.23319e-06
 Reference value :  1.23371e-06
 Reference value :  1.23423e-06
 Reference value :  1.23473e-06
 Reference value :  1.23525e-06
 Reference value :  1.23577e-06
 Reference value :  1.23629e-06
 Reference value :  1.23681e-06
 Reference value :  1.23733e-06
 Reference value :  1.23785e-06
 Reference value :  1.23835e-06
 Reference value :  1.23887e-06
 Reference value :  1.23937e-06
 Reference value :  1.23989e-06
 Reference value :  1.24039e-06
 Reference value :  1.24089e-06
 Reference value :  1.24143e-06
 Reference value :  1.24195e-06
 Reference value :  1.24249e-06
 Reference value :  1.24303e-06
 Reference value :  1.24355e-06
 Reference value :  1.24405e-06
 Reference value :  1.24455e-06
 Reference value :  1.24509e-06
 Reference value :  1.24563e-06
 Reference value :  1.24615e-06
 Reference value :  1.24667e-06
 Reference value :  1.24717e-06
 Reference value :  1.24767e-06
 Reference value :  1.24817e-06
 Reference value :  1.24867e-06
 Reference value :  1.24919e-06
 Reference value :  1.24971e-06
 Reference value :  1.25023e-06
 Reference value :  1.25075e-06
 Reference value :  1.25125e-06
 Reference value :  1.25177e-06
 Reference value :  1.25229e-06
 Reference value :  1.25283e-06
 Reference value :  1.25333e-06
 Reference value :  1.25383e-06
 Reference value :  1.25433e-06
 Reference value :  1.25485e-06
 Reference value :  1.25537e-06
 Reference value :  1.25583e-06
 Reference value :  1.25633e-06
 Reference value :  1.25683e-06
 Reference value :  1.25733e-06
 Reference value :  1.25783e-06
 Reference value :  1.25835e-06
 Reference value :  1.25883e-06
 Reference value :  1.25937e-06
 Reference value :  1.25987e-06
 Reference value :  1.26037e-06
 Reference value :  1.26089e-06
 Reference value :  1.26141e-06
 Reference value :  1.26191e-06
 Reference value :  1.26243e-06
 Reference value :  1.26293e-06
 Reference value :  1.26345e-06
 Reference value :  1.26395e-06
 Reference value :  1.26447e-06
 Reference value :  1.26497e-06
 Reference value :  1.26553e-06
 Reference value :  1.26605e-06
 Reference value :  1.26657e-06
 Reference value :  1.26709e-06
 Reference value :  1.26759e-06
 Reference value :  1.26809e-06
 Reference value :  1.26861e-06
 Reference value :  1.26913e-06
 Reference value :  1.26961e-06
 Reference value :  1.27013e-06
 Reference value :  1.27067e-06
 Reference value :  1.27119e-06
 Reference value :  1.27167e-06
 Reference value :  1.27219e-06
 Reference value :  1.27271e-06
 Reference value :  1.27323e-06
 Reference value :  1.27373e-06
 Reference value :  1.27425e-06
 Reference value :  1.27477e-06
 Reference value :  1.27527e-06
 Reference value :  1.27577e-06
 Reference value :  1.27631e-06
 Reference value :  1.27683e-06
 Reference value :  1.27735e-06
 Reference value :  1.27789e-06
 Reference value :  1.27843e-06
 Reference value :  1.27891e-06
 Reference value :  1.27943e-06
 Reference value :  1.27993e-06
 Reference value :  1.28047e-06
 Reference value :  1.28097e-06
 Reference value :  1.28147e-06
 Reference value :  1.28199e-06
 Reference value :  1.28251e-06
 Reference value :  1.28301e-06
 Reference value :  1.28353e-06
 Reference value :  1.28405e-06
 Reference value :  1.28455e-06
 Reference value :  1.28505e-06
 Reference value :  1.28555e-06
 Reference value :  1.28605e-06
 Reference value :  1.28657e-06
 Reference value :  1.28709e-06
 Reference value :  1.28761e-06
 Reference value :  1.28811e-06
 Reference value :  1.28861e-06
 Reference value :  1.28911e-06
 Reference value :  1.28961e-06
 Reference value :  1.29011e-06
 Reference value :  1.29065e-06
 Reference value :  1.29115e-06
 Reference value :  1.29167e-06
 Reference value :  1.29219e-06
 Reference value :  1.29273e-06
 Reference value :  1.29325e-06
 Reference value :  1.29379e-06
 Reference value :  1.29429e-06
 Reference value :  1.29479e-06
 Reference value :  1.29531e-06
 Reference value :  1.29583e-06
 Reference value :  1.29633e-06
 Reference value :  1.29685e-06
 Reference value :  1.29737e-06
 Reference value :  1.29787e-06
 Reference value :  1.29841e-06
 Reference value :  1.29895e-06
 Reference value :  1.29947e-06
 Reference value :  1.29999e-06
 Reference value :  1.30047e-06
 Reference value :  1.30097e-06
 Reference value :  1.30149e-06
 Reference value :  1.30201e-06
 Reference value :  1.30251e-06
 Reference value :  1.30301e-06
 Reference value :  1.30351e-06
 Reference value :  1.30405e-06
 Reference value :  1.30457e-06
 Reference value :  1.30507e-06
 Reference value :  1.30557e-06
 Reference value :  1.30609e-06
 Reference value :  1.30659e-06
 Reference value :  1.30711e-06
 Reference value :  1.30763e-06
 Reference value :  1.30817e-06
 Reference value :  1.30869e-06
 Reference value :  1.30921e-06
 Reference value :  1.30973e-06
 Reference value :  1.31025e-06
 Reference value :  1.31075e-06
 Reference value :  1.31127e-06
 Reference value :  1.31179e-06
 Reference value :  1.31229e-06
 Reference value :  1.31281e-06
 Reference value :  1.31331e-06
 Reference value :  1.31381e-06
 Reference value :  1.31431e-06
 Reference value :  1.31481e-06
 Reference value :  1.31533e-06
 Reference value :  1.31583e-06
 Reference value :  1.31635e-06
 Reference value :  1.31685e-06
 Reference value :  1.31737e-06
 Reference value :  1.31789e-06
 Reference value :  1.31843e-06
 Reference value :  1.31893e-06
 Reference value :  1.31945e-06
 Reference value :  1.31995e-06
 Reference value :  1.32049e-06
 Reference value :  1.32101e-06
 Reference value :  1.32149e-06
 Reference value :  1.32201e-06
 Reference value :  1.32255e-06
 Reference value :  1.32307e-06
 Reference value :  1.32359e-06
 Reference value :  1.32411e-06
 Reference value :  1.32465e-06
 Reference value :  1.32515e-06
 Reference value :  1.32565e-06
 Reference value :  1.32617e-06
 Reference value :  1.32667e-06
 Reference value :  1.32719e-06
 Reference value :  1.32771e-06
 Reference value :  1.32825e-06
 Reference value :  1.32879e-06
 Reference value :  1.32929e-06
 Reference value :  1.32981e-06
 Reference value :  1.33033e-06
 Reference value :  1.33085e-06
 Reference value :  1.33135e-06
 Reference value :  1.33187e-06
 Reference value :  1.33239e-06
 Reference value :  1.33291e-06
 Reference value :  1.33345e-06
 Reference value :  1.33397e-06
 Reference value :  1.33449e-06
 Reference value :  1.33499e-06
 Reference value :  1.33549e-06
 Reference value :  1.33603e-06
 Reference value :  1.33655e-06
 Reference value :  1.33705e-06
 Reference value :  1.33759e-06
 Reference value :  1.33809e-06
 Reference value :  1.33865e-06
 Reference value :  1.33917e-06
 Reference value :  1.33969e-06
 Reference value :  1.34017e-06
 Reference value :  1.34067e-06
 Reference value :  1.34119e-06
 Reference value :  1.34169e-06
 Reference value :  1.34221e-06
 Reference value :  1.34271e-06
 Reference value :  1.34325e-06
 Reference value :  1.34377e-06
 Reference value :  1.34429e-06
 Reference value :  1.34483e-06
 Reference value :  1.34533e-06
 Reference value :  1.34585e-06
 Reference value :  1.34635e-06
 Reference value :  1.34685e-06
 Reference value :  1.34735e-06
 Reference value :  1.34787e-06
 Reference value :  1.34837e-06
 Reference value :  1.34891e-06
 Reference value :  1.34943e-06
 Reference value :  1.34993e-06
 Reference value :  1.35045e-06
 Reference value :  1.35097e-06
 Reference value :  1.35149e-06
 Reference value :  1.35195e-06
 Reference value :  1.35245e-06
 Reference value :  1.35297e-06
 Reference value :  1.35347e-06
 Reference value :  1.35397e-06
 Reference value :  1.35453e-06
 Reference value :  1.35503e-06
 Reference value :  1.35555e-06
 Reference value :  1.35609e-06
 Reference value :  1.35661e-06
 Reference value :  1.35713e-06
 Reference value :  1.35763e-06
 Reference value :  1.35815e-06
 Reference value :  1.35865e-06
 Reference value :  1.35917e-06
 Reference value :  1.35967e-06
 Reference value :  1.36019e-06
 Reference value :  1.36071e-06
 Reference value :  1.36121e-06
 Reference value :  1.36173e-06
 Reference value :  1.36225e-06
 Reference value :  1.36273e-06
 Reference value :  1.36323e-06
 Reference value :  1.36377e-06
 Reference value :  1.36427e-06
 Reference value :  1.36477e-06
 Reference value :  1.36529e-06
 Reference value :  1.36581e-06
 Reference value :  1.36633e-06
 Reference value :  1.36683e-06
 Reference value :  1.36735e-06
 Reference value :  1.36787e-06
 Reference value :  1.36841e-06
 Reference value :  1.36893e-06
 Reference value :  1.36945e-06
 Reference value :  1.36993e-06
 Reference value :  1.37043e-06
 Reference value :  1.37095e-06
 Reference value :  1.37143e-06
 Reference value :  1.37197e-06
 Reference value :  1.37247e-06
 Reference value :  1.37299e-06
 Reference value :  1.37351e-06
 Reference value :  1.37405e-06
 Reference value :  1.37457e-06
 Reference value :  1.37507e-06
 Reference value :  1.37559e-06
 Reference value :  1.37609e-06
 Reference value :  1.37661e-06
 Reference value :  1.37713e-06
 Reference value :  1.37763e-06
 Reference value :  1.37817e-06
 Reference value :  1.37867e-06
 Reference value :  1.37921e-06
 Reference value :  1.37973e-06
 Reference value :  1.38025e-06
 Reference value :  1.38077e-06
 Reference value :  1.38129e-06
 Reference value :  1.38181e-06
 Reference value :  1.38233e-06
 Reference value :  1.38287e-06
 Reference value :  1.38337e-06
 Reference value :  1.38389e-06
 Reference value :  1.38441e-06
 Reference value :  1.38495e-06
 Reference value :  1.38545e-06
 Reference value :  1.38597e-06
 Reference value :  1.38649e-06
 Reference value :  1.38701e-06
 Reference value :  1.38753e-06
 Reference value :  1.38805e-06
 Reference value :  1.38855e-06
 Reference value :  1.38907e-06
 Reference value :  1.38961e-06
 Reference value :  1.39009e-06
 Reference value :  1.39063e-06
 Reference value :  1.39113e-06
 Reference value :  1.39163e-06
 Reference value :  1.39213e-06
 Reference value :  1.39263e-06
 Reference value :  1.39315e-06
 Reference value :  1.39365e-06
 Reference value :  1.39417e-06
 Reference value :  1.39469e-06
 Reference value :  1.39523e-06
 Reference value :  1.39573e-06
 Reference value :  1.39625e-06
 Reference value :  1.39675e-06
 Reference value :  1.39727e-06
 Reference value :  1.39779e-06
 Reference value :  1.39831e-06
 Reference value :  1.39883e-06
 Reference value :  1.39935e-06
 Reference value :  1.39987e-06
 Reference value :  1.40037e-06
 Reference value :  1.40087e-06
 Reference value :  1.40137e-06
 Reference value :  1.40189e-06
 Reference value :  1.40241e-06
 Reference value :  1.40291e-06
 Reference value :  1.40343e-06
 Reference value :  1.40393e-06
 Reference value :  1.40443e-06
 Reference value :  1.40497e-06
 Reference value :  1.40549e-06
 Reference value :  1.40601e-06
 Reference value :  1.40655e-06
 Reference value :  1.40705e-06
 Reference value :  1.40757e-06
 Reference value :  1.40809e-06
 Reference value :  1.40861e-06
 Reference value :  1.40913e-06
 Reference value :  1.40965e-06
 Reference value :  1.41019e-06
 Reference value :  1.41071e-06
 Reference value :  1.41121e-06
 Reference value :  1.41171e-06
 Reference value :  1.41221e-06
 Reference value :  1.41273e-06
 Reference value :  1.41323e-06
 Reference value :  1.41373e-06
 Reference value :  1.41423e-06
 Reference value :  1.41475e-06
 Reference value :  1.41527e-06
 Reference value :  1.41577e-06
 Reference value :  1.41629e-06
 Reference value :  1.41679e-06
 Reference value :  1.41731e-06
 Reference value :  1.41781e-06
 Reference value :  1.41831e-06
 Reference value :  1.41883e-06
 Reference value :  1.41931e-06
 Reference value :  1.41985e-06
 Reference value :  1.42039e-06
 Reference value :  1.42089e-06
 Reference value :  1.42139e-06
 Reference value :  1.42189e-06
 Reference value :  1.42239e-06
 Reference value :  1.42291e-06
 Reference value :  1.42343e-06
 Reference value :  1.42393e-06
 Reference value :  1.42445e-06
 Reference value :  1.42497e-06
 Reference value :  1.42547e-06
 Reference value :  1.42599e-06
 Reference value :  1.42651e-06
 Reference value :  1.42701e-06
 Reference value :  1.42753e-06
 Reference value :  1.42807e-06
 Reference value :  1.42857e-06
 Reference value :  1.42909e-06
 Reference value :  1.42961e-06
 Reference value :  1.43011e-06
 Reference value :  1.43061e-06
 Reference value :  1.43113e-06
 Reference value :  1.43165e-06
 Reference value :  1.43217e-06
 Reference value :  1.43267e-06
 Reference value :  1.43319e-06
 Reference value :  1.43373e-06
 Reference value :  1.43423e-06
 Reference value :  1.43477e-06
 Reference value :  1.43527e-06
 Reference value :  1.43579e-06
 Reference value :  1.43629e-06
 Reference value :  1.43681e-06
 Reference value :  1.43731e-06
 Reference value :  1.43781e-06
 Reference value :  1.43833e-06
 Reference value :  1.43883e-06
 Reference value :  1.43935e-06
 Reference value :  1.43987e-06
 Reference value :  1.44041e-06
 Reference value :  1.44093e-06
 Reference value :  1.44145e-06
 Reference value :  1.44195e-06
 Reference value :  1.44243e-06
 Reference value :  1.44293e-06
 Reference value :  1.44345e-06
 Reference value :  1.44397e-06
 Reference value :  1.44447e-06
 Reference value :  1.44501e-06
 Reference value :  1.44553e-06
 Reference value :  1.44605e-06
 Reference value :  1.44657e-06
 Reference value :  1.44711e-06
 Reference value :  1.44763e-06
 Reference value :  1.44815e-06
 Reference value :  1.44867e-06
 Reference value :  1.44919e-06
 Reference value :  1.44969e-06
 Reference value :  1.45021e-06
 Reference value :  1.45073e-06
 Reference value :  1.45121e-06
 Reference value :  1.45173e-06
 Reference value :  1.45223e-06
 Reference value :  1.45273e-06
 Reference value :  1.45327e-06
 Reference value :  1.45377e-06
 Reference value :  1.45427e-06
 Reference value :  1.45479e-06
 Reference value :  1.45531e-06
 Reference value :  1.45581e-06
 Reference value :  1.45631e-06
 Reference value :  1.45681e-06
 Reference value :  1.45731e-06
 Reference value :  1.45783e-06
 Reference value :  1.45835e-06
 Reference value :  1.45889e-06
 Reference value :  1.45939e-06
 Reference value :  1.45993e-06
 Reference value :  1.46045e-06
 Reference value :  1.46099e-06
 Reference value :  1.46151e-06
 Reference value :  1.46201e-06
 Reference value :  1.46251e-06
 Reference value :  1.46303e-06
 Reference value :  1.46353e-06
 Reference value :  1.46403e-06
 Reference value :  1.46455e-06
 Reference value :  1.46507e-06
 Reference value :  1.46559e-06
 Reference value :  1.46609e-06
 Reference value :  1.46659e-06
 Reference value :  1.46711e-06
 Reference value :  1.46763e-06
 Reference value :  1.46815e-06
 Reference value :  1.46865e-06
 Reference value :  1.46917e-06
 Reference value :  1.46971e-06
 Reference value :  1.47021e-06
 Reference value :  1.47073e-06
 Reference value :  1.47125e-06
 Reference value :  1.47173e-06
 Reference value :  1.47225e-06
 Reference value :  1.47277e-06
 Reference value :  1.47327e-06
 Reference value :  1.47379e-06
 Reference value :  1.47431e-06
 Reference value :  1.47483e-06
 Reference value :  1.47535e-06
 Reference value :  1.47587e-06
 Reference value :  1.47639e-06
 Reference value :  1.47689e-06
 Reference value :  1.47741e-06
 Reference value :  1.47787e-06
 Reference value :  1.47837e-06
 Reference value :  1.47887e-06
 Reference value :  1.47937e-06
 Reference value :  1.47989e-06
 Reference value :  1.48043e-06
 Reference value :  1.48093e-06
 Reference value :  1.48147e-06
 Reference value :  1.48199e-06
 Reference value :  1.48251e-06
 Reference value :  1.48301e-06
 Reference value :  1.48353e-06
 Reference value :  1.48405e-06
 Reference value :  1.48455e-06
 Reference value :  1.48505e-06
 Reference value :  1.48557e-06
 Reference value :  1.48609e-06
 Reference value :  1.48661e-06
 Reference value :  1.48711e-06
 Reference value :  1.48763e-06
 Reference value :  1.48811e-06
 Reference value :  1.48861e-06
 Reference value :  1.48913e-06
 Reference value :  1.48963e-06
 Reference value :  1.49015e-06
 Reference value :  1.49067e-06
 Reference value :  1.49123e-06
 Reference value :  1.49173e-06
 Reference value :  1.49223e-06
 Reference value :  1.49273e-06
 Reference value :  1.49325e-06
 Reference value :  1.49377e-06
 Reference value :  1.49427e-06
 Reference value :  1.49479e-06
 Reference value :  1.49527e-06
 Reference value :  1.49577e-06
 Reference value :  1.49627e-06
 Reference value :  1.49679e-06
 Reference value :  1.49731e-06
 Reference value :  1.49781e-06
 Reference value :  1.49833e-06
 Reference value :  1.49885e-06
 Reference value :  1.49937e-06
 Reference value :  1.49987e-06
 Reference value :  1.50039e-06
 Reference value :  1.50091e-06
 Reference value :  1.50141e-06
 Reference value :  1.50191e-06
 Reference value :  1.50243e-06
 Reference value :  1.50291e-06
 Reference value :  1.50345e-06
 Reference value :  1.50397e-06
 Reference value :  1.50447e-06
 Reference value :  1.50499e-06
 Reference value :  1.50549e-06
 Reference value :  1.50599e-06
 Reference value :  1.50647e-06
 Reference value :  1.50697e-06
 Reference value :  1.50747e-06
 Reference value :  1.50797e-06
 Reference value :  1.50851e-06
 Reference value :  1.50903e-06
 Reference value :  1.50953e-06
 Reference value :  1.51003e-06
 Reference value :  1.51055e-06
 Reference value :  1.51107e-06
 Reference value :  1.51157e-06
 Reference value :  1.51205e-06
 Reference value :  1.51255e-06
 Reference value :  1.51307e-06
 Reference value :  1.51357e-06
 Reference value :  1.51407e-06
 Reference value :  1.51457e-06
 Reference value :  1.51509e-06
 Reference value :  1.51561e-06
 Reference value :  1.51613e-06
 Reference value :  1.51663e-06
 Reference value :  1.51713e-06
 Reference value :  1.51765e-06
 Reference value :  1.51817e-06
 Reference value :  1.51869e-06
 Reference value :  1.51921e-06
 Reference value :  1.51973e-06
 Reference value :  1.52023e-06
 Reference value :  1.52079e-06
 Reference value :  1.52131e-06
 Reference value :  1.52183e-06
 Reference value :  1.52233e-06
 Reference value :  1.52283e-06
 Reference value :  1.52331e-06
 Reference value :  1.52381e-06
 Reference value :  1.52433e-06
 Reference value :  1.52481e-06
 Reference value :  1.52533e-06
 Reference value :  1.52581e-06
 Reference value :  1.52633e-06
 Reference value :  1.52687e-06
 Reference value :  1.52739e-06
 Reference value :  1.52789e-06
 Reference value :  1.52839e-06
 Reference value :  1.52893e-06
 Reference value :  1.52943e-06
 Reference value :  1.52995e-06
 Reference value :  1.53049e-06
 Reference value :  1.53101e-06
 Reference value :  1.53155e-06
 Reference value :  1.53207e-06
 Reference value :  1.53255e-06
 Reference value :  1.53307e-06
 Reference value :  1.53359e-06
 Reference value :  1.53411e-06
 Reference value :  1.53463e-06
 Reference value :  1.53515e-06
 Reference value :  1.53563e-06
 Reference value :  1.53617e-06
 Reference value :  1.53669e-06
 Reference value :  1.53719e-06
 Reference value :  1.53771e-06
 Reference value :  1.53825e-06
 Reference value :  1.53877e-06
 Reference value :  1.53929e-06
 Reference value :  1.53979e-06
 Reference value :  1.54031e-06
 Reference value :  1.54083e-06
 Reference value :  1.54135e-06
 Reference value :  1.54187e-06
 Reference value :  1.54239e-06
 Reference value :  1.54291e-06
 Reference value :  1.54341e-06
 Reference value :  1.54389e-06
 Reference value :  1.54437e-06
 Reference value :  1.54489e-06
 Reference value :  1.54539e-06
 Reference value :  1.54589e-06
 Reference value :  1.54645e-06
 Reference value :  1.54697e-06
 Reference value :  1.54749e-06
 Reference value :  1.54799e-06
 Reference value :  1.54851e-06
 Reference value :  1.54903e-06
 Reference value :  1.54953e-06
 Reference value :  1.55005e-06
 Reference value :  1.55055e-06
 Reference value :  1.55107e-06
 Reference value :  1.55157e-06
 Reference value :  1.55209e-06
 Reference value :  1.55263e-06
 Reference value :  1.55315e-06
 Reference value :  1.55365e-06
 Reference value :  1.55417e-06
 Reference value :  1.55469e-06
 Reference value :  1.55521e-06
 Reference value :  1.55573e-06
 Reference value :  1.55625e-06
 Reference value :  1.55677e-06
 Reference value :  1.55729e-06
 Reference value :  1.55779e-06
 Reference value :  1.55831e-06
 Reference value :  1.55881e-06
 Reference value :  1.55931e-06
 Reference value :  1.55983e-06
 Reference value :  1.56035e-06
 Reference value :  1.56085e-06
 Reference value :  1.56135e-06
 Reference value :  1.56189e-06
 Reference value :  1.56239e-06
 Reference value :  1.56289e-06
 Reference value :  1.56341e-06
 Reference value :  1.56393e-06
 Reference value :  1.56445e-06
 Reference value :  1.56493e-06
 Reference value :  1.56545e-06
 Reference value :  1.56599e-06
 Reference value :  1.56651e-06
 Reference value :  1.56703e-06
 Reference value :  1.56753e-06
 Reference value :  1.56803e-06
 Reference value :  1.56855e-06
 Reference value :  1.56907e-06
 Reference value :  1.56959e-06
 Reference value :  1.57007e-06
 Reference value :  1.57059e-06
 Reference value :  1.57107e-06
 Reference value :  1.57157e-06
 Reference value :  1.57211e-06
 Reference value :  1.57263e-06
 Reference value :  1.57311e-06
 Reference value :  1.57361e-06
 Reference value :  1.57411e-06
 Reference value :  1.57463e-06
 Reference value :  1.57515e-06
 Reference value :  1.57565e-06
 Reference value :  1.57615e-06
 Reference value :  1.57663e-06
 Reference value :  1.57715e-06
 Reference value :  1.57767e-06
 Reference value :  1.57817e-06
 Reference value :  1.57867e-06
 Reference value :  1.57919e-06
 Reference value :  1.57969e-06
 Reference value :  1.58019e-06
 Reference value :  1.58069e-06
 Reference value :  1.58121e-06
 Reference value :  1.58171e-06
 Reference value :  1.58225e-06
 Reference value :  1.58281e-06
 Reference value :  1.58331e-06
 Reference value :  1.58381e-06
 Reference value :  1.58433e-06
 Reference value :  1.58483e-06
 Reference value :  1.58535e-06
 Reference value :  1.58587e-06
 Reference value :  1.58639e-06
 Reference value :  1.58685e-06
 Reference value :  1.58737e-06
 Reference value :  1.58787e-06
 Reference value :  1.58839e-06
 Reference value :  1.58889e-06
 Reference value :  1.58937e-06
 Reference value :  1.58991e-06
 Reference value :  1.59043e-06
 Reference value :  1.59095e-06
 Reference value :  1.59145e-06
 Reference value :  1.59197e-06
 Reference value :  1.59251e-06
 Reference value :  1.59303e-06
 Reference value :  1.59351e-06
 Reference value :  1.59403e-06
 Reference value :  1.59453e-06
 Reference value :  1.59503e-06
 Reference value :  1.59555e-06
 Reference value :  1.59607e-06
 Reference value :  1.59657e-06
 Reference value :  1.59707e-06
 Reference value :  1.59757e-06
 Reference value :  1.59805e-06
 Reference value :  1.59859e-06
 Reference value :  1.59911e-06
 Reference value :  1.59963e-06
 Reference value :  1.60013e-06
 Reference value :  1.60063e-06
 Reference value :  1.60113e-06
 Reference value :  1.60163e-06
 Reference value :  1.60217e-06
 Reference value :  1.60267e-06
 Reference value :  1.60319e-06
 Reference value :  1.60369e-06
 Reference value :  1.60421e-06
 Reference value :  1.60471e-06
 Reference value :  1.60521e-06
 Reference value :  1.60573e-06
 Reference value :  1.60627e-06
 Reference value :  1.60681e-06
 Reference value :  1.60733e-06
 Reference value :  1.60785e-06
 Reference value :  1.60835e-06
 Reference value :  1.60885e-06
 Reference value :  1.60937e-06
 Reference value :  1.60987e-06
 Reference value :  1.61041e-06
 Reference value :  1.61093e-06
 Reference value :  1.61147e-06
 Reference value :  1.61197e-06
 Reference value :  1.61249e-06
 Reference value :  1.61301e-06
 Reference value :  1.61353e-06
 Reference value :  1.61401e-06
 Reference value :  1.61453e-06
 Reference value :  1.61505e-06
 Reference value :  1.61555e-06
 Reference value :  1.61607e-06
 Reference value :  1.61659e-06
 Reference value :  1.61709e-06
 Reference value :  1.61763e-06
 Reference value :  1.61813e-06
 Reference value :  1.61863e-06
 Reference value :  1.61915e-06
 Reference value :  1.61965e-06
 Reference value :  1.62015e-06
 Reference value :  1.62065e-06
 Reference value :  1.62115e-06
 Reference value :  1.62167e-06
 Reference value :  1.62219e-06
 Reference value :  1.62271e-06
 Reference value :  1.62321e-06
 Reference value :  1.62373e-06
 Reference value :  1.62425e-06
 Reference value :  1.62473e-06
 Reference value :  1.62523e-06
 Reference value :  1.62573e-06
 Reference value :  1.62625e-06
 Reference value :  1.62677e-06
 Reference value :  1.62727e-06
 Reference value :  1.62781e-06
 Reference value :  1.62831e-06
 Reference value :  1.62881e-06
 Reference value :  1.62933e-06
 Reference value :  1.62985e-06
 Reference value :  1.63037e-06
 Reference value :  1.63087e-06
 Reference value :  1.63137e-06
 Reference value :  1.63189e-06
 Reference value :  1.63241e-06
 Reference value :  1.63293e-06
 Reference value :  1.63345e-06
 Reference value :  1.63397e-06
 Reference value :  1.63447e-06
 Reference value :  1.63499e-06
 Reference value :  1.63553e-06
 Reference value :  1.63603e-06
 Reference value :  1.63655e-06
 Reference value :  1.63709e-06
 Reference value :  1.63761e-06
 Reference value :  1.63811e-06
 Reference value :  1.63863e-06
 Reference value :  1.63915e-06
 Reference value :  1.63965e-06
 Reference value :  1.64017e-06
 Reference value :  1.64067e-06
 Reference value :  1.64117e-06
 Reference value :  1.64169e-06
 Reference value :  1.64217e-06
 Reference value :  1.64271e-06
 Reference value :  1.64323e-06
 Reference value :  1.64375e-06
 Reference value :  1.64427e-06
 Reference value :  1.64479e-06
 Reference value :  1.64533e-06
 Reference value :  1.64583e-06
 Reference value :  1.64637e-06
 Reference value :  1.64689e-06
 Reference value :  1.64743e-06
 Reference value :  1.64793e-06
 Reference value :  1.64845e-06
 Reference value :  1.64897e-06
 Reference value :  1.64949e-06
 Reference value :  1.65001e-06
 Reference value :  1.65053e-06
 Reference value :  1.65103e-06
 Reference value :  1.65151e-06
 Reference value :  1.65201e-06
 Reference value :  1.65253e-06
 Reference value :  1.65307e-06
 Reference value :  1.65359e-06
 Reference value :  1.65411e-06
 Reference value :  1.65461e-06
 Reference value :  1.65513e-06
 Reference value :  1.65563e-06
 Reference value :  1.65613e-06
 Reference value :  1.65667e-06
 Reference value :  1.65719e-06
 Reference value :  1.65771e-06
 Reference value :  1.65821e-06
 Reference value :  1.65873e-06
 Reference value :  1.65921e-06
 Reference value :  1.65967e-06
 Reference value :  1.66019e-06
 Reference value :  1.66067e-06
 Reference value :  1.66121e-06
 Reference value :  1.66171e-06
 Reference value :  1.66223e-06
 Reference value :  1.66273e-06
 Reference value :  1.66325e-06
 Reference value :  1.66379e-06
 Reference value :  1.66433e-06
 Reference value :  1.66483e-06
 Reference value :  1.66535e-06
 Reference value :  1.66585e-06
 Reference value :  1.66639e-06
 Reference value :  1.66691e-06
 Reference value :  1.66743e-06
 Reference value :  1.66795e-06
 Reference value :  1.66847e-06
 Reference value :  1.66897e-06
 Reference value :  1.66949e-06
 Reference value :  1.67001e-06
 Reference value :  1.67053e-06
 Reference value :  1.67103e-06
 Reference value :  1.67155e-06
 Reference value :  1.67207e-06
 Reference value :  1.67259e-06
 Reference value :  1.67313e-06
 Reference value :  1.67365e-06
 Reference value :  1.67417e-06
 Reference value :  1.67467e-06
 Reference value :  1.67517e-06
 Reference value :  1.67567e-06
 Reference value :  1.67615e-06
 Reference value :  1.67665e-06
 Reference value :  1.67717e-06
 Reference value :  1.67769e-06
 Reference value :  1.67821e-06
 Reference value :  1.67873e-06
 Reference value :  1.67923e-06
 Reference value :  1.67973e-06
 Reference value :  1.68025e-06
 Reference value :  1.68079e-06
 Reference value :  1.68131e-06
 Reference value :  1.68181e-06
 Reference value :  1.68233e-06
 Reference value :  1.68285e-06
 Reference value :  1.68337e-06
 Reference value :  1.68391e-06
 Reference value :  1.68443e-06
 Reference value :  1.68493e-06
 Reference value :  1.68547e-06
 Reference value :  1.68599e-06
 Reference value :  1.68651e-06
 Reference value :  1.68707e-06
 Reference value :  1.68759e-06
 Reference value :  1.68811e-06
 Reference value :  1.68861e-06
 Reference value :  1.68911e-06
 Reference value :  1.68961e-06
 Reference value :  1.69011e-06
 Reference value :  1.69063e-06
 Reference value :  1.69115e-06
 Reference value :  1.69165e-06
 Reference value :  1.69217e-06
 Reference value :  1.69267e-06
 Reference value :  1.69317e-06
 Reference value :  1.69369e-06
 Reference value :  1.69423e-06
 Reference value :  1.69473e-06
 Reference value :  1.69525e-06
 Reference value :  1.69577e-06
 Reference value :  1.69629e-06
 Reference value :  1.69681e-06
 Reference value :  1.69733e-06
 Reference value :  1.69785e-06
 Reference value :  1.69835e-06
 Reference value :  1.69885e-06
 Reference value :  1.69939e-06
 Reference value :  1.69989e-06
 Reference value :  1.70043e-06
 Reference value :  1.70099e-06
 Reference value :  1.70149e-06
 Reference value :  1.70199e-06
 Reference value :  1.70247e-06
 Reference value :  1.70297e-06
 Reference value :  1.70349e-06
 Reference value :  1.70399e-06
 Reference value :  1.70451e-06
 Reference value :  1.70501e-06
 Reference value :  1.70549e-06
 Reference value :  1.70601e-06
 Reference value :  1.70651e-06
 Reference value :  1.70701e-06
 Reference value :  1.70753e-06
 Reference value :  1.70805e-06
 Reference value :  1.70855e-06
 Reference value :  1.70909e-06
 Reference value :  1.70963e-06
 Reference value :  1.71013e-06
 Reference value :  1.71063e-06
 Reference value :  1.71115e-06
 Reference value :  1.71169e-06
 Reference value :  1.71223e-06
 Reference value :  1.71275e-06
 Reference value :  1.71327e-06
 Reference value :  1.71381e-06
 Reference value :  1.71433e-06
 Reference value :  1.71487e-06
 Reference value :  1.71539e-06
 Reference value :  1.71591e-06
 Reference value :  1.71641e-06
 Reference value :  1.71693e-06
 Reference value :  1.71743e-06
 Reference value :  1.71795e-06
 Reference value :  1.71845e-06
 Reference value :  1.71893e-06
 Reference value :  1.71945e-06
 Reference value :  1.71995e-06
 Reference value :  1.72047e-06
 Reference value :  1.72097e-06
 Reference value :  1.72151e-06
 Reference value :  1.72203e-06
 Reference value :  1.72257e-06
 Reference value :  1.72307e-06
 Reference value :  1.72355e-06
 Reference value :  1.72407e-06
 Reference value :  1.72457e-06
 Reference value :  1.72513e-06
 Reference value :  1.72563e-06
 Reference value :  1.72615e-06
 Reference value :  1.72669e-06
 Reference value :  1.72721e-06
 Reference value :  1.72773e-06
 Reference value :  1.72825e-06
 Reference value :  1.72877e-06
 Reference value :  1.72929e-06
 Reference value :  1.72981e-06
 Reference value :  1.73035e-06
 Reference value :  1.73085e-06
 Reference value :  1.73137e-06
 Reference value :  1.73187e-06
 Reference value :  1.73239e-06
 Reference value :  1.73291e-06
 Reference value :  1.73343e-06
 Reference value :  1.73395e-06
 Reference value :  1.73445e-06
 Reference value :  1.73497e-06
 Reference value :  1.73547e-06
 Reference value :  1.73597e-06
 Reference value :  1.73651e-06
 Reference value :  1.73703e-06
 Reference value :  1.73755e-06
 Reference value :  1.73805e-06
 Reference value :  1.73857e-06
 Reference value :  1.73909e-06
 Reference value :  1.73961e-06
 Reference value :  1.74015e-06
 Reference value :  1.74065e-06
 Reference value :  1.74117e-06
 Reference value :  1.74171e-06
 Reference value :  1.74221e-06
 Reference value :  1.74275e-06
 Reference value :  1.74327e-06
 Reference value :  1.74377e-06
 Reference value :  1.74429e-06
 Reference value :  1.74481e-06
 Reference value :  1.74533e-06
 Reference value :  1.74585e-06
 Reference value :  1.74635e-06
 Reference value :  1.74683e-06
 Reference value :  1.74737e-06
 Reference value :  1.74789e-06
 Reference value :  1.74839e-06
 Reference value :  1.74889e-06
 Reference value :  1.74939e-06
 Reference value :  1.74993e-06
 Reference value :  1.75043e-06
 Reference value :  1.75093e-06
 Reference value :  1.75143e-06
 Reference value :  1.75193e-06
 Reference value :  1.75245e-06
 Reference value :  1.75297e-06
 Reference value :  1.75349e-06
 Reference value :  1.75399e-06
 Reference value :  1.75451e-06
 Reference value :  1.75503e-06
 Reference value :  1.75555e-06
 Reference value :  1.75607e-06
 Reference value :  1.75661e-06
 Reference value :  1.75713e-06
 Reference value :  1.75763e-06
 Reference value :  1.75813e-06
 Reference value :  1.75863e-06
 Reference value :  1.75915e-06
 Reference value :  1.75967e-06
 Reference value :  1.76019e-06
 Reference value :  1.76069e-06
 Reference value :  1.76123e-06
 Reference value :  1.76175e-06
 Reference value :  1.76227e-06
 Reference value :  1.76279e-06
 Reference value :  1.76331e-06
 Reference value :  1.76381e-06
 Reference value :  1.76433e-06
 Reference value :  1.76485e-06
 Reference value :  1.76537e-06
 Reference value :  1.76589e-06
 Reference value :  1.76639e-06
 Reference value :  1.76693e-06
 Reference value :  1.76745e-06
 Reference value :  1.76795e-06
 Reference value :  1.76843e-06
 Reference value :  1.76893e-06
 Reference value :  1.76945e-06
 Reference value :  1.76997e-06
 Reference value :  1.77049e-06
 Reference value :  1.77101e-06
 Reference value :  1.77151e-06
 Reference value :  1.77201e-06
 Reference value :  1.77251e-06
 Reference value :  1.77305e-06
 Reference value :  1.77355e-06
 Reference value :  1.77409e-06
 Reference value :  1.77459e-06
 Reference value :  1.77509e-06
 Reference value :  1.77563e-06
 Reference value :  1.77617e-06
 Reference value :  1.77667e-06
 Reference value :  1.77719e-06
 Reference value :  1.77771e-06
 Reference value :  1.77825e-06
 Reference value :  1.77877e-06
 Reference value :  1.77929e-06
 Reference value :  1.77981e-06
 Reference value :  1.78033e-06
 Reference value :  1.78083e-06
 Reference value :  1.78135e-06
 Reference value :  1.78187e-06
 Reference value :  1.78241e-06
 Reference value :  1.78291e-06
 Reference value :  1.78341e-06
 Reference value :  1.78391e-06
 Reference value :  1.78445e-06
 Reference value :  1.78495e-06
 Reference value :  1.78547e-06
 Reference value :  1.78599e-06
 Reference value :  1.78649e-06
 Reference value :  1.78699e-06
 Reference value :  1.78749e-06
 Reference value :  1.78801e-06
 Reference value :  1.78851e-06
 Reference value :  1.78905e-06
 Reference value :  1.78955e-06
 Reference value :  1.79005e-06
 Reference value :  1.79059e-06
 Reference value :  1.79109e-06
 Reference value :  1.79161e-06
 Reference value :  1.79211e-06
 Reference value :  1.79263e-06
 Reference value :  1.79315e-06
 Reference value :  1.79365e-06
 Reference value :  1.79419e-06
 Reference value :  1.79469e-06
 Reference value :  1.79523e-06
 Reference value :  1.79577e-06
 Reference value :  1.79629e-06
 Reference value :  1.79679e-06
 Reference value :  1.79729e-06
 Reference value :  1.79783e-06
 Reference value :  1.79833e-06
 Reference value :  1.79885e-06
 Reference value :  1.79933e-06
 Reference value :  1.79985e-06
 Reference value :  1.80033e-06
 Reference value :  1.80085e-06
 Reference value :  1.80137e-06
 Reference value :  1.80189e-06
 Reference value :  1.80241e-06
 Reference value :  1.80297e-06
 Reference value :  1.80349e-06
 Reference value :  1.80399e-06
 Reference value :  1.80451e-06
 Reference value :  1.80505e-06
 Reference value :  1.80557e-06
 Reference value :  1.80607e-06
 Reference value :  1.80659e-06
 Reference value :  1.80709e-06
 Reference value :  1.80761e-06
 Reference value :  1.80813e-06
 Reference value :  1.80865e-06
 Reference value :  1.80917e-06
 Reference value :  1.80969e-06
 Reference value :  1.81021e-06
 Reference value :  1.81071e-06
 Reference value :  1.81123e-06
 Reference value :  1.81173e-06
 Reference value :  1.81225e-06
 Reference value :  1.81275e-06
 Reference value :  1.81325e-06
 Reference value :  1.81377e-06
 Reference value :  1.81429e-06
 Reference value :  1.81481e-06
 Reference value :  1.81535e-06
 Reference value :  1.81587e-06
 Reference value :  1.81641e-06
 Reference value :  1.81693e-06
 Reference value :  1.81743e-06
 Reference value :  1.81793e-06
 Reference value :  1.81843e-06
 Reference value :  1.81895e-06
 Reference value :  1.81947e-06
 Reference value :  1.81993e-06
 Reference value :  1.82043e-06
 Reference value :  1.82095e-06
 Reference value :  1.82147e-06
 Reference value :  1.82197e-06
 Reference value :  1.82249e-06
 Reference value :  1.82301e-06
 Reference value :  1.82353e-06
 Reference value :  1.82407e-06
 Reference value :  1.82459e-06
 Reference value :  1.82509e-06
 Reference value :  1.82559e-06
 Reference value :  1.82615e-06
 Reference value :  1.82667e-06
 Reference value :  1.82719e-06
 Reference value :  1.82771e-06
 Reference value :  1.82823e-06
 Reference value :  1.82875e-06
 Reference value :  1.82925e-06
 Reference value :  1.82977e-06
 Reference value :  1.83031e-06
 Reference value :  1.83083e-06
 Reference value :  1.83133e-06
 Reference value :  1.83185e-06
 Reference value :  1.83237e-06
 Reference value :  1.83287e-06
 Reference value :  1.83341e-06
 Reference value :  1.83393e-06
 Reference value :  1.83443e-06
 Reference value :  1.83495e-06
 Reference value :  1.83547e-06
 Reference value :  1.83599e-06
 Reference value :  1.83653e-06
 Reference value :  1.83707e-06
 Reference value :  1.83759e-06
 Reference value :  1.83809e-06
 Reference value :  1.83861e-06
 Reference value :  1.83911e-06
 Reference value :  1.83963e-06
 Reference value :  1.84015e-06
 Reference value :  1.84067e-06
 Reference value :  1.84119e-06
 Reference value :  1.84171e-06
 Reference value :  1.84221e-06
 Reference value :  1.84273e-06
 Reference value :  1.84323e-06
 Reference value :  1.84375e-06
 Reference value :  1.84427e-06
 Reference value :  1.84477e-06
 Reference value :  1.84529e-06
 Reference value :  1.84581e-06
 Reference value :  1.84631e-06
 Reference value :  1.84683e-06
 Reference value :  1.84737e-06
 Reference value :  1.84789e-06
 Reference value :  1.84841e-06
 Reference value :  1.84891e-06
 Reference value :  1.84941e-06
 Reference value :  1.84995e-06
 Reference value :  1.85045e-06
 Reference value :  1.85095e-06
 Reference value :  1.85147e-06
 Reference value :  1.85199e-06
 Reference value :  1.85251e-06
 Reference value :  1.85303e-06
 Reference value :  1.85355e-06
 Reference value :  1.85405e-06
 Reference value :  1.85457e-06
 Reference value :  1.85509e-06
 Reference value :  1.85561e-06
 Reference value :  1.85613e-06
 Reference value :  1.85663e-06
 Reference value :  1.85715e-06
 Reference value :  1.85767e-06
 Reference value :  1.85819e-06
 Reference value :  1.85869e-06
 Reference value :  1.85923e-06
 Reference value :  1.85975e-06
 Reference value :  1.86025e-06
 Reference value :  1.86077e-06
 Reference value :  1.86127e-06
 Reference value :  1.86179e-06
 Reference value :  1.86231e-06
 Reference value :  1.86281e-06
 Reference value :  1.86333e-06
 Reference value :  1.86383e-06
 Reference value :  1.86435e-06
 Reference value :  1.86485e-06
 Reference value :  1.86537e-06
 Reference value :  1.86587e-06
 Reference value :  1.86639e-06
 Reference value :  1.86691e-06
 Reference value :  1.86743e-06
 Reference value :  1.86793e-06
 Reference value :  1.86841e-06
 Reference value :  1.86895e-06
 Reference value :  1.86947e-06
 Reference value :  1.86997e-06
 Reference value :  1.87047e-06
 Reference value :  1.87097e-06
 Reference value :  1.87149e-06
 Reference value :  1.87201e-06
 Reference value :  1.87253e-06
 Reference value :  1.87305e-06
 Reference value :  1.87357e-06
 Reference value :  1.87409e-06
 Reference value :  1.87459e-06
 Reference value :  1.87511e-06
 Reference value :  1.87565e-06
 Reference value :  1.87615e-06
 Reference value :  1.87667e-06
 Reference value :  1.87719e-06
 Reference value :  1.87771e-06
 Reference value :  1.87821e-06
 Reference value :  1.87873e-06
 Reference value :  1.87923e-06
 Reference value :  1.87973e-06
 Reference value :  1.88025e-06
 Reference value :  1.88075e-06
 Reference value :  1.88127e-06
 Reference value :  1.88177e-06
 Reference value :  1.88231e-06
 Reference value :  1.88283e-06
 Reference value :  1.88333e-06
 Reference value :  1.88381e-06
 Reference value :  1.88433e-06
 Reference value :  1.88485e-06
 Reference value :  1.88537e-06
 Reference value :  1.88589e-06
 Reference value :  1.88641e-06
 Reference value :  1.88693e-06
 Reference value :  1.88745e-06
 Reference value :  1.88799e-06
 Reference value :  1.88847e-06
 Reference value :  1.88903e-06
 Reference value :  1.88955e-06
 Reference value :  1.89009e-06
 Reference value :  1.89059e-06
 Reference value :  1.89109e-06
 Reference value :  1.89163e-06
 Reference value :  1.89217e-06
 Reference value :  1.89269e-06
 Reference value :  1.89319e-06
 Reference value :  1.89369e-06
 Reference value :  1.89423e-06
 Reference value :  1.89475e-06
 Reference value :  1.89531e-06
 Reference value :  1.89581e-06
 Reference value :  1.89635e-06
 Reference value :  1.89687e-06
 Reference value :  1.89741e-06
 Reference value :  1.89791e-06
 Reference value :  1.89843e-06
 Reference value :  1.89895e-06
 Reference value :  1.89945e-06
 Reference value :  1.89999e-06
 Reference value :  1.90049e-06
 Reference value :  1.90099e-06
 Reference value :  1.90149e-06
 Reference value :  1.90201e-06
 Reference value :  1.90251e-06
 Reference value :  1.90303e-06
 Reference value :  1.90353e-06
 Reference value :  1.90405e-06
 Reference value :  1.90455e-06
 Reference value :  1.90507e-06
 Reference value :  1.90557e-06
 Reference value :  1.90611e-06
 Reference value :  1.90661e-06
 Reference value :  1.90713e-06
 Reference value :  1.90763e-06
 Reference value :  1.90817e-06
 Reference value :  1.90869e-06
 Reference value :  1.90923e-06
 Reference value :  1.90975e-06
 Reference value :  1.91027e-06
 Reference value :  1.91079e-06
 Reference value :  1.91131e-06
 Reference value :  1.91183e-06
 Reference value :  1.91235e-06
 Reference value :  1.91287e-06
 Reference value :  1.91339e-06
 Reference value :  1.91393e-06
 Reference value :  1.91445e-06
 Reference value :  1.91495e-06
 Reference value :  1.91549e-06
 Reference value :  1.91601e-06
 Reference value :  1.91651e-06
 Reference value :  1.91701e-06
 Reference value :  1.91753e-06
 Reference value :  1.91805e-06
 Reference value :  1.91859e-06
 Reference value :  1.91909e-06
 Reference value :  1.91961e-06
 Reference value :  1.92015e-06
 Reference value :  1.92065e-06
 Reference value :  1.92117e-06
 Reference value :  1.92169e-06
 Reference value :  1.92221e-06
 Reference value :  1.92275e-06
 Reference value :  1.92325e-06
 Reference value :  1.92377e-06
 Reference value :  1.92427e-06
 Reference value :  1.92479e-06
 Reference value :  1.92527e-06
 Reference value :  1.92579e-06
 Reference value :  1.92631e-06
 Reference value :  1.92679e-06
 Reference value :  1.92731e-06
 Reference value :  1.92781e-06
 Reference value :  1.92833e-06
 Reference value :  1.92883e-06
 Reference value :  1.92933e-06
 Reference value :  1.92987e-06
 Reference value :  1.93041e-06
 Reference value :  1.93091e-06
 Reference value :  1.93141e-06
 Reference value :  1.93191e-06
 Reference value :  1.93243e-06
 Reference value :  1.93295e-06
 Reference value :  1.93347e-06
 Reference value :  1.93397e-06
 Reference value :  1.93449e-06
 Reference value :  1.93499e-06
 Reference value :  1.93549e-06
 Reference value :  1.93601e-06
 Reference value :  1.93651e-06
 Reference value :  1.93701e-06
 Reference value :  1.93753e-06
 Reference value :  1.93805e-06
 Reference value :  1.93855e-06
 Reference value :  1.93907e-06
 Reference value :  1.93955e-06
 Reference value :  1.94005e-06
 Reference value :  1.94059e-06
 Reference value :  1.94111e-06
 Reference value :  1.94163e-06
 Reference value :  1.94217e-06
 Reference value :  1.94269e-06
 Reference value :  1.94321e-06
 Reference value :  1.94373e-06
 Reference value :  1.94423e-06
 Reference value :  1.94475e-06
 Reference value :  1.94525e-06
 Reference value :  1.94577e-06
 Reference value :  1.94629e-06
 Reference value :  1.94683e-06
 Reference value :  1.94735e-06
 Reference value :  1.94787e-06
 Reference value :  1.94839e-06
 Reference value :  1.94891e-06
 Reference value :  1.94943e-06
 Reference value :  1.94997e-06
 Reference value :  1.95051e-06
 Reference value :  1.95103e-06
 Reference value :  1.95153e-06
 Reference value :  1.95205e-06
 Reference value :  1.95257e-06
 Reference value :  1.95305e-06
 Reference value :  1.95357e-06
 Reference value :  1.95405e-06
 Reference value :  1.95457e-06
 Reference value :  1.95509e-06
 Reference value :  1.95563e-06
 Reference value :  1.95615e-06
 Reference value :  1.95667e-06
 Reference value :  1.95719e-06
 Reference value :  1.95773e-06
 Reference value :  1.95825e-06
 Reference value :  1.95875e-06
 Reference value :  1.95927e-06
 Reference value :  1.95977e-06
 Reference value :  1.96029e-06
 Reference value :  1.96077e-06
 Reference value :  1.96129e-06
 Reference value :  1.96181e-06
 Reference value :  1.96231e-06
 Reference value :  1.96281e-06
 Reference value :  1.96331e-06
 Reference value :  1.96385e-06
 Reference value :  1.96433e-06
 Reference value :  1.96485e-06
 Reference value :  1.96537e-06
 Reference value :  1.96587e-06
 Reference value :  1.96637e-06
 Reference value :  1.96685e-06
 Reference value :  1.96739e-06
 Reference value :  1.96789e-06
 Reference value :  1.96839e-06
 Reference value :  1.96891e-06
 Reference value :  1.96941e-06
 Reference value :  1.96991e-06
 Reference value :  1.97041e-06
 Reference value :  1.97091e-06
 Reference value :  1.97143e-06
 Reference value :  1.97195e-06
 Reference value :  1.97247e-06
 Reference value :  1.97297e-06
 Reference value :  1.97349e-06
 Reference value :  1.97403e-06
 Reference value :  1.97455e-06
 Reference value :  1.97507e-06
 Reference value :  1.97559e-06
 Reference value :  1.97611e-06
 Reference value :  1.97663e-06
 Reference value :  1.97713e-06
 Reference value :  1.97761e-06
 Reference value :  1.97813e-06
 Reference value :  1.97867e-06
 Reference value :  1.97921e-06
 Reference value :  1.97973e-06
 Reference value :  1.98025e-06
 Reference value :  1.98077e-06
 Reference value :  1.98131e-06
 Reference value :  1.98183e-06
 Reference value :  1.98233e-06
 Reference value :  1.98285e-06
 Reference value :  1.98335e-06
 Reference value :  1.98389e-06
 Reference value :  1.98441e-06
 Reference value :  1.98493e-06
 Reference value :  1.98545e-06
 Reference value :  1.98599e-06
 Reference value :  1.98649e-06
 Reference value :  1.98699e-06
 Reference value :  1.98751e-06
 Reference value :  1.98801e-06
 Reference value :  1.98855e-06
 Reference value :  1.98907e-06
 Reference value :  1.98961e-06
 Reference value :  1.99013e-06
 Reference value :  1.99067e-06
 Reference value :  1.99117e-06
 Reference value :  1.99169e-06
 Reference value :  1.99223e-06
 Reference value :  1.99271e-06
 Reference value :  1.99325e-06
 Reference value :  1.99375e-06
 Reference value :  1.99427e-06
 Reference value :  1.99479e-06
 Reference value :  1.99533e-06
 Reference value :  1.99583e-06
 Reference value :  1.99635e-06
 Reference value :  1.99687e-06
 Reference value :  1.99739e-06
 Reference value :  1.99791e-06
 Reference value :  1.99843e-06
 Reference value :  1.99893e-06
 Reference value :  1.99945e-06
 Reference value :  1.99997e-06
 Reference value :  2.00047e-06
 Reference value :  2.00099e-06
 Reference value :  2.00151e-06
 Reference value :  2.00201e-06
 Reference value :  2.00253e-06
 Reference value :  2.00303e-06
 Reference value :  2.00351e-06
 Reference value :  2.00405e-06
 Reference value :  2.00457e-06
 Reference value :  2.00509e-06
 Reference value :  2.00561e-06
 Reference value :  2.00615e-06
 Reference value :  2.00665e-06
 Reference value :  2.00717e-06
 Reference value :  2.00767e-06
 Reference value :  2.00821e-06
 Reference value :  2.00873e-06
 Reference value :  2.00925e-06
 Reference value :  2.00979e-06
 Reference value :  2.01031e-06
 Reference value :  2.01081e-06
 Reference value :  2.01133e-06
 Reference value :  2.01185e-06
 Reference value :  2.01237e-06
 Reference value :  2.01289e-06
 Reference value :  2.01343e-06
 Reference value :  2.01395e-06
 Reference value :  2.01447e-06
 Reference value :  2.01497e-06
 Reference value :  2.01551e-06
 Reference value :  2.01603e-06
 Reference value :  2.01655e-06
 Reference value :  2.01707e-06
 Reference value :  2.01755e-06
 Reference value :  2.01807e-06
 Reference value :  2.01857e-06
 Reference value :  2.01909e-06
 Reference value :  2.01963e-06
 Reference value :  2.02017e-06
 Reference value :  2.02069e-06
 Reference value :  2.02123e-06
 Reference value :  2.02177e-06
 Reference value :  2.02227e-06
 Reference value :  2.02277e-06
 Reference value :  2.02327e-06
 Reference value :  2.02381e-06
 Reference value :  2.02431e-06
 Reference value :  2.02483e-06
 Reference value :  2.02535e-06
 Reference value :  2.02589e-06
 Reference value :  2.02639e-06
 Reference value :  2.02689e-06
 Reference value :  2.02739e-06
 Reference value :  2.02789e-06
 Reference value :  2.02839e-06
 Reference value :  2.02891e-06
 Reference value :  2.02943e-06
 Reference value :  2.02995e-06
 Reference value :  2.03047e-06
 Reference value :  2.03097e-06
 Reference value :  2.03149e-06
 Reference value :  2.03201e-06
 Reference value :  2.03251e-06
 Reference value :  2.03303e-06
 Reference value :  2.03353e-06
 Reference value :  2.03405e-06
 Reference value :  2.03457e-06
 Reference value :  2.03507e-06
 Reference value :  2.03561e-06
 Reference value :  2.03615e-06
 Reference value :  2.03669e-06
 Reference value :  2.03719e-06
 Reference value :  2.03771e-06
 Reference value :  2.03821e-06
 Reference value :  2.03871e-06
 Reference value :  2.03923e-06
 Reference value :  2.03975e-06
 Reference value :  2.04027e-06
 Reference value :  2.04079e-06
 Reference value :  2.04129e-06
 Reference value :  2.04179e-06
 Reference value :  2.04231e-06
 Reference value :  2.04283e-06
 Reference value :  2.04333e-06
 Reference value :  2.04387e-06
 Reference value :  2.04439e-06
 Reference value :  2.04491e-06
 Reference value :  2.04543e-06
 Reference value :  2.04595e-06
 Reference value :  2.04647e-06
 Reference value :  2.04699e-06
 Reference value :  2.04749e-06
 Reference value :  2.04799e-06
 Reference value :  2.04849e-06
 Reference value :  2.04901e-06
 Reference value :  2.04953e-06
 Reference value :  2.05005e-06
 Reference value :  2.05059e-06
 Reference value :  2.05109e-06
 Reference value :  2.05161e-06
 Reference value :  2.05211e-06
 Reference value :  2.05265e-06
 Reference value :  2.05315e-06
 Reference value :  2.05365e-06
 Reference value :  2.05419e-06
 Reference value :  2.05471e-06
 Reference value :  2.05523e-06
 Reference value :  2.05573e-06
 Reference value :  2.05625e-06
 Reference value :  2.05675e-06
 Reference value :  2.05725e-06
 Reference value :  2.05781e-06
 Reference value :  2.05831e-06
 Reference value :  2.05883e-06
 Reference value :  2.05929e-06
 Reference value :  2.05981e-06
 Reference value :  2.06033e-06
 Reference value :  2.06085e-06
 Reference value :  2.06135e-06
 Reference value :  2.06185e-06
 Reference value :  2.06235e-06
 Reference value :  2.06285e-06
 Reference value :  2.06335e-06
 Reference value :  2.06389e-06
 Reference value :  2.06441e-06
 Reference value :  2.06493e-06
 Reference value :  2.06545e-06
 Reference value :  2.06595e-06
 Reference value :  2.06649e-06
 Reference value :  2.06699e-06
 Reference value :  2.06751e-06
 Reference value :  2.06803e-06
 Reference value :  2.06853e-06
 Reference value :  2.06905e-06
 Reference value :  2.06957e-06
 Reference value :  2.07009e-06
 Reference value :  2.07059e-06
 Reference value :  2.07109e-06
 Reference value :  2.07161e-06
 Reference value :  2.07213e-06
 Reference value :  2.07265e-06
 Reference value :  2.07315e-06
 Reference value :  2.07369e-06
 Reference value :  2.07423e-06
 Reference value :  2.07475e-06
 Reference value :  2.07527e-06
 Reference value :  2.07579e-06
 Reference value :  2.07631e-06
 Reference value :  2.07683e-06
 Reference value :  2.07739e-06
 Reference value :  2.07791e-06
 Reference value :  2.07843e-06
 Reference value :  2.07893e-06
 Reference value :  2.07945e-06
 Reference value :  2.07999e-06
 Reference value :  2.08049e-06
 Reference value :  2.08101e-06
 Reference value :  2.08151e-06
 Reference value :  2.08203e-06
 Reference value :  2.08253e-06
 Reference value :  2.08305e-06
 Reference value :  2.08355e-06
 Reference value :  2.08405e-06
 Reference value :  2.08457e-06
 Reference value :  2.08507e-06
 Reference value :  2.08557e-06
 Reference value :  2.08609e-06
 Reference value :  2.08659e-06
 Reference value :  2.08711e-06
 Reference value :  2.08761e-06
 Reference value :  2.08811e-06
 Reference value :  2.08861e-06
 Reference value :  2.08911e-06
 Reference value :  2.08963e-06
 Reference value :  2.09013e-06
 Reference value :  2.09065e-06
 Reference value :  2.09117e-06
 Reference value :  2.09167e-06
 Reference value :  2.09221e-06
 Reference value :  2.09271e-06
 Reference value :  2.09321e-06
 Reference value :  2.09373e-06
 Reference value :  2.09425e-06
 Reference value :  2.09477e-06
 Reference value :  2.09529e-06
 Reference value :  2.09577e-06
 Reference value :  2.09629e-06
 Reference value :  2.09681e-06
 Reference value :  2.09731e-06
 Reference value :  2.09781e-06
 Reference value :  2.09831e-06
 Reference value :  2.09881e-06
 Reference value :  2.09931e-06
 Reference value :  2.09983e-06
 Reference value :  2.10035e-06
 Reference value :  2.10083e-06
 Reference value :  2.10135e-06
 Reference value :  2.10187e-06
 Reference value :  2.10241e-06
 Reference value :  2.10293e-06
 Reference value :  2.10343e-06
 Reference value :  2.10393e-06
 Reference value :  2.10445e-06
 Reference value :  2.10497e-06
 Reference value :  2.10547e-06
 Reference value :  2.10599e-06
 Reference value :  2.10649e-06
 Reference value :  2.10701e-06
 Reference value :  2.10753e-06
 Reference value :  2.10807e-06
 Reference value :  2.10857e-06
 Reference value :  2.10909e-06
 Reference value :  2.10961e-06
 Reference value :  2.11011e-06
 Reference value :  2.11065e-06
 Reference value :  2.11119e-06
 Reference value :  2.11171e-06
 Reference value :  2.11223e-06
 Reference value :  2.11275e-06
 Reference value :  2.11327e-06
 Reference value :  2.11379e-06
 Reference value :  2.11431e-06
 Reference value :  2.11483e-06
 Reference value :  2.11535e-06
 Reference value :  2.11587e-06
 Reference value :  2.11639e-06
 Reference value :  2.11689e-06
 Reference value :  2.11741e-06
 Reference value :  2.11791e-06
 Reference value :  2.11839e-06
 Reference value :  2.11893e-06
 Reference value :  2.11943e-06
 Reference value :  2.11995e-06
 Reference value :  2.12045e-06
 Reference value :  2.12091e-06
 Reference value :  2.12143e-06
 Reference value :  2.12195e-06
 Reference value :  2.12245e-06
 Reference value :  2.12299e-06
 Reference value :  2.12349e-06
 Reference value :  2.12399e-06
 Reference value :  2.12449e-06
 Reference value :  2.12501e-06
 Reference value :  2.12557e-06
 Reference value :  2.12609e-06
 Reference value :  2.12663e-06
 Reference value :  2.12713e-06
 Reference value :  2.12765e-06
 Reference value :  2.12819e-06
 Reference value :  2.12871e-06
 Reference value :  2.12925e-06
 Reference value :  2.12977e-06
 Reference value :  2.13027e-06
 Reference value :  2.13081e-06
 Reference value :  2.13133e-06
 Reference value :  2.13185e-06
 Reference value :  2.13235e-06
 Reference value :  2.13287e-06
 Reference value :  2.13337e-06
 Reference value :  2.13387e-06
 Reference value :  2.13439e-06
 Reference value :  2.13489e-06
 Reference value :  2.13541e-06
 Reference value :  2.13593e-06
 Reference value :  2.13645e-06
 Reference value :  2.13695e-06
 Reference value :  2.13745e-06
 Reference value :  2.13795e-06
 Reference value :  2.13845e-06
 Reference value :  2.13897e-06
 Reference value :  2.13949e-06
 Reference value :  2.14003e-06
 Reference value :  2.14055e-06
 Reference value :  2.14107e-06
 Reference value :  2.14157e-06
 Reference value :  2.14207e-06
 Reference value :  2.14259e-06
 Reference value :  2.14311e-06
 Reference value :  2.14361e-06
 Reference value :  2.14413e-06
 Reference value :  2.14465e-06
 Reference value :  2.14515e-06
 Reference value :  2.14569e-06
 Reference value :  2.14619e-06
 Reference value :  2.14671e-06
 Reference value :  2.14721e-06
 Reference value :  2.14773e-06
 Reference value :  2.14823e-06
 Reference value :  2.14877e-06
 Reference value :  2.14927e-06
 Reference value :  2.14981e-06
 Reference value :  2.15033e-06
 Reference value :  2.15083e-06
 Reference value :  2.15133e-06
 Reference value :  2.15185e-06
 Reference value :  2.15235e-06
 Reference value :  2.15287e-06
 Reference value :  2.15341e-06
 Reference value :  2.15393e-06
 Reference value :  2.15445e-06
 Reference value :  2.15497e-06
 Reference value :  2.15545e-06
 Reference value :  2.15595e-06
 Reference value :  2.15645e-06
 Reference value :  2.15695e-06
 Reference value :  2.15747e-06
 Reference value :  2.15797e-06
 Reference value :  2.15847e-06
 Reference value :  2.15897e-06
 Reference value :  2.15949e-06
 Reference value :  2.16003e-06
 Reference value :  2.16055e-06
 Reference value :  2.16107e-06
 Reference value :  2.16159e-06
 Reference value :  2.16211e-06
 Reference value :  2.16261e-06
 Reference value :  2.16309e-06
 Reference value :  2.16363e-06
 Reference value :  2.16413e-06
 Reference value :  2.16465e-06
 Reference value :  2.16517e-06
 Reference value :  2.16567e-06
 Reference value :  2.16619e-06
 Reference value :  2.16669e-06
 Reference value :  2.16723e-06
 Reference value :  2.16777e-06
 Reference value :  2.16827e-06
 Reference value :  2.16879e-06
 Reference value :  2.16927e-06
 Reference value :  2.16981e-06
 Reference value :  2.17029e-06
 Reference value :  2.17079e-06
 Reference value :  2.17131e-06
 Reference value :  2.17185e-06
 Reference value :  2.17237e-06
 Reference value :  2.17289e-06
 Reference value :  2.17341e-06
 Reference value :  2.17393e-06
 Reference value :  2.17443e-06
 Reference value :  2.17495e-06
 Reference value :  2.17547e-06
 Reference value :  2.17597e-06
 Reference value :  2.17649e-06
 Reference value :  2.17701e-06
 Reference value :  2.17755e-06
 Reference value :  2.17805e-06
 Reference value :  2.17859e-06
 Reference value :  2.17911e-06
 Reference value :  2.17963e-06
 Reference value :  2.18015e-06
 Reference value :  2.18067e-06
 Reference value :  2.18115e-06
 Reference value :  2.18167e-06
 Reference value :  2.18221e-06
 Reference value :  2.18271e-06
 Reference value :  2.18323e-06
 Reference value :  2.18375e-06
 Reference value :  2.18425e-06
 Reference value :  2.18477e-06
 Reference value :  2.18527e-06
 Reference value :  2.18579e-06
 Reference value :  2.18631e-06
 Reference value :  2.18681e-06
 Reference value :  2.18735e-06
 Reference value :  2.18785e-06
 Reference value :  2.18837e-06
 Reference value :  2.18889e-06
 Reference value :  2.18941e-06
 Reference value :  2.18993e-06
 Reference value :  2.19045e-06
 Reference value :  2.19095e-06
 Reference value :  2.19145e-06
 Reference value :  2.19197e-06
 Reference value :  2.19247e-06
 Reference value :  2.19299e-06
 Reference value :  2.19351e-06
 Reference value :  2.19403e-06
 Reference value :  2.19453e-06
 Reference value :  2.19503e-06
 Reference value :  2.19553e-06
 Reference value :  2.19605e-06
 Reference value :  2.19657e-06
 Reference value :  2.19707e-06
 Reference value :  2.19757e-06
 Reference value :  2.19807e-06
 Reference value :  2.19859e-06
 Reference value :  2.19911e-06
 Reference value :  2.19963e-06
 Reference value :  2.20015e-06
 Reference value :  2.20067e-06
 Reference value :  2.20121e-06
 Reference value :  2.20171e-06
 Reference value :  2.20223e-06
 Reference value :  2.20275e-06
 Reference value :  2.20327e-06
 Reference value :  2.20377e-06
 Reference value :  2.20431e-06
 Reference value :  2.20483e-06
 Reference value :  2.20537e-06
 Reference value :  2.20589e-06
 Reference value :  2.20639e-06
 Reference value :  2.20691e-06
 Reference value :  2.20743e-06
 Reference value :  2.20795e-06
 Reference value :  2.20845e-06
 Reference value :  2.20895e-06
 Reference value :  2.20945e-06
 Reference value :  2.20997e-06
 Reference value :  2.21049e-06
 Reference value :  2.21099e-06
 Reference value :  2.21151e-06
 Reference value :  2.21203e-06
 Reference value :  2.21253e-06
 Reference value :  2.21305e-06
 Reference value :  2.21365e-06
 Reference value :  2.21415e-06
 Reference value :  2.21465e-06
 Reference value :  2.21519e-06
 Reference value :  2.21569e-06
 Reference value :  2.21621e-06
 Reference value :  2.21671e-06
 Reference value :  2.21723e-06
 Reference value :  2.21775e-06
 Reference value :  2.21825e-06
 Reference value :  2.21875e-06
 Reference value :  2.21929e-06
 Reference value :  2.21981e-06
 Reference value :  2.22031e-06
 Reference value :  2.22081e-06
 Reference value :  2.22131e-06
 Reference value :  2.22181e-06
 Reference value :  2.22233e-06
 Reference value :  2.22285e-06
 Reference value :  2.22337e-06
 Reference value :  2.22387e-06
 Reference value :  2.22437e-06
 Reference value :  2.22487e-06
 Reference value :  2.22541e-06
 Reference value :  2.22593e-06
 Reference value :  2.22643e-06
 Reference value :  2.22695e-06
 Reference value :  2.22745e-06
 Reference value :  2.22795e-06
 Reference value :  2.22847e-06
 Reference value :  2.22897e-06
 Reference value :  2.22949e-06
 Reference value :  2.23003e-06
 Reference value :  2.23053e-06
 Reference value :  2.23105e-06
 Reference value :  2.23155e-06
 Reference value :  2.23209e-06
 Reference value :  2.23261e-06
 Reference value :  2.23313e-06
 Reference value :  2.23363e-06
 Reference value :  2.23413e-06
 Reference value :  2.23463e-06
 Reference value :  2.23515e-06
 Reference value :  2.23567e-06
 Reference value :  2.23617e-06
 Reference value :  2.23667e-06
 Reference value :  2.23719e-06
 Reference value :  2.23771e-06
 Reference value :  2.23825e-06
 Reference value :  2.23877e-06
 Reference value :  2.23929e-06
 Reference value :  2.23981e-06
 Reference value :  2.24033e-06
 Reference value :  2.24085e-06
 Reference value :  2.24137e-06
 Reference value :  2.24191e-06
 Reference value :  2.24241e-06
 Reference value :  2.24293e-06
 Reference value :  2.24345e-06
 Reference value :  2.24395e-06
 Reference value :  2.24445e-06
 Reference value :  2.24497e-06
 Reference value :  2.24547e-06
 Reference value :  2.24599e-06
 Reference value :  2.24653e-06
 Reference value :  2.24709e-06
 Reference value :  2.24759e-06
 Reference value :  2.24811e-06
 Reference value :  2.24861e-06
 Reference value :  2.24911e-06
 Reference value :  2.24963e-06
 Reference value :  2.25015e-06
 Reference value :  2.25067e-06
 Reference value :  2.25119e-06
 Reference value :  2.25171e-06
 Reference value :  2.25221e-06
 Reference value :  2.25271e-06
 Reference value :  2.25323e-06
 Reference value :  2.25375e-06
 Reference value :  2.25429e-06
 Reference value :  2.25481e-06
 Reference value :  2.25531e-06
 Reference value :  2.25583e-06
 Reference value :  2.25635e-06
 Reference value :  2.25689e-06
 Reference value :  2.25741e-06
 Reference value :  2.25791e-06
 Reference value :  2.25843e-06
 Reference value :  2.25893e-06
 Reference value :  2.25945e-06
 Reference value :  2.25995e-06
 Reference value :  2.26047e-06
 Reference value :  2.26097e-06
 Reference value :  2.26149e-06
 Reference value :  2.26201e-06
 Reference value :  2.26253e-06
 Reference value :  2.26303e-06
 Reference value :  2.26355e-06
 Reference value :  2.26407e-06
 Reference value :  2.26459e-06
 Reference value :  2.26509e-06
 Reference value :  2.26561e-06
 Reference value :  2.26613e-06
 Reference value :  2.26663e-06
 Reference value :  2.26715e-06
 Reference value :  2.26767e-06
 Reference value :  2.26819e-06
 Reference value :  2.26869e-06
 Reference value :  2.26923e-06
 Reference value :  2.26975e-06
 Reference value :  2.27027e-06
 Reference value :  2.27079e-06
 Reference value :  2.27131e-06
 Reference value :  2.27183e-06
 Reference value :  2.27235e-06
 Reference value :  2.27287e-06
 Reference value :  2.27339e-06
 Reference value :  2.27391e-06
 Reference value :  2.27441e-06
 Reference value :  2.27493e-06
 Reference value :  2.27547e-06
 Reference value :  2.27597e-06
 Reference value :  2.27649e-06
 Reference value :  2.27701e-06
 Reference value :  2.27753e-06
 Reference value :  2.27805e-06
 Reference value :  2.27855e-06
 Reference value :  2.27905e-06
 Reference value :  2.27953e-06
 Reference value :  2.28003e-06
 Reference value :  2.28055e-06
 Reference value :  2.28107e-06
 Reference value :  2.28159e-06
 Reference value :  2.28209e-06
 Reference value :  2.28263e-06
 Reference value :  2.28315e-06
 Reference value :  2.28365e-06
 Reference value :  2.28417e-06
 Reference value :  2.28469e-06
 Reference value :  2.28519e-06
 Reference value :  2.28571e-06
 Reference value :  2.28623e-06
 Reference value :  2.28673e-06
 Reference value :  2.28725e-06
 Reference value :  2.28775e-06
 Reference value :  2.28827e-06
 Reference value :  2.28881e-06
 Reference value :  2.28931e-06
 Reference value :  2.28983e-06
 Reference value :  2.29033e-06
 Reference value :  2.29083e-06
 Reference value :  2.29133e-06
 Reference value :  2.29185e-06
 Reference value :  2.29237e-06
 Reference value :  2.29287e-06
 Reference value :  2.29339e-06
 Reference value :  2.29391e-06
 Reference value :  2.29445e-06
 Reference value :  2.29497e-06
 Reference value :  2.29549e-06
 Reference value :  2.29597e-06
 Reference value :  2.29647e-06
 Reference value :  2.29701e-06
 Reference value :  2.29753e-06
 Reference value :  2.29805e-06
 Reference value :  2.29857e-06
 Reference value :  2.29909e-06
 Reference value :  2.29963e-06
 Reference value :  2.30013e-06
 Reference value :  2.30065e-06
 Reference value :  2.30117e-06
 Reference value :  2.30167e-06
 Reference value :  2.30219e-06
 Reference value :  2.30271e-06
 Reference value :  2.30321e-06
 Reference value :  2.30375e-06
 Reference value :  2.30425e-06
 Reference value :  2.30477e-06
 Reference value :  2.30529e-06
 Reference value :  2.30583e-06
 Reference value :  2.30633e-06
 Reference value :  2.30685e-06
 Reference value :  2.30733e-06
 Reference value :  2.30785e-06
 Reference value :  2.30837e-06
 Reference value :  2.30889e-06
 Reference value :  2.30941e-06
 Reference value :  2.30993e-06
 Reference value :  2.31045e-06
 Reference value :  2.31095e-06
 Reference value :  2.31145e-06
 Reference value :  2.31197e-06
 Reference value :  2.31249e-06
 Reference value :  2.31301e-06
 Reference value :  2.31351e-06
 Reference value :  2.31403e-06
 Reference value :  2.31459e-06
 Reference value :  2.31511e-06
 Reference value :  2.31561e-06
 Reference value :  2.31611e-06
 Reference value :  2.31663e-06
 Reference value :  2.31715e-06
 Reference value :  2.31769e-06
 Reference value :  2.31819e-06
 Reference value :  2.31871e-06
 Reference value :  2.31923e-06
 Reference value :  2.31973e-06
 Reference value :  2.32025e-06
 Reference value :  2.32077e-06
 Reference value :  2.32125e-06
 Reference value :  2.32175e-06
 Reference value :  2.32229e-06
 Reference value :  2.32279e-06
 Reference value :  2.32329e-06
 Reference value :  2.32379e-06
 Reference value :  2.32433e-06
 Reference value :  2.32483e-06
 Reference value :  2.32535e-06
 Reference value :  2.32583e-06
 Reference value :  2.32635e-06
 Reference value :  2.32685e-06
 Reference value :  2.32737e-06
 Reference value :  2.32787e-06
 Reference value :  2.32837e-06
 Reference value :  2.32889e-06
 Reference value :  2.32939e-06
 Reference value :  2.32993e-06
 Reference value :  2.33043e-06
 Reference value :  2.33093e-06
 Reference value :  2.33145e-06
 Reference value :  2.33197e-06
 Reference value :  2.33249e-06
 Reference value :  2.33301e-06
 Reference value :  2.33351e-06
 Reference value :  2.33401e-06
 Reference value :  2.33453e-06
 Reference value :  2.33503e-06
 Reference value :  2.33555e-06
 Reference value :  2.33605e-06
 Reference value :  2.33655e-06
 Reference value :  2.33703e-06
 Reference value :  2.33755e-06
 Reference value :  2.33809e-06
 Reference value :  2.33859e-06
 Reference value :  2.33909e-06
 Reference value :  2.33961e-06
 Reference value :  2.34013e-06
 Reference value :  2.34063e-06
 Reference value :  2.34113e-06
 Reference value :  2.34163e-06
 Reference value :  2.34213e-06
 Reference value :  2.34265e-06
 Reference value :  2.34315e-06
 Reference value :  2.34367e-06
 Reference value :  2.34419e-06
 Reference value :  2.34471e-06
 Reference value :  2.34519e-06
 Reference value :  2.34569e-06
 Reference value :  2.34617e-06
 Reference value :  2.34667e-06
 Reference value :  2.34719e-06
 Reference value :  2.34769e-06
 Reference value :  2.34819e-06
 Reference value :  2.34869e-06
 Reference value :  2.34921e-06
 Reference value :  2.34971e-06
 Reference value :  2.35021e-06
 Reference value :  2.35071e-06
 Reference value :  2.35123e-06
 Reference value :  2.35175e-06
 Reference value :  2.35227e-06
 Reference value :  2.35279e-06
 Reference value :  2.35331e-06
 Reference value :  2.35383e-06
 Reference value :  2.35435e-06
 Reference value :  2.35489e-06
 Reference value :  2.35541e-06
 Reference value :  2.35593e-06
 Reference value :  2.35645e-06
 Reference value :  2.35695e-06
 Reference value :  2.35747e-06
 Reference value :  2.35797e-06
 Reference value :  2.35851e-06
 Reference value :  2.35901e-06
 Reference value :  2.35949e-06
 Reference value :  2.36003e-06
 Reference value :  2.36057e-06
 Reference value :  2.36107e-06
 Reference value :  2.36157e-06
 Reference value :  2.36207e-06
 Reference value :  2.36259e-06
 Reference value :  2.36311e-06
 Reference value :  2.36361e-06
 Reference value :  2.36413e-06
 Reference value :  2.36463e-06
 Reference value :  2.36515e-06
 Reference value :  2.36565e-06
 Reference value :  2.36617e-06
 Reference value :  2.36667e-06
 Reference value :  2.36715e-06
 Reference value :  2.36769e-06
 Reference value :  2.36821e-06
 Reference value :  2.36875e-06
 Reference value :  2.36925e-06
 Reference value :  2.36975e-06
 Reference value :  2.37027e-06
 Reference value :  2.37077e-06
 Reference value :  2.37127e-06
 Reference value :  2.37181e-06
 Reference value :  2.37231e-06
 Reference value :  2.37281e-06
 Reference value :  2.37333e-06
 Reference value :  2.37385e-06
 Reference value :  2.37437e-06
 Reference value :  2.37487e-06
 Reference value :  2.37541e-06
 Reference value :  2.37593e-06
 Reference value :  2.37645e-06
 Reference value :  2.37695e-06
 Reference value :  2.37745e-06
 Reference value :  2.37799e-06
 Reference value :  2.37847e-06
 Reference value :  2.37897e-06
 Reference value :  2.37949e-06
 Reference value :  2.37999e-06
 Reference value :  2.38051e-06
 Reference value :  2.38105e-06
 Reference value :  2.38155e-06
 Reference value :  2.38207e-06
 Reference value :  2.38257e-06
 Reference value :  2.38307e-06
 Reference value :  2.38359e-06
 Reference value :  2.38409e-06
 Reference value :  2.38461e-06
 Reference value :  2.38513e-06
 Reference value :  2.38565e-06
 Reference value :  2.38617e-06
 Reference value :  2.38665e-06
 Reference value :  2.38719e-06
 Reference value :  2.38769e-06
 Reference value :  2.38819e-06
 Reference value :  2.38869e-06
 Reference value :  2.38919e-06
 Reference value :  2.38969e-06
 Reference value :  2.39017e-06
 Reference value :  2.39069e-06
 Reference value :  2.39121e-06
 Reference value :  2.39173e-06
 Reference value :  2.39225e-06
 Reference value :  2.39277e-06
 Reference value :  2.39327e-06
 Reference value :  2.39377e-06
 Reference value :  2.39427e-06
 Reference value :  2.39477e-06
 Reference value :  2.39529e-06
 Reference value :  2.39579e-06
 Reference value :  2.39631e-06
 Reference value :  2.39683e-06
 Reference value :  2.39737e-06
 Reference value :  2.39787e-06
 Reference value :  2.39839e-06
 Reference value :  2.39891e-06
 Reference value :  2.39943e-06
 Reference value :  2.39995e-06
 Reference value :  2.40045e-06
 Reference value :  2.40097e-06
 Reference value :  2.40147e-06
 Reference value :  2.40197e-06
 Reference value :  2.40245e-06
 Reference value :  2.40299e-06
 Reference value :  2.40349e-06
 Reference value :  2.40401e-06
 Reference value :  2.40453e-06
 Reference value :  2.40503e-06
 Reference value :  2.40555e-06
 Reference value :  2.40607e-06
 Reference value :  2.40659e-06
 Reference value :  2.40711e-06
 Reference value :  2.40763e-06
 Reference value :  2.40813e-06
 Reference value :  2.40863e-06
 Reference value :  2.40913e-06
 Reference value :  2.40965e-06
 Reference value :  2.41017e-06
 Reference value :  2.41065e-06
 Reference value :  2.41117e-06
 Reference value :  2.41167e-06
 Reference value :  2.41219e-06
 Reference value :  2.41269e-06
 Reference value :  2.41321e-06
 Reference value :  2.41371e-06
 Reference value :  2.41421e-06
 Reference value :  2.41473e-06
 Reference value :  2.41523e-06
 Reference value :  2.41575e-06
 Reference value :  2.41627e-06
 Reference value :  2.41679e-06
 Reference value :  2.41731e-06
 Reference value :  2.41781e-06
 Reference value :  2.41833e-06
 Reference value :  2.41883e-06
 Reference value :  2.41933e-06
 Reference value :  2.41985e-06
 Reference value :  2.42037e-06
 Reference value :  2.42087e-06
 Reference value :  2.42137e-06
 Reference value :  2.42187e-06
 Reference value :  2.42239e-06
 Reference value :  2.42291e-06
 Reference value :  2.42341e-06
 Reference value :  2.42391e-06
 Reference value :  2.42443e-06
 Reference value :  2.42495e-06
 Reference value :  2.42547e-06
 Reference value :  2.42603e-06
 Reference value :  2.42653e-06
 Reference value :  2.42703e-06
 Reference value :  2.42753e-06
 Reference value :  2.42805e-06
 Reference value :  2.42855e-06
 Reference value :  2.42905e-06
 Reference value :  2.42955e-06
 Reference value :  2.43007e-06
 Reference value :  2.43059e-06
 Reference value :  2.43107e-06
 Reference value :  2.43159e-06
 Reference value :  2.43211e-06
 Reference value :  2.43261e-06
 Reference value :  2.43313e-06
 Reference value :  2.43365e-06
 Reference value :  2.43417e-06
 Reference value :  2.43469e-06
 Reference value :  2.43521e-06
 Reference value :  2.43573e-06
 Reference value :  2.43625e-06
 Reference value :  2.43677e-06
 Reference value :  2.43729e-06
 Reference value :  2.43779e-06
 Reference value :  2.43831e-06
 Reference value :  2.43881e-06
 Reference value :  2.43931e-06
 Reference value :  2.43981e-06
 Reference value :  2.44033e-06
 Reference value :  2.44085e-06
 Reference value :  2.44139e-06
 Reference value :  2.44193e-06
 Reference value :  2.44241e-06
 Reference value :  2.44291e-06
 Reference value :  2.44343e-06
 Reference value :  2.44395e-06
 Reference value :  2.44447e-06
 Reference value :  2.44497e-06
 Reference value :  2.44547e-06
 Reference value :  2.44599e-06
 Reference value :  2.44651e-06
 Reference value :  2.44701e-06
 Reference value :  2.44753e-06
 Reference value :  2.44803e-06
 Reference value :  2.44855e-06
 Reference value :  2.44907e-06
 Reference value :  2.44959e-06
 Reference value :  2.45009e-06
 Reference value :  2.45059e-06
 Reference value :  2.45109e-06
 Reference value :  2.45163e-06
 Reference value :  2.45215e-06
 Reference value :  2.45265e-06
 Reference value :  2.45317e-06
 Reference value :  2.45371e-06
 Reference value :  2.45419e-06
 Reference value :  2.45469e-06
 Reference value :  2.45519e-06
 Reference value :  2.45571e-06
 Reference value :  2.45623e-06
 Reference value :  2.45675e-06
 Reference value :  2.45727e-06
 Reference value :  2.45777e-06
 Reference value :  2.45827e-06
 Reference value :  2.45879e-06
 Reference value :  2.45931e-06
 Reference value :  2.45981e-06
 Reference value :  2.46031e-06
 Reference value :  2.46081e-06
 Reference value :  2.46131e-06
 Reference value :  2.46183e-06
 Reference value :  2.46235e-06
 Reference value :  2.46285e-06
 Reference value :  2.46339e-06
 Reference value :  2.46391e-06
 Reference value :  2.46441e-06
 Reference value :  2.46493e-06
 Reference value :  2.46543e-06
 Reference value :  2.46595e-06
 Reference value :  2.46645e-06
 Reference value :  2.46697e-06
 Reference value :  2.46749e-06
 Reference value :  2.46801e-06
 Reference value :  2.46851e-06
 Reference value :  2.46903e-06
 Reference value :  2.46953e-06
 Reference value :  2.47001e-06
 Reference value :  2.47053e-06
 Reference value :  2.47107e-06
 Reference value :  2.47159e-06
 Reference value :  2.47211e-06
 Reference value :  2.47261e-06
 Reference value :  2.47311e-06
 Reference value :  2.47361e-06
 Reference value :  2.47413e-06
 Reference value :  2.47465e-06
 Reference value :  2.47515e-06
 Reference value :  2.47565e-06
 Reference value :  2.47617e-06
 Reference value :  2.47669e-06
 Reference value :  2.47721e-06
 Reference value :  2.47773e-06
 Reference value :  2.47823e-06
 Reference value :  2.47875e-06
 Reference value :  2.47925e-06
 Reference value :  2.47977e-06
 Reference value :  2.48025e-06
 Reference value :  2.48075e-06
 Reference value :  2.48129e-06
 Reference value :  2.48179e-06
 Reference value :  2.48231e-06
 Reference value :  2.48281e-06
 Reference value :  2.48333e-06
 Reference value :  2.48385e-06
 Reference value :  2.48439e-06
 Reference value :  2.48491e-06
 Reference value :  2.48541e-06
 Reference value :  2.48593e-06
 Reference value :  2.48645e-06
 Reference value :  2.48693e-06
 Reference value :  2.48745e-06
 Reference value :  2.48799e-06
 Reference value :  2.48849e-06
 Reference value :  2.48901e-06
 Reference value :  2.48951e-06
 Reference value :  2.49003e-06
 Reference value :  2.49055e-06
 Reference value :  2.49105e-06
 Reference value :  2.49157e-06
 Reference value :  2.49207e-06
 Reference value :  2.49259e-06
 Reference value :  2.49309e-06
 Reference value :  2.49359e-06
 Reference value :  2.49411e-06
 Reference value :  2.49463e-06
 Reference value :  2.49517e-06
 Reference value :  2.49569e-06
 Reference value :  2.49621e-06
 Reference value :  2.49671e-06
 Reference value :  2.49723e-06
 Reference value :  2.49775e-06
 Reference value :  2.49827e-06
 Reference value :  2.49877e-06
 Reference value :  2.49929e-06
 Reference value :  2.49979e-06
 Reference value :  2.50031e-06
 Reference value :  2.50083e-06
 Reference value :  2.50135e-06
 Reference value :  2.50185e-06
 Reference value :  2.50239e-06
 Reference value :  2.50291e-06
 Reference value :  2.50339e-06
 Reference value :  2.50391e-06
 Reference value :  2.50443e-06
 Reference value :  2.50495e-06
 Reference value :  2.50547e-06
 Reference value :  2.50597e-06
 Reference value :  2.50647e-06
 Reference value :  2.50699e-06
 Reference value :  2.50749e-06
 Reference value :  2.50801e-06
 Reference value :  2.50853e-06
 Reference value :  2.50901e-06
 Reference value :  2.50953e-06
 Reference value :  2.51005e-06
 Reference value :  2.51053e-06
 Reference value :  2.51105e-06
 Reference value :  2.51157e-06
 Reference value :  2.51207e-06
 Reference value :  2.51257e-06
 Reference value :  2.51311e-06
 Reference value :  2.51361e-06
 Reference value :  2.51411e-06
 Reference value :  2.51463e-06
 Reference value :  2.51515e-06
 Reference value :  2.51567e-06
 Reference value :  2.51617e-06
 Reference value :  2.51669e-06
 Reference value :  2.51721e-06
 Reference value :  2.51769e-06
 Reference value :  2.51821e-06
 Reference value :  2.51875e-06
 Reference value :  2.51925e-06
 Reference value :  2.51973e-06
 Reference value :  2.52025e-06
 Reference value :  2.52075e-06
 Reference value :  2.52127e-06
 Reference value :  2.52177e-06
 Reference value :  2.52227e-06
 Reference value :  2.52279e-06
 Reference value :  2.52331e-06
 Reference value :  2.52381e-06
 Reference value :  2.52435e-06
 Reference value :  2.52487e-06
 Reference value :  2.52539e-06
 Reference value :  2.52591e-06
 Reference value :  2.52643e-06
 Reference value :  2.52693e-06
 Reference value :  2.52743e-06
 Reference value :  2.52797e-06
 Reference value :  2.52847e-06
 Reference value :  2.52899e-06
 Reference value :  2.52951e-06
 Reference value :  2.53003e-06
 Reference value :  2.53053e-06
 Reference value :  2.53103e-06
 Reference value :  2.53151e-06
 Reference value :  2.53201e-06
 Reference value :  2.53251e-06
 Reference value :  2.53301e-06
 Reference value :  2.53355e-06
 Reference value :  2.53405e-06
 Reference value :  2.53455e-06
 Reference value :  2.53505e-06
 Reference value :  2.53555e-06
 Reference value :  2.53607e-06
 Reference value :  2.53657e-06
 Reference value :  2.53707e-06
 Reference value :  2.53759e-06
 Reference value :  2.53807e-06
 Reference value :  2.53857e-06
 Reference value :  2.53909e-06
 Reference value :  2.53959e-06
 Reference value :  2.54009e-06
 Reference value :  2.54059e-06
 Reference value :  2.54109e-06
 Reference value :  2.54159e-06
 Reference value :  2.54211e-06
 Reference value :  2.54263e-06
 Reference value :  2.54315e-06
 Reference value :  2.54365e-06
 Reference value :  2.54415e-06
 Reference value :  2.54465e-06
 Reference value :  2.54517e-06
 Reference value :  2.54567e-06
 Reference value :  2.54619e-06
 Reference value :  2.54669e-06
 Reference value :  2.54723e-06
 Reference value :  2.54775e-06
 Reference value :  2.54827e-06
 Reference value :  2.54879e-06
 Reference value :  2.54931e-06
 Reference value :  2.54981e-06
 Reference value :  2.55031e-06
 Reference value :  2.55083e-06
 Reference value :  2.55135e-06
 Reference value :  2.55185e-06
 Reference value :  2.55237e-06
 Reference value :  2.55287e-06
 Reference value :  2.55337e-06
 Reference value :  2.55389e-06
 Reference value :  2.55441e-06
 Reference value :  2.55491e-06
 Reference value :  2.55541e-06
 Reference value :  2.55593e-06
 Reference value :  2.55643e-06
 Reference value :  2.55693e-06
 Reference value :  2.55743e-06
 Reference value :  2.55793e-06
 Reference value :  2.55845e-06
 Reference value :  2.55897e-06
 Reference value :  2.55949e-06
 Reference value :  2.56001e-06
 Reference value :  2.56053e-06
 Reference value :  2.56103e-06
 Reference value :  2.56153e-06
 Reference value :  2.56203e-06
 Reference value :  2.56255e-06
 Reference value :  2.56307e-06
 Reference value :  2.56359e-06
 Reference value :  2.56411e-06
 Reference value :  2.56459e-06
 Reference value :  2.56509e-06
 Reference value :  2.56559e-06
 Reference value :  2.56609e-06
 Reference value :  2.56661e-06
 Reference value :  2.56715e-06
 Reference value :  2.56765e-06
 Reference value :  2.56817e-06
 Reference value :  2.56869e-06
 Reference value :  2.56919e-06
 Reference value :  2.56971e-06
 Reference value :  2.57021e-06
 Reference value :  2.57071e-06
 Reference value :  2.57123e-06
 Reference value :  2.57175e-06
 Reference value :  2.57227e-06
 Reference value :  2.57279e-06
 Reference value :  2.57331e-06
 Reference value :  2.57385e-06
 Reference value :  2.57435e-06
 Reference value :  2.57487e-06
 Reference value :  2.57537e-06
 Reference value :  2.57589e-06
 Reference value :  2.57641e-06
 Reference value :  2.57693e-06
 Reference value :  2.57745e-06
 Reference value :  2.57797e-06
 Reference value :  2.57847e-06
 Reference value :  2.57899e-06
 Reference value :  2.57951e-06
 Reference value :  2.58001e-06
 Reference value :  2.58051e-06
 Reference value :  2.58101e-06
 Reference value :  2.58153e-06
 Reference value :  2.58203e-06
 Reference value :  2.58253e-06
 Reference value :  2.58303e-06
 Reference value :  2.58351e-06
 Reference value :  2.58401e-06
 Reference value :  2.58451e-06
 Reference value :  2.58501e-06
 Reference value :  2.58551e-06
 Reference value :  2.58605e-06
 Reference value :  2.58653e-06
 Reference value :  2.58705e-06
 Reference value :  2.58757e-06
 Reference value :  2.58807e-06
 Reference value :  2.58859e-06
 Reference value :  2.58911e-06
 Reference value :  2.58963e-06
 Reference value :  2.59015e-06
 Reference value :  2.59069e-06
 Reference value :  2.59123e-06
 Reference value :  2.59173e-06
 Reference value :  2.59225e-06
 Reference value :  2.59275e-06
 Reference value :  2.59327e-06
 Reference value :  2.59379e-06
 Reference value :  2.59431e-06
 Reference value :  2.59481e-06
 Reference value :  2.59533e-06
 Reference value :  2.59583e-06
 Reference value :  2.59633e-06
 Reference value :  2.59683e-06
 Reference value :  2.59731e-06
 Reference value :  2.59783e-06
 Reference value :  2.59835e-06
 Reference value :  2.59885e-06
 Reference value :  2.59935e-06
 Reference value :  2.59985e-06
 Reference value :  2.60037e-06
 Reference value :  2.60089e-06
 Reference value :  2.60141e-06
 Reference value :  2.60191e-06
 Reference value :  2.60241e-06
 Reference value :  2.60291e-06
 Reference value :  2.60345e-06
 Reference value :  2.60395e-06
 Reference value :  2.60447e-06
 Reference value :  2.60497e-06
 Reference value :  2.60549e-06
 Reference value :  2.60601e-06
 Reference value :  2.60653e-06
 Reference value :  2.60703e-06
 Reference value :  2.60755e-06
 Reference value :  2.60805e-06
 Reference value :  2.60855e-06
 Reference value :  2.60907e-06
 Reference value :  2.60957e-06
 Reference value :  2.61009e-06
 Reference value :  2.61059e-06
 Reference value :  2.61111e-06
 Reference value :  2.61161e-06
 Reference value :  2.61211e-06
 Reference value :  2.61263e-06
 Reference value :  2.61313e-06
 Reference value :  2.61367e-06
 Reference value :  2.61419e-06
 Reference value :  2.61469e-06
 Reference value :  2.61521e-06
 Reference value :  2.61573e-06
 Reference value :  2.61623e-06
 Reference value :  2.61673e-06
 Reference value :  2.61723e-06
 Reference value :  2.61773e-06
 Reference value :  2.61825e-06
 Reference value :  2.61875e-06
 Reference value :  2.61929e-06
 Reference value :  2.61981e-06
 Reference value :  2.62031e-06
 Reference value :  2.62081e-06
 Reference value :  2.62129e-06
 Reference value :  2.62181e-06
 Reference value :  2.62233e-06
 Reference value :  2.62283e-06
 Reference value :  2.62335e-06
 Reference value :  2.62387e-06
 Reference value :  2.62439e-06
 Reference value :  2.62491e-06
 Reference value :  2.62539e-06
 Reference value :  2.62591e-06
 Reference value :  2.62641e-06
 Reference value :  2.62691e-06
 Reference value :  2.62743e-06
 Reference value :  2.62793e-06
 Reference value :  2.62843e-06
 Reference value :  2.62893e-06
 Reference value :  2.62943e-06
 Reference value :  2.62995e-06
 Reference value :  2.63047e-06
 Reference value :  2.63097e-06
 Reference value :  2.63147e-06
 Reference value :  2.63197e-06
 Reference value :  2.63247e-06
 Reference value :  2.63297e-06
 Reference value :  2.63345e-06
 Reference value :  2.63397e-06
 Reference value :  2.63447e-06
 Reference value :  2.63499e-06
 Reference value :  2.63551e-06
 Reference value :  2.63603e-06
 Reference value :  2.63653e-06
 Reference value :  2.63705e-06
 Reference value :  2.63757e-06
 Reference value :  2.63807e-06
 Reference value :  2.63857e-06
 Reference value :  2.63907e-06
 Reference value :  2.63961e-06
 Reference value :  2.64013e-06
 Reference value :  2.64065e-06
 Reference value :  2.64115e-06
 Reference value :  2.64167e-06
 Reference value :  2.64217e-06
 Reference value :  2.64269e-06
 Reference value :  2.64321e-06
 Reference value :  2.64373e-06
 Reference value :  2.64423e-06
 Reference value :  2.64475e-06
 Reference value :  2.64527e-06
 Reference value :  2.64579e-06
 Reference value :  2.64629e-06
 Reference value :  2.64681e-06
 Reference value :  2.64731e-06
 Reference value :  2.64781e-06
 Reference value :  2.64831e-06
 Reference value :  2.64881e-06
 Reference value :  2.64931e-06
 Reference value :  2.64981e-06
 Reference value :  2.65033e-06
 Reference value :  2.65085e-06
 Reference value :  2.65135e-06
 Reference value :  2.65187e-06
 Reference value :  2.65239e-06
 Reference value :  2.65289e-06
 Reference value :  2.65339e-06
 Reference value :  2.65389e-06
 Reference value :  2.65441e-06
 Reference value :  2.65493e-06
 Reference value :  2.65547e-06
 Reference value :  2.65599e-06
 Reference value :  2.65651e-06
 Reference value :  2.65705e-06
 Reference value :  2.65755e-06
 Reference value :  2.65807e-06
 Reference value :  2.65857e-06
 Reference value :  2.65909e-06
 Reference value :  2.65959e-06
 Reference value :  2.66011e-06
 Reference value :  2.66063e-06
 Reference value :  2.66115e-06
 Reference value :  2.66165e-06
 Reference value :  2.66213e-06
 Reference value :  2.66261e-06
 Reference value :  2.66311e-06
 Reference value :  2.66363e-06
 Reference value :  2.66415e-06
 Reference value :  2.66465e-06
 Reference value :  2.66517e-06
 Reference value :  2.66571e-06
 Reference value :  2.66621e-06
 Reference value :  2.66671e-06
 Reference value :  2.66723e-06
 Reference value :  2.66773e-06
 Reference value :  2.66825e-06
 Reference value :  2.66875e-06
 Reference value :  2.66927e-06
 Reference value :  2.66979e-06
 Reference value :  2.67033e-06
 Reference value :  2.67083e-06
 Reference value :  2.67133e-06
 Reference value :  2.67183e-06
 Reference value :  2.67235e-06
 Reference value :  2.67285e-06
 Reference value :  2.67335e-06
 Reference value :  2.67387e-06
 Reference value :  2.67437e-06
 Reference value :  2.67489e-06
 Reference value :  2.67541e-06
 Reference value :  2.67593e-06
 Reference value :  2.67643e-06
 Reference value :  2.67693e-06
 Reference value :  2.67747e-06
 Reference value :  2.67797e-06
 Reference value :  2.67845e-06
 Reference value :  2.67891e-06
 Reference value :  2.67943e-06
 Reference value :  2.67993e-06
 Reference value :  2.68045e-06
 Reference value :  2.68097e-06
 Reference value :  2.68149e-06
 Reference value :  2.68199e-06
 Reference value :  2.68249e-06
 Reference value :  2.68301e-06
 Reference value :  2.68351e-06
 Reference value :  2.68403e-06
 Reference value :  2.68453e-06
 Reference value :  2.68505e-06
 Reference value :  2.68557e-06
 Reference value :  2.68607e-06
 Reference value :  2.68659e-06
 Reference value :  2.68709e-06
 Reference value :  2.68759e-06
 Reference value :  2.68811e-06
 Reference value :  2.68863e-06
 Reference value :  2.68913e-06
 Reference value :  2.68963e-06
 Reference value :  2.69015e-06
 Reference value :  2.69065e-06
 Reference value :  2.69117e-06
 Reference value :  2.69169e-06
 Reference value :  2.69221e-06
 Reference value :  2.69271e-06
 Reference value :  2.69323e-06
 Reference value :  2.69373e-06
 Reference value :  2.69421e-06
 Reference value :  2.69473e-06
 Reference value :  2.69523e-06
 Reference value :  2.69575e-06
 Reference value :  2.69627e-06
 Reference value :  2.69679e-06
 Reference value :  2.69731e-06
 Reference value :  2.69783e-06
 Reference value :  2.69833e-06
 Reference value :  2.69883e-06
 Reference value :  2.69935e-06
 Reference value :  2.69985e-06
 Reference value :  2.70037e-06
 Reference value :  2.70087e-06
 Reference value :  2.70135e-06
 Reference value :  2.70185e-06
 Reference value :  2.70235e-06
 Reference value :  2.70285e-06
 Reference value :  2.70337e-06
 Reference value :  2.70389e-06
 Reference value :  2.70441e-06
 Reference value :  2.70493e-06
 Reference value :  2.70543e-06
 Reference value :  2.70595e-06
 Reference value :  2.70647e-06
 Reference value :  2.70697e-06
 Reference value :  2.70745e-06
 Reference value :  2.70797e-06
 Reference value :  2.70849e-06
 Reference value :  2.70899e-06
 Reference value :  2.70949e-06
 Reference value :  2.71001e-06
 Reference value :  2.71051e-06
 Reference value :  2.71101e-06
 Reference value :  2.71153e-06
 Reference value :  2.71203e-06
 Reference value :  2.71255e-06
 Reference value :  2.71305e-06
 Reference value :  2.71355e-06
 Reference value :  2.71405e-06
 Reference value :  2.71457e-06
 Reference value :  2.71507e-06
 Reference value :  2.71555e-06
 Reference value :  2.71607e-06
 Reference value :  2.71659e-06
 Reference value :  2.71709e-06
 Reference value :  2.71759e-06
 Reference value :  2.71809e-06
 Reference value :  2.71861e-06
 Reference value :  2.71913e-06
 Reference value :  2.71965e-06
 Reference value :  2.72015e-06
 Reference value :  2.72067e-06
 Reference value :  2.72117e-06
 Reference value :  2.72169e-06
 Reference value :  2.72221e-06
 Reference value :  2.72271e-06
 Reference value :  2.72323e-06
 Reference value :  2.72375e-06
 Reference value :  2.72425e-06
 Reference value :  2.72475e-06
 Reference value :  2.72527e-06
 Reference value :  2.72577e-06
 Reference value :  2.72629e-06
 Reference value :  2.72679e-06
 Reference value :  2.72731e-06
 Reference value :  2.72781e-06
 Reference value :  2.72833e-06
 Reference value :  2.72883e-06
 Reference value :  2.72933e-06
 Reference value :  2.72983e-06
 Reference value :  2.73035e-06
 Reference value :  2.73087e-06
 Reference value :  2.73139e-06
 Reference value :  2.73191e-06
 Reference value :  2.73241e-06
 Reference value :  2.73289e-06
 Reference value :  2.73341e-06
 Reference value :  2.73391e-06
 Reference value :  2.73441e-06
 Reference value :  2.73493e-06
 Reference value :  2.73545e-06
 Reference value :  2.73595e-06
 Reference value :  2.73647e-06
 Reference value :  2.73699e-06
 Reference value :  2.73751e-06
 Reference value :  2.73801e-06
 Reference value :  2.73849e-06
 Reference value :  2.73899e-06
 Reference value :  2.73951e-06
 Reference value :  2.74001e-06
 Reference value :  2.74053e-06
 Reference value :  2.74105e-06
 Reference value :  2.74155e-06
 Reference value :  2.74205e-06
 Reference value :  2.74255e-06
 Reference value :  2.74305e-06
 Reference value :  2.74357e-06
 Reference value :  2.74407e-06
 Reference value :  2.74457e-06
 Reference value :  2.74507e-06
 Reference value :  2.74555e-06
 Reference value :  2.74605e-06
 Reference value :  2.74655e-06
 Reference value :  2.74707e-06
 Reference value :  2.74759e-06
 Reference value :  2.74811e-06
 Reference value :  2.74861e-06
 Reference value :  2.74913e-06
 Reference value :  2.74965e-06
 Reference value :  2.75015e-06
 Reference value :  2.75065e-06
 Reference value :  2.75117e-06
 Reference value :  2.75171e-06
 Reference value :  2.75223e-06
 Reference value :  2.75275e-06
 Reference value :  2.75325e-06
 Reference value :  2.75375e-06
 Reference value :  2.75427e-06
 Reference value :  2.75479e-06
 Reference value :  2.75531e-06
 Reference value :  2.75583e-06
 Reference value :  2.75633e-06
 Reference value :  2.75683e-06
 Reference value :  2.75737e-06
 Reference value :  2.75787e-06
 Reference value :  2.75837e-06
 Reference value :  2.75887e-06
 Reference value :  2.75935e-06
 Reference value :  2.75987e-06
 Reference value :  2.76037e-06
 Reference value :  2.76087e-06
 Reference value :  2.76137e-06
 Reference value :  2.76189e-06
 Reference value :  2.76239e-06
 Reference value :  2.76291e-06
 Reference value :  2.76341e-06
 Reference value :  2.76391e-06
 Reference value :  2.76443e-06
 Reference value :  2.76493e-06
 Reference value :  2.76543e-06
 Reference value :  2.76595e-06
 Reference value :  2.76645e-06
 Reference value :  2.76697e-06
 Reference value :  2.76751e-06
 Reference value :  2.76801e-06
 Reference value :  2.76851e-06
 Reference value :  2.76903e-06
 Reference value :  2.76955e-06
 Reference value :  2.77007e-06
 Reference value :  2.77057e-06
 Reference value :  2.77107e-06
 Reference value :  2.77157e-06
 Reference value :  2.77209e-06
 Reference value :  2.77261e-06
 Reference value :  2.77313e-06
 Reference value :  2.77365e-06
 Reference value :  2.77415e-06
 Reference value :  2.77467e-06
 Reference value :  2.77519e-06
 Reference value :  2.77569e-06
 Reference value :  2.77619e-06
 Reference value :  2.77669e-06
 Reference value :  2.77719e-06
 Reference value :  2.77771e-06
 Reference value :  2.77819e-06
 Reference value :  2.77869e-06
 Reference value :  2.77919e-06
 Reference value :  2.77971e-06
 Reference value :  2.78023e-06
 Reference value :  2.78075e-06
 Reference value :  2.78125e-06
 Reference value :  2.78177e-06
 Reference value :  2.78229e-06
 Reference value :  2.78281e-06
 Reference value :  2.78331e-06
 Reference value :  2.78381e-06
 Reference value :  2.78429e-06
 Reference value :  2.78479e-06
 Reference value :  2.78529e-06
 Reference value :  2.78579e-06
 Reference value :  2.78629e-06
 Reference value :  2.78679e-06
 Reference value :  2.78731e-06
 Reference value :  2.78783e-06
 Reference value :  2.78833e-06
 Reference value :  2.78883e-06
 Reference value :  2.78937e-06
 Reference value :  2.78987e-06
 Reference value :  2.79037e-06
 Reference value :  2.79087e-06
 Reference value :  2.79139e-06
 Reference value :  2.79191e-06
 Reference value :  2.79243e-06
 Reference value :  2.79295e-06
 Reference value :  2.79347e-06
 Reference value :  2.79399e-06
 Reference value :  2.79447e-06
 Reference value :  2.79499e-06
 Reference value :  2.79551e-06
 Reference value :  2.79599e-06
 Reference value :  2.79651e-06
 Reference value :  2.79703e-06
 Reference value :  2.79755e-06
 Reference value :  2.79807e-06
 Reference value :  2.79859e-06
 Reference value :  2.79909e-06
 Reference value :  2.79961e-06
 Reference value :  2.80011e-06
 Reference value :  2.80063e-06
 Reference value :  2.80115e-06
 Reference value :  2.80165e-06
 Reference value :  2.80217e-06
 Reference value :  2.80267e-06
 Reference value :  2.80317e-06
 Reference value :  2.80367e-06
 Reference value :  2.80419e-06
 Reference value :  2.80471e-06
 Reference value :  2.80523e-06
 Reference value :  2.80573e-06
 Reference value :  2.80623e-06
 Reference value :  2.80677e-06
 Reference value :  2.80727e-06
 Reference value :  2.80779e-06
 Reference value :  2.80829e-06
 Reference value :  2.80881e-06
 Reference value :  2.80931e-06
 Reference value :  2.80981e-06
 Reference value :  2.81029e-06
 Reference value :  2.81079e-06
 Reference value :  2.81133e-06
 Reference value :  2.81183e-06
 Reference value :  2.81237e-06
 Reference value :  2.81289e-06
 Reference value :  2.81341e-06
 Reference value :  2.81391e-06
 Reference value :  2.81441e-06
 Reference value :  2.81493e-06
 Reference value :  2.81541e-06
 Reference value :  2.81589e-06
 Reference value :  2.81639e-06
 Reference value :  2.81693e-06
 Reference value :  2.81743e-06
 Reference value :  2.81795e-06
 Reference value :  2.81845e-06
 Reference value :  2.81895e-06
 Reference value :  2.81947e-06
 Reference value :  2.81999e-06
 Reference value :  2.82049e-06
 Reference value :  2.82099e-06
 Reference value :  2.82149e-06
 Reference value :  2.82201e-06
 Reference value :  2.82251e-06
 Reference value :  2.82299e-06
 Reference value :  2.82349e-06
 Reference value :  2.82399e-06
 Reference value :  2.82451e-06
 Reference value :  2.82503e-06
 Reference value :  2.82555e-06
 Reference value :  2.82603e-06
 Reference value :  2.82653e-06
 Reference value :  2.82705e-06
 Reference value :  2.82757e-06
 Reference value :  2.82807e-06
 Reference value :  2.82857e-06
 Reference value :  2.82907e-06
 Reference value :  2.82957e-06
 Reference value :  2.83009e-06
 Reference value :  2.83061e-06
 Reference value :  2.83111e-06
 Reference value :  2.83165e-06
 Reference value :  2.83215e-06
 Reference value :  2.83267e-06
 Reference value :  2.83319e-06
 Reference value :  2.83369e-06
 Reference value :  2.83421e-06
 Reference value :  2.83473e-06
 Reference value :  2.83523e-06
 Reference value :  2.83575e-06
 Reference value :  2.83625e-06
 Reference value :  2.83675e-06
 Reference value :  2.83727e-06
 Reference value :  2.83777e-06
 Reference value :  2.83827e-06
 Reference value :  2.83879e-06
 Reference value :  2.83931e-06
 Reference value :  2.83981e-06
 Reference value :  2.84033e-06
 Reference value :  2.84085e-06
 Reference value :  2.84137e-06
 Reference value :  2.84189e-06
 Reference value :  2.84241e-06
 Reference value :  2.84291e-06
 Reference value :  2.84341e-06
 Reference value :  2.84393e-06
 Reference value :  2.84443e-06
 Reference value :  2.84495e-06
 Reference value :  2.84547e-06
 Reference value :  2.84599e-06
 Reference value :  2.84649e-06
 Reference value :  2.84699e-06
 Reference value :  2.84753e-06
 Reference value :  2.84803e-06
 Reference value :  2.84857e-06
 Reference value :  2.84907e-06
 Reference value :  2.84959e-06
 Reference value :  2.85009e-06
 Reference value :  2.85059e-06
 Reference value :  2.85111e-06
 Reference value :  2.85163e-06
 Reference value :  2.85213e-06
 Reference value :  2.85263e-06
 Reference value :  2.85317e-06
 Reference value :  2.85369e-06
 Reference value :  2.85419e-06
 Reference value :  2.85469e-06
 Reference value :  2.85521e-06
 Reference value :  2.85571e-06
 Reference value :  2.85623e-06
 Reference value :  2.85675e-06
 Reference value :  2.85727e-06
 Reference value :  2.85779e-06
 Reference value :  2.85831e-06
 Reference value :  2.85883e-06
 Reference value :  2.85933e-06
 Reference value :  2.85985e-06
 Reference value :  2.86035e-06
 Reference value :  2.86087e-06
 Reference value :  2.86139e-06
 Reference value :  2.86191e-06
 Reference value :  2.86243e-06
 Reference value :  2.86295e-06
 Reference value :  2.86347e-06
 Reference value :  2.86399e-06
 Reference value :  2.86451e-06
 Reference value :  2.86501e-06
 Reference value :  2.86549e-06
 Reference value :  2.86599e-06
 Reference value :  2.86649e-06
 Reference value :  2.86699e-06
 Reference value :  2.86749e-06
 Reference value :  2.86801e-06
 Reference value :  2.86853e-06
 Reference value :  2.86905e-06
 Reference value :  2.86955e-06
 Reference value :  2.87007e-06
 Reference value :  2.87059e-06
 Reference value :  2.87111e-06
 Reference value :  2.87163e-06
 Reference value :  2.87215e-06
 Reference value :  2.87265e-06
 Reference value :  2.87317e-06
 Reference value :  2.87369e-06
 Reference value :  2.87423e-06
 Reference value :  2.87475e-06
 Reference value :  2.87525e-06
 Reference value :  2.87575e-06
 Reference value :  2.87627e-06
 Reference value :  2.87677e-06
 Reference value :  2.87729e-06
 Reference value :  2.87779e-06
 Reference value :  2.87829e-06
 Reference value :  2.87879e-06
 Reference value :  2.87931e-06
 Reference value :  2.87979e-06
 Reference value :  2.88029e-06
 Reference value :  2.88081e-06
 Reference value :  2.88133e-06
 Reference value :  2.88183e-06
 Reference value :  2.88233e-06
 Reference value :  2.88283e-06
 Reference value :  2.88333e-06
 Reference value :  2.88385e-06
 Reference value :  2.88437e-06
 Reference value :  2.88489e-06
 Reference value :  2.88541e-06
 Reference value :  2.88591e-06
 Reference value :  2.88645e-06
 Reference value :  2.88695e-06
 Reference value :  2.88747e-06
 Reference value :  2.88799e-06
 Reference value :  2.88851e-06
 Reference value :  2.88903e-06
 Reference value :  2.88955e-06
 Reference value :  2.89005e-06
 Reference value :  2.89057e-06
 Reference value :  2.89109e-06
 Reference value :  2.89159e-06
 Reference value :  2.89211e-06
 Reference value :  2.89263e-06
 Reference value :  2.89311e-06
 Reference value :  2.89363e-06
 Reference value :  2.89415e-06
 Reference value :  2.89467e-06
 Reference value :  2.89517e-06
 Reference value :  2.89567e-06
 Reference value :  2.89617e-06
 Reference value :  2.89671e-06
 Reference value :  2.89721e-06
 Reference value :  2.89771e-06
 Reference value :  2.89823e-06
 Reference value :  2.89873e-06
 Reference value :  2.89925e-06
 Reference value :  2.89977e-06
 Reference value :  2.90029e-06
 Reference value :  2.90077e-06
 Reference value :  2.90129e-06
 Reference value :  2.90179e-06
 Reference value :  2.90229e-06
 Reference value :  2.90279e-06
 Reference value :  2.90329e-06
 Reference value :  2.90377e-06
 Reference value :  2.90431e-06
 Reference value :  2.90483e-06
 Reference value :  2.90535e-06
 Reference value :  2.90587e-06
 Reference value :  2.90639e-06
 Reference value :  2.90689e-06
 Reference value :  2.90741e-06
 Reference value :  2.90793e-06
 Reference value :  2.90845e-06
 Reference value :  2.90895e-06
 Reference value :  2.90947e-06
 Reference value :  2.90999e-06
 Reference value :  2.91051e-06
 Reference value :  2.91101e-06
 Reference value :  2.91153e-06
 Reference value :  2.91203e-06
 Reference value :  2.91255e-06
 Reference value :  2.91307e-06
 Reference value :  2.91359e-06
 Reference value :  2.91411e-06
 Reference value :  2.91463e-06
 Reference value :  2.91515e-06
 Reference value :  2.91563e-06
 Reference value :  2.91615e-06
 Reference value :  2.91665e-06
 Reference value :  2.91717e-06
 Reference value :  2.91767e-06
 Reference value :  2.91817e-06
 Reference value :  2.91869e-06
 Reference value :  2.91919e-06
 Reference value :  2.91971e-06
 Reference value :  2.92021e-06
 Reference value :  2.92073e-06
 Reference value :  2.92123e-06
 Reference value :  2.92175e-06
 Reference value :  2.92225e-06
 Reference value :  2.92277e-06
 Reference value :  2.92329e-06
 Reference value :  2.92379e-06
 Reference value :  2.92431e-06
 Reference value :  2.92483e-06
 Reference value :  2.92535e-06
 Reference value :  2.92583e-06
 Reference value :  2.92635e-06
 Reference value :  2.92685e-06
 Reference value :  2.92737e-06
 Reference value :  2.92791e-06
 Reference value :  2.92843e-06
 Reference value :  2.92893e-06
 Reference value :  2.92943e-06
 Reference value :  2.92995e-06
 Reference value :  2.93043e-06
 Reference value :  2.93093e-06
 Reference value :  2.93143e-06
 Reference value :  2.93193e-06
 Reference value :  2.93245e-06
 Reference value :  2.93295e-06
 Reference value :  2.93347e-06
 Reference value :  2.93397e-06
 Reference value :  2.93449e-06
 Reference value :  2.93501e-06
 Reference value :  2.93553e-06
 Reference value :  2.93603e-06
 Reference value :  2.93655e-06
 Reference value :  2.93705e-06
 Reference value :  2.93755e-06
 Reference value :  2.93807e-06
 Reference value :  2.93859e-06
 Reference value :  2.93911e-06
 Reference value :  2.93963e-06
 Reference value :  2.94013e-06
 Reference value :  2.94067e-06
 Reference value :  2.94119e-06
 Reference value :  2.94169e-06
 Reference value :  2.94219e-06
 Reference value :  2.94271e-06
 Reference value :  2.94321e-06
 Reference value :  2.94373e-06
 Reference value :  2.94423e-06
 Reference value :  2.94475e-06
 Reference value :  2.94529e-06
 Reference value :  2.94581e-06
 Reference value :  2.94631e-06
 Reference value :  2.94685e-06
 Reference value :  2.94737e-06
 Reference value :  2.94787e-06
 Reference value :  2.94837e-06
 Reference value :  2.94885e-06
 Reference value :  2.94935e-06
 Reference value :  2.94987e-06
 Reference value :  2.95041e-06
 Reference value :  2.95093e-06
 Reference value :  2.95143e-06
 Reference value :  2.95195e-06
 Reference value :  2.95247e-06
 Reference value :  2.95299e-06
 Reference value :  2.95349e-06
 Reference value :  2.95401e-06
 Reference value :  2.95453e-06
 Reference value :  2.95505e-06
 Reference value :  2.95557e-06
 Reference value :  2.95611e-06
 Reference value :  2.95663e-06
 Reference value :  2.95713e-06
 Reference value :  2.95765e-06
 Reference value :  2.95815e-06
 Reference value :  2.95867e-06
 Reference value :  2.95919e-06
 Reference value :  2.95971e-06
 Reference value :  2.96023e-06
 Reference value :  2.96075e-06
 Reference value :  2.96127e-06
 Reference value :  2.96179e-06
 Reference value :  2.96233e-06
 Reference value :  2.96283e-06
 Reference value :  2.96333e-06
 Reference value :  2.96385e-06
 Reference value :  2.96437e-06
 Reference value :  2.96489e-06
 Reference value :  2.96541e-06
 Reference value :  2.96593e-06
 Reference value :  2.96645e-06
 Reference value :  2.96699e-06
 Reference value :  2.96751e-06
 Reference value :  2.96803e-06
 Reference value :  2.96855e-06
 Reference value :  2.96907e-06
 Reference value :  2.96959e-06
 Reference value :  2.97011e-06
 Reference value :  2.97063e-06
 Reference value :  2.97115e-06
 Reference value :  2.97165e-06
 Reference value :  2.97215e-06
 Reference value :  2.97267e-06
 Reference value :  2.97319e-06
 Reference value :  2.97371e-06
 Reference value :  2.97423e-06
 Reference value :  2.97475e-06
 Reference value :  2.97527e-06
 Reference value :  2.97581e-06
 Reference value :  2.97635e-06
 Reference value :  2.97687e-06
 Reference value :  2.97739e-06
 Reference value :  2.97793e-06
 Reference value :  2.97843e-06
 Reference value :  2.97895e-06
 Reference value :  2.97947e-06
 Reference value :  2.97997e-06
 Reference value :  2.98049e-06
 Reference value :  2.98101e-06
 Reference value :  2.98155e-06
 Reference value :  2.98209e-06
 Reference value :  2.98261e-06
 Reference value :  2.98313e-06
 Reference value :  2.98367e-06
 Reference value :  2.98421e-06
 Reference value :  2.98475e-06
 Reference value :  2.98529e-06
 Reference value :  2.98585e-06
 Reference value :  2.98639e-06
 Reference value :  2.98693e-06
 Reference value :  2.98747e-06
 Reference value :  2.98799e-06
 Reference value :  2.98853e-06
 Reference value :  2.98907e-06
 Reference value :  2.98959e-06
 Reference value :  2.99011e-06
 Reference value :  2.99065e-06
 Reference value :  2.99119e-06
 Reference value :  2.99171e-06
 Reference value :  2.99223e-06
 Reference value :  2.99277e-06
 Reference value :  2.99331e-06
 Reference value :  2.99383e-06
 Reference value :  2.99437e-06
 Reference value :  2.99491e-06
 Reference value :  2.99545e-06
 Reference value :  2.99599e-06
 Reference value :  2.99653e-06
 Reference value :  2.99707e-06
 Reference value :  2.99761e-06
 Reference value :  2.99813e-06
 Reference value :  2.99865e-06
 Reference value :  2.99917e-06
 Reference value :  2.99971e-06
No. of Data Rows : 150008
t1                  =  1.50615e-06
t2                  =  1.51632e-06
t9                  =  1.58751e-06
vout_avg            =  5.92837e-01 from=  1.50000e-06 to=  3.00000e-06
Note: Simulation executed from .control section 
Note: Starting dynamic gmin stepping
Note: Dynamic gmin stepping completed
Note: Starting dynamic gmin stepping
Note: Dynamic gmin stepping completed
