
Note: No compatibility mode selected!


Circuit: * tt_analog_ring code sweep: code=8

Doing analysis at TEMP = 27.000000 and TNOM = 27.000000

Using SPARSE 1.3 as Direct Linear Solver
 Reference value :  0.00000e+00
No. of Data Rows : 1
OP idd=5.43131E-05 vbp=0.781675 vbn=0.320992
Doing analysis at TEMP = 27.000000 and TNOM = 27.000000

Using SPARSE 1.3 as Direct Linear Solver

Initial Transient Solution
--------------------------

Node                                   Voltage
----                                   -------
vpwr                                       1.2
enable                                     1.2
code[0]                                      0
code[1]                                      0
code[2]                                      0
code[3]                                    1.2
code[4]                                      0
code[5]                                      0
code[6]                                      0
code[7]                                      0
xdut.vbp                              0.781675
xdut.vbn                              0.320992
xdut.n0                               0.168443
xdut.p0                                1.07013
xdut.na0                              0.169394
xdut.s0                               0.631071
xdut.s10                              0.612129
xdut.n1                               0.152686
xdut.p1                                1.08518
xdut.s1                               0.631071
xdut.n2                               0.152686
xdut.p2                                1.08518
xdut.s2                               0.631071
xdut.n3                               0.152686
xdut.p3                                1.08518
xdut.s3                               0.631071
xdut.n4                               0.152686
xdut.p4                                1.08518
xdut.s4                               0.631071
xdut.n5                               0.152686
xdut.p5                                1.08518
xdut.s5                               0.631071
xdut.n6                               0.152686
xdut.p6                                1.08518
xdut.s6                               0.631071
xdut.n7                               0.152686
xdut.p7                                1.08518
xdut.s7                               0.631074
xdut.n8                               0.152686
xdut.p8                                1.08518
xdut.s8                               0.631019
xdut.n9                               0.152691
xdut.p9                                1.08518
xdut.s9                                0.63206
xdut.n10                              0.152593
xdut.p10                               1.08526
xdut.b1                               0.551326
clk_out                                1.14004
vc7#branch                         4.71926e-12
vc6#branch                         2.35963e-12
vc5#branch                         1.17982e-12
vc4#branch                         5.89908e-13
vc3#branch                        -3.37517e-09
vc2#branch                         1.47477e-13
vc1#branch                         7.37385e-14
vc0#branch                         3.68692e-14
ven#branch                        -5.81273e-12
vdd#branch                        -5.43131e-05

 Reference value :  0.00000e+00
 Reference value :  8.05600e-10
 Reference value :  1.76560e-09
 Reference value :  2.74560e-09
 Reference value :  3.72560e-09
 Reference value :  4.60560e-09
 Reference value :  5.40560e-09
 Reference value :  6.24560e-09
 Reference value :  7.06560e-09
 Reference value :  7.88560e-09
 Reference value :  8.72560e-09
 Reference value :  9.58560e-09
 Reference value :  1.03856e-08
 Reference value :  1.12256e-08
 Reference value :  1.20656e-08
 Reference value :  1.29056e-08
 Reference value :  1.38056e-08
 Reference value :  1.47456e-08
 Reference value :  1.57256e-08
 Reference value :  1.66456e-08
 Reference value :  1.76056e-08
 Reference value :  1.85256e-08
 Reference value :  1.94256e-08
 Reference value :  2.02856e-08
 Reference value :  2.10856e-08
 Reference value :  2.19256e-08
 Reference value :  2.27656e-08
 Reference value :  2.36056e-08
 Reference value :  2.44256e-08
 Reference value :  2.51856e-08
 Reference value :  2.61256e-08
 Reference value :  2.71056e-08
 Reference value :  2.77656e-08
 Reference value :  2.83856e-08
 Reference value :  2.90256e-08
 Reference value :  2.96456e-08
 Reference value :  3.02656e-08
 Reference value :  3.08656e-08
 Reference value :  3.14256e-08
 Reference value :  3.19456e-08
 Reference value :  3.25056e-08
 Reference value :  3.30256e-08
 Reference value :  3.35656e-08
 Reference value :  3.41456e-08
 Reference value :  3.47256e-08
 Reference value :  3.52856e-08
 Reference value :  3.58656e-08
 Reference value :  3.64256e-08
 Reference value :  3.71056e-08
 Reference value :  3.77056e-08
 Reference value :  3.81856e-08
 Reference value :  3.87456e-08
 Reference value :  3.92856e-08
 Reference value :  3.99456e-08
 Reference value :  4.05856e-08
 Reference value :  4.11856e-08
 Reference value :  4.17856e-08
 Reference value :  4.23456e-08
 Reference value :  4.29056e-08
 Reference value :  4.34456e-08
 Reference value :  4.39856e-08
 Reference value :  4.45256e-08
 Reference value :  4.50656e-08
 Reference value :  4.56056e-08
 Reference value :  4.61456e-08
 Reference value :  4.67856e-08
 Reference value :  4.74056e-08
 Reference value :  4.80456e-08
 Reference value :  4.86856e-08
 Reference value :  4.93056e-08
 Reference value :  4.99056e-08
 Reference value :  5.05456e-08
 Reference value :  5.12256e-08
 Reference value :  5.18456e-08
 Reference value :  5.24656e-08
 Reference value :  5.29856e-08
 Reference value :  5.35856e-08
 Reference value :  5.41456e-08
 Reference value :  5.47256e-08
 Reference value :  5.52856e-08
 Reference value :  5.58056e-08
 Reference value :  5.64056e-08
 Reference value :  5.69256e-08
 Reference value :  5.76256e-08
 Reference value :  5.82256e-08
 Reference value :  5.87656e-08
 Reference value :  5.93456e-08
 Reference value :  5.99256e-08
 Reference value :  6.04856e-08
 Reference value :  6.10456e-08
 Reference value :  6.16256e-08
 Reference value :  6.21656e-08
 Reference value :  6.27056e-08
 Reference value :  6.32656e-08
 Reference value :  6.38056e-08
 Reference value :  6.43656e-08
 Reference value :  6.49256e-08
 Reference value :  6.54856e-08
 Reference value :  6.60256e-08
 Reference value :  6.65856e-08
 Reference value :  6.71256e-08
 Reference value :  6.76456e-08
 Reference value :  6.82056e-08
 Reference value :  6.87456e-08
 Reference value :  6.92856e-08
 Reference value :  6.98256e-08
 Reference value :  7.03656e-08
 Reference value :  7.08856e-08
 Reference value :  7.14056e-08
 Reference value :  7.19456e-08
 Reference value :  7.24856e-08
 Reference value :  7.30256e-08
 Reference value :  7.35656e-08
 Reference value :  7.41056e-08
 Reference value :  7.46456e-08
 Reference value :  7.52056e-08
 Reference value :  7.57456e-08
 Reference value :  7.62856e-08
 Reference value :  7.68256e-08
 Reference value :  7.73656e-08
 Reference value :  7.79056e-08
 Reference value :  7.84456e-08
 Reference value :  7.89856e-08
 Reference value :  7.95456e-08
 Reference value :  8.00656e-08
 Reference value :  8.06256e-08
 Reference value :  8.11656e-08
 Reference value :  8.17056e-08
 Reference value :  8.22456e-08
 Reference value :  8.28056e-08
 Reference value :  8.33856e-08
 Reference value :  8.39256e-08
 Reference value :  8.44656e-08
 Reference value :  8.49856e-08
 Reference value :  8.55256e-08
 Reference value :  8.60656e-08
 Reference value :  8.65856e-08
 Reference value :  8.71256e-08
 Reference value :  8.76656e-08
 Reference value :  8.82056e-08
 Reference value :  8.87856e-08
 Reference value :  8.93456e-08
 Reference value :  8.99056e-08
 Reference value :  9.04456e-08
 Reference value :  9.09856e-08
 Reference value :  9.15256e-08
 Reference value :  9.20456e-08
 Reference value :  9.25656e-08
 Reference value :  9.31256e-08
 Reference value :  9.36656e-08
 Reference value :  9.42056e-08
 Reference value :  9.48456e-08
 Reference value :  9.53856e-08
 Reference value :  9.59456e-08
 Reference value :  9.65056e-08
 Reference value :  9.70656e-08
 Reference value :  9.76456e-08
 Reference value :  9.82056e-08
 Reference value :  9.88056e-08
 Reference value :  9.93456e-08
 Reference value :  9.99056e-08
 Reference value :  1.00486e-07
 Reference value :  1.01066e-07
 Reference value :  1.01626e-07
 Reference value :  1.02166e-07
 Reference value :  1.02706e-07
 Reference value :  1.03246e-07
 Reference value :  1.03786e-07
 Reference value :  1.04306e-07
 Reference value :  1.04866e-07
 Reference value :  1.05386e-07
 Reference value :  1.05946e-07
 Reference value :  1.06486e-07
 Reference value :  1.07066e-07
 Reference value :  1.07646e-07
 Reference value :  1.08206e-07
 Reference value :  1.08786e-07
 Reference value :  1.09386e-07
 Reference value :  1.09906e-07
 Reference value :  1.10406e-07
 Reference value :  1.10986e-07
 Reference value :  1.11526e-07
 Reference value :  1.12086e-07
 Reference value :  1.12626e-07
 Reference value :  1.13226e-07
 Reference value :  1.13826e-07
 Reference value :  1.14466e-07
 Reference value :  1.15086e-07
 Reference value :  1.15706e-07
 Reference value :  1.16326e-07
 Reference value :  1.16906e-07
 Reference value :  1.17506e-07
 Reference value :  1.18146e-07
 Reference value :  1.18786e-07
 Reference value :  1.19426e-07
 Reference value :  1.20046e-07
 Reference value :  1.20586e-07
 Reference value :  1.21126e-07
 Reference value :  1.21686e-07
 Reference value :  1.22226e-07
 Reference value :  1.22746e-07
 Reference value :  1.23266e-07
 Reference value :  1.23786e-07
 Reference value :  1.24326e-07
 Reference value :  1.24946e-07
 Reference value :  1.25606e-07
 Reference value :  1.26306e-07
 Reference value :  1.27006e-07
 Reference value :  1.27686e-07
 Reference value :  1.28346e-07
 Reference value :  1.28966e-07
 Reference value :  1.29586e-07
 Reference value :  1.30226e-07
 Reference value :  1.30846e-07
 Reference value :  1.31466e-07
 Reference value :  1.32106e-07
 Reference value :  1.32726e-07
 Reference value :  1.33306e-07
 Reference value :  1.33926e-07
 Reference value :  1.34586e-07
 Reference value :  1.35246e-07
 Reference value :  1.35866e-07
 Reference value :  1.36406e-07
 Reference value :  1.36946e-07
 Reference value :  1.37486e-07
 Reference value :  1.38046e-07
 Reference value :  1.38726e-07
 Reference value :  1.39386e-07
 Reference value :  1.40026e-07
 Reference value :  1.40626e-07
 Reference value :  1.41166e-07
 Reference value :  1.41746e-07
 Reference value :  1.42366e-07
 Reference value :  1.42986e-07
 Reference value :  1.43606e-07
 Reference value :  1.44226e-07
 Reference value :  1.44826e-07
 Reference value :  1.45466e-07
 Reference value :  1.46106e-07
 Reference value :  1.46766e-07
 Reference value :  1.47386e-07
 Reference value :  1.48026e-07
 Reference value :  1.48686e-07
 Reference value :  1.49286e-07
 Reference value :  1.49866e-07
 Reference value :  1.50566e-07
 Reference value :  1.51146e-07
 Reference value :  1.51746e-07
 Reference value :  1.52366e-07
 Reference value :  1.52946e-07
 Reference value :  1.53506e-07
 Reference value :  1.54086e-07
 Reference value :  1.54526e-07
 Reference value :  1.55106e-07
 Reference value :  1.55686e-07
 Reference value :  1.56306e-07
 Reference value :  1.57026e-07
 Reference value :  1.57626e-07
 Reference value :  1.58166e-07
 Reference value :  1.58726e-07
 Reference value :  1.59266e-07
 Reference value :  1.59846e-07
 Reference value :  1.60426e-07
 Reference value :  1.60986e-07
 Reference value :  1.61546e-07
 Reference value :  1.62106e-07
 Reference value :  1.62626e-07
 Reference value :  1.63166e-07
 Reference value :  1.63746e-07
 Reference value :  1.64286e-07
 Reference value :  1.64826e-07
 Reference value :  1.65346e-07
 Reference value :  1.65906e-07
 Reference value :  1.66406e-07
 Reference value :  1.66986e-07
 Reference value :  1.67526e-07
 Reference value :  1.68066e-07
 Reference value :  1.68606e-07
 Reference value :  1.69166e-07
 Reference value :  1.69706e-07
 Reference value :  1.70226e-07
 Reference value :  1.70766e-07
 Reference value :  1.71306e-07
 Reference value :  1.71826e-07
 Reference value :  1.72366e-07
 Reference value :  1.72906e-07
 Reference value :  1.73426e-07
 Reference value :  1.73926e-07
 Reference value :  1.74446e-07
 Reference value :  1.74966e-07
 Reference value :  1.75506e-07
 Reference value :  1.76046e-07
 Reference value :  1.76566e-07
 Reference value :  1.77106e-07
 Reference value :  1.77626e-07
 Reference value :  1.78166e-07
 Reference value :  1.78706e-07
 Reference value :  1.79246e-07
 Reference value :  1.79826e-07
 Reference value :  1.80326e-07
 Reference value :  1.80866e-07
 Reference value :  1.81386e-07
 Reference value :  1.81946e-07
 Reference value :  1.82506e-07
 Reference value :  1.83026e-07
 Reference value :  1.83546e-07
 Reference value :  1.84086e-07
 Reference value :  1.84606e-07
 Reference value :  1.85106e-07
 Reference value :  1.85646e-07
 Reference value :  1.86186e-07
 Reference value :  1.86706e-07
 Reference value :  1.87246e-07
 Reference value :  1.87786e-07
 Reference value :  1.88346e-07
 Reference value :  1.88866e-07
 Reference value :  1.89406e-07
 Reference value :  1.89926e-07
 Reference value :  1.90466e-07
 Reference value :  1.90986e-07
 Reference value :  1.91506e-07
 Reference value :  1.92066e-07
 Reference value :  1.92606e-07
 Reference value :  1.93126e-07
 Reference value :  1.93646e-07
 Reference value :  1.94166e-07
 Reference value :  1.94686e-07
 Reference value :  1.95206e-07
 Reference value :  1.95726e-07
 Reference value :  1.96266e-07
 Reference value :  1.96786e-07
 Reference value :  1.97326e-07
 Reference value :  1.97866e-07
 Reference value :  1.98426e-07
 Reference value :  1.98966e-07
 Reference value :  1.99506e-07
 Reference value :  2.00186e-07
 Reference value :  2.00726e-07
 Reference value :  2.01246e-07
 Reference value :  2.01786e-07
 Reference value :  2.02326e-07
 Reference value :  2.02866e-07
 Reference value :  2.03406e-07
 Reference value :  2.03966e-07
 Reference value :  2.04506e-07
 Reference value :  2.05026e-07
 Reference value :  2.05566e-07
 Reference value :  2.06106e-07
 Reference value :  2.06766e-07
 Reference value :  2.07306e-07
 Reference value :  2.07846e-07
 Reference value :  2.08366e-07
 Reference value :  2.08926e-07
 Reference value :  2.09466e-07
 Reference value :  2.09986e-07
 Reference value :  2.10526e-07
 Reference value :  2.11066e-07
 Reference value :  2.11626e-07
 Reference value :  2.12166e-07
 Reference value :  2.12686e-07
 Reference value :  2.13206e-07
 Reference value :  2.13726e-07
 Reference value :  2.14266e-07
 Reference value :  2.14826e-07
 Reference value :  2.15326e-07
 Reference value :  2.15806e-07
 Reference value :  2.16326e-07
 Reference value :  2.16846e-07
 Reference value :  2.17386e-07
 Reference value :  2.17926e-07
 Reference value :  2.18446e-07
 Reference value :  2.19006e-07
 Reference value :  2.19526e-07
 Reference value :  2.20106e-07
 Reference value :  2.20666e-07
 Reference value :  2.21226e-07
 Reference value :  2.21766e-07
 Reference value :  2.22306e-07
 Reference value :  2.22866e-07
 Reference value :  2.23386e-07
 Reference value :  2.23926e-07
 Reference value :  2.24466e-07
 Reference value :  2.24986e-07
 Reference value :  2.25526e-07
 Reference value :  2.26066e-07
 Reference value :  2.26646e-07
 Reference value :  2.27186e-07
 Reference value :  2.27686e-07
 Reference value :  2.28206e-07
 Reference value :  2.28766e-07
 Reference value :  2.29326e-07
 Reference value :  2.29866e-07
 Reference value :  2.30406e-07
 Reference value :  2.30966e-07
 Reference value :  2.31526e-07
 Reference value :  2.32066e-07
 Reference value :  2.32686e-07
 Reference value :  2.33266e-07
 Reference value :  2.33826e-07
 Reference value :  2.34366e-07
 Reference value :  2.34906e-07
 Reference value :  2.35486e-07
 Reference value :  2.36146e-07
 Reference value :  2.36806e-07
 Reference value :  2.37466e-07
 Reference value :  2.38086e-07
 Reference value :  2.38726e-07
 Reference value :  2.39406e-07
 Reference value :  2.40066e-07
 Reference value :  2.40786e-07
 Reference value :  2.41486e-07
 Reference value :  2.42126e-07
 Reference value :  2.42686e-07
 Reference value :  2.43266e-07
 Reference value :  2.43886e-07
 Reference value :  2.44486e-07
 Reference value :  2.45106e-07
 Reference value :  2.45746e-07
 Reference value :  2.46366e-07
 Reference value :  2.46966e-07
 Reference value :  2.47566e-07
 Reference value :  2.48186e-07
 Reference value :  2.48826e-07
 Reference value :  2.49526e-07
 Reference value :  2.50166e-07
 Reference value :  2.50766e-07
 Reference value :  2.51386e-07
 Reference value :  2.51986e-07
 Reference value :  2.52506e-07
 Reference value :  2.52986e-07
 Reference value :  2.53526e-07
 Reference value :  2.54046e-07
 Reference value :  2.54566e-07
 Reference value :  2.55106e-07
 Reference value :  2.55646e-07
 Reference value :  2.56346e-07
 Reference value :  2.56986e-07
 Reference value :  2.57566e-07
 Reference value :  2.58106e-07
 Reference value :  2.58666e-07
 Reference value :  2.59206e-07
 Reference value :  2.59806e-07
 Reference value :  2.60446e-07
 Reference value :  2.60926e-07
 Reference value :  2.61546e-07
 Reference value :  2.62166e-07
 Reference value :  2.62806e-07
 Reference value :  2.63426e-07
 Reference value :  2.64046e-07
 Reference value :  2.64666e-07
 Reference value :  2.65286e-07
 Reference value :  2.65906e-07
 Reference value :  2.66526e-07
 Reference value :  2.67166e-07
 Reference value :  2.67826e-07
 Reference value :  2.68446e-07
 Reference value :  2.69046e-07
 Reference value :  2.69626e-07
 Reference value :  2.70246e-07
 Reference value :  2.70886e-07
 Reference value :  2.71526e-07
 Reference value :  2.72086e-07
 Reference value :  2.72646e-07
 Reference value :  2.73186e-07
 Reference value :  2.73726e-07
 Reference value :  2.74266e-07
 Reference value :  2.74806e-07
 Reference value :  2.75346e-07
 Reference value :  2.75906e-07
 Reference value :  2.76446e-07
 Reference value :  2.76986e-07
 Reference value :  2.77566e-07
 Reference value :  2.78186e-07
 Reference value :  2.78746e-07
 Reference value :  2.79286e-07
 Reference value :  2.79906e-07
 Reference value :  2.80466e-07
 Reference value :  2.81046e-07
 Reference value :  2.81666e-07
 Reference value :  2.82106e-07
 Reference value :  2.82566e-07
 Reference value :  2.83086e-07
 Reference value :  2.83606e-07
 Reference value :  2.84206e-07
 Reference value :  2.84826e-07
 Reference value :  2.85446e-07
 Reference value :  2.86006e-07
 Reference value :  2.86606e-07
 Reference value :  2.87266e-07
 Reference value :  2.87886e-07
 Reference value :  2.88486e-07
 Reference value :  2.89006e-07
 Reference value :  2.89526e-07
 Reference value :  2.90066e-07
 Reference value :  2.90626e-07
 Reference value :  2.91146e-07
 Reference value :  2.91686e-07
 Reference value :  2.92266e-07
 Reference value :  2.92826e-07
 Reference value :  2.93386e-07
 Reference value :  2.93946e-07
 Reference value :  2.94486e-07
 Reference value :  2.95046e-07
 Reference value :  2.95626e-07
 Reference value :  2.96166e-07
 Reference value :  2.96726e-07
 Reference value :  2.97286e-07
 Reference value :  2.97846e-07
 Reference value :  2.98386e-07
 Reference value :  2.98926e-07
 Reference value :  2.99526e-07
 Reference value :  3.00046e-07
 Reference value :  3.00566e-07
 Reference value :  3.01086e-07
 Reference value :  3.01626e-07
 Reference value :  3.02166e-07
 Reference value :  3.02666e-07
 Reference value :  3.03186e-07
 Reference value :  3.03706e-07
 Reference value :  3.04206e-07
 Reference value :  3.04746e-07
 Reference value :  3.05286e-07
 Reference value :  3.05906e-07
 Reference value :  3.06446e-07
 Reference value :  3.06986e-07
 Reference value :  3.07486e-07
 Reference value :  3.08046e-07
 Reference value :  3.08606e-07
 Reference value :  3.09106e-07
 Reference value :  3.09626e-07
 Reference value :  3.10146e-07
 Reference value :  3.10686e-07
 Reference value :  3.11226e-07
 Reference value :  3.11766e-07
 Reference value :  3.12306e-07
 Reference value :  3.12846e-07
 Reference value :  3.13386e-07
 Reference value :  3.13906e-07
 Reference value :  3.14426e-07
 Reference value :  3.14966e-07
 Reference value :  3.15506e-07
 Reference value :  3.16046e-07
 Reference value :  3.16586e-07
 Reference value :  3.17106e-07
 Reference value :  3.17626e-07
 Reference value :  3.18166e-07
 Reference value :  3.18686e-07
 Reference value :  3.19206e-07
 Reference value :  3.19766e-07
 Reference value :  3.20386e-07
 Reference value :  3.20926e-07
 Reference value :  3.21466e-07
 Reference value :  3.22006e-07
 Reference value :  3.22546e-07
 Reference value :  3.23086e-07
 Reference value :  3.23606e-07
 Reference value :  3.24146e-07
 Reference value :  3.24686e-07
 Reference value :  3.25226e-07
 Reference value :  3.25746e-07
 Reference value :  3.26286e-07
 Reference value :  3.26806e-07
 Reference value :  3.27366e-07
 Reference value :  3.27906e-07
 Reference value :  3.28426e-07
 Reference value :  3.28986e-07
 Reference value :  3.29526e-07
 Reference value :  3.30066e-07
 Reference value :  3.30626e-07
 Reference value :  3.31186e-07
 Reference value :  3.31706e-07
 Reference value :  3.32266e-07
 Reference value :  3.32806e-07
 Reference value :  3.33346e-07
 Reference value :  3.33946e-07
 Reference value :  3.34486e-07
 Reference value :  3.35026e-07
 Reference value :  3.35566e-07
 Reference value :  3.36126e-07
 Reference value :  3.36766e-07
 Reference value :  3.37306e-07
 Reference value :  3.37966e-07
 Reference value :  3.38666e-07
 Reference value :  3.39366e-07
 Reference value :  3.40046e-07
 Reference value :  3.40686e-07
 Reference value :  3.41246e-07
 Reference value :  3.41786e-07
 Reference value :  3.42306e-07
 Reference value :  3.42846e-07
 Reference value :  3.43386e-07
 Reference value :  3.43926e-07
 Reference value :  3.44526e-07
 Reference value :  3.45126e-07
 Reference value :  3.45666e-07
 Reference value :  3.46266e-07
 Reference value :  3.46866e-07
 Reference value :  3.47406e-07
 Reference value :  3.48026e-07
 Reference value :  3.48726e-07
 Reference value :  3.49366e-07
 Reference value :  3.49986e-07
 Reference value :  3.50606e-07
 Reference value :  3.51246e-07
 Reference value :  3.51906e-07
 Reference value :  3.52566e-07
 Reference value :  3.53186e-07
 Reference value :  3.53826e-07
 Reference value :  3.54446e-07
 Reference value :  3.55066e-07
 Reference value :  3.55806e-07
 Reference value :  3.56426e-07
 Reference value :  3.56986e-07
 Reference value :  3.57566e-07
 Reference value :  3.58086e-07
 Reference value :  3.58626e-07
 Reference value :  3.59166e-07
 Reference value :  3.59786e-07
 Reference value :  3.60466e-07
 Reference value :  3.61066e-07
 Reference value :  3.61626e-07
 Reference value :  3.62226e-07
 Reference value :  3.62866e-07
 Reference value :  3.63466e-07
 Reference value :  3.64066e-07
 Reference value :  3.64666e-07
 Reference value :  3.65266e-07
 Reference value :  3.65906e-07
 Reference value :  3.66526e-07
 Reference value :  3.67146e-07
 Reference value :  3.67706e-07
 Reference value :  3.68246e-07
 Reference value :  3.68826e-07
 Reference value :  3.69466e-07
 Reference value :  3.70106e-07
 Reference value :  3.70726e-07
 Reference value :  3.71346e-07
 Reference value :  3.71946e-07
 Reference value :  3.72586e-07
 Reference value :  3.73206e-07
 Reference value :  3.73826e-07
 Reference value :  3.74466e-07
 Reference value :  3.75086e-07
 Reference value :  3.75686e-07
 Reference value :  3.76326e-07
 Reference value :  3.76986e-07
 Reference value :  3.77626e-07
 Reference value :  3.78266e-07
 Reference value :  3.78846e-07
 Reference value :  3.79366e-07
 Reference value :  3.79886e-07
 Reference value :  3.80446e-07
 Reference value :  3.81006e-07
 Reference value :  3.81566e-07
 Reference value :  3.82146e-07
 Reference value :  3.82786e-07
 Reference value :  3.83406e-07
 Reference value :  3.84046e-07
 Reference value :  3.84646e-07
 Reference value :  3.85186e-07
 Reference value :  3.85786e-07
 Reference value :  3.86446e-07
 Reference value :  3.86986e-07
 Reference value :  3.87606e-07
 Reference value :  3.88226e-07
 Reference value :  3.88826e-07
 Reference value :  3.89426e-07
 Reference value :  3.89966e-07
 Reference value :  3.90586e-07
 Reference value :  3.91186e-07
 Reference value :  3.91706e-07
 Reference value :  3.92286e-07
 Reference value :  3.92866e-07
 Reference value :  3.93406e-07
 Reference value :  3.94006e-07
 Reference value :  3.94526e-07
 Reference value :  3.95106e-07
 Reference value :  3.95626e-07
 Reference value :  3.96206e-07
 Reference value :  3.96686e-07
 Reference value :  3.97226e-07
 Reference value :  3.97766e-07
 Reference value :  3.98386e-07
 Reference value :  3.98966e-07
 Reference value :  3.99526e-07
 Reference value :  4.00066e-07
 Reference value :  4.00606e-07
 Reference value :  4.01146e-07
 Reference value :  4.01686e-07
 Reference value :  4.02246e-07
 Reference value :  4.02786e-07
 Reference value :  4.03346e-07
 Reference value :  4.03886e-07
 Reference value :  4.04446e-07
 Reference value :  4.05126e-07
 Reference value :  4.05666e-07
 Reference value :  4.06206e-07
 Reference value :  4.06746e-07
 Reference value :  4.07306e-07
 Reference value :  4.07866e-07
 Reference value :  4.08406e-07
 Reference value :  4.08946e-07
 Reference value :  4.09466e-07
 Reference value :  4.10046e-07
 Reference value :  4.10586e-07
 Reference value :  4.11126e-07
 Reference value :  4.11646e-07
 Reference value :  4.12186e-07
 Reference value :  4.12706e-07
 Reference value :  4.13226e-07
 Reference value :  4.13766e-07
 Reference value :  4.14326e-07
 Reference value :  4.14886e-07
 Reference value :  4.15406e-07
 Reference value :  4.15926e-07
 Reference value :  4.16466e-07
 Reference value :  4.17006e-07
 Reference value :  4.17546e-07
 Reference value :  4.18066e-07
 Reference value :  4.18606e-07
 Reference value :  4.19146e-07
 Reference value :  4.19666e-07
 Reference value :  4.20186e-07
 Reference value :  4.20726e-07
 Reference value :  4.21266e-07
 Reference value :  4.21786e-07
 Reference value :  4.22306e-07
 Reference value :  4.22806e-07
 Reference value :  4.23326e-07
 Reference value :  4.23846e-07
 Reference value :  4.24366e-07
 Reference value :  4.24906e-07
 Reference value :  4.25426e-07
 Reference value :  4.25926e-07
 Reference value :  4.26446e-07
 Reference value :  4.26966e-07
 Reference value :  4.27506e-07
 Reference value :  4.28046e-07
 Reference value :  4.28566e-07
 Reference value :  4.29066e-07
 Reference value :  4.29586e-07
 Reference value :  4.30146e-07
 Reference value :  4.30686e-07
 Reference value :  4.31186e-07
 Reference value :  4.31726e-07
 Reference value :  4.32266e-07
 Reference value :  4.32786e-07
 Reference value :  4.33306e-07
 Reference value :  4.33846e-07
 Reference value :  4.34406e-07
 Reference value :  4.34926e-07
 Reference value :  4.35466e-07
 Reference value :  4.36046e-07
 Reference value :  4.36566e-07
 Reference value :  4.37166e-07
 Reference value :  4.37706e-07
 Reference value :  4.38306e-07
 Reference value :  4.38926e-07
 Reference value :  4.39526e-07
 Reference value :  4.40126e-07
 Reference value :  4.40726e-07
 Reference value :  4.41326e-07
 Reference value :  4.41946e-07
 Reference value :  4.42566e-07
 Reference value :  4.43186e-07
 Reference value :  4.43806e-07
 Reference value :  4.44406e-07
 Reference value :  4.45026e-07
 Reference value :  4.45626e-07
 Reference value :  4.46226e-07
 Reference value :  4.46806e-07
 Reference value :  4.47386e-07
 Reference value :  4.48086e-07
 Reference value :  4.48686e-07
 Reference value :  4.49286e-07
 Reference value :  4.49906e-07
 Reference value :  4.50506e-07
 Reference value :  4.51106e-07
 Reference value :  4.51646e-07
 Reference value :  4.52166e-07
 Reference value :  4.52686e-07
 Reference value :  4.53286e-07
 Reference value :  4.53906e-07
 Reference value :  4.54606e-07
 Reference value :  4.55146e-07
 Reference value :  4.55686e-07
 Reference value :  4.56286e-07
 Reference value :  4.56906e-07
 Reference value :  4.57446e-07
 Reference value :  4.58006e-07
 Reference value :  4.58626e-07
 Reference value :  4.59226e-07
 Reference value :  4.59826e-07
 Reference value :  4.60426e-07
 Reference value :  4.60986e-07
 Reference value :  4.61486e-07
 Reference value :  4.62006e-07
 Reference value :  4.62546e-07
 Reference value :  4.63166e-07
 Reference value :  4.63766e-07
 Reference value :  4.64366e-07
 Reference value :  4.64986e-07
 Reference value :  4.65606e-07
 Reference value :  4.66186e-07
 Reference value :  4.66726e-07
 Reference value :  4.67266e-07
 Reference value :  4.67866e-07
 Reference value :  4.68466e-07
 Reference value :  4.69066e-07
 Reference value :  4.69686e-07
 Reference value :  4.70306e-07
 Reference value :  4.70906e-07
 Reference value :  4.71386e-07
 Reference value :  4.71986e-07
 Reference value :  4.72506e-07
 Reference value :  4.73106e-07
 Reference value :  4.73666e-07
 Reference value :  4.74186e-07
 Reference value :  4.74786e-07
 Reference value :  4.75386e-07
 Reference value :  4.75966e-07
 Reference value :  4.76466e-07
 Reference value :  4.76986e-07
 Reference value :  4.77506e-07
 Reference value :  4.77986e-07
 Reference value :  4.78506e-07
 Reference value :  4.79026e-07
 Reference value :  4.79566e-07
 Reference value :  4.80086e-07
 Reference value :  4.80586e-07
 Reference value :  4.81106e-07
 Reference value :  4.81606e-07
 Reference value :  4.82126e-07
 Reference value :  4.82646e-07
 Reference value :  4.83186e-07
 Reference value :  4.83726e-07
 Reference value :  4.84246e-07
 Reference value :  4.84766e-07
 Reference value :  4.85306e-07
 Reference value :  4.85846e-07
 Reference value :  4.86366e-07
 Reference value :  4.86946e-07
 Reference value :  4.87566e-07
 Reference value :  4.88186e-07
 Reference value :  4.88786e-07
 Reference value :  4.89386e-07
 Reference value :  4.89986e-07
 Reference value :  4.90466e-07
 Reference value :  4.91066e-07
 Reference value :  4.91686e-07
 Reference value :  4.92266e-07
 Reference value :  4.92826e-07
 Reference value :  4.93426e-07
 Reference value :  4.94046e-07
 Reference value :  4.94526e-07
 Reference value :  4.95126e-07
 Reference value :  4.95746e-07
 Reference value :  4.96346e-07
 Reference value :  4.96946e-07
 Reference value :  4.97586e-07
 Reference value :  4.98206e-07
 Reference value :  4.98706e-07
 Reference value :  4.99246e-07
 Reference value :  4.99726e-07
 Reference value :  5.00266e-07
 Reference value :  5.00766e-07
 Reference value :  5.01286e-07
 Reference value :  5.01806e-07
 Reference value :  5.02326e-07
 Reference value :  5.02946e-07
 Reference value :  5.03566e-07
 Reference value :  5.04306e-07
 Reference value :  5.04886e-07
 Reference value :  5.05426e-07
 Reference value :  5.05966e-07
 Reference value :  5.06606e-07
 Reference value :  5.07246e-07
 Reference value :  5.07806e-07
 Reference value :  5.08366e-07
 Reference value :  5.08986e-07
 Reference value :  5.09546e-07
 Reference value :  5.10066e-07
 Reference value :  5.10606e-07
 Reference value :  5.11106e-07
 Reference value :  5.11666e-07
 Reference value :  5.12206e-07
 Reference value :  5.12786e-07
 Reference value :  5.13386e-07
 Reference value :  5.13986e-07
 Reference value :  5.14606e-07
 Reference value :  5.15206e-07
 Reference value :  5.15806e-07
 Reference value :  5.16406e-07
 Reference value :  5.16946e-07
 Reference value :  5.17486e-07
 Reference value :  5.18026e-07
 Reference value :  5.18546e-07
 Reference value :  5.19106e-07
 Reference value :  5.19646e-07
 Reference value :  5.20166e-07
 Reference value :  5.20746e-07
 Reference value :  5.21286e-07
 Reference value :  5.21866e-07
 Reference value :  5.22406e-07
 Reference value :  5.22966e-07
 Reference value :  5.23526e-07
 Reference value :  5.24086e-07
 Reference value :  5.24606e-07
 Reference value :  5.25166e-07
 Reference value :  5.25686e-07
 Reference value :  5.26246e-07
 Reference value :  5.26826e-07
 Reference value :  5.27386e-07
 Reference value :  5.27946e-07
 Reference value :  5.28506e-07
 Reference value :  5.29086e-07
 Reference value :  5.29646e-07
 Reference value :  5.30206e-07
 Reference value :  5.30766e-07
 Reference value :  5.31306e-07
 Reference value :  5.31846e-07
 Reference value :  5.32366e-07
 Reference value :  5.32926e-07
 Reference value :  5.33466e-07
 Reference value :  5.34026e-07
 Reference value :  5.34566e-07
 Reference value :  5.35166e-07
 Reference value :  5.35726e-07
 Reference value :  5.36266e-07
 Reference value :  5.36806e-07
 Reference value :  5.37366e-07
 Reference value :  5.37926e-07
 Reference value :  5.38466e-07
 Reference value :  5.39006e-07
 Reference value :  5.39586e-07
 Reference value :  5.40146e-07
 Reference value :  5.40726e-07
 Reference value :  5.41306e-07
 Reference value :  5.41886e-07
 Reference value :  5.42346e-07
 Reference value :  5.42866e-07
 Reference value :  5.43406e-07
 Reference value :  5.43946e-07
 Reference value :  5.44506e-07
 Reference value :  5.45046e-07
 Reference value :  5.45586e-07
 Reference value :  5.46106e-07
 Reference value :  5.46626e-07
 Reference value :  5.47346e-07
 Reference value :  5.47926e-07
 Reference value :  5.48546e-07
 Reference value :  5.48966e-07
 Reference value :  5.49386e-07
 Reference value :  5.49806e-07
 Reference value :  5.50346e-07
 Reference value :  5.50926e-07
 Reference value :  5.51546e-07
 Reference value :  5.52086e-07
 Reference value :  5.52646e-07
 Reference value :  5.53246e-07
 Reference value :  5.53966e-07
 Reference value :  5.54486e-07
 Reference value :  5.55026e-07
 Reference value :  5.55466e-07
 Reference value :  5.56006e-07
 Reference value :  5.56546e-07
 Reference value :  5.57106e-07
 Reference value :  5.57726e-07
 Reference value :  5.58266e-07
 Reference value :  5.58886e-07
 Reference value :  5.59506e-07
 Reference value :  5.60066e-07
 Reference value :  5.60646e-07
 Reference value :  5.61246e-07
 Reference value :  5.61866e-07
 Reference value :  5.62486e-07
 Reference value :  5.63086e-07
 Reference value :  5.63706e-07
 Reference value :  5.64346e-07
 Reference value :  5.64926e-07
 Reference value :  5.65526e-07
 Reference value :  5.66086e-07
 Reference value :  5.66686e-07
 Reference value :  5.67286e-07
 Reference value :  5.67886e-07
 Reference value :  5.68446e-07
 Reference value :  5.69006e-07
 Reference value :  5.69566e-07
 Reference value :  5.70126e-07
 Reference value :  5.70726e-07
 Reference value :  5.71326e-07
 Reference value :  5.71886e-07
 Reference value :  5.72346e-07
 Reference value :  5.72866e-07
 Reference value :  5.73366e-07
 Reference value :  5.73986e-07
 Reference value :  5.74586e-07
 Reference value :  5.75106e-07
 Reference value :  5.75646e-07
 Reference value :  5.76166e-07
 Reference value :  5.76746e-07
 Reference value :  5.77326e-07
 Reference value :  5.77746e-07
 Reference value :  5.78286e-07
 Reference value :  5.78846e-07
 Reference value :  5.79426e-07
 Reference value :  5.80066e-07
 Reference value :  5.80666e-07
 Reference value :  5.81306e-07
 Reference value :  5.81906e-07
 Reference value :  5.82506e-07
 Reference value :  5.83086e-07
 Reference value :  5.83606e-07
 Reference value :  5.84206e-07
 Reference value :  5.84826e-07
 Reference value :  5.85446e-07
 Reference value :  5.86046e-07
 Reference value :  5.86646e-07
 Reference value :  5.87186e-07
 Reference value :  5.87726e-07
 Reference value :  5.88246e-07
 Reference value :  5.88766e-07
 Reference value :  5.89326e-07
 Reference value :  5.89926e-07
 Reference value :  5.90526e-07
 Reference value :  5.91146e-07
 Reference value :  5.91746e-07
 Reference value :  5.92266e-07
 Reference value :  5.92886e-07
 Reference value :  5.93486e-07
 Reference value :  5.94026e-07
 Reference value :  5.94566e-07
 Reference value :  5.95146e-07
 Reference value :  5.95726e-07
 Reference value :  5.96286e-07
 Reference value :  5.96926e-07
 Reference value :  5.97526e-07
 Reference value :  5.98146e-07
 Reference value :  5.98686e-07
 Reference value :  5.99286e-07
 Reference value :  5.99886e-07
 Reference value :  6.00466e-07
 Reference value :  6.01086e-07
 Reference value :  6.01646e-07
 Reference value :  6.02166e-07
 Reference value :  6.02686e-07
 Reference value :  6.03386e-07
 Reference value :  6.04006e-07
 Reference value :  6.04566e-07
 Reference value :  6.05166e-07
 Reference value :  6.05806e-07
 Reference value :  6.06426e-07
 Reference value :  6.06946e-07
 Reference value :  6.07546e-07
 Reference value :  6.08086e-07
 Reference value :  6.08646e-07
 Reference value :  6.09226e-07
 Reference value :  6.09846e-07
 Reference value :  6.10466e-07
 Reference value :  6.11106e-07
 Reference value :  6.11726e-07
 Reference value :  6.12346e-07
 Reference value :  6.12886e-07
 Reference value :  6.13446e-07
 Reference value :  6.14026e-07
 Reference value :  6.14606e-07
 Reference value :  6.15226e-07
 Reference value :  6.15746e-07
 Reference value :  6.16346e-07
 Reference value :  6.16906e-07
 Reference value :  6.17506e-07
 Reference value :  6.18086e-07
 Reference value :  6.18686e-07
 Reference value :  6.19266e-07
 Reference value :  6.19886e-07
 Reference value :  6.20486e-07
 Reference value :  6.21106e-07
 Reference value :  6.21646e-07
 Reference value :  6.22166e-07
 Reference value :  6.22726e-07
 Reference value :  6.23286e-07
 Reference value :  6.23906e-07
 Reference value :  6.24506e-07
 Reference value :  6.25106e-07
 Reference value :  6.25686e-07
 Reference value :  6.26306e-07
 Reference value :  6.26926e-07
 Reference value :  6.27486e-07
 Reference value :  6.28086e-07
 Reference value :  6.28786e-07
 Reference value :  6.29186e-07
 Reference value :  6.29746e-07
 Reference value :  6.30366e-07
 Reference value :  6.30966e-07
 Reference value :  6.31566e-07
 Reference value :  6.32166e-07
 Reference value :  6.32766e-07
 Reference value :  6.33386e-07
 Reference value :  6.33986e-07
 Reference value :  6.34626e-07
 Reference value :  6.35206e-07
 Reference value :  6.35786e-07
 Reference value :  6.36406e-07
 Reference value :  6.37026e-07
 Reference value :  6.37646e-07
 Reference value :  6.38226e-07
 Reference value :  6.38766e-07
 Reference value :  6.39386e-07
 Reference value :  6.39986e-07
 Reference value :  6.40586e-07
 Reference value :  6.41186e-07
 Reference value :  6.41746e-07
 Reference value :  6.42326e-07
 Reference value :  6.42906e-07
 Reference value :  6.43506e-07
 Reference value :  6.44106e-07
 Reference value :  6.44706e-07
 Reference value :  6.45306e-07
 Reference value :  6.45826e-07
 Reference value :  6.46446e-07
 Reference value :  6.47086e-07
 Reference value :  6.47646e-07
 Reference value :  6.48166e-07
 Reference value :  6.48766e-07
 Reference value :  6.49386e-07
 Reference value :  6.49946e-07
 Reference value :  6.50546e-07
 Reference value :  6.51166e-07
 Reference value :  6.51646e-07
 Reference value :  6.52246e-07
 Reference value :  6.52866e-07
 Reference value :  6.53546e-07
 Reference value :  6.54146e-07
 Reference value :  6.54766e-07
 Reference value :  6.55406e-07
 Reference value :  6.56006e-07
 Reference value :  6.56586e-07
 Reference value :  6.57166e-07
 Reference value :  6.57786e-07
 Reference value :  6.58406e-07
 Reference value :  6.59026e-07
 Reference value :  6.59646e-07
 Reference value :  6.60246e-07
 Reference value :  6.60806e-07
 Reference value :  6.61386e-07
 Reference value :  6.61986e-07
 Reference value :  6.62586e-07
 Reference value :  6.63166e-07
 Reference value :  6.63726e-07
 Reference value :  6.64346e-07
 Reference value :  6.64886e-07
 Reference value :  6.65406e-07
 Reference value :  6.66006e-07
 Reference value :  6.66606e-07
 Reference value :  6.67206e-07
 Reference value :  6.67786e-07
 Reference value :  6.68386e-07
 Reference value :  6.68986e-07
 Reference value :  6.69566e-07
 Reference value :  6.70166e-07
 Reference value :  6.70626e-07
 Reference value :  6.71106e-07
 Reference value :  6.71706e-07
 Reference value :  6.72266e-07
 Reference value :  6.72786e-07
 Reference value :  6.73286e-07
 Reference value :  6.73866e-07
 Reference value :  6.74466e-07
 Reference value :  6.75026e-07
 Reference value :  6.75546e-07
 Reference value :  6.76146e-07
 Reference value :  6.76766e-07
 Reference value :  6.77366e-07
 Reference value :  6.78006e-07
 Reference value :  6.78606e-07
 Reference value :  6.79126e-07
 Reference value :  6.79646e-07
 Reference value :  6.80166e-07
 Reference value :  6.80686e-07
 Reference value :  6.81286e-07
 Reference value :  6.81786e-07
 Reference value :  6.82306e-07
 Reference value :  6.82906e-07
 Reference value :  6.83426e-07
 Reference value :  6.83946e-07
 Reference value :  6.84506e-07
 Reference value :  6.85086e-07
 Reference value :  6.85606e-07
 Reference value :  6.86126e-07
 Reference value :  6.86726e-07
 Reference value :  6.87306e-07
 Reference value :  6.87886e-07
 Reference value :  6.88486e-07
 Reference value :  6.89106e-07
 Reference value :  6.89726e-07
 Reference value :  6.90286e-07
 Reference value :  6.90886e-07
 Reference value :  6.91446e-07
 Reference value :  6.92026e-07
 Reference value :  6.92606e-07
 Reference value :  6.93206e-07
 Reference value :  6.93826e-07
 Reference value :  6.94446e-07
 Reference value :  6.95046e-07
 Reference value :  6.95586e-07
 Reference value :  6.96306e-07
 Reference value :  6.96886e-07
 Reference value :  6.97486e-07
 Reference value :  6.98086e-07
 Reference value :  6.98706e-07
 Reference value :  6.99286e-07
 Reference value :  6.99846e-07
 Reference value :  7.00366e-07
 Reference value :  7.00926e-07
 Reference value :  7.01486e-07
 Reference value :  7.01986e-07
 Reference value :  7.02606e-07
 Reference value :  7.03246e-07
 Reference value :  7.03826e-07
 Reference value :  7.04406e-07
 Reference value :  7.05026e-07
 Reference value :  7.05566e-07
 Reference value :  7.06166e-07
 Reference value :  7.06786e-07
 Reference value :  7.07386e-07
 Reference value :  7.07946e-07
 Reference value :  7.08526e-07
 Reference value :  7.09026e-07
 Reference value :  7.09526e-07
 Reference value :  7.10046e-07
 Reference value :  7.10606e-07
 Reference value :  7.11186e-07
 Reference value :  7.11766e-07
 Reference value :  7.12366e-07
 Reference value :  7.12966e-07
 Reference value :  7.13546e-07
 Reference value :  7.14146e-07
 Reference value :  7.14746e-07
 Reference value :  7.15346e-07
 Reference value :  7.15926e-07
 Reference value :  7.16486e-07
 Reference value :  7.17086e-07
 Reference value :  7.17686e-07
 Reference value :  7.18266e-07
 Reference value :  7.18826e-07
 Reference value :  7.19386e-07
 Reference value :  7.19966e-07
 Reference value :  7.20546e-07
 Reference value :  7.21086e-07
 Reference value :  7.21606e-07
 Reference value :  7.22206e-07
 Reference value :  7.22786e-07
 Reference value :  7.23366e-07
 Reference value :  7.23966e-07
 Reference value :  7.24526e-07
 Reference value :  7.25106e-07
 Reference value :  7.25626e-07
 Reference value :  7.26226e-07
 Reference value :  7.26826e-07
 Reference value :  7.27346e-07
 Reference value :  7.27866e-07
 Reference value :  7.28486e-07
 Reference value :  7.29066e-07
 Reference value :  7.29666e-07
 Reference value :  7.30246e-07
 Reference value :  7.30746e-07
 Reference value :  7.31266e-07
 Reference value :  7.31806e-07
 Reference value :  7.32326e-07
 Reference value :  7.32906e-07
 Reference value :  7.33526e-07
 Reference value :  7.34106e-07
 Reference value :  7.34666e-07
 Reference value :  7.35286e-07
 Reference value :  7.35846e-07
 Reference value :  7.36446e-07
 Reference value :  7.37026e-07
 Reference value :  7.37586e-07
 Reference value :  7.38146e-07
 Reference value :  7.38706e-07
 Reference value :  7.39266e-07
 Reference value :  7.39866e-07
 Reference value :  7.40486e-07
 Reference value :  7.41066e-07
 Reference value :  7.41686e-07
 Reference value :  7.42306e-07
 Reference value :  7.42866e-07
 Reference value :  7.43426e-07
 Reference value :  7.43946e-07
 Reference value :  7.44406e-07
 Reference value :  7.44926e-07
 Reference value :  7.45486e-07
 Reference value :  7.46206e-07
 Reference value :  7.46826e-07
 Reference value :  7.47366e-07
 Reference value :  7.47886e-07
 Reference value :  7.48446e-07
 Reference value :  7.48906e-07
 Reference value :  7.49506e-07
 Reference value :  7.50106e-07
 Reference value :  7.50706e-07
 Reference value :  7.51286e-07
 Reference value :  7.51866e-07
 Reference value :  7.52606e-07
 Reference value :  7.53246e-07
 Reference value :  7.53806e-07
 Reference value :  7.54346e-07
 Reference value :  7.54926e-07
 Reference value :  7.55506e-07
 Reference value :  7.56106e-07
 Reference value :  7.56706e-07
 Reference value :  7.57246e-07
 Reference value :  7.57826e-07
 Reference value :  7.58426e-07
 Reference value :  7.58966e-07
 Reference value :  7.59546e-07
 Reference value :  7.60126e-07
 Reference value :  7.60646e-07
 Reference value :  7.61206e-07
 Reference value :  7.61806e-07
 Reference value :  7.62406e-07
 Reference value :  7.63006e-07
 Reference value :  7.63606e-07
 Reference value :  7.64206e-07
 Reference value :  7.64786e-07
 Reference value :  7.65386e-07
 Reference value :  7.65986e-07
 Reference value :  7.66586e-07
 Reference value :  7.67146e-07
 Reference value :  7.67686e-07
 Reference value :  7.68266e-07
 Reference value :  7.68846e-07
 Reference value :  7.69466e-07
 Reference value :  7.70026e-07
 Reference value :  7.70566e-07
 Reference value :  7.71166e-07
 Reference value :  7.71746e-07
 Reference value :  7.72326e-07
 Reference value :  7.72906e-07
 Reference value :  7.73466e-07
 Reference value :  7.74006e-07
 Reference value :  7.74606e-07
 Reference value :  7.75206e-07
 Reference value :  7.75766e-07
 Reference value :  7.76366e-07
 Reference value :  7.76946e-07
 Reference value :  7.77586e-07
 Reference value :  7.78186e-07
 Reference value :  7.78786e-07
 Reference value :  7.79366e-07
 Reference value :  7.79966e-07
 Reference value :  7.80606e-07
 Reference value :  7.81206e-07
 Reference value :  7.81786e-07
 Reference value :  7.82306e-07
 Reference value :  7.82846e-07
 Reference value :  7.83466e-07
 Reference value :  7.84046e-07
 Reference value :  7.84626e-07
 Reference value :  7.85186e-07
 Reference value :  7.85786e-07
 Reference value :  7.86386e-07
 Reference value :  7.86966e-07
 Reference value :  7.87566e-07
 Reference value :  7.88166e-07
 Reference value :  7.88766e-07
 Reference value :  7.89366e-07
 Reference value :  7.89986e-07
 Reference value :  7.90606e-07
 Reference value :  7.91186e-07
 Reference value :  7.91786e-07
 Reference value :  7.92326e-07
 Reference value :  7.92826e-07
 Reference value :  7.93406e-07
 Reference value :  7.93986e-07
 Reference value :  7.94586e-07
 Reference value :  7.95286e-07
 Reference value :  7.95866e-07
 Reference value :  7.96426e-07
 Reference value :  7.97026e-07
 Reference value :  7.97626e-07
 Reference value :  7.98206e-07
 Reference value :  7.98746e-07
 Reference value :  7.99366e-07
 Reference value :  7.99986e-07
 Reference value :  8.00586e-07
 Reference value :  8.01226e-07
 Reference value :  8.01926e-07
 Reference value :  8.02546e-07
 Reference value :  8.03166e-07
 Reference value :  8.03766e-07
 Reference value :  8.04366e-07
 Reference value :  8.04946e-07
 Reference value :  8.05546e-07
 Reference value :  8.06146e-07
 Reference value :  8.06706e-07
 Reference value :  8.07306e-07
 Reference value :  8.07886e-07
 Reference value :  8.08486e-07
 Reference value :  8.09086e-07
 Reference value :  8.09666e-07
 Reference value :  8.10266e-07
 Reference value :  8.10826e-07
 Reference value :  8.11406e-07
 Reference value :  8.12006e-07
 Reference value :  8.12586e-07
 Reference value :  8.13126e-07
 Reference value :  8.13706e-07
 Reference value :  8.14286e-07
 Reference value :  8.14866e-07
 Reference value :  8.15426e-07
 Reference value :  8.16006e-07
 Reference value :  8.16586e-07
 Reference value :  8.17186e-07
 Reference value :  8.17766e-07
 Reference value :  8.18366e-07
 Reference value :  8.18926e-07
 Reference value :  8.19446e-07
 Reference value :  8.19946e-07
 Reference value :  8.20446e-07
 Reference value :  8.20966e-07
 Reference value :  8.21446e-07
 Reference value :  8.21986e-07
 Reference value :  8.22526e-07
 Reference value :  8.23046e-07
 Reference value :  8.23606e-07
 Reference value :  8.24206e-07
 Reference value :  8.24826e-07
 Reference value :  8.25406e-07
 Reference value :  8.25946e-07
 Reference value :  8.26566e-07
 Reference value :  8.27186e-07
 Reference value :  8.27826e-07
 Reference value :  8.28426e-07
 Reference value :  8.28926e-07
 Reference value :  8.29466e-07
 Reference value :  8.30006e-07
 Reference value :  8.30606e-07
 Reference value :  8.31226e-07
 Reference value :  8.31846e-07
 Reference value :  8.32446e-07
 Reference value :  8.33086e-07
 Reference value :  8.33626e-07
 Reference value :  8.34146e-07
 Reference value :  8.34766e-07
 Reference value :  8.35306e-07
 Reference value :  8.35806e-07
 Reference value :  8.36346e-07
 Reference value :  8.36946e-07
 Reference value :  8.37546e-07
 Reference value :  8.38126e-07
 Reference value :  8.38686e-07
 Reference value :  8.39226e-07
 Reference value :  8.39786e-07
 Reference value :  8.40406e-07
 Reference value :  8.41006e-07
 Reference value :  8.41546e-07
 Reference value :  8.42066e-07
 Reference value :  8.42626e-07
 Reference value :  8.43206e-07
 Reference value :  8.43786e-07
 Reference value :  8.44366e-07
 Reference value :  8.45046e-07
 Reference value :  8.45546e-07
 Reference value :  8.46126e-07
 Reference value :  8.46726e-07
 Reference value :  8.47306e-07
 Reference value :  8.47846e-07
 Reference value :  8.48366e-07
 Reference value :  8.48886e-07
 Reference value :  8.49426e-07
 Reference value :  8.49946e-07
 Reference value :  8.50446e-07
 Reference value :  8.51006e-07
 Reference value :  8.51706e-07
 Reference value :  8.52286e-07
 Reference value :  8.52846e-07
 Reference value :  8.53406e-07
 Reference value :  8.53966e-07
 Reference value :  8.54566e-07
 Reference value :  8.55146e-07
 Reference value :  8.55706e-07
 Reference value :  8.56326e-07
 Reference value :  8.56866e-07
 Reference value :  8.57466e-07
 Reference value :  8.58026e-07
 Reference value :  8.58606e-07
 Reference value :  8.59186e-07
 Reference value :  8.59706e-07
 Reference value :  8.60246e-07
 Reference value :  8.60766e-07
 Reference value :  8.61286e-07
 Reference value :  8.61906e-07
 Reference value :  8.62526e-07
 Reference value :  8.63086e-07
 Reference value :  8.63686e-07
 Reference value :  8.64246e-07
 Reference value :  8.64826e-07
 Reference value :  8.65386e-07
 Reference value :  8.65906e-07
 Reference value :  8.66446e-07
 Reference value :  8.67026e-07
 Reference value :  8.67526e-07
 Reference value :  8.68106e-07
 Reference value :  8.68686e-07
 Reference value :  8.69286e-07
 Reference value :  8.69886e-07
 Reference value :  8.70446e-07
 Reference value :  8.70966e-07
 Reference value :  8.71566e-07
 Reference value :  8.72166e-07
 Reference value :  8.72746e-07
 Reference value :  8.73306e-07
 Reference value :  8.73806e-07
 Reference value :  8.74366e-07
 Reference value :  8.74906e-07
 Reference value :  8.75506e-07
 Reference value :  8.76106e-07
 Reference value :  8.76726e-07
 Reference value :  8.77386e-07
 Reference value :  8.77986e-07
 Reference value :  8.78606e-07
 Reference value :  8.79226e-07
 Reference value :  8.79806e-07
 Reference value :  8.80366e-07
 Reference value :  8.80906e-07
 Reference value :  8.81486e-07
 Reference value :  8.82086e-07
 Reference value :  8.82726e-07
 Reference value :  8.83306e-07
 Reference value :  8.83866e-07
 Reference value :  8.84386e-07
 Reference value :  8.84966e-07
 Reference value :  8.85606e-07
 Reference value :  8.86186e-07
 Reference value :  8.86766e-07
 Reference value :  8.87326e-07
 Reference value :  8.87926e-07
 Reference value :  8.88466e-07
 Reference value :  8.88986e-07
 Reference value :  8.89546e-07
 Reference value :  8.90146e-07
 Reference value :  8.90726e-07
 Reference value :  8.91246e-07
 Reference value :  8.91846e-07
 Reference value :  8.92466e-07
 Reference value :  8.93026e-07
 Reference value :  8.93586e-07
 Reference value :  8.94126e-07
 Reference value :  8.94726e-07
 Reference value :  8.95306e-07
 Reference value :  8.95846e-07
 Reference value :  8.96426e-07
 Reference value :  8.97026e-07
 Reference value :  8.97566e-07
 Reference value :  8.98186e-07
 Reference value :  8.98766e-07
 Reference value :  8.99366e-07
 Reference value :  8.99806e-07
 Reference value :  9.00366e-07
 Reference value :  9.01006e-07
 Reference value :  9.01666e-07
 Reference value :  9.02226e-07
 Reference value :  9.02646e-07
 Reference value :  9.03266e-07
 Reference value :  9.03886e-07
 Reference value :  9.04466e-07
 Reference value :  9.04966e-07
 Reference value :  9.05526e-07
 Reference value :  9.06146e-07
 Reference value :  9.06786e-07
 Reference value :  9.07386e-07
 Reference value :  9.08006e-07
 Reference value :  9.08606e-07
 Reference value :  9.09106e-07
 Reference value :  9.09686e-07
 Reference value :  9.10306e-07
 Reference value :  9.10926e-07
 Reference value :  9.11526e-07
 Reference value :  9.12126e-07
 Reference value :  9.12726e-07
 Reference value :  9.13326e-07
 Reference value :  9.13946e-07
 Reference value :  9.14466e-07
 Reference value :  9.14986e-07
 Reference value :  9.15586e-07
 Reference value :  9.16146e-07
 Reference value :  9.16746e-07
 Reference value :  9.17366e-07
 Reference value :  9.17926e-07
 Reference value :  9.18526e-07
 Reference value :  9.19126e-07
 Reference value :  9.19726e-07
 Reference value :  9.20326e-07
 Reference value :  9.20886e-07
 Reference value :  9.21446e-07
 Reference value :  9.21986e-07
 Reference value :  9.22546e-07
 Reference value :  9.23166e-07
 Reference value :  9.23726e-07
 Reference value :  9.24346e-07
 Reference value :  9.24946e-07
 Reference value :  9.25406e-07
 Reference value :  9.25906e-07
 Reference value :  9.26486e-07
 Reference value :  9.27066e-07
 Reference value :  9.27646e-07
 Reference value :  9.28226e-07
 Reference value :  9.28726e-07
 Reference value :  9.29266e-07
 Reference value :  9.29846e-07
 Reference value :  9.30466e-07
 Reference value :  9.31106e-07
 Reference value :  9.31706e-07
 Reference value :  9.32326e-07
 Reference value :  9.32906e-07
 Reference value :  9.33486e-07
 Reference value :  9.34086e-07
 Reference value :  9.34606e-07
 Reference value :  9.35166e-07
 Reference value :  9.35746e-07
 Reference value :  9.36346e-07
 Reference value :  9.36946e-07
 Reference value :  9.37546e-07
 Reference value :  9.38146e-07
 Reference value :  9.38726e-07
 Reference value :  9.39326e-07
 Reference value :  9.39906e-07
 Reference value :  9.40486e-07
 Reference value :  9.41006e-07
 Reference value :  9.41526e-07
 Reference value :  9.42026e-07
 Reference value :  9.42626e-07
 Reference value :  9.43146e-07
 Reference value :  9.43746e-07
 Reference value :  9.44426e-07
 Reference value :  9.45006e-07
 Reference value :  9.45566e-07
 Reference value :  9.46166e-07
 Reference value :  9.46726e-07
 Reference value :  9.47346e-07
 Reference value :  9.47966e-07
 Reference value :  9.48566e-07
 Reference value :  9.49066e-07
 Reference value :  9.49626e-07
 Reference value :  9.50246e-07
 Reference value :  9.50926e-07
 Reference value :  9.51466e-07
 Reference value :  9.51986e-07
 Reference value :  9.52566e-07
 Reference value :  9.53166e-07
 Reference value :  9.53786e-07
 Reference value :  9.54346e-07
 Reference value :  9.54946e-07
 Reference value :  9.55566e-07
 Reference value :  9.56166e-07
 Reference value :  9.56746e-07
 Reference value :  9.57346e-07
 Reference value :  9.57926e-07
 Reference value :  9.58526e-07
 Reference value :  9.59146e-07
 Reference value :  9.59726e-07
 Reference value :  9.60326e-07
 Reference value :  9.60906e-07
 Reference value :  9.61506e-07
 Reference value :  9.62126e-07
 Reference value :  9.62706e-07
 Reference value :  9.63326e-07
 Reference value :  9.63926e-07
 Reference value :  9.64526e-07
 Reference value :  9.65026e-07
 Reference value :  9.65546e-07
 Reference value :  9.66106e-07
 Reference value :  9.66726e-07
 Reference value :  9.67346e-07
 Reference value :  9.67906e-07
 Reference value :  9.68386e-07
 Reference value :  9.68906e-07
 Reference value :  9.69426e-07
 Reference value :  9.69966e-07
 Reference value :  9.70546e-07
 Reference value :  9.71086e-07
 Reference value :  9.71706e-07
 Reference value :  9.72246e-07
 Reference value :  9.72806e-07
 Reference value :  9.73406e-07
 Reference value :  9.74006e-07
 Reference value :  9.74586e-07
 Reference value :  9.75106e-07
 Reference value :  9.75706e-07
 Reference value :  9.76286e-07
 Reference value :  9.76886e-07
 Reference value :  9.77426e-07
 Reference value :  9.77926e-07
 Reference value :  9.78526e-07
 Reference value :  9.79126e-07
 Reference value :  9.79726e-07
 Reference value :  9.80326e-07
 Reference value :  9.80946e-07
 Reference value :  9.81506e-07
 Reference value :  9.82046e-07
 Reference value :  9.82626e-07
 Reference value :  9.83166e-07
 Reference value :  9.83726e-07
 Reference value :  9.84266e-07
 Reference value :  9.84886e-07
 Reference value :  9.85486e-07
 Reference value :  9.86066e-07
 Reference value :  9.86606e-07
 Reference value :  9.87186e-07
 Reference value :  9.87746e-07
 Reference value :  9.88306e-07
 Reference value :  9.88906e-07
 Reference value :  9.89506e-07
 Reference value :  9.90046e-07
 Reference value :  9.90606e-07
 Reference value :  9.91146e-07
 Reference value :  9.91766e-07
 Reference value :  9.92326e-07
 Reference value :  9.92866e-07
 Reference value :  9.93446e-07
 Reference value :  9.94066e-07
 Reference value :  9.94666e-07
 Reference value :  9.95246e-07
 Reference value :  9.95766e-07
 Reference value :  9.96346e-07
 Reference value :  9.96946e-07
 Reference value :  9.97546e-07
 Reference value :  9.98126e-07
 Reference value :  9.98686e-07
 Reference value :  9.99246e-07
 Reference value :  9.99826e-07
 Reference value :  1.00055e-06
 Reference value :  1.00105e-06
 Reference value :  1.00155e-06
 Reference value :  1.00213e-06
 Reference value :  1.00277e-06
 Reference value :  1.00337e-06
 Reference value :  1.00399e-06
 Reference value :  1.00463e-06
 Reference value :  1.00523e-06
 Reference value :  1.00583e-06
 Reference value :  1.00643e-06
 Reference value :  1.00705e-06
 Reference value :  1.00761e-06
 Reference value :  1.00821e-06
 Reference value :  1.00879e-06
 Reference value :  1.00937e-06
 Reference value :  1.00995e-06
 Reference value :  1.01051e-06
 Reference value :  1.01109e-06
 Reference value :  1.01167e-06
 Reference value :  1.01221e-06
 Reference value :  1.01277e-06
 Reference value :  1.01337e-06
 Reference value :  1.01395e-06
 Reference value :  1.01449e-06
 Reference value :  1.01505e-06
 Reference value :  1.01559e-06
 Reference value :  1.01619e-06
 Reference value :  1.01679e-06
 Reference value :  1.01735e-06
 Reference value :  1.01797e-06
 Reference value :  1.01855e-06
 Reference value :  1.01913e-06
 Reference value :  1.01969e-06
 Reference value :  1.02029e-06
 Reference value :  1.02091e-06
 Reference value :  1.02151e-06
 Reference value :  1.02211e-06
 Reference value :  1.02269e-06
 Reference value :  1.02321e-06
 Reference value :  1.02383e-06
 Reference value :  1.02439e-06
 Reference value :  1.02499e-06
 Reference value :  1.02557e-06
 Reference value :  1.02617e-06
 Reference value :  1.02677e-06
 Reference value :  1.02731e-06
 Reference value :  1.02789e-06
 Reference value :  1.02847e-06
 Reference value :  1.02903e-06
 Reference value :  1.02963e-06
 Reference value :  1.03021e-06
 Reference value :  1.03073e-06
 Reference value :  1.03129e-06
 Reference value :  1.03179e-06
 Reference value :  1.03231e-06
 Reference value :  1.03291e-06
 Reference value :  1.03355e-06
 Reference value :  1.03417e-06
 Reference value :  1.03475e-06
 Reference value :  1.03535e-06
 Reference value :  1.03595e-06
 Reference value :  1.03649e-06
 Reference value :  1.03701e-06
 Reference value :  1.03759e-06
 Reference value :  1.03815e-06
 Reference value :  1.03871e-06
 Reference value :  1.03925e-06
 Reference value :  1.03977e-06
 Reference value :  1.04033e-06
 Reference value :  1.04091e-06
 Reference value :  1.04151e-06
 Reference value :  1.04213e-06
 Reference value :  1.04271e-06
 Reference value :  1.04335e-06
 Reference value :  1.04393e-06
 Reference value :  1.04449e-06
 Reference value :  1.04509e-06
 Reference value :  1.04565e-06
 Reference value :  1.04623e-06
 Reference value :  1.04683e-06
 Reference value :  1.04735e-06
 Reference value :  1.04787e-06
 Reference value :  1.04839e-06
 Reference value :  1.04893e-06
 Reference value :  1.04945e-06
 Reference value :  1.05019e-06
 Reference value :  1.05081e-06
 Reference value :  1.05133e-06
 Reference value :  1.05187e-06
 Reference value :  1.05247e-06
 Reference value :  1.05307e-06
 Reference value :  1.05367e-06
 Reference value :  1.05427e-06
 Reference value :  1.05483e-06
 Reference value :  1.05543e-06
 Reference value :  1.05605e-06
 Reference value :  1.05657e-06
 Reference value :  1.05715e-06
 Reference value :  1.05777e-06
 Reference value :  1.05837e-06
 Reference value :  1.05899e-06
 Reference value :  1.05959e-06
 Reference value :  1.06021e-06
 Reference value :  1.06077e-06
 Reference value :  1.06139e-06
 Reference value :  1.06197e-06
 Reference value :  1.06257e-06
 Reference value :  1.06319e-06
 Reference value :  1.06379e-06
 Reference value :  1.06435e-06
 Reference value :  1.06493e-06
 Reference value :  1.06553e-06
 Reference value :  1.06611e-06
 Reference value :  1.06673e-06
 Reference value :  1.06725e-06
 Reference value :  1.06781e-06
 Reference value :  1.06841e-06
 Reference value :  1.06897e-06
 Reference value :  1.06955e-06
 Reference value :  1.07015e-06
 Reference value :  1.07071e-06
 Reference value :  1.07129e-06
 Reference value :  1.07189e-06
 Reference value :  1.07247e-06
 Reference value :  1.07307e-06
 Reference value :  1.07363e-06
 Reference value :  1.07417e-06
 Reference value :  1.07473e-06
 Reference value :  1.07527e-06
 Reference value :  1.07581e-06
 Reference value :  1.07633e-06
 Reference value :  1.07687e-06
 Reference value :  1.07741e-06
 Reference value :  1.07795e-06
 Reference value :  1.07851e-06
 Reference value :  1.07905e-06
 Reference value :  1.07961e-06
 Reference value :  1.08013e-06
 Reference value :  1.08065e-06
 Reference value :  1.08119e-06
 Reference value :  1.08175e-06
 Reference value :  1.08229e-06
 Reference value :  1.08283e-06
 Reference value :  1.08337e-06
 Reference value :  1.08391e-06
 Reference value :  1.08445e-06
 Reference value :  1.08499e-06
 Reference value :  1.08551e-06
 Reference value :  1.08597e-06
 Reference value :  1.08655e-06
 Reference value :  1.08711e-06
 Reference value :  1.08765e-06
 Reference value :  1.08821e-06
 Reference value :  1.08873e-06
 Reference value :  1.08925e-06
 Reference value :  1.08979e-06
 Reference value :  1.09031e-06
 Reference value :  1.09081e-06
 Reference value :  1.09133e-06
 Reference value :  1.09185e-06
 Reference value :  1.09239e-06
 Reference value :  1.09297e-06
 Reference value :  1.09355e-06
 Reference value :  1.09409e-06
 Reference value :  1.09461e-06
 Reference value :  1.09511e-06
 Reference value :  1.09565e-06
 Reference value :  1.09615e-06
 Reference value :  1.09669e-06
 Reference value :  1.09721e-06
 Reference value :  1.09775e-06
 Reference value :  1.09831e-06
 Reference value :  1.09885e-06
 Reference value :  1.09941e-06
 Reference value :  1.10005e-06
 Reference value :  1.10059e-06
 Reference value :  1.10113e-06
 Reference value :  1.10167e-06
 Reference value :  1.10223e-06
 Reference value :  1.10275e-06
 Reference value :  1.10327e-06
 Reference value :  1.10381e-06
 Reference value :  1.10433e-06
 Reference value :  1.10485e-06
 Reference value :  1.10537e-06
 Reference value :  1.10587e-06
 Reference value :  1.10639e-06
 Reference value :  1.10693e-06
 Reference value :  1.10745e-06
 Reference value :  1.10793e-06
 Reference value :  1.10843e-06
 Reference value :  1.10895e-06
 Reference value :  1.10949e-06
 Reference value :  1.11001e-06
 Reference value :  1.11053e-06
 Reference value :  1.11105e-06
 Reference value :  1.11159e-06
 Reference value :  1.11209e-06
 Reference value :  1.11265e-06
 Reference value :  1.11317e-06
 Reference value :  1.11369e-06
 Reference value :  1.11421e-06
 Reference value :  1.11473e-06
 Reference value :  1.11525e-06
 Reference value :  1.11577e-06
 Reference value :  1.11629e-06
 Reference value :  1.11681e-06
 Reference value :  1.11735e-06
 Reference value :  1.11789e-06
 Reference value :  1.11843e-06
 Reference value :  1.11895e-06
 Reference value :  1.11949e-06
 Reference value :  1.11999e-06
 Reference value :  1.12051e-06
 Reference value :  1.12105e-06
 Reference value :  1.12157e-06
 Reference value :  1.12209e-06
 Reference value :  1.12261e-06
 Reference value :  1.12313e-06
 Reference value :  1.12367e-06
 Reference value :  1.12419e-06
 Reference value :  1.12473e-06
 Reference value :  1.12529e-06
 Reference value :  1.12581e-06
 Reference value :  1.12633e-06
 Reference value :  1.12687e-06
 Reference value :  1.12741e-06
 Reference value :  1.12795e-06
 Reference value :  1.12849e-06
 Reference value :  1.12901e-06
 Reference value :  1.12953e-06
 Reference value :  1.13007e-06
 Reference value :  1.13063e-06
 Reference value :  1.13113e-06
 Reference value :  1.13165e-06
 Reference value :  1.13217e-06
 Reference value :  1.13269e-06
 Reference value :  1.13319e-06
 Reference value :  1.13373e-06
 Reference value :  1.13425e-06
 Reference value :  1.13475e-06
 Reference value :  1.13525e-06
 Reference value :  1.13577e-06
 Reference value :  1.13629e-06
 Reference value :  1.13681e-06
 Reference value :  1.13733e-06
 Reference value :  1.13787e-06
 Reference value :  1.13839e-06
 Reference value :  1.13891e-06
 Reference value :  1.13941e-06
 Reference value :  1.13993e-06
 Reference value :  1.14045e-06
 Reference value :  1.14095e-06
 Reference value :  1.14147e-06
 Reference value :  1.14201e-06
 Reference value :  1.14257e-06
 Reference value :  1.14315e-06
 Reference value :  1.14367e-06
 Reference value :  1.14419e-06
 Reference value :  1.14473e-06
 Reference value :  1.14525e-06
 Reference value :  1.14577e-06
 Reference value :  1.14629e-06
 Reference value :  1.14681e-06
 Reference value :  1.14731e-06
 Reference value :  1.14781e-06
 Reference value :  1.14831e-06
 Reference value :  1.14883e-06
 Reference value :  1.14949e-06
 Reference value :  1.15003e-06
 Reference value :  1.15055e-06
 Reference value :  1.15107e-06
 Reference value :  1.15163e-06
 Reference value :  1.15217e-06
 Reference value :  1.15271e-06
 Reference value :  1.15323e-06
 Reference value :  1.15373e-06
 Reference value :  1.15427e-06
 Reference value :  1.15479e-06
 Reference value :  1.15533e-06
 Reference value :  1.15583e-06
 Reference value :  1.15635e-06
 Reference value :  1.15687e-06
 Reference value :  1.15737e-06
 Reference value :  1.15791e-06
 Reference value :  1.15841e-06
 Reference value :  1.15893e-06
 Reference value :  1.15945e-06
 Reference value :  1.15999e-06
 Reference value :  1.16051e-06
 Reference value :  1.16103e-06
 Reference value :  1.16153e-06
 Reference value :  1.16203e-06
 Reference value :  1.16253e-06
 Reference value :  1.16305e-06
 Reference value :  1.16357e-06
 Reference value :  1.16411e-06
 Reference value :  1.16461e-06
 Reference value :  1.16515e-06
 Reference value :  1.16567e-06
 Reference value :  1.16621e-06
 Reference value :  1.16673e-06
 Reference value :  1.16725e-06
 Reference value :  1.16779e-06
 Reference value :  1.16831e-06
 Reference value :  1.16883e-06
 Reference value :  1.16935e-06
 Reference value :  1.16985e-06
 Reference value :  1.17039e-06
 Reference value :  1.17093e-06
 Reference value :  1.17145e-06
 Reference value :  1.17199e-06
 Reference value :  1.17251e-06
 Reference value :  1.17301e-06
 Reference value :  1.17353e-06
 Reference value :  1.17409e-06
 Reference value :  1.17461e-06
 Reference value :  1.17511e-06
 Reference value :  1.17563e-06
 Reference value :  1.17617e-06
 Reference value :  1.17669e-06
 Reference value :  1.17721e-06
 Reference value :  1.17771e-06
 Reference value :  1.17823e-06
 Reference value :  1.17875e-06
 Reference value :  1.17927e-06
 Reference value :  1.17979e-06
 Reference value :  1.18035e-06
 Reference value :  1.18089e-06
 Reference value :  1.18139e-06
 Reference value :  1.18191e-06
 Reference value :  1.18245e-06
 Reference value :  1.18297e-06
 Reference value :  1.18349e-06
 Reference value :  1.18403e-06
 Reference value :  1.18453e-06
 Reference value :  1.18505e-06
 Reference value :  1.18557e-06
 Reference value :  1.18611e-06
 Reference value :  1.18661e-06
 Reference value :  1.18713e-06
 Reference value :  1.18765e-06
 Reference value :  1.18817e-06
 Reference value :  1.18869e-06
 Reference value :  1.18923e-06
 Reference value :  1.18977e-06
 Reference value :  1.19029e-06
 Reference value :  1.19081e-06
 Reference value :  1.19133e-06
 Reference value :  1.19185e-06
 Reference value :  1.19249e-06
 Reference value :  1.19301e-06
 Reference value :  1.19351e-06
 Reference value :  1.19403e-06
 Reference value :  1.19455e-06
 Reference value :  1.19507e-06
 Reference value :  1.19559e-06
 Reference value :  1.19611e-06
 Reference value :  1.19663e-06
 Reference value :  1.19715e-06
 Reference value :  1.19765e-06
 Reference value :  1.19817e-06
 Reference value :  1.19873e-06
 Reference value :  1.19933e-06
 Reference value :  1.19987e-06
 Reference value :  1.20039e-06
 Reference value :  1.20091e-06
 Reference value :  1.20147e-06
 Reference value :  1.20201e-06
 Reference value :  1.20251e-06
 Reference value :  1.20303e-06
 Reference value :  1.20355e-06
 Reference value :  1.20407e-06
 Reference value :  1.20457e-06
 Reference value :  1.20509e-06
 Reference value :  1.20561e-06
 Reference value :  1.20613e-06
 Reference value :  1.20665e-06
 Reference value :  1.20715e-06
 Reference value :  1.20769e-06
 Reference value :  1.20819e-06
 Reference value :  1.20873e-06
 Reference value :  1.20923e-06
 Reference value :  1.20975e-06
 Reference value :  1.21027e-06
 Reference value :  1.21079e-06
 Reference value :  1.21133e-06
 Reference value :  1.21187e-06
 Reference value :  1.21239e-06
 Reference value :  1.21293e-06
 Reference value :  1.21345e-06
 Reference value :  1.21399e-06
 Reference value :  1.21453e-06
 Reference value :  1.21505e-06
 Reference value :  1.21555e-06
 Reference value :  1.21607e-06
 Reference value :  1.21659e-06
 Reference value :  1.21711e-06
 Reference value :  1.21763e-06
 Reference value :  1.21817e-06
 Reference value :  1.21869e-06
 Reference value :  1.21923e-06
 Reference value :  1.21975e-06
 Reference value :  1.22025e-06
 Reference value :  1.22079e-06
 Reference value :  1.22133e-06
 Reference value :  1.22185e-06
 Reference value :  1.22237e-06
 Reference value :  1.22289e-06
 Reference value :  1.22341e-06
 Reference value :  1.22397e-06
 Reference value :  1.22453e-06
 Reference value :  1.22505e-06
 Reference value :  1.22555e-06
 Reference value :  1.22607e-06
 Reference value :  1.22661e-06
 Reference value :  1.22715e-06
 Reference value :  1.22765e-06
 Reference value :  1.22817e-06
 Reference value :  1.22867e-06
 Reference value :  1.22917e-06
 Reference value :  1.22973e-06
 Reference value :  1.23025e-06
 Reference value :  1.23075e-06
 Reference value :  1.23127e-06
 Reference value :  1.23179e-06
 Reference value :  1.23231e-06
 Reference value :  1.23285e-06
 Reference value :  1.23335e-06
 Reference value :  1.23387e-06
 Reference value :  1.23439e-06
 Reference value :  1.23491e-06
 Reference value :  1.23547e-06
 Reference value :  1.23599e-06
 Reference value :  1.23649e-06
 Reference value :  1.23701e-06
 Reference value :  1.23753e-06
 Reference value :  1.23805e-06
 Reference value :  1.23857e-06
 Reference value :  1.23907e-06
 Reference value :  1.23957e-06
 Reference value :  1.24007e-06
 Reference value :  1.24059e-06
 Reference value :  1.24111e-06
 Reference value :  1.24165e-06
 Reference value :  1.24227e-06
 Reference value :  1.24281e-06
 Reference value :  1.24333e-06
 Reference value :  1.24385e-06
 Reference value :  1.24435e-06
 Reference value :  1.24487e-06
 Reference value :  1.24541e-06
 Reference value :  1.24593e-06
 Reference value :  1.24643e-06
 Reference value :  1.24695e-06
 Reference value :  1.24749e-06
 Reference value :  1.24803e-06
 Reference value :  1.24869e-06
 Reference value :  1.24919e-06
 Reference value :  1.24973e-06
 Reference value :  1.25023e-06
 Reference value :  1.25079e-06
 Reference value :  1.25131e-06
 Reference value :  1.25185e-06
 Reference value :  1.25239e-06
 Reference value :  1.25291e-06
 Reference value :  1.25343e-06
 Reference value :  1.25395e-06
 Reference value :  1.25449e-06
 Reference value :  1.25503e-06
 Reference value :  1.25555e-06
 Reference value :  1.25609e-06
 Reference value :  1.25663e-06
 Reference value :  1.25713e-06
 Reference value :  1.25769e-06
 Reference value :  1.25825e-06
 Reference value :  1.25879e-06
 Reference value :  1.25931e-06
 Reference value :  1.25983e-06
 Reference value :  1.26033e-06
 Reference value :  1.26083e-06
 Reference value :  1.26135e-06
 Reference value :  1.26187e-06
 Reference value :  1.26239e-06
 Reference value :  1.26291e-06
 Reference value :  1.26343e-06
 Reference value :  1.26397e-06
 Reference value :  1.26449e-06
 Reference value :  1.26501e-06
 Reference value :  1.26555e-06
 Reference value :  1.26605e-06
 Reference value :  1.26657e-06
 Reference value :  1.26711e-06
 Reference value :  1.26763e-06
 Reference value :  1.26813e-06
 Reference value :  1.26865e-06
 Reference value :  1.26917e-06
 Reference value :  1.26971e-06
 Reference value :  1.27021e-06
 Reference value :  1.27075e-06
 Reference value :  1.27127e-06
 Reference value :  1.27179e-06
 Reference value :  1.27229e-06
 Reference value :  1.27281e-06
 Reference value :  1.27337e-06
 Reference value :  1.27389e-06
 Reference value :  1.27443e-06
 Reference value :  1.27495e-06
 Reference value :  1.27549e-06
 Reference value :  1.27605e-06
 Reference value :  1.27659e-06
 Reference value :  1.27709e-06
 Reference value :  1.27761e-06
 Reference value :  1.27813e-06
 Reference value :  1.27865e-06
 Reference value :  1.27917e-06
 Reference value :  1.27971e-06
 Reference value :  1.28023e-06
 Reference value :  1.28075e-06
 Reference value :  1.28127e-06
 Reference value :  1.28179e-06
 Reference value :  1.28231e-06
 Reference value :  1.28285e-06
 Reference value :  1.28337e-06
 Reference value :  1.28387e-06
 Reference value :  1.28441e-06
 Reference value :  1.28493e-06
 Reference value :  1.28545e-06
 Reference value :  1.28597e-06
 Reference value :  1.28647e-06
 Reference value :  1.28699e-06
 Reference value :  1.28751e-06
 Reference value :  1.28803e-06
 Reference value :  1.28853e-06
 Reference value :  1.28903e-06
 Reference value :  1.28955e-06
 Reference value :  1.29007e-06
 Reference value :  1.29061e-06
 Reference value :  1.29113e-06
 Reference value :  1.29177e-06
 Reference value :  1.29227e-06
 Reference value :  1.29279e-06
 Reference value :  1.29333e-06
 Reference value :  1.29383e-06
 Reference value :  1.29435e-06
 Reference value :  1.29489e-06
 Reference value :  1.29539e-06
 Reference value :  1.29591e-06
 Reference value :  1.29643e-06
 Reference value :  1.29695e-06
 Reference value :  1.29747e-06
 Reference value :  1.29803e-06
 Reference value :  1.29865e-06
 Reference value :  1.29919e-06
 Reference value :  1.29971e-06
 Reference value :  1.30027e-06
 Reference value :  1.30079e-06
 Reference value :  1.30131e-06
 Reference value :  1.30183e-06
 Reference value :  1.30235e-06
 Reference value :  1.30291e-06
 Reference value :  1.30343e-06
 Reference value :  1.30395e-06
 Reference value :  1.30447e-06
 Reference value :  1.30499e-06
 Reference value :  1.30551e-06
 Reference value :  1.30603e-06
 Reference value :  1.30653e-06
 Reference value :  1.30707e-06
 Reference value :  1.30757e-06
 Reference value :  1.30809e-06
 Reference value :  1.30863e-06
 Reference value :  1.30915e-06
 Reference value :  1.30969e-06
 Reference value :  1.31021e-06
 Reference value :  1.31073e-06
 Reference value :  1.31127e-06
 Reference value :  1.31179e-06
 Reference value :  1.31233e-06
 Reference value :  1.31283e-06
 Reference value :  1.31335e-06
 Reference value :  1.31387e-06
 Reference value :  1.31439e-06
 Reference value :  1.31493e-06
 Reference value :  1.31545e-06
 Reference value :  1.31599e-06
 Reference value :  1.31649e-06
 Reference value :  1.31701e-06
 Reference value :  1.31753e-06
 Reference value :  1.31805e-06
 Reference value :  1.31859e-06
 Reference value :  1.31913e-06
 Reference value :  1.31965e-06
 Reference value :  1.32017e-06
 Reference value :  1.32069e-06
 Reference value :  1.32121e-06
 Reference value :  1.32175e-06
 Reference value :  1.32225e-06
 Reference value :  1.32279e-06
 Reference value :  1.32335e-06
 Reference value :  1.32389e-06
 Reference value :  1.32441e-06
 Reference value :  1.32493e-06
 Reference value :  1.32547e-06
 Reference value :  1.32599e-06
 Reference value :  1.32653e-06
 Reference value :  1.32707e-06
 Reference value :  1.32759e-06
 Reference value :  1.32811e-06
 Reference value :  1.32865e-06
 Reference value :  1.32917e-06
 Reference value :  1.32969e-06
 Reference value :  1.33019e-06
 Reference value :  1.33071e-06
 Reference value :  1.33123e-06
 Reference value :  1.33175e-06
 Reference value :  1.33227e-06
 Reference value :  1.33279e-06
 Reference value :  1.33331e-06
 Reference value :  1.33383e-06
 Reference value :  1.33435e-06
 Reference value :  1.33487e-06
 Reference value :  1.33537e-06
 Reference value :  1.33591e-06
 Reference value :  1.33643e-06
 Reference value :  1.33697e-06
 Reference value :  1.33751e-06
 Reference value :  1.33803e-06
 Reference value :  1.33855e-06
 Reference value :  1.33907e-06
 Reference value :  1.33961e-06
 Reference value :  1.34013e-06
 Reference value :  1.34063e-06
 Reference value :  1.34127e-06
 Reference value :  1.34179e-06
 Reference value :  1.34231e-06
 Reference value :  1.34281e-06
 Reference value :  1.34331e-06
 Reference value :  1.34383e-06
 Reference value :  1.34435e-06
 Reference value :  1.34487e-06
 Reference value :  1.34541e-06
 Reference value :  1.34591e-06
 Reference value :  1.34643e-06
 Reference value :  1.34695e-06
 Reference value :  1.34749e-06
 Reference value :  1.34811e-06
 Reference value :  1.34863e-06
 Reference value :  1.34917e-06
 Reference value :  1.34969e-06
 Reference value :  1.35025e-06
 Reference value :  1.35079e-06
 Reference value :  1.35131e-06
 Reference value :  1.35181e-06
 Reference value :  1.35233e-06
 Reference value :  1.35287e-06
 Reference value :  1.35337e-06
 Reference value :  1.35389e-06
 Reference value :  1.35441e-06
 Reference value :  1.35495e-06
 Reference value :  1.35547e-06
 Reference value :  1.35597e-06
 Reference value :  1.35649e-06
 Reference value :  1.35703e-06
 Reference value :  1.35755e-06
 Reference value :  1.35809e-06
 Reference value :  1.35861e-06
 Reference value :  1.35913e-06
 Reference value :  1.35963e-06
 Reference value :  1.36015e-06
 Reference value :  1.36065e-06
 Reference value :  1.36119e-06
 Reference value :  1.36169e-06
 Reference value :  1.36221e-06
 Reference value :  1.36275e-06
 Reference value :  1.36325e-06
 Reference value :  1.36379e-06
 Reference value :  1.36429e-06
 Reference value :  1.36481e-06
 Reference value :  1.36535e-06
 Reference value :  1.36587e-06
 Reference value :  1.36637e-06
 Reference value :  1.36689e-06
 Reference value :  1.36741e-06
 Reference value :  1.36791e-06
 Reference value :  1.36843e-06
 Reference value :  1.36893e-06
 Reference value :  1.36945e-06
 Reference value :  1.36997e-06
 Reference value :  1.37049e-06
 Reference value :  1.37103e-06
 Reference value :  1.37157e-06
 Reference value :  1.37209e-06
 Reference value :  1.37265e-06
 Reference value :  1.37319e-06
 Reference value :  1.37371e-06
 Reference value :  1.37423e-06
 Reference value :  1.37475e-06
 Reference value :  1.37529e-06
 Reference value :  1.37579e-06
 Reference value :  1.37631e-06
 Reference value :  1.37683e-06
 Reference value :  1.37735e-06
 Reference value :  1.37785e-06
 Reference value :  1.37835e-06
 Reference value :  1.37891e-06
 Reference value :  1.37943e-06
 Reference value :  1.37995e-06
 Reference value :  1.38047e-06
 Reference value :  1.38099e-06
 Reference value :  1.38155e-06
 Reference value :  1.38207e-06
 Reference value :  1.38257e-06
 Reference value :  1.38309e-06
 Reference value :  1.38361e-06
 Reference value :  1.38411e-06
 Reference value :  1.38463e-06
 Reference value :  1.38517e-06
 Reference value :  1.38571e-06
 Reference value :  1.38623e-06
 Reference value :  1.38675e-06
 Reference value :  1.38727e-06
 Reference value :  1.38777e-06
 Reference value :  1.38829e-06
 Reference value :  1.38885e-06
 Reference value :  1.38939e-06
 Reference value :  1.38991e-06
 Reference value :  1.39041e-06
 Reference value :  1.39105e-06
 Reference value :  1.39157e-06
 Reference value :  1.39209e-06
 Reference value :  1.39261e-06
 Reference value :  1.39313e-06
 Reference value :  1.39365e-06
 Reference value :  1.39417e-06
 Reference value :  1.39469e-06
 Reference value :  1.39523e-06
 Reference value :  1.39573e-06
 Reference value :  1.39623e-06
 Reference value :  1.39677e-06
 Reference value :  1.39739e-06
 Reference value :  1.39797e-06
 Reference value :  1.39849e-06
 Reference value :  1.39901e-06
 Reference value :  1.39955e-06
 Reference value :  1.40009e-06
 Reference value :  1.40063e-06
 Reference value :  1.40115e-06
 Reference value :  1.40167e-06
 Reference value :  1.40221e-06
 Reference value :  1.40271e-06
 Reference value :  1.40323e-06
 Reference value :  1.40375e-06
 Reference value :  1.40429e-06
 Reference value :  1.40481e-06
 Reference value :  1.40533e-06
 Reference value :  1.40583e-06
 Reference value :  1.40637e-06
 Reference value :  1.40689e-06
 Reference value :  1.40741e-06
 Reference value :  1.40795e-06
 Reference value :  1.40849e-06
 Reference value :  1.40901e-06
 Reference value :  1.40953e-06
 Reference value :  1.41007e-06
 Reference value :  1.41061e-06
 Reference value :  1.41115e-06
 Reference value :  1.41169e-06
 Reference value :  1.41221e-06
 Reference value :  1.41273e-06
 Reference value :  1.41325e-06
 Reference value :  1.41377e-06
 Reference value :  1.41431e-06
 Reference value :  1.41481e-06
 Reference value :  1.41533e-06
 Reference value :  1.41585e-06
 Reference value :  1.41635e-06
 Reference value :  1.41687e-06
 Reference value :  1.41739e-06
 Reference value :  1.41791e-06
 Reference value :  1.41843e-06
 Reference value :  1.41893e-06
 Reference value :  1.41943e-06
 Reference value :  1.41995e-06
 Reference value :  1.42049e-06
 Reference value :  1.42101e-06
 Reference value :  1.42155e-06
 Reference value :  1.42205e-06
 Reference value :  1.42261e-06
 Reference value :  1.42317e-06
 Reference value :  1.42367e-06
 Reference value :  1.42419e-06
 Reference value :  1.42471e-06
 Reference value :  1.42521e-06
 Reference value :  1.42571e-06
 Reference value :  1.42623e-06
 Reference value :  1.42675e-06
 Reference value :  1.42725e-06
 Reference value :  1.42777e-06
 Reference value :  1.42833e-06
 Reference value :  1.42885e-06
 Reference value :  1.42939e-06
 Reference value :  1.42989e-06
 Reference value :  1.43041e-06
 Reference value :  1.43093e-06
 Reference value :  1.43145e-06
 Reference value :  1.43197e-06
 Reference value :  1.43249e-06
 Reference value :  1.43301e-06
 Reference value :  1.43353e-06
 Reference value :  1.43405e-06
 Reference value :  1.43457e-06
 Reference value :  1.43509e-06
 Reference value :  1.43561e-06
 Reference value :  1.43611e-06
 Reference value :  1.43665e-06
 Reference value :  1.43713e-06
 Reference value :  1.43767e-06
 Reference value :  1.43819e-06
 Reference value :  1.43871e-06
 Reference value :  1.43925e-06
 Reference value :  1.43977e-06
 Reference value :  1.44037e-06
 Reference value :  1.44095e-06
 Reference value :  1.44147e-06
 Reference value :  1.44197e-06
 Reference value :  1.44247e-06
 Reference value :  1.44299e-06
 Reference value :  1.44347e-06
 Reference value :  1.44399e-06
 Reference value :  1.44451e-06
 Reference value :  1.44501e-06
 Reference value :  1.44551e-06
 Reference value :  1.44605e-06
 Reference value :  1.44655e-06
 Reference value :  1.44721e-06
 Reference value :  1.44773e-06
 Reference value :  1.44825e-06
 Reference value :  1.44877e-06
 Reference value :  1.44933e-06
 Reference value :  1.44987e-06
 Reference value :  1.45039e-06
 Reference value :  1.45093e-06
 Reference value :  1.45145e-06
 Reference value :  1.45197e-06
 Reference value :  1.45249e-06
 Reference value :  1.45301e-06
 Reference value :  1.45353e-06
 Reference value :  1.45403e-06
 Reference value :  1.45455e-06
 Reference value :  1.45507e-06
 Reference value :  1.45561e-06
 Reference value :  1.45615e-06
 Reference value :  1.45667e-06
 Reference value :  1.45719e-06
 Reference value :  1.45769e-06
 Reference value :  1.45819e-06
 Reference value :  1.45871e-06
 Reference value :  1.45927e-06
 Reference value :  1.45977e-06
 Reference value :  1.46029e-06
 Reference value :  1.46081e-06
 Reference value :  1.46133e-06
 Reference value :  1.46185e-06
 Reference value :  1.46235e-06
 Reference value :  1.46289e-06
 Reference value :  1.46341e-06
 Reference value :  1.46389e-06
 Reference value :  1.46441e-06
 Reference value :  1.46493e-06
 Reference value :  1.46545e-06
 Reference value :  1.46597e-06
 Reference value :  1.46649e-06
 Reference value :  1.46701e-06
 Reference value :  1.46753e-06
 Reference value :  1.46805e-06
 Reference value :  1.46855e-06
 Reference value :  1.46907e-06
 Reference value :  1.46959e-06
 Reference value :  1.47013e-06
 Reference value :  1.47065e-06
 Reference value :  1.47117e-06
 Reference value :  1.47171e-06
 Reference value :  1.47225e-06
 Reference value :  1.47281e-06
 Reference value :  1.47333e-06
 Reference value :  1.47385e-06
 Reference value :  1.47437e-06
 Reference value :  1.47487e-06
 Reference value :  1.47535e-06
 Reference value :  1.47587e-06
 Reference value :  1.47641e-06
 Reference value :  1.47693e-06
 Reference value :  1.47745e-06
 Reference value :  1.47801e-06
 Reference value :  1.47853e-06
 Reference value :  1.47903e-06
 Reference value :  1.47957e-06
 Reference value :  1.48009e-06
 Reference value :  1.48061e-06
 Reference value :  1.48113e-06
 Reference value :  1.48165e-06
 Reference value :  1.48215e-06
 Reference value :  1.48267e-06
 Reference value :  1.48319e-06
 Reference value :  1.48371e-06
 Reference value :  1.48425e-06
 Reference value :  1.48479e-06
 Reference value :  1.48531e-06
 Reference value :  1.48583e-06
 Reference value :  1.48635e-06
 Reference value :  1.48689e-06
 Reference value :  1.48741e-06
 Reference value :  1.48793e-06
 Reference value :  1.48845e-06
 Reference value :  1.48897e-06
 Reference value :  1.48953e-06
 Reference value :  1.49013e-06
 Reference value :  1.49065e-06
 Reference value :  1.49117e-06
 Reference value :  1.49169e-06
 Reference value :  1.49219e-06
 Reference value :  1.49271e-06
 Reference value :  1.49325e-06
 Reference value :  1.49375e-06
 Reference value :  1.49427e-06
 Reference value :  1.49479e-06
 Reference value :  1.49529e-06
 Reference value :  1.49581e-06
 Reference value :  1.49633e-06
 Reference value :  1.49697e-06
 Reference value :  1.49747e-06
 Reference value :  1.49797e-06
 Reference value :  1.49851e-06
 Reference value :  1.49903e-06
 Reference value :  1.49957e-06
 Reference value :  1.50011e-06
 Reference value :  1.50065e-06
 Reference value :  1.50117e-06
 Reference value :  1.50169e-06
 Reference value :  1.50225e-06
 Reference value :  1.50277e-06
 Reference value :  1.50329e-06
 Reference value :  1.50379e-06
 Reference value :  1.50431e-06
 Reference value :  1.50483e-06
 Reference value :  1.50533e-06
 Reference value :  1.50585e-06
 Reference value :  1.50635e-06
 Reference value :  1.50687e-06
 Reference value :  1.50739e-06
 Reference value :  1.50793e-06
 Reference value :  1.50845e-06
 Reference value :  1.50899e-06
 Reference value :  1.50951e-06
 Reference value :  1.51001e-06
 Reference value :  1.51053e-06
 Reference value :  1.51105e-06
 Reference value :  1.51157e-06
 Reference value :  1.51211e-06
 Reference value :  1.51265e-06
 Reference value :  1.51317e-06
 Reference value :  1.51369e-06
 Reference value :  1.51423e-06
 Reference value :  1.51475e-06
 Reference value :  1.51527e-06
 Reference value :  1.51575e-06
 Reference value :  1.51627e-06
 Reference value :  1.51681e-06
 Reference value :  1.51733e-06
 Reference value :  1.51785e-06
 Reference value :  1.51837e-06
 Reference value :  1.51887e-06
 Reference value :  1.51941e-06
 Reference value :  1.51991e-06
 Reference value :  1.52041e-06
 Reference value :  1.52095e-06
 Reference value :  1.52149e-06
 Reference value :  1.52203e-06
 Reference value :  1.52253e-06
 Reference value :  1.52305e-06
 Reference value :  1.52355e-06
 Reference value :  1.52409e-06
 Reference value :  1.52461e-06
 Reference value :  1.52513e-06
 Reference value :  1.52561e-06
 Reference value :  1.52611e-06
 Reference value :  1.52661e-06
 Reference value :  1.52713e-06
 Reference value :  1.52769e-06
 Reference value :  1.52821e-06
 Reference value :  1.52875e-06
 Reference value :  1.52925e-06
 Reference value :  1.52977e-06
 Reference value :  1.53029e-06
 Reference value :  1.53079e-06
 Reference value :  1.53129e-06
 Reference value :  1.53181e-06
 Reference value :  1.53229e-06
 Reference value :  1.53283e-06
 Reference value :  1.53333e-06
 Reference value :  1.53383e-06
 Reference value :  1.53435e-06
 Reference value :  1.53489e-06
 Reference value :  1.53539e-06
 Reference value :  1.53589e-06
 Reference value :  1.53641e-06
 Reference value :  1.53693e-06
 Reference value :  1.53745e-06
 Reference value :  1.53797e-06
 Reference value :  1.53849e-06
 Reference value :  1.53901e-06
 Reference value :  1.53957e-06
 Reference value :  1.54017e-06
 Reference value :  1.54069e-06
 Reference value :  1.54121e-06
 Reference value :  1.54171e-06
 Reference value :  1.54223e-06
 Reference value :  1.54277e-06
 Reference value :  1.54329e-06
 Reference value :  1.54381e-06
 Reference value :  1.54433e-06
 Reference value :  1.54485e-06
 Reference value :  1.54537e-06
 Reference value :  1.54589e-06
 Reference value :  1.54653e-06
 Reference value :  1.54709e-06
 Reference value :  1.54759e-06
 Reference value :  1.54809e-06
 Reference value :  1.54863e-06
 Reference value :  1.54915e-06
 Reference value :  1.54965e-06
 Reference value :  1.55017e-06
 Reference value :  1.55071e-06
 Reference value :  1.55125e-06
 Reference value :  1.55177e-06
 Reference value :  1.55231e-06
 Reference value :  1.55283e-06
 Reference value :  1.55337e-06
 Reference value :  1.55389e-06
 Reference value :  1.55441e-06
 Reference value :  1.55493e-06
 Reference value :  1.55545e-06
 Reference value :  1.55597e-06
 Reference value :  1.55647e-06
 Reference value :  1.55699e-06
 Reference value :  1.55751e-06
 Reference value :  1.55803e-06
 Reference value :  1.55855e-06
 Reference value :  1.55907e-06
 Reference value :  1.55957e-06
 Reference value :  1.56009e-06
 Reference value :  1.56061e-06
 Reference value :  1.56111e-06
 Reference value :  1.56165e-06
 Reference value :  1.56217e-06
 Reference value :  1.56267e-06
 Reference value :  1.56319e-06
 Reference value :  1.56371e-06
 Reference value :  1.56423e-06
 Reference value :  1.56475e-06
 Reference value :  1.56527e-06
 Reference value :  1.56577e-06
 Reference value :  1.56631e-06
 Reference value :  1.56687e-06
 Reference value :  1.56737e-06
 Reference value :  1.56791e-06
 Reference value :  1.56845e-06
 Reference value :  1.56897e-06
 Reference value :  1.56951e-06
 Reference value :  1.57003e-06
 Reference value :  1.57051e-06
 Reference value :  1.57107e-06
 Reference value :  1.57161e-06
 Reference value :  1.57215e-06
 Reference value :  1.57267e-06
 Reference value :  1.57321e-06
 Reference value :  1.57373e-06
 Reference value :  1.57425e-06
 Reference value :  1.57477e-06
 Reference value :  1.57531e-06
 Reference value :  1.57583e-06
 Reference value :  1.57635e-06
 Reference value :  1.57685e-06
 Reference value :  1.57743e-06
 Reference value :  1.57795e-06
 Reference value :  1.57847e-06
 Reference value :  1.57897e-06
 Reference value :  1.57949e-06
 Reference value :  1.58001e-06
 Reference value :  1.58053e-06
 Reference value :  1.58105e-06
 Reference value :  1.58157e-06
 Reference value :  1.58207e-06
 Reference value :  1.58255e-06
 Reference value :  1.58305e-06
 Reference value :  1.58359e-06
 Reference value :  1.58409e-06
 Reference value :  1.58461e-06
 Reference value :  1.58515e-06
 Reference value :  1.58567e-06
 Reference value :  1.58617e-06
 Reference value :  1.58669e-06
 Reference value :  1.58721e-06
 Reference value :  1.58773e-06
 Reference value :  1.58823e-06
 Reference value :  1.58873e-06
 Reference value :  1.58937e-06
 Reference value :  1.58989e-06
 Reference value :  1.59041e-06
 Reference value :  1.59091e-06
 Reference value :  1.59141e-06
 Reference value :  1.59191e-06
 Reference value :  1.59241e-06
 Reference value :  1.59291e-06
 Reference value :  1.59343e-06
 Reference value :  1.59395e-06
 Reference value :  1.59449e-06
 Reference value :  1.59503e-06
 Reference value :  1.59555e-06
 Reference value :  1.59619e-06
 Reference value :  1.59673e-06
 Reference value :  1.59725e-06
 Reference value :  1.59775e-06
 Reference value :  1.59829e-06
 Reference value :  1.59883e-06
 Reference value :  1.59935e-06
 Reference value :  1.59989e-06
 Reference value :  1.60041e-06
 Reference value :  1.60095e-06
 Reference value :  1.60149e-06
 Reference value :  1.60201e-06
 Reference value :  1.60253e-06
 Reference value :  1.60305e-06
 Reference value :  1.60357e-06
 Reference value :  1.60409e-06
 Reference value :  1.60459e-06
 Reference value :  1.60513e-06
 Reference value :  1.60565e-06
 Reference value :  1.60617e-06
 Reference value :  1.60669e-06
 Reference value :  1.60723e-06
 Reference value :  1.60775e-06
 Reference value :  1.60831e-06
 Reference value :  1.60881e-06
 Reference value :  1.60933e-06
 Reference value :  1.60985e-06
 Reference value :  1.61037e-06
 Reference value :  1.61089e-06
 Reference value :  1.61141e-06
 Reference value :  1.61193e-06
 Reference value :  1.61247e-06
 Reference value :  1.61297e-06
 Reference value :  1.61351e-06
 Reference value :  1.61403e-06
 Reference value :  1.61455e-06
 Reference value :  1.61505e-06
 Reference value :  1.61555e-06
 Reference value :  1.61607e-06
 Reference value :  1.61661e-06
 Reference value :  1.61711e-06
 Reference value :  1.61763e-06
 Reference value :  1.61813e-06
 Reference value :  1.61865e-06
 Reference value :  1.61917e-06
 Reference value :  1.61967e-06
 Reference value :  1.62019e-06
 Reference value :  1.62075e-06
 Reference value :  1.62127e-06
 Reference value :  1.62177e-06
 Reference value :  1.62229e-06
 Reference value :  1.62281e-06
 Reference value :  1.62337e-06
 Reference value :  1.62389e-06
 Reference value :  1.62441e-06
 Reference value :  1.62495e-06
 Reference value :  1.62547e-06
 Reference value :  1.62599e-06
 Reference value :  1.62651e-06
 Reference value :  1.62705e-06
 Reference value :  1.62757e-06
 Reference value :  1.62809e-06
 Reference value :  1.62861e-06
 Reference value :  1.62915e-06
 Reference value :  1.62967e-06
 Reference value :  1.63019e-06
 Reference value :  1.63071e-06
 Reference value :  1.63121e-06
 Reference value :  1.63173e-06
 Reference value :  1.63225e-06
 Reference value :  1.63279e-06
 Reference value :  1.63331e-06
 Reference value :  1.63383e-06
 Reference value :  1.63435e-06
 Reference value :  1.63487e-06
 Reference value :  1.63537e-06
 Reference value :  1.63589e-06
 Reference value :  1.63641e-06
 Reference value :  1.63693e-06
 Reference value :  1.63745e-06
 Reference value :  1.63797e-06
 Reference value :  1.63849e-06
 Reference value :  1.63913e-06
 Reference value :  1.63965e-06
 Reference value :  1.64017e-06
 Reference value :  1.64069e-06
 Reference value :  1.64125e-06
 Reference value :  1.64177e-06
 Reference value :  1.64229e-06
 Reference value :  1.64281e-06
 Reference value :  1.64333e-06
 Reference value :  1.64385e-06
 Reference value :  1.64437e-06
 Reference value :  1.64487e-06
 Reference value :  1.64549e-06
 Reference value :  1.64603e-06
 Reference value :  1.64657e-06
 Reference value :  1.64711e-06
 Reference value :  1.64763e-06
 Reference value :  1.64815e-06
 Reference value :  1.64867e-06
 Reference value :  1.64917e-06
 Reference value :  1.64971e-06
 Reference value :  1.65023e-06
 Reference value :  1.65075e-06
 Reference value :  1.65129e-06
 Reference value :  1.65183e-06
 Reference value :  1.65235e-06
 Reference value :  1.65287e-06
 Reference value :  1.65337e-06
 Reference value :  1.65389e-06
 Reference value :  1.65441e-06
 Reference value :  1.65495e-06
 Reference value :  1.65547e-06
 Reference value :  1.65599e-06
 Reference value :  1.65651e-06
 Reference value :  1.65703e-06
 Reference value :  1.65755e-06
 Reference value :  1.65805e-06
 Reference value :  1.65857e-06
 Reference value :  1.65907e-06
 Reference value :  1.65959e-06
 Reference value :  1.66013e-06
 Reference value :  1.66063e-06
 Reference value :  1.66117e-06
 Reference value :  1.66167e-06
 Reference value :  1.66219e-06
 Reference value :  1.66267e-06
 Reference value :  1.66319e-06
 Reference value :  1.66371e-06
 Reference value :  1.66421e-06
 Reference value :  1.66471e-06
 Reference value :  1.66523e-06
 Reference value :  1.66573e-06
 Reference value :  1.66625e-06
 Reference value :  1.66677e-06
 Reference value :  1.66733e-06
 Reference value :  1.66785e-06
 Reference value :  1.66837e-06
 Reference value :  1.66889e-06
 Reference value :  1.66941e-06
 Reference value :  1.66997e-06
 Reference value :  1.67051e-06
 Reference value :  1.67105e-06
 Reference value :  1.67157e-06
 Reference value :  1.67209e-06
 Reference value :  1.67263e-06
 Reference value :  1.67315e-06
 Reference value :  1.67367e-06
 Reference value :  1.67419e-06
 Reference value :  1.67473e-06
 Reference value :  1.67525e-06
 Reference value :  1.67577e-06
 Reference value :  1.67633e-06
 Reference value :  1.67687e-06
 Reference value :  1.67739e-06
 Reference value :  1.67793e-06
 Reference value :  1.67845e-06
 Reference value :  1.67899e-06
 Reference value :  1.67951e-06
 Reference value :  1.68003e-06
 Reference value :  1.68055e-06
 Reference value :  1.68107e-06
 Reference value :  1.68161e-06
 Reference value :  1.68213e-06
 Reference value :  1.68265e-06
 Reference value :  1.68319e-06
 Reference value :  1.68367e-06
 Reference value :  1.68419e-06
 Reference value :  1.68471e-06
 Reference value :  1.68525e-06
 Reference value :  1.68577e-06
 Reference value :  1.68629e-06
 Reference value :  1.68681e-06
 Reference value :  1.68733e-06
 Reference value :  1.68785e-06
 Reference value :  1.68841e-06
 Reference value :  1.68901e-06
 Reference value :  1.68955e-06
 Reference value :  1.69009e-06
 Reference value :  1.69063e-06
 Reference value :  1.69115e-06
 Reference value :  1.69163e-06
 Reference value :  1.69215e-06
 Reference value :  1.69269e-06
 Reference value :  1.69319e-06
 Reference value :  1.69369e-06
 Reference value :  1.69421e-06
 Reference value :  1.69473e-06
 Reference value :  1.69537e-06
 Reference value :  1.69589e-06
 Reference value :  1.69643e-06
 Reference value :  1.69695e-06
 Reference value :  1.69751e-06
 Reference value :  1.69807e-06
 Reference value :  1.69859e-06
 Reference value :  1.69913e-06
 Reference value :  1.69965e-06
 Reference value :  1.70015e-06
 Reference value :  1.70069e-06
 Reference value :  1.70121e-06
 Reference value :  1.70175e-06
 Reference value :  1.70229e-06
 Reference value :  1.70281e-06
 Reference value :  1.70333e-06
 Reference value :  1.70385e-06
 Reference value :  1.70437e-06
 Reference value :  1.70489e-06
 Reference value :  1.70543e-06
 Reference value :  1.70593e-06
 Reference value :  1.70645e-06
 Reference value :  1.70695e-06
 Reference value :  1.70747e-06
 Reference value :  1.70799e-06
 Reference value :  1.70851e-06
 Reference value :  1.70903e-06
 Reference value :  1.70955e-06
 Reference value :  1.71007e-06
 Reference value :  1.71059e-06
 Reference value :  1.71111e-06
 Reference value :  1.71167e-06
 Reference value :  1.71219e-06
 Reference value :  1.71271e-06
 Reference value :  1.71323e-06
 Reference value :  1.71375e-06
 Reference value :  1.71427e-06
 Reference value :  1.71479e-06
 Reference value :  1.71533e-06
 Reference value :  1.71585e-06
 Reference value :  1.71637e-06
 Reference value :  1.71691e-06
 Reference value :  1.71741e-06
 Reference value :  1.71791e-06
 Reference value :  1.71843e-06
 Reference value :  1.71897e-06
 Reference value :  1.71949e-06
 Reference value :  1.72005e-06
 Reference value :  1.72059e-06
 Reference value :  1.72111e-06
 Reference value :  1.72163e-06
 Reference value :  1.72217e-06
 Reference value :  1.72269e-06
 Reference value :  1.72319e-06
 Reference value :  1.72373e-06
 Reference value :  1.72425e-06
 Reference value :  1.72477e-06
 Reference value :  1.72527e-06
 Reference value :  1.72581e-06
 Reference value :  1.72637e-06
 Reference value :  1.72691e-06
 Reference value :  1.72745e-06
 Reference value :  1.72797e-06
 Reference value :  1.72849e-06
 Reference value :  1.72901e-06
 Reference value :  1.72953e-06
 Reference value :  1.73005e-06
 Reference value :  1.73055e-06
 Reference value :  1.73107e-06
 Reference value :  1.73161e-06
 Reference value :  1.73215e-06
 Reference value :  1.73267e-06
 Reference value :  1.73317e-06
 Reference value :  1.73369e-06
 Reference value :  1.73423e-06
 Reference value :  1.73475e-06
 Reference value :  1.73527e-06
 Reference value :  1.73579e-06
 Reference value :  1.73631e-06
 Reference value :  1.73685e-06
 Reference value :  1.73737e-06
 Reference value :  1.73789e-06
 Reference value :  1.73853e-06
 Reference value :  1.73905e-06
 Reference value :  1.73957e-06
 Reference value :  1.74013e-06
 Reference value :  1.74069e-06
 Reference value :  1.74119e-06
 Reference value :  1.74171e-06
 Reference value :  1.74223e-06
 Reference value :  1.74275e-06
 Reference value :  1.74327e-06
 Reference value :  1.74381e-06
 Reference value :  1.74433e-06
 Reference value :  1.74497e-06
 Reference value :  1.74549e-06
 Reference value :  1.74601e-06
 Reference value :  1.74655e-06
 Reference value :  1.74711e-06
 Reference value :  1.74765e-06
 Reference value :  1.74817e-06
 Reference value :  1.74871e-06
 Reference value :  1.74923e-06
 Reference value :  1.74977e-06
 Reference value :  1.75029e-06
 Reference value :  1.75079e-06
 Reference value :  1.75131e-06
 Reference value :  1.75185e-06
 Reference value :  1.75237e-06
 Reference value :  1.75291e-06
 Reference value :  1.75345e-06
 Reference value :  1.75399e-06
 Reference value :  1.75451e-06
 Reference value :  1.75505e-06
 Reference value :  1.75557e-06
 Reference value :  1.75611e-06
 Reference value :  1.75663e-06
 Reference value :  1.75717e-06
 Reference value :  1.75769e-06
 Reference value :  1.75819e-06
 Reference value :  1.75873e-06
 Reference value :  1.75925e-06
 Reference value :  1.75977e-06
 Reference value :  1.76029e-06
 Reference value :  1.76081e-06
 Reference value :  1.76131e-06
 Reference value :  1.76183e-06
 Reference value :  1.76237e-06
 Reference value :  1.76289e-06
 Reference value :  1.76343e-06
 Reference value :  1.76395e-06
 Reference value :  1.76447e-06
 Reference value :  1.76499e-06
 Reference value :  1.76551e-06
 Reference value :  1.76597e-06
 Reference value :  1.76649e-06
 Reference value :  1.76699e-06
 Reference value :  1.76751e-06
 Reference value :  1.76805e-06
 Reference value :  1.76857e-06
 Reference value :  1.76909e-06
 Reference value :  1.76965e-06
 Reference value :  1.77017e-06
 Reference value :  1.77073e-06
 Reference value :  1.77125e-06
 Reference value :  1.77177e-06
 Reference value :  1.77231e-06
 Reference value :  1.77281e-06
 Reference value :  1.77333e-06
 Reference value :  1.77387e-06
 Reference value :  1.77441e-06
 Reference value :  1.77497e-06
 Reference value :  1.77551e-06
 Reference value :  1.77605e-06
 Reference value :  1.77657e-06
 Reference value :  1.77707e-06
 Reference value :  1.77763e-06
 Reference value :  1.77815e-06
 Reference value :  1.77869e-06
 Reference value :  1.77921e-06
 Reference value :  1.77973e-06
 Reference value :  1.78025e-06
 Reference value :  1.78075e-06
 Reference value :  1.78125e-06
 Reference value :  1.78177e-06
 Reference value :  1.78227e-06
 Reference value :  1.78279e-06
 Reference value :  1.78331e-06
 Reference value :  1.78385e-06
 Reference value :  1.78433e-06
 Reference value :  1.78487e-06
 Reference value :  1.78539e-06
 Reference value :  1.78589e-06
 Reference value :  1.78641e-06
 Reference value :  1.78693e-06
 Reference value :  1.78745e-06
 Reference value :  1.78811e-06
 Reference value :  1.78865e-06
 Reference value :  1.78917e-06
 Reference value :  1.78967e-06
 Reference value :  1.79021e-06
 Reference value :  1.79073e-06
 Reference value :  1.79125e-06
 Reference value :  1.79177e-06
 Reference value :  1.79227e-06
 Reference value :  1.79281e-06
 Reference value :  1.79335e-06
 Reference value :  1.79387e-06
 Reference value :  1.79453e-06
 Reference value :  1.79507e-06
 Reference value :  1.79561e-06
 Reference value :  1.79613e-06
 Reference value :  1.79669e-06
 Reference value :  1.79721e-06
 Reference value :  1.79773e-06
 Reference value :  1.79825e-06
 Reference value :  1.79877e-06
 Reference value :  1.79929e-06
 Reference value :  1.79981e-06
 Reference value :  1.80033e-06
 Reference value :  1.80085e-06
 Reference value :  1.80137e-06
 Reference value :  1.80191e-06
 Reference value :  1.80245e-06
 Reference value :  1.80295e-06
 Reference value :  1.80349e-06
 Reference value :  1.80401e-06
 Reference value :  1.80455e-06
 Reference value :  1.80507e-06
 Reference value :  1.80559e-06
 Reference value :  1.80609e-06
 Reference value :  1.80663e-06
 Reference value :  1.80717e-06
 Reference value :  1.80771e-06
 Reference value :  1.80823e-06
 Reference value :  1.80875e-06
 Reference value :  1.80927e-06
 Reference value :  1.80979e-06
 Reference value :  1.81031e-06
 Reference value :  1.81085e-06
 Reference value :  1.81137e-06
 Reference value :  1.81187e-06
 Reference value :  1.81239e-06
 Reference value :  1.81291e-06
 Reference value :  1.81341e-06
 Reference value :  1.81393e-06
 Reference value :  1.81445e-06
 Reference value :  1.81497e-06
 Reference value :  1.81549e-06
 Reference value :  1.81599e-06
 Reference value :  1.81651e-06
 Reference value :  1.81705e-06
 Reference value :  1.81759e-06
 Reference value :  1.81813e-06
 Reference value :  1.81865e-06
 Reference value :  1.81921e-06
 Reference value :  1.81977e-06
 Reference value :  1.82027e-06
 Reference value :  1.82083e-06
 Reference value :  1.82135e-06
 Reference value :  1.82187e-06
 Reference value :  1.82239e-06
 Reference value :  1.82291e-06
 Reference value :  1.82343e-06
 Reference value :  1.82395e-06
 Reference value :  1.82447e-06
 Reference value :  1.82499e-06
 Reference value :  1.82555e-06
 Reference value :  1.82607e-06
 Reference value :  1.82661e-06
 Reference value :  1.82711e-06
 Reference value :  1.82763e-06
 Reference value :  1.82813e-06
 Reference value :  1.82865e-06
 Reference value :  1.82917e-06
 Reference value :  1.82969e-06
 Reference value :  1.83021e-06
 Reference value :  1.83075e-06
 Reference value :  1.83127e-06
 Reference value :  1.83177e-06
 Reference value :  1.83231e-06
 Reference value :  1.83283e-06
 Reference value :  1.83335e-06
 Reference value :  1.83387e-06
 Reference value :  1.83441e-06
 Reference value :  1.83491e-06
 Reference value :  1.83541e-06
 Reference value :  1.83597e-06
 Reference value :  1.83649e-06
 Reference value :  1.83699e-06
 Reference value :  1.83763e-06
 Reference value :  1.83815e-06
 Reference value :  1.83867e-06
 Reference value :  1.83919e-06
 Reference value :  1.83971e-06
 Reference value :  1.84021e-06
 Reference value :  1.84075e-06
 Reference value :  1.84127e-06
 Reference value :  1.84179e-06
 Reference value :  1.84231e-06
 Reference value :  1.84285e-06
 Reference value :  1.84339e-06
 Reference value :  1.84401e-06
 Reference value :  1.84455e-06
 Reference value :  1.84507e-06
 Reference value :  1.84559e-06
 Reference value :  1.84613e-06
 Reference value :  1.84663e-06
 Reference value :  1.84715e-06
 Reference value :  1.84769e-06
 Reference value :  1.84819e-06
 Reference value :  1.84871e-06
 Reference value :  1.84923e-06
 Reference value :  1.84973e-06
 Reference value :  1.85027e-06
 Reference value :  1.85077e-06
 Reference value :  1.85129e-06
 Reference value :  1.85181e-06
 Reference value :  1.85233e-06
 Reference value :  1.85287e-06
 Reference value :  1.85339e-06
 Reference value :  1.85393e-06
 Reference value :  1.85443e-06
 Reference value :  1.85497e-06
 Reference value :  1.85549e-06
 Reference value :  1.85603e-06
 Reference value :  1.85655e-06
 Reference value :  1.85709e-06
 Reference value :  1.85763e-06
 Reference value :  1.85813e-06
 Reference value :  1.85865e-06
 Reference value :  1.85917e-06
 Reference value :  1.85969e-06
 Reference value :  1.86021e-06
 Reference value :  1.86071e-06
 Reference value :  1.86123e-06
 Reference value :  1.86175e-06
 Reference value :  1.86227e-06
 Reference value :  1.86279e-06
 Reference value :  1.86327e-06
 Reference value :  1.86377e-06
 Reference value :  1.86429e-06
 Reference value :  1.86483e-06
 Reference value :  1.86535e-06
 Reference value :  1.86589e-06
 Reference value :  1.86643e-06
 Reference value :  1.86695e-06
 Reference value :  1.86747e-06
 Reference value :  1.86799e-06
 Reference value :  1.86851e-06
 Reference value :  1.86909e-06
 Reference value :  1.86963e-06
 Reference value :  1.87015e-06
 Reference value :  1.87067e-06
 Reference value :  1.87119e-06
 Reference value :  1.87171e-06
 Reference value :  1.87225e-06
 Reference value :  1.87275e-06
 Reference value :  1.87327e-06
 Reference value :  1.87379e-06
 Reference value :  1.87433e-06
 Reference value :  1.87487e-06
 Reference value :  1.87541e-06
 Reference value :  1.87593e-06
 Reference value :  1.87645e-06
 Reference value :  1.87699e-06
 Reference value :  1.87753e-06
 Reference value :  1.87805e-06
 Reference value :  1.87857e-06
 Reference value :  1.87913e-06
 Reference value :  1.87965e-06
 Reference value :  1.88017e-06
 Reference value :  1.88067e-06
 Reference value :  1.88121e-06
 Reference value :  1.88173e-06
 Reference value :  1.88223e-06
 Reference value :  1.88277e-06
 Reference value :  1.88329e-06
 Reference value :  1.88383e-06
 Reference value :  1.88435e-06
 Reference value :  1.88487e-06
 Reference value :  1.88539e-06
 Reference value :  1.88589e-06
 Reference value :  1.88643e-06
 Reference value :  1.88703e-06
 Reference value :  1.88759e-06
 Reference value :  1.88809e-06
 Reference value :  1.88861e-06
 Reference value :  1.88913e-06
 Reference value :  1.88965e-06
 Reference value :  1.89017e-06
 Reference value :  1.89069e-06
 Reference value :  1.89123e-06
 Reference value :  1.89175e-06
 Reference value :  1.89227e-06
 Reference value :  1.89279e-06
 Reference value :  1.89335e-06
 Reference value :  1.89399e-06
 Reference value :  1.89451e-06
 Reference value :  1.89501e-06
 Reference value :  1.89553e-06
 Reference value :  1.89607e-06
 Reference value :  1.89661e-06
 Reference value :  1.89713e-06
 Reference value :  1.89767e-06
 Reference value :  1.89817e-06
 Reference value :  1.89871e-06
 Reference value :  1.89925e-06
 Reference value :  1.89977e-06
 Reference value :  1.90029e-06
 Reference value :  1.90081e-06
 Reference value :  1.90133e-06
 Reference value :  1.90187e-06
 Reference value :  1.90241e-06
 Reference value :  1.90291e-06
 Reference value :  1.90343e-06
 Reference value :  1.90395e-06
 Reference value :  1.90447e-06
 Reference value :  1.90499e-06
 Reference value :  1.90551e-06
 Reference value :  1.90603e-06
 Reference value :  1.90655e-06
 Reference value :  1.90709e-06
 Reference value :  1.90761e-06
 Reference value :  1.90813e-06
 Reference value :  1.90863e-06
 Reference value :  1.90917e-06
 Reference value :  1.90971e-06
 Reference value :  1.91023e-06
 Reference value :  1.91077e-06
 Reference value :  1.91129e-06
 Reference value :  1.91181e-06
 Reference value :  1.91233e-06
 Reference value :  1.91283e-06
 Reference value :  1.91335e-06
 Reference value :  1.91387e-06
 Reference value :  1.91441e-06
 Reference value :  1.91493e-06
 Reference value :  1.91547e-06
 Reference value :  1.91599e-06
 Reference value :  1.91653e-06
 Reference value :  1.91705e-06
 Reference value :  1.91757e-06
 Reference value :  1.91809e-06
 Reference value :  1.91865e-06
 Reference value :  1.91917e-06
 Reference value :  1.91969e-06
 Reference value :  1.92021e-06
 Reference value :  1.92073e-06
 Reference value :  1.92127e-06
 Reference value :  1.92181e-06
 Reference value :  1.92233e-06
 Reference value :  1.92287e-06
 Reference value :  1.92339e-06
 Reference value :  1.92393e-06
 Reference value :  1.92449e-06
 Reference value :  1.92499e-06
 Reference value :  1.92553e-06
 Reference value :  1.92605e-06
 Reference value :  1.92657e-06
 Reference value :  1.92711e-06
 Reference value :  1.92763e-06
 Reference value :  1.92817e-06
 Reference value :  1.92869e-06
 Reference value :  1.92921e-06
 Reference value :  1.92975e-06
 Reference value :  1.93029e-06
 Reference value :  1.93081e-06
 Reference value :  1.93133e-06
 Reference value :  1.93187e-06
 Reference value :  1.93239e-06
 Reference value :  1.93291e-06
 Reference value :  1.93343e-06
 Reference value :  1.93395e-06
 Reference value :  1.93447e-06
 Reference value :  1.93499e-06
 Reference value :  1.93551e-06
 Reference value :  1.93603e-06
 Reference value :  1.93661e-06
 Reference value :  1.93717e-06
 Reference value :  1.93769e-06
 Reference value :  1.93821e-06
 Reference value :  1.93873e-06
 Reference value :  1.93925e-06
 Reference value :  1.93977e-06
 Reference value :  1.94029e-06
 Reference value :  1.94081e-06
 Reference value :  1.94133e-06
 Reference value :  1.94185e-06
 Reference value :  1.94237e-06
 Reference value :  1.94291e-06
 Reference value :  1.94355e-06
 Reference value :  1.94407e-06
 Reference value :  1.94459e-06
 Reference value :  1.94511e-06
 Reference value :  1.94565e-06
 Reference value :  1.94617e-06
 Reference value :  1.94669e-06
 Reference value :  1.94721e-06
 Reference value :  1.94775e-06
 Reference value :  1.94827e-06
 Reference value :  1.94879e-06
 Reference value :  1.94931e-06
 Reference value :  1.94981e-06
 Reference value :  1.95031e-06
 Reference value :  1.95085e-06
 Reference value :  1.95135e-06
 Reference value :  1.95189e-06
 Reference value :  1.95241e-06
 Reference value :  1.95295e-06
 Reference value :  1.95347e-06
 Reference value :  1.95399e-06
 Reference value :  1.95453e-06
 Reference value :  1.95503e-06
 Reference value :  1.95555e-06
 Reference value :  1.95607e-06
 Reference value :  1.95661e-06
 Reference value :  1.95713e-06
 Reference value :  1.95765e-06
 Reference value :  1.95815e-06
 Reference value :  1.95867e-06
 Reference value :  1.95921e-06
 Reference value :  1.95973e-06
 Reference value :  1.96025e-06
 Reference value :  1.96079e-06
 Reference value :  1.96131e-06
 Reference value :  1.96183e-06
 Reference value :  1.96237e-06
 Reference value :  1.96291e-06
 Reference value :  1.96341e-06
 Reference value :  1.96391e-06
 Reference value :  1.96445e-06
 Reference value :  1.96497e-06
 Reference value :  1.96549e-06
 Reference value :  1.96601e-06
 Reference value :  1.96653e-06
 Reference value :  1.96705e-06
 Reference value :  1.96755e-06
 Reference value :  1.96811e-06
 Reference value :  1.96863e-06
 Reference value :  1.96917e-06
 Reference value :  1.96969e-06
 Reference value :  1.97021e-06
 Reference value :  1.97071e-06
 Reference value :  1.97121e-06
 Reference value :  1.97171e-06
 Reference value :  1.97223e-06
 Reference value :  1.97275e-06
 Reference value :  1.97327e-06
 Reference value :  1.97379e-06
 Reference value :  1.97435e-06
 Reference value :  1.97487e-06
 Reference value :  1.97541e-06
 Reference value :  1.97593e-06
 Reference value :  1.97643e-06
 Reference value :  1.97695e-06
 Reference value :  1.97745e-06
 Reference value :  1.97797e-06
 Reference value :  1.97849e-06
 Reference value :  1.97901e-06
 Reference value :  1.97953e-06
 Reference value :  1.98005e-06
 Reference value :  1.98059e-06
 Reference value :  1.98111e-06
 Reference value :  1.98163e-06
 Reference value :  1.98215e-06
 Reference value :  1.98269e-06
 Reference value :  1.98323e-06
 Reference value :  1.98375e-06
 Reference value :  1.98429e-06
 Reference value :  1.98481e-06
 Reference value :  1.98531e-06
 Reference value :  1.98581e-06
 Reference value :  1.98643e-06
 Reference value :  1.98697e-06
 Reference value :  1.98747e-06
 Reference value :  1.98799e-06
 Reference value :  1.98851e-06
 Reference value :  1.98903e-06
 Reference value :  1.98955e-06
 Reference value :  1.99007e-06
 Reference value :  1.99059e-06
 Reference value :  1.99113e-06
 Reference value :  1.99165e-06
 Reference value :  1.99219e-06
 Reference value :  1.99275e-06
 Reference value :  1.99335e-06
 Reference value :  1.99387e-06
 Reference value :  1.99439e-06
 Reference value :  1.99493e-06
 Reference value :  1.99547e-06
 Reference value :  1.99599e-06
 Reference value :  1.99649e-06
 Reference value :  1.99701e-06
 Reference value :  1.99753e-06
 Reference value :  1.99805e-06
 Reference value :  1.99857e-06
 Reference value :  1.99911e-06
 Reference value :  1.99965e-06
 Reference value :  2.00017e-06
 Reference value :  2.00073e-06
 Reference value :  2.00125e-06
 Reference value :  2.00177e-06
 Reference value :  2.00231e-06
 Reference value :  2.00283e-06
 Reference value :  2.00333e-06
 Reference value :  2.00385e-06
 Reference value :  2.00439e-06
 Reference value :  2.00491e-06
 Reference value :  2.00543e-06
 Reference value :  2.00595e-06
 Reference value :  2.00647e-06
 Reference value :  2.00697e-06
 Reference value :  2.00751e-06
 Reference value :  2.00803e-06
 Reference value :  2.00857e-06
 Reference value :  2.00909e-06
 Reference value :  2.00963e-06
 Reference value :  2.01015e-06
 Reference value :  2.01065e-06
 Reference value :  2.01117e-06
 Reference value :  2.01171e-06
 Reference value :  2.01221e-06
 Reference value :  2.01273e-06
 Reference value :  2.01325e-06
 Reference value :  2.01375e-06
 Reference value :  2.01427e-06
 Reference value :  2.01481e-06
 Reference value :  2.01533e-06
 Reference value :  2.01587e-06
 Reference value :  2.01639e-06
 Reference value :  2.01691e-06
 Reference value :  2.01743e-06
 Reference value :  2.01797e-06
 Reference value :  2.01849e-06
 Reference value :  2.01903e-06
 Reference value :  2.01957e-06
 Reference value :  2.02009e-06
 Reference value :  2.02067e-06
 Reference value :  2.02119e-06
 Reference value :  2.02171e-06
 Reference value :  2.02223e-06
 Reference value :  2.02277e-06
 Reference value :  2.02329e-06
 Reference value :  2.02385e-06
 Reference value :  2.02439e-06
 Reference value :  2.02493e-06
 Reference value :  2.02545e-06
 Reference value :  2.02599e-06
 Reference value :  2.02649e-06
 Reference value :  2.02703e-06
 Reference value :  2.02755e-06
 Reference value :  2.02809e-06
 Reference value :  2.02861e-06
 Reference value :  2.02913e-06
 Reference value :  2.02965e-06
 Reference value :  2.03017e-06
 Reference value :  2.03071e-06
 Reference value :  2.03123e-06
 Reference value :  2.03175e-06
 Reference value :  2.03229e-06
 Reference value :  2.03279e-06
 Reference value :  2.03333e-06
 Reference value :  2.03385e-06
 Reference value :  2.03435e-06
 Reference value :  2.03485e-06
 Reference value :  2.03539e-06
 Reference value :  2.03601e-06
 Reference value :  2.03655e-06
 Reference value :  2.03707e-06
 Reference value :  2.03757e-06
 Reference value :  2.03811e-06
 Reference value :  2.03863e-06
 Reference value :  2.03913e-06
 Reference value :  2.03965e-06
 Reference value :  2.04019e-06
 Reference value :  2.04069e-06
 Reference value :  2.04121e-06
 Reference value :  2.04175e-06
 Reference value :  2.04233e-06
 Reference value :  2.04295e-06
 Reference value :  2.04351e-06
 Reference value :  2.04405e-06
 Reference value :  2.04459e-06
 Reference value :  2.04513e-06
 Reference value :  2.04565e-06
 Reference value :  2.04617e-06
 Reference value :  2.04669e-06
 Reference value :  2.04723e-06
 Reference value :  2.04775e-06
 Reference value :  2.04827e-06
 Reference value :  2.04879e-06
 Reference value :  2.04929e-06
 Reference value :  2.04983e-06
 Reference value :  2.05035e-06
 Reference value :  2.05087e-06
 Reference value :  2.05137e-06
 Reference value :  2.05189e-06
 Reference value :  2.05243e-06
 Reference value :  2.05295e-06
 Reference value :  2.05347e-06
 Reference value :  2.05397e-06
 Reference value :  2.05449e-06
 Reference value :  2.05501e-06
 Reference value :  2.05551e-06
 Reference value :  2.05603e-06
 Reference value :  2.05655e-06
 Reference value :  2.05707e-06
 Reference value :  2.05757e-06
 Reference value :  2.05807e-06
 Reference value :  2.05859e-06
 Reference value :  2.05911e-06
 Reference value :  2.05965e-06
 Reference value :  2.06019e-06
 Reference value :  2.06071e-06
 Reference value :  2.06125e-06
 Reference value :  2.06179e-06
 Reference value :  2.06231e-06
 Reference value :  2.06283e-06
 Reference value :  2.06335e-06
 Reference value :  2.06385e-06
 Reference value :  2.06443e-06
 Reference value :  2.06497e-06
 Reference value :  2.06551e-06
 Reference value :  2.06603e-06
 Reference value :  2.06655e-06
 Reference value :  2.06707e-06
 Reference value :  2.06763e-06
 Reference value :  2.06817e-06
 Reference value :  2.06869e-06
 Reference value :  2.06923e-06
 Reference value :  2.06977e-06
 Reference value :  2.07029e-06
 Reference value :  2.07081e-06
 Reference value :  2.07131e-06
 Reference value :  2.07181e-06
 Reference value :  2.07233e-06
 Reference value :  2.07285e-06
 Reference value :  2.07341e-06
 Reference value :  2.07395e-06
 Reference value :  2.07447e-06
 Reference value :  2.07499e-06
 Reference value :  2.07551e-06
 Reference value :  2.07605e-06
 Reference value :  2.07657e-06
 Reference value :  2.07713e-06
 Reference value :  2.07765e-06
 Reference value :  2.07817e-06
 Reference value :  2.07871e-06
 Reference value :  2.07923e-06
 Reference value :  2.07975e-06
 Reference value :  2.08027e-06
 Reference value :  2.08079e-06
 Reference value :  2.08131e-06
 Reference value :  2.08183e-06
 Reference value :  2.08237e-06
 Reference value :  2.08289e-06
 Reference value :  2.08341e-06
 Reference value :  2.08395e-06
 Reference value :  2.08445e-06
 Reference value :  2.08497e-06
 Reference value :  2.08561e-06
 Reference value :  2.08611e-06
 Reference value :  2.08665e-06
 Reference value :  2.08715e-06
 Reference value :  2.08767e-06
 Reference value :  2.08819e-06
 Reference value :  2.08871e-06
 Reference value :  2.08921e-06
 Reference value :  2.08973e-06
 Reference value :  2.09027e-06
 Reference value :  2.09077e-06
 Reference value :  2.09131e-06
 Reference value :  2.09187e-06
 Reference value :  2.09249e-06
 Reference value :  2.09303e-06
 Reference value :  2.09355e-06
 Reference value :  2.09407e-06
 Reference value :  2.09463e-06
 Reference value :  2.09517e-06
 Reference value :  2.09569e-06
 Reference value :  2.09621e-06
 Reference value :  2.09675e-06
 Reference value :  2.09727e-06
 Reference value :  2.09781e-06
 Reference value :  2.09831e-06
 Reference value :  2.09883e-06
 Reference value :  2.09935e-06
 Reference value :  2.09989e-06
 Reference value :  2.10043e-06
 Reference value :  2.10095e-06
 Reference value :  2.10149e-06
 Reference value :  2.10201e-06
 Reference value :  2.10253e-06
 Reference value :  2.10305e-06
 Reference value :  2.10359e-06
 Reference value :  2.10413e-06
 Reference value :  2.10463e-06
 Reference value :  2.10515e-06
 Reference value :  2.10569e-06
 Reference value :  2.10623e-06
 Reference value :  2.10675e-06
 Reference value :  2.10727e-06
 Reference value :  2.10777e-06
 Reference value :  2.10831e-06
 Reference value :  2.10881e-06
 Reference value :  2.10931e-06
 Reference value :  2.10983e-06
 Reference value :  2.11035e-06
 Reference value :  2.11087e-06
 Reference value :  2.11141e-06
 Reference value :  2.11193e-06
 Reference value :  2.11245e-06
 Reference value :  2.11297e-06
 Reference value :  2.11349e-06
 Reference value :  2.11405e-06
 Reference value :  2.11457e-06
 Reference value :  2.11511e-06
 Reference value :  2.11561e-06
 Reference value :  2.11617e-06
 Reference value :  2.11673e-06
 Reference value :  2.11729e-06
 Reference value :  2.11783e-06
 Reference value :  2.11837e-06
 Reference value :  2.11891e-06
 Reference value :  2.11947e-06
 Reference value :  2.11997e-06
 Reference value :  2.12051e-06
 Reference value :  2.12103e-06
 Reference value :  2.12153e-06
 Reference value :  2.12207e-06
 Reference value :  2.12261e-06
 Reference value :  2.12315e-06
 Reference value :  2.12367e-06
 Reference value :  2.12417e-06
 Reference value :  2.12471e-06
 Reference value :  2.12523e-06
 Reference value :  2.12575e-06
 Reference value :  2.12627e-06
 Reference value :  2.12683e-06
 Reference value :  2.12735e-06
 Reference value :  2.12785e-06
 Reference value :  2.12839e-06
 Reference value :  2.12891e-06
 Reference value :  2.12941e-06
 Reference value :  2.12993e-06
 Reference value :  2.13045e-06
 Reference value :  2.13095e-06
 Reference value :  2.13147e-06
 Reference value :  2.13201e-06
 Reference value :  2.13253e-06
 Reference value :  2.13305e-06
 Reference value :  2.13357e-06
 Reference value :  2.13413e-06
 Reference value :  2.13465e-06
 Reference value :  2.13529e-06
 Reference value :  2.13581e-06
 Reference value :  2.13633e-06
 Reference value :  2.13687e-06
 Reference value :  2.13739e-06
 Reference value :  2.13789e-06
 Reference value :  2.13841e-06
 Reference value :  2.13891e-06
 Reference value :  2.13945e-06
 Reference value :  2.13997e-06
 Reference value :  2.14047e-06
 Reference value :  2.14097e-06
 Reference value :  2.14151e-06
 Reference value :  2.14213e-06
 Reference value :  2.14265e-06
 Reference value :  2.14319e-06
 Reference value :  2.14371e-06
 Reference value :  2.14427e-06
 Reference value :  2.14481e-06
 Reference value :  2.14531e-06
 Reference value :  2.14583e-06
 Reference value :  2.14635e-06
 Reference value :  2.14687e-06
 Reference value :  2.14739e-06
 Reference value :  2.14791e-06
 Reference value :  2.14841e-06
 Reference value :  2.14895e-06
 Reference value :  2.14947e-06
 Reference value :  2.14999e-06
 Reference value :  2.15051e-06
 Reference value :  2.15103e-06
 Reference value :  2.15155e-06
 Reference value :  2.15207e-06
 Reference value :  2.15259e-06
 Reference value :  2.15311e-06
 Reference value :  2.15363e-06
 Reference value :  2.15413e-06
 Reference value :  2.15463e-06
 Reference value :  2.15515e-06
 Reference value :  2.15567e-06
 Reference value :  2.15617e-06
 Reference value :  2.15671e-06
 Reference value :  2.15723e-06
 Reference value :  2.15775e-06
 Reference value :  2.15829e-06
 Reference value :  2.15879e-06
 Reference value :  2.15931e-06
 Reference value :  2.15983e-06
 Reference value :  2.16035e-06
 Reference value :  2.16089e-06
 Reference value :  2.16143e-06
 Reference value :  2.16195e-06
 Reference value :  2.16247e-06
 Reference value :  2.16303e-06
 Reference value :  2.16357e-06
 Reference value :  2.16411e-06
 Reference value :  2.16463e-06
 Reference value :  2.16515e-06
 Reference value :  2.16565e-06
 Reference value :  2.16619e-06
 Reference value :  2.16673e-06
 Reference value :  2.16727e-06
 Reference value :  2.16779e-06
 Reference value :  2.16831e-06
 Reference value :  2.16883e-06
 Reference value :  2.16933e-06
 Reference value :  2.16985e-06
 Reference value :  2.17039e-06
 Reference value :  2.17091e-06
 Reference value :  2.17143e-06
 Reference value :  2.17195e-06
 Reference value :  2.17249e-06
 Reference value :  2.17303e-06
 Reference value :  2.17355e-06
 Reference value :  2.17405e-06
 Reference value :  2.17457e-06
 Reference value :  2.17509e-06
 Reference value :  2.17559e-06
 Reference value :  2.17611e-06
 Reference value :  2.17661e-06
 Reference value :  2.17713e-06
 Reference value :  2.17767e-06
 Reference value :  2.17819e-06
 Reference value :  2.17871e-06
 Reference value :  2.17923e-06
 Reference value :  2.17973e-06
 Reference value :  2.18023e-06
 Reference value :  2.18075e-06
 Reference value :  2.18125e-06
 Reference value :  2.18175e-06
 Reference value :  2.18225e-06
 Reference value :  2.18275e-06
 Reference value :  2.18327e-06
 Reference value :  2.18377e-06
 Reference value :  2.18431e-06
 Reference value :  2.18495e-06
 Reference value :  2.18547e-06
 Reference value :  2.18601e-06
 Reference value :  2.18651e-06
 Reference value :  2.18705e-06
 Reference value :  2.18757e-06
 Reference value :  2.18809e-06
 Reference value :  2.18863e-06
 Reference value :  2.18915e-06
 Reference value :  2.18965e-06
 Reference value :  2.19015e-06
 Reference value :  2.19069e-06
 Reference value :  2.19123e-06
 Reference value :  2.19183e-06
 Reference value :  2.19235e-06
 Reference value :  2.19285e-06
 Reference value :  2.19337e-06
 Reference value :  2.19389e-06
 Reference value :  2.19441e-06
 Reference value :  2.19493e-06
 Reference value :  2.19545e-06
 Reference value :  2.19597e-06
 Reference value :  2.19647e-06
 Reference value :  2.19699e-06
 Reference value :  2.19751e-06
 Reference value :  2.19801e-06
 Reference value :  2.19855e-06
 Reference value :  2.19905e-06
 Reference value :  2.19955e-06
 Reference value :  2.20007e-06
 Reference value :  2.20059e-06
 Reference value :  2.20111e-06
 Reference value :  2.20163e-06
 Reference value :  2.20217e-06
 Reference value :  2.20267e-06
 Reference value :  2.20319e-06
 Reference value :  2.20373e-06
 Reference value :  2.20425e-06
 Reference value :  2.20477e-06
 Reference value :  2.20529e-06
 Reference value :  2.20581e-06
 Reference value :  2.20631e-06
 Reference value :  2.20685e-06
 Reference value :  2.20737e-06
 Reference value :  2.20789e-06
 Reference value :  2.20841e-06
 Reference value :  2.20893e-06
 Reference value :  2.20945e-06
 Reference value :  2.20997e-06
 Reference value :  2.21047e-06
 Reference value :  2.21099e-06
 Reference value :  2.21149e-06
 Reference value :  2.21201e-06
 Reference value :  2.21253e-06
 Reference value :  2.21305e-06
 Reference value :  2.21359e-06
 Reference value :  2.21413e-06
 Reference value :  2.21463e-06
 Reference value :  2.21513e-06
 Reference value :  2.21565e-06
 Reference value :  2.21621e-06
 Reference value :  2.21673e-06
 Reference value :  2.21725e-06
 Reference value :  2.21775e-06
 Reference value :  2.21827e-06
 Reference value :  2.21881e-06
 Reference value :  2.21931e-06
 Reference value :  2.21983e-06
 Reference value :  2.22033e-06
 Reference value :  2.22085e-06
 Reference value :  2.22137e-06
 Reference value :  2.22187e-06
 Reference value :  2.22241e-06
 Reference value :  2.22295e-06
 Reference value :  2.22345e-06
 Reference value :  2.22397e-06
 Reference value :  2.22451e-06
 Reference value :  2.22503e-06
 Reference value :  2.22553e-06
 Reference value :  2.22607e-06
 Reference value :  2.22661e-06
 Reference value :  2.22713e-06
 Reference value :  2.22763e-06
 Reference value :  2.22813e-06
 Reference value :  2.22867e-06
 Reference value :  2.22917e-06
 Reference value :  2.22969e-06
 Reference value :  2.23019e-06
 Reference value :  2.23071e-06
 Reference value :  2.23123e-06
 Reference value :  2.23175e-06
 Reference value :  2.23227e-06
 Reference value :  2.23277e-06
 Reference value :  2.23331e-06
 Reference value :  2.23383e-06
 Reference value :  2.23443e-06
 Reference value :  2.23495e-06
 Reference value :  2.23549e-06
 Reference value :  2.23603e-06
 Reference value :  2.23655e-06
 Reference value :  2.23707e-06
 Reference value :  2.23757e-06
 Reference value :  2.23807e-06
 Reference value :  2.23859e-06
 Reference value :  2.23911e-06
 Reference value :  2.23965e-06
 Reference value :  2.24017e-06
 Reference value :  2.24071e-06
 Reference value :  2.24133e-06
 Reference value :  2.24185e-06
 Reference value :  2.24237e-06
 Reference value :  2.24287e-06
 Reference value :  2.24341e-06
 Reference value :  2.24393e-06
 Reference value :  2.24443e-06
 Reference value :  2.24495e-06
 Reference value :  2.24547e-06
 Reference value :  2.24599e-06
 Reference value :  2.24651e-06
 Reference value :  2.24703e-06
 Reference value :  2.24755e-06
 Reference value :  2.24807e-06
 Reference value :  2.24861e-06
 Reference value :  2.24915e-06
 Reference value :  2.24965e-06
 Reference value :  2.25017e-06
 Reference value :  2.25071e-06
 Reference value :  2.25123e-06
 Reference value :  2.25175e-06
 Reference value :  2.25229e-06
 Reference value :  2.25281e-06
 Reference value :  2.25333e-06
 Reference value :  2.25385e-06
 Reference value :  2.25437e-06
 Reference value :  2.25485e-06
 Reference value :  2.25539e-06
 Reference value :  2.25591e-06
 Reference value :  2.25641e-06
 Reference value :  2.25693e-06
 Reference value :  2.25747e-06
 Reference value :  2.25799e-06
 Reference value :  2.25851e-06
 Reference value :  2.25903e-06
 Reference value :  2.25955e-06
 Reference value :  2.26009e-06
 Reference value :  2.26061e-06
 Reference value :  2.26111e-06
 Reference value :  2.26161e-06
 Reference value :  2.26213e-06
 Reference value :  2.26267e-06
 Reference value :  2.26319e-06
 Reference value :  2.26373e-06
 Reference value :  2.26425e-06
 Reference value :  2.26477e-06
 Reference value :  2.26529e-06
 Reference value :  2.26585e-06
 Reference value :  2.26639e-06
 Reference value :  2.26691e-06
 Reference value :  2.26743e-06
 Reference value :  2.26795e-06
 Reference value :  2.26849e-06
 Reference value :  2.26903e-06
 Reference value :  2.26955e-06
 Reference value :  2.27005e-06
 Reference value :  2.27055e-06
 Reference value :  2.27109e-06
 Reference value :  2.27163e-06
 Reference value :  2.27217e-06
 Reference value :  2.27273e-06
 Reference value :  2.27325e-06
 Reference value :  2.27377e-06
 Reference value :  2.27429e-06
 Reference value :  2.27483e-06
 Reference value :  2.27535e-06
 Reference value :  2.27589e-06
 Reference value :  2.27641e-06
 Reference value :  2.27693e-06
 Reference value :  2.27747e-06
 Reference value :  2.27799e-06
 Reference value :  2.27849e-06
 Reference value :  2.27899e-06
 Reference value :  2.27949e-06
 Reference value :  2.28001e-06
 Reference value :  2.28057e-06
 Reference value :  2.28107e-06
 Reference value :  2.28159e-06
 Reference value :  2.28213e-06
 Reference value :  2.28265e-06
 Reference value :  2.28317e-06
 Reference value :  2.28367e-06
 Reference value :  2.28433e-06
 Reference value :  2.28485e-06
 Reference value :  2.28541e-06
 Reference value :  2.28593e-06
 Reference value :  2.28645e-06
 Reference value :  2.28699e-06
 Reference value :  2.28749e-06
 Reference value :  2.28803e-06
 Reference value :  2.28855e-06
 Reference value :  2.28909e-06
 Reference value :  2.28961e-06
 Reference value :  2.29013e-06
 Reference value :  2.29079e-06
 Reference value :  2.29131e-06
 Reference value :  2.29185e-06
 Reference value :  2.29237e-06
 Reference value :  2.29293e-06
 Reference value :  2.29345e-06
 Reference value :  2.29397e-06
 Reference value :  2.29451e-06
 Reference value :  2.29503e-06
 Reference value :  2.29555e-06
 Reference value :  2.29607e-06
 Reference value :  2.29659e-06
 Reference value :  2.29713e-06
 Reference value :  2.29763e-06
 Reference value :  2.29815e-06
 Reference value :  2.29869e-06
 Reference value :  2.29921e-06
 Reference value :  2.29973e-06
 Reference value :  2.30027e-06
 Reference value :  2.30079e-06
 Reference value :  2.30133e-06
 Reference value :  2.30187e-06
 Reference value :  2.30239e-06
 Reference value :  2.30291e-06
 Reference value :  2.30345e-06
 Reference value :  2.30395e-06
 Reference value :  2.30445e-06
 Reference value :  2.30497e-06
 Reference value :  2.30551e-06
 Reference value :  2.30605e-06
 Reference value :  2.30657e-06
 Reference value :  2.30711e-06
 Reference value :  2.30763e-06
 Reference value :  2.30817e-06
 Reference value :  2.30867e-06
 Reference value :  2.30921e-06
 Reference value :  2.30975e-06
 Reference value :  2.31025e-06
 Reference value :  2.31079e-06
 Reference value :  2.31131e-06
 Reference value :  2.31183e-06
 Reference value :  2.31237e-06
 Reference value :  2.31289e-06
 Reference value :  2.31343e-06
 Reference value :  2.31395e-06
 Reference value :  2.31447e-06
 Reference value :  2.31499e-06
 Reference value :  2.31553e-06
 Reference value :  2.31607e-06
 Reference value :  2.31661e-06
 Reference value :  2.31715e-06
 Reference value :  2.31767e-06
 Reference value :  2.31819e-06
 Reference value :  2.31869e-06
 Reference value :  2.31921e-06
 Reference value :  2.31971e-06
 Reference value :  2.32023e-06
 Reference value :  2.32075e-06
 Reference value :  2.32127e-06
 Reference value :  2.32181e-06
 Reference value :  2.32233e-06
 Reference value :  2.32285e-06
 Reference value :  2.32337e-06
 Reference value :  2.32387e-06
 Reference value :  2.32437e-06
 Reference value :  2.32489e-06
 Reference value :  2.32541e-06
 Reference value :  2.32593e-06
 Reference value :  2.32645e-06
 Reference value :  2.32697e-06
 Reference value :  2.32749e-06
 Reference value :  2.32799e-06
 Reference value :  2.32849e-06
 Reference value :  2.32901e-06
 Reference value :  2.32953e-06
 Reference value :  2.33005e-06
 Reference value :  2.33055e-06
 Reference value :  2.33109e-06
 Reference value :  2.33161e-06
 Reference value :  2.33213e-06
 Reference value :  2.33265e-06
 Reference value :  2.33317e-06
 Reference value :  2.33381e-06
 Reference value :  2.33433e-06
 Reference value :  2.33485e-06
 Reference value :  2.33537e-06
 Reference value :  2.33587e-06
 Reference value :  2.33639e-06
 Reference value :  2.33689e-06
 Reference value :  2.33741e-06
 Reference value :  2.33793e-06
 Reference value :  2.33845e-06
 Reference value :  2.33895e-06
 Reference value :  2.33947e-06
 Reference value :  2.34003e-06
 Reference value :  2.34065e-06
 Reference value :  2.34117e-06
 Reference value :  2.34171e-06
 Reference value :  2.34223e-06
 Reference value :  2.34279e-06
 Reference value :  2.34333e-06
 Reference value :  2.34385e-06
 Reference value :  2.34437e-06
 Reference value :  2.34487e-06
 Reference value :  2.34537e-06
 Reference value :  2.34591e-06
 Reference value :  2.34643e-06
 Reference value :  2.34695e-06
 Reference value :  2.34747e-06
 Reference value :  2.34799e-06
 Reference value :  2.34851e-06
 Reference value :  2.34903e-06
 Reference value :  2.34955e-06
 Reference value :  2.35007e-06
 Reference value :  2.35057e-06
 Reference value :  2.35109e-06
 Reference value :  2.35159e-06
 Reference value :  2.35209e-06
 Reference value :  2.35261e-06
 Reference value :  2.35313e-06
 Reference value :  2.35365e-06
 Reference value :  2.35415e-06
 Reference value :  2.35467e-06
 Reference value :  2.35519e-06
 Reference value :  2.35573e-06
 Reference value :  2.35625e-06
 Reference value :  2.35679e-06
 Reference value :  2.35731e-06
 Reference value :  2.35783e-06
 Reference value :  2.35837e-06
 Reference value :  2.35889e-06
 Reference value :  2.35943e-06
 Reference value :  2.35993e-06
 Reference value :  2.36043e-06
 Reference value :  2.36095e-06
 Reference value :  2.36147e-06
 Reference value :  2.36201e-06
 Reference value :  2.36253e-06
 Reference value :  2.36307e-06
 Reference value :  2.36361e-06
 Reference value :  2.36413e-06
 Reference value :  2.36467e-06
 Reference value :  2.36521e-06
 Reference value :  2.36577e-06
 Reference value :  2.36627e-06
 Reference value :  2.36677e-06
 Reference value :  2.36729e-06
 Reference value :  2.36781e-06
 Reference value :  2.36835e-06
 Reference value :  2.36887e-06
 Reference value :  2.36939e-06
 Reference value :  2.36991e-06
 Reference value :  2.37043e-06
 Reference value :  2.37097e-06
 Reference value :  2.37151e-06
 Reference value :  2.37203e-06
 Reference value :  2.37255e-06
 Reference value :  2.37305e-06
 Reference value :  2.37359e-06
 Reference value :  2.37413e-06
 Reference value :  2.37465e-06
 Reference value :  2.37515e-06
 Reference value :  2.37565e-06
 Reference value :  2.37617e-06
 Reference value :  2.37667e-06
 Reference value :  2.37719e-06
 Reference value :  2.37771e-06
 Reference value :  2.37821e-06
 Reference value :  2.37875e-06
 Reference value :  2.37925e-06
 Reference value :  2.37977e-06
 Reference value :  2.38029e-06
 Reference value :  2.38083e-06
 Reference value :  2.38133e-06
 Reference value :  2.38185e-06
 Reference value :  2.38235e-06
 Reference value :  2.38285e-06
 Reference value :  2.38347e-06
 Reference value :  2.38399e-06
 Reference value :  2.38451e-06
 Reference value :  2.38503e-06
 Reference value :  2.38555e-06
 Reference value :  2.38605e-06
 Reference value :  2.38657e-06
 Reference value :  2.38711e-06
 Reference value :  2.38763e-06
 Reference value :  2.38817e-06
 Reference value :  2.38869e-06
 Reference value :  2.38919e-06
 Reference value :  2.38979e-06
 Reference value :  2.39033e-06
 Reference value :  2.39085e-06
 Reference value :  2.39137e-06
 Reference value :  2.39189e-06
 Reference value :  2.39243e-06
 Reference value :  2.39295e-06
 Reference value :  2.39349e-06
 Reference value :  2.39399e-06
 Reference value :  2.39451e-06
 Reference value :  2.39503e-06
 Reference value :  2.39555e-06
 Reference value :  2.39607e-06
 Reference value :  2.39659e-06
 Reference value :  2.39711e-06
 Reference value :  2.39761e-06
 Reference value :  2.39813e-06
 Reference value :  2.39867e-06
 Reference value :  2.39921e-06
 Reference value :  2.39973e-06
 Reference value :  2.40027e-06
 Reference value :  2.40081e-06
 Reference value :  2.40133e-06
 Reference value :  2.40187e-06
 Reference value :  2.40239e-06
 Reference value :  2.40293e-06
 Reference value :  2.40347e-06
 Reference value :  2.40399e-06
 Reference value :  2.40451e-06
 Reference value :  2.40503e-06
 Reference value :  2.40553e-06
 Reference value :  2.40603e-06
 Reference value :  2.40653e-06
 Reference value :  2.40707e-06
 Reference value :  2.40759e-06
 Reference value :  2.40811e-06
 Reference value :  2.40863e-06
 Reference value :  2.40915e-06
 Reference value :  2.40967e-06
 Reference value :  2.41019e-06
 Reference value :  2.41073e-06
 Reference value :  2.41125e-06
 Reference value :  2.41175e-06
 Reference value :  2.41227e-06
 Reference value :  2.41279e-06
 Reference value :  2.41333e-06
 Reference value :  2.41385e-06
 Reference value :  2.41435e-06
 Reference value :  2.41489e-06
 Reference value :  2.41543e-06
 Reference value :  2.41593e-06
 Reference value :  2.41645e-06
 Reference value :  2.41695e-06
 Reference value :  2.41749e-06
 Reference value :  2.41803e-06
 Reference value :  2.41855e-06
 Reference value :  2.41909e-06
 Reference value :  2.41963e-06
 Reference value :  2.42015e-06
 Reference value :  2.42071e-06
 Reference value :  2.42125e-06
 Reference value :  2.42177e-06
 Reference value :  2.42229e-06
 Reference value :  2.42283e-06
 Reference value :  2.42337e-06
 Reference value :  2.42391e-06
 Reference value :  2.42443e-06
 Reference value :  2.42495e-06
 Reference value :  2.42549e-06
 Reference value :  2.42601e-06
 Reference value :  2.42653e-06
 Reference value :  2.42705e-06
 Reference value :  2.42755e-06
 Reference value :  2.42809e-06
 Reference value :  2.42859e-06
 Reference value :  2.42911e-06
 Reference value :  2.42963e-06
 Reference value :  2.43015e-06
 Reference value :  2.43065e-06
 Reference value :  2.43117e-06
 Reference value :  2.43171e-06
 Reference value :  2.43223e-06
 Reference value :  2.43279e-06
 Reference value :  2.43335e-06
 Reference value :  2.43387e-06
 Reference value :  2.43441e-06
 Reference value :  2.43493e-06
 Reference value :  2.43545e-06
 Reference value :  2.43595e-06
 Reference value :  2.43645e-06
 Reference value :  2.43697e-06
 Reference value :  2.43747e-06
 Reference value :  2.43799e-06
 Reference value :  2.43851e-06
 Reference value :  2.43901e-06
 Reference value :  2.43967e-06
 Reference value :  2.44019e-06
 Reference value :  2.44071e-06
 Reference value :  2.44121e-06
 Reference value :  2.44177e-06
 Reference value :  2.44231e-06
 Reference value :  2.44283e-06
 Reference value :  2.44333e-06
 Reference value :  2.44385e-06
 Reference value :  2.44439e-06
 Reference value :  2.44489e-06
 Reference value :  2.44541e-06
 Reference value :  2.44593e-06
 Reference value :  2.44647e-06
 Reference value :  2.44697e-06
 Reference value :  2.44749e-06
 Reference value :  2.44801e-06
 Reference value :  2.44853e-06
 Reference value :  2.44903e-06
 Reference value :  2.44955e-06
 Reference value :  2.45007e-06
 Reference value :  2.45059e-06
 Reference value :  2.45109e-06
 Reference value :  2.45163e-06
 Reference value :  2.45215e-06
 Reference value :  2.45267e-06
 Reference value :  2.45319e-06
 Reference value :  2.45373e-06
 Reference value :  2.45425e-06
 Reference value :  2.45477e-06
 Reference value :  2.45529e-06
 Reference value :  2.45581e-06
 Reference value :  2.45633e-06
 Reference value :  2.45687e-06
 Reference value :  2.45737e-06
 Reference value :  2.45787e-06
 Reference value :  2.45839e-06
 Reference value :  2.45891e-06
 Reference value :  2.45943e-06
 Reference value :  2.45995e-06
 Reference value :  2.46047e-06
 Reference value :  2.46099e-06
 Reference value :  2.46149e-06
 Reference value :  2.46201e-06
 Reference value :  2.46253e-06
 Reference value :  2.46303e-06
 Reference value :  2.46357e-06
 Reference value :  2.46407e-06
 Reference value :  2.46461e-06
 Reference value :  2.46513e-06
 Reference value :  2.46565e-06
 Reference value :  2.46617e-06
 Reference value :  2.46669e-06
 Reference value :  2.46721e-06
 Reference value :  2.46773e-06
 Reference value :  2.46825e-06
 Reference value :  2.46877e-06
 Reference value :  2.46927e-06
 Reference value :  2.46979e-06
 Reference value :  2.47035e-06
 Reference value :  2.47089e-06
 Reference value :  2.47139e-06
 Reference value :  2.47189e-06
 Reference value :  2.47241e-06
 Reference value :  2.47293e-06
 Reference value :  2.47345e-06
 Reference value :  2.47399e-06
 Reference value :  2.47449e-06
 Reference value :  2.47501e-06
 Reference value :  2.47553e-06
 Reference value :  2.47605e-06
 Reference value :  2.47655e-06
 Reference value :  2.47707e-06
 Reference value :  2.47759e-06
 Reference value :  2.47813e-06
 Reference value :  2.47863e-06
 Reference value :  2.47913e-06
 Reference value :  2.47965e-06
 Reference value :  2.48019e-06
 Reference value :  2.48071e-06
 Reference value :  2.48121e-06
 Reference value :  2.48173e-06
 Reference value :  2.48225e-06
 Reference value :  2.48289e-06
 Reference value :  2.48341e-06
 Reference value :  2.48393e-06
 Reference value :  2.48445e-06
 Reference value :  2.48499e-06
 Reference value :  2.48551e-06
 Reference value :  2.48603e-06
 Reference value :  2.48653e-06
 Reference value :  2.48705e-06
 Reference value :  2.48757e-06
 Reference value :  2.48809e-06
 Reference value :  2.48861e-06
 Reference value :  2.48925e-06
 Reference value :  2.48977e-06
 Reference value :  2.49029e-06
 Reference value :  2.49079e-06
 Reference value :  2.49133e-06
 Reference value :  2.49185e-06
 Reference value :  2.49237e-06
 Reference value :  2.49289e-06
 Reference value :  2.49341e-06
 Reference value :  2.49395e-06
 Reference value :  2.49447e-06
 Reference value :  2.49501e-06
 Reference value :  2.49551e-06
 Reference value :  2.49603e-06
 Reference value :  2.49653e-06
 Reference value :  2.49705e-06
 Reference value :  2.49757e-06
 Reference value :  2.49809e-06
 Reference value :  2.49861e-06
 Reference value :  2.49913e-06
 Reference value :  2.49965e-06
 Reference value :  2.50015e-06
 Reference value :  2.50067e-06
 Reference value :  2.50119e-06
 Reference value :  2.50171e-06
 Reference value :  2.50223e-06
 Reference value :  2.50275e-06
 Reference value :  2.50327e-06
 Reference value :  2.50379e-06
 Reference value :  2.50431e-06
 Reference value :  2.50483e-06
 Reference value :  2.50535e-06
 Reference value :  2.50587e-06
 Reference value :  2.50643e-06
 Reference value :  2.50695e-06
 Reference value :  2.50745e-06
 Reference value :  2.50797e-06
 Reference value :  2.50847e-06
 Reference value :  2.50899e-06
 Reference value :  2.50951e-06
 Reference value :  2.51005e-06
 Reference value :  2.51057e-06
 Reference value :  2.51109e-06
 Reference value :  2.51161e-06
 Reference value :  2.51213e-06
 Reference value :  2.51265e-06
 Reference value :  2.51319e-06
 Reference value :  2.51371e-06
 Reference value :  2.51425e-06
 Reference value :  2.51481e-06
 Reference value :  2.51535e-06
 Reference value :  2.51587e-06
 Reference value :  2.51641e-06
 Reference value :  2.51693e-06
 Reference value :  2.51747e-06
 Reference value :  2.51797e-06
 Reference value :  2.51849e-06
 Reference value :  2.51899e-06
 Reference value :  2.51951e-06
 Reference value :  2.52007e-06
 Reference value :  2.52059e-06
 Reference value :  2.52109e-06
 Reference value :  2.52161e-06
 Reference value :  2.52213e-06
 Reference value :  2.52267e-06
 Reference value :  2.52319e-06
 Reference value :  2.52371e-06
 Reference value :  2.52423e-06
 Reference value :  2.52475e-06
 Reference value :  2.52527e-06
 Reference value :  2.52581e-06
 Reference value :  2.52633e-06
 Reference value :  2.52683e-06
 Reference value :  2.52735e-06
 Reference value :  2.52789e-06
 Reference value :  2.52841e-06
 Reference value :  2.52895e-06
 Reference value :  2.52947e-06
 Reference value :  2.52997e-06
 Reference value :  2.53047e-06
 Reference value :  2.53099e-06
 Reference value :  2.53149e-06
 Reference value :  2.53207e-06
 Reference value :  2.53265e-06
 Reference value :  2.53317e-06
 Reference value :  2.53367e-06
 Reference value :  2.53419e-06
 Reference value :  2.53469e-06
 Reference value :  2.53521e-06
 Reference value :  2.53573e-06
 Reference value :  2.53625e-06
 Reference value :  2.53677e-06
 Reference value :  2.53729e-06
 Reference value :  2.53781e-06
 Reference value :  2.53835e-06
 Reference value :  2.53899e-06
 Reference value :  2.53953e-06
 Reference value :  2.54005e-06
 Reference value :  2.54057e-06
 Reference value :  2.54113e-06
 Reference value :  2.54167e-06
 Reference value :  2.54219e-06
 Reference value :  2.54271e-06
 Reference value :  2.54323e-06
 Reference value :  2.54375e-06
 Reference value :  2.54425e-06
 Reference value :  2.54477e-06
 Reference value :  2.54527e-06
 Reference value :  2.54579e-06
 Reference value :  2.54629e-06
 Reference value :  2.54681e-06
 Reference value :  2.54733e-06
 Reference value :  2.54785e-06
 Reference value :  2.54835e-06
 Reference value :  2.54887e-06
 Reference value :  2.54939e-06
 Reference value :  2.54993e-06
 Reference value :  2.55045e-06
 Reference value :  2.55097e-06
 Reference value :  2.55147e-06
 Reference value :  2.55199e-06
 Reference value :  2.55251e-06
 Reference value :  2.55303e-06
 Reference value :  2.55355e-06
 Reference value :  2.55407e-06
 Reference value :  2.55459e-06
 Reference value :  2.55513e-06
 Reference value :  2.55565e-06
 Reference value :  2.55615e-06
 Reference value :  2.55667e-06
 Reference value :  2.55719e-06
 Reference value :  2.55771e-06
 Reference value :  2.55821e-06
 Reference value :  2.55871e-06
 Reference value :  2.55921e-06
 Reference value :  2.55973e-06
 Reference value :  2.56027e-06
 Reference value :  2.56079e-06
 Reference value :  2.56131e-06
 Reference value :  2.56185e-06
 Reference value :  2.56237e-06
 Reference value :  2.56289e-06
 Reference value :  2.56339e-06
 Reference value :  2.56393e-06
 Reference value :  2.56445e-06
 Reference value :  2.56497e-06
 Reference value :  2.56549e-06
 Reference value :  2.56603e-06
 Reference value :  2.56655e-06
 Reference value :  2.56707e-06
 Reference value :  2.56759e-06
 Reference value :  2.56813e-06
 Reference value :  2.56863e-06
 Reference value :  2.56917e-06
 Reference value :  2.56971e-06
 Reference value :  2.57023e-06
 Reference value :  2.57075e-06
 Reference value :  2.57129e-06
 Reference value :  2.57183e-06
 Reference value :  2.57235e-06
 Reference value :  2.57285e-06
 Reference value :  2.57337e-06
 Reference value :  2.57391e-06
 Reference value :  2.57443e-06
 Reference value :  2.57495e-06
 Reference value :  2.57549e-06
 Reference value :  2.57601e-06
 Reference value :  2.57653e-06
 Reference value :  2.57705e-06
 Reference value :  2.57757e-06
 Reference value :  2.57811e-06
 Reference value :  2.57859e-06
 Reference value :  2.57911e-06
 Reference value :  2.57963e-06
 Reference value :  2.58017e-06
 Reference value :  2.58067e-06
 Reference value :  2.58119e-06
 Reference value :  2.58181e-06
 Reference value :  2.58235e-06
 Reference value :  2.58287e-06
 Reference value :  2.58339e-06
 Reference value :  2.58391e-06
 Reference value :  2.58445e-06
 Reference value :  2.58497e-06
 Reference value :  2.58549e-06
 Reference value :  2.58599e-06
 Reference value :  2.58651e-06
 Reference value :  2.58701e-06
 Reference value :  2.58755e-06
 Reference value :  2.58811e-06
 Reference value :  2.58875e-06
 Reference value :  2.58927e-06
 Reference value :  2.58981e-06
 Reference value :  2.59035e-06
 Reference value :  2.59091e-06
 Reference value :  2.59145e-06
 Reference value :  2.59197e-06
 Reference value :  2.59247e-06
 Reference value :  2.59297e-06
 Reference value :  2.59351e-06
 Reference value :  2.59403e-06
 Reference value :  2.59455e-06
 Reference value :  2.59507e-06
 Reference value :  2.59559e-06
 Reference value :  2.59611e-06
 Reference value :  2.59663e-06
 Reference value :  2.59715e-06
 Reference value :  2.59767e-06
 Reference value :  2.59819e-06
 Reference value :  2.59869e-06
 Reference value :  2.59919e-06
 Reference value :  2.59971e-06
 Reference value :  2.60025e-06
 Reference value :  2.60075e-06
 Reference value :  2.60123e-06
 Reference value :  2.60177e-06
 Reference value :  2.60231e-06
 Reference value :  2.60285e-06
 Reference value :  2.60337e-06
 Reference value :  2.60387e-06
 Reference value :  2.60441e-06
 Reference value :  2.60491e-06
 Reference value :  2.60543e-06
 Reference value :  2.60593e-06
 Reference value :  2.60643e-06
 Reference value :  2.60697e-06
 Reference value :  2.60751e-06
 Reference value :  2.60803e-06
 Reference value :  2.60855e-06
 Reference value :  2.60907e-06
 Reference value :  2.60959e-06
 Reference value :  2.61013e-06
 Reference value :  2.61067e-06
 Reference value :  2.61119e-06
 Reference value :  2.61171e-06
 Reference value :  2.61223e-06
 Reference value :  2.61275e-06
 Reference value :  2.61329e-06
 Reference value :  2.61383e-06
 Reference value :  2.61437e-06
 Reference value :  2.61487e-06
 Reference value :  2.61539e-06
 Reference value :  2.61591e-06
 Reference value :  2.61641e-06
 Reference value :  2.61691e-06
 Reference value :  2.61743e-06
 Reference value :  2.61793e-06
 Reference value :  2.61847e-06
 Reference value :  2.61897e-06
 Reference value :  2.61953e-06
 Reference value :  2.62005e-06
 Reference value :  2.62057e-06
 Reference value :  2.62107e-06
 Reference value :  2.62159e-06
 Reference value :  2.62211e-06
 Reference value :  2.62263e-06
 Reference value :  2.62315e-06
 Reference value :  2.62367e-06
 Reference value :  2.62419e-06
 Reference value :  2.62469e-06
 Reference value :  2.62523e-06
 Reference value :  2.62573e-06
 Reference value :  2.62623e-06
 Reference value :  2.62673e-06
 Reference value :  2.62727e-06
 Reference value :  2.62779e-06
 Reference value :  2.62831e-06
 Reference value :  2.62881e-06
 Reference value :  2.62933e-06
 Reference value :  2.62985e-06
 Reference value :  2.63037e-06
 Reference value :  2.63089e-06
 Reference value :  2.63153e-06
 Reference value :  2.63203e-06
 Reference value :  2.63255e-06
 Reference value :  2.63307e-06
 Reference value :  2.63359e-06
 Reference value :  2.63411e-06
 Reference value :  2.63461e-06
 Reference value :  2.63515e-06
 Reference value :  2.63567e-06
 Reference value :  2.63619e-06
 Reference value :  2.63669e-06
 Reference value :  2.63721e-06
 Reference value :  2.63779e-06
 Reference value :  2.63839e-06
 Reference value :  2.63893e-06
 Reference value :  2.63945e-06
 Reference value :  2.63997e-06
 Reference value :  2.64053e-06
 Reference value :  2.64107e-06
 Reference value :  2.64159e-06
 Reference value :  2.64209e-06
 Reference value :  2.64261e-06
 Reference value :  2.64313e-06
 Reference value :  2.64365e-06
 Reference value :  2.64415e-06
 Reference value :  2.64467e-06
 Reference value :  2.64519e-06
 Reference value :  2.64571e-06
 Reference value :  2.64621e-06
 Reference value :  2.64675e-06
 Reference value :  2.64725e-06
 Reference value :  2.64777e-06
 Reference value :  2.64829e-06
 Reference value :  2.64883e-06
 Reference value :  2.64935e-06
 Reference value :  2.64985e-06
 Reference value :  2.65037e-06
 Reference value :  2.65087e-06
 Reference value :  2.65139e-06
 Reference value :  2.65191e-06
 Reference value :  2.65243e-06
 Reference value :  2.65295e-06
 Reference value :  2.65347e-06
 Reference value :  2.65401e-06
 Reference value :  2.65455e-06
 Reference value :  2.65505e-06
 Reference value :  2.65557e-06
 Reference value :  2.65609e-06
 Reference value :  2.65661e-06
 Reference value :  2.65713e-06
 Reference value :  2.65763e-06
 Reference value :  2.65813e-06
 Reference value :  2.65865e-06
 Reference value :  2.65917e-06
 Reference value :  2.65971e-06
 Reference value :  2.66023e-06
 Reference value :  2.66075e-06
 Reference value :  2.66129e-06
 Reference value :  2.66181e-06
 Reference value :  2.66233e-06
 Reference value :  2.66289e-06
 Reference value :  2.66343e-06
 Reference value :  2.66395e-06
 Reference value :  2.66447e-06
 Reference value :  2.66501e-06
 Reference value :  2.66553e-06
 Reference value :  2.66603e-06
 Reference value :  2.66655e-06
 Reference value :  2.66707e-06
 Reference value :  2.66759e-06
 Reference value :  2.66811e-06
 Reference value :  2.66863e-06
 Reference value :  2.66917e-06
 Reference value :  2.66969e-06
 Reference value :  2.67021e-06
 Reference value :  2.67073e-06
 Reference value :  2.67125e-06
 Reference value :  2.67177e-06
 Reference value :  2.67229e-06
 Reference value :  2.67281e-06
 Reference value :  2.67333e-06
 Reference value :  2.67385e-06
 Reference value :  2.67435e-06
 Reference value :  2.67489e-06
 Reference value :  2.67543e-06
 Reference value :  2.67595e-06
 Reference value :  2.67647e-06
 Reference value :  2.67697e-06
 Reference value :  2.67749e-06
 Reference value :  2.67799e-06
 Reference value :  2.67849e-06
 Reference value :  2.67901e-06
 Reference value :  2.67953e-06
 Reference value :  2.68007e-06
 Reference value :  2.68059e-06
 Reference value :  2.68123e-06
 Reference value :  2.68177e-06
 Reference value :  2.68229e-06
 Reference value :  2.68275e-06
 Reference value :  2.68325e-06
 Reference value :  2.68379e-06
 Reference value :  2.68431e-06
 Reference value :  2.68483e-06
 Reference value :  2.68533e-06
 Reference value :  2.68583e-06
 Reference value :  2.68637e-06
 Reference value :  2.68689e-06
 Reference value :  2.68745e-06
 Reference value :  2.68803e-06
 Reference value :  2.68855e-06
 Reference value :  2.68907e-06
 Reference value :  2.68959e-06
 Reference value :  2.69015e-06
 Reference value :  2.69069e-06
 Reference value :  2.69121e-06
 Reference value :  2.69173e-06
 Reference value :  2.69225e-06
 Reference value :  2.69277e-06
 Reference value :  2.69329e-06
 Reference value :  2.69381e-06
 Reference value :  2.69435e-06
 Reference value :  2.69485e-06
 Reference value :  2.69535e-06
 Reference value :  2.69587e-06
 Reference value :  2.69639e-06
 Reference value :  2.69691e-06
 Reference value :  2.69743e-06
 Reference value :  2.69797e-06
 Reference value :  2.69849e-06
 Reference value :  2.69901e-06
 Reference value :  2.69953e-06
 Reference value :  2.70005e-06
 Reference value :  2.70057e-06
 Reference value :  2.70109e-06
 Reference value :  2.70161e-06
 Reference value :  2.70213e-06
 Reference value :  2.70265e-06
 Reference value :  2.70317e-06
 Reference value :  2.70369e-06
 Reference value :  2.70423e-06
 Reference value :  2.70473e-06
 Reference value :  2.70523e-06
 Reference value :  2.70577e-06
 Reference value :  2.70629e-06
 Reference value :  2.70681e-06
 Reference value :  2.70733e-06
 Reference value :  2.70785e-06
 Reference value :  2.70835e-06
 Reference value :  2.70887e-06
 Reference value :  2.70937e-06
 Reference value :  2.70991e-06
 Reference value :  2.71045e-06
 Reference value :  2.71097e-06
 Reference value :  2.71149e-06
 Reference value :  2.71201e-06
 Reference value :  2.71255e-06
 Reference value :  2.71307e-06
 Reference value :  2.71357e-06
 Reference value :  2.71409e-06
 Reference value :  2.71461e-06
 Reference value :  2.71515e-06
 Reference value :  2.71567e-06
 Reference value :  2.71619e-06
 Reference value :  2.71671e-06
 Reference value :  2.71723e-06
 Reference value :  2.71775e-06
 Reference value :  2.71827e-06
 Reference value :  2.71883e-06
 Reference value :  2.71937e-06
 Reference value :  2.71987e-06
 Reference value :  2.72041e-06
 Reference value :  2.72095e-06
 Reference value :  2.72147e-06
 Reference value :  2.72199e-06
 Reference value :  2.72251e-06
 Reference value :  2.72303e-06
 Reference value :  2.72355e-06
 Reference value :  2.72405e-06
 Reference value :  2.72455e-06
 Reference value :  2.72507e-06
 Reference value :  2.72559e-06
 Reference value :  2.72611e-06
 Reference value :  2.72661e-06
 Reference value :  2.72713e-06
 Reference value :  2.72763e-06
 Reference value :  2.72817e-06
 Reference value :  2.72869e-06
 Reference value :  2.72921e-06
 Reference value :  2.72973e-06
 Reference value :  2.73023e-06
 Reference value :  2.73089e-06
 Reference value :  2.73141e-06
 Reference value :  2.73193e-06
 Reference value :  2.73245e-06
 Reference value :  2.73297e-06
 Reference value :  2.73349e-06
 Reference value :  2.73399e-06
 Reference value :  2.73449e-06
 Reference value :  2.73501e-06
 Reference value :  2.73553e-06
 Reference value :  2.73605e-06
 Reference value :  2.73655e-06
 Reference value :  2.73717e-06
 Reference value :  2.73773e-06
 Reference value :  2.73825e-06
 Reference value :  2.73877e-06
 Reference value :  2.73931e-06
 Reference value :  2.73983e-06
 Reference value :  2.74035e-06
 Reference value :  2.74087e-06
 Reference value :  2.74137e-06
 Reference value :  2.74189e-06
 Reference value :  2.74241e-06
 Reference value :  2.74293e-06
 Reference value :  2.74343e-06
 Reference value :  2.74395e-06
 Reference value :  2.74447e-06
 Reference value :  2.74499e-06
 Reference value :  2.74551e-06
 Reference value :  2.74603e-06
 Reference value :  2.74655e-06
 Reference value :  2.74705e-06
 Reference value :  2.74757e-06
 Reference value :  2.74809e-06
 Reference value :  2.74859e-06
 Reference value :  2.74911e-06
 Reference value :  2.74961e-06
 Reference value :  2.75009e-06
 Reference value :  2.75061e-06
 Reference value :  2.75113e-06
 Reference value :  2.75165e-06
 Reference value :  2.75215e-06
 Reference value :  2.75267e-06
 Reference value :  2.75319e-06
 Reference value :  2.75369e-06
 Reference value :  2.75421e-06
 Reference value :  2.75473e-06
 Reference value :  2.75525e-06
 Reference value :  2.75579e-06
 Reference value :  2.75631e-06
 Reference value :  2.75683e-06
 Reference value :  2.75733e-06
 Reference value :  2.75785e-06
 Reference value :  2.75835e-06
 Reference value :  2.75889e-06
 Reference value :  2.75941e-06
 Reference value :  2.75993e-06
 Reference value :  2.76047e-06
 Reference value :  2.76099e-06
 Reference value :  2.76153e-06
 Reference value :  2.76207e-06
 Reference value :  2.76261e-06
 Reference value :  2.76313e-06
 Reference value :  2.76365e-06
 Reference value :  2.76417e-06
 Reference value :  2.76469e-06
 Reference value :  2.76521e-06
 Reference value :  2.76571e-06
 Reference value :  2.76623e-06
 Reference value :  2.76673e-06
 Reference value :  2.76725e-06
 Reference value :  2.76777e-06
 Reference value :  2.76833e-06
 Reference value :  2.76885e-06
 Reference value :  2.76937e-06
 Reference value :  2.76989e-06
 Reference value :  2.77039e-06
 Reference value :  2.77091e-06
 Reference value :  2.77145e-06
 Reference value :  2.77197e-06
 Reference value :  2.77247e-06
 Reference value :  2.77299e-06
 Reference value :  2.77349e-06
 Reference value :  2.77399e-06
 Reference value :  2.77451e-06
 Reference value :  2.77503e-06
 Reference value :  2.77553e-06
 Reference value :  2.77605e-06
 Reference value :  2.77657e-06
 Reference value :  2.77707e-06
 Reference value :  2.77759e-06
 Reference value :  2.77809e-06
 Reference value :  2.77859e-06
 Reference value :  2.77909e-06
 Reference value :  2.77961e-06
 Reference value :  2.78017e-06
 Reference value :  2.78075e-06
 Reference value :  2.78127e-06
 Reference value :  2.78179e-06
 Reference value :  2.78231e-06
 Reference value :  2.78283e-06
 Reference value :  2.78335e-06
 Reference value :  2.78387e-06
 Reference value :  2.78439e-06
 Reference value :  2.78491e-06
 Reference value :  2.78543e-06
 Reference value :  2.78595e-06
 Reference value :  2.78647e-06
 Reference value :  2.78711e-06
 Reference value :  2.78763e-06
 Reference value :  2.78817e-06
 Reference value :  2.78869e-06
 Reference value :  2.78921e-06
 Reference value :  2.78975e-06
 Reference value :  2.79025e-06
 Reference value :  2.79077e-06
 Reference value :  2.79129e-06
 Reference value :  2.79181e-06
 Reference value :  2.79233e-06
 Reference value :  2.79285e-06
 Reference value :  2.79337e-06
 Reference value :  2.79391e-06
 Reference value :  2.79445e-06
 Reference value :  2.79497e-06
 Reference value :  2.79549e-06
 Reference value :  2.79599e-06
 Reference value :  2.79653e-06
 Reference value :  2.79705e-06
 Reference value :  2.79757e-06
 Reference value :  2.79807e-06
 Reference value :  2.79859e-06
 Reference value :  2.79911e-06
 Reference value :  2.79961e-06
 Reference value :  2.80013e-06
 Reference value :  2.80063e-06
 Reference value :  2.80113e-06
 Reference value :  2.80167e-06
 Reference value :  2.80219e-06
 Reference value :  2.80271e-06
 Reference value :  2.80323e-06
 Reference value :  2.80375e-06
 Reference value :  2.80427e-06
 Reference value :  2.80477e-06
 Reference value :  2.80529e-06
 Reference value :  2.80579e-06
 Reference value :  2.80631e-06
 Reference value :  2.80683e-06
 Reference value :  2.80735e-06
 Reference value :  2.80787e-06
 Reference value :  2.80839e-06
 Reference value :  2.80889e-06
 Reference value :  2.80941e-06
 Reference value :  2.80997e-06
 Reference value :  2.81047e-06
 Reference value :  2.81097e-06
 Reference value :  2.81147e-06
 Reference value :  2.81201e-06
 Reference value :  2.81253e-06
 Reference value :  2.81305e-06
 Reference value :  2.81357e-06
 Reference value :  2.81409e-06
 Reference value :  2.81461e-06
 Reference value :  2.81513e-06
 Reference value :  2.81565e-06
 Reference value :  2.81615e-06
 Reference value :  2.81665e-06
 Reference value :  2.81715e-06
 Reference value :  2.81769e-06
 Reference value :  2.81821e-06
 Reference value :  2.81873e-06
 Reference value :  2.81923e-06
 Reference value :  2.81975e-06
 Reference value :  2.82027e-06
 Reference value :  2.82079e-06
 Reference value :  2.82129e-06
 Reference value :  2.82179e-06
 Reference value :  2.82231e-06
 Reference value :  2.82283e-06
 Reference value :  2.82335e-06
 Reference value :  2.82385e-06
 Reference value :  2.82437e-06
 Reference value :  2.82489e-06
 Reference value :  2.82539e-06
 Reference value :  2.82593e-06
 Reference value :  2.82643e-06
 Reference value :  2.82695e-06
 Reference value :  2.82747e-06
 Reference value :  2.82799e-06
 Reference value :  2.82851e-06
 Reference value :  2.82901e-06
 Reference value :  2.82951e-06
 Reference value :  2.83015e-06
 Reference value :  2.83067e-06
 Reference value :  2.83117e-06
 Reference value :  2.83167e-06
 Reference value :  2.83217e-06
 Reference value :  2.83269e-06
 Reference value :  2.83321e-06
 Reference value :  2.83371e-06
 Reference value :  2.83423e-06
 Reference value :  2.83475e-06
 Reference value :  2.83527e-06
 Reference value :  2.83577e-06
 Reference value :  2.83633e-06
 Reference value :  2.83691e-06
 Reference value :  2.83745e-06
 Reference value :  2.83795e-06
 Reference value :  2.83845e-06
 Reference value :  2.83899e-06
 Reference value :  2.83951e-06
 Reference value :  2.84003e-06
 Reference value :  2.84055e-06
 Reference value :  2.84107e-06
 Reference value :  2.84159e-06
 Reference value :  2.84209e-06
 Reference value :  2.84261e-06
 Reference value :  2.84313e-06
 Reference value :  2.84365e-06
 Reference value :  2.84419e-06
 Reference value :  2.84471e-06
 Reference value :  2.84523e-06
 Reference value :  2.84575e-06
 Reference value :  2.84625e-06
 Reference value :  2.84677e-06
 Reference value :  2.84729e-06
 Reference value :  2.84781e-06
 Reference value :  2.84833e-06
 Reference value :  2.84885e-06
 Reference value :  2.84937e-06
 Reference value :  2.84989e-06
 Reference value :  2.85043e-06
 Reference value :  2.85095e-06
 Reference value :  2.85147e-06
 Reference value :  2.85199e-06
 Reference value :  2.85249e-06
 Reference value :  2.85301e-06
 Reference value :  2.85353e-06
 Reference value :  2.85405e-06
 Reference value :  2.85457e-06
 Reference value :  2.85509e-06
 Reference value :  2.85563e-06
 Reference value :  2.85615e-06
 Reference value :  2.85667e-06
 Reference value :  2.85717e-06
 Reference value :  2.85769e-06
 Reference value :  2.85821e-06
 Reference value :  2.85873e-06
 Reference value :  2.85925e-06
 Reference value :  2.85977e-06
 Reference value :  2.86029e-06
 Reference value :  2.86083e-06
 Reference value :  2.86137e-06
 Reference value :  2.86189e-06
 Reference value :  2.86241e-06
 Reference value :  2.86295e-06
 Reference value :  2.86347e-06
 Reference value :  2.86399e-06
 Reference value :  2.86451e-06
 Reference value :  2.86503e-06
 Reference value :  2.86555e-06
 Reference value :  2.86609e-06
 Reference value :  2.86659e-06
 Reference value :  2.86711e-06
 Reference value :  2.86765e-06
 Reference value :  2.86817e-06
 Reference value :  2.86869e-06
 Reference value :  2.86919e-06
 Reference value :  2.86969e-06
 Reference value :  2.87021e-06
 Reference value :  2.87075e-06
 Reference value :  2.87127e-06
 Reference value :  2.87179e-06
 Reference value :  2.87229e-06
 Reference value :  2.87281e-06
 Reference value :  2.87333e-06
 Reference value :  2.87385e-06
 Reference value :  2.87435e-06
 Reference value :  2.87485e-06
 Reference value :  2.87537e-06
 Reference value :  2.87589e-06
 Reference value :  2.87643e-06
 Reference value :  2.87693e-06
 Reference value :  2.87745e-06
 Reference value :  2.87797e-06
 Reference value :  2.87849e-06
 Reference value :  2.87901e-06
 Reference value :  2.87965e-06
 Reference value :  2.88017e-06
 Reference value :  2.88069e-06
 Reference value :  2.88121e-06
 Reference value :  2.88173e-06
 Reference value :  2.88227e-06
 Reference value :  2.88277e-06
 Reference value :  2.88329e-06
 Reference value :  2.88383e-06
 Reference value :  2.88433e-06
 Reference value :  2.88485e-06
 Reference value :  2.88537e-06
 Reference value :  2.88595e-06
 Reference value :  2.88653e-06
 Reference value :  2.88705e-06
 Reference value :  2.88755e-06
 Reference value :  2.88807e-06
 Reference value :  2.88861e-06
 Reference value :  2.88913e-06
 Reference value :  2.88965e-06
 Reference value :  2.89015e-06
 Reference value :  2.89067e-06
 Reference value :  2.89119e-06
 Reference value :  2.89171e-06
 Reference value :  2.89223e-06
 Reference value :  2.89275e-06
 Reference value :  2.89327e-06
 Reference value :  2.89379e-06
 Reference value :  2.89431e-06
 Reference value :  2.89485e-06
 Reference value :  2.89537e-06
 Reference value :  2.89589e-06
 Reference value :  2.89641e-06
 Reference value :  2.89695e-06
 Reference value :  2.89747e-06
 Reference value :  2.89799e-06
 Reference value :  2.89851e-06
 Reference value :  2.89903e-06
 Reference value :  2.89955e-06
 Reference value :  2.90007e-06
 Reference value :  2.90059e-06
 Reference value :  2.90111e-06
 Reference value :  2.90163e-06
 Reference value :  2.90215e-06
 Reference value :  2.90267e-06
 Reference value :  2.90319e-06
 Reference value :  2.90371e-06
 Reference value :  2.90423e-06
 Reference value :  2.90475e-06
 Reference value :  2.90527e-06
 Reference value :  2.90579e-06
 Reference value :  2.90629e-06
 Reference value :  2.90681e-06
 Reference value :  2.90733e-06
 Reference value :  2.90785e-06
 Reference value :  2.90837e-06
 Reference value :  2.90889e-06
 Reference value :  2.90939e-06
 Reference value :  2.90991e-06
 Reference value :  2.91043e-06
 Reference value :  2.91099e-06
 Reference value :  2.91151e-06
 Reference value :  2.91203e-06
 Reference value :  2.91253e-06
 Reference value :  2.91307e-06
 Reference value :  2.91361e-06
 Reference value :  2.91413e-06
 Reference value :  2.91467e-06
 Reference value :  2.91519e-06
 Reference value :  2.91571e-06
 Reference value :  2.91623e-06
 Reference value :  2.91675e-06
 Reference value :  2.91731e-06
 Reference value :  2.91785e-06
 Reference value :  2.91837e-06
 Reference value :  2.91889e-06
 Reference value :  2.91941e-06
 Reference value :  2.91991e-06
 Reference value :  2.92041e-06
 Reference value :  2.92091e-06
 Reference value :  2.92143e-06
 Reference value :  2.92197e-06
 Reference value :  2.92247e-06
 Reference value :  2.92299e-06
 Reference value :  2.92351e-06
 Reference value :  2.92403e-06
 Reference value :  2.92455e-06
 Reference value :  2.92507e-06
 Reference value :  2.92559e-06
 Reference value :  2.92611e-06
 Reference value :  2.92665e-06
 Reference value :  2.92717e-06
 Reference value :  2.92767e-06
 Reference value :  2.92819e-06
 Reference value :  2.92867e-06
 Reference value :  2.92931e-06
 Reference value :  2.92983e-06
 Reference value :  2.93037e-06
 Reference value :  2.93089e-06
 Reference value :  2.93139e-06
 Reference value :  2.93191e-06
 Reference value :  2.93243e-06
 Reference value :  2.93295e-06
 Reference value :  2.93345e-06
 Reference value :  2.93397e-06
 Reference value :  2.93449e-06
 Reference value :  2.93499e-06
 Reference value :  2.93555e-06
 Reference value :  2.93613e-06
 Reference value :  2.93665e-06
 Reference value :  2.93717e-06
 Reference value :  2.93771e-06
 Reference value :  2.93825e-06
 Reference value :  2.93875e-06
 Reference value :  2.93925e-06
 Reference value :  2.93977e-06
 Reference value :  2.94029e-06
 Reference value :  2.94081e-06
 Reference value :  2.94133e-06
 Reference value :  2.94185e-06
 Reference value :  2.94237e-06
 Reference value :  2.94289e-06
 Reference value :  2.94341e-06
 Reference value :  2.94395e-06
 Reference value :  2.94449e-06
 Reference value :  2.94501e-06
 Reference value :  2.94553e-06
 Reference value :  2.94605e-06
 Reference value :  2.94657e-06
 Reference value :  2.94709e-06
 Reference value :  2.94761e-06
 Reference value :  2.94813e-06
 Reference value :  2.94863e-06
 Reference value :  2.94913e-06
 Reference value :  2.94965e-06
 Reference value :  2.95015e-06
 Reference value :  2.95067e-06
 Reference value :  2.95119e-06
 Reference value :  2.95171e-06
 Reference value :  2.95223e-06
 Reference value :  2.95277e-06
 Reference value :  2.95329e-06
 Reference value :  2.95381e-06
 Reference value :  2.95433e-06
 Reference value :  2.95483e-06
 Reference value :  2.95535e-06
 Reference value :  2.95587e-06
 Reference value :  2.95639e-06
 Reference value :  2.95689e-06
 Reference value :  2.95741e-06
 Reference value :  2.95793e-06
 Reference value :  2.95847e-06
 Reference value :  2.95899e-06
 Reference value :  2.95949e-06
 Reference value :  2.95999e-06
 Reference value :  2.96055e-06
 Reference value :  2.96109e-06
 Reference value :  2.96161e-06
 Reference value :  2.96213e-06
 Reference value :  2.96265e-06
 Reference value :  2.96317e-06
 Reference value :  2.96369e-06
 Reference value :  2.96421e-06
 Reference value :  2.96475e-06
 Reference value :  2.96529e-06
 Reference value :  2.96581e-06
 Reference value :  2.96633e-06
 Reference value :  2.96687e-06
 Reference value :  2.96739e-06
 Reference value :  2.96791e-06
 Reference value :  2.96843e-06
 Reference value :  2.96895e-06
 Reference value :  2.96945e-06
 Reference value :  2.96997e-06
 Reference value :  2.97049e-06
 Reference value :  2.97101e-06
 Reference value :  2.97151e-06
 Reference value :  2.97203e-06
 Reference value :  2.97253e-06
 Reference value :  2.97305e-06
 Reference value :  2.97359e-06
 Reference value :  2.97409e-06
 Reference value :  2.97461e-06
 Reference value :  2.97513e-06
 Reference value :  2.97565e-06
 Reference value :  2.97617e-06
 Reference value :  2.97667e-06
 Reference value :  2.97719e-06
 Reference value :  2.97771e-06
 Reference value :  2.97823e-06
 Reference value :  2.97887e-06
 Reference value :  2.97939e-06
 Reference value :  2.97989e-06
 Reference value :  2.98041e-06
 Reference value :  2.98093e-06
 Reference value :  2.98145e-06
 Reference value :  2.98197e-06
 Reference value :  2.98249e-06
 Reference value :  2.98299e-06
 Reference value :  2.98351e-06
 Reference value :  2.98403e-06
 Reference value :  2.98457e-06
 Reference value :  2.98515e-06
 Reference value :  2.98577e-06
 Reference value :  2.98629e-06
 Reference value :  2.98679e-06
 Reference value :  2.98731e-06
 Reference value :  2.98785e-06
 Reference value :  2.98837e-06
 Reference value :  2.98887e-06
 Reference value :  2.98939e-06
 Reference value :  2.98991e-06
 Reference value :  2.99043e-06
 Reference value :  2.99095e-06
 Reference value :  2.99147e-06
 Reference value :  2.99199e-06
 Reference value :  2.99249e-06
 Reference value :  2.99301e-06
 Reference value :  2.99351e-06
 Reference value :  2.99405e-06
 Reference value :  2.99457e-06
 Reference value :  2.99509e-06
 Reference value :  2.99561e-06
 Reference value :  2.99613e-06
 Reference value :  2.99665e-06
 Reference value :  2.99717e-06
 Reference value :  2.99769e-06
 Reference value :  2.99821e-06
 Reference value :  2.99871e-06
 Reference value :  2.99923e-06
 Reference value :  2.99977e-06
No. of Data Rows : 150008
t1                  =  1.51822e-06
t2                  =  1.56784e-06
t9                  =  1.91520e-06
vout_avg            =  5.84704e-01 from=  1.50000e-06 to=  3.00000e-06
Note: Simulation executed from .control section 
Note: Starting dynamic gmin stepping
Note: Dynamic gmin stepping completed
Note: Starting dynamic gmin stepping
Note: Dynamic gmin stepping completed
