
Note: No compatibility mode selected!


Circuit: * tt_analog_ring code sweep: code=12

Doing analysis at TEMP = 27.000000 and TNOM = 27.000000

Using SPARSE 1.3 as Direct Linear Solver
 Reference value :  0.00000e+00
No. of Data Rows : 1
OP idd=7.55294E-05 vbp=0.761951 vbn=0.337931
Doing analysis at TEMP = 27.000000 and TNOM = 27.000000

Using SPARSE 1.3 as Direct Linear Solver

Initial Transient Solution
--------------------------

Node                                   Voltage
----                                   -------
vpwr                                       1.2
enable                                     1.2
code[0]                                      0
code[1]                                      0
code[2]                                    1.2
code[3]                                    1.2
code[4]                                      0
code[5]                                      0
code[6]                                      0
code[7]                                      0
xdut.vbp                              0.761951
xdut.vbn                              0.337931
xdut.n0                               0.152643
xdut.p0                                1.08014
xdut.na0                              0.153887
xdut.s0                               0.624903
xdut.s10                              0.608231
xdut.n1                               0.133765
xdut.p1                                1.09301
xdut.s1                               0.624903
xdut.n2                               0.133765
xdut.p2                                1.09301
xdut.s2                               0.624903
xdut.n3                               0.133765
xdut.p3                                1.09301
xdut.s3                               0.624903
xdut.n4                               0.133765
xdut.p4                                1.09301
xdut.s4                               0.624903
xdut.n5                               0.133765
xdut.p5                                1.09301
xdut.s5                               0.624903
xdut.n6                               0.133765
xdut.p6                                1.09301
xdut.s6                               0.624903
xdut.n7                               0.133765
xdut.p7                                1.09301
xdut.s7                               0.624905
xdut.n8                               0.133765
xdut.p8                                1.09301
xdut.s8                               0.624858
xdut.n9                               0.133769
xdut.p9                                1.09301
xdut.s9                               0.625772
xdut.n10                              0.133686
xdut.p10                               1.09306
xdut.b1                               0.620222
clk_out                               0.567286
vc7#branch                         4.33567e-12
vc6#branch                         2.16784e-12
vc5#branch                         1.08392e-12
vc4#branch                         5.41959e-13
vc3#branch                         -3.3812e-09
vc2#branch                         -1.6906e-09
vc1#branch                         6.77449e-14
vc0#branch                         3.38725e-14
ven#branch                        -6.40134e-12
vdd#branch                        -7.55294e-05

 Reference value :  0.00000e+00
 Reference value :  7.45600e-10
 Reference value :  1.58560e-09
 Reference value :  2.32560e-09
 Reference value :  3.36560e-09
 Reference value :  4.44560e-09
 Reference value :  5.50560e-09
 Reference value :  6.56560e-09
 Reference value :  7.58560e-09
 Reference value :  8.62560e-09
 Reference value :  9.58560e-09
 Reference value :  1.05256e-08
 Reference value :  1.15056e-08
 Reference value :  1.23456e-08
 Reference value :  1.32056e-08
 Reference value :  1.41256e-08
 Reference value :  1.49456e-08
 Reference value :  1.55656e-08
 Reference value :  1.61256e-08
 Reference value :  1.66856e-08
 Reference value :  1.72656e-08
 Reference value :  1.78056e-08
 Reference value :  1.83656e-08
 Reference value :  1.89256e-08
 Reference value :  1.94456e-08
 Reference value :  1.99656e-08
 Reference value :  2.04256e-08
 Reference value :  2.10256e-08
 Reference value :  2.16656e-08
 Reference value :  2.22256e-08
 Reference value :  2.28656e-08
 Reference value :  2.35056e-08
 Reference value :  2.41656e-08
 Reference value :  2.48256e-08
 Reference value :  2.55056e-08
 Reference value :  2.61656e-08
 Reference value :  2.68256e-08
 Reference value :  2.74656e-08
 Reference value :  2.80856e-08
 Reference value :  2.87056e-08
 Reference value :  2.93256e-08
 Reference value :  2.99456e-08
 Reference value :  3.05856e-08
 Reference value :  3.12656e-08
 Reference value :  3.19656e-08
 Reference value :  3.26656e-08
 Reference value :  3.33456e-08
 Reference value :  3.40256e-08
 Reference value :  3.47256e-08
 Reference value :  3.53656e-08
 Reference value :  3.59856e-08
 Reference value :  3.66656e-08
 Reference value :  3.72856e-08
 Reference value :  3.78656e-08
 Reference value :  3.84856e-08
 Reference value :  3.91456e-08
 Reference value :  3.98056e-08
 Reference value :  4.04456e-08
 Reference value :  4.10656e-08
 Reference value :  4.17056e-08
 Reference value :  4.23656e-08
 Reference value :  4.30056e-08
 Reference value :  4.36656e-08
 Reference value :  4.43256e-08
 Reference value :  4.49856e-08
 Reference value :  4.56856e-08
 Reference value :  4.63456e-08
 Reference value :  4.70256e-08
 Reference value :  4.76856e-08
 Reference value :  4.82656e-08
 Reference value :  4.88856e-08
 Reference value :  4.95056e-08
 Reference value :  5.01256e-08
 Reference value :  5.07656e-08
 Reference value :  5.13856e-08
 Reference value :  5.20256e-08
 Reference value :  5.26256e-08
 Reference value :  5.32056e-08
 Reference value :  5.38456e-08
 Reference value :  5.44256e-08
 Reference value :  5.49856e-08
 Reference value :  5.55256e-08
 Reference value :  5.59656e-08
 Reference value :  5.65056e-08
 Reference value :  5.70856e-08
 Reference value :  5.76456e-08
 Reference value :  5.81656e-08
 Reference value :  5.87456e-08
 Reference value :  5.93456e-08
 Reference value :  5.98856e-08
 Reference value :  6.04456e-08
 Reference value :  6.10856e-08
 Reference value :  6.16456e-08
 Reference value :  6.22256e-08
 Reference value :  6.28056e-08
 Reference value :  6.33456e-08
 Reference value :  6.39056e-08
 Reference value :  6.44656e-08
 Reference value :  6.50456e-08
 Reference value :  6.56056e-08
 Reference value :  6.61656e-08
 Reference value :  6.67056e-08
 Reference value :  6.72456e-08
 Reference value :  6.77856e-08
 Reference value :  6.83256e-08
 Reference value :  6.88856e-08
 Reference value :  6.94056e-08
 Reference value :  6.99456e-08
 Reference value :  7.04856e-08
 Reference value :  7.10256e-08
 Reference value :  7.15656e-08
 Reference value :  7.21056e-08
 Reference value :  7.26456e-08
 Reference value :  7.31856e-08
 Reference value :  7.37256e-08
 Reference value :  7.42856e-08
 Reference value :  7.48256e-08
 Reference value :  7.53856e-08
 Reference value :  7.59256e-08
 Reference value :  7.64456e-08
 Reference value :  7.70056e-08
 Reference value :  7.75456e-08
 Reference value :  7.80856e-08
 Reference value :  7.86256e-08
 Reference value :  7.91656e-08
 Reference value :  7.97256e-08
 Reference value :  8.02856e-08
 Reference value :  8.08456e-08
 Reference value :  8.13656e-08
 Reference value :  8.19056e-08
 Reference value :  8.24256e-08
 Reference value :  8.29656e-08
 Reference value :  8.35256e-08
 Reference value :  8.40456e-08
 Reference value :  8.45456e-08
 Reference value :  8.50856e-08
 Reference value :  8.56056e-08
 Reference value :  8.61656e-08
 Reference value :  8.67056e-08
 Reference value :  8.72656e-08
 Reference value :  8.78056e-08
 Reference value :  8.83256e-08
 Reference value :  8.88656e-08
 Reference value :  8.94056e-08
 Reference value :  8.99456e-08
 Reference value :  9.04856e-08
 Reference value :  9.10456e-08
 Reference value :  9.15856e-08
 Reference value :  9.21256e-08
 Reference value :  9.26656e-08
 Reference value :  9.32056e-08
 Reference value :  9.37656e-08
 Reference value :  9.43256e-08
 Reference value :  9.49456e-08
 Reference value :  9.54656e-08
 Reference value :  9.60256e-08
 Reference value :  9.66656e-08
 Reference value :  9.72456e-08
 Reference value :  9.77856e-08
 Reference value :  9.83256e-08
 Reference value :  9.89056e-08
 Reference value :  9.94456e-08
 Reference value :  9.99856e-08
 Reference value :  1.00546e-07
 Reference value :  1.01066e-07
 Reference value :  1.01646e-07
 Reference value :  1.02226e-07
 Reference value :  1.02786e-07
 Reference value :  1.03346e-07
 Reference value :  1.03906e-07
 Reference value :  1.04446e-07
 Reference value :  1.04986e-07
 Reference value :  1.05546e-07
 Reference value :  1.06106e-07
 Reference value :  1.06646e-07
 Reference value :  1.07186e-07
 Reference value :  1.07766e-07
 Reference value :  1.08406e-07
 Reference value :  1.08926e-07
 Reference value :  1.09486e-07
 Reference value :  1.10046e-07
 Reference value :  1.10586e-07
 Reference value :  1.11126e-07
 Reference value :  1.11626e-07
 Reference value :  1.12186e-07
 Reference value :  1.12806e-07
 Reference value :  1.13426e-07
 Reference value :  1.14046e-07
 Reference value :  1.14646e-07
 Reference value :  1.15266e-07
 Reference value :  1.15906e-07
 Reference value :  1.16546e-07
 Reference value :  1.17186e-07
 Reference value :  1.17786e-07
 Reference value :  1.18366e-07
 Reference value :  1.18986e-07
 Reference value :  1.19606e-07
 Reference value :  1.20246e-07
 Reference value :  1.20906e-07
 Reference value :  1.21526e-07
 Reference value :  1.22146e-07
 Reference value :  1.22786e-07
 Reference value :  1.23426e-07
 Reference value :  1.24106e-07
 Reference value :  1.24746e-07
 Reference value :  1.25386e-07
 Reference value :  1.26046e-07
 Reference value :  1.26726e-07
 Reference value :  1.27406e-07
 Reference value :  1.28066e-07
 Reference value :  1.28666e-07
 Reference value :  1.29166e-07
 Reference value :  1.29726e-07
 Reference value :  1.30326e-07
 Reference value :  1.30826e-07
 Reference value :  1.31346e-07
 Reference value :  1.31946e-07
 Reference value :  1.32486e-07
 Reference value :  1.33106e-07
 Reference value :  1.33726e-07
 Reference value :  1.34326e-07
 Reference value :  1.34926e-07
 Reference value :  1.35586e-07
 Reference value :  1.36146e-07
 Reference value :  1.36706e-07
 Reference value :  1.37266e-07
 Reference value :  1.37806e-07
 Reference value :  1.38346e-07
 Reference value :  1.38886e-07
 Reference value :  1.39426e-07
 Reference value :  1.39946e-07
 Reference value :  1.40486e-07
 Reference value :  1.41026e-07
 Reference value :  1.41566e-07
 Reference value :  1.42126e-07
 Reference value :  1.42746e-07
 Reference value :  1.43366e-07
 Reference value :  1.43986e-07
 Reference value :  1.44626e-07
 Reference value :  1.45226e-07
 Reference value :  1.45826e-07
 Reference value :  1.46366e-07
 Reference value :  1.46886e-07
 Reference value :  1.47446e-07
 Reference value :  1.47946e-07
 Reference value :  1.48466e-07
 Reference value :  1.49006e-07
 Reference value :  1.49546e-07
 Reference value :  1.50086e-07
 Reference value :  1.50626e-07
 Reference value :  1.51286e-07
 Reference value :  1.51906e-07
 Reference value :  1.52566e-07
 Reference value :  1.53186e-07
 Reference value :  1.53726e-07
 Reference value :  1.54346e-07
 Reference value :  1.54986e-07
 Reference value :  1.55606e-07
 Reference value :  1.56226e-07
 Reference value :  1.56846e-07
 Reference value :  1.57406e-07
 Reference value :  1.58026e-07
 Reference value :  1.58486e-07
 Reference value :  1.59106e-07
 Reference value :  1.59746e-07
 Reference value :  1.60366e-07
 Reference value :  1.60986e-07
 Reference value :  1.61526e-07
 Reference value :  1.62006e-07
 Reference value :  1.62566e-07
 Reference value :  1.63166e-07
 Reference value :  1.63706e-07
 Reference value :  1.64286e-07
 Reference value :  1.64866e-07
 Reference value :  1.65426e-07
 Reference value :  1.65986e-07
 Reference value :  1.66546e-07
 Reference value :  1.67126e-07
 Reference value :  1.67666e-07
 Reference value :  1.68206e-07
 Reference value :  1.68746e-07
 Reference value :  1.69326e-07
 Reference value :  1.69926e-07
 Reference value :  1.70406e-07
 Reference value :  1.70966e-07
 Reference value :  1.71506e-07
 Reference value :  1.72066e-07
 Reference value :  1.72626e-07
 Reference value :  1.73166e-07
 Reference value :  1.73686e-07
 Reference value :  1.74226e-07
 Reference value :  1.74786e-07
 Reference value :  1.75306e-07
 Reference value :  1.75826e-07
 Reference value :  1.76386e-07
 Reference value :  1.76926e-07
 Reference value :  1.77446e-07
 Reference value :  1.77986e-07
 Reference value :  1.78506e-07
 Reference value :  1.79026e-07
 Reference value :  1.79546e-07
 Reference value :  1.80066e-07
 Reference value :  1.80606e-07
 Reference value :  1.81146e-07
 Reference value :  1.81666e-07
 Reference value :  1.82186e-07
 Reference value :  1.82726e-07
 Reference value :  1.83246e-07
 Reference value :  1.83766e-07
 Reference value :  1.84306e-07
 Reference value :  1.84846e-07
 Reference value :  1.85366e-07
 Reference value :  1.85886e-07
 Reference value :  1.86406e-07
 Reference value :  1.86926e-07
 Reference value :  1.87466e-07
 Reference value :  1.87986e-07
 Reference value :  1.88526e-07
 Reference value :  1.89066e-07
 Reference value :  1.89586e-07
 Reference value :  1.90126e-07
 Reference value :  1.90646e-07
 Reference value :  1.91186e-07
 Reference value :  1.91726e-07
 Reference value :  1.92266e-07
 Reference value :  1.92826e-07
 Reference value :  1.93366e-07
 Reference value :  1.93886e-07
 Reference value :  1.94386e-07
 Reference value :  1.94906e-07
 Reference value :  1.95446e-07
 Reference value :  1.95966e-07
 Reference value :  1.96506e-07
 Reference value :  1.97046e-07
 Reference value :  1.97606e-07
 Reference value :  1.98126e-07
 Reference value :  1.98646e-07
 Reference value :  1.99186e-07
 Reference value :  1.99726e-07
 Reference value :  2.00266e-07
 Reference value :  2.00806e-07
 Reference value :  2.01346e-07
 Reference value :  2.01926e-07
 Reference value :  2.02466e-07
 Reference value :  2.02986e-07
 Reference value :  2.03526e-07
 Reference value :  2.04026e-07
 Reference value :  2.04546e-07
 Reference value :  2.05086e-07
 Reference value :  2.05606e-07
 Reference value :  2.06166e-07
 Reference value :  2.06706e-07
 Reference value :  2.07246e-07
 Reference value :  2.07786e-07
 Reference value :  2.08326e-07
 Reference value :  2.08846e-07
 Reference value :  2.09366e-07
 Reference value :  2.09906e-07
 Reference value :  2.10446e-07
 Reference value :  2.10986e-07
 Reference value :  2.11526e-07
 Reference value :  2.12046e-07
 Reference value :  2.12586e-07
 Reference value :  2.13126e-07
 Reference value :  2.13666e-07
 Reference value :  2.14206e-07
 Reference value :  2.14726e-07
 Reference value :  2.15246e-07
 Reference value :  2.15786e-07
 Reference value :  2.16306e-07
 Reference value :  2.16866e-07
 Reference value :  2.17386e-07
 Reference value :  2.17926e-07
 Reference value :  2.18466e-07
 Reference value :  2.19006e-07
 Reference value :  2.19526e-07
 Reference value :  2.20066e-07
 Reference value :  2.20606e-07
 Reference value :  2.21126e-07
 Reference value :  2.21626e-07
 Reference value :  2.22166e-07
 Reference value :  2.22726e-07
 Reference value :  2.23266e-07
 Reference value :  2.23806e-07
 Reference value :  2.24326e-07
 Reference value :  2.24846e-07
 Reference value :  2.25386e-07
 Reference value :  2.25926e-07
 Reference value :  2.26466e-07
 Reference value :  2.27006e-07
 Reference value :  2.27546e-07
 Reference value :  2.28106e-07
 Reference value :  2.28646e-07
 Reference value :  2.29186e-07
 Reference value :  2.29726e-07
 Reference value :  2.30246e-07
 Reference value :  2.30786e-07
 Reference value :  2.31366e-07
 Reference value :  2.31966e-07
 Reference value :  2.32506e-07
 Reference value :  2.33026e-07
 Reference value :  2.33566e-07
 Reference value :  2.34126e-07
 Reference value :  2.34666e-07
 Reference value :  2.35226e-07
 Reference value :  2.35746e-07
 Reference value :  2.36286e-07
 Reference value :  2.36846e-07
 Reference value :  2.37446e-07
 Reference value :  2.38086e-07
 Reference value :  2.38646e-07
 Reference value :  2.39166e-07
 Reference value :  2.39706e-07
 Reference value :  2.40246e-07
 Reference value :  2.40846e-07
 Reference value :  2.41486e-07
 Reference value :  2.42146e-07
 Reference value :  2.42746e-07
 Reference value :  2.43346e-07
 Reference value :  2.43966e-07
 Reference value :  2.44626e-07
 Reference value :  2.45266e-07
 Reference value :  2.45926e-07
 Reference value :  2.46546e-07
 Reference value :  2.47146e-07
 Reference value :  2.47746e-07
 Reference value :  2.48286e-07
 Reference value :  2.48846e-07
 Reference value :  2.49466e-07
 Reference value :  2.50106e-07
 Reference value :  2.50746e-07
 Reference value :  2.51326e-07
 Reference value :  2.51806e-07
 Reference value :  2.52366e-07
 Reference value :  2.52926e-07
 Reference value :  2.53486e-07
 Reference value :  2.54086e-07
 Reference value :  2.54766e-07
 Reference value :  2.55426e-07
 Reference value :  2.56066e-07
 Reference value :  2.56686e-07
 Reference value :  2.57286e-07
 Reference value :  2.57906e-07
 Reference value :  2.58446e-07
 Reference value :  2.59066e-07
 Reference value :  2.59706e-07
 Reference value :  2.60326e-07
 Reference value :  2.60946e-07
 Reference value :  2.61566e-07
 Reference value :  2.62206e-07
 Reference value :  2.62866e-07
 Reference value :  2.63426e-07
 Reference value :  2.63966e-07
 Reference value :  2.64506e-07
 Reference value :  2.65086e-07
 Reference value :  2.65686e-07
 Reference value :  2.66306e-07
 Reference value :  2.66926e-07
 Reference value :  2.67546e-07
 Reference value :  2.68186e-07
 Reference value :  2.68806e-07
 Reference value :  2.69406e-07
 Reference value :  2.70066e-07
 Reference value :  2.70626e-07
 Reference value :  2.71146e-07
 Reference value :  2.71626e-07
 Reference value :  2.72226e-07
 Reference value :  2.72846e-07
 Reference value :  2.73446e-07
 Reference value :  2.74086e-07
 Reference value :  2.74726e-07
 Reference value :  2.75366e-07
 Reference value :  2.75986e-07
 Reference value :  2.76606e-07
 Reference value :  2.77226e-07
 Reference value :  2.77766e-07
 Reference value :  2.78306e-07
 Reference value :  2.78906e-07
 Reference value :  2.79526e-07
 Reference value :  2.80146e-07
 Reference value :  2.80766e-07
 Reference value :  2.81386e-07
 Reference value :  2.81986e-07
 Reference value :  2.82586e-07
 Reference value :  2.83206e-07
 Reference value :  2.83826e-07
 Reference value :  2.84466e-07
 Reference value :  2.85066e-07
 Reference value :  2.85686e-07
 Reference value :  2.86326e-07
 Reference value :  2.86946e-07
 Reference value :  2.87566e-07
 Reference value :  2.88186e-07
 Reference value :  2.88786e-07
 Reference value :  2.89406e-07
 Reference value :  2.89926e-07
 Reference value :  2.90466e-07
 Reference value :  2.91006e-07
 Reference value :  2.91546e-07
 Reference value :  2.92166e-07
 Reference value :  2.92686e-07
 Reference value :  2.93306e-07
 Reference value :  2.93886e-07
 Reference value :  2.94506e-07
 Reference value :  2.95086e-07
 Reference value :  2.95606e-07
 Reference value :  2.96106e-07
 Reference value :  2.96666e-07
 Reference value :  2.97266e-07
 Reference value :  2.97806e-07
 Reference value :  2.98366e-07
 Reference value :  2.98926e-07
 Reference value :  2.99486e-07
 Reference value :  3.00006e-07
 Reference value :  3.00566e-07
 Reference value :  3.01106e-07
 Reference value :  3.01626e-07
 Reference value :  3.02186e-07
 Reference value :  3.02726e-07
 Reference value :  3.03286e-07
 Reference value :  3.03826e-07
 Reference value :  3.04386e-07
 Reference value :  3.04926e-07
 Reference value :  3.05446e-07
 Reference value :  3.05966e-07
 Reference value :  3.06506e-07
 Reference value :  3.07006e-07
 Reference value :  3.07586e-07
 Reference value :  3.08106e-07
 Reference value :  3.08646e-07
 Reference value :  3.09166e-07
 Reference value :  3.09706e-07
 Reference value :  3.10246e-07
 Reference value :  3.10766e-07
 Reference value :  3.11306e-07
 Reference value :  3.11846e-07
 Reference value :  3.12406e-07
 Reference value :  3.12926e-07
 Reference value :  3.13466e-07
 Reference value :  3.14026e-07
 Reference value :  3.14546e-07
 Reference value :  3.15066e-07
 Reference value :  3.15586e-07
 Reference value :  3.16126e-07
 Reference value :  3.16646e-07
 Reference value :  3.17166e-07
 Reference value :  3.17686e-07
 Reference value :  3.18186e-07
 Reference value :  3.18706e-07
 Reference value :  3.19246e-07
 Reference value :  3.19746e-07
 Reference value :  3.20266e-07
 Reference value :  3.20786e-07
 Reference value :  3.21326e-07
 Reference value :  3.21866e-07
 Reference value :  3.22386e-07
 Reference value :  3.22906e-07
 Reference value :  3.23446e-07
 Reference value :  3.23986e-07
 Reference value :  3.24506e-07
 Reference value :  3.25086e-07
 Reference value :  3.25686e-07
 Reference value :  3.26266e-07
 Reference value :  3.26806e-07
 Reference value :  3.27346e-07
 Reference value :  3.27886e-07
 Reference value :  3.28426e-07
 Reference value :  3.28986e-07
 Reference value :  3.29526e-07
 Reference value :  3.30066e-07
 Reference value :  3.30586e-07
 Reference value :  3.31126e-07
 Reference value :  3.31666e-07
 Reference value :  3.32206e-07
 Reference value :  3.32726e-07
 Reference value :  3.33246e-07
 Reference value :  3.33766e-07
 Reference value :  3.34326e-07
 Reference value :  3.34886e-07
 Reference value :  3.35406e-07
 Reference value :  3.35926e-07
 Reference value :  3.36466e-07
 Reference value :  3.37006e-07
 Reference value :  3.37526e-07
 Reference value :  3.38086e-07
 Reference value :  3.38666e-07
 Reference value :  3.39266e-07
 Reference value :  3.39806e-07
 Reference value :  3.40326e-07
 Reference value :  3.40866e-07
 Reference value :  3.41406e-07
 Reference value :  3.42026e-07
 Reference value :  3.42566e-07
 Reference value :  3.43166e-07
 Reference value :  3.43746e-07
 Reference value :  3.44266e-07
 Reference value :  3.44746e-07
 Reference value :  3.45226e-07
 Reference value :  3.45746e-07
 Reference value :  3.46306e-07
 Reference value :  3.46786e-07
 Reference value :  3.47306e-07
 Reference value :  3.47886e-07
 Reference value :  3.48446e-07
 Reference value :  3.49046e-07
 Reference value :  3.49666e-07
 Reference value :  3.50286e-07
 Reference value :  3.50906e-07
 Reference value :  3.51526e-07
 Reference value :  3.52166e-07
 Reference value :  3.52746e-07
 Reference value :  3.53266e-07
 Reference value :  3.53806e-07
 Reference value :  3.54346e-07
 Reference value :  3.54886e-07
 Reference value :  3.55426e-07
 Reference value :  3.55966e-07
 Reference value :  3.56526e-07
 Reference value :  3.57066e-07
 Reference value :  3.57586e-07
 Reference value :  3.58106e-07
 Reference value :  3.58626e-07
 Reference value :  3.59166e-07
 Reference value :  3.59686e-07
 Reference value :  3.60226e-07
 Reference value :  3.60786e-07
 Reference value :  3.61406e-07
 Reference value :  3.62026e-07
 Reference value :  3.62646e-07
 Reference value :  3.63266e-07
 Reference value :  3.63866e-07
 Reference value :  3.64406e-07
 Reference value :  3.64946e-07
 Reference value :  3.65486e-07
 Reference value :  3.66066e-07
 Reference value :  3.66646e-07
 Reference value :  3.67246e-07
 Reference value :  3.67846e-07
 Reference value :  3.68466e-07
 Reference value :  3.69106e-07
 Reference value :  3.69726e-07
 Reference value :  3.70366e-07
 Reference value :  3.70986e-07
 Reference value :  3.71606e-07
 Reference value :  3.72186e-07
 Reference value :  3.72746e-07
 Reference value :  3.73366e-07
 Reference value :  3.73986e-07
 Reference value :  3.74586e-07
 Reference value :  3.75186e-07
 Reference value :  3.75826e-07
 Reference value :  3.76426e-07
 Reference value :  3.77046e-07
 Reference value :  3.77686e-07
 Reference value :  3.78266e-07
 Reference value :  3.78826e-07
 Reference value :  3.79346e-07
 Reference value :  3.79886e-07
 Reference value :  3.80426e-07
 Reference value :  3.80946e-07
 Reference value :  3.81466e-07
 Reference value :  3.82086e-07
 Reference value :  3.82706e-07
 Reference value :  3.83306e-07
 Reference value :  3.83926e-07
 Reference value :  3.84466e-07
 Reference value :  3.85026e-07
 Reference value :  3.85646e-07
 Reference value :  3.86246e-07
 Reference value :  3.86826e-07
 Reference value :  3.87426e-07
 Reference value :  3.87986e-07
 Reference value :  3.88566e-07
 Reference value :  3.89146e-07
 Reference value :  3.89746e-07
 Reference value :  3.90346e-07
 Reference value :  3.90906e-07
 Reference value :  3.91486e-07
 Reference value :  3.92066e-07
 Reference value :  3.92626e-07
 Reference value :  3.93186e-07
 Reference value :  3.93766e-07
 Reference value :  3.94326e-07
 Reference value :  3.94906e-07
 Reference value :  3.95486e-07
 Reference value :  3.96006e-07
 Reference value :  3.96526e-07
 Reference value :  3.97106e-07
 Reference value :  3.97686e-07
 Reference value :  3.98206e-07
 Reference value :  3.98746e-07
 Reference value :  3.99286e-07
 Reference value :  3.99906e-07
 Reference value :  4.00526e-07
 Reference value :  4.01086e-07
 Reference value :  4.01606e-07
 Reference value :  4.02146e-07
 Reference value :  4.02706e-07
 Reference value :  4.03246e-07
 Reference value :  4.03786e-07
 Reference value :  4.04286e-07
 Reference value :  4.04826e-07
 Reference value :  4.05346e-07
 Reference value :  4.05926e-07
 Reference value :  4.06466e-07
 Reference value :  4.07026e-07
 Reference value :  4.07586e-07
 Reference value :  4.08126e-07
 Reference value :  4.08646e-07
 Reference value :  4.09186e-07
 Reference value :  4.09726e-07
 Reference value :  4.10286e-07
 Reference value :  4.10806e-07
 Reference value :  4.11326e-07
 Reference value :  4.11846e-07
 Reference value :  4.12386e-07
 Reference value :  4.12946e-07
 Reference value :  4.13546e-07
 Reference value :  4.14086e-07
 Reference value :  4.14626e-07
 Reference value :  4.15126e-07
 Reference value :  4.15666e-07
 Reference value :  4.16186e-07
 Reference value :  4.16706e-07
 Reference value :  4.17226e-07
 Reference value :  4.17766e-07
 Reference value :  4.18286e-07
 Reference value :  4.18806e-07
 Reference value :  4.19346e-07
 Reference value :  4.19886e-07
 Reference value :  4.20446e-07
 Reference value :  4.20986e-07
 Reference value :  4.21526e-07
 Reference value :  4.22046e-07
 Reference value :  4.22566e-07
 Reference value :  4.23106e-07
 Reference value :  4.23626e-07
 Reference value :  4.24166e-07
 Reference value :  4.24686e-07
 Reference value :  4.25206e-07
 Reference value :  4.25726e-07
 Reference value :  4.26246e-07
 Reference value :  4.26766e-07
 Reference value :  4.27306e-07
 Reference value :  4.27826e-07
 Reference value :  4.28366e-07
 Reference value :  4.28886e-07
 Reference value :  4.29406e-07
 Reference value :  4.29926e-07
 Reference value :  4.30446e-07
 Reference value :  4.30966e-07
 Reference value :  4.31506e-07
 Reference value :  4.32006e-07
 Reference value :  4.32546e-07
 Reference value :  4.33106e-07
 Reference value :  4.33646e-07
 Reference value :  4.34186e-07
 Reference value :  4.34706e-07
 Reference value :  4.35286e-07
 Reference value :  4.35826e-07
 Reference value :  4.36366e-07
 Reference value :  4.36986e-07
 Reference value :  4.37526e-07
 Reference value :  4.38146e-07
 Reference value :  4.38766e-07
 Reference value :  4.39366e-07
 Reference value :  4.39966e-07
 Reference value :  4.40486e-07
 Reference value :  4.40966e-07
 Reference value :  4.41466e-07
 Reference value :  4.41906e-07
 Reference value :  4.42366e-07
 Reference value :  4.42866e-07
 Reference value :  4.43486e-07
 Reference value :  4.44086e-07
 Reference value :  4.44686e-07
 Reference value :  4.45226e-07
 Reference value :  4.45766e-07
 Reference value :  4.46366e-07
 Reference value :  4.46886e-07
 Reference value :  4.47386e-07
 Reference value :  4.47946e-07
 Reference value :  4.48526e-07
 Reference value :  4.49046e-07
 Reference value :  4.49566e-07
 Reference value :  4.50086e-07
 Reference value :  4.50626e-07
 Reference value :  4.51226e-07
 Reference value :  4.51826e-07
 Reference value :  4.52426e-07
 Reference value :  4.53066e-07
 Reference value :  4.53686e-07
 Reference value :  4.54286e-07
 Reference value :  4.54886e-07
 Reference value :  4.55486e-07
 Reference value :  4.56126e-07
 Reference value :  4.56746e-07
 Reference value :  4.57326e-07
 Reference value :  4.57846e-07
 Reference value :  4.58366e-07
 Reference value :  4.58886e-07
 Reference value :  4.59406e-07
 Reference value :  4.59926e-07
 Reference value :  4.60446e-07
 Reference value :  4.60966e-07
 Reference value :  4.61526e-07
 Reference value :  4.62146e-07
 Reference value :  4.62766e-07
 Reference value :  4.63346e-07
 Reference value :  4.63866e-07
 Reference value :  4.64446e-07
 Reference value :  4.64946e-07
 Reference value :  4.65466e-07
 Reference value :  4.66006e-07
 Reference value :  4.66606e-07
 Reference value :  4.67206e-07
 Reference value :  4.67826e-07
 Reference value :  4.68446e-07
 Reference value :  4.68906e-07
 Reference value :  4.69486e-07
 Reference value :  4.70086e-07
 Reference value :  4.70706e-07
 Reference value :  4.71306e-07
 Reference value :  4.71906e-07
 Reference value :  4.72426e-07
 Reference value :  4.73026e-07
 Reference value :  4.73546e-07
 Reference value :  4.74086e-07
 Reference value :  4.74706e-07
 Reference value :  4.75326e-07
 Reference value :  4.75906e-07
 Reference value :  4.76426e-07
 Reference value :  4.76926e-07
 Reference value :  4.77446e-07
 Reference value :  4.77986e-07
 Reference value :  4.78506e-07
 Reference value :  4.79026e-07
 Reference value :  4.79506e-07
 Reference value :  4.79966e-07
 Reference value :  4.80426e-07
 Reference value :  4.80886e-07
 Reference value :  4.81346e-07
 Reference value :  4.81846e-07
 Reference value :  4.82366e-07
 Reference value :  4.82866e-07
 Reference value :  4.83386e-07
 Reference value :  4.83986e-07
 Reference value :  4.84506e-07
 Reference value :  4.85026e-07
 Reference value :  4.85546e-07
 Reference value :  4.86066e-07
 Reference value :  4.86586e-07
 Reference value :  4.87146e-07
 Reference value :  4.87686e-07
 Reference value :  4.88206e-07
 Reference value :  4.88766e-07
 Reference value :  4.89366e-07
 Reference value :  4.89946e-07
 Reference value :  4.90526e-07
 Reference value :  4.91146e-07
 Reference value :  4.91706e-07
 Reference value :  4.92226e-07
 Reference value :  4.92766e-07
 Reference value :  4.93306e-07
 Reference value :  4.93846e-07
 Reference value :  4.94446e-07
 Reference value :  4.95026e-07
 Reference value :  4.95606e-07
 Reference value :  4.96126e-07
 Reference value :  4.96646e-07
 Reference value :  4.97146e-07
 Reference value :  4.97666e-07
 Reference value :  4.98226e-07
 Reference value :  4.98826e-07
 Reference value :  4.99426e-07
 Reference value :  5.00026e-07
 Reference value :  5.00626e-07
 Reference value :  5.01246e-07
 Reference value :  5.01846e-07
 Reference value :  5.02446e-07
 Reference value :  5.03046e-07
 Reference value :  5.03646e-07
 Reference value :  5.04246e-07
 Reference value :  5.04846e-07
 Reference value :  5.05446e-07
 Reference value :  5.06066e-07
 Reference value :  5.06566e-07
 Reference value :  5.07186e-07
 Reference value :  5.07806e-07
 Reference value :  5.08426e-07
 Reference value :  5.09026e-07
 Reference value :  5.09626e-07
 Reference value :  5.10246e-07
 Reference value :  5.10806e-07
 Reference value :  5.11406e-07
 Reference value :  5.12006e-07
 Reference value :  5.12586e-07
 Reference value :  5.13186e-07
 Reference value :  5.13746e-07
 Reference value :  5.14306e-07
 Reference value :  5.14886e-07
 Reference value :  5.15446e-07
 Reference value :  5.16006e-07
 Reference value :  5.16526e-07
 Reference value :  5.17086e-07
 Reference value :  5.17686e-07
 Reference value :  5.18246e-07
 Reference value :  5.18846e-07
 Reference value :  5.19386e-07
 Reference value :  5.19966e-07
 Reference value :  5.20506e-07
 Reference value :  5.21046e-07
 Reference value :  5.21586e-07
 Reference value :  5.22146e-07
 Reference value :  5.22706e-07
 Reference value :  5.23266e-07
 Reference value :  5.23826e-07
 Reference value :  5.24406e-07
 Reference value :  5.24966e-07
 Reference value :  5.25506e-07
 Reference value :  5.26086e-07
 Reference value :  5.26626e-07
 Reference value :  5.27186e-07
 Reference value :  5.27746e-07
 Reference value :  5.28286e-07
 Reference value :  5.28846e-07
 Reference value :  5.29406e-07
 Reference value :  5.29966e-07
 Reference value :  5.30526e-07
 Reference value :  5.31086e-07
 Reference value :  5.31666e-07
 Reference value :  5.32226e-07
 Reference value :  5.32766e-07
 Reference value :  5.33326e-07
 Reference value :  5.33886e-07
 Reference value :  5.34426e-07
 Reference value :  5.34986e-07
 Reference value :  5.35566e-07
 Reference value :  5.36126e-07
 Reference value :  5.36666e-07
 Reference value :  5.37226e-07
 Reference value :  5.37786e-07
 Reference value :  5.38346e-07
 Reference value :  5.38886e-07
 Reference value :  5.39406e-07
 Reference value :  5.39986e-07
 Reference value :  5.40566e-07
 Reference value :  5.41126e-07
 Reference value :  5.41726e-07
 Reference value :  5.42306e-07
 Reference value :  5.42906e-07
 Reference value :  5.43446e-07
 Reference value :  5.43946e-07
 Reference value :  5.44506e-07
 Reference value :  5.45066e-07
 Reference value :  5.45646e-07
 Reference value :  5.46206e-07
 Reference value :  5.46806e-07
 Reference value :  5.47446e-07
 Reference value :  5.48006e-07
 Reference value :  5.48566e-07
 Reference value :  5.49106e-07
 Reference value :  5.49726e-07
 Reference value :  5.50346e-07
 Reference value :  5.50966e-07
 Reference value :  5.51566e-07
 Reference value :  5.52046e-07
 Reference value :  5.52666e-07
 Reference value :  5.53226e-07
 Reference value :  5.53826e-07
 Reference value :  5.54486e-07
 Reference value :  5.55106e-07
 Reference value :  5.55646e-07
 Reference value :  5.56186e-07
 Reference value :  5.56786e-07
 Reference value :  5.57386e-07
 Reference value :  5.57966e-07
 Reference value :  5.58506e-07
 Reference value :  5.59106e-07
 Reference value :  5.59686e-07
 Reference value :  5.60266e-07
 Reference value :  5.60786e-07
 Reference value :  5.61406e-07
 Reference value :  5.62026e-07
 Reference value :  5.62626e-07
 Reference value :  5.63186e-07
 Reference value :  5.63726e-07
 Reference value :  5.64326e-07
 Reference value :  5.64846e-07
 Reference value :  5.65406e-07
 Reference value :  5.65946e-07
 Reference value :  5.66546e-07
 Reference value :  5.67166e-07
 Reference value :  5.67766e-07
 Reference value :  5.68326e-07
 Reference value :  5.68906e-07
 Reference value :  5.69466e-07
 Reference value :  5.70046e-07
 Reference value :  5.70646e-07
 Reference value :  5.71286e-07
 Reference value :  5.71926e-07
 Reference value :  5.72546e-07
 Reference value :  5.73126e-07
 Reference value :  5.73746e-07
 Reference value :  5.74286e-07
 Reference value :  5.74846e-07
 Reference value :  5.75406e-07
 Reference value :  5.75946e-07
 Reference value :  5.76546e-07
 Reference value :  5.77166e-07
 Reference value :  5.77726e-07
 Reference value :  5.78346e-07
 Reference value :  5.78966e-07
 Reference value :  5.79586e-07
 Reference value :  5.80186e-07
 Reference value :  5.80826e-07
 Reference value :  5.81406e-07
 Reference value :  5.81946e-07
 Reference value :  5.82486e-07
 Reference value :  5.83046e-07
 Reference value :  5.83566e-07
 Reference value :  5.84066e-07
 Reference value :  5.84666e-07
 Reference value :  5.85246e-07
 Reference value :  5.85846e-07
 Reference value :  5.86466e-07
 Reference value :  5.87046e-07
 Reference value :  5.87646e-07
 Reference value :  5.88266e-07
 Reference value :  5.88886e-07
 Reference value :  5.89506e-07
 Reference value :  5.90066e-07
 Reference value :  5.90646e-07
 Reference value :  5.91246e-07
 Reference value :  5.91766e-07
 Reference value :  5.92366e-07
 Reference value :  5.92966e-07
 Reference value :  5.93566e-07
 Reference value :  5.94166e-07
 Reference value :  5.94766e-07
 Reference value :  5.95386e-07
 Reference value :  5.95946e-07
 Reference value :  5.96546e-07
 Reference value :  5.97146e-07
 Reference value :  5.97746e-07
 Reference value :  5.98366e-07
 Reference value :  5.98986e-07
 Reference value :  5.99586e-07
 Reference value :  6.00206e-07
 Reference value :  6.00786e-07
 Reference value :  6.01306e-07
 Reference value :  6.01786e-07
 Reference value :  6.02346e-07
 Reference value :  6.02926e-07
 Reference value :  6.03546e-07
 Reference value :  6.04166e-07
 Reference value :  6.04726e-07
 Reference value :  6.05346e-07
 Reference value :  6.05966e-07
 Reference value :  6.06586e-07
 Reference value :  6.07126e-07
 Reference value :  6.07706e-07
 Reference value :  6.08306e-07
 Reference value :  6.08846e-07
 Reference value :  6.09326e-07
 Reference value :  6.09946e-07
 Reference value :  6.10506e-07
 Reference value :  6.11046e-07
 Reference value :  6.11646e-07
 Reference value :  6.12246e-07
 Reference value :  6.12786e-07
 Reference value :  6.13366e-07
 Reference value :  6.13986e-07
 Reference value :  6.14546e-07
 Reference value :  6.15166e-07
 Reference value :  6.15766e-07
 Reference value :  6.16326e-07
 Reference value :  6.16926e-07
 Reference value :  6.17406e-07
 Reference value :  6.17966e-07
 Reference value :  6.18526e-07
 Reference value :  6.19066e-07
 Reference value :  6.19586e-07
 Reference value :  6.20106e-07
 Reference value :  6.20626e-07
 Reference value :  6.21146e-07
 Reference value :  6.21706e-07
 Reference value :  6.22286e-07
 Reference value :  6.22906e-07
 Reference value :  6.23526e-07
 Reference value :  6.24106e-07
 Reference value :  6.24706e-07
 Reference value :  6.25326e-07
 Reference value :  6.25906e-07
 Reference value :  6.26526e-07
 Reference value :  6.27146e-07
 Reference value :  6.27746e-07
 Reference value :  6.28286e-07
 Reference value :  6.28806e-07
 Reference value :  6.29366e-07
 Reference value :  6.29986e-07
 Reference value :  6.30606e-07
 Reference value :  6.31046e-07
 Reference value :  6.31566e-07
 Reference value :  6.32126e-07
 Reference value :  6.32746e-07
 Reference value :  6.33266e-07
 Reference value :  6.33886e-07
 Reference value :  6.34506e-07
 Reference value :  6.35126e-07
 Reference value :  6.35706e-07
 Reference value :  6.36306e-07
 Reference value :  6.36886e-07
 Reference value :  6.37406e-07
 Reference value :  6.37926e-07
 Reference value :  6.38446e-07
 Reference value :  6.38966e-07
 Reference value :  6.39486e-07
 Reference value :  6.40046e-07
 Reference value :  6.40626e-07
 Reference value :  6.41146e-07
 Reference value :  6.41666e-07
 Reference value :  6.42206e-07
 Reference value :  6.42786e-07
 Reference value :  6.43406e-07
 Reference value :  6.44006e-07
 Reference value :  6.44586e-07
 Reference value :  6.45126e-07
 Reference value :  6.45666e-07
 Reference value :  6.46206e-07
 Reference value :  6.46826e-07
 Reference value :  6.47446e-07
 Reference value :  6.48066e-07
 Reference value :  6.48666e-07
 Reference value :  6.49286e-07
 Reference value :  6.49906e-07
 Reference value :  6.50526e-07
 Reference value :  6.51126e-07
 Reference value :  6.51746e-07
 Reference value :  6.52366e-07
 Reference value :  6.52966e-07
 Reference value :  6.53486e-07
 Reference value :  6.54086e-07
 Reference value :  6.54666e-07
 Reference value :  6.55286e-07
 Reference value :  6.55906e-07
 Reference value :  6.56406e-07
 Reference value :  6.56946e-07
 Reference value :  6.57426e-07
 Reference value :  6.58066e-07
 Reference value :  6.58686e-07
 Reference value :  6.59326e-07
 Reference value :  6.59946e-07
 Reference value :  6.60546e-07
 Reference value :  6.61106e-07
 Reference value :  6.61626e-07
 Reference value :  6.62166e-07
 Reference value :  6.62686e-07
 Reference value :  6.63286e-07
 Reference value :  6.63906e-07
 Reference value :  6.64526e-07
 Reference value :  6.65126e-07
 Reference value :  6.65746e-07
 Reference value :  6.66326e-07
 Reference value :  6.66846e-07
 Reference value :  6.67446e-07
 Reference value :  6.67946e-07
 Reference value :  6.68566e-07
 Reference value :  6.69186e-07
 Reference value :  6.69806e-07
 Reference value :  6.70426e-07
 Reference value :  6.71046e-07
 Reference value :  6.71666e-07
 Reference value :  6.72286e-07
 Reference value :  6.72906e-07
 Reference value :  6.73446e-07
 Reference value :  6.74006e-07
 Reference value :  6.74626e-07
 Reference value :  6.75206e-07
 Reference value :  6.75726e-07
 Reference value :  6.76246e-07
 Reference value :  6.76806e-07
 Reference value :  6.77386e-07
 Reference value :  6.78006e-07
 Reference value :  6.78546e-07
 Reference value :  6.79066e-07
 Reference value :  6.79586e-07
 Reference value :  6.80166e-07
 Reference value :  6.80806e-07
 Reference value :  6.81366e-07
 Reference value :  6.81906e-07
 Reference value :  6.82506e-07
 Reference value :  6.83066e-07
 Reference value :  6.83626e-07
 Reference value :  6.84166e-07
 Reference value :  6.84686e-07
 Reference value :  6.85286e-07
 Reference value :  6.85826e-07
 Reference value :  6.86426e-07
 Reference value :  6.86946e-07
 Reference value :  6.87506e-07
 Reference value :  6.88046e-07
 Reference value :  6.88546e-07
 Reference value :  6.89146e-07
 Reference value :  6.89746e-07
 Reference value :  6.90366e-07
 Reference value :  6.90966e-07
 Reference value :  6.91506e-07
 Reference value :  6.92106e-07
 Reference value :  6.92726e-07
 Reference value :  6.93226e-07
 Reference value :  6.93846e-07
 Reference value :  6.94406e-07
 Reference value :  6.95066e-07
 Reference value :  6.95666e-07
 Reference value :  6.96226e-07
 Reference value :  6.96766e-07
 Reference value :  6.97366e-07
 Reference value :  6.97966e-07
 Reference value :  6.98586e-07
 Reference value :  6.99206e-07
 Reference value :  6.99766e-07
 Reference value :  7.00286e-07
 Reference value :  7.00806e-07
 Reference value :  7.01326e-07
 Reference value :  7.01926e-07
 Reference value :  7.02526e-07
 Reference value :  7.03066e-07
 Reference value :  7.03566e-07
 Reference value :  7.04106e-07
 Reference value :  7.04706e-07
 Reference value :  7.05326e-07
 Reference value :  7.05866e-07
 Reference value :  7.06466e-07
 Reference value :  7.07046e-07
 Reference value :  7.07566e-07
 Reference value :  7.08186e-07
 Reference value :  7.08806e-07
 Reference value :  7.09346e-07
 Reference value :  7.09926e-07
 Reference value :  7.10526e-07
 Reference value :  7.11126e-07
 Reference value :  7.11746e-07
 Reference value :  7.12306e-07
 Reference value :  7.12866e-07
 Reference value :  7.13446e-07
 Reference value :  7.14066e-07
 Reference value :  7.14646e-07
 Reference value :  7.15246e-07
 Reference value :  7.15866e-07
 Reference value :  7.16406e-07
 Reference value :  7.16986e-07
 Reference value :  7.17606e-07
 Reference value :  7.18166e-07
 Reference value :  7.18766e-07
 Reference value :  7.19386e-07
 Reference value :  7.19966e-07
 Reference value :  7.20386e-07
 Reference value :  7.20986e-07
 Reference value :  7.21586e-07
 Reference value :  7.22166e-07
 Reference value :  7.22766e-07
 Reference value :  7.23326e-07
 Reference value :  7.23886e-07
 Reference value :  7.24486e-07
 Reference value :  7.25046e-07
 Reference value :  7.25646e-07
 Reference value :  7.26166e-07
 Reference value :  7.26706e-07
 Reference value :  7.27206e-07
 Reference value :  7.27806e-07
 Reference value :  7.28346e-07
 Reference value :  7.28886e-07
 Reference value :  7.29506e-07
 Reference value :  7.30166e-07
 Reference value :  7.30746e-07
 Reference value :  7.31346e-07
 Reference value :  7.31966e-07
 Reference value :  7.32546e-07
 Reference value :  7.33166e-07
 Reference value :  7.33766e-07
 Reference value :  7.34346e-07
 Reference value :  7.34926e-07
 Reference value :  7.35526e-07
 Reference value :  7.36046e-07
 Reference value :  7.36586e-07
 Reference value :  7.37206e-07
 Reference value :  7.37726e-07
 Reference value :  7.38266e-07
 Reference value :  7.38806e-07
 Reference value :  7.39286e-07
 Reference value :  7.39786e-07
 Reference value :  7.40366e-07
 Reference value :  7.40966e-07
 Reference value :  7.41586e-07
 Reference value :  7.42166e-07
 Reference value :  7.42786e-07
 Reference value :  7.43366e-07
 Reference value :  7.43946e-07
 Reference value :  7.44466e-07
 Reference value :  7.45086e-07
 Reference value :  7.45646e-07
 Reference value :  7.46266e-07
 Reference value :  7.46906e-07
 Reference value :  7.47506e-07
 Reference value :  7.48046e-07
 Reference value :  7.48546e-07
 Reference value :  7.49106e-07
 Reference value :  7.49646e-07
 Reference value :  7.50106e-07
 Reference value :  7.50726e-07
 Reference value :  7.51266e-07
 Reference value :  7.51846e-07
 Reference value :  7.52426e-07
 Reference value :  7.52986e-07
 Reference value :  7.53586e-07
 Reference value :  7.54106e-07
 Reference value :  7.54686e-07
 Reference value :  7.55206e-07
 Reference value :  7.55726e-07
 Reference value :  7.56226e-07
 Reference value :  7.56826e-07
 Reference value :  7.57366e-07
 Reference value :  7.57886e-07
 Reference value :  7.58486e-07
 Reference value :  7.59066e-07
 Reference value :  7.59646e-07
 Reference value :  7.60266e-07
 Reference value :  7.60846e-07
 Reference value :  7.61386e-07
 Reference value :  7.61946e-07
 Reference value :  7.62526e-07
 Reference value :  7.63146e-07
 Reference value :  7.63766e-07
 Reference value :  7.64346e-07
 Reference value :  7.64966e-07
 Reference value :  7.65646e-07
 Reference value :  7.66246e-07
 Reference value :  7.66766e-07
 Reference value :  7.67286e-07
 Reference value :  7.67826e-07
 Reference value :  7.68406e-07
 Reference value :  7.68986e-07
 Reference value :  7.69506e-07
 Reference value :  7.70026e-07
 Reference value :  7.70586e-07
 Reference value :  7.71086e-07
 Reference value :  7.71626e-07
 Reference value :  7.72206e-07
 Reference value :  7.72826e-07
 Reference value :  7.73426e-07
 Reference value :  7.73986e-07
 Reference value :  7.74526e-07
 Reference value :  7.75146e-07
 Reference value :  7.75726e-07
 Reference value :  7.76286e-07
 Reference value :  7.76866e-07
 Reference value :  7.77466e-07
 Reference value :  7.78046e-07
 Reference value :  7.78626e-07
 Reference value :  7.79226e-07
 Reference value :  7.79826e-07
 Reference value :  7.80446e-07
 Reference value :  7.81026e-07
 Reference value :  7.81626e-07
 Reference value :  7.82226e-07
 Reference value :  7.82806e-07
 Reference value :  7.83326e-07
 Reference value :  7.83906e-07
 Reference value :  7.84506e-07
 Reference value :  7.85086e-07
 Reference value :  7.85646e-07
 Reference value :  7.86246e-07
 Reference value :  7.86826e-07
 Reference value :  7.87366e-07
 Reference value :  7.87906e-07
 Reference value :  7.88466e-07
 Reference value :  7.89046e-07
 Reference value :  7.89626e-07
 Reference value :  7.90226e-07
 Reference value :  7.90846e-07
 Reference value :  7.91466e-07
 Reference value :  7.92066e-07
 Reference value :  7.92646e-07
 Reference value :  7.93266e-07
 Reference value :  7.93866e-07
 Reference value :  7.94506e-07
 Reference value :  7.95146e-07
 Reference value :  7.95666e-07
 Reference value :  7.96186e-07
 Reference value :  7.96706e-07
 Reference value :  7.97286e-07
 Reference value :  7.97866e-07
 Reference value :  7.98486e-07
 Reference value :  7.99086e-07
 Reference value :  7.99646e-07
 Reference value :  8.00186e-07
 Reference value :  8.00826e-07
 Reference value :  8.01406e-07
 Reference value :  8.01986e-07
 Reference value :  8.02586e-07
 Reference value :  8.03186e-07
 Reference value :  8.03766e-07
 Reference value :  8.04366e-07
 Reference value :  8.04966e-07
 Reference value :  8.05566e-07
 Reference value :  8.06166e-07
 Reference value :  8.06766e-07
 Reference value :  8.07286e-07
 Reference value :  8.07866e-07
 Reference value :  8.08426e-07
 Reference value :  8.09006e-07
 Reference value :  8.09526e-07
 Reference value :  8.10146e-07
 Reference value :  8.10746e-07
 Reference value :  8.11366e-07
 Reference value :  8.11926e-07
 Reference value :  8.12546e-07
 Reference value :  8.13146e-07
 Reference value :  8.13726e-07
 Reference value :  8.14326e-07
 Reference value :  8.14906e-07
 Reference value :  8.15506e-07
 Reference value :  8.16126e-07
 Reference value :  8.16726e-07
 Reference value :  8.17326e-07
 Reference value :  8.17946e-07
 Reference value :  8.18566e-07
 Reference value :  8.19126e-07
 Reference value :  8.19746e-07
 Reference value :  8.20266e-07
 Reference value :  8.20866e-07
 Reference value :  8.21466e-07
 Reference value :  8.22086e-07
 Reference value :  8.22626e-07
 Reference value :  8.23126e-07
 Reference value :  8.23726e-07
 Reference value :  8.24346e-07
 Reference value :  8.24886e-07
 Reference value :  8.25446e-07
 Reference value :  8.25986e-07
 Reference value :  8.26526e-07
 Reference value :  8.27046e-07
 Reference value :  8.27646e-07
 Reference value :  8.28206e-07
 Reference value :  8.28826e-07
 Reference value :  8.29346e-07
 Reference value :  8.29926e-07
 Reference value :  8.30446e-07
 Reference value :  8.31046e-07
 Reference value :  8.31626e-07
 Reference value :  8.32226e-07
 Reference value :  8.32786e-07
 Reference value :  8.33406e-07
 Reference value :  8.34006e-07
 Reference value :  8.34586e-07
 Reference value :  8.35186e-07
 Reference value :  8.35766e-07
 Reference value :  8.36326e-07
 Reference value :  8.36926e-07
 Reference value :  8.37526e-07
 Reference value :  8.38066e-07
 Reference value :  8.38586e-07
 Reference value :  8.39126e-07
 Reference value :  8.39746e-07
 Reference value :  8.40386e-07
 Reference value :  8.40926e-07
 Reference value :  8.41526e-07
 Reference value :  8.42126e-07
 Reference value :  8.42706e-07
 Reference value :  8.43286e-07
 Reference value :  8.43866e-07
 Reference value :  8.44406e-07
 Reference value :  8.44986e-07
 Reference value :  8.45586e-07
 Reference value :  8.46206e-07
 Reference value :  8.46806e-07
 Reference value :  8.47366e-07
 Reference value :  8.47986e-07
 Reference value :  8.48546e-07
 Reference value :  8.49066e-07
 Reference value :  8.49606e-07
 Reference value :  8.50106e-07
 Reference value :  8.50686e-07
 Reference value :  8.51286e-07
 Reference value :  8.51886e-07
 Reference value :  8.52386e-07
 Reference value :  8.52966e-07
 Reference value :  8.53546e-07
 Reference value :  8.54126e-07
 Reference value :  8.54646e-07
 Reference value :  8.55186e-07
 Reference value :  8.55766e-07
 Reference value :  8.56386e-07
 Reference value :  8.57006e-07
 Reference value :  8.57606e-07
 Reference value :  8.58166e-07
 Reference value :  8.58786e-07
 Reference value :  8.59366e-07
 Reference value :  8.59926e-07
 Reference value :  8.60506e-07
 Reference value :  8.61106e-07
 Reference value :  8.61726e-07
 Reference value :  8.62286e-07
 Reference value :  8.62866e-07
 Reference value :  8.63426e-07
 Reference value :  8.64026e-07
 Reference value :  8.64626e-07
 Reference value :  8.65226e-07
 Reference value :  8.65846e-07
 Reference value :  8.66446e-07
 Reference value :  8.67046e-07
 Reference value :  8.67666e-07
 Reference value :  8.68206e-07
 Reference value :  8.68746e-07
 Reference value :  8.69366e-07
 Reference value :  8.69986e-07
 Reference value :  8.70586e-07
 Reference value :  8.71206e-07
 Reference value :  8.71786e-07
 Reference value :  8.72366e-07
 Reference value :  8.72966e-07
 Reference value :  8.73566e-07
 Reference value :  8.74126e-07
 Reference value :  8.74726e-07
 Reference value :  8.75346e-07
 Reference value :  8.75846e-07
 Reference value :  8.76326e-07
 Reference value :  8.76926e-07
 Reference value :  8.77486e-07
 Reference value :  8.78046e-07
 Reference value :  8.78586e-07
 Reference value :  8.79106e-07
 Reference value :  8.79626e-07
 Reference value :  8.80226e-07
 Reference value :  8.80846e-07
 Reference value :  8.81426e-07
 Reference value :  8.82006e-07
 Reference value :  8.82526e-07
 Reference value :  8.83046e-07
 Reference value :  8.83606e-07
 Reference value :  8.84166e-07
 Reference value :  8.84646e-07
 Reference value :  8.85226e-07
 Reference value :  8.85806e-07
 Reference value :  8.86426e-07
 Reference value :  8.87006e-07
 Reference value :  8.87606e-07
 Reference value :  8.88226e-07
 Reference value :  8.88786e-07
 Reference value :  8.89326e-07
 Reference value :  8.89866e-07
 Reference value :  8.90426e-07
 Reference value :  8.90986e-07
 Reference value :  8.91586e-07
 Reference value :  8.92206e-07
 Reference value :  8.92826e-07
 Reference value :  8.93466e-07
 Reference value :  8.94006e-07
 Reference value :  8.94586e-07
 Reference value :  8.95186e-07
 Reference value :  8.95806e-07
 Reference value :  8.96446e-07
 Reference value :  8.97066e-07
 Reference value :  8.97686e-07
 Reference value :  8.98166e-07
 Reference value :  8.98686e-07
 Reference value :  8.99246e-07
 Reference value :  8.99846e-07
 Reference value :  9.00466e-07
 Reference value :  9.01086e-07
 Reference value :  9.01666e-07
 Reference value :  9.02246e-07
 Reference value :  9.02846e-07
 Reference value :  9.03466e-07
 Reference value :  9.04066e-07
 Reference value :  9.04626e-07
 Reference value :  9.05226e-07
 Reference value :  9.05826e-07
 Reference value :  9.06486e-07
 Reference value :  9.07026e-07
 Reference value :  9.07626e-07
 Reference value :  9.08206e-07
 Reference value :  9.08786e-07
 Reference value :  9.09366e-07
 Reference value :  9.09986e-07
 Reference value :  9.10626e-07
 Reference value :  9.11186e-07
 Reference value :  9.11726e-07
 Reference value :  9.12306e-07
 Reference value :  9.12906e-07
 Reference value :  9.13466e-07
 Reference value :  9.13986e-07
 Reference value :  9.14506e-07
 Reference value :  9.15106e-07
 Reference value :  9.15706e-07
 Reference value :  9.16246e-07
 Reference value :  9.16826e-07
 Reference value :  9.17406e-07
 Reference value :  9.17946e-07
 Reference value :  9.18486e-07
 Reference value :  9.19026e-07
 Reference value :  9.19646e-07
 Reference value :  9.20266e-07
 Reference value :  9.20846e-07
 Reference value :  9.21406e-07
 Reference value :  9.21966e-07
 Reference value :  9.22566e-07
 Reference value :  9.23166e-07
 Reference value :  9.23706e-07
 Reference value :  9.24286e-07
 Reference value :  9.24846e-07
 Reference value :  9.25386e-07
 Reference value :  9.25906e-07
 Reference value :  9.26466e-07
 Reference value :  9.27066e-07
 Reference value :  9.27626e-07
 Reference value :  9.28226e-07
 Reference value :  9.28826e-07
 Reference value :  9.29426e-07
 Reference value :  9.30026e-07
 Reference value :  9.30606e-07
 Reference value :  9.31226e-07
 Reference value :  9.31826e-07
 Reference value :  9.32426e-07
 Reference value :  9.33006e-07
 Reference value :  9.33626e-07
 Reference value :  9.34226e-07
 Reference value :  9.34826e-07
 Reference value :  9.35426e-07
 Reference value :  9.35986e-07
 Reference value :  9.36606e-07
 Reference value :  9.37246e-07
 Reference value :  9.37786e-07
 Reference value :  9.38346e-07
 Reference value :  9.38926e-07
 Reference value :  9.39486e-07
 Reference value :  9.40086e-07
 Reference value :  9.40606e-07
 Reference value :  9.41126e-07
 Reference value :  9.41706e-07
 Reference value :  9.42246e-07
 Reference value :  9.42826e-07
 Reference value :  9.43406e-07
 Reference value :  9.43946e-07
 Reference value :  9.44506e-07
 Reference value :  9.45066e-07
 Reference value :  9.45606e-07
 Reference value :  9.46206e-07
 Reference value :  9.46726e-07
 Reference value :  9.47286e-07
 Reference value :  9.47846e-07
 Reference value :  9.48386e-07
 Reference value :  9.48966e-07
 Reference value :  9.49566e-07
 Reference value :  9.50086e-07
 Reference value :  9.50646e-07
 Reference value :  9.51226e-07
 Reference value :  9.51786e-07
 Reference value :  9.52386e-07
 Reference value :  9.53006e-07
 Reference value :  9.53606e-07
 Reference value :  9.54126e-07
 Reference value :  9.54706e-07
 Reference value :  9.55326e-07
 Reference value :  9.55926e-07
 Reference value :  9.56546e-07
 Reference value :  9.57106e-07
 Reference value :  9.57686e-07
 Reference value :  9.58226e-07
 Reference value :  9.58806e-07
 Reference value :  9.59426e-07
 Reference value :  9.60026e-07
 Reference value :  9.60606e-07
 Reference value :  9.61166e-07
 Reference value :  9.61766e-07
 Reference value :  9.62386e-07
 Reference value :  9.63006e-07
 Reference value :  9.63606e-07
 Reference value :  9.64206e-07
 Reference value :  9.64766e-07
 Reference value :  9.65266e-07
 Reference value :  9.65786e-07
 Reference value :  9.66306e-07
 Reference value :  9.66866e-07
 Reference value :  9.67446e-07
 Reference value :  9.68026e-07
 Reference value :  9.68546e-07
 Reference value :  9.69086e-07
 Reference value :  9.69626e-07
 Reference value :  9.70166e-07
 Reference value :  9.70666e-07
 Reference value :  9.71286e-07
 Reference value :  9.71906e-07
 Reference value :  9.72426e-07
 Reference value :  9.72986e-07
 Reference value :  9.73566e-07
 Reference value :  9.74186e-07
 Reference value :  9.74706e-07
 Reference value :  9.75286e-07
 Reference value :  9.75886e-07
 Reference value :  9.76546e-07
 Reference value :  9.77166e-07
 Reference value :  9.77786e-07
 Reference value :  9.78386e-07
 Reference value :  9.78906e-07
 Reference value :  9.79486e-07
 Reference value :  9.80066e-07
 Reference value :  9.80626e-07
 Reference value :  9.81226e-07
 Reference value :  9.81846e-07
 Reference value :  9.82446e-07
 Reference value :  9.83046e-07
 Reference value :  9.83626e-07
 Reference value :  9.84186e-07
 Reference value :  9.84766e-07
 Reference value :  9.85346e-07
 Reference value :  9.85946e-07
 Reference value :  9.86566e-07
 Reference value :  9.87166e-07
 Reference value :  9.87766e-07
 Reference value :  9.88386e-07
 Reference value :  9.89006e-07
 Reference value :  9.89566e-07
 Reference value :  9.90166e-07
 Reference value :  9.90726e-07
 Reference value :  9.91346e-07
 Reference value :  9.91926e-07
 Reference value :  9.92506e-07
 Reference value :  9.93066e-07
 Reference value :  9.93626e-07
 Reference value :  9.94186e-07
 Reference value :  9.94746e-07
 Reference value :  9.95306e-07
 Reference value :  9.95926e-07
 Reference value :  9.96426e-07
 Reference value :  9.96946e-07
 Reference value :  9.97486e-07
 Reference value :  9.98086e-07
 Reference value :  9.98626e-07
 Reference value :  9.99246e-07
 Reference value :  9.99806e-07
 Reference value :  1.00031e-06
 Reference value :  1.00081e-06
 Reference value :  1.00135e-06
 Reference value :  1.00187e-06
 Reference value :  1.00245e-06
 Reference value :  1.00301e-06
 Reference value :  1.00359e-06
 Reference value :  1.00413e-06
 Reference value :  1.00475e-06
 Reference value :  1.00533e-06
 Reference value :  1.00593e-06
 Reference value :  1.00645e-06
 Reference value :  1.00707e-06
 Reference value :  1.00761e-06
 Reference value :  1.00811e-06
 Reference value :  1.00861e-06
 Reference value :  1.00917e-06
 Reference value :  1.00979e-06
 Reference value :  1.01035e-06
 Reference value :  1.01085e-06
 Reference value :  1.01137e-06
 Reference value :  1.01203e-06
 Reference value :  1.01261e-06
 Reference value :  1.01321e-06
 Reference value :  1.01381e-06
 Reference value :  1.01441e-06
 Reference value :  1.01491e-06
 Reference value :  1.01547e-06
 Reference value :  1.01605e-06
 Reference value :  1.01667e-06
 Reference value :  1.01729e-06
 Reference value :  1.01789e-06
 Reference value :  1.01827e-06
 Reference value :  1.01885e-06
 Reference value :  1.01939e-06
 Reference value :  1.01995e-06
 Reference value :  1.02053e-06
 Reference value :  1.02111e-06
 Reference value :  1.02173e-06
 Reference value :  1.02225e-06
 Reference value :  1.02269e-06
 Reference value :  1.02321e-06
 Reference value :  1.02381e-06
 Reference value :  1.02441e-06
 Reference value :  1.02497e-06
 Reference value :  1.02553e-06
 Reference value :  1.02611e-06
 Reference value :  1.02673e-06
 Reference value :  1.02731e-06
 Reference value :  1.02791e-06
 Reference value :  1.02849e-06
 Reference value :  1.02909e-06
 Reference value :  1.02967e-06
 Reference value :  1.03027e-06
 Reference value :  1.03087e-06
 Reference value :  1.03145e-06
 Reference value :  1.03189e-06
 Reference value :  1.03243e-06
 Reference value :  1.03303e-06
 Reference value :  1.03365e-06
 Reference value :  1.03423e-06
 Reference value :  1.03481e-06
 Reference value :  1.03537e-06
 Reference value :  1.03593e-06
 Reference value :  1.03649e-06
 Reference value :  1.03703e-06
 Reference value :  1.03761e-06
 Reference value :  1.03815e-06
 Reference value :  1.03871e-06
 Reference value :  1.03931e-06
 Reference value :  1.03991e-06
 Reference value :  1.04047e-06
 Reference value :  1.04103e-06
 Reference value :  1.04163e-06
 Reference value :  1.04221e-06
 Reference value :  1.04269e-06
 Reference value :  1.04325e-06
 Reference value :  1.04385e-06
 Reference value :  1.04445e-06
 Reference value :  1.04507e-06
 Reference value :  1.04569e-06
 Reference value :  1.04625e-06
 Reference value :  1.04677e-06
 Reference value :  1.04739e-06
 Reference value :  1.04797e-06
 Reference value :  1.04853e-06
 Reference value :  1.04911e-06
 Reference value :  1.04969e-06
 Reference value :  1.05021e-06
 Reference value :  1.05071e-06
 Reference value :  1.05123e-06
 Reference value :  1.05181e-06
 Reference value :  1.05231e-06
 Reference value :  1.05289e-06
 Reference value :  1.05345e-06
 Reference value :  1.05401e-06
 Reference value :  1.05459e-06
 Reference value :  1.05519e-06
 Reference value :  1.05575e-06
 Reference value :  1.05629e-06
 Reference value :  1.05685e-06
 Reference value :  1.05741e-06
 Reference value :  1.05799e-06
 Reference value :  1.05859e-06
 Reference value :  1.05911e-06
 Reference value :  1.05963e-06
 Reference value :  1.06021e-06
 Reference value :  1.06077e-06
 Reference value :  1.06137e-06
 Reference value :  1.06193e-06
 Reference value :  1.06249e-06
 Reference value :  1.06307e-06
 Reference value :  1.06369e-06
 Reference value :  1.06431e-06
 Reference value :  1.06485e-06
 Reference value :  1.06537e-06
 Reference value :  1.06591e-06
 Reference value :  1.06651e-06
 Reference value :  1.06709e-06
 Reference value :  1.06767e-06
 Reference value :  1.06829e-06
 Reference value :  1.06889e-06
 Reference value :  1.06953e-06
 Reference value :  1.07011e-06
 Reference value :  1.07065e-06
 Reference value :  1.07113e-06
 Reference value :  1.07177e-06
 Reference value :  1.07235e-06
 Reference value :  1.07293e-06
 Reference value :  1.07353e-06
 Reference value :  1.07413e-06
 Reference value :  1.07471e-06
 Reference value :  1.07523e-06
 Reference value :  1.07577e-06
 Reference value :  1.07637e-06
 Reference value :  1.07693e-06
 Reference value :  1.07749e-06
 Reference value :  1.07801e-06
 Reference value :  1.07859e-06
 Reference value :  1.07919e-06
 Reference value :  1.07975e-06
 Reference value :  1.08035e-06
 Reference value :  1.08091e-06
 Reference value :  1.08145e-06
 Reference value :  1.08197e-06
 Reference value :  1.08255e-06
 Reference value :  1.08307e-06
 Reference value :  1.08361e-06
 Reference value :  1.08413e-06
 Reference value :  1.08465e-06
 Reference value :  1.08517e-06
 Reference value :  1.08577e-06
 Reference value :  1.08631e-06
 Reference value :  1.08685e-06
 Reference value :  1.08737e-06
 Reference value :  1.08789e-06
 Reference value :  1.08841e-06
 Reference value :  1.08895e-06
 Reference value :  1.08949e-06
 Reference value :  1.09001e-06
 Reference value :  1.09055e-06
 Reference value :  1.09107e-06
 Reference value :  1.09161e-06
 Reference value :  1.09217e-06
 Reference value :  1.09273e-06
 Reference value :  1.09329e-06
 Reference value :  1.09383e-06
 Reference value :  1.09439e-06
 Reference value :  1.09493e-06
 Reference value :  1.09547e-06
 Reference value :  1.09601e-06
 Reference value :  1.09657e-06
 Reference value :  1.09711e-06
 Reference value :  1.09763e-06
 Reference value :  1.09815e-06
 Reference value :  1.09869e-06
 Reference value :  1.09921e-06
 Reference value :  1.09975e-06
 Reference value :  1.10029e-06
 Reference value :  1.10083e-06
 Reference value :  1.10135e-06
 Reference value :  1.10187e-06
 Reference value :  1.10237e-06
 Reference value :  1.10289e-06
 Reference value :  1.10341e-06
 Reference value :  1.10393e-06
 Reference value :  1.10445e-06
 Reference value :  1.10497e-06
 Reference value :  1.10549e-06
 Reference value :  1.10601e-06
 Reference value :  1.10653e-06
 Reference value :  1.10707e-06
 Reference value :  1.10759e-06
 Reference value :  1.10811e-06
 Reference value :  1.10863e-06
 Reference value :  1.10915e-06
 Reference value :  1.10969e-06
 Reference value :  1.11021e-06
 Reference value :  1.11073e-06
 Reference value :  1.11127e-06
 Reference value :  1.11179e-06
 Reference value :  1.11233e-06
 Reference value :  1.11285e-06
 Reference value :  1.11337e-06
 Reference value :  1.11389e-06
 Reference value :  1.11443e-06
 Reference value :  1.11497e-06
 Reference value :  1.11547e-06
 Reference value :  1.11597e-06
 Reference value :  1.11649e-06
 Reference value :  1.11701e-06
 Reference value :  1.11757e-06
 Reference value :  1.11809e-06
 Reference value :  1.11861e-06
 Reference value :  1.11913e-06
 Reference value :  1.11969e-06
 Reference value :  1.12023e-06
 Reference value :  1.12075e-06
 Reference value :  1.12127e-06
 Reference value :  1.12181e-06
 Reference value :  1.12235e-06
 Reference value :  1.12289e-06
 Reference value :  1.12339e-06
 Reference value :  1.12393e-06
 Reference value :  1.12445e-06
 Reference value :  1.12499e-06
 Reference value :  1.12551e-06
 Reference value :  1.12603e-06
 Reference value :  1.12657e-06
 Reference value :  1.12709e-06
 Reference value :  1.12761e-06
 Reference value :  1.12813e-06
 Reference value :  1.12865e-06
 Reference value :  1.12919e-06
 Reference value :  1.12973e-06
 Reference value :  1.13025e-06
 Reference value :  1.13077e-06
 Reference value :  1.13131e-06
 Reference value :  1.13185e-06
 Reference value :  1.13239e-06
 Reference value :  1.13289e-06
 Reference value :  1.13341e-06
 Reference value :  1.13393e-06
 Reference value :  1.13445e-06
 Reference value :  1.13497e-06
 Reference value :  1.13551e-06
 Reference value :  1.13605e-06
 Reference value :  1.13657e-06
 Reference value :  1.13711e-06
 Reference value :  1.13765e-06
 Reference value :  1.13819e-06
 Reference value :  1.13871e-06
 Reference value :  1.13921e-06
 Reference value :  1.13973e-06
 Reference value :  1.14027e-06
 Reference value :  1.14079e-06
 Reference value :  1.14133e-06
 Reference value :  1.14185e-06
 Reference value :  1.14239e-06
 Reference value :  1.14291e-06
 Reference value :  1.14343e-06
 Reference value :  1.14397e-06
 Reference value :  1.14451e-06
 Reference value :  1.14503e-06
 Reference value :  1.14553e-06
 Reference value :  1.14605e-06
 Reference value :  1.14659e-06
 Reference value :  1.14711e-06
 Reference value :  1.14763e-06
 Reference value :  1.14815e-06
 Reference value :  1.14867e-06
 Reference value :  1.14919e-06
 Reference value :  1.14973e-06
 Reference value :  1.15025e-06
 Reference value :  1.15075e-06
 Reference value :  1.15129e-06
 Reference value :  1.15181e-06
 Reference value :  1.15231e-06
 Reference value :  1.15289e-06
 Reference value :  1.15341e-06
 Reference value :  1.15391e-06
 Reference value :  1.15443e-06
 Reference value :  1.15493e-06
 Reference value :  1.15543e-06
 Reference value :  1.15593e-06
 Reference value :  1.15645e-06
 Reference value :  1.15697e-06
 Reference value :  1.15753e-06
 Reference value :  1.15809e-06
 Reference value :  1.15861e-06
 Reference value :  1.15913e-06
 Reference value :  1.15965e-06
 Reference value :  1.16019e-06
 Reference value :  1.16073e-06
 Reference value :  1.16125e-06
 Reference value :  1.16177e-06
 Reference value :  1.16229e-06
 Reference value :  1.16281e-06
 Reference value :  1.16333e-06
 Reference value :  1.16385e-06
 Reference value :  1.16439e-06
 Reference value :  1.16493e-06
 Reference value :  1.16545e-06
 Reference value :  1.16597e-06
 Reference value :  1.16649e-06
 Reference value :  1.16701e-06
 Reference value :  1.16753e-06
 Reference value :  1.16805e-06
 Reference value :  1.16857e-06
 Reference value :  1.16907e-06
 Reference value :  1.16957e-06
 Reference value :  1.17009e-06
 Reference value :  1.17061e-06
 Reference value :  1.17113e-06
 Reference value :  1.17165e-06
 Reference value :  1.17217e-06
 Reference value :  1.17271e-06
 Reference value :  1.17325e-06
 Reference value :  1.17379e-06
 Reference value :  1.17431e-06
 Reference value :  1.17483e-06
 Reference value :  1.17537e-06
 Reference value :  1.17589e-06
 Reference value :  1.17641e-06
 Reference value :  1.17695e-06
 Reference value :  1.17747e-06
 Reference value :  1.17799e-06
 Reference value :  1.17849e-06
 Reference value :  1.17903e-06
 Reference value :  1.17957e-06
 Reference value :  1.18009e-06
 Reference value :  1.18061e-06
 Reference value :  1.18113e-06
 Reference value :  1.18165e-06
 Reference value :  1.18215e-06
 Reference value :  1.18265e-06
 Reference value :  1.18319e-06
 Reference value :  1.18371e-06
 Reference value :  1.18423e-06
 Reference value :  1.18475e-06
 Reference value :  1.18527e-06
 Reference value :  1.18579e-06
 Reference value :  1.18631e-06
 Reference value :  1.18683e-06
 Reference value :  1.18735e-06
 Reference value :  1.18793e-06
 Reference value :  1.18845e-06
 Reference value :  1.18897e-06
 Reference value :  1.18949e-06
 Reference value :  1.19003e-06
 Reference value :  1.19057e-06
 Reference value :  1.19109e-06
 Reference value :  1.19163e-06
 Reference value :  1.19215e-06
 Reference value :  1.19265e-06
 Reference value :  1.19317e-06
 Reference value :  1.19371e-06
 Reference value :  1.19421e-06
 Reference value :  1.19475e-06
 Reference value :  1.19527e-06
 Reference value :  1.19579e-06
 Reference value :  1.19631e-06
 Reference value :  1.19683e-06
 Reference value :  1.19737e-06
 Reference value :  1.19789e-06
 Reference value :  1.19841e-06
 Reference value :  1.19895e-06
 Reference value :  1.19945e-06
 Reference value :  1.19997e-06
 Reference value :  1.20051e-06
 Reference value :  1.20105e-06
 Reference value :  1.20157e-06
 Reference value :  1.20207e-06
 Reference value :  1.20259e-06
 Reference value :  1.20311e-06
 Reference value :  1.20365e-06
 Reference value :  1.20417e-06
 Reference value :  1.20469e-06
 Reference value :  1.20521e-06
 Reference value :  1.20573e-06
 Reference value :  1.20625e-06
 Reference value :  1.20679e-06
 Reference value :  1.20731e-06
 Reference value :  1.20785e-06
 Reference value :  1.20837e-06
 Reference value :  1.20891e-06
 Reference value :  1.20943e-06
 Reference value :  1.20997e-06
 Reference value :  1.21051e-06
 Reference value :  1.21103e-06
 Reference value :  1.21155e-06
 Reference value :  1.21207e-06
 Reference value :  1.21259e-06
 Reference value :  1.21311e-06
 Reference value :  1.21363e-06
 Reference value :  1.21415e-06
 Reference value :  1.21465e-06
 Reference value :  1.21515e-06
 Reference value :  1.21565e-06
 Reference value :  1.21619e-06
 Reference value :  1.21671e-06
 Reference value :  1.21723e-06
 Reference value :  1.21775e-06
 Reference value :  1.21827e-06
 Reference value :  1.21879e-06
 Reference value :  1.21933e-06
 Reference value :  1.21985e-06
 Reference value :  1.22039e-06
 Reference value :  1.22093e-06
 Reference value :  1.22145e-06
 Reference value :  1.22199e-06
 Reference value :  1.22251e-06
 Reference value :  1.22309e-06
 Reference value :  1.22363e-06
 Reference value :  1.22417e-06
 Reference value :  1.22469e-06
 Reference value :  1.22519e-06
 Reference value :  1.22571e-06
 Reference value :  1.22625e-06
 Reference value :  1.22679e-06
 Reference value :  1.22731e-06
 Reference value :  1.22783e-06
 Reference value :  1.22837e-06
 Reference value :  1.22889e-06
 Reference value :  1.22941e-06
 Reference value :  1.22993e-06
 Reference value :  1.23047e-06
 Reference value :  1.23101e-06
 Reference value :  1.23151e-06
 Reference value :  1.23203e-06
 Reference value :  1.23255e-06
 Reference value :  1.23309e-06
 Reference value :  1.23359e-06
 Reference value :  1.23411e-06
 Reference value :  1.23465e-06
 Reference value :  1.23519e-06
 Reference value :  1.23571e-06
 Reference value :  1.23623e-06
 Reference value :  1.23675e-06
 Reference value :  1.23727e-06
 Reference value :  1.23779e-06
 Reference value :  1.23831e-06
 Reference value :  1.23885e-06
 Reference value :  1.23935e-06
 Reference value :  1.23987e-06
 Reference value :  1.24041e-06
 Reference value :  1.24093e-06
 Reference value :  1.24145e-06
 Reference value :  1.24197e-06
 Reference value :  1.24247e-06
 Reference value :  1.24299e-06
 Reference value :  1.24351e-06
 Reference value :  1.24403e-06
 Reference value :  1.24457e-06
 Reference value :  1.24509e-06
 Reference value :  1.24561e-06
 Reference value :  1.24615e-06
 Reference value :  1.24669e-06
 Reference value :  1.24719e-06
 Reference value :  1.24771e-06
 Reference value :  1.24823e-06
 Reference value :  1.24877e-06
 Reference value :  1.24931e-06
 Reference value :  1.24985e-06
 Reference value :  1.25037e-06
 Reference value :  1.25091e-06
 Reference value :  1.25141e-06
 Reference value :  1.25193e-06
 Reference value :  1.25247e-06
 Reference value :  1.25301e-06
 Reference value :  1.25351e-06
 Reference value :  1.25405e-06
 Reference value :  1.25459e-06
 Reference value :  1.25511e-06
 Reference value :  1.25565e-06
 Reference value :  1.25619e-06
 Reference value :  1.25671e-06
 Reference value :  1.25721e-06
 Reference value :  1.25773e-06
 Reference value :  1.25829e-06
 Reference value :  1.25881e-06
 Reference value :  1.25937e-06
 Reference value :  1.25991e-06
 Reference value :  1.26041e-06
 Reference value :  1.26093e-06
 Reference value :  1.26147e-06
 Reference value :  1.26197e-06
 Reference value :  1.26249e-06
 Reference value :  1.26299e-06
 Reference value :  1.26351e-06
 Reference value :  1.26403e-06
 Reference value :  1.26457e-06
 Reference value :  1.26509e-06
 Reference value :  1.26563e-06
 Reference value :  1.26617e-06
 Reference value :  1.26669e-06
 Reference value :  1.26721e-06
 Reference value :  1.26771e-06
 Reference value :  1.26825e-06
 Reference value :  1.26877e-06
 Reference value :  1.26929e-06
 Reference value :  1.26981e-06
 Reference value :  1.27033e-06
 Reference value :  1.27085e-06
 Reference value :  1.27139e-06
 Reference value :  1.27193e-06
 Reference value :  1.27247e-06
 Reference value :  1.27299e-06
 Reference value :  1.27351e-06
 Reference value :  1.27405e-06
 Reference value :  1.27457e-06
 Reference value :  1.27509e-06
 Reference value :  1.27561e-06
 Reference value :  1.27613e-06
 Reference value :  1.27665e-06
 Reference value :  1.27721e-06
 Reference value :  1.27773e-06
 Reference value :  1.27827e-06
 Reference value :  1.27879e-06
 Reference value :  1.27933e-06
 Reference value :  1.27983e-06
 Reference value :  1.28035e-06
 Reference value :  1.28091e-06
 Reference value :  1.28141e-06
 Reference value :  1.28195e-06
 Reference value :  1.28249e-06
 Reference value :  1.28301e-06
 Reference value :  1.28353e-06
 Reference value :  1.28405e-06
 Reference value :  1.28457e-06
 Reference value :  1.28509e-06
 Reference value :  1.28561e-06
 Reference value :  1.28617e-06
 Reference value :  1.28667e-06
 Reference value :  1.28719e-06
 Reference value :  1.28771e-06
 Reference value :  1.28823e-06
 Reference value :  1.28875e-06
 Reference value :  1.28927e-06
 Reference value :  1.28979e-06
 Reference value :  1.29029e-06
 Reference value :  1.29081e-06
 Reference value :  1.29133e-06
 Reference value :  1.29187e-06
 Reference value :  1.29237e-06
 Reference value :  1.29289e-06
 Reference value :  1.29351e-06
 Reference value :  1.29403e-06
 Reference value :  1.29455e-06
 Reference value :  1.29505e-06
 Reference value :  1.29557e-06
 Reference value :  1.29611e-06
 Reference value :  1.29665e-06
 Reference value :  1.29717e-06
 Reference value :  1.29771e-06
 Reference value :  1.29823e-06
 Reference value :  1.29873e-06
 Reference value :  1.29925e-06
 Reference value :  1.29977e-06
 Reference value :  1.30031e-06
 Reference value :  1.30083e-06
 Reference value :  1.30137e-06
 Reference value :  1.30189e-06
 Reference value :  1.30241e-06
 Reference value :  1.30291e-06
 Reference value :  1.30343e-06
 Reference value :  1.30397e-06
 Reference value :  1.30449e-06
 Reference value :  1.30503e-06
 Reference value :  1.30557e-06
 Reference value :  1.30609e-06
 Reference value :  1.30661e-06
 Reference value :  1.30715e-06
 Reference value :  1.30765e-06
 Reference value :  1.30817e-06
 Reference value :  1.30869e-06
 Reference value :  1.30921e-06
 Reference value :  1.30973e-06
 Reference value :  1.31027e-06
 Reference value :  1.31081e-06
 Reference value :  1.31135e-06
 Reference value :  1.31185e-06
 Reference value :  1.31237e-06
 Reference value :  1.31289e-06
 Reference value :  1.31343e-06
 Reference value :  1.31397e-06
 Reference value :  1.31449e-06
 Reference value :  1.31503e-06
 Reference value :  1.31555e-06
 Reference value :  1.31605e-06
 Reference value :  1.31659e-06
 Reference value :  1.31713e-06
 Reference value :  1.31765e-06
 Reference value :  1.31817e-06
 Reference value :  1.31869e-06
 Reference value :  1.31921e-06
 Reference value :  1.31973e-06
 Reference value :  1.32027e-06
 Reference value :  1.32075e-06
 Reference value :  1.32125e-06
 Reference value :  1.32177e-06
 Reference value :  1.32229e-06
 Reference value :  1.32281e-06
 Reference value :  1.32329e-06
 Reference value :  1.32381e-06
 Reference value :  1.32433e-06
 Reference value :  1.32485e-06
 Reference value :  1.32539e-06
 Reference value :  1.32591e-06
 Reference value :  1.32645e-06
 Reference value :  1.32697e-06
 Reference value :  1.32751e-06
 Reference value :  1.32805e-06
 Reference value :  1.32861e-06
 Reference value :  1.32919e-06
 Reference value :  1.32971e-06
 Reference value :  1.33023e-06
 Reference value :  1.33075e-06
 Reference value :  1.33125e-06
 Reference value :  1.33177e-06
 Reference value :  1.33229e-06
 Reference value :  1.33281e-06
 Reference value :  1.33333e-06
 Reference value :  1.33385e-06
 Reference value :  1.33439e-06
 Reference value :  1.33491e-06
 Reference value :  1.33543e-06
 Reference value :  1.33593e-06
 Reference value :  1.33647e-06
 Reference value :  1.33699e-06
 Reference value :  1.33751e-06
 Reference value :  1.33803e-06
 Reference value :  1.33853e-06
 Reference value :  1.33907e-06
 Reference value :  1.33961e-06
 Reference value :  1.34013e-06
 Reference value :  1.34067e-06
 Reference value :  1.34121e-06
 Reference value :  1.34171e-06
 Reference value :  1.34225e-06
 Reference value :  1.34277e-06
 Reference value :  1.34327e-06
 Reference value :  1.34377e-06
 Reference value :  1.34431e-06
 Reference value :  1.34485e-06
 Reference value :  1.34537e-06
 Reference value :  1.34589e-06
 Reference value :  1.34641e-06
 Reference value :  1.34693e-06
 Reference value :  1.34747e-06
 Reference value :  1.34799e-06
 Reference value :  1.34853e-06
 Reference value :  1.34907e-06
 Reference value :  1.34961e-06
 Reference value :  1.35013e-06
 Reference value :  1.35065e-06
 Reference value :  1.35117e-06
 Reference value :  1.35171e-06
 Reference value :  1.35223e-06
 Reference value :  1.35275e-06
 Reference value :  1.35329e-06
 Reference value :  1.35383e-06
 Reference value :  1.35433e-06
 Reference value :  1.35483e-06
 Reference value :  1.35537e-06
 Reference value :  1.35587e-06
 Reference value :  1.35639e-06
 Reference value :  1.35691e-06
 Reference value :  1.35743e-06
 Reference value :  1.35797e-06
 Reference value :  1.35849e-06
 Reference value :  1.35903e-06
 Reference value :  1.35955e-06
 Reference value :  1.36005e-06
 Reference value :  1.36059e-06
 Reference value :  1.36109e-06
 Reference value :  1.36163e-06
 Reference value :  1.36213e-06
 Reference value :  1.36265e-06
 Reference value :  1.36315e-06
 Reference value :  1.36369e-06
 Reference value :  1.36429e-06
 Reference value :  1.36479e-06
 Reference value :  1.36533e-06
 Reference value :  1.36585e-06
 Reference value :  1.36635e-06
 Reference value :  1.36687e-06
 Reference value :  1.36737e-06
 Reference value :  1.36789e-06
 Reference value :  1.36843e-06
 Reference value :  1.36899e-06
 Reference value :  1.36951e-06
 Reference value :  1.37003e-06
 Reference value :  1.37055e-06
 Reference value :  1.37107e-06
 Reference value :  1.37159e-06
 Reference value :  1.37211e-06
 Reference value :  1.37263e-06
 Reference value :  1.37317e-06
 Reference value :  1.37369e-06
 Reference value :  1.37425e-06
 Reference value :  1.37477e-06
 Reference value :  1.37529e-06
 Reference value :  1.37581e-06
 Reference value :  1.37631e-06
 Reference value :  1.37681e-06
 Reference value :  1.37733e-06
 Reference value :  1.37787e-06
 Reference value :  1.37839e-06
 Reference value :  1.37891e-06
 Reference value :  1.37943e-06
 Reference value :  1.37997e-06
 Reference value :  1.38049e-06
 Reference value :  1.38101e-06
 Reference value :  1.38151e-06
 Reference value :  1.38203e-06
 Reference value :  1.38255e-06
 Reference value :  1.38307e-06
 Reference value :  1.38359e-06
 Reference value :  1.38409e-06
 Reference value :  1.38463e-06
 Reference value :  1.38515e-06
 Reference value :  1.38567e-06
 Reference value :  1.38619e-06
 Reference value :  1.38673e-06
 Reference value :  1.38725e-06
 Reference value :  1.38779e-06
 Reference value :  1.38831e-06
 Reference value :  1.38885e-06
 Reference value :  1.38937e-06
 Reference value :  1.38989e-06
 Reference value :  1.39041e-06
 Reference value :  1.39093e-06
 Reference value :  1.39147e-06
 Reference value :  1.39197e-06
 Reference value :  1.39249e-06
 Reference value :  1.39303e-06
 Reference value :  1.39357e-06
 Reference value :  1.39409e-06
 Reference value :  1.39461e-06
 Reference value :  1.39513e-06
 Reference value :  1.39565e-06
 Reference value :  1.39617e-06
 Reference value :  1.39669e-06
 Reference value :  1.39723e-06
 Reference value :  1.39775e-06
 Reference value :  1.39829e-06
 Reference value :  1.39883e-06
 Reference value :  1.39941e-06
 Reference value :  1.39993e-06
 Reference value :  1.40043e-06
 Reference value :  1.40095e-06
 Reference value :  1.40147e-06
 Reference value :  1.40199e-06
 Reference value :  1.40251e-06
 Reference value :  1.40303e-06
 Reference value :  1.40355e-06
 Reference value :  1.40407e-06
 Reference value :  1.40459e-06
 Reference value :  1.40511e-06
 Reference value :  1.40563e-06
 Reference value :  1.40615e-06
 Reference value :  1.40667e-06
 Reference value :  1.40721e-06
 Reference value :  1.40771e-06
 Reference value :  1.40823e-06
 Reference value :  1.40875e-06
 Reference value :  1.40927e-06
 Reference value :  1.40979e-06
 Reference value :  1.41031e-06
 Reference value :  1.41083e-06
 Reference value :  1.41135e-06
 Reference value :  1.41189e-06
 Reference value :  1.41245e-06
 Reference value :  1.41295e-06
 Reference value :  1.41347e-06
 Reference value :  1.41399e-06
 Reference value :  1.41451e-06
 Reference value :  1.41501e-06
 Reference value :  1.41551e-06
 Reference value :  1.41603e-06
 Reference value :  1.41653e-06
 Reference value :  1.41705e-06
 Reference value :  1.41759e-06
 Reference value :  1.41811e-06
 Reference value :  1.41863e-06
 Reference value :  1.41915e-06
 Reference value :  1.41967e-06
 Reference value :  1.42021e-06
 Reference value :  1.42073e-06
 Reference value :  1.42125e-06
 Reference value :  1.42175e-06
 Reference value :  1.42227e-06
 Reference value :  1.42279e-06
 Reference value :  1.42331e-06
 Reference value :  1.42383e-06
 Reference value :  1.42435e-06
 Reference value :  1.42487e-06
 Reference value :  1.42539e-06
 Reference value :  1.42593e-06
 Reference value :  1.42645e-06
 Reference value :  1.42695e-06
 Reference value :  1.42745e-06
 Reference value :  1.42797e-06
 Reference value :  1.42849e-06
 Reference value :  1.42897e-06
 Reference value :  1.42949e-06
 Reference value :  1.43001e-06
 Reference value :  1.43053e-06
 Reference value :  1.43105e-06
 Reference value :  1.43159e-06
 Reference value :  1.43213e-06
 Reference value :  1.43265e-06
 Reference value :  1.43315e-06
 Reference value :  1.43367e-06
 Reference value :  1.43421e-06
 Reference value :  1.43475e-06
 Reference value :  1.43527e-06
 Reference value :  1.43577e-06
 Reference value :  1.43629e-06
 Reference value :  1.43681e-06
 Reference value :  1.43733e-06
 Reference value :  1.43787e-06
 Reference value :  1.43841e-06
 Reference value :  1.43893e-06
 Reference value :  1.43945e-06
 Reference value :  1.43997e-06
 Reference value :  1.44049e-06
 Reference value :  1.44103e-06
 Reference value :  1.44155e-06
 Reference value :  1.44207e-06
 Reference value :  1.44261e-06
 Reference value :  1.44313e-06
 Reference value :  1.44365e-06
 Reference value :  1.44419e-06
 Reference value :  1.44467e-06
 Reference value :  1.44519e-06
 Reference value :  1.44569e-06
 Reference value :  1.44621e-06
 Reference value :  1.44675e-06
 Reference value :  1.44727e-06
 Reference value :  1.44781e-06
 Reference value :  1.44833e-06
 Reference value :  1.44887e-06
 Reference value :  1.44939e-06
 Reference value :  1.44991e-06
 Reference value :  1.45045e-06
 Reference value :  1.45099e-06
 Reference value :  1.45151e-06
 Reference value :  1.45203e-06
 Reference value :  1.45255e-06
 Reference value :  1.45305e-06
 Reference value :  1.45359e-06
 Reference value :  1.45413e-06
 Reference value :  1.45465e-06
 Reference value :  1.45519e-06
 Reference value :  1.45571e-06
 Reference value :  1.45623e-06
 Reference value :  1.45675e-06
 Reference value :  1.45727e-06
 Reference value :  1.45779e-06
 Reference value :  1.45831e-06
 Reference value :  1.45883e-06
 Reference value :  1.45935e-06
 Reference value :  1.45987e-06
 Reference value :  1.46041e-06
 Reference value :  1.46093e-06
 Reference value :  1.46145e-06
 Reference value :  1.46199e-06
 Reference value :  1.46253e-06
 Reference value :  1.46305e-06
 Reference value :  1.46357e-06
 Reference value :  1.46411e-06
 Reference value :  1.46461e-06
 Reference value :  1.46509e-06
 Reference value :  1.46561e-06
 Reference value :  1.46613e-06
 Reference value :  1.46667e-06
 Reference value :  1.46719e-06
 Reference value :  1.46771e-06
 Reference value :  1.46825e-06
 Reference value :  1.46879e-06
 Reference value :  1.46935e-06
 Reference value :  1.46993e-06
 Reference value :  1.47043e-06
 Reference value :  1.47095e-06
 Reference value :  1.47147e-06
 Reference value :  1.47199e-06
 Reference value :  1.47251e-06
 Reference value :  1.47305e-06
 Reference value :  1.47357e-06
 Reference value :  1.47409e-06
 Reference value :  1.47459e-06
 Reference value :  1.47513e-06
 Reference value :  1.47567e-06
 Reference value :  1.47619e-06
 Reference value :  1.47671e-06
 Reference value :  1.47723e-06
 Reference value :  1.47777e-06
 Reference value :  1.47831e-06
 Reference value :  1.47883e-06
 Reference value :  1.47937e-06
 Reference value :  1.47989e-06
 Reference value :  1.48041e-06
 Reference value :  1.48093e-06
 Reference value :  1.48143e-06
 Reference value :  1.48195e-06
 Reference value :  1.48247e-06
 Reference value :  1.48303e-06
 Reference value :  1.48357e-06
 Reference value :  1.48411e-06
 Reference value :  1.48463e-06
 Reference value :  1.48515e-06
 Reference value :  1.48569e-06
 Reference value :  1.48621e-06
 Reference value :  1.48675e-06
 Reference value :  1.48727e-06
 Reference value :  1.48779e-06
 Reference value :  1.48829e-06
 Reference value :  1.48883e-06
 Reference value :  1.48935e-06
 Reference value :  1.48989e-06
 Reference value :  1.49041e-06
 Reference value :  1.49093e-06
 Reference value :  1.49145e-06
 Reference value :  1.49199e-06
 Reference value :  1.49255e-06
 Reference value :  1.49309e-06
 Reference value :  1.49363e-06
 Reference value :  1.49415e-06
 Reference value :  1.49471e-06
 Reference value :  1.49525e-06
 Reference value :  1.49575e-06
 Reference value :  1.49625e-06
 Reference value :  1.49677e-06
 Reference value :  1.49727e-06
 Reference value :  1.49779e-06
 Reference value :  1.49829e-06
 Reference value :  1.49883e-06
 Reference value :  1.49935e-06
 Reference value :  1.49987e-06
 Reference value :  1.50039e-06
 Reference value :  1.50089e-06
 Reference value :  1.50141e-06
 Reference value :  1.50195e-06
 Reference value :  1.50247e-06
 Reference value :  1.50299e-06
 Reference value :  1.50351e-06
 Reference value :  1.50403e-06
 Reference value :  1.50455e-06
 Reference value :  1.50513e-06
 Reference value :  1.50567e-06
 Reference value :  1.50621e-06
 Reference value :  1.50673e-06
 Reference value :  1.50727e-06
 Reference value :  1.50779e-06
 Reference value :  1.50831e-06
 Reference value :  1.50885e-06
 Reference value :  1.50937e-06
 Reference value :  1.50989e-06
 Reference value :  1.51039e-06
 Reference value :  1.51091e-06
 Reference value :  1.51143e-06
 Reference value :  1.51195e-06
 Reference value :  1.51247e-06
 Reference value :  1.51301e-06
 Reference value :  1.51355e-06
 Reference value :  1.51405e-06
 Reference value :  1.51457e-06
 Reference value :  1.51511e-06
 Reference value :  1.51563e-06
 Reference value :  1.51615e-06
 Reference value :  1.51669e-06
 Reference value :  1.51721e-06
 Reference value :  1.51773e-06
 Reference value :  1.51825e-06
 Reference value :  1.51877e-06
 Reference value :  1.51927e-06
 Reference value :  1.51979e-06
 Reference value :  1.52033e-06
 Reference value :  1.52087e-06
 Reference value :  1.52139e-06
 Reference value :  1.52191e-06
 Reference value :  1.52241e-06
 Reference value :  1.52295e-06
 Reference value :  1.52347e-06
 Reference value :  1.52399e-06
 Reference value :  1.52449e-06
 Reference value :  1.52501e-06
 Reference value :  1.52555e-06
 Reference value :  1.52607e-06
 Reference value :  1.52657e-06
 Reference value :  1.52709e-06
 Reference value :  1.52761e-06
 Reference value :  1.52813e-06
 Reference value :  1.52865e-06
 Reference value :  1.52917e-06
 Reference value :  1.52967e-06
 Reference value :  1.53019e-06
 Reference value :  1.53071e-06
 Reference value :  1.53121e-06
 Reference value :  1.53173e-06
 Reference value :  1.53225e-06
 Reference value :  1.53277e-06
 Reference value :  1.53331e-06
 Reference value :  1.53381e-06
 Reference value :  1.53433e-06
 Reference value :  1.53483e-06
 Reference value :  1.53535e-06
 Reference value :  1.53585e-06
 Reference value :  1.53637e-06
 Reference value :  1.53689e-06
 Reference value :  1.53737e-06
 Reference value :  1.53789e-06
 Reference value :  1.53841e-06
 Reference value :  1.53893e-06
 Reference value :  1.53945e-06
 Reference value :  1.54003e-06
 Reference value :  1.54055e-06
 Reference value :  1.54107e-06
 Reference value :  1.54159e-06
 Reference value :  1.54211e-06
 Reference value :  1.54263e-06
 Reference value :  1.54315e-06
 Reference value :  1.54365e-06
 Reference value :  1.54417e-06
 Reference value :  1.54471e-06
 Reference value :  1.54523e-06
 Reference value :  1.54575e-06
 Reference value :  1.54627e-06
 Reference value :  1.54679e-06
 Reference value :  1.54731e-06
 Reference value :  1.54783e-06
 Reference value :  1.54835e-06
 Reference value :  1.54885e-06
 Reference value :  1.54935e-06
 Reference value :  1.54987e-06
 Reference value :  1.55039e-06
 Reference value :  1.55093e-06
 Reference value :  1.55145e-06
 Reference value :  1.55199e-06
 Reference value :  1.55251e-06
 Reference value :  1.55305e-06
 Reference value :  1.55359e-06
 Reference value :  1.55413e-06
 Reference value :  1.55467e-06
 Reference value :  1.55519e-06
 Reference value :  1.55571e-06
 Reference value :  1.55621e-06
 Reference value :  1.55673e-06
 Reference value :  1.55725e-06
 Reference value :  1.55779e-06
 Reference value :  1.55831e-06
 Reference value :  1.55883e-06
 Reference value :  1.55935e-06
 Reference value :  1.55987e-06
 Reference value :  1.56039e-06
 Reference value :  1.56091e-06
 Reference value :  1.56145e-06
 Reference value :  1.56199e-06
 Reference value :  1.56251e-06
 Reference value :  1.56303e-06
 Reference value :  1.56355e-06
 Reference value :  1.56407e-06
 Reference value :  1.56459e-06
 Reference value :  1.56511e-06
 Reference value :  1.56563e-06
 Reference value :  1.56615e-06
 Reference value :  1.56667e-06
 Reference value :  1.56717e-06
 Reference value :  1.56771e-06
 Reference value :  1.56823e-06
 Reference value :  1.56877e-06
 Reference value :  1.56929e-06
 Reference value :  1.56981e-06
 Reference value :  1.57031e-06
 Reference value :  1.57081e-06
 Reference value :  1.57135e-06
 Reference value :  1.57185e-06
 Reference value :  1.57237e-06
 Reference value :  1.57289e-06
 Reference value :  1.57341e-06
 Reference value :  1.57397e-06
 Reference value :  1.57449e-06
 Reference value :  1.57501e-06
 Reference value :  1.57559e-06
 Reference value :  1.57609e-06
 Reference value :  1.57661e-06
 Reference value :  1.57713e-06
 Reference value :  1.57767e-06
 Reference value :  1.57817e-06
 Reference value :  1.57869e-06
 Reference value :  1.57921e-06
 Reference value :  1.57973e-06
 Reference value :  1.58025e-06
 Reference value :  1.58077e-06
 Reference value :  1.58129e-06
 Reference value :  1.58183e-06
 Reference value :  1.58237e-06
 Reference value :  1.58291e-06
 Reference value :  1.58345e-06
 Reference value :  1.58397e-06
 Reference value :  1.58451e-06
 Reference value :  1.58503e-06
 Reference value :  1.58555e-06
 Reference value :  1.58607e-06
 Reference value :  1.58659e-06
 Reference value :  1.58711e-06
 Reference value :  1.58763e-06
 Reference value :  1.58817e-06
 Reference value :  1.58871e-06
 Reference value :  1.58925e-06
 Reference value :  1.58977e-06
 Reference value :  1.59025e-06
 Reference value :  1.59077e-06
 Reference value :  1.59131e-06
 Reference value :  1.59183e-06
 Reference value :  1.59235e-06
 Reference value :  1.59289e-06
 Reference value :  1.59341e-06
 Reference value :  1.59393e-06
 Reference value :  1.59445e-06
 Reference value :  1.59497e-06
 Reference value :  1.59549e-06
 Reference value :  1.59603e-06
 Reference value :  1.59653e-06
 Reference value :  1.59705e-06
 Reference value :  1.59757e-06
 Reference value :  1.59809e-06
 Reference value :  1.59861e-06
 Reference value :  1.59915e-06
 Reference value :  1.59967e-06
 Reference value :  1.60019e-06
 Reference value :  1.60073e-06
 Reference value :  1.60123e-06
 Reference value :  1.60175e-06
 Reference value :  1.60227e-06
 Reference value :  1.60281e-06
 Reference value :  1.60333e-06
 Reference value :  1.60385e-06
 Reference value :  1.60437e-06
 Reference value :  1.60489e-06
 Reference value :  1.60541e-06
 Reference value :  1.60591e-06
 Reference value :  1.60645e-06
 Reference value :  1.60699e-06
 Reference value :  1.60751e-06
 Reference value :  1.60803e-06
 Reference value :  1.60857e-06
 Reference value :  1.60909e-06
 Reference value :  1.60961e-06
 Reference value :  1.61013e-06
 Reference value :  1.61069e-06
 Reference value :  1.61119e-06
 Reference value :  1.61173e-06
 Reference value :  1.61223e-06
 Reference value :  1.61275e-06
 Reference value :  1.61327e-06
 Reference value :  1.61377e-06
 Reference value :  1.61429e-06
 Reference value :  1.61483e-06
 Reference value :  1.61535e-06
 Reference value :  1.61587e-06
 Reference value :  1.61637e-06
 Reference value :  1.61689e-06
 Reference value :  1.61743e-06
 Reference value :  1.61793e-06
 Reference value :  1.61843e-06
 Reference value :  1.61897e-06
 Reference value :  1.61951e-06
 Reference value :  1.62003e-06
 Reference value :  1.62055e-06
 Reference value :  1.62107e-06
 Reference value :  1.62161e-06
 Reference value :  1.62213e-06
 Reference value :  1.62263e-06
 Reference value :  1.62317e-06
 Reference value :  1.62369e-06
 Reference value :  1.62421e-06
 Reference value :  1.62475e-06
 Reference value :  1.62527e-06
 Reference value :  1.62577e-06
 Reference value :  1.62629e-06
 Reference value :  1.62683e-06
 Reference value :  1.62735e-06
 Reference value :  1.62785e-06
 Reference value :  1.62835e-06
 Reference value :  1.62887e-06
 Reference value :  1.62941e-06
 Reference value :  1.62995e-06
 Reference value :  1.63049e-06
 Reference value :  1.63101e-06
 Reference value :  1.63157e-06
 Reference value :  1.63211e-06
 Reference value :  1.63263e-06
 Reference value :  1.63317e-06
 Reference value :  1.63371e-06
 Reference value :  1.63423e-06
 Reference value :  1.63477e-06
 Reference value :  1.63527e-06
 Reference value :  1.63583e-06
 Reference value :  1.63637e-06
 Reference value :  1.63691e-06
 Reference value :  1.63743e-06
 Reference value :  1.63797e-06
 Reference value :  1.63849e-06
 Reference value :  1.63901e-06
 Reference value :  1.63951e-06
 Reference value :  1.64003e-06
 Reference value :  1.64055e-06
 Reference value :  1.64109e-06
 Reference value :  1.64161e-06
 Reference value :  1.64213e-06
 Reference value :  1.64267e-06
 Reference value :  1.64319e-06
 Reference value :  1.64371e-06
 Reference value :  1.64423e-06
 Reference value :  1.64475e-06
 Reference value :  1.64525e-06
 Reference value :  1.64585e-06
 Reference value :  1.64639e-06
 Reference value :  1.64691e-06
 Reference value :  1.64743e-06
 Reference value :  1.64795e-06
 Reference value :  1.64847e-06
 Reference value :  1.64899e-06
 Reference value :  1.64953e-06
 Reference value :  1.65007e-06
 Reference value :  1.65061e-06
 Reference value :  1.65113e-06
 Reference value :  1.65163e-06
 Reference value :  1.65215e-06
 Reference value :  1.65265e-06
 Reference value :  1.65315e-06
 Reference value :  1.65369e-06
 Reference value :  1.65421e-06
 Reference value :  1.65473e-06
 Reference value :  1.65523e-06
 Reference value :  1.65577e-06
 Reference value :  1.65629e-06
 Reference value :  1.65683e-06
 Reference value :  1.65737e-06
 Reference value :  1.65789e-06
 Reference value :  1.65841e-06
 Reference value :  1.65891e-06
 Reference value :  1.65943e-06
 Reference value :  1.65997e-06
 Reference value :  1.66047e-06
 Reference value :  1.66099e-06
 Reference value :  1.66153e-06
 Reference value :  1.66209e-06
 Reference value :  1.66261e-06
 Reference value :  1.66313e-06
 Reference value :  1.66365e-06
 Reference value :  1.66415e-06
 Reference value :  1.66465e-06
 Reference value :  1.66515e-06
 Reference value :  1.66565e-06
 Reference value :  1.66615e-06
 Reference value :  1.66669e-06
 Reference value :  1.66721e-06
 Reference value :  1.66771e-06
 Reference value :  1.66825e-06
 Reference value :  1.66875e-06
 Reference value :  1.66925e-06
 Reference value :  1.66979e-06
 Reference value :  1.67029e-06
 Reference value :  1.67081e-06
 Reference value :  1.67133e-06
 Reference value :  1.67185e-06
 Reference value :  1.67239e-06
 Reference value :  1.67291e-06
 Reference value :  1.67343e-06
 Reference value :  1.67395e-06
 Reference value :  1.67447e-06
 Reference value :  1.67501e-06
 Reference value :  1.67553e-06
 Reference value :  1.67607e-06
 Reference value :  1.67661e-06
 Reference value :  1.67713e-06
 Reference value :  1.67767e-06
 Reference value :  1.67821e-06
 Reference value :  1.67875e-06
 Reference value :  1.67925e-06
 Reference value :  1.67977e-06
 Reference value :  1.68029e-06
 Reference value :  1.68085e-06
 Reference value :  1.68137e-06
 Reference value :  1.68189e-06
 Reference value :  1.68241e-06
 Reference value :  1.68293e-06
 Reference value :  1.68343e-06
 Reference value :  1.68395e-06
 Reference value :  1.68447e-06
 Reference value :  1.68499e-06
 Reference value :  1.68553e-06
 Reference value :  1.68605e-06
 Reference value :  1.68657e-06
 Reference value :  1.68711e-06
 Reference value :  1.68763e-06
 Reference value :  1.68815e-06
 Reference value :  1.68867e-06
 Reference value :  1.68919e-06
 Reference value :  1.68971e-06
 Reference value :  1.69023e-06
 Reference value :  1.69071e-06
 Reference value :  1.69125e-06
 Reference value :  1.69179e-06
 Reference value :  1.69233e-06
 Reference value :  1.69287e-06
 Reference value :  1.69339e-06
 Reference value :  1.69389e-06
 Reference value :  1.69441e-06
 Reference value :  1.69497e-06
 Reference value :  1.69547e-06
 Reference value :  1.69599e-06
 Reference value :  1.69651e-06
 Reference value :  1.69703e-06
 Reference value :  1.69755e-06
 Reference value :  1.69805e-06
 Reference value :  1.69859e-06
 Reference value :  1.69911e-06
 Reference value :  1.69963e-06
 Reference value :  1.70015e-06
 Reference value :  1.70065e-06
 Reference value :  1.70117e-06
 Reference value :  1.70169e-06
 Reference value :  1.70223e-06
 Reference value :  1.70273e-06
 Reference value :  1.70327e-06
 Reference value :  1.70379e-06
 Reference value :  1.70433e-06
 Reference value :  1.70487e-06
 Reference value :  1.70539e-06
 Reference value :  1.70591e-06
 Reference value :  1.70645e-06
 Reference value :  1.70697e-06
 Reference value :  1.70751e-06
 Reference value :  1.70801e-06
 Reference value :  1.70853e-06
 Reference value :  1.70905e-06
 Reference value :  1.70957e-06
 Reference value :  1.71009e-06
 Reference value :  1.71061e-06
 Reference value :  1.71111e-06
 Reference value :  1.71163e-06
 Reference value :  1.71213e-06
 Reference value :  1.71263e-06
 Reference value :  1.71313e-06
 Reference value :  1.71367e-06
 Reference value :  1.71419e-06
 Reference value :  1.71471e-06
 Reference value :  1.71523e-06
 Reference value :  1.71575e-06
 Reference value :  1.71635e-06
 Reference value :  1.71687e-06
 Reference value :  1.71741e-06
 Reference value :  1.71793e-06
 Reference value :  1.71845e-06
 Reference value :  1.71899e-06
 Reference value :  1.71951e-06
 Reference value :  1.72003e-06
 Reference value :  1.72055e-06
 Reference value :  1.72107e-06
 Reference value :  1.72159e-06
 Reference value :  1.72211e-06
 Reference value :  1.72265e-06
 Reference value :  1.72317e-06
 Reference value :  1.72369e-06
 Reference value :  1.72421e-06
 Reference value :  1.72473e-06
 Reference value :  1.72525e-06
 Reference value :  1.72577e-06
 Reference value :  1.72627e-06
 Reference value :  1.72679e-06
 Reference value :  1.72733e-06
 Reference value :  1.72783e-06
 Reference value :  1.72835e-06
 Reference value :  1.72885e-06
 Reference value :  1.72939e-06
 Reference value :  1.72991e-06
 Reference value :  1.73039e-06
 Reference value :  1.73091e-06
 Reference value :  1.73145e-06
 Reference value :  1.73199e-06
 Reference value :  1.73249e-06
 Reference value :  1.73299e-06
 Reference value :  1.73351e-06
 Reference value :  1.73403e-06
 Reference value :  1.73455e-06
 Reference value :  1.73509e-06
 Reference value :  1.73559e-06
 Reference value :  1.73611e-06
 Reference value :  1.73665e-06
 Reference value :  1.73719e-06
 Reference value :  1.73771e-06
 Reference value :  1.73821e-06
 Reference value :  1.73873e-06
 Reference value :  1.73929e-06
 Reference value :  1.73981e-06
 Reference value :  1.74033e-06
 Reference value :  1.74083e-06
 Reference value :  1.74137e-06
 Reference value :  1.74191e-06
 Reference value :  1.74241e-06
 Reference value :  1.74295e-06
 Reference value :  1.74347e-06
 Reference value :  1.74399e-06
 Reference value :  1.74451e-06
 Reference value :  1.74503e-06
 Reference value :  1.74555e-06
 Reference value :  1.74607e-06
 Reference value :  1.74659e-06
 Reference value :  1.74709e-06
 Reference value :  1.74761e-06
 Reference value :  1.74813e-06
 Reference value :  1.74865e-06
 Reference value :  1.74917e-06
 Reference value :  1.74969e-06
 Reference value :  1.75021e-06
 Reference value :  1.75073e-06
 Reference value :  1.75131e-06
 Reference value :  1.75183e-06
 Reference value :  1.75235e-06
 Reference value :  1.75289e-06
 Reference value :  1.75341e-06
 Reference value :  1.75393e-06
 Reference value :  1.75445e-06
 Reference value :  1.75497e-06
 Reference value :  1.75549e-06
 Reference value :  1.75599e-06
 Reference value :  1.75651e-06
 Reference value :  1.75703e-06
 Reference value :  1.75755e-06
 Reference value :  1.75807e-06
 Reference value :  1.75859e-06
 Reference value :  1.75913e-06
 Reference value :  1.75969e-06
 Reference value :  1.76021e-06
 Reference value :  1.76073e-06
 Reference value :  1.76125e-06
 Reference value :  1.76179e-06
 Reference value :  1.76231e-06
 Reference value :  1.76283e-06
 Reference value :  1.76335e-06
 Reference value :  1.76387e-06
 Reference value :  1.76437e-06
 Reference value :  1.76489e-06
 Reference value :  1.76541e-06
 Reference value :  1.76595e-06
 Reference value :  1.76647e-06
 Reference value :  1.76699e-06
 Reference value :  1.76751e-06
 Reference value :  1.76801e-06
 Reference value :  1.76855e-06
 Reference value :  1.76909e-06
 Reference value :  1.76965e-06
 Reference value :  1.77017e-06
 Reference value :  1.77071e-06
 Reference value :  1.77121e-06
 Reference value :  1.77173e-06
 Reference value :  1.77227e-06
 Reference value :  1.77277e-06
 Reference value :  1.77329e-06
 Reference value :  1.77381e-06
 Reference value :  1.77435e-06
 Reference value :  1.77487e-06
 Reference value :  1.77539e-06
 Reference value :  1.77591e-06
 Reference value :  1.77643e-06
 Reference value :  1.77697e-06
 Reference value :  1.77749e-06
 Reference value :  1.77801e-06
 Reference value :  1.77853e-06
 Reference value :  1.77903e-06
 Reference value :  1.77955e-06
 Reference value :  1.78007e-06
 Reference value :  1.78061e-06
 Reference value :  1.78113e-06
 Reference value :  1.78161e-06
 Reference value :  1.78215e-06
 Reference value :  1.78269e-06
 Reference value :  1.78321e-06
 Reference value :  1.78375e-06
 Reference value :  1.78429e-06
 Reference value :  1.78483e-06
 Reference value :  1.78533e-06
 Reference value :  1.78587e-06
 Reference value :  1.78641e-06
 Reference value :  1.78693e-06
 Reference value :  1.78745e-06
 Reference value :  1.78797e-06
 Reference value :  1.78847e-06
 Reference value :  1.78897e-06
 Reference value :  1.78951e-06
 Reference value :  1.79003e-06
 Reference value :  1.79055e-06
 Reference value :  1.79107e-06
 Reference value :  1.79159e-06
 Reference value :  1.79211e-06
 Reference value :  1.79263e-06
 Reference value :  1.79315e-06
 Reference value :  1.79367e-06
 Reference value :  1.79421e-06
 Reference value :  1.79473e-06
 Reference value :  1.79527e-06
 Reference value :  1.79577e-06
 Reference value :  1.79631e-06
 Reference value :  1.79683e-06
 Reference value :  1.79735e-06
 Reference value :  1.79787e-06
 Reference value :  1.79837e-06
 Reference value :  1.79889e-06
 Reference value :  1.79941e-06
 Reference value :  1.79993e-06
 Reference value :  1.80047e-06
 Reference value :  1.80101e-06
 Reference value :  1.80155e-06
 Reference value :  1.80207e-06
 Reference value :  1.80261e-06
 Reference value :  1.80313e-06
 Reference value :  1.80365e-06
 Reference value :  1.80419e-06
 Reference value :  1.80471e-06
 Reference value :  1.80521e-06
 Reference value :  1.80571e-06
 Reference value :  1.80623e-06
 Reference value :  1.80675e-06
 Reference value :  1.80729e-06
 Reference value :  1.80783e-06
 Reference value :  1.80835e-06
 Reference value :  1.80887e-06
 Reference value :  1.80939e-06
 Reference value :  1.80989e-06
 Reference value :  1.81043e-06
 Reference value :  1.81095e-06
 Reference value :  1.81145e-06
 Reference value :  1.81199e-06
 Reference value :  1.81251e-06
 Reference value :  1.81305e-06
 Reference value :  1.81359e-06
 Reference value :  1.81411e-06
 Reference value :  1.81461e-06
 Reference value :  1.81513e-06
 Reference value :  1.81567e-06
 Reference value :  1.81619e-06
 Reference value :  1.81671e-06
 Reference value :  1.81725e-06
 Reference value :  1.81777e-06
 Reference value :  1.81829e-06
 Reference value :  1.81881e-06
 Reference value :  1.81937e-06
 Reference value :  1.81989e-06
 Reference value :  1.82041e-06
 Reference value :  1.82095e-06
 Reference value :  1.82149e-06
 Reference value :  1.82209e-06
 Reference value :  1.82259e-06
 Reference value :  1.82311e-06
 Reference value :  1.82363e-06
 Reference value :  1.82415e-06
 Reference value :  1.82467e-06
 Reference value :  1.82517e-06
 Reference value :  1.82571e-06
 Reference value :  1.82621e-06
 Reference value :  1.82673e-06
 Reference value :  1.82725e-06
 Reference value :  1.82777e-06
 Reference value :  1.82829e-06
 Reference value :  1.82881e-06
 Reference value :  1.82933e-06
 Reference value :  1.82985e-06
 Reference value :  1.83037e-06
 Reference value :  1.83091e-06
 Reference value :  1.83143e-06
 Reference value :  1.83197e-06
 Reference value :  1.83249e-06
 Reference value :  1.83301e-06
 Reference value :  1.83355e-06
 Reference value :  1.83407e-06
 Reference value :  1.83459e-06
 Reference value :  1.83511e-06
 Reference value :  1.83565e-06
 Reference value :  1.83617e-06
 Reference value :  1.83671e-06
 Reference value :  1.83723e-06
 Reference value :  1.83777e-06
 Reference value :  1.83829e-06
 Reference value :  1.83881e-06
 Reference value :  1.83935e-06
 Reference value :  1.83987e-06
 Reference value :  1.84037e-06
 Reference value :  1.84091e-06
 Reference value :  1.84143e-06
 Reference value :  1.84197e-06
 Reference value :  1.84251e-06
 Reference value :  1.84303e-06
 Reference value :  1.84355e-06
 Reference value :  1.84407e-06
 Reference value :  1.84459e-06
 Reference value :  1.84513e-06
 Reference value :  1.84567e-06
 Reference value :  1.84619e-06
 Reference value :  1.84669e-06
 Reference value :  1.84719e-06
 Reference value :  1.84773e-06
 Reference value :  1.84825e-06
 Reference value :  1.84879e-06
 Reference value :  1.84933e-06
 Reference value :  1.84987e-06
 Reference value :  1.85041e-06
 Reference value :  1.85093e-06
 Reference value :  1.85143e-06
 Reference value :  1.85193e-06
 Reference value :  1.85247e-06
 Reference value :  1.85295e-06
 Reference value :  1.85347e-06
 Reference value :  1.85399e-06
 Reference value :  1.85449e-06
 Reference value :  1.85503e-06
 Reference value :  1.85555e-06
 Reference value :  1.85609e-06
 Reference value :  1.85661e-06
 Reference value :  1.85719e-06
 Reference value :  1.85771e-06
 Reference value :  1.85823e-06
 Reference value :  1.85875e-06
 Reference value :  1.85927e-06
 Reference value :  1.85981e-06
 Reference value :  1.86033e-06
 Reference value :  1.86085e-06
 Reference value :  1.86135e-06
 Reference value :  1.86189e-06
 Reference value :  1.86241e-06
 Reference value :  1.86295e-06
 Reference value :  1.86347e-06
 Reference value :  1.86397e-06
 Reference value :  1.86447e-06
 Reference value :  1.86499e-06
 Reference value :  1.86553e-06
 Reference value :  1.86605e-06
 Reference value :  1.86657e-06
 Reference value :  1.86709e-06
 Reference value :  1.86763e-06
 Reference value :  1.86817e-06
 Reference value :  1.86869e-06
 Reference value :  1.86921e-06
 Reference value :  1.86975e-06
 Reference value :  1.87025e-06
 Reference value :  1.87077e-06
 Reference value :  1.87131e-06
 Reference value :  1.87181e-06
 Reference value :  1.87235e-06
 Reference value :  1.87287e-06
 Reference value :  1.87341e-06
 Reference value :  1.87395e-06
 Reference value :  1.87447e-06
 Reference value :  1.87499e-06
 Reference value :  1.87551e-06
 Reference value :  1.87605e-06
 Reference value :  1.87657e-06
 Reference value :  1.87709e-06
 Reference value :  1.87763e-06
 Reference value :  1.87815e-06
 Reference value :  1.87867e-06
 Reference value :  1.87917e-06
 Reference value :  1.87971e-06
 Reference value :  1.88023e-06
 Reference value :  1.88077e-06
 Reference value :  1.88127e-06
 Reference value :  1.88179e-06
 Reference value :  1.88231e-06
 Reference value :  1.88283e-06
 Reference value :  1.88339e-06
 Reference value :  1.88391e-06
 Reference value :  1.88445e-06
 Reference value :  1.88495e-06
 Reference value :  1.88549e-06
 Reference value :  1.88601e-06
 Reference value :  1.88653e-06
 Reference value :  1.88707e-06
 Reference value :  1.88759e-06
 Reference value :  1.88811e-06
 Reference value :  1.88863e-06
 Reference value :  1.88915e-06
 Reference value :  1.88967e-06
 Reference value :  1.89019e-06
 Reference value :  1.89073e-06
 Reference value :  1.89129e-06
 Reference value :  1.89181e-06
 Reference value :  1.89237e-06
 Reference value :  1.89291e-06
 Reference value :  1.89343e-06
 Reference value :  1.89395e-06
 Reference value :  1.89445e-06
 Reference value :  1.89497e-06
 Reference value :  1.89549e-06
 Reference value :  1.89603e-06
 Reference value :  1.89657e-06
 Reference value :  1.89711e-06
 Reference value :  1.89763e-06
 Reference value :  1.89815e-06
 Reference value :  1.89869e-06
 Reference value :  1.89921e-06
 Reference value :  1.89973e-06
 Reference value :  1.90027e-06
 Reference value :  1.90079e-06
 Reference value :  1.90131e-06
 Reference value :  1.90183e-06
 Reference value :  1.90237e-06
 Reference value :  1.90289e-06
 Reference value :  1.90337e-06
 Reference value :  1.90391e-06
 Reference value :  1.90445e-06
 Reference value :  1.90497e-06
 Reference value :  1.90549e-06
 Reference value :  1.90599e-06
 Reference value :  1.90651e-06
 Reference value :  1.90705e-06
 Reference value :  1.90755e-06
 Reference value :  1.90805e-06
 Reference value :  1.90859e-06
 Reference value :  1.90911e-06
 Reference value :  1.90963e-06
 Reference value :  1.91017e-06
 Reference value :  1.91069e-06
 Reference value :  1.91121e-06
 Reference value :  1.91175e-06
 Reference value :  1.91227e-06
 Reference value :  1.91281e-06
 Reference value :  1.91333e-06
 Reference value :  1.91385e-06
 Reference value :  1.91437e-06
 Reference value :  1.91489e-06
 Reference value :  1.91541e-06
 Reference value :  1.91595e-06
 Reference value :  1.91647e-06
 Reference value :  1.91699e-06
 Reference value :  1.91753e-06
 Reference value :  1.91805e-06
 Reference value :  1.91859e-06
 Reference value :  1.91911e-06
 Reference value :  1.91965e-06
 Reference value :  1.92019e-06
 Reference value :  1.92073e-06
 Reference value :  1.92125e-06
 Reference value :  1.92179e-06
 Reference value :  1.92231e-06
 Reference value :  1.92283e-06
 Reference value :  1.92335e-06
 Reference value :  1.92389e-06
 Reference value :  1.92439e-06
 Reference value :  1.92491e-06
 Reference value :  1.92543e-06
 Reference value :  1.92597e-06
 Reference value :  1.92647e-06
 Reference value :  1.92699e-06
 Reference value :  1.92755e-06
 Reference value :  1.92809e-06
 Reference value :  1.92861e-06
 Reference value :  1.92915e-06
 Reference value :  1.92967e-06
 Reference value :  1.93019e-06
 Reference value :  1.93073e-06
 Reference value :  1.93123e-06
 Reference value :  1.93177e-06
 Reference value :  1.93229e-06
 Reference value :  1.93281e-06
 Reference value :  1.93333e-06
 Reference value :  1.93385e-06
 Reference value :  1.93435e-06
 Reference value :  1.93487e-06
 Reference value :  1.93539e-06
 Reference value :  1.93593e-06
 Reference value :  1.93645e-06
 Reference value :  1.93699e-06
 Reference value :  1.93751e-06
 Reference value :  1.93803e-06
 Reference value :  1.93855e-06
 Reference value :  1.93909e-06
 Reference value :  1.93963e-06
 Reference value :  1.94017e-06
 Reference value :  1.94073e-06
 Reference value :  1.94125e-06
 Reference value :  1.94177e-06
 Reference value :  1.94229e-06
 Reference value :  1.94281e-06
 Reference value :  1.94333e-06
 Reference value :  1.94385e-06
 Reference value :  1.94437e-06
 Reference value :  1.94489e-06
 Reference value :  1.94545e-06
 Reference value :  1.94597e-06
 Reference value :  1.94649e-06
 Reference value :  1.94701e-06
 Reference value :  1.94755e-06
 Reference value :  1.94809e-06
 Reference value :  1.94861e-06
 Reference value :  1.94913e-06
 Reference value :  1.94967e-06
 Reference value :  1.95019e-06
 Reference value :  1.95073e-06
 Reference value :  1.95125e-06
 Reference value :  1.95177e-06
 Reference value :  1.95229e-06
 Reference value :  1.95281e-06
 Reference value :  1.95331e-06
 Reference value :  1.95385e-06
 Reference value :  1.95437e-06
 Reference value :  1.95487e-06
 Reference value :  1.95541e-06
 Reference value :  1.95593e-06
 Reference value :  1.95641e-06
 Reference value :  1.95693e-06
 Reference value :  1.95743e-06
 Reference value :  1.95795e-06
 Reference value :  1.95847e-06
 Reference value :  1.95897e-06
 Reference value :  1.95951e-06
 Reference value :  1.96003e-06
 Reference value :  1.96055e-06
 Reference value :  1.96107e-06
 Reference value :  1.96161e-06
 Reference value :  1.96215e-06
 Reference value :  1.96273e-06
 Reference value :  1.96325e-06
 Reference value :  1.96377e-06
 Reference value :  1.96427e-06
 Reference value :  1.96481e-06
 Reference value :  1.96535e-06
 Reference value :  1.96591e-06
 Reference value :  1.96643e-06
 Reference value :  1.96697e-06
 Reference value :  1.96751e-06
 Reference value :  1.96803e-06
 Reference value :  1.96857e-06
 Reference value :  1.96909e-06
 Reference value :  1.96963e-06
 Reference value :  1.97017e-06
 Reference value :  1.97069e-06
 Reference value :  1.97121e-06
 Reference value :  1.97173e-06
 Reference value :  1.97227e-06
 Reference value :  1.97279e-06
 Reference value :  1.97331e-06
 Reference value :  1.97383e-06
 Reference value :  1.97435e-06
 Reference value :  1.97489e-06
 Reference value :  1.97543e-06
 Reference value :  1.97595e-06
 Reference value :  1.97645e-06
 Reference value :  1.97697e-06
 Reference value :  1.97751e-06
 Reference value :  1.97805e-06
 Reference value :  1.97857e-06
 Reference value :  1.97909e-06
 Reference value :  1.97961e-06
 Reference value :  1.98015e-06
 Reference value :  1.98069e-06
 Reference value :  1.98121e-06
 Reference value :  1.98173e-06
 Reference value :  1.98227e-06
 Reference value :  1.98281e-06
 Reference value :  1.98333e-06
 Reference value :  1.98389e-06
 Reference value :  1.98441e-06
 Reference value :  1.98493e-06
 Reference value :  1.98543e-06
 Reference value :  1.98595e-06
 Reference value :  1.98647e-06
 Reference value :  1.98701e-06
 Reference value :  1.98751e-06
 Reference value :  1.98805e-06
 Reference value :  1.98855e-06
 Reference value :  1.98909e-06
 Reference value :  1.98959e-06
 Reference value :  1.99009e-06
 Reference value :  1.99061e-06
 Reference value :  1.99113e-06
 Reference value :  1.99165e-06
 Reference value :  1.99221e-06
 Reference value :  1.99273e-06
 Reference value :  1.99325e-06
 Reference value :  1.99377e-06
 Reference value :  1.99427e-06
 Reference value :  1.99479e-06
 Reference value :  1.99531e-06
 Reference value :  1.99585e-06
 Reference value :  1.99637e-06
 Reference value :  1.99689e-06
 Reference value :  1.99741e-06
 Reference value :  1.99799e-06
 Reference value :  1.99855e-06
 Reference value :  1.99909e-06
 Reference value :  1.99963e-06
 Reference value :  2.00017e-06
 Reference value :  2.00069e-06
 Reference value :  2.00123e-06
 Reference value :  2.00173e-06
 Reference value :  2.00227e-06
 Reference value :  2.00279e-06
 Reference value :  2.00333e-06
 Reference value :  2.00385e-06
 Reference value :  2.00439e-06
 Reference value :  2.00493e-06
 Reference value :  2.00547e-06
 Reference value :  2.00599e-06
 Reference value :  2.00651e-06
 Reference value :  2.00703e-06
 Reference value :  2.00757e-06
 Reference value :  2.00809e-06
 Reference value :  2.00861e-06
 Reference value :  2.00913e-06
 Reference value :  2.00967e-06
 Reference value :  2.01019e-06
 Reference value :  2.01071e-06
 Reference value :  2.01125e-06
 Reference value :  2.01177e-06
 Reference value :  2.01231e-06
 Reference value :  2.01281e-06
 Reference value :  2.01333e-06
 Reference value :  2.01387e-06
 Reference value :  2.01437e-06
 Reference value :  2.01491e-06
 Reference value :  2.01543e-06
 Reference value :  2.01595e-06
 Reference value :  2.01647e-06
 Reference value :  2.01699e-06
 Reference value :  2.01753e-06
 Reference value :  2.01803e-06
 Reference value :  2.01859e-06
 Reference value :  2.01913e-06
 Reference value :  2.01965e-06
 Reference value :  2.02017e-06
 Reference value :  2.02069e-06
 Reference value :  2.02123e-06
 Reference value :  2.02177e-06
 Reference value :  2.02231e-06
 Reference value :  2.02283e-06
 Reference value :  2.02337e-06
 Reference value :  2.02391e-06
 Reference value :  2.02443e-06
 Reference value :  2.02497e-06
 Reference value :  2.02547e-06
 Reference value :  2.02601e-06
 Reference value :  2.02651e-06
 Reference value :  2.02703e-06
 Reference value :  2.02755e-06
 Reference value :  2.02809e-06
 Reference value :  2.02863e-06
 Reference value :  2.02917e-06
 Reference value :  2.02969e-06
 Reference value :  2.03021e-06
 Reference value :  2.03075e-06
 Reference value :  2.03129e-06
 Reference value :  2.03181e-06
 Reference value :  2.03235e-06
 Reference value :  2.03287e-06
 Reference value :  2.03343e-06
 Reference value :  2.03395e-06
 Reference value :  2.03447e-06
 Reference value :  2.03503e-06
 Reference value :  2.03555e-06
 Reference value :  2.03607e-06
 Reference value :  2.03659e-06
 Reference value :  2.03711e-06
 Reference value :  2.03765e-06
 Reference value :  2.03817e-06
 Reference value :  2.03869e-06
 Reference value :  2.03921e-06
 Reference value :  2.03973e-06
 Reference value :  2.04025e-06
 Reference value :  2.04077e-06
 Reference value :  2.04129e-06
 Reference value :  2.04183e-06
 Reference value :  2.04235e-06
 Reference value :  2.04287e-06
 Reference value :  2.04339e-06
 Reference value :  2.04395e-06
 Reference value :  2.04447e-06
 Reference value :  2.04499e-06
 Reference value :  2.04551e-06
 Reference value :  2.04605e-06
 Reference value :  2.04657e-06
 Reference value :  2.04709e-06
 Reference value :  2.04761e-06
 Reference value :  2.04809e-06
 Reference value :  2.04865e-06
 Reference value :  2.04919e-06
 Reference value :  2.04971e-06
 Reference value :  2.05023e-06
 Reference value :  2.05075e-06
 Reference value :  2.05127e-06
 Reference value :  2.05179e-06
 Reference value :  2.05231e-06
 Reference value :  2.05281e-06
 Reference value :  2.05333e-06
 Reference value :  2.05389e-06
 Reference value :  2.05443e-06
 Reference value :  2.05497e-06
 Reference value :  2.05549e-06
 Reference value :  2.05601e-06
 Reference value :  2.05655e-06
 Reference value :  2.05705e-06
 Reference value :  2.05757e-06
 Reference value :  2.05809e-06
 Reference value :  2.05865e-06
 Reference value :  2.05917e-06
 Reference value :  2.05971e-06
 Reference value :  2.06025e-06
 Reference value :  2.06077e-06
 Reference value :  2.06129e-06
 Reference value :  2.06179e-06
 Reference value :  2.06229e-06
 Reference value :  2.06283e-06
 Reference value :  2.06335e-06
 Reference value :  2.06389e-06
 Reference value :  2.06439e-06
 Reference value :  2.06491e-06
 Reference value :  2.06545e-06
 Reference value :  2.06597e-06
 Reference value :  2.06649e-06
 Reference value :  2.06703e-06
 Reference value :  2.06755e-06
 Reference value :  2.06809e-06
 Reference value :  2.06863e-06
 Reference value :  2.06917e-06
 Reference value :  2.06971e-06
 Reference value :  2.07023e-06
 Reference value :  2.07075e-06
 Reference value :  2.07127e-06
 Reference value :  2.07181e-06
 Reference value :  2.07233e-06
 Reference value :  2.07287e-06
 Reference value :  2.07339e-06
 Reference value :  2.07391e-06
 Reference value :  2.07441e-06
 Reference value :  2.07493e-06
 Reference value :  2.07543e-06
 Reference value :  2.07595e-06
 Reference value :  2.07649e-06
 Reference value :  2.07701e-06
 Reference value :  2.07751e-06
 Reference value :  2.07803e-06
 Reference value :  2.07855e-06
 Reference value :  2.07907e-06
 Reference value :  2.07959e-06
 Reference value :  2.08013e-06
 Reference value :  2.08065e-06
 Reference value :  2.08119e-06
 Reference value :  2.08171e-06
 Reference value :  2.08223e-06
 Reference value :  2.08273e-06
 Reference value :  2.08325e-06
 Reference value :  2.08379e-06
 Reference value :  2.08431e-06
 Reference value :  2.08485e-06
 Reference value :  2.08535e-06
 Reference value :  2.08587e-06
 Reference value :  2.08639e-06
 Reference value :  2.08691e-06
 Reference value :  2.08743e-06
 Reference value :  2.08795e-06
 Reference value :  2.08847e-06
 Reference value :  2.08901e-06
 Reference value :  2.08953e-06
 Reference value :  2.09009e-06
 Reference value :  2.09061e-06
 Reference value :  2.09113e-06
 Reference value :  2.09167e-06
 Reference value :  2.09219e-06
 Reference value :  2.09269e-06
 Reference value :  2.09321e-06
 Reference value :  2.09373e-06
 Reference value :  2.09425e-06
 Reference value :  2.09477e-06
 Reference value :  2.09527e-06
 Reference value :  2.09577e-06
 Reference value :  2.09631e-06
 Reference value :  2.09683e-06
 Reference value :  2.09733e-06
 Reference value :  2.09785e-06
 Reference value :  2.09837e-06
 Reference value :  2.09891e-06
 Reference value :  2.09943e-06
 Reference value :  2.09997e-06
 Reference value :  2.10049e-06
 Reference value :  2.10103e-06
 Reference value :  2.10153e-06
 Reference value :  2.10205e-06
 Reference value :  2.10257e-06
 Reference value :  2.10307e-06
 Reference value :  2.10367e-06
 Reference value :  2.10419e-06
 Reference value :  2.10471e-06
 Reference value :  2.10523e-06
 Reference value :  2.10573e-06
 Reference value :  2.10623e-06
 Reference value :  2.10675e-06
 Reference value :  2.10725e-06
 Reference value :  2.10777e-06
 Reference value :  2.10831e-06
 Reference value :  2.10881e-06
 Reference value :  2.10931e-06
 Reference value :  2.10983e-06
 Reference value :  2.11035e-06
 Reference value :  2.11089e-06
 Reference value :  2.11141e-06
 Reference value :  2.11193e-06
 Reference value :  2.11245e-06
 Reference value :  2.11299e-06
 Reference value :  2.11351e-06
 Reference value :  2.11403e-06
 Reference value :  2.11457e-06
 Reference value :  2.11509e-06
 Reference value :  2.11561e-06
 Reference value :  2.11615e-06
 Reference value :  2.11665e-06
 Reference value :  2.11719e-06
 Reference value :  2.11771e-06
 Reference value :  2.11825e-06
 Reference value :  2.11879e-06
 Reference value :  2.11931e-06
 Reference value :  2.11981e-06
 Reference value :  2.12035e-06
 Reference value :  2.12087e-06
 Reference value :  2.12139e-06
 Reference value :  2.12191e-06
 Reference value :  2.12245e-06
 Reference value :  2.12297e-06
 Reference value :  2.12351e-06
 Reference value :  2.12401e-06
 Reference value :  2.12455e-06
 Reference value :  2.12505e-06
 Reference value :  2.12557e-06
 Reference value :  2.12609e-06
 Reference value :  2.12663e-06
 Reference value :  2.12717e-06
 Reference value :  2.12771e-06
 Reference value :  2.12823e-06
 Reference value :  2.12875e-06
 Reference value :  2.12927e-06
 Reference value :  2.12981e-06
 Reference value :  2.13033e-06
 Reference value :  2.13085e-06
 Reference value :  2.13141e-06
 Reference value :  2.13193e-06
 Reference value :  2.13247e-06
 Reference value :  2.13297e-06
 Reference value :  2.13351e-06
 Reference value :  2.13403e-06
 Reference value :  2.13457e-06
 Reference value :  2.13509e-06
 Reference value :  2.13561e-06
 Reference value :  2.13613e-06
 Reference value :  2.13663e-06
 Reference value :  2.13713e-06
 Reference value :  2.13769e-06
 Reference value :  2.13821e-06
 Reference value :  2.13879e-06
 Reference value :  2.13931e-06
 Reference value :  2.13985e-06
 Reference value :  2.14037e-06
 Reference value :  2.14089e-06
 Reference value :  2.14139e-06
 Reference value :  2.14191e-06
 Reference value :  2.14241e-06
 Reference value :  2.14295e-06
 Reference value :  2.14347e-06
 Reference value :  2.14399e-06
 Reference value :  2.14451e-06
 Reference value :  2.14503e-06
 Reference value :  2.14557e-06
 Reference value :  2.14609e-06
 Reference value :  2.14663e-06
 Reference value :  2.14717e-06
 Reference value :  2.14769e-06
 Reference value :  2.14819e-06
 Reference value :  2.14871e-06
 Reference value :  2.14923e-06
 Reference value :  2.14975e-06
 Reference value :  2.15027e-06
 Reference value :  2.15083e-06
 Reference value :  2.15137e-06
 Reference value :  2.15193e-06
 Reference value :  2.15245e-06
 Reference value :  2.15297e-06
 Reference value :  2.15349e-06
 Reference value :  2.15401e-06
 Reference value :  2.15453e-06
 Reference value :  2.15505e-06
 Reference value :  2.15559e-06
 Reference value :  2.15611e-06
 Reference value :  2.15665e-06
 Reference value :  2.15717e-06
 Reference value :  2.15769e-06
 Reference value :  2.15821e-06
 Reference value :  2.15871e-06
 Reference value :  2.15925e-06
 Reference value :  2.15977e-06
 Reference value :  2.16027e-06
 Reference value :  2.16077e-06
 Reference value :  2.16129e-06
 Reference value :  2.16183e-06
 Reference value :  2.16233e-06
 Reference value :  2.16283e-06
 Reference value :  2.16337e-06
 Reference value :  2.16389e-06
 Reference value :  2.16441e-06
 Reference value :  2.16493e-06
 Reference value :  2.16545e-06
 Reference value :  2.16597e-06
 Reference value :  2.16651e-06
 Reference value :  2.16699e-06
 Reference value :  2.16753e-06
 Reference value :  2.16807e-06
 Reference value :  2.16859e-06
 Reference value :  2.16913e-06
 Reference value :  2.16965e-06
 Reference value :  2.17015e-06
 Reference value :  2.17069e-06
 Reference value :  2.17119e-06
 Reference value :  2.17171e-06
 Reference value :  2.17223e-06
 Reference value :  2.17275e-06
 Reference value :  2.17325e-06
 Reference value :  2.17381e-06
 Reference value :  2.17435e-06
 Reference value :  2.17487e-06
 Reference value :  2.17539e-06
 Reference value :  2.17589e-06
 Reference value :  2.17641e-06
 Reference value :  2.17693e-06
 Reference value :  2.17747e-06
 Reference value :  2.17799e-06
 Reference value :  2.17851e-06
 Reference value :  2.17903e-06
 Reference value :  2.17953e-06
 Reference value :  2.18005e-06
 Reference value :  2.18057e-06
 Reference value :  2.18107e-06
 Reference value :  2.18159e-06
 Reference value :  2.18211e-06
 Reference value :  2.18263e-06
 Reference value :  2.18315e-06
 Reference value :  2.18369e-06
 Reference value :  2.18423e-06
 Reference value :  2.18473e-06
 Reference value :  2.18527e-06
 Reference value :  2.18581e-06
 Reference value :  2.18635e-06
 Reference value :  2.18685e-06
 Reference value :  2.18737e-06
 Reference value :  2.18789e-06
 Reference value :  2.18843e-06
 Reference value :  2.18895e-06
 Reference value :  2.18945e-06
 Reference value :  2.18999e-06
 Reference value :  2.19053e-06
 Reference value :  2.19105e-06
 Reference value :  2.19157e-06
 Reference value :  2.19209e-06
 Reference value :  2.19261e-06
 Reference value :  2.19313e-06
 Reference value :  2.19365e-06
 Reference value :  2.19417e-06
 Reference value :  2.19469e-06
 Reference value :  2.19521e-06
 Reference value :  2.19573e-06
 Reference value :  2.19623e-06
 Reference value :  2.19675e-06
 Reference value :  2.19725e-06
 Reference value :  2.19779e-06
 Reference value :  2.19829e-06
 Reference value :  2.19879e-06
 Reference value :  2.19929e-06
 Reference value :  2.19981e-06
 Reference value :  2.20031e-06
 Reference value :  2.20081e-06
 Reference value :  2.20131e-06
 Reference value :  2.20183e-06
 Reference value :  2.20235e-06
 Reference value :  2.20287e-06
 Reference value :  2.20339e-06
 Reference value :  2.20391e-06
 Reference value :  2.20443e-06
 Reference value :  2.20497e-06
 Reference value :  2.20547e-06
 Reference value :  2.20601e-06
 Reference value :  2.20653e-06
 Reference value :  2.20705e-06
 Reference value :  2.20755e-06
 Reference value :  2.20807e-06
 Reference value :  2.20863e-06
 Reference value :  2.20919e-06
 Reference value :  2.20971e-06
 Reference value :  2.21023e-06
 Reference value :  2.21075e-06
 Reference value :  2.21127e-06
 Reference value :  2.21177e-06
 Reference value :  2.21231e-06
 Reference value :  2.21283e-06
 Reference value :  2.21335e-06
 Reference value :  2.21391e-06
 Reference value :  2.21443e-06
 Reference value :  2.21497e-06
 Reference value :  2.21549e-06
 Reference value :  2.21601e-06
 Reference value :  2.21655e-06
 Reference value :  2.21707e-06
 Reference value :  2.21759e-06
 Reference value :  2.21815e-06
 Reference value :  2.21867e-06
 Reference value :  2.21919e-06
 Reference value :  2.21967e-06
 Reference value :  2.22019e-06
 Reference value :  2.22071e-06
 Reference value :  2.22123e-06
 Reference value :  2.22175e-06
 Reference value :  2.22227e-06
 Reference value :  2.22279e-06
 Reference value :  2.22331e-06
 Reference value :  2.22383e-06
 Reference value :  2.22435e-06
 Reference value :  2.22487e-06
 Reference value :  2.22537e-06
 Reference value :  2.22589e-06
 Reference value :  2.22639e-06
 Reference value :  2.22691e-06
 Reference value :  2.22743e-06
 Reference value :  2.22795e-06
 Reference value :  2.22847e-06
 Reference value :  2.22901e-06
 Reference value :  2.22953e-06
 Reference value :  2.23007e-06
 Reference value :  2.23059e-06
 Reference value :  2.23111e-06
 Reference value :  2.23163e-06
 Reference value :  2.23215e-06
 Reference value :  2.23267e-06
 Reference value :  2.23319e-06
 Reference value :  2.23371e-06
 Reference value :  2.23423e-06
 Reference value :  2.23475e-06
 Reference value :  2.23527e-06
 Reference value :  2.23579e-06
 Reference value :  2.23627e-06
 Reference value :  2.23681e-06
 Reference value :  2.23731e-06
 Reference value :  2.23783e-06
 Reference value :  2.23835e-06
 Reference value :  2.23887e-06
 Reference value :  2.23939e-06
 Reference value :  2.23991e-06
 Reference value :  2.24043e-06
 Reference value :  2.24095e-06
 Reference value :  2.24149e-06
 Reference value :  2.24201e-06
 Reference value :  2.24253e-06
 Reference value :  2.24305e-06
 Reference value :  2.24359e-06
 Reference value :  2.24409e-06
 Reference value :  2.24465e-06
 Reference value :  2.24517e-06
 Reference value :  2.24571e-06
 Reference value :  2.24625e-06
 Reference value :  2.24677e-06
 Reference value :  2.24727e-06
 Reference value :  2.24777e-06
 Reference value :  2.24829e-06
 Reference value :  2.24883e-06
 Reference value :  2.24935e-06
 Reference value :  2.24987e-06
 Reference value :  2.25039e-06
 Reference value :  2.25089e-06
 Reference value :  2.25141e-06
 Reference value :  2.25195e-06
 Reference value :  2.25249e-06
 Reference value :  2.25303e-06
 Reference value :  2.25355e-06
 Reference value :  2.25407e-06
 Reference value :  2.25459e-06
 Reference value :  2.25507e-06
 Reference value :  2.25561e-06
 Reference value :  2.25613e-06
 Reference value :  2.25663e-06
 Reference value :  2.25715e-06
 Reference value :  2.25767e-06
 Reference value :  2.25817e-06
 Reference value :  2.25871e-06
 Reference value :  2.25925e-06
 Reference value :  2.25977e-06
 Reference value :  2.26031e-06
 Reference value :  2.26083e-06
 Reference value :  2.26137e-06
 Reference value :  2.26189e-06
 Reference value :  2.26241e-06
 Reference value :  2.26291e-06
 Reference value :  2.26345e-06
 Reference value :  2.26399e-06
 Reference value :  2.26449e-06
 Reference value :  2.26501e-06
 Reference value :  2.26553e-06
 Reference value :  2.26603e-06
 Reference value :  2.26655e-06
 Reference value :  2.26707e-06
 Reference value :  2.26759e-06
 Reference value :  2.26811e-06
 Reference value :  2.26863e-06
 Reference value :  2.26917e-06
 Reference value :  2.26971e-06
 Reference value :  2.27025e-06
 Reference value :  2.27079e-06
 Reference value :  2.27131e-06
 Reference value :  2.27183e-06
 Reference value :  2.27235e-06
 Reference value :  2.27291e-06
 Reference value :  2.27345e-06
 Reference value :  2.27399e-06
 Reference value :  2.27451e-06
 Reference value :  2.27505e-06
 Reference value :  2.27563e-06
 Reference value :  2.27613e-06
 Reference value :  2.27667e-06
 Reference value :  2.27719e-06
 Reference value :  2.27771e-06
 Reference value :  2.27825e-06
 Reference value :  2.27875e-06
 Reference value :  2.27929e-06
 Reference value :  2.27987e-06
 Reference value :  2.28039e-06
 Reference value :  2.28091e-06
 Reference value :  2.28143e-06
 Reference value :  2.28195e-06
 Reference value :  2.28247e-06
 Reference value :  2.28299e-06
 Reference value :  2.28351e-06
 Reference value :  2.28405e-06
 Reference value :  2.28457e-06
 Reference value :  2.28511e-06
 Reference value :  2.28563e-06
 Reference value :  2.28615e-06
 Reference value :  2.28667e-06
 Reference value :  2.28719e-06
 Reference value :  2.28769e-06
 Reference value :  2.28821e-06
 Reference value :  2.28875e-06
 Reference value :  2.28929e-06
 Reference value :  2.28981e-06
 Reference value :  2.29033e-06
 Reference value :  2.29085e-06
 Reference value :  2.29137e-06
 Reference value :  2.29191e-06
 Reference value :  2.29243e-06
 Reference value :  2.29295e-06
 Reference value :  2.29349e-06
 Reference value :  2.29401e-06
 Reference value :  2.29451e-06
 Reference value :  2.29503e-06
 Reference value :  2.29557e-06
 Reference value :  2.29609e-06
 Reference value :  2.29661e-06
 Reference value :  2.29713e-06
 Reference value :  2.29765e-06
 Reference value :  2.29817e-06
 Reference value :  2.29867e-06
 Reference value :  2.29921e-06
 Reference value :  2.29973e-06
 Reference value :  2.30029e-06
 Reference value :  2.30079e-06
 Reference value :  2.30133e-06
 Reference value :  2.30185e-06
 Reference value :  2.30237e-06
 Reference value :  2.30291e-06
 Reference value :  2.30343e-06
 Reference value :  2.30397e-06
 Reference value :  2.30451e-06
 Reference value :  2.30503e-06
 Reference value :  2.30557e-06
 Reference value :  2.30609e-06
 Reference value :  2.30661e-06
 Reference value :  2.30713e-06
 Reference value :  2.30765e-06
 Reference value :  2.30817e-06
 Reference value :  2.30869e-06
 Reference value :  2.30921e-06
 Reference value :  2.30975e-06
 Reference value :  2.31027e-06
 Reference value :  2.31079e-06
 Reference value :  2.31131e-06
 Reference value :  2.31185e-06
 Reference value :  2.31237e-06
 Reference value :  2.31289e-06
 Reference value :  2.31339e-06
 Reference value :  2.31389e-06
 Reference value :  2.31441e-06
 Reference value :  2.31497e-06
 Reference value :  2.31547e-06
 Reference value :  2.31599e-06
 Reference value :  2.31655e-06
 Reference value :  2.31707e-06
 Reference value :  2.31757e-06
 Reference value :  2.31809e-06
 Reference value :  2.31863e-06
 Reference value :  2.31917e-06
 Reference value :  2.31969e-06
 Reference value :  2.32021e-06
 Reference value :  2.32073e-06
 Reference value :  2.32123e-06
 Reference value :  2.32177e-06
 Reference value :  2.32229e-06
 Reference value :  2.32281e-06
 Reference value :  2.32331e-06
 Reference value :  2.32383e-06
 Reference value :  2.32435e-06
 Reference value :  2.32487e-06
 Reference value :  2.32539e-06
 Reference value :  2.32593e-06
 Reference value :  2.32647e-06
 Reference value :  2.32699e-06
 Reference value :  2.32753e-06
 Reference value :  2.32803e-06
 Reference value :  2.32855e-06
 Reference value :  2.32909e-06
 Reference value :  2.32961e-06
 Reference value :  2.33015e-06
 Reference value :  2.33065e-06
 Reference value :  2.33115e-06
 Reference value :  2.33169e-06
 Reference value :  2.33221e-06
 Reference value :  2.33273e-06
 Reference value :  2.33327e-06
 Reference value :  2.33379e-06
 Reference value :  2.33433e-06
 Reference value :  2.33485e-06
 Reference value :  2.33539e-06
 Reference value :  2.33591e-06
 Reference value :  2.33645e-06
 Reference value :  2.33697e-06
 Reference value :  2.33751e-06
 Reference value :  2.33805e-06
 Reference value :  2.33857e-06
 Reference value :  2.33907e-06
 Reference value :  2.33959e-06
 Reference value :  2.34013e-06
 Reference value :  2.34067e-06
 Reference value :  2.34119e-06
 Reference value :  2.34171e-06
 Reference value :  2.34223e-06
 Reference value :  2.34277e-06
 Reference value :  2.34329e-06
 Reference value :  2.34383e-06
 Reference value :  2.34435e-06
 Reference value :  2.34485e-06
 Reference value :  2.34539e-06
 Reference value :  2.34591e-06
 Reference value :  2.34645e-06
 Reference value :  2.34697e-06
 Reference value :  2.34751e-06
 Reference value :  2.34803e-06
 Reference value :  2.34857e-06
 Reference value :  2.34911e-06
 Reference value :  2.34963e-06
 Reference value :  2.35021e-06
 Reference value :  2.35073e-06
 Reference value :  2.35127e-06
 Reference value :  2.35179e-06
 Reference value :  2.35233e-06
 Reference value :  2.35285e-06
 Reference value :  2.35337e-06
 Reference value :  2.35389e-06
 Reference value :  2.35443e-06
 Reference value :  2.35495e-06
 Reference value :  2.35545e-06
 Reference value :  2.35595e-06
 Reference value :  2.35645e-06
 Reference value :  2.35697e-06
 Reference value :  2.35751e-06
 Reference value :  2.35805e-06
 Reference value :  2.35863e-06
 Reference value :  2.35915e-06
 Reference value :  2.35967e-06
 Reference value :  2.36019e-06
 Reference value :  2.36071e-06
 Reference value :  2.36123e-06
 Reference value :  2.36177e-06
 Reference value :  2.36231e-06
 Reference value :  2.36281e-06
 Reference value :  2.36333e-06
 Reference value :  2.36385e-06
 Reference value :  2.36435e-06
 Reference value :  2.36487e-06
 Reference value :  2.36539e-06
 Reference value :  2.36591e-06
 Reference value :  2.36641e-06
 Reference value :  2.36693e-06
 Reference value :  2.36743e-06
 Reference value :  2.36795e-06
 Reference value :  2.36849e-06
 Reference value :  2.36901e-06
 Reference value :  2.36955e-06
 Reference value :  2.37005e-06
 Reference value :  2.37059e-06
 Reference value :  2.37111e-06
 Reference value :  2.37165e-06
 Reference value :  2.37219e-06
 Reference value :  2.37269e-06
 Reference value :  2.37323e-06
 Reference value :  2.37375e-06
 Reference value :  2.37429e-06
 Reference value :  2.37481e-06
 Reference value :  2.37533e-06
 Reference value :  2.37585e-06
 Reference value :  2.37639e-06
 Reference value :  2.37689e-06
 Reference value :  2.37743e-06
 Reference value :  2.37797e-06
 Reference value :  2.37849e-06
 Reference value :  2.37901e-06
 Reference value :  2.37953e-06
 Reference value :  2.38007e-06
 Reference value :  2.38059e-06
 Reference value :  2.38111e-06
 Reference value :  2.38163e-06
 Reference value :  2.38215e-06
 Reference value :  2.38267e-06
 Reference value :  2.38319e-06
 Reference value :  2.38369e-06
 Reference value :  2.38423e-06
 Reference value :  2.38475e-06
 Reference value :  2.38533e-06
 Reference value :  2.38585e-06
 Reference value :  2.38637e-06
 Reference value :  2.38689e-06
 Reference value :  2.38741e-06
 Reference value :  2.38793e-06
 Reference value :  2.38847e-06
 Reference value :  2.38899e-06
 Reference value :  2.38953e-06
 Reference value :  2.39005e-06
 Reference value :  2.39057e-06
 Reference value :  2.39109e-06
 Reference value :  2.39161e-06
 Reference value :  2.39213e-06
 Reference value :  2.39265e-06
 Reference value :  2.39317e-06
 Reference value :  2.39369e-06
 Reference value :  2.39421e-06
 Reference value :  2.39475e-06
 Reference value :  2.39527e-06
 Reference value :  2.39579e-06
 Reference value :  2.39631e-06
 Reference value :  2.39685e-06
 Reference value :  2.39739e-06
 Reference value :  2.39791e-06
 Reference value :  2.39843e-06
 Reference value :  2.39895e-06
 Reference value :  2.39947e-06
 Reference value :  2.39999e-06
 Reference value :  2.40051e-06
 Reference value :  2.40105e-06
 Reference value :  2.40155e-06
 Reference value :  2.40211e-06
 Reference value :  2.40263e-06
 Reference value :  2.40315e-06
 Reference value :  2.40365e-06
 Reference value :  2.40417e-06
 Reference value :  2.40467e-06
 Reference value :  2.40517e-06
 Reference value :  2.40567e-06
 Reference value :  2.40621e-06
 Reference value :  2.40671e-06
 Reference value :  2.40723e-06
 Reference value :  2.40775e-06
 Reference value :  2.40827e-06
 Reference value :  2.40879e-06
 Reference value :  2.40931e-06
 Reference value :  2.40987e-06
 Reference value :  2.41041e-06
 Reference value :  2.41091e-06
 Reference value :  2.41143e-06
 Reference value :  2.41193e-06
 Reference value :  2.41247e-06
 Reference value :  2.41299e-06
 Reference value :  2.41353e-06
 Reference value :  2.41405e-06
 Reference value :  2.41457e-06
 Reference value :  2.41509e-06
 Reference value :  2.41561e-06
 Reference value :  2.41613e-06
 Reference value :  2.41663e-06
 Reference value :  2.41713e-06
 Reference value :  2.41765e-06
 Reference value :  2.41817e-06
 Reference value :  2.41869e-06
 Reference value :  2.41921e-06
 Reference value :  2.41971e-06
 Reference value :  2.42027e-06
 Reference value :  2.42079e-06
 Reference value :  2.42131e-06
 Reference value :  2.42185e-06
 Reference value :  2.42237e-06
 Reference value :  2.42291e-06
 Reference value :  2.42343e-06
 Reference value :  2.42395e-06
 Reference value :  2.42447e-06
 Reference value :  2.42501e-06
 Reference value :  2.42557e-06
 Reference value :  2.42607e-06
 Reference value :  2.42659e-06
 Reference value :  2.42711e-06
 Reference value :  2.42765e-06
 Reference value :  2.42817e-06
 Reference value :  2.42867e-06
 Reference value :  2.42919e-06
 Reference value :  2.42973e-06
 Reference value :  2.43025e-06
 Reference value :  2.43079e-06
 Reference value :  2.43131e-06
 Reference value :  2.43183e-06
 Reference value :  2.43235e-06
 Reference value :  2.43287e-06
 Reference value :  2.43341e-06
 Reference value :  2.43393e-06
 Reference value :  2.43445e-06
 Reference value :  2.43499e-06
 Reference value :  2.43551e-06
 Reference value :  2.43605e-06
 Reference value :  2.43657e-06
 Reference value :  2.43707e-06
 Reference value :  2.43759e-06
 Reference value :  2.43809e-06
 Reference value :  2.43861e-06
 Reference value :  2.43913e-06
 Reference value :  2.43965e-06
 Reference value :  2.44017e-06
 Reference value :  2.44069e-06
 Reference value :  2.44125e-06
 Reference value :  2.44175e-06
 Reference value :  2.44227e-06
 Reference value :  2.44281e-06
 Reference value :  2.44333e-06
 Reference value :  2.44385e-06
 Reference value :  2.44439e-06
 Reference value :  2.44491e-06
 Reference value :  2.44545e-06
 Reference value :  2.44597e-06
 Reference value :  2.44649e-06
 Reference value :  2.44701e-06
 Reference value :  2.44751e-06
 Reference value :  2.44803e-06
 Reference value :  2.44855e-06
 Reference value :  2.44909e-06
 Reference value :  2.44961e-06
 Reference value :  2.45013e-06
 Reference value :  2.45065e-06
 Reference value :  2.45117e-06
 Reference value :  2.45167e-06
 Reference value :  2.45219e-06
 Reference value :  2.45271e-06
 Reference value :  2.45321e-06
 Reference value :  2.45371e-06
 Reference value :  2.45425e-06
 Reference value :  2.45477e-06
 Reference value :  2.45531e-06
 Reference value :  2.45589e-06
 Reference value :  2.45639e-06
 Reference value :  2.45691e-06
 Reference value :  2.45745e-06
 Reference value :  2.45797e-06
 Reference value :  2.45849e-06
 Reference value :  2.45901e-06
 Reference value :  2.45955e-06
 Reference value :  2.46009e-06
 Reference value :  2.46061e-06
 Reference value :  2.46113e-06
 Reference value :  2.46165e-06
 Reference value :  2.46217e-06
 Reference value :  2.46269e-06
 Reference value :  2.46321e-06
 Reference value :  2.46373e-06
 Reference value :  2.46425e-06
 Reference value :  2.46479e-06
 Reference value :  2.46531e-06
 Reference value :  2.46581e-06
 Reference value :  2.46635e-06
 Reference value :  2.46687e-06
 Reference value :  2.46737e-06
 Reference value :  2.46789e-06
 Reference value :  2.46839e-06
 Reference value :  2.46891e-06
 Reference value :  2.46943e-06
 Reference value :  2.46995e-06
 Reference value :  2.47047e-06
 Reference value :  2.47099e-06
 Reference value :  2.47151e-06
 Reference value :  2.47203e-06
 Reference value :  2.47255e-06
 Reference value :  2.47305e-06
 Reference value :  2.47357e-06
 Reference value :  2.47409e-06
 Reference value :  2.47463e-06
 Reference value :  2.47517e-06
 Reference value :  2.47569e-06
 Reference value :  2.47623e-06
 Reference value :  2.47673e-06
 Reference value :  2.47727e-06
 Reference value :  2.47777e-06
 Reference value :  2.47827e-06
 Reference value :  2.47881e-06
 Reference value :  2.47931e-06
 Reference value :  2.47981e-06
 Reference value :  2.48033e-06
 Reference value :  2.48085e-06
 Reference value :  2.48139e-06
 Reference value :  2.48191e-06
 Reference value :  2.48243e-06
 Reference value :  2.48295e-06
 Reference value :  2.48347e-06
 Reference value :  2.48399e-06
 Reference value :  2.48451e-06
 Reference value :  2.48503e-06
 Reference value :  2.48553e-06
 Reference value :  2.48607e-06
 Reference value :  2.48661e-06
 Reference value :  2.48713e-06
 Reference value :  2.48765e-06
 Reference value :  2.48817e-06
 Reference value :  2.48869e-06
 Reference value :  2.48919e-06
 Reference value :  2.48971e-06
 Reference value :  2.49025e-06
 Reference value :  2.49083e-06
 Reference value :  2.49135e-06
 Reference value :  2.49189e-06
 Reference value :  2.49241e-06
 Reference value :  2.49295e-06
 Reference value :  2.49347e-06
 Reference value :  2.49401e-06
 Reference value :  2.49453e-06
 Reference value :  2.49505e-06
 Reference value :  2.49559e-06
 Reference value :  2.49611e-06
 Reference value :  2.49661e-06
 Reference value :  2.49713e-06
 Reference value :  2.49763e-06
 Reference value :  2.49815e-06
 Reference value :  2.49867e-06
 Reference value :  2.49917e-06
 Reference value :  2.49971e-06
 Reference value :  2.50025e-06
 Reference value :  2.50077e-06
 Reference value :  2.50129e-06
 Reference value :  2.50183e-06
 Reference value :  2.50235e-06
 Reference value :  2.50287e-06
 Reference value :  2.50337e-06
 Reference value :  2.50387e-06
 Reference value :  2.50439e-06
 Reference value :  2.50493e-06
 Reference value :  2.50545e-06
 Reference value :  2.50597e-06
 Reference value :  2.50649e-06
 Reference value :  2.50701e-06
 Reference value :  2.50751e-06
 Reference value :  2.50803e-06
 Reference value :  2.50853e-06
 Reference value :  2.50905e-06
 Reference value :  2.50959e-06
 Reference value :  2.51013e-06
 Reference value :  2.51063e-06
 Reference value :  2.51115e-06
 Reference value :  2.51169e-06
 Reference value :  2.51221e-06
 Reference value :  2.51273e-06
 Reference value :  2.51325e-06
 Reference value :  2.51377e-06
 Reference value :  2.51429e-06
 Reference value :  2.51481e-06
 Reference value :  2.51533e-06
 Reference value :  2.51587e-06
 Reference value :  2.51639e-06
 Reference value :  2.51689e-06
 Reference value :  2.51741e-06
 Reference value :  2.51793e-06
 Reference value :  2.51845e-06
 Reference value :  2.51897e-06
 Reference value :  2.51949e-06
 Reference value :  2.52003e-06
 Reference value :  2.52055e-06
 Reference value :  2.52107e-06
 Reference value :  2.52159e-06
 Reference value :  2.52211e-06
 Reference value :  2.52261e-06
 Reference value :  2.52313e-06
 Reference value :  2.52365e-06
 Reference value :  2.52417e-06
 Reference value :  2.52469e-06
 Reference value :  2.52521e-06
 Reference value :  2.52573e-06
 Reference value :  2.52629e-06
 Reference value :  2.52679e-06
 Reference value :  2.52731e-06
 Reference value :  2.52783e-06
 Reference value :  2.52831e-06
 Reference value :  2.52881e-06
 Reference value :  2.52933e-06
 Reference value :  2.52985e-06
 Reference value :  2.53039e-06
 Reference value :  2.53095e-06
 Reference value :  2.53147e-06
 Reference value :  2.53199e-06
 Reference value :  2.53249e-06
 Reference value :  2.53303e-06
 Reference value :  2.53355e-06
 Reference value :  2.53407e-06
 Reference value :  2.53461e-06
 Reference value :  2.53513e-06
 Reference value :  2.53565e-06
 Reference value :  2.53617e-06
 Reference value :  2.53671e-06
 Reference value :  2.53723e-06
 Reference value :  2.53775e-06
 Reference value :  2.53829e-06
 Reference value :  2.53881e-06
 Reference value :  2.53931e-06
 Reference value :  2.53983e-06
 Reference value :  2.54035e-06
 Reference value :  2.54087e-06
 Reference value :  2.54139e-06
 Reference value :  2.54191e-06
 Reference value :  2.54241e-06
 Reference value :  2.54289e-06
 Reference value :  2.54341e-06
 Reference value :  2.54393e-06
 Reference value :  2.54445e-06
 Reference value :  2.54499e-06
 Reference value :  2.54551e-06
 Reference value :  2.54605e-06
 Reference value :  2.54657e-06
 Reference value :  2.54711e-06
 Reference value :  2.54763e-06
 Reference value :  2.54815e-06
 Reference value :  2.54867e-06
 Reference value :  2.54919e-06
 Reference value :  2.54971e-06
 Reference value :  2.55023e-06
 Reference value :  2.55079e-06
 Reference value :  2.55133e-06
 Reference value :  2.55185e-06
 Reference value :  2.55237e-06
 Reference value :  2.55289e-06
 Reference value :  2.55341e-06
 Reference value :  2.55393e-06
 Reference value :  2.55445e-06
 Reference value :  2.55499e-06
 Reference value :  2.55551e-06
 Reference value :  2.55601e-06
 Reference value :  2.55653e-06
 Reference value :  2.55707e-06
 Reference value :  2.55759e-06
 Reference value :  2.55813e-06
 Reference value :  2.55865e-06
 Reference value :  2.55917e-06
 Reference value :  2.55967e-06
 Reference value :  2.56017e-06
 Reference value :  2.56069e-06
 Reference value :  2.56127e-06
 Reference value :  2.56179e-06
 Reference value :  2.56231e-06
 Reference value :  2.56285e-06
 Reference value :  2.56337e-06
 Reference value :  2.56389e-06
 Reference value :  2.56439e-06
 Reference value :  2.56491e-06
 Reference value :  2.56543e-06
 Reference value :  2.56595e-06
 Reference value :  2.56647e-06
 Reference value :  2.56699e-06
 Reference value :  2.56751e-06
 Reference value :  2.56803e-06
 Reference value :  2.56855e-06
 Reference value :  2.56907e-06
 Reference value :  2.56959e-06
 Reference value :  2.57011e-06
 Reference value :  2.57063e-06
 Reference value :  2.57115e-06
 Reference value :  2.57167e-06
 Reference value :  2.57219e-06
 Reference value :  2.57271e-06
 Reference value :  2.57323e-06
 Reference value :  2.57375e-06
 Reference value :  2.57429e-06
 Reference value :  2.57481e-06
 Reference value :  2.57533e-06
 Reference value :  2.57587e-06
 Reference value :  2.57639e-06
 Reference value :  2.57691e-06
 Reference value :  2.57743e-06
 Reference value :  2.57797e-06
 Reference value :  2.57851e-06
 Reference value :  2.57903e-06
 Reference value :  2.57957e-06
 Reference value :  2.58009e-06
 Reference value :  2.58061e-06
 Reference value :  2.58115e-06
 Reference value :  2.58169e-06
 Reference value :  2.58223e-06
 Reference value :  2.58275e-06
 Reference value :  2.58327e-06
 Reference value :  2.58379e-06
 Reference value :  2.58431e-06
 Reference value :  2.58481e-06
 Reference value :  2.58535e-06
 Reference value :  2.58587e-06
 Reference value :  2.58639e-06
 Reference value :  2.58689e-06
 Reference value :  2.58739e-06
 Reference value :  2.58789e-06
 Reference value :  2.58841e-06
 Reference value :  2.58893e-06
 Reference value :  2.58943e-06
 Reference value :  2.58993e-06
 Reference value :  2.59045e-06
 Reference value :  2.59097e-06
 Reference value :  2.59149e-06
 Reference value :  2.59203e-06
 Reference value :  2.59255e-06
 Reference value :  2.59309e-06
 Reference value :  2.59361e-06
 Reference value :  2.59413e-06
 Reference value :  2.59463e-06
 Reference value :  2.59517e-06
 Reference value :  2.59575e-06
 Reference value :  2.59631e-06
 Reference value :  2.59685e-06
 Reference value :  2.59737e-06
 Reference value :  2.59789e-06
 Reference value :  2.59843e-06
 Reference value :  2.59893e-06
 Reference value :  2.59943e-06
 Reference value :  2.59995e-06
 Reference value :  2.60049e-06
 Reference value :  2.60105e-06
 Reference value :  2.60157e-06
 Reference value :  2.60209e-06
 Reference value :  2.60263e-06
 Reference value :  2.60315e-06
 Reference value :  2.60365e-06
 Reference value :  2.60415e-06
 Reference value :  2.60465e-06
 Reference value :  2.60519e-06
 Reference value :  2.60571e-06
 Reference value :  2.60623e-06
 Reference value :  2.60673e-06
 Reference value :  2.60723e-06
 Reference value :  2.60775e-06
 Reference value :  2.60827e-06
 Reference value :  2.60879e-06
 Reference value :  2.60929e-06
 Reference value :  2.60981e-06
 Reference value :  2.61031e-06
 Reference value :  2.61083e-06
 Reference value :  2.61133e-06
 Reference value :  2.61183e-06
 Reference value :  2.61235e-06
 Reference value :  2.61287e-06
 Reference value :  2.61339e-06
 Reference value :  2.61391e-06
 Reference value :  2.61443e-06
 Reference value :  2.61491e-06
 Reference value :  2.61541e-06
 Reference value :  2.61593e-06
 Reference value :  2.61643e-06
 Reference value :  2.61695e-06
 Reference value :  2.61749e-06
 Reference value :  2.61801e-06
 Reference value :  2.61853e-06
 Reference value :  2.61909e-06
 Reference value :  2.61961e-06
 Reference value :  2.62013e-06
 Reference value :  2.62065e-06
 Reference value :  2.62117e-06
 Reference value :  2.62169e-06
 Reference value :  2.62221e-06
 Reference value :  2.62273e-06
 Reference value :  2.62327e-06
 Reference value :  2.62379e-06
 Reference value :  2.62431e-06
 Reference value :  2.62481e-06
 Reference value :  2.62533e-06
 Reference value :  2.62585e-06
 Reference value :  2.62637e-06
 Reference value :  2.62687e-06
 Reference value :  2.62739e-06
 Reference value :  2.62793e-06
 Reference value :  2.62845e-06
 Reference value :  2.62897e-06
 Reference value :  2.62951e-06
 Reference value :  2.63003e-06
 Reference value :  2.63055e-06
 Reference value :  2.63105e-06
 Reference value :  2.63159e-06
 Reference value :  2.63209e-06
 Reference value :  2.63261e-06
 Reference value :  2.63313e-06
 Reference value :  2.63363e-06
 Reference value :  2.63415e-06
 Reference value :  2.63467e-06
 Reference value :  2.63517e-06
 Reference value :  2.63569e-06
 Reference value :  2.63623e-06
 Reference value :  2.63675e-06
 Reference value :  2.63729e-06
 Reference value :  2.63781e-06
 Reference value :  2.63833e-06
 Reference value :  2.63885e-06
 Reference value :  2.63937e-06
 Reference value :  2.63989e-06
 Reference value :  2.64041e-06
 Reference value :  2.64093e-06
 Reference value :  2.64145e-06
 Reference value :  2.64195e-06
 Reference value :  2.64247e-06
 Reference value :  2.64299e-06
 Reference value :  2.64349e-06
 Reference value :  2.64401e-06
 Reference value :  2.64453e-06
 Reference value :  2.64505e-06
 Reference value :  2.64555e-06
 Reference value :  2.64607e-06
 Reference value :  2.64659e-06
 Reference value :  2.64711e-06
 Reference value :  2.64761e-06
 Reference value :  2.64813e-06
 Reference value :  2.64865e-06
 Reference value :  2.64915e-06
 Reference value :  2.64967e-06
 Reference value :  2.65017e-06
 Reference value :  2.65071e-06
 Reference value :  2.65121e-06
 Reference value :  2.65173e-06
 Reference value :  2.65223e-06
 Reference value :  2.65273e-06
 Reference value :  2.65325e-06
 Reference value :  2.65377e-06
 Reference value :  2.65429e-06
 Reference value :  2.65479e-06
 Reference value :  2.65529e-06
 Reference value :  2.65581e-06
 Reference value :  2.65633e-06
 Reference value :  2.65685e-06
 Reference value :  2.65737e-06
 Reference value :  2.65789e-06
 Reference value :  2.65841e-06
 Reference value :  2.65893e-06
 Reference value :  2.65943e-06
 Reference value :  2.65995e-06
 Reference value :  2.66049e-06
 Reference value :  2.66101e-06
 Reference value :  2.66151e-06
 Reference value :  2.66201e-06
 Reference value :  2.66253e-06
 Reference value :  2.66305e-06
 Reference value :  2.66357e-06
 Reference value :  2.66409e-06
 Reference value :  2.66461e-06
 Reference value :  2.66513e-06
 Reference value :  2.66565e-06
 Reference value :  2.66617e-06
 Reference value :  2.66669e-06
 Reference value :  2.66727e-06
 Reference value :  2.66779e-06
 Reference value :  2.66833e-06
 Reference value :  2.66883e-06
 Reference value :  2.66935e-06
 Reference value :  2.66987e-06
 Reference value :  2.67037e-06
 Reference value :  2.67089e-06
 Reference value :  2.67139e-06
 Reference value :  2.67189e-06
 Reference value :  2.67243e-06
 Reference value :  2.67295e-06
 Reference value :  2.67347e-06
 Reference value :  2.67399e-06
 Reference value :  2.67451e-06
 Reference value :  2.67503e-06
 Reference value :  2.67555e-06
 Reference value :  2.67607e-06
 Reference value :  2.67661e-06
 Reference value :  2.67713e-06
 Reference value :  2.67765e-06
 Reference value :  2.67819e-06
 Reference value :  2.67871e-06
 Reference value :  2.67925e-06
 Reference value :  2.67975e-06
 Reference value :  2.68027e-06
 Reference value :  2.68081e-06
 Reference value :  2.68135e-06
 Reference value :  2.68187e-06
 Reference value :  2.68239e-06
 Reference value :  2.68289e-06
 Reference value :  2.68343e-06
 Reference value :  2.68393e-06
 Reference value :  2.68445e-06
 Reference value :  2.68497e-06
 Reference value :  2.68549e-06
 Reference value :  2.68603e-06
 Reference value :  2.68653e-06
 Reference value :  2.68705e-06
 Reference value :  2.68759e-06
 Reference value :  2.68809e-06
 Reference value :  2.68861e-06
 Reference value :  2.68913e-06
 Reference value :  2.68967e-06
 Reference value :  2.69019e-06
 Reference value :  2.69071e-06
 Reference value :  2.69121e-06
 Reference value :  2.69173e-06
 Reference value :  2.69225e-06
 Reference value :  2.69277e-06
 Reference value :  2.69331e-06
 Reference value :  2.69383e-06
 Reference value :  2.69437e-06
 Reference value :  2.69489e-06
 Reference value :  2.69541e-06
 Reference value :  2.69593e-06
 Reference value :  2.69645e-06
 Reference value :  2.69697e-06
 Reference value :  2.69749e-06
 Reference value :  2.69801e-06
 Reference value :  2.69855e-06
 Reference value :  2.69907e-06
 Reference value :  2.69959e-06
 Reference value :  2.70011e-06
 Reference value :  2.70063e-06
 Reference value :  2.70115e-06
 Reference value :  2.70169e-06
 Reference value :  2.70227e-06
 Reference value :  2.70281e-06
 Reference value :  2.70333e-06
 Reference value :  2.70387e-06
 Reference value :  2.70439e-06
 Reference value :  2.70489e-06
 Reference value :  2.70537e-06
 Reference value :  2.70589e-06
 Reference value :  2.70641e-06
 Reference value :  2.70695e-06
 Reference value :  2.70747e-06
 Reference value :  2.70801e-06
 Reference value :  2.70853e-06
 Reference value :  2.70905e-06
 Reference value :  2.70957e-06
 Reference value :  2.71009e-06
 Reference value :  2.71061e-06
 Reference value :  2.71113e-06
 Reference value :  2.71165e-06
 Reference value :  2.71217e-06
 Reference value :  2.71269e-06
 Reference value :  2.71321e-06
 Reference value :  2.71373e-06
 Reference value :  2.71423e-06
 Reference value :  2.71475e-06
 Reference value :  2.71527e-06
 Reference value :  2.71579e-06
 Reference value :  2.71631e-06
 Reference value :  2.71681e-06
 Reference value :  2.71731e-06
 Reference value :  2.71783e-06
 Reference value :  2.71835e-06
 Reference value :  2.71887e-06
 Reference value :  2.71939e-06
 Reference value :  2.71991e-06
 Reference value :  2.72043e-06
 Reference value :  2.72095e-06
 Reference value :  2.72147e-06
 Reference value :  2.72199e-06
 Reference value :  2.72251e-06
 Reference value :  2.72303e-06
 Reference value :  2.72357e-06
 Reference value :  2.72407e-06
 Reference value :  2.72459e-06
 Reference value :  2.72509e-06
 Reference value :  2.72563e-06
 Reference value :  2.72617e-06
 Reference value :  2.72667e-06
 Reference value :  2.72719e-06
 Reference value :  2.72771e-06
 Reference value :  2.72823e-06
 Reference value :  2.72875e-06
 Reference value :  2.72927e-06
 Reference value :  2.72977e-06
 Reference value :  2.73029e-06
 Reference value :  2.73081e-06
 Reference value :  2.73133e-06
 Reference value :  2.73187e-06
 Reference value :  2.73237e-06
 Reference value :  2.73291e-06
 Reference value :  2.73343e-06
 Reference value :  2.73395e-06
 Reference value :  2.73445e-06
 Reference value :  2.73497e-06
 Reference value :  2.73551e-06
 Reference value :  2.73605e-06
 Reference value :  2.73657e-06
 Reference value :  2.73709e-06
 Reference value :  2.73765e-06
 Reference value :  2.73817e-06
 Reference value :  2.73869e-06
 Reference value :  2.73921e-06
 Reference value :  2.73973e-06
 Reference value :  2.74025e-06
 Reference value :  2.74077e-06
 Reference value :  2.74127e-06
 Reference value :  2.74181e-06
 Reference value :  2.74233e-06
 Reference value :  2.74285e-06
 Reference value :  2.74337e-06
 Reference value :  2.74389e-06
 Reference value :  2.74441e-06
 Reference value :  2.74493e-06
 Reference value :  2.74545e-06
 Reference value :  2.74599e-06
 Reference value :  2.74653e-06
 Reference value :  2.74705e-06
 Reference value :  2.74755e-06
 Reference value :  2.74809e-06
 Reference value :  2.74861e-06
 Reference value :  2.74911e-06
 Reference value :  2.74963e-06
 Reference value :  2.75015e-06
 Reference value :  2.75065e-06
 Reference value :  2.75113e-06
 Reference value :  2.75165e-06
 Reference value :  2.75217e-06
 Reference value :  2.75269e-06
 Reference value :  2.75321e-06
 Reference value :  2.75373e-06
 Reference value :  2.75425e-06
 Reference value :  2.75475e-06
 Reference value :  2.75527e-06
 Reference value :  2.75579e-06
 Reference value :  2.75633e-06
 Reference value :  2.75687e-06
 Reference value :  2.75739e-06
 Reference value :  2.75793e-06
 Reference value :  2.75845e-06
 Reference value :  2.75895e-06
 Reference value :  2.75947e-06
 Reference value :  2.75999e-06
 Reference value :  2.76051e-06
 Reference value :  2.76101e-06
 Reference value :  2.76151e-06
 Reference value :  2.76201e-06
 Reference value :  2.76253e-06
 Reference value :  2.76305e-06
 Reference value :  2.76357e-06
 Reference value :  2.76411e-06
 Reference value :  2.76463e-06
 Reference value :  2.76515e-06
 Reference value :  2.76565e-06
 Reference value :  2.76617e-06
 Reference value :  2.76669e-06
 Reference value :  2.76723e-06
 Reference value :  2.76773e-06
 Reference value :  2.76825e-06
 Reference value :  2.76877e-06
 Reference value :  2.76929e-06
 Reference value :  2.76979e-06
 Reference value :  2.77031e-06
 Reference value :  2.77083e-06
 Reference value :  2.77135e-06
 Reference value :  2.77187e-06
 Reference value :  2.77239e-06
 Reference value :  2.77293e-06
 Reference value :  2.77345e-06
 Reference value :  2.77395e-06
 Reference value :  2.77447e-06
 Reference value :  2.77499e-06
 Reference value :  2.77553e-06
 Reference value :  2.77603e-06
 Reference value :  2.77655e-06
 Reference value :  2.77709e-06
 Reference value :  2.77761e-06
 Reference value :  2.77813e-06
 Reference value :  2.77865e-06
 Reference value :  2.77917e-06
 Reference value :  2.77969e-06
 Reference value :  2.78021e-06
 Reference value :  2.78071e-06
 Reference value :  2.78123e-06
 Reference value :  2.78175e-06
 Reference value :  2.78227e-06
 Reference value :  2.78279e-06
 Reference value :  2.78333e-06
 Reference value :  2.78385e-06
 Reference value :  2.78437e-06
 Reference value :  2.78487e-06
 Reference value :  2.78537e-06
 Reference value :  2.78589e-06
 Reference value :  2.78641e-06
 Reference value :  2.78691e-06
 Reference value :  2.78741e-06
 Reference value :  2.78793e-06
 Reference value :  2.78843e-06
 Reference value :  2.78895e-06
 Reference value :  2.78947e-06
 Reference value :  2.78999e-06
 Reference value :  2.79051e-06
 Reference value :  2.79105e-06
 Reference value :  2.79159e-06
 Reference value :  2.79211e-06
 Reference value :  2.79263e-06
 Reference value :  2.79317e-06
 Reference value :  2.79369e-06
 Reference value :  2.79419e-06
 Reference value :  2.79471e-06
 Reference value :  2.79521e-06
 Reference value :  2.79573e-06
 Reference value :  2.79625e-06
 Reference value :  2.79673e-06
 Reference value :  2.79727e-06
 Reference value :  2.79779e-06
 Reference value :  2.79831e-06
 Reference value :  2.79885e-06
 Reference value :  2.79935e-06
 Reference value :  2.79987e-06
 Reference value :  2.80041e-06
 Reference value :  2.80091e-06
 Reference value :  2.80143e-06
 Reference value :  2.80197e-06
 Reference value :  2.80251e-06
 Reference value :  2.80305e-06
 Reference value :  2.80359e-06
 Reference value :  2.80409e-06
 Reference value :  2.80461e-06
 Reference value :  2.80513e-06
 Reference value :  2.80565e-06
 Reference value :  2.80619e-06
 Reference value :  2.80671e-06
 Reference value :  2.80723e-06
 Reference value :  2.80779e-06
 Reference value :  2.80831e-06
 Reference value :  2.80883e-06
 Reference value :  2.80937e-06
 Reference value :  2.80989e-06
 Reference value :  2.81039e-06
 Reference value :  2.81091e-06
 Reference value :  2.81143e-06
 Reference value :  2.81195e-06
 Reference value :  2.81247e-06
 Reference value :  2.81299e-06
 Reference value :  2.81351e-06
 Reference value :  2.81403e-06
 Reference value :  2.81453e-06
 Reference value :  2.81505e-06
 Reference value :  2.81557e-06
 Reference value :  2.81609e-06
 Reference value :  2.81661e-06
 Reference value :  2.81713e-06
 Reference value :  2.81765e-06
 Reference value :  2.81819e-06
 Reference value :  2.81871e-06
 Reference value :  2.81923e-06
 Reference value :  2.81979e-06
 Reference value :  2.82031e-06
 Reference value :  2.82083e-06
 Reference value :  2.82135e-06
 Reference value :  2.82187e-06
 Reference value :  2.82237e-06
 Reference value :  2.82289e-06
 Reference value :  2.82339e-06
 Reference value :  2.82391e-06
 Reference value :  2.82443e-06
 Reference value :  2.82495e-06
 Reference value :  2.82549e-06
 Reference value :  2.82599e-06
 Reference value :  2.82649e-06
 Reference value :  2.82701e-06
 Reference value :  2.82753e-06
 Reference value :  2.82805e-06
 Reference value :  2.82859e-06
 Reference value :  2.82909e-06
 Reference value :  2.82959e-06
 Reference value :  2.83011e-06
 Reference value :  2.83063e-06
 Reference value :  2.83113e-06
 Reference value :  2.83165e-06
 Reference value :  2.83217e-06
 Reference value :  2.83269e-06
 Reference value :  2.83319e-06
 Reference value :  2.83371e-06
 Reference value :  2.83423e-06
 Reference value :  2.83473e-06
 Reference value :  2.83525e-06
 Reference value :  2.83577e-06
 Reference value :  2.83629e-06
 Reference value :  2.83679e-06
 Reference value :  2.83731e-06
 Reference value :  2.83783e-06
 Reference value :  2.83835e-06
 Reference value :  2.83887e-06
 Reference value :  2.83939e-06
 Reference value :  2.83991e-06
 Reference value :  2.84043e-06
 Reference value :  2.84095e-06
 Reference value :  2.84147e-06
 Reference value :  2.84197e-06
 Reference value :  2.84249e-06
 Reference value :  2.84307e-06
 Reference value :  2.84359e-06
 Reference value :  2.84411e-06
 Reference value :  2.84463e-06
 Reference value :  2.84515e-06
 Reference value :  2.84567e-06
 Reference value :  2.84619e-06
 Reference value :  2.84671e-06
 Reference value :  2.84721e-06
 Reference value :  2.84775e-06
 Reference value :  2.84829e-06
 Reference value :  2.84881e-06
 Reference value :  2.84935e-06
 Reference value :  2.84989e-06
 Reference value :  2.85041e-06
 Reference value :  2.85093e-06
 Reference value :  2.85147e-06
 Reference value :  2.85201e-06
 Reference value :  2.85255e-06
 Reference value :  2.85307e-06
 Reference value :  2.85359e-06
 Reference value :  2.85411e-06
 Reference value :  2.85461e-06
 Reference value :  2.85511e-06
 Reference value :  2.85561e-06
 Reference value :  2.85615e-06
 Reference value :  2.85667e-06
 Reference value :  2.85717e-06
 Reference value :  2.85769e-06
 Reference value :  2.85821e-06
 Reference value :  2.85873e-06
 Reference value :  2.85925e-06
 Reference value :  2.85975e-06
 Reference value :  2.86027e-06
 Reference value :  2.86079e-06
 Reference value :  2.86131e-06
 Reference value :  2.86183e-06
 Reference value :  2.86235e-06
 Reference value :  2.86287e-06
 Reference value :  2.86339e-06
 Reference value :  2.86393e-06
 Reference value :  2.86445e-06
 Reference value :  2.86497e-06
 Reference value :  2.86549e-06
 Reference value :  2.86601e-06
 Reference value :  2.86653e-06
 Reference value :  2.86703e-06
 Reference value :  2.86755e-06
 Reference value :  2.86805e-06
 Reference value :  2.86857e-06
 Reference value :  2.86907e-06
 Reference value :  2.86961e-06
 Reference value :  2.87011e-06
 Reference value :  2.87063e-06
 Reference value :  2.87115e-06
 Reference value :  2.87165e-06
 Reference value :  2.87217e-06
 Reference value :  2.87269e-06
 Reference value :  2.87321e-06
 Reference value :  2.87373e-06
 Reference value :  2.87425e-06
 Reference value :  2.87477e-06
 Reference value :  2.87529e-06
 Reference value :  2.87581e-06
 Reference value :  2.87633e-06
 Reference value :  2.87685e-06
 Reference value :  2.87737e-06
 Reference value :  2.87787e-06
 Reference value :  2.87845e-06
 Reference value :  2.87897e-06
 Reference value :  2.87949e-06
 Reference value :  2.88001e-06
 Reference value :  2.88053e-06
 Reference value :  2.88105e-06
 Reference value :  2.88155e-06
 Reference value :  2.88207e-06
 Reference value :  2.88259e-06
 Reference value :  2.88309e-06
 Reference value :  2.88359e-06
 Reference value :  2.88411e-06
 Reference value :  2.88463e-06
 Reference value :  2.88513e-06
 Reference value :  2.88565e-06
 Reference value :  2.88617e-06
 Reference value :  2.88669e-06
 Reference value :  2.88721e-06
 Reference value :  2.88771e-06
 Reference value :  2.88823e-06
 Reference value :  2.88875e-06
 Reference value :  2.88927e-06
 Reference value :  2.88979e-06
 Reference value :  2.89029e-06
 Reference value :  2.89081e-06
 Reference value :  2.89133e-06
 Reference value :  2.89185e-06
 Reference value :  2.89237e-06
 Reference value :  2.89289e-06
 Reference value :  2.89341e-06
 Reference value :  2.89393e-06
 Reference value :  2.89445e-06
 Reference value :  2.89497e-06
 Reference value :  2.89549e-06
 Reference value :  2.89603e-06
 Reference value :  2.89655e-06
 Reference value :  2.89707e-06
 Reference value :  2.89759e-06
 Reference value :  2.89811e-06
 Reference value :  2.89863e-06
 Reference value :  2.89919e-06
 Reference value :  2.89971e-06
 Reference value :  2.90021e-06
 Reference value :  2.90075e-06
 Reference value :  2.90125e-06
 Reference value :  2.90179e-06
 Reference value :  2.90231e-06
 Reference value :  2.90283e-06
 Reference value :  2.90335e-06
 Reference value :  2.90387e-06
 Reference value :  2.90441e-06
 Reference value :  2.90493e-06
 Reference value :  2.90547e-06
 Reference value :  2.90599e-06
 Reference value :  2.90651e-06
 Reference value :  2.90703e-06
 Reference value :  2.90755e-06
 Reference value :  2.90805e-06
 Reference value :  2.90857e-06
 Reference value :  2.90909e-06
 Reference value :  2.90961e-06
 Reference value :  2.91011e-06
 Reference value :  2.91063e-06
 Reference value :  2.91115e-06
 Reference value :  2.91167e-06
 Reference value :  2.91219e-06
 Reference value :  2.91271e-06
 Reference value :  2.91327e-06
 Reference value :  2.91381e-06
 Reference value :  2.91433e-06
 Reference value :  2.91485e-06
 Reference value :  2.91535e-06
 Reference value :  2.91587e-06
 Reference value :  2.91639e-06
 Reference value :  2.91689e-06
 Reference value :  2.91741e-06
 Reference value :  2.91793e-06
 Reference value :  2.91845e-06
 Reference value :  2.91897e-06
 Reference value :  2.91949e-06
 Reference value :  2.91999e-06
 Reference value :  2.92049e-06
 Reference value :  2.92101e-06
 Reference value :  2.92153e-06
 Reference value :  2.92207e-06
 Reference value :  2.92259e-06
 Reference value :  2.92313e-06
 Reference value :  2.92365e-06
 Reference value :  2.92419e-06
 Reference value :  2.92469e-06
 Reference value :  2.92521e-06
 Reference value :  2.92573e-06
 Reference value :  2.92625e-06
 Reference value :  2.92677e-06
 Reference value :  2.92729e-06
 Reference value :  2.92781e-06
 Reference value :  2.92835e-06
 Reference value :  2.92887e-06
 Reference value :  2.92939e-06
 Reference value :  2.92991e-06
 Reference value :  2.93043e-06
 Reference value :  2.93095e-06
 Reference value :  2.93147e-06
 Reference value :  2.93197e-06
 Reference value :  2.93249e-06
 Reference value :  2.93299e-06
 Reference value :  2.93353e-06
 Reference value :  2.93407e-06
 Reference value :  2.93459e-06
 Reference value :  2.93509e-06
 Reference value :  2.93559e-06
 Reference value :  2.93609e-06
 Reference value :  2.93661e-06
 Reference value :  2.93713e-06
 Reference value :  2.93765e-06
 Reference value :  2.93819e-06
 Reference value :  2.93871e-06
 Reference value :  2.93921e-06
 Reference value :  2.93973e-06
 Reference value :  2.94025e-06
 Reference value :  2.94077e-06
 Reference value :  2.94127e-06
 Reference value :  2.94179e-06
 Reference value :  2.94231e-06
 Reference value :  2.94283e-06
 Reference value :  2.94335e-06
 Reference value :  2.94387e-06
 Reference value :  2.94441e-06
 Reference value :  2.94493e-06
 Reference value :  2.94543e-06
 Reference value :  2.94595e-06
 Reference value :  2.94647e-06
 Reference value :  2.94699e-06
 Reference value :  2.94751e-06
 Reference value :  2.94803e-06
 Reference value :  2.94859e-06
 Reference value :  2.94909e-06
 Reference value :  2.94961e-06
 Reference value :  2.95013e-06
 Reference value :  2.95065e-06
 Reference value :  2.95117e-06
 Reference value :  2.95169e-06
 Reference value :  2.95221e-06
 Reference value :  2.95275e-06
 Reference value :  2.95329e-06
 Reference value :  2.95379e-06
 Reference value :  2.95431e-06
 Reference value :  2.95483e-06
 Reference value :  2.95537e-06
 Reference value :  2.95589e-06
 Reference value :  2.95639e-06
 Reference value :  2.95691e-06
 Reference value :  2.95745e-06
 Reference value :  2.95799e-06
 Reference value :  2.95853e-06
 Reference value :  2.95905e-06
 Reference value :  2.95955e-06
 Reference value :  2.96007e-06
 Reference value :  2.96059e-06
 Reference value :  2.96111e-06
 Reference value :  2.96163e-06
 Reference value :  2.96215e-06
 Reference value :  2.96265e-06
 Reference value :  2.96317e-06
 Reference value :  2.96369e-06
 Reference value :  2.96423e-06
 Reference value :  2.96477e-06
 Reference value :  2.96529e-06
 Reference value :  2.96581e-06
 Reference value :  2.96633e-06
 Reference value :  2.96685e-06
 Reference value :  2.96737e-06
 Reference value :  2.96789e-06
 Reference value :  2.96841e-06
 Reference value :  2.96893e-06
 Reference value :  2.96945e-06
 Reference value :  2.96995e-06
 Reference value :  2.97047e-06
 Reference value :  2.97099e-06
 Reference value :  2.97151e-06
 Reference value :  2.97203e-06
 Reference value :  2.97255e-06
 Reference value :  2.97305e-06
 Reference value :  2.97357e-06
 Reference value :  2.97409e-06
 Reference value :  2.97461e-06
 Reference value :  2.97513e-06
 Reference value :  2.97565e-06
 Reference value :  2.97617e-06
 Reference value :  2.97669e-06
 Reference value :  2.97723e-06
 Reference value :  2.97777e-06
 Reference value :  2.97829e-06
 Reference value :  2.97881e-06
 Reference value :  2.97933e-06
 Reference value :  2.97987e-06
 Reference value :  2.98041e-06
 Reference value :  2.98093e-06
 Reference value :  2.98145e-06
 Reference value :  2.98197e-06
 Reference value :  2.98249e-06
 Reference value :  2.98301e-06
 Reference value :  2.98353e-06
 Reference value :  2.98409e-06
 Reference value :  2.98461e-06
 Reference value :  2.98515e-06
 Reference value :  2.98569e-06
 Reference value :  2.98619e-06
 Reference value :  2.98671e-06
 Reference value :  2.98723e-06
 Reference value :  2.98775e-06
 Reference value :  2.98829e-06
 Reference value :  2.98881e-06
 Reference value :  2.98933e-06
 Reference value :  2.98985e-06
 Reference value :  2.99037e-06
 Reference value :  2.99087e-06
 Reference value :  2.99139e-06
 Reference value :  2.99189e-06
 Reference value :  2.99239e-06
 Reference value :  2.99291e-06
 Reference value :  2.99343e-06
 Reference value :  2.99393e-06
 Reference value :  2.99443e-06
 Reference value :  2.99495e-06
 Reference value :  2.99547e-06
 Reference value :  2.99599e-06
 Reference value :  2.99653e-06
 Reference value :  2.99705e-06
 Reference value :  2.99757e-06
 Reference value :  2.99809e-06
 Reference value :  2.99859e-06
 Reference value :  2.99911e-06
 Reference value :  2.99965e-06
No. of Data Rows : 150008
t1                  =  1.52481e-06
t2                  =  1.56002e-06
t9                  =  1.80652e-06
vout_avg            =  5.87353e-01 from=  1.50000e-06 to=  3.00000e-06
Note: Simulation executed from .control section 
Note: Starting dynamic gmin stepping
Note: Dynamic gmin stepping completed
Note: Starting dynamic gmin stepping
Note: Dynamic gmin stepping completed
