
Note: No compatibility mode selected!


Circuit: * tt_analog_ring code sweep: code=16

Doing analysis at TEMP = 27.000000 and TNOM = 27.000000

Using SPARSE 1.3 as Direct Linear Solver
 Reference value :  0.00000e+00
No. of Data Rows : 1
OP idd=7.60443E-05 vbp=0.745783 vbn=0.351597
Doing analysis at TEMP = 27.000000 and TNOM = 27.000000

Using SPARSE 1.3 as Direct Linear Solver

Initial Transient Solution
--------------------------

Node                                   Voltage
----                                   -------
vpwr                                       1.2
enable                                     1.2
code[0]                                      0
code[1]                                      0
code[2]                                      0
code[3]                                      0
code[4]                                    1.2
code[5]                                      0
code[6]                                      0
code[7]                                      0
xdut.vbp                              0.745783
xdut.vbn                              0.351597
xdut.n0                               0.138201
xdut.p0                                1.08576
xdut.na0                              0.139707
xdut.s0                                0.61907
xdut.s10                              0.602666
xdut.n1                               0.118274
xdut.p1                                1.09803
xdut.s1                                0.61907
xdut.n2                               0.118274
xdut.p2                                1.09803
xdut.s2                                0.61907
xdut.n3                               0.118274
xdut.p3                                1.09803
xdut.s3                                0.61907
xdut.n4                               0.118274
xdut.p4                                1.09803
xdut.s4                                0.61907
xdut.n5                               0.118274
xdut.p5                                1.09803
xdut.s5                                0.61907
xdut.n6                               0.118274
xdut.p6                                1.09803
xdut.s6                                0.61907
xdut.n7                               0.118274
xdut.p7                                1.09802
xdut.s7                               0.619072
xdut.n8                               0.118274
xdut.p8                                1.09803
xdut.s8                               0.619025
xdut.n9                               0.118278
xdut.p9                                1.09802
xdut.s9                               0.619933
xdut.n10                              0.118206
xdut.p10                               1.09807
xdut.b1                               0.720111
clk_out                              0.0247152
vc7#branch                         4.04228e-12
vc6#branch                         2.02114e-12
vc5#branch                         1.01057e-12
vc4#branch                        -6.77552e-09
vc3#branch                         2.52643e-13
vc2#branch                         1.26321e-13
vc1#branch                         6.31607e-14
vc0#branch                         3.15803e-14
ven#branch                        -6.98611e-12
vdd#branch                        -7.60443e-05

 Reference value :  0.00000e+00
 Reference value :  9.25600e-10
 Reference value :  1.94560e-09
 Reference value :  2.96560e-09
 Reference value :  4.04560e-09
 Reference value :  5.06560e-09
 Reference value :  6.10560e-09
 Reference value :  7.12560e-09
 Reference value :  8.14560e-09
 Reference value :  9.12560e-09
 Reference value :  9.78560e-09
 Reference value :  1.04256e-08
 Reference value :  1.10856e-08
 Reference value :  1.17456e-08
 Reference value :  1.24056e-08
 Reference value :  1.29856e-08
 Reference value :  1.35656e-08
 Reference value :  1.41456e-08
 Reference value :  1.47056e-08
 Reference value :  1.53456e-08
 Reference value :  1.60056e-08
 Reference value :  1.66656e-08
 Reference value :  1.73256e-08
 Reference value :  1.79856e-08
 Reference value :  1.86656e-08
 Reference value :  1.93256e-08
 Reference value :  1.99656e-08
 Reference value :  2.06256e-08
 Reference value :  2.12856e-08
 Reference value :  2.19256e-08
 Reference value :  2.25656e-08
 Reference value :  2.32056e-08
 Reference value :  2.38656e-08
 Reference value :  2.45256e-08
 Reference value :  2.51856e-08
 Reference value :  2.58456e-08
 Reference value :  2.65056e-08
 Reference value :  2.72056e-08
 Reference value :  2.78656e-08
 Reference value :  2.84856e-08
 Reference value :  2.91256e-08
 Reference value :  2.97456e-08
 Reference value :  3.03256e-08
 Reference value :  3.08456e-08
 Reference value :  3.14056e-08
 Reference value :  3.19656e-08
 Reference value :  3.25456e-08
 Reference value :  3.31056e-08
 Reference value :  3.36656e-08
 Reference value :  3.42256e-08
 Reference value :  3.47656e-08
 Reference value :  3.53456e-08
 Reference value :  3.59656e-08
 Reference value :  3.66056e-08
 Reference value :  3.72456e-08
 Reference value :  3.78656e-08
 Reference value :  3.85056e-08
 Reference value :  3.91456e-08
 Reference value :  3.97656e-08
 Reference value :  4.03656e-08
 Reference value :  4.10256e-08
 Reference value :  4.16656e-08
 Reference value :  4.23056e-08
 Reference value :  4.29456e-08
 Reference value :  4.35656e-08
 Reference value :  4.42056e-08
 Reference value :  4.48656e-08
 Reference value :  4.55656e-08
 Reference value :  4.62456e-08
 Reference value :  4.68856e-08
 Reference value :  4.75056e-08
 Reference value :  4.81656e-08
 Reference value :  4.87856e-08
 Reference value :  4.94256e-08
 Reference value :  5.00456e-08
 Reference value :  5.06656e-08
 Reference value :  5.13056e-08
 Reference value :  5.19056e-08
 Reference value :  5.24056e-08
 Reference value :  5.29856e-08
 Reference value :  5.36256e-08
 Reference value :  5.42456e-08
 Reference value :  5.47856e-08
 Reference value :  5.53256e-08
 Reference value :  5.59056e-08
 Reference value :  5.65256e-08
 Reference value :  5.71256e-08
 Reference value :  5.77056e-08
 Reference value :  5.82456e-08
 Reference value :  5.88256e-08
 Reference value :  5.94256e-08
 Reference value :  5.99856e-08
 Reference value :  6.05656e-08
 Reference value :  6.11056e-08
 Reference value :  6.17056e-08
 Reference value :  6.22456e-08
 Reference value :  6.27656e-08
 Reference value :  6.33056e-08
 Reference value :  6.38456e-08
 Reference value :  6.44256e-08
 Reference value :  6.49656e-08
 Reference value :  6.55056e-08
 Reference value :  6.60656e-08
 Reference value :  6.66256e-08
 Reference value :  6.71656e-08
 Reference value :  6.77056e-08
 Reference value :  6.82856e-08
 Reference value :  6.88256e-08
 Reference value :  6.93656e-08
 Reference value :  6.99056e-08
 Reference value :  7.04456e-08
 Reference value :  7.10056e-08
 Reference value :  7.15256e-08
 Reference value :  7.20856e-08
 Reference value :  7.26256e-08
 Reference value :  7.31656e-08
 Reference value :  7.37056e-08
 Reference value :  7.42456e-08
 Reference value :  7.47856e-08
 Reference value :  7.53056e-08
 Reference value :  7.58656e-08
 Reference value :  7.63856e-08
 Reference value :  7.69256e-08
 Reference value :  7.74656e-08
 Reference value :  7.80056e-08
 Reference value :  7.85456e-08
 Reference value :  7.90856e-08
 Reference value :  7.96256e-08
 Reference value :  8.01656e-08
 Reference value :  8.06856e-08
 Reference value :  8.12056e-08
 Reference value :  8.17456e-08
 Reference value :  8.23056e-08
 Reference value :  8.28456e-08
 Reference value :  8.33656e-08
 Reference value :  8.38856e-08
 Reference value :  8.44256e-08
 Reference value :  8.49656e-08
 Reference value :  8.54856e-08
 Reference value :  8.60256e-08
 Reference value :  8.65456e-08
 Reference value :  8.70856e-08
 Reference value :  8.76456e-08
 Reference value :  8.81856e-08
 Reference value :  8.87056e-08
 Reference value :  8.92256e-08
 Reference value :  8.97656e-08
 Reference value :  9.03056e-08
 Reference value :  9.08456e-08
 Reference value :  9.14056e-08
 Reference value :  9.19456e-08
 Reference value :  9.24656e-08
 Reference value :  9.30456e-08
 Reference value :  9.36256e-08
 Reference value :  9.42056e-08
 Reference value :  9.47456e-08
 Reference value :  9.52856e-08
 Reference value :  9.58656e-08
 Reference value :  9.64256e-08
 Reference value :  9.69456e-08
 Reference value :  9.75056e-08
 Reference value :  9.80456e-08
 Reference value :  9.85456e-08
 Reference value :  9.90856e-08
 Reference value :  9.96256e-08
 Reference value :  1.00186e-07
 Reference value :  1.00746e-07
 Reference value :  1.01306e-07
 Reference value :  1.01846e-07
 Reference value :  1.02406e-07
 Reference value :  1.02946e-07
 Reference value :  1.03506e-07
 Reference value :  1.04046e-07
 Reference value :  1.04606e-07
 Reference value :  1.05146e-07
 Reference value :  1.05686e-07
 Reference value :  1.06266e-07
 Reference value :  1.06866e-07
 Reference value :  1.07466e-07
 Reference value :  1.08006e-07
 Reference value :  1.08546e-07
 Reference value :  1.09066e-07
 Reference value :  1.09586e-07
 Reference value :  1.10106e-07
 Reference value :  1.10626e-07
 Reference value :  1.11226e-07
 Reference value :  1.11846e-07
 Reference value :  1.12406e-07
 Reference value :  1.12966e-07
 Reference value :  1.13626e-07
 Reference value :  1.14266e-07
 Reference value :  1.14926e-07
 Reference value :  1.15566e-07
 Reference value :  1.16146e-07
 Reference value :  1.16746e-07
 Reference value :  1.17346e-07
 Reference value :  1.17966e-07
 Reference value :  1.18606e-07
 Reference value :  1.19226e-07
 Reference value :  1.19846e-07
 Reference value :  1.20446e-07
 Reference value :  1.21006e-07
 Reference value :  1.21626e-07
 Reference value :  1.22286e-07
 Reference value :  1.22926e-07
 Reference value :  1.23546e-07
 Reference value :  1.24166e-07
 Reference value :  1.24786e-07
 Reference value :  1.25406e-07
 Reference value :  1.25946e-07
 Reference value :  1.26486e-07
 Reference value :  1.27026e-07
 Reference value :  1.27566e-07
 Reference value :  1.28106e-07
 Reference value :  1.28646e-07
 Reference value :  1.29186e-07
 Reference value :  1.29746e-07
 Reference value :  1.30286e-07
 Reference value :  1.30826e-07
 Reference value :  1.31466e-07
 Reference value :  1.32086e-07
 Reference value :  1.32546e-07
 Reference value :  1.33066e-07
 Reference value :  1.33666e-07
 Reference value :  1.34206e-07
 Reference value :  1.34686e-07
 Reference value :  1.35226e-07
 Reference value :  1.35806e-07
 Reference value :  1.36426e-07
 Reference value :  1.36906e-07
 Reference value :  1.37426e-07
 Reference value :  1.37966e-07
 Reference value :  1.38506e-07
 Reference value :  1.39046e-07
 Reference value :  1.39586e-07
 Reference value :  1.40126e-07
 Reference value :  1.40646e-07
 Reference value :  1.41146e-07
 Reference value :  1.41706e-07
 Reference value :  1.42286e-07
 Reference value :  1.42786e-07
 Reference value :  1.43306e-07
 Reference value :  1.43926e-07
 Reference value :  1.44546e-07
 Reference value :  1.45146e-07
 Reference value :  1.45726e-07
 Reference value :  1.46246e-07
 Reference value :  1.46886e-07
 Reference value :  1.47526e-07
 Reference value :  1.48166e-07
 Reference value :  1.48686e-07
 Reference value :  1.49206e-07
 Reference value :  1.49726e-07
 Reference value :  1.50326e-07
 Reference value :  1.50906e-07
 Reference value :  1.51506e-07
 Reference value :  1.52126e-07
 Reference value :  1.52706e-07
 Reference value :  1.53246e-07
 Reference value :  1.53806e-07
 Reference value :  1.54346e-07
 Reference value :  1.54986e-07
 Reference value :  1.55586e-07
 Reference value :  1.56006e-07
 Reference value :  1.56486e-07
 Reference value :  1.56966e-07
 Reference value :  1.57506e-07
 Reference value :  1.58106e-07
 Reference value :  1.58726e-07
 Reference value :  1.59306e-07
 Reference value :  1.59926e-07
 Reference value :  1.60506e-07
 Reference value :  1.61066e-07
 Reference value :  1.61626e-07
 Reference value :  1.62246e-07
 Reference value :  1.62766e-07
 Reference value :  1.63366e-07
 Reference value :  1.63966e-07
 Reference value :  1.64566e-07
 Reference value :  1.65106e-07
 Reference value :  1.65666e-07
 Reference value :  1.66206e-07
 Reference value :  1.66746e-07
 Reference value :  1.67286e-07
 Reference value :  1.67826e-07
 Reference value :  1.68366e-07
 Reference value :  1.68906e-07
 Reference value :  1.69446e-07
 Reference value :  1.69986e-07
 Reference value :  1.70486e-07
 Reference value :  1.71026e-07
 Reference value :  1.71546e-07
 Reference value :  1.72086e-07
 Reference value :  1.72606e-07
 Reference value :  1.73126e-07
 Reference value :  1.73666e-07
 Reference value :  1.74186e-07
 Reference value :  1.74726e-07
 Reference value :  1.75266e-07
 Reference value :  1.75806e-07
 Reference value :  1.76346e-07
 Reference value :  1.76866e-07
 Reference value :  1.77406e-07
 Reference value :  1.77926e-07
 Reference value :  1.78446e-07
 Reference value :  1.78986e-07
 Reference value :  1.79506e-07
 Reference value :  1.80046e-07
 Reference value :  1.80606e-07
 Reference value :  1.81126e-07
 Reference value :  1.81646e-07
 Reference value :  1.82126e-07
 Reference value :  1.82666e-07
 Reference value :  1.83186e-07
 Reference value :  1.83706e-07
 Reference value :  1.84246e-07
 Reference value :  1.84766e-07
 Reference value :  1.85306e-07
 Reference value :  1.85826e-07
 Reference value :  1.86366e-07
 Reference value :  1.86886e-07
 Reference value :  1.87426e-07
 Reference value :  1.87946e-07
 Reference value :  1.88486e-07
 Reference value :  1.89026e-07
 Reference value :  1.89566e-07
 Reference value :  1.90106e-07
 Reference value :  1.90626e-07
 Reference value :  1.91166e-07
 Reference value :  1.91686e-07
 Reference value :  1.92206e-07
 Reference value :  1.92766e-07
 Reference value :  1.93286e-07
 Reference value :  1.93806e-07
 Reference value :  1.94346e-07
 Reference value :  1.94866e-07
 Reference value :  1.95406e-07
 Reference value :  1.95926e-07
 Reference value :  1.96466e-07
 Reference value :  1.96986e-07
 Reference value :  1.97506e-07
 Reference value :  1.98026e-07
 Reference value :  1.98546e-07
 Reference value :  1.99086e-07
 Reference value :  1.99606e-07
 Reference value :  2.00126e-07
 Reference value :  2.00646e-07
 Reference value :  2.01186e-07
 Reference value :  2.01726e-07
 Reference value :  2.02246e-07
 Reference value :  2.02786e-07
 Reference value :  2.03306e-07
 Reference value :  2.03846e-07
 Reference value :  2.04386e-07
 Reference value :  2.04926e-07
 Reference value :  2.05486e-07
 Reference value :  2.06006e-07
 Reference value :  2.06546e-07
 Reference value :  2.07066e-07
 Reference value :  2.07586e-07
 Reference value :  2.08106e-07
 Reference value :  2.08626e-07
 Reference value :  2.09166e-07
 Reference value :  2.09706e-07
 Reference value :  2.10266e-07
 Reference value :  2.10786e-07
 Reference value :  2.11306e-07
 Reference value :  2.11826e-07
 Reference value :  2.12346e-07
 Reference value :  2.12906e-07
 Reference value :  2.13426e-07
 Reference value :  2.13966e-07
 Reference value :  2.14486e-07
 Reference value :  2.15006e-07
 Reference value :  2.15526e-07
 Reference value :  2.16046e-07
 Reference value :  2.16546e-07
 Reference value :  2.17086e-07
 Reference value :  2.17606e-07
 Reference value :  2.18146e-07
 Reference value :  2.18666e-07
 Reference value :  2.19206e-07
 Reference value :  2.19766e-07
 Reference value :  2.20326e-07
 Reference value :  2.20866e-07
 Reference value :  2.21406e-07
 Reference value :  2.21946e-07
 Reference value :  2.22486e-07
 Reference value :  2.23026e-07
 Reference value :  2.23546e-07
 Reference value :  2.24066e-07
 Reference value :  2.24606e-07
 Reference value :  2.25126e-07
 Reference value :  2.25626e-07
 Reference value :  2.26206e-07
 Reference value :  2.26786e-07
 Reference value :  2.27306e-07
 Reference value :  2.27866e-07
 Reference value :  2.28406e-07
 Reference value :  2.28946e-07
 Reference value :  2.29466e-07
 Reference value :  2.30026e-07
 Reference value :  2.30586e-07
 Reference value :  2.31126e-07
 Reference value :  2.31666e-07
 Reference value :  2.32206e-07
 Reference value :  2.32766e-07
 Reference value :  2.33286e-07
 Reference value :  2.33806e-07
 Reference value :  2.34346e-07
 Reference value :  2.34926e-07
 Reference value :  2.35546e-07
 Reference value :  2.36206e-07
 Reference value :  2.36906e-07
 Reference value :  2.37546e-07
 Reference value :  2.38166e-07
 Reference value :  2.38806e-07
 Reference value :  2.39366e-07
 Reference value :  2.39866e-07
 Reference value :  2.40406e-07
 Reference value :  2.40966e-07
 Reference value :  2.41606e-07
 Reference value :  2.42226e-07
 Reference value :  2.42786e-07
 Reference value :  2.43306e-07
 Reference value :  2.43846e-07
 Reference value :  2.44406e-07
 Reference value :  2.44946e-07
 Reference value :  2.45486e-07
 Reference value :  2.46026e-07
 Reference value :  2.46546e-07
 Reference value :  2.47146e-07
 Reference value :  2.47786e-07
 Reference value :  2.48366e-07
 Reference value :  2.48966e-07
 Reference value :  2.49586e-07
 Reference value :  2.50126e-07
 Reference value :  2.50646e-07
 Reference value :  2.51146e-07
 Reference value :  2.51626e-07
 Reference value :  2.52166e-07
 Reference value :  2.52706e-07
 Reference value :  2.53246e-07
 Reference value :  2.53886e-07
 Reference value :  2.54486e-07
 Reference value :  2.55026e-07
 Reference value :  2.55626e-07
 Reference value :  2.56266e-07
 Reference value :  2.56946e-07
 Reference value :  2.57626e-07
 Reference value :  2.58266e-07
 Reference value :  2.58886e-07
 Reference value :  2.59466e-07
 Reference value :  2.60066e-07
 Reference value :  2.60686e-07
 Reference value :  2.61286e-07
 Reference value :  2.61906e-07
 Reference value :  2.62526e-07
 Reference value :  2.63086e-07
 Reference value :  2.63706e-07
 Reference value :  2.64346e-07
 Reference value :  2.64966e-07
 Reference value :  2.65586e-07
 Reference value :  2.66226e-07
 Reference value :  2.66846e-07
 Reference value :  2.67526e-07
 Reference value :  2.68186e-07
 Reference value :  2.68726e-07
 Reference value :  2.69226e-07
 Reference value :  2.69766e-07
 Reference value :  2.70266e-07
 Reference value :  2.70846e-07
 Reference value :  2.71426e-07
 Reference value :  2.72046e-07
 Reference value :  2.72666e-07
 Reference value :  2.73306e-07
 Reference value :  2.73946e-07
 Reference value :  2.74546e-07
 Reference value :  2.75206e-07
 Reference value :  2.75866e-07
 Reference value :  2.76486e-07
 Reference value :  2.77106e-07
 Reference value :  2.77726e-07
 Reference value :  2.78226e-07
 Reference value :  2.78746e-07
 Reference value :  2.79266e-07
 Reference value :  2.79806e-07
 Reference value :  2.80286e-07
 Reference value :  2.80906e-07
 Reference value :  2.81506e-07
 Reference value :  2.82126e-07
 Reference value :  2.82746e-07
 Reference value :  2.83366e-07
 Reference value :  2.84006e-07
 Reference value :  2.84646e-07
 Reference value :  2.85266e-07
 Reference value :  2.85886e-07
 Reference value :  2.86506e-07
 Reference value :  2.87106e-07
 Reference value :  2.87626e-07
 Reference value :  2.88166e-07
 Reference value :  2.88726e-07
 Reference value :  2.89346e-07
 Reference value :  2.89886e-07
 Reference value :  2.90486e-07
 Reference value :  2.91006e-07
 Reference value :  2.91566e-07
 Reference value :  2.92126e-07
 Reference value :  2.92666e-07
 Reference value :  2.93206e-07
 Reference value :  2.93786e-07
 Reference value :  2.94346e-07
 Reference value :  2.94926e-07
 Reference value :  2.95486e-07
 Reference value :  2.96066e-07
 Reference value :  2.96606e-07
 Reference value :  2.97186e-07
 Reference value :  2.97746e-07
 Reference value :  2.98306e-07
 Reference value :  2.98846e-07
 Reference value :  2.99406e-07
 Reference value :  2.99946e-07
 Reference value :  3.00506e-07
 Reference value :  3.01046e-07
 Reference value :  3.01566e-07
 Reference value :  3.02086e-07
 Reference value :  3.02626e-07
 Reference value :  3.03146e-07
 Reference value :  3.03666e-07
 Reference value :  3.04206e-07
 Reference value :  3.04706e-07
 Reference value :  3.05226e-07
 Reference value :  3.05766e-07
 Reference value :  3.06286e-07
 Reference value :  3.06786e-07
 Reference value :  3.07286e-07
 Reference value :  3.07806e-07
 Reference value :  3.08326e-07
 Reference value :  3.08846e-07
 Reference value :  3.09366e-07
 Reference value :  3.09906e-07
 Reference value :  3.10426e-07
 Reference value :  3.10946e-07
 Reference value :  3.11486e-07
 Reference value :  3.12026e-07
 Reference value :  3.12546e-07
 Reference value :  3.13086e-07
 Reference value :  3.13606e-07
 Reference value :  3.14146e-07
 Reference value :  3.14666e-07
 Reference value :  3.15206e-07
 Reference value :  3.15746e-07
 Reference value :  3.16266e-07
 Reference value :  3.16806e-07
 Reference value :  3.17326e-07
 Reference value :  3.17866e-07
 Reference value :  3.18386e-07
 Reference value :  3.18906e-07
 Reference value :  3.19446e-07
 Reference value :  3.19966e-07
 Reference value :  3.20506e-07
 Reference value :  3.21086e-07
 Reference value :  3.21686e-07
 Reference value :  3.22246e-07
 Reference value :  3.22786e-07
 Reference value :  3.23366e-07
 Reference value :  3.23886e-07
 Reference value :  3.24426e-07
 Reference value :  3.24986e-07
 Reference value :  3.25526e-07
 Reference value :  3.26066e-07
 Reference value :  3.26586e-07
 Reference value :  3.27146e-07
 Reference value :  3.27666e-07
 Reference value :  3.28186e-07
 Reference value :  3.28706e-07
 Reference value :  3.29266e-07
 Reference value :  3.29806e-07
 Reference value :  3.30326e-07
 Reference value :  3.30846e-07
 Reference value :  3.31406e-07
 Reference value :  3.31946e-07
 Reference value :  3.32486e-07
 Reference value :  3.33026e-07
 Reference value :  3.33566e-07
 Reference value :  3.34106e-07
 Reference value :  3.34666e-07
 Reference value :  3.35146e-07
 Reference value :  3.35686e-07
 Reference value :  3.36226e-07
 Reference value :  3.36766e-07
 Reference value :  3.37346e-07
 Reference value :  3.37886e-07
 Reference value :  3.38426e-07
 Reference value :  3.38986e-07
 Reference value :  3.39526e-07
 Reference value :  3.40006e-07
 Reference value :  3.40566e-07
 Reference value :  3.41186e-07
 Reference value :  3.41826e-07
 Reference value :  3.42386e-07
 Reference value :  3.43006e-07
 Reference value :  3.43546e-07
 Reference value :  3.44146e-07
 Reference value :  3.44766e-07
 Reference value :  3.45366e-07
 Reference value :  3.45986e-07
 Reference value :  3.46646e-07
 Reference value :  3.47306e-07
 Reference value :  3.47926e-07
 Reference value :  3.48546e-07
 Reference value :  3.49206e-07
 Reference value :  3.49866e-07
 Reference value :  3.50546e-07
 Reference value :  3.51206e-07
 Reference value :  3.51886e-07
 Reference value :  3.52566e-07
 Reference value :  3.53106e-07
 Reference value :  3.53646e-07
 Reference value :  3.54186e-07
 Reference value :  3.54766e-07
 Reference value :  3.55406e-07
 Reference value :  3.56006e-07
 Reference value :  3.56566e-07
 Reference value :  3.57146e-07
 Reference value :  3.57766e-07
 Reference value :  3.58386e-07
 Reference value :  3.59006e-07
 Reference value :  3.59626e-07
 Reference value :  3.60246e-07
 Reference value :  3.60866e-07
 Reference value :  3.61506e-07
 Reference value :  3.62146e-07
 Reference value :  3.62786e-07
 Reference value :  3.63406e-07
 Reference value :  3.64026e-07
 Reference value :  3.64626e-07
 Reference value :  3.65186e-07
 Reference value :  3.65806e-07
 Reference value :  3.66426e-07
 Reference value :  3.67046e-07
 Reference value :  3.67666e-07
 Reference value :  3.68266e-07
 Reference value :  3.68886e-07
 Reference value :  3.69486e-07
 Reference value :  3.70106e-07
 Reference value :  3.70726e-07
 Reference value :  3.71346e-07
 Reference value :  3.71946e-07
 Reference value :  3.72566e-07
 Reference value :  3.73206e-07
 Reference value :  3.73846e-07
 Reference value :  3.74506e-07
 Reference value :  3.75186e-07
 Reference value :  3.75866e-07
 Reference value :  3.76526e-07
 Reference value :  3.77166e-07
 Reference value :  3.77786e-07
 Reference value :  3.78406e-07
 Reference value :  3.79026e-07
 Reference value :  3.79546e-07
 Reference value :  3.80066e-07
 Reference value :  3.80586e-07
 Reference value :  3.81106e-07
 Reference value :  3.81686e-07
 Reference value :  3.82306e-07
 Reference value :  3.82926e-07
 Reference value :  3.83566e-07
 Reference value :  3.84186e-07
 Reference value :  3.84806e-07
 Reference value :  3.85406e-07
 Reference value :  3.85986e-07
 Reference value :  3.86566e-07
 Reference value :  3.87086e-07
 Reference value :  3.87606e-07
 Reference value :  3.88206e-07
 Reference value :  3.88786e-07
 Reference value :  3.89386e-07
 Reference value :  3.89926e-07
 Reference value :  3.90486e-07
 Reference value :  3.91026e-07
 Reference value :  3.91566e-07
 Reference value :  3.92086e-07
 Reference value :  3.92666e-07
 Reference value :  3.93246e-07
 Reference value :  3.93806e-07
 Reference value :  3.94326e-07
 Reference value :  3.94906e-07
 Reference value :  3.95466e-07
 Reference value :  3.96046e-07
 Reference value :  3.96626e-07
 Reference value :  3.97206e-07
 Reference value :  3.97786e-07
 Reference value :  3.98326e-07
 Reference value :  3.98886e-07
 Reference value :  3.99426e-07
 Reference value :  3.99986e-07
 Reference value :  4.00626e-07
 Reference value :  4.01166e-07
 Reference value :  4.01726e-07
 Reference value :  4.02286e-07
 Reference value :  4.02826e-07
 Reference value :  4.03366e-07
 Reference value :  4.03886e-07
 Reference value :  4.04406e-07
 Reference value :  4.04926e-07
 Reference value :  4.05466e-07
 Reference value :  4.06006e-07
 Reference value :  4.06546e-07
 Reference value :  4.07006e-07
 Reference value :  4.07566e-07
 Reference value :  4.08106e-07
 Reference value :  4.08626e-07
 Reference value :  4.09166e-07
 Reference value :  4.09686e-07
 Reference value :  4.10226e-07
 Reference value :  4.10746e-07
 Reference value :  4.11286e-07
 Reference value :  4.11826e-07
 Reference value :  4.12366e-07
 Reference value :  4.12906e-07
 Reference value :  4.13446e-07
 Reference value :  4.13986e-07
 Reference value :  4.14506e-07
 Reference value :  4.15006e-07
 Reference value :  4.15546e-07
 Reference value :  4.16106e-07
 Reference value :  4.16626e-07
 Reference value :  4.17146e-07
 Reference value :  4.17666e-07
 Reference value :  4.18186e-07
 Reference value :  4.18746e-07
 Reference value :  4.19266e-07
 Reference value :  4.19806e-07
 Reference value :  4.20326e-07
 Reference value :  4.20906e-07
 Reference value :  4.21446e-07
 Reference value :  4.21986e-07
 Reference value :  4.22546e-07
 Reference value :  4.23046e-07
 Reference value :  4.23566e-07
 Reference value :  4.24086e-07
 Reference value :  4.24586e-07
 Reference value :  4.25106e-07
 Reference value :  4.25626e-07
 Reference value :  4.26166e-07
 Reference value :  4.26666e-07
 Reference value :  4.27206e-07
 Reference value :  4.27726e-07
 Reference value :  4.28246e-07
 Reference value :  4.28766e-07
 Reference value :  4.29286e-07
 Reference value :  4.29806e-07
 Reference value :  4.30326e-07
 Reference value :  4.30846e-07
 Reference value :  4.31366e-07
 Reference value :  4.31886e-07
 Reference value :  4.32406e-07
 Reference value :  4.32946e-07
 Reference value :  4.33486e-07
 Reference value :  4.34006e-07
 Reference value :  4.34506e-07
 Reference value :  4.35026e-07
 Reference value :  4.35506e-07
 Reference value :  4.36006e-07
 Reference value :  4.36546e-07
 Reference value :  4.37186e-07
 Reference value :  4.37706e-07
 Reference value :  4.38226e-07
 Reference value :  4.38726e-07
 Reference value :  4.39186e-07
 Reference value :  4.39706e-07
 Reference value :  4.40306e-07
 Reference value :  4.40926e-07
 Reference value :  4.41526e-07
 Reference value :  4.42126e-07
 Reference value :  4.42726e-07
 Reference value :  4.43306e-07
 Reference value :  4.43906e-07
 Reference value :  4.44466e-07
 Reference value :  4.45086e-07
 Reference value :  4.45686e-07
 Reference value :  4.46306e-07
 Reference value :  4.46906e-07
 Reference value :  4.47506e-07
 Reference value :  4.48126e-07
 Reference value :  4.48726e-07
 Reference value :  4.49246e-07
 Reference value :  4.49766e-07
 Reference value :  4.50286e-07
 Reference value :  4.50806e-07
 Reference value :  4.51326e-07
 Reference value :  4.51846e-07
 Reference value :  4.52366e-07
 Reference value :  4.52966e-07
 Reference value :  4.53546e-07
 Reference value :  4.54146e-07
 Reference value :  4.54746e-07
 Reference value :  4.55346e-07
 Reference value :  4.55946e-07
 Reference value :  4.56546e-07
 Reference value :  4.57146e-07
 Reference value :  4.57766e-07
 Reference value :  4.58386e-07
 Reference value :  4.58926e-07
 Reference value :  4.59506e-07
 Reference value :  4.60106e-07
 Reference value :  4.60606e-07
 Reference value :  4.61106e-07
 Reference value :  4.61626e-07
 Reference value :  4.62106e-07
 Reference value :  4.62706e-07
 Reference value :  4.63326e-07
 Reference value :  4.63926e-07
 Reference value :  4.64506e-07
 Reference value :  4.65106e-07
 Reference value :  4.65686e-07
 Reference value :  4.66206e-07
 Reference value :  4.66806e-07
 Reference value :  4.67406e-07
 Reference value :  4.68026e-07
 Reference value :  4.68626e-07
 Reference value :  4.69226e-07
 Reference value :  4.69826e-07
 Reference value :  4.70406e-07
 Reference value :  4.70906e-07
 Reference value :  4.71406e-07
 Reference value :  4.71886e-07
 Reference value :  4.72486e-07
 Reference value :  4.73086e-07
 Reference value :  4.73706e-07
 Reference value :  4.74326e-07
 Reference value :  4.74926e-07
 Reference value :  4.75526e-07
 Reference value :  4.76126e-07
 Reference value :  4.76726e-07
 Reference value :  4.77326e-07
 Reference value :  4.77926e-07
 Reference value :  4.78546e-07
 Reference value :  4.79166e-07
 Reference value :  4.79766e-07
 Reference value :  4.80386e-07
 Reference value :  4.80986e-07
 Reference value :  4.81586e-07
 Reference value :  4.82186e-07
 Reference value :  4.82806e-07
 Reference value :  4.83386e-07
 Reference value :  4.84006e-07
 Reference value :  4.84606e-07
 Reference value :  4.85206e-07
 Reference value :  4.85806e-07
 Reference value :  4.86426e-07
 Reference value :  4.87046e-07
 Reference value :  4.87646e-07
 Reference value :  4.88166e-07
 Reference value :  4.88686e-07
 Reference value :  4.89106e-07
 Reference value :  4.89706e-07
 Reference value :  4.90326e-07
 Reference value :  4.90926e-07
 Reference value :  4.91486e-07
 Reference value :  4.92066e-07
 Reference value :  4.92686e-07
 Reference value :  4.93266e-07
 Reference value :  4.93806e-07
 Reference value :  4.94326e-07
 Reference value :  4.94826e-07
 Reference value :  4.95406e-07
 Reference value :  4.96006e-07
 Reference value :  4.96526e-07
 Reference value :  4.97046e-07
 Reference value :  4.97646e-07
 Reference value :  4.98226e-07
 Reference value :  4.98766e-07
 Reference value :  4.99286e-07
 Reference value :  4.99886e-07
 Reference value :  5.00486e-07
 Reference value :  5.01126e-07
 Reference value :  5.01726e-07
 Reference value :  5.02326e-07
 Reference value :  5.02926e-07
 Reference value :  5.03546e-07
 Reference value :  5.04146e-07
 Reference value :  5.04746e-07
 Reference value :  5.05366e-07
 Reference value :  5.05986e-07
 Reference value :  5.06546e-07
 Reference value :  5.07206e-07
 Reference value :  5.07826e-07
 Reference value :  5.08426e-07
 Reference value :  5.09026e-07
 Reference value :  5.09646e-07
 Reference value :  5.10186e-07
 Reference value :  5.10786e-07
 Reference value :  5.11366e-07
 Reference value :  5.11846e-07
 Reference value :  5.12386e-07
 Reference value :  5.12966e-07
 Reference value :  5.13546e-07
 Reference value :  5.14086e-07
 Reference value :  5.14646e-07
 Reference value :  5.15246e-07
 Reference value :  5.15786e-07
 Reference value :  5.16386e-07
 Reference value :  5.16926e-07
 Reference value :  5.17526e-07
 Reference value :  5.18086e-07
 Reference value :  5.18626e-07
 Reference value :  5.19166e-07
 Reference value :  5.19706e-07
 Reference value :  5.20286e-07
 Reference value :  5.20846e-07
 Reference value :  5.21406e-07
 Reference value :  5.21986e-07
 Reference value :  5.22526e-07
 Reference value :  5.23066e-07
 Reference value :  5.23626e-07
 Reference value :  5.24166e-07
 Reference value :  5.24706e-07
 Reference value :  5.25266e-07
 Reference value :  5.25806e-07
 Reference value :  5.26366e-07
 Reference value :  5.26906e-07
 Reference value :  5.27446e-07
 Reference value :  5.28006e-07
 Reference value :  5.28526e-07
 Reference value :  5.29026e-07
 Reference value :  5.29566e-07
 Reference value :  5.30126e-07
 Reference value :  5.30706e-07
 Reference value :  5.31266e-07
 Reference value :  5.31826e-07
 Reference value :  5.32366e-07
 Reference value :  5.32906e-07
 Reference value :  5.33446e-07
 Reference value :  5.34026e-07
 Reference value :  5.34586e-07
 Reference value :  5.35166e-07
 Reference value :  5.35726e-07
 Reference value :  5.36286e-07
 Reference value :  5.36846e-07
 Reference value :  5.37426e-07
 Reference value :  5.37966e-07
 Reference value :  5.38506e-07
 Reference value :  5.39046e-07
 Reference value :  5.39606e-07
 Reference value :  5.40166e-07
 Reference value :  5.40686e-07
 Reference value :  5.41246e-07
 Reference value :  5.41786e-07
 Reference value :  5.42326e-07
 Reference value :  5.42846e-07
 Reference value :  5.43386e-07
 Reference value :  5.43926e-07
 Reference value :  5.44486e-07
 Reference value :  5.45046e-07
 Reference value :  5.45586e-07
 Reference value :  5.46146e-07
 Reference value :  5.46766e-07
 Reference value :  5.47406e-07
 Reference value :  5.48046e-07
 Reference value :  5.48626e-07
 Reference value :  5.49126e-07
 Reference value :  5.49706e-07
 Reference value :  5.50326e-07
 Reference value :  5.50926e-07
 Reference value :  5.51506e-07
 Reference value :  5.52046e-07
 Reference value :  5.52666e-07
 Reference value :  5.53266e-07
 Reference value :  5.53866e-07
 Reference value :  5.54486e-07
 Reference value :  5.55106e-07
 Reference value :  5.55746e-07
 Reference value :  5.56386e-07
 Reference value :  5.56986e-07
 Reference value :  5.57526e-07
 Reference value :  5.58146e-07
 Reference value :  5.58786e-07
 Reference value :  5.59346e-07
 Reference value :  5.59946e-07
 Reference value :  5.60566e-07
 Reference value :  5.61166e-07
 Reference value :  5.61806e-07
 Reference value :  5.62426e-07
 Reference value :  5.63026e-07
 Reference value :  5.63646e-07
 Reference value :  5.64226e-07
 Reference value :  5.64806e-07
 Reference value :  5.65386e-07
 Reference value :  5.65926e-07
 Reference value :  5.66526e-07
 Reference value :  5.67146e-07
 Reference value :  5.67746e-07
 Reference value :  5.68366e-07
 Reference value :  5.68966e-07
 Reference value :  5.69566e-07
 Reference value :  5.70126e-07
 Reference value :  5.70766e-07
 Reference value :  5.71346e-07
 Reference value :  5.71906e-07
 Reference value :  5.72486e-07
 Reference value :  5.73106e-07
 Reference value :  5.73726e-07
 Reference value :  5.74346e-07
 Reference value :  5.74946e-07
 Reference value :  5.75546e-07
 Reference value :  5.76106e-07
 Reference value :  5.76706e-07
 Reference value :  5.77326e-07
 Reference value :  5.77926e-07
 Reference value :  5.78546e-07
 Reference value :  5.79126e-07
 Reference value :  5.79726e-07
 Reference value :  5.80346e-07
 Reference value :  5.80946e-07
 Reference value :  5.81486e-07
 Reference value :  5.82106e-07
 Reference value :  5.82706e-07
 Reference value :  5.83266e-07
 Reference value :  5.83846e-07
 Reference value :  5.84446e-07
 Reference value :  5.85066e-07
 Reference value :  5.85666e-07
 Reference value :  5.86186e-07
 Reference value :  5.86726e-07
 Reference value :  5.87206e-07
 Reference value :  5.87726e-07
 Reference value :  5.88246e-07
 Reference value :  5.88786e-07
 Reference value :  5.89406e-07
 Reference value :  5.90026e-07
 Reference value :  5.90626e-07
 Reference value :  5.91206e-07
 Reference value :  5.91766e-07
 Reference value :  5.92366e-07
 Reference value :  5.92926e-07
 Reference value :  5.93526e-07
 Reference value :  5.94086e-07
 Reference value :  5.94706e-07
 Reference value :  5.95266e-07
 Reference value :  5.95806e-07
 Reference value :  5.96386e-07
 Reference value :  5.97006e-07
 Reference value :  5.97626e-07
 Reference value :  5.98226e-07
 Reference value :  5.98826e-07
 Reference value :  5.99446e-07
 Reference value :  6.00086e-07
 Reference value :  6.00686e-07
 Reference value :  6.01246e-07
 Reference value :  6.01846e-07
 Reference value :  6.02486e-07
 Reference value :  6.03086e-07
 Reference value :  6.03706e-07
 Reference value :  6.04226e-07
 Reference value :  6.04786e-07
 Reference value :  6.05366e-07
 Reference value :  6.05926e-07
 Reference value :  6.06486e-07
 Reference value :  6.07086e-07
 Reference value :  6.07706e-07
 Reference value :  6.08246e-07
 Reference value :  6.08766e-07
 Reference value :  6.09306e-07
 Reference value :  6.09886e-07
 Reference value :  6.10486e-07
 Reference value :  6.11006e-07
 Reference value :  6.11526e-07
 Reference value :  6.12066e-07
 Reference value :  6.12626e-07
 Reference value :  6.13126e-07
 Reference value :  6.13706e-07
 Reference value :  6.14266e-07
 Reference value :  6.14826e-07
 Reference value :  6.15366e-07
 Reference value :  6.15966e-07
 Reference value :  6.16466e-07
 Reference value :  6.17006e-07
 Reference value :  6.17606e-07
 Reference value :  6.18206e-07
 Reference value :  6.18766e-07
 Reference value :  6.19306e-07
 Reference value :  6.19926e-07
 Reference value :  6.20506e-07
 Reference value :  6.21106e-07
 Reference value :  6.21726e-07
 Reference value :  6.22326e-07
 Reference value :  6.22886e-07
 Reference value :  6.23446e-07
 Reference value :  6.24046e-07
 Reference value :  6.24666e-07
 Reference value :  6.25246e-07
 Reference value :  6.25866e-07
 Reference value :  6.26466e-07
 Reference value :  6.27066e-07
 Reference value :  6.27686e-07
 Reference value :  6.28286e-07
 Reference value :  6.28706e-07
 Reference value :  6.29166e-07
 Reference value :  6.29726e-07
 Reference value :  6.30346e-07
 Reference value :  6.30966e-07
 Reference value :  6.31486e-07
 Reference value :  6.32086e-07
 Reference value :  6.32606e-07
 Reference value :  6.33246e-07
 Reference value :  6.33866e-07
 Reference value :  6.34406e-07
 Reference value :  6.34926e-07
 Reference value :  6.35506e-07
 Reference value :  6.36106e-07
 Reference value :  6.36726e-07
 Reference value :  6.37266e-07
 Reference value :  6.37846e-07
 Reference value :  6.38386e-07
 Reference value :  6.38926e-07
 Reference value :  6.39546e-07
 Reference value :  6.40106e-07
 Reference value :  6.40626e-07
 Reference value :  6.41226e-07
 Reference value :  6.41766e-07
 Reference value :  6.42286e-07
 Reference value :  6.42906e-07
 Reference value :  6.43486e-07
 Reference value :  6.44126e-07
 Reference value :  6.44706e-07
 Reference value :  6.45306e-07
 Reference value :  6.45926e-07
 Reference value :  6.46546e-07
 Reference value :  6.47146e-07
 Reference value :  6.47746e-07
 Reference value :  6.48366e-07
 Reference value :  6.48886e-07
 Reference value :  6.49406e-07
 Reference value :  6.50026e-07
 Reference value :  6.50626e-07
 Reference value :  6.51166e-07
 Reference value :  6.51786e-07
 Reference value :  6.52366e-07
 Reference value :  6.52966e-07
 Reference value :  6.53586e-07
 Reference value :  6.54166e-07
 Reference value :  6.54786e-07
 Reference value :  6.55366e-07
 Reference value :  6.55906e-07
 Reference value :  6.56526e-07
 Reference value :  6.57146e-07
 Reference value :  6.57706e-07
 Reference value :  6.58226e-07
 Reference value :  6.58826e-07
 Reference value :  6.59446e-07
 Reference value :  6.60046e-07
 Reference value :  6.60626e-07
 Reference value :  6.61206e-07
 Reference value :  6.61746e-07
 Reference value :  6.62326e-07
 Reference value :  6.62946e-07
 Reference value :  6.63546e-07
 Reference value :  6.64166e-07
 Reference value :  6.64686e-07
 Reference value :  6.65266e-07
 Reference value :  6.65886e-07
 Reference value :  6.66466e-07
 Reference value :  6.67066e-07
 Reference value :  6.67686e-07
 Reference value :  6.68266e-07
 Reference value :  6.68866e-07
 Reference value :  6.69366e-07
 Reference value :  6.69986e-07
 Reference value :  6.70586e-07
 Reference value :  6.71166e-07
 Reference value :  6.71786e-07
 Reference value :  6.72406e-07
 Reference value :  6.73026e-07
 Reference value :  6.73606e-07
 Reference value :  6.74206e-07
 Reference value :  6.74746e-07
 Reference value :  6.75346e-07
 Reference value :  6.75946e-07
 Reference value :  6.76566e-07
 Reference value :  6.77146e-07
 Reference value :  6.77666e-07
 Reference value :  6.78186e-07
 Reference value :  6.78786e-07
 Reference value :  6.79406e-07
 Reference value :  6.79986e-07
 Reference value :  6.80586e-07
 Reference value :  6.81186e-07
 Reference value :  6.81806e-07
 Reference value :  6.82406e-07
 Reference value :  6.83006e-07
 Reference value :  6.83586e-07
 Reference value :  6.84206e-07
 Reference value :  6.84806e-07
 Reference value :  6.85406e-07
 Reference value :  6.85946e-07
 Reference value :  6.86546e-07
 Reference value :  6.87166e-07
 Reference value :  6.87786e-07
 Reference value :  6.88386e-07
 Reference value :  6.88946e-07
 Reference value :  6.89506e-07
 Reference value :  6.90126e-07
 Reference value :  6.90746e-07
 Reference value :  6.91266e-07
 Reference value :  6.91786e-07
 Reference value :  6.92366e-07
 Reference value :  6.92946e-07
 Reference value :  6.93406e-07
 Reference value :  6.93966e-07
 Reference value :  6.94526e-07
 Reference value :  6.95146e-07
 Reference value :  6.95706e-07
 Reference value :  6.96326e-07
 Reference value :  6.96906e-07
 Reference value :  6.97506e-07
 Reference value :  6.98106e-07
 Reference value :  6.98606e-07
 Reference value :  6.99226e-07
 Reference value :  6.99826e-07
 Reference value :  7.00446e-07
 Reference value :  7.01026e-07
 Reference value :  7.01626e-07
 Reference value :  7.02246e-07
 Reference value :  7.02846e-07
 Reference value :  7.03366e-07
 Reference value :  7.03946e-07
 Reference value :  7.04546e-07
 Reference value :  7.05066e-07
 Reference value :  7.05586e-07
 Reference value :  7.06206e-07
 Reference value :  7.06806e-07
 Reference value :  7.07386e-07
 Reference value :  7.07906e-07
 Reference value :  7.08466e-07
 Reference value :  7.09046e-07
 Reference value :  7.09626e-07
 Reference value :  7.10166e-07
 Reference value :  7.10786e-07
 Reference value :  7.11386e-07
 Reference value :  7.11966e-07
 Reference value :  7.12546e-07
 Reference value :  7.13146e-07
 Reference value :  7.13746e-07
 Reference value :  7.14346e-07
 Reference value :  7.14946e-07
 Reference value :  7.15546e-07
 Reference value :  7.16166e-07
 Reference value :  7.16766e-07
 Reference value :  7.17386e-07
 Reference value :  7.17986e-07
 Reference value :  7.18566e-07
 Reference value :  7.19126e-07
 Reference value :  7.19726e-07
 Reference value :  7.20286e-07
 Reference value :  7.20846e-07
 Reference value :  7.21406e-07
 Reference value :  7.22006e-07
 Reference value :  7.22606e-07
 Reference value :  7.23186e-07
 Reference value :  7.23766e-07
 Reference value :  7.24346e-07
 Reference value :  7.24926e-07
 Reference value :  7.25446e-07
 Reference value :  7.25926e-07
 Reference value :  7.26386e-07
 Reference value :  7.26966e-07
 Reference value :  7.27566e-07
 Reference value :  7.28146e-07
 Reference value :  7.28766e-07
 Reference value :  7.29326e-07
 Reference value :  7.29846e-07
 Reference value :  7.30366e-07
 Reference value :  7.30926e-07
 Reference value :  7.31506e-07
 Reference value :  7.32026e-07
 Reference value :  7.32646e-07
 Reference value :  7.33246e-07
 Reference value :  7.33826e-07
 Reference value :  7.34346e-07
 Reference value :  7.34906e-07
 Reference value :  7.35486e-07
 Reference value :  7.36066e-07
 Reference value :  7.36666e-07
 Reference value :  7.37266e-07
 Reference value :  7.37866e-07
 Reference value :  7.38366e-07
 Reference value :  7.38966e-07
 Reference value :  7.39546e-07
 Reference value :  7.40146e-07
 Reference value :  7.40726e-07
 Reference value :  7.41306e-07
 Reference value :  7.41906e-07
 Reference value :  7.42486e-07
 Reference value :  7.42986e-07
 Reference value :  7.43606e-07
 Reference value :  7.44166e-07
 Reference value :  7.44766e-07
 Reference value :  7.45326e-07
 Reference value :  7.45946e-07
 Reference value :  7.46546e-07
 Reference value :  7.47146e-07
 Reference value :  7.47686e-07
 Reference value :  7.48186e-07
 Reference value :  7.48686e-07
 Reference value :  7.49226e-07
 Reference value :  7.49766e-07
 Reference value :  7.50366e-07
 Reference value :  7.50986e-07
 Reference value :  7.51566e-07
 Reference value :  7.52146e-07
 Reference value :  7.52686e-07
 Reference value :  7.53206e-07
 Reference value :  7.53726e-07
 Reference value :  7.54286e-07
 Reference value :  7.54766e-07
 Reference value :  7.55346e-07
 Reference value :  7.55866e-07
 Reference value :  7.56326e-07
 Reference value :  7.56826e-07
 Reference value :  7.57386e-07
 Reference value :  7.57986e-07
 Reference value :  7.58546e-07
 Reference value :  7.59146e-07
 Reference value :  7.59706e-07
 Reference value :  7.60266e-07
 Reference value :  7.60886e-07
 Reference value :  7.61466e-07
 Reference value :  7.62006e-07
 Reference value :  7.62586e-07
 Reference value :  7.63206e-07
 Reference value :  7.63786e-07
 Reference value :  7.64366e-07
 Reference value :  7.64966e-07
 Reference value :  7.65466e-07
 Reference value :  7.66046e-07
 Reference value :  7.66626e-07
 Reference value :  7.67146e-07
 Reference value :  7.67686e-07
 Reference value :  7.68226e-07
 Reference value :  7.68746e-07
 Reference value :  7.69266e-07
 Reference value :  7.69886e-07
 Reference value :  7.70486e-07
 Reference value :  7.71126e-07
 Reference value :  7.71626e-07
 Reference value :  7.72246e-07
 Reference value :  7.72806e-07
 Reference value :  7.73346e-07
 Reference value :  7.73946e-07
 Reference value :  7.74486e-07
 Reference value :  7.75006e-07
 Reference value :  7.75546e-07
 Reference value :  7.76146e-07
 Reference value :  7.76686e-07
 Reference value :  7.77286e-07
 Reference value :  7.77866e-07
 Reference value :  7.78426e-07
 Reference value :  7.78946e-07
 Reference value :  7.79466e-07
 Reference value :  7.79986e-07
 Reference value :  7.80546e-07
 Reference value :  7.81106e-07
 Reference value :  7.81566e-07
 Reference value :  7.82066e-07
 Reference value :  7.82546e-07
 Reference value :  7.83106e-07
 Reference value :  7.83686e-07
 Reference value :  7.84226e-07
 Reference value :  7.84726e-07
 Reference value :  7.85286e-07
 Reference value :  7.85866e-07
 Reference value :  7.86426e-07
 Reference value :  7.86986e-07
 Reference value :  7.87506e-07
 Reference value :  7.88086e-07
 Reference value :  7.88666e-07
 Reference value :  7.89286e-07
 Reference value :  7.89906e-07
 Reference value :  7.90506e-07
 Reference value :  7.91106e-07
 Reference value :  7.91706e-07
 Reference value :  7.92326e-07
 Reference value :  7.92926e-07
 Reference value :  7.93426e-07
 Reference value :  7.93986e-07
 Reference value :  7.94586e-07
 Reference value :  7.95186e-07
 Reference value :  7.95766e-07
 Reference value :  7.96366e-07
 Reference value :  7.96966e-07
 Reference value :  7.97586e-07
 Reference value :  7.98166e-07
 Reference value :  7.98726e-07
 Reference value :  7.99266e-07
 Reference value :  7.99806e-07
 Reference value :  8.00326e-07
 Reference value :  8.00886e-07
 Reference value :  8.01466e-07
 Reference value :  8.02046e-07
 Reference value :  8.02666e-07
 Reference value :  8.03286e-07
 Reference value :  8.03906e-07
 Reference value :  8.04446e-07
 Reference value :  8.04946e-07
 Reference value :  8.05546e-07
 Reference value :  8.06106e-07
 Reference value :  8.06646e-07
 Reference value :  8.07246e-07
 Reference value :  8.07826e-07
 Reference value :  8.08346e-07
 Reference value :  8.08926e-07
 Reference value :  8.09506e-07
 Reference value :  8.10066e-07
 Reference value :  8.10646e-07
 Reference value :  8.11186e-07
 Reference value :  8.11786e-07
 Reference value :  8.12386e-07
 Reference value :  8.12946e-07
 Reference value :  8.13546e-07
 Reference value :  8.14126e-07
 Reference value :  8.14626e-07
 Reference value :  8.15106e-07
 Reference value :  8.15706e-07
 Reference value :  8.16226e-07
 Reference value :  8.16746e-07
 Reference value :  8.17226e-07
 Reference value :  8.17806e-07
 Reference value :  8.18366e-07
 Reference value :  8.18926e-07
 Reference value :  8.19526e-07
 Reference value :  8.20166e-07
 Reference value :  8.20746e-07
 Reference value :  8.21326e-07
 Reference value :  8.21926e-07
 Reference value :  8.22566e-07
 Reference value :  8.23206e-07
 Reference value :  8.23766e-07
 Reference value :  8.24346e-07
 Reference value :  8.24966e-07
 Reference value :  8.25546e-07
 Reference value :  8.26066e-07
 Reference value :  8.26586e-07
 Reference value :  8.27166e-07
 Reference value :  8.27726e-07
 Reference value :  8.28266e-07
 Reference value :  8.28806e-07
 Reference value :  8.29446e-07
 Reference value :  8.30066e-07
 Reference value :  8.30586e-07
 Reference value :  8.31186e-07
 Reference value :  8.31786e-07
 Reference value :  8.32386e-07
 Reference value :  8.32986e-07
 Reference value :  8.33506e-07
 Reference value :  8.34126e-07
 Reference value :  8.34726e-07
 Reference value :  8.35286e-07
 Reference value :  8.35886e-07
 Reference value :  8.36406e-07
 Reference value :  8.36946e-07
 Reference value :  8.37546e-07
 Reference value :  8.38146e-07
 Reference value :  8.38746e-07
 Reference value :  8.39306e-07
 Reference value :  8.39906e-07
 Reference value :  8.40446e-07
 Reference value :  8.41046e-07
 Reference value :  8.41646e-07
 Reference value :  8.42226e-07
 Reference value :  8.42806e-07
 Reference value :  8.43406e-07
 Reference value :  8.43966e-07
 Reference value :  8.44526e-07
 Reference value :  8.45146e-07
 Reference value :  8.45726e-07
 Reference value :  8.46346e-07
 Reference value :  8.46946e-07
 Reference value :  8.47546e-07
 Reference value :  8.48126e-07
 Reference value :  8.48686e-07
 Reference value :  8.49266e-07
 Reference value :  8.49826e-07
 Reference value :  8.50346e-07
 Reference value :  8.50866e-07
 Reference value :  8.51386e-07
 Reference value :  8.51966e-07
 Reference value :  8.52526e-07
 Reference value :  8.53086e-07
 Reference value :  8.53686e-07
 Reference value :  8.54286e-07
 Reference value :  8.54866e-07
 Reference value :  8.55466e-07
 Reference value :  8.56066e-07
 Reference value :  8.56666e-07
 Reference value :  8.57226e-07
 Reference value :  8.57766e-07
 Reference value :  8.58286e-07
 Reference value :  8.58806e-07
 Reference value :  8.59346e-07
 Reference value :  8.59966e-07
 Reference value :  8.60506e-07
 Reference value :  8.61006e-07
 Reference value :  8.61526e-07
 Reference value :  8.62106e-07
 Reference value :  8.62666e-07
 Reference value :  8.63186e-07
 Reference value :  8.63746e-07
 Reference value :  8.64326e-07
 Reference value :  8.64846e-07
 Reference value :  8.65406e-07
 Reference value :  8.65986e-07
 Reference value :  8.66566e-07
 Reference value :  8.67146e-07
 Reference value :  8.67726e-07
 Reference value :  8.68286e-07
 Reference value :  8.68886e-07
 Reference value :  8.69486e-07
 Reference value :  8.70086e-07
 Reference value :  8.70586e-07
 Reference value :  8.71086e-07
 Reference value :  8.71586e-07
 Reference value :  8.72166e-07
 Reference value :  8.72746e-07
 Reference value :  8.73326e-07
 Reference value :  8.73926e-07
 Reference value :  8.74526e-07
 Reference value :  8.75146e-07
 Reference value :  8.75746e-07
 Reference value :  8.76266e-07
 Reference value :  8.76786e-07
 Reference value :  8.77406e-07
 Reference value :  8.77986e-07
 Reference value :  8.78546e-07
 Reference value :  8.79066e-07
 Reference value :  8.79586e-07
 Reference value :  8.80166e-07
 Reference value :  8.80726e-07
 Reference value :  8.81326e-07
 Reference value :  8.81886e-07
 Reference value :  8.82426e-07
 Reference value :  8.83006e-07
 Reference value :  8.83546e-07
 Reference value :  8.84126e-07
 Reference value :  8.84686e-07
 Reference value :  8.85246e-07
 Reference value :  8.85786e-07
 Reference value :  8.86386e-07
 Reference value :  8.86886e-07
 Reference value :  8.87506e-07
 Reference value :  8.88066e-07
 Reference value :  8.88626e-07
 Reference value :  8.89206e-07
 Reference value :  8.89746e-07
 Reference value :  8.90306e-07
 Reference value :  8.90866e-07
 Reference value :  8.91466e-07
 Reference value :  8.92066e-07
 Reference value :  8.92646e-07
 Reference value :  8.93206e-07
 Reference value :  8.93746e-07
 Reference value :  8.94326e-07
 Reference value :  8.94906e-07
 Reference value :  8.95486e-07
 Reference value :  8.96086e-07
 Reference value :  8.96686e-07
 Reference value :  8.97266e-07
 Reference value :  8.97866e-07
 Reference value :  8.98446e-07
 Reference value :  8.99046e-07
 Reference value :  8.99606e-07
 Reference value :  9.00146e-07
 Reference value :  9.00686e-07
 Reference value :  9.01246e-07
 Reference value :  9.01766e-07
 Reference value :  9.02346e-07
 Reference value :  9.02946e-07
 Reference value :  9.03546e-07
 Reference value :  9.04146e-07
 Reference value :  9.04686e-07
 Reference value :  9.05186e-07
 Reference value :  9.05706e-07
 Reference value :  9.06246e-07
 Reference value :  9.06866e-07
 Reference value :  9.07486e-07
 Reference value :  9.08046e-07
 Reference value :  9.08606e-07
 Reference value :  9.09186e-07
 Reference value :  9.09726e-07
 Reference value :  9.10306e-07
 Reference value :  9.10926e-07
 Reference value :  9.11546e-07
 Reference value :  9.12166e-07
 Reference value :  9.12786e-07
 Reference value :  9.13366e-07
 Reference value :  9.13946e-07
 Reference value :  9.14566e-07
 Reference value :  9.15166e-07
 Reference value :  9.15686e-07
 Reference value :  9.16246e-07
 Reference value :  9.16826e-07
 Reference value :  9.17386e-07
 Reference value :  9.17966e-07
 Reference value :  9.18546e-07
 Reference value :  9.19126e-07
 Reference value :  9.19606e-07
 Reference value :  9.20166e-07
 Reference value :  9.20786e-07
 Reference value :  9.21386e-07
 Reference value :  9.21906e-07
 Reference value :  9.22506e-07
 Reference value :  9.23066e-07
 Reference value :  9.23646e-07
 Reference value :  9.24266e-07
 Reference value :  9.24866e-07
 Reference value :  9.25466e-07
 Reference value :  9.26066e-07
 Reference value :  9.26646e-07
 Reference value :  9.27206e-07
 Reference value :  9.27746e-07
 Reference value :  9.28346e-07
 Reference value :  9.28906e-07
 Reference value :  9.29426e-07
 Reference value :  9.29986e-07
 Reference value :  9.30586e-07
 Reference value :  9.31206e-07
 Reference value :  9.31806e-07
 Reference value :  9.32406e-07
 Reference value :  9.32966e-07
 Reference value :  9.33526e-07
 Reference value :  9.34126e-07
 Reference value :  9.34726e-07
 Reference value :  9.35326e-07
 Reference value :  9.35886e-07
 Reference value :  9.36466e-07
 Reference value :  9.37066e-07
 Reference value :  9.37646e-07
 Reference value :  9.38246e-07
 Reference value :  9.38826e-07
 Reference value :  9.39366e-07
 Reference value :  9.39866e-07
 Reference value :  9.40386e-07
 Reference value :  9.40966e-07
 Reference value :  9.41526e-07
 Reference value :  9.42086e-07
 Reference value :  9.42686e-07
 Reference value :  9.43306e-07
 Reference value :  9.43846e-07
 Reference value :  9.44406e-07
 Reference value :  9.44966e-07
 Reference value :  9.45486e-07
 Reference value :  9.46046e-07
 Reference value :  9.46646e-07
 Reference value :  9.47206e-07
 Reference value :  9.47786e-07
 Reference value :  9.48346e-07
 Reference value :  9.48966e-07
 Reference value :  9.49566e-07
 Reference value :  9.50106e-07
 Reference value :  9.50686e-07
 Reference value :  9.51306e-07
 Reference value :  9.51866e-07
 Reference value :  9.52366e-07
 Reference value :  9.52986e-07
 Reference value :  9.53606e-07
 Reference value :  9.54166e-07
 Reference value :  9.54746e-07
 Reference value :  9.55306e-07
 Reference value :  9.55886e-07
 Reference value :  9.56506e-07
 Reference value :  9.57106e-07
 Reference value :  9.57646e-07
 Reference value :  9.58226e-07
 Reference value :  9.58846e-07
 Reference value :  9.59406e-07
 Reference value :  9.59966e-07
 Reference value :  9.60486e-07
 Reference value :  9.61046e-07
 Reference value :  9.61626e-07
 Reference value :  9.62146e-07
 Reference value :  9.62706e-07
 Reference value :  9.63306e-07
 Reference value :  9.63926e-07
 Reference value :  9.64526e-07
 Reference value :  9.65146e-07
 Reference value :  9.65766e-07
 Reference value :  9.66346e-07
 Reference value :  9.66926e-07
 Reference value :  9.67486e-07
 Reference value :  9.68006e-07
 Reference value :  9.68626e-07
 Reference value :  9.69226e-07
 Reference value :  9.69766e-07
 Reference value :  9.70306e-07
 Reference value :  9.70926e-07
 Reference value :  9.71546e-07
 Reference value :  9.72166e-07
 Reference value :  9.72786e-07
 Reference value :  9.73386e-07
 Reference value :  9.73946e-07
 Reference value :  9.74526e-07
 Reference value :  9.75106e-07
 Reference value :  9.75666e-07
 Reference value :  9.76246e-07
 Reference value :  9.76826e-07
 Reference value :  9.77386e-07
 Reference value :  9.77986e-07
 Reference value :  9.78526e-07
 Reference value :  9.79106e-07
 Reference value :  9.79546e-07
 Reference value :  9.80146e-07
 Reference value :  9.80746e-07
 Reference value :  9.81346e-07
 Reference value :  9.81926e-07
 Reference value :  9.82546e-07
 Reference value :  9.83126e-07
 Reference value :  9.83646e-07
 Reference value :  9.84166e-07
 Reference value :  9.84706e-07
 Reference value :  9.85306e-07
 Reference value :  9.85886e-07
 Reference value :  9.86486e-07
 Reference value :  9.87106e-07
 Reference value :  9.87626e-07
 Reference value :  9.88226e-07
 Reference value :  9.88806e-07
 Reference value :  9.89346e-07
 Reference value :  9.89946e-07
 Reference value :  9.90486e-07
 Reference value :  9.91066e-07
 Reference value :  9.91666e-07
 Reference value :  9.92126e-07
 Reference value :  9.92726e-07
 Reference value :  9.93326e-07
 Reference value :  9.93906e-07
 Reference value :  9.94526e-07
 Reference value :  9.95106e-07
 Reference value :  9.95726e-07
 Reference value :  9.96346e-07
 Reference value :  9.96946e-07
 Reference value :  9.97546e-07
 Reference value :  9.98126e-07
 Reference value :  9.98746e-07
 Reference value :  9.99366e-07
 Reference value :  9.99966e-07
 Reference value :  1.00053e-06
 Reference value :  1.00111e-06
 Reference value :  1.00171e-06
 Reference value :  1.00227e-06
 Reference value :  1.00277e-06
 Reference value :  1.00335e-06
 Reference value :  1.00387e-06
 Reference value :  1.00443e-06
 Reference value :  1.00501e-06
 Reference value :  1.00551e-06
 Reference value :  1.00607e-06
 Reference value :  1.00661e-06
 Reference value :  1.00719e-06
 Reference value :  1.00771e-06
 Reference value :  1.00825e-06
 Reference value :  1.00881e-06
 Reference value :  1.00943e-06
 Reference value :  1.01003e-06
 Reference value :  1.01057e-06
 Reference value :  1.01115e-06
 Reference value :  1.01175e-06
 Reference value :  1.01229e-06
 Reference value :  1.01287e-06
 Reference value :  1.01347e-06
 Reference value :  1.01405e-06
 Reference value :  1.01465e-06
 Reference value :  1.01517e-06
 Reference value :  1.01573e-06
 Reference value :  1.01633e-06
 Reference value :  1.01687e-06
 Reference value :  1.01747e-06
 Reference value :  1.01807e-06
 Reference value :  1.01861e-06
 Reference value :  1.01921e-06
 Reference value :  1.01981e-06
 Reference value :  1.02033e-06
 Reference value :  1.02093e-06
 Reference value :  1.02149e-06
 Reference value :  1.02199e-06
 Reference value :  1.02257e-06
 Reference value :  1.02313e-06
 Reference value :  1.02373e-06
 Reference value :  1.02433e-06
 Reference value :  1.02491e-06
 Reference value :  1.02551e-06
 Reference value :  1.02613e-06
 Reference value :  1.02669e-06
 Reference value :  1.02727e-06
 Reference value :  1.02789e-06
 Reference value :  1.02847e-06
 Reference value :  1.02907e-06
 Reference value :  1.02967e-06
 Reference value :  1.03027e-06
 Reference value :  1.03083e-06
 Reference value :  1.03135e-06
 Reference value :  1.03189e-06
 Reference value :  1.03241e-06
 Reference value :  1.03299e-06
 Reference value :  1.03355e-06
 Reference value :  1.03405e-06
 Reference value :  1.03461e-06
 Reference value :  1.03517e-06
 Reference value :  1.03573e-06
 Reference value :  1.03629e-06
 Reference value :  1.03679e-06
 Reference value :  1.03727e-06
 Reference value :  1.03779e-06
 Reference value :  1.03839e-06
 Reference value :  1.03897e-06
 Reference value :  1.03951e-06
 Reference value :  1.04013e-06
 Reference value :  1.04071e-06
 Reference value :  1.04131e-06
 Reference value :  1.04183e-06
 Reference value :  1.04241e-06
 Reference value :  1.04295e-06
 Reference value :  1.04353e-06
 Reference value :  1.04417e-06
 Reference value :  1.04477e-06
 Reference value :  1.04537e-06
 Reference value :  1.04595e-06
 Reference value :  1.04655e-06
 Reference value :  1.04711e-06
 Reference value :  1.04763e-06
 Reference value :  1.04817e-06
 Reference value :  1.04875e-06
 Reference value :  1.04927e-06
 Reference value :  1.04979e-06
 Reference value :  1.05037e-06
 Reference value :  1.05097e-06
 Reference value :  1.05155e-06
 Reference value :  1.05213e-06
 Reference value :  1.05275e-06
 Reference value :  1.05333e-06
 Reference value :  1.05391e-06
 Reference value :  1.05443e-06
 Reference value :  1.05495e-06
 Reference value :  1.05553e-06
 Reference value :  1.05611e-06
 Reference value :  1.05669e-06
 Reference value :  1.05727e-06
 Reference value :  1.05787e-06
 Reference value :  1.05839e-06
 Reference value :  1.05891e-06
 Reference value :  1.05945e-06
 Reference value :  1.06005e-06
 Reference value :  1.06067e-06
 Reference value :  1.06123e-06
 Reference value :  1.06185e-06
 Reference value :  1.06245e-06
 Reference value :  1.06307e-06
 Reference value :  1.06367e-06
 Reference value :  1.06429e-06
 Reference value :  1.06477e-06
 Reference value :  1.06529e-06
 Reference value :  1.06587e-06
 Reference value :  1.06645e-06
 Reference value :  1.06701e-06
 Reference value :  1.06755e-06
 Reference value :  1.06805e-06
 Reference value :  1.06861e-06
 Reference value :  1.06917e-06
 Reference value :  1.06977e-06
 Reference value :  1.07037e-06
 Reference value :  1.07093e-06
 Reference value :  1.07151e-06
 Reference value :  1.07203e-06
 Reference value :  1.07261e-06
 Reference value :  1.07319e-06
 Reference value :  1.07375e-06
 Reference value :  1.07431e-06
 Reference value :  1.07487e-06
 Reference value :  1.07539e-06
 Reference value :  1.07593e-06
 Reference value :  1.07645e-06
 Reference value :  1.07699e-06
 Reference value :  1.07753e-06
 Reference value :  1.07805e-06
 Reference value :  1.07859e-06
 Reference value :  1.07911e-06
 Reference value :  1.07967e-06
 Reference value :  1.08021e-06
 Reference value :  1.08077e-06
 Reference value :  1.08131e-06
 Reference value :  1.08185e-06
 Reference value :  1.08237e-06
 Reference value :  1.08291e-06
 Reference value :  1.08343e-06
 Reference value :  1.08397e-06
 Reference value :  1.08451e-06
 Reference value :  1.08503e-06
 Reference value :  1.08557e-06
 Reference value :  1.08609e-06
 Reference value :  1.08663e-06
 Reference value :  1.08715e-06
 Reference value :  1.08767e-06
 Reference value :  1.08819e-06
 Reference value :  1.08873e-06
 Reference value :  1.08925e-06
 Reference value :  1.08977e-06
 Reference value :  1.09029e-06
 Reference value :  1.09081e-06
 Reference value :  1.09135e-06
 Reference value :  1.09187e-06
 Reference value :  1.09239e-06
 Reference value :  1.09291e-06
 Reference value :  1.09343e-06
 Reference value :  1.09397e-06
 Reference value :  1.09449e-06
 Reference value :  1.09501e-06
 Reference value :  1.09553e-06
 Reference value :  1.09605e-06
 Reference value :  1.09659e-06
 Reference value :  1.09711e-06
 Reference value :  1.09765e-06
 Reference value :  1.09821e-06
 Reference value :  1.09873e-06
 Reference value :  1.09925e-06
 Reference value :  1.09979e-06
 Reference value :  1.10031e-06
 Reference value :  1.10083e-06
 Reference value :  1.10135e-06
 Reference value :  1.10189e-06
 Reference value :  1.10243e-06
 Reference value :  1.10295e-06
 Reference value :  1.10349e-06
 Reference value :  1.10403e-06
 Reference value :  1.10455e-06
 Reference value :  1.10509e-06
 Reference value :  1.10563e-06
 Reference value :  1.10613e-06
 Reference value :  1.10667e-06
 Reference value :  1.10719e-06
 Reference value :  1.10769e-06
 Reference value :  1.10821e-06
 Reference value :  1.10871e-06
 Reference value :  1.10923e-06
 Reference value :  1.10975e-06
 Reference value :  1.11027e-06
 Reference value :  1.11081e-06
 Reference value :  1.11133e-06
 Reference value :  1.11187e-06
 Reference value :  1.11239e-06
 Reference value :  1.11293e-06
 Reference value :  1.11347e-06
 Reference value :  1.11401e-06
 Reference value :  1.11453e-06
 Reference value :  1.11505e-06
 Reference value :  1.11557e-06
 Reference value :  1.11607e-06
 Reference value :  1.11659e-06
 Reference value :  1.11713e-06
 Reference value :  1.11765e-06
 Reference value :  1.11817e-06
 Reference value :  1.11871e-06
 Reference value :  1.11923e-06
 Reference value :  1.11977e-06
 Reference value :  1.12029e-06
 Reference value :  1.12083e-06
 Reference value :  1.12135e-06
 Reference value :  1.12185e-06
 Reference value :  1.12239e-06
 Reference value :  1.12291e-06
 Reference value :  1.12345e-06
 Reference value :  1.12395e-06
 Reference value :  1.12447e-06
 Reference value :  1.12499e-06
 Reference value :  1.12551e-06
 Reference value :  1.12605e-06
 Reference value :  1.12657e-06
 Reference value :  1.12707e-06
 Reference value :  1.12759e-06
 Reference value :  1.12813e-06
 Reference value :  1.12865e-06
 Reference value :  1.12917e-06
 Reference value :  1.12969e-06
 Reference value :  1.13019e-06
 Reference value :  1.13073e-06
 Reference value :  1.13127e-06
 Reference value :  1.13181e-06
 Reference value :  1.13233e-06
 Reference value :  1.13287e-06
 Reference value :  1.13339e-06
 Reference value :  1.13389e-06
 Reference value :  1.13443e-06
 Reference value :  1.13495e-06
 Reference value :  1.13547e-06
 Reference value :  1.13601e-06
 Reference value :  1.13651e-06
 Reference value :  1.13705e-06
 Reference value :  1.13759e-06
 Reference value :  1.13815e-06
 Reference value :  1.13865e-06
 Reference value :  1.13915e-06
 Reference value :  1.13969e-06
 Reference value :  1.14021e-06
 Reference value :  1.14075e-06
 Reference value :  1.14127e-06
 Reference value :  1.14179e-06
 Reference value :  1.14233e-06
 Reference value :  1.14283e-06
 Reference value :  1.14335e-06
 Reference value :  1.14387e-06
 Reference value :  1.14441e-06
 Reference value :  1.14493e-06
 Reference value :  1.14545e-06
 Reference value :  1.14597e-06
 Reference value :  1.14649e-06
 Reference value :  1.14699e-06
 Reference value :  1.14749e-06
 Reference value :  1.14799e-06
 Reference value :  1.14853e-06
 Reference value :  1.14905e-06
 Reference value :  1.14959e-06
 Reference value :  1.15011e-06
 Reference value :  1.15061e-06
 Reference value :  1.15115e-06
 Reference value :  1.15167e-06
 Reference value :  1.15221e-06
 Reference value :  1.15275e-06
 Reference value :  1.15327e-06
 Reference value :  1.15381e-06
 Reference value :  1.15433e-06
 Reference value :  1.15485e-06
 Reference value :  1.15537e-06
 Reference value :  1.15589e-06
 Reference value :  1.15639e-06
 Reference value :  1.15689e-06
 Reference value :  1.15739e-06
 Reference value :  1.15793e-06
 Reference value :  1.15845e-06
 Reference value :  1.15897e-06
 Reference value :  1.15947e-06
 Reference value :  1.15999e-06
 Reference value :  1.16051e-06
 Reference value :  1.16103e-06
 Reference value :  1.16155e-06
 Reference value :  1.16209e-06
 Reference value :  1.16261e-06
 Reference value :  1.16313e-06
 Reference value :  1.16367e-06
 Reference value :  1.16419e-06
 Reference value :  1.16473e-06
 Reference value :  1.16525e-06
 Reference value :  1.16577e-06
 Reference value :  1.16629e-06
 Reference value :  1.16679e-06
 Reference value :  1.16733e-06
 Reference value :  1.16783e-06
 Reference value :  1.16835e-06
 Reference value :  1.16887e-06
 Reference value :  1.16939e-06
 Reference value :  1.16993e-06
 Reference value :  1.17045e-06
 Reference value :  1.17097e-06
 Reference value :  1.17149e-06
 Reference value :  1.17201e-06
 Reference value :  1.17251e-06
 Reference value :  1.17303e-06
 Reference value :  1.17355e-06
 Reference value :  1.17405e-06
 Reference value :  1.17457e-06
 Reference value :  1.17509e-06
 Reference value :  1.17563e-06
 Reference value :  1.17615e-06
 Reference value :  1.17669e-06
 Reference value :  1.17723e-06
 Reference value :  1.17773e-06
 Reference value :  1.17827e-06
 Reference value :  1.17879e-06
 Reference value :  1.17931e-06
 Reference value :  1.17983e-06
 Reference value :  1.18037e-06
 Reference value :  1.18087e-06
 Reference value :  1.18139e-06
 Reference value :  1.18193e-06
 Reference value :  1.18247e-06
 Reference value :  1.18299e-06
 Reference value :  1.18351e-06
 Reference value :  1.18403e-06
 Reference value :  1.18455e-06
 Reference value :  1.18509e-06
 Reference value :  1.18561e-06
 Reference value :  1.18613e-06
 Reference value :  1.18665e-06
 Reference value :  1.18717e-06
 Reference value :  1.18767e-06
 Reference value :  1.18819e-06
 Reference value :  1.18871e-06
 Reference value :  1.18925e-06
 Reference value :  1.18977e-06
 Reference value :  1.19031e-06
 Reference value :  1.19085e-06
 Reference value :  1.19137e-06
 Reference value :  1.19187e-06
 Reference value :  1.19241e-06
 Reference value :  1.19291e-06
 Reference value :  1.19341e-06
 Reference value :  1.19393e-06
 Reference value :  1.19445e-06
 Reference value :  1.19495e-06
 Reference value :  1.19547e-06
 Reference value :  1.19599e-06
 Reference value :  1.19653e-06
 Reference value :  1.19707e-06
 Reference value :  1.19761e-06
 Reference value :  1.19813e-06
 Reference value :  1.19865e-06
 Reference value :  1.19917e-06
 Reference value :  1.19969e-06
 Reference value :  1.20021e-06
 Reference value :  1.20075e-06
 Reference value :  1.20129e-06
 Reference value :  1.20183e-06
 Reference value :  1.20237e-06
 Reference value :  1.20291e-06
 Reference value :  1.20343e-06
 Reference value :  1.20395e-06
 Reference value :  1.20445e-06
 Reference value :  1.20497e-06
 Reference value :  1.20549e-06
 Reference value :  1.20603e-06
 Reference value :  1.20655e-06
 Reference value :  1.20707e-06
 Reference value :  1.20761e-06
 Reference value :  1.20811e-06
 Reference value :  1.20863e-06
 Reference value :  1.20915e-06
 Reference value :  1.20967e-06
 Reference value :  1.21019e-06
 Reference value :  1.21071e-06
 Reference value :  1.21127e-06
 Reference value :  1.21179e-06
 Reference value :  1.21231e-06
 Reference value :  1.21283e-06
 Reference value :  1.21337e-06
 Reference value :  1.21389e-06
 Reference value :  1.21441e-06
 Reference value :  1.21493e-06
 Reference value :  1.21545e-06
 Reference value :  1.21601e-06
 Reference value :  1.21653e-06
 Reference value :  1.21705e-06
 Reference value :  1.21757e-06
 Reference value :  1.21809e-06
 Reference value :  1.21859e-06
 Reference value :  1.21911e-06
 Reference value :  1.21963e-06
 Reference value :  1.22019e-06
 Reference value :  1.22071e-06
 Reference value :  1.22125e-06
 Reference value :  1.22177e-06
 Reference value :  1.22227e-06
 Reference value :  1.22281e-06
 Reference value :  1.22333e-06
 Reference value :  1.22385e-06
 Reference value :  1.22437e-06
 Reference value :  1.22489e-06
 Reference value :  1.22539e-06
 Reference value :  1.22591e-06
 Reference value :  1.22645e-06
 Reference value :  1.22697e-06
 Reference value :  1.22751e-06
 Reference value :  1.22803e-06
 Reference value :  1.22857e-06
 Reference value :  1.22907e-06
 Reference value :  1.22957e-06
 Reference value :  1.23009e-06
 Reference value :  1.23063e-06
 Reference value :  1.23115e-06
 Reference value :  1.23167e-06
 Reference value :  1.23221e-06
 Reference value :  1.23271e-06
 Reference value :  1.23323e-06
 Reference value :  1.23375e-06
 Reference value :  1.23427e-06
 Reference value :  1.23479e-06
 Reference value :  1.23531e-06
 Reference value :  1.23581e-06
 Reference value :  1.23635e-06
 Reference value :  1.23687e-06
 Reference value :  1.23739e-06
 Reference value :  1.23789e-06
 Reference value :  1.23841e-06
 Reference value :  1.23893e-06
 Reference value :  1.23945e-06
 Reference value :  1.23995e-06
 Reference value :  1.24047e-06
 Reference value :  1.24103e-06
 Reference value :  1.24155e-06
 Reference value :  1.24207e-06
 Reference value :  1.24259e-06
 Reference value :  1.24311e-06
 Reference value :  1.24365e-06
 Reference value :  1.24417e-06
 Reference value :  1.24471e-06
 Reference value :  1.24525e-06
 Reference value :  1.24577e-06
 Reference value :  1.24631e-06
 Reference value :  1.24683e-06
 Reference value :  1.24739e-06
 Reference value :  1.24793e-06
 Reference value :  1.24845e-06
 Reference value :  1.24897e-06
 Reference value :  1.24947e-06
 Reference value :  1.25003e-06
 Reference value :  1.25055e-06
 Reference value :  1.25109e-06
 Reference value :  1.25163e-06
 Reference value :  1.25219e-06
 Reference value :  1.25271e-06
 Reference value :  1.25323e-06
 Reference value :  1.25375e-06
 Reference value :  1.25427e-06
 Reference value :  1.25481e-06
 Reference value :  1.25533e-06
 Reference value :  1.25583e-06
 Reference value :  1.25635e-06
 Reference value :  1.25687e-06
 Reference value :  1.25739e-06
 Reference value :  1.25791e-06
 Reference value :  1.25845e-06
 Reference value :  1.25897e-06
 Reference value :  1.25951e-06
 Reference value :  1.26001e-06
 Reference value :  1.26053e-06
 Reference value :  1.26105e-06
 Reference value :  1.26157e-06
 Reference value :  1.26209e-06
 Reference value :  1.26259e-06
 Reference value :  1.26311e-06
 Reference value :  1.26363e-06
 Reference value :  1.26417e-06
 Reference value :  1.26471e-06
 Reference value :  1.26525e-06
 Reference value :  1.26577e-06
 Reference value :  1.26629e-06
 Reference value :  1.26683e-06
 Reference value :  1.26733e-06
 Reference value :  1.26787e-06
 Reference value :  1.26839e-06
 Reference value :  1.26891e-06
 Reference value :  1.26945e-06
 Reference value :  1.26997e-06
 Reference value :  1.27049e-06
 Reference value :  1.27101e-06
 Reference value :  1.27151e-06
 Reference value :  1.27205e-06
 Reference value :  1.27257e-06
 Reference value :  1.27311e-06
 Reference value :  1.27363e-06
 Reference value :  1.27415e-06
 Reference value :  1.27469e-06
 Reference value :  1.27523e-06
 Reference value :  1.27573e-06
 Reference value :  1.27625e-06
 Reference value :  1.27675e-06
 Reference value :  1.27727e-06
 Reference value :  1.27781e-06
 Reference value :  1.27833e-06
 Reference value :  1.27885e-06
 Reference value :  1.27937e-06
 Reference value :  1.27989e-06
 Reference value :  1.28041e-06
 Reference value :  1.28093e-06
 Reference value :  1.28145e-06
 Reference value :  1.28197e-06
 Reference value :  1.28251e-06
 Reference value :  1.28305e-06
 Reference value :  1.28357e-06
 Reference value :  1.28409e-06
 Reference value :  1.28459e-06
 Reference value :  1.28513e-06
 Reference value :  1.28565e-06
 Reference value :  1.28617e-06
 Reference value :  1.28669e-06
 Reference value :  1.28723e-06
 Reference value :  1.28775e-06
 Reference value :  1.28827e-06
 Reference value :  1.28877e-06
 Reference value :  1.28929e-06
 Reference value :  1.28983e-06
 Reference value :  1.29033e-06
 Reference value :  1.29087e-06
 Reference value :  1.29139e-06
 Reference value :  1.29189e-06
 Reference value :  1.29241e-06
 Reference value :  1.29295e-06
 Reference value :  1.29349e-06
 Reference value :  1.29403e-06
 Reference value :  1.29455e-06
 Reference value :  1.29509e-06
 Reference value :  1.29561e-06
 Reference value :  1.29613e-06
 Reference value :  1.29665e-06
 Reference value :  1.29717e-06
 Reference value :  1.29769e-06
 Reference value :  1.29823e-06
 Reference value :  1.29875e-06
 Reference value :  1.29929e-06
 Reference value :  1.29981e-06
 Reference value :  1.30033e-06
 Reference value :  1.30085e-06
 Reference value :  1.30137e-06
 Reference value :  1.30189e-06
 Reference value :  1.30245e-06
 Reference value :  1.30295e-06
 Reference value :  1.30347e-06
 Reference value :  1.30399e-06
 Reference value :  1.30451e-06
 Reference value :  1.30505e-06
 Reference value :  1.30559e-06
 Reference value :  1.30613e-06
 Reference value :  1.30665e-06
 Reference value :  1.30719e-06
 Reference value :  1.30769e-06
 Reference value :  1.30821e-06
 Reference value :  1.30871e-06
 Reference value :  1.30921e-06
 Reference value :  1.30973e-06
 Reference value :  1.31027e-06
 Reference value :  1.31077e-06
 Reference value :  1.31129e-06
 Reference value :  1.31181e-06
 Reference value :  1.31231e-06
 Reference value :  1.31283e-06
 Reference value :  1.31337e-06
 Reference value :  1.31389e-06
 Reference value :  1.31441e-06
 Reference value :  1.31493e-06
 Reference value :  1.31543e-06
 Reference value :  1.31595e-06
 Reference value :  1.31647e-06
 Reference value :  1.31699e-06
 Reference value :  1.31753e-06
 Reference value :  1.31805e-06
 Reference value :  1.31859e-06
 Reference value :  1.31911e-06
 Reference value :  1.31963e-06
 Reference value :  1.32015e-06
 Reference value :  1.32069e-06
 Reference value :  1.32121e-06
 Reference value :  1.32173e-06
 Reference value :  1.32225e-06
 Reference value :  1.32277e-06
 Reference value :  1.32329e-06
 Reference value :  1.32381e-06
 Reference value :  1.32435e-06
 Reference value :  1.32487e-06
 Reference value :  1.32537e-06
 Reference value :  1.32591e-06
 Reference value :  1.32643e-06
 Reference value :  1.32695e-06
 Reference value :  1.32747e-06
 Reference value :  1.32801e-06
 Reference value :  1.32851e-06
 Reference value :  1.32903e-06
 Reference value :  1.32957e-06
 Reference value :  1.33011e-06
 Reference value :  1.33065e-06
 Reference value :  1.33117e-06
 Reference value :  1.33167e-06
 Reference value :  1.33219e-06
 Reference value :  1.33271e-06
 Reference value :  1.33323e-06
 Reference value :  1.33377e-06
 Reference value :  1.33427e-06
 Reference value :  1.33481e-06
 Reference value :  1.33531e-06
 Reference value :  1.33583e-06
 Reference value :  1.33637e-06
 Reference value :  1.33687e-06
 Reference value :  1.33739e-06
 Reference value :  1.33791e-06
 Reference value :  1.33845e-06
 Reference value :  1.33901e-06
 Reference value :  1.33953e-06
 Reference value :  1.34009e-06
 Reference value :  1.34061e-06
 Reference value :  1.34113e-06
 Reference value :  1.34163e-06
 Reference value :  1.34213e-06
 Reference value :  1.34267e-06
 Reference value :  1.34319e-06
 Reference value :  1.34371e-06
 Reference value :  1.34423e-06
 Reference value :  1.34475e-06
 Reference value :  1.34529e-06
 Reference value :  1.34583e-06
 Reference value :  1.34635e-06
 Reference value :  1.34685e-06
 Reference value :  1.34739e-06
 Reference value :  1.34791e-06
 Reference value :  1.34843e-06
 Reference value :  1.34895e-06
 Reference value :  1.34949e-06
 Reference value :  1.35005e-06
 Reference value :  1.35057e-06
 Reference value :  1.35109e-06
 Reference value :  1.35159e-06
 Reference value :  1.35213e-06
 Reference value :  1.35265e-06
 Reference value :  1.35317e-06
 Reference value :  1.35371e-06
 Reference value :  1.35427e-06
 Reference value :  1.35479e-06
 Reference value :  1.35533e-06
 Reference value :  1.35585e-06
 Reference value :  1.35637e-06
 Reference value :  1.35689e-06
 Reference value :  1.35741e-06
 Reference value :  1.35795e-06
 Reference value :  1.35847e-06
 Reference value :  1.35899e-06
 Reference value :  1.35949e-06
 Reference value :  1.36003e-06
 Reference value :  1.36057e-06
 Reference value :  1.36111e-06
 Reference value :  1.36165e-06
 Reference value :  1.36215e-06
 Reference value :  1.36265e-06
 Reference value :  1.36317e-06
 Reference value :  1.36367e-06
 Reference value :  1.36417e-06
 Reference value :  1.36469e-06
 Reference value :  1.36521e-06
 Reference value :  1.36573e-06
 Reference value :  1.36625e-06
 Reference value :  1.36675e-06
 Reference value :  1.36727e-06
 Reference value :  1.36775e-06
 Reference value :  1.36827e-06
 Reference value :  1.36879e-06
 Reference value :  1.36931e-06
 Reference value :  1.36983e-06
 Reference value :  1.37035e-06
 Reference value :  1.37087e-06
 Reference value :  1.37139e-06
 Reference value :  1.37191e-06
 Reference value :  1.37243e-06
 Reference value :  1.37295e-06
 Reference value :  1.37345e-06
 Reference value :  1.37397e-06
 Reference value :  1.37449e-06
 Reference value :  1.37501e-06
 Reference value :  1.37549e-06
 Reference value :  1.37603e-06
 Reference value :  1.37657e-06
 Reference value :  1.37707e-06
 Reference value :  1.37761e-06
 Reference value :  1.37811e-06
 Reference value :  1.37863e-06
 Reference value :  1.37917e-06
 Reference value :  1.37969e-06
 Reference value :  1.38023e-06
 Reference value :  1.38075e-06
 Reference value :  1.38129e-06
 Reference value :  1.38181e-06
 Reference value :  1.38231e-06
 Reference value :  1.38283e-06
 Reference value :  1.38335e-06
 Reference value :  1.38385e-06
 Reference value :  1.38439e-06
 Reference value :  1.38491e-06
 Reference value :  1.38543e-06
 Reference value :  1.38595e-06
 Reference value :  1.38647e-06
 Reference value :  1.38699e-06
 Reference value :  1.38749e-06
 Reference value :  1.38799e-06
 Reference value :  1.38851e-06
 Reference value :  1.38903e-06
 Reference value :  1.38955e-06
 Reference value :  1.39009e-06
 Reference value :  1.39061e-06
 Reference value :  1.39113e-06
 Reference value :  1.39165e-06
 Reference value :  1.39217e-06
 Reference value :  1.39267e-06
 Reference value :  1.39321e-06
 Reference value :  1.39373e-06
 Reference value :  1.39423e-06
 Reference value :  1.39475e-06
 Reference value :  1.39527e-06
 Reference value :  1.39581e-06
 Reference value :  1.39633e-06
 Reference value :  1.39685e-06
 Reference value :  1.39737e-06
 Reference value :  1.39789e-06
 Reference value :  1.39841e-06
 Reference value :  1.39895e-06
 Reference value :  1.39949e-06
 Reference value :  1.40001e-06
 Reference value :  1.40053e-06
 Reference value :  1.40105e-06
 Reference value :  1.40157e-06
 Reference value :  1.40209e-06
 Reference value :  1.40263e-06
 Reference value :  1.40311e-06
 Reference value :  1.40365e-06
 Reference value :  1.40419e-06
 Reference value :  1.40473e-06
 Reference value :  1.40527e-06
 Reference value :  1.40579e-06
 Reference value :  1.40633e-06
 Reference value :  1.40683e-06
 Reference value :  1.40735e-06
 Reference value :  1.40785e-06
 Reference value :  1.40837e-06
 Reference value :  1.40889e-06
 Reference value :  1.40939e-06
 Reference value :  1.40991e-06
 Reference value :  1.41043e-06
 Reference value :  1.41095e-06
 Reference value :  1.41149e-06
 Reference value :  1.41201e-06
 Reference value :  1.41255e-06
 Reference value :  1.41307e-06
 Reference value :  1.41357e-06
 Reference value :  1.41409e-06
 Reference value :  1.41463e-06
 Reference value :  1.41513e-06
 Reference value :  1.41565e-06
 Reference value :  1.41617e-06
 Reference value :  1.41669e-06
 Reference value :  1.41719e-06
 Reference value :  1.41769e-06
 Reference value :  1.41821e-06
 Reference value :  1.41873e-06
 Reference value :  1.41925e-06
 Reference value :  1.41979e-06
 Reference value :  1.42033e-06
 Reference value :  1.42085e-06
 Reference value :  1.42139e-06
 Reference value :  1.42189e-06
 Reference value :  1.42239e-06
 Reference value :  1.42293e-06
 Reference value :  1.42345e-06
 Reference value :  1.42399e-06
 Reference value :  1.42451e-06
 Reference value :  1.42505e-06
 Reference value :  1.42557e-06
 Reference value :  1.42607e-06
 Reference value :  1.42661e-06
 Reference value :  1.42711e-06
 Reference value :  1.42765e-06
 Reference value :  1.42817e-06
 Reference value :  1.42869e-06
 Reference value :  1.42923e-06
 Reference value :  1.42977e-06
 Reference value :  1.43029e-06
 Reference value :  1.43081e-06
 Reference value :  1.43133e-06
 Reference value :  1.43185e-06
 Reference value :  1.43237e-06
 Reference value :  1.43291e-06
 Reference value :  1.43343e-06
 Reference value :  1.43397e-06
 Reference value :  1.43449e-06
 Reference value :  1.43501e-06
 Reference value :  1.43555e-06
 Reference value :  1.43605e-06
 Reference value :  1.43655e-06
 Reference value :  1.43707e-06
 Reference value :  1.43761e-06
 Reference value :  1.43813e-06
 Reference value :  1.43865e-06
 Reference value :  1.43917e-06
 Reference value :  1.43971e-06
 Reference value :  1.44023e-06
 Reference value :  1.44075e-06
 Reference value :  1.44127e-06
 Reference value :  1.44181e-06
 Reference value :  1.44233e-06
 Reference value :  1.44285e-06
 Reference value :  1.44337e-06
 Reference value :  1.44389e-06
 Reference value :  1.44443e-06
 Reference value :  1.44495e-06
 Reference value :  1.44547e-06
 Reference value :  1.44599e-06
 Reference value :  1.44651e-06
 Reference value :  1.44701e-06
 Reference value :  1.44753e-06
 Reference value :  1.44807e-06
 Reference value :  1.44859e-06
 Reference value :  1.44911e-06
 Reference value :  1.44963e-06
 Reference value :  1.45015e-06
 Reference value :  1.45067e-06
 Reference value :  1.45119e-06
 Reference value :  1.45169e-06
 Reference value :  1.45219e-06
 Reference value :  1.45271e-06
 Reference value :  1.45325e-06
 Reference value :  1.45377e-06
 Reference value :  1.45429e-06
 Reference value :  1.45481e-06
 Reference value :  1.45533e-06
 Reference value :  1.45585e-06
 Reference value :  1.45637e-06
 Reference value :  1.45689e-06
 Reference value :  1.45741e-06
 Reference value :  1.45793e-06
 Reference value :  1.45843e-06
 Reference value :  1.45897e-06
 Reference value :  1.45949e-06
 Reference value :  1.46003e-06
 Reference value :  1.46055e-06
 Reference value :  1.46107e-06
 Reference value :  1.46161e-06
 Reference value :  1.46213e-06
 Reference value :  1.46267e-06
 Reference value :  1.46317e-06
 Reference value :  1.46371e-06
 Reference value :  1.46423e-06
 Reference value :  1.46477e-06
 Reference value :  1.46531e-06
 Reference value :  1.46583e-06
 Reference value :  1.46637e-06
 Reference value :  1.46687e-06
 Reference value :  1.46741e-06
 Reference value :  1.46795e-06
 Reference value :  1.46847e-06
 Reference value :  1.46901e-06
 Reference value :  1.46953e-06
 Reference value :  1.47005e-06
 Reference value :  1.47057e-06
 Reference value :  1.47109e-06
 Reference value :  1.47161e-06
 Reference value :  1.47211e-06
 Reference value :  1.47263e-06
 Reference value :  1.47315e-06
 Reference value :  1.47363e-06
 Reference value :  1.47417e-06
 Reference value :  1.47469e-06
 Reference value :  1.47519e-06
 Reference value :  1.47573e-06
 Reference value :  1.47627e-06
 Reference value :  1.47681e-06
 Reference value :  1.47735e-06
 Reference value :  1.47787e-06
 Reference value :  1.47837e-06
 Reference value :  1.47889e-06
 Reference value :  1.47941e-06
 Reference value :  1.47995e-06
 Reference value :  1.48045e-06
 Reference value :  1.48097e-06
 Reference value :  1.48151e-06
 Reference value :  1.48203e-06
 Reference value :  1.48259e-06
 Reference value :  1.48315e-06
 Reference value :  1.48367e-06
 Reference value :  1.48421e-06
 Reference value :  1.48471e-06
 Reference value :  1.48521e-06
 Reference value :  1.48573e-06
 Reference value :  1.48625e-06
 Reference value :  1.48679e-06
 Reference value :  1.48733e-06
 Reference value :  1.48785e-06
 Reference value :  1.48835e-06
 Reference value :  1.48887e-06
 Reference value :  1.48939e-06
 Reference value :  1.48993e-06
 Reference value :  1.49043e-06
 Reference value :  1.49095e-06
 Reference value :  1.49147e-06
 Reference value :  1.49201e-06
 Reference value :  1.49257e-06
 Reference value :  1.49309e-06
 Reference value :  1.49361e-06
 Reference value :  1.49411e-06
 Reference value :  1.49459e-06
 Reference value :  1.49509e-06
 Reference value :  1.49561e-06
 Reference value :  1.49613e-06
 Reference value :  1.49665e-06
 Reference value :  1.49717e-06
 Reference value :  1.49771e-06
 Reference value :  1.49823e-06
 Reference value :  1.49877e-06
 Reference value :  1.49929e-06
 Reference value :  1.49983e-06
 Reference value :  1.50035e-06
 Reference value :  1.50087e-06
 Reference value :  1.50141e-06
 Reference value :  1.50193e-06
 Reference value :  1.50245e-06
 Reference value :  1.50297e-06
 Reference value :  1.50351e-06
 Reference value :  1.50401e-06
 Reference value :  1.50455e-06
 Reference value :  1.50507e-06
 Reference value :  1.50559e-06
 Reference value :  1.50611e-06
 Reference value :  1.50663e-06
 Reference value :  1.50715e-06
 Reference value :  1.50767e-06
 Reference value :  1.50817e-06
 Reference value :  1.50869e-06
 Reference value :  1.50923e-06
 Reference value :  1.50975e-06
 Reference value :  1.51027e-06
 Reference value :  1.51079e-06
 Reference value :  1.51133e-06
 Reference value :  1.51185e-06
 Reference value :  1.51239e-06
 Reference value :  1.51291e-06
 Reference value :  1.51343e-06
 Reference value :  1.51395e-06
 Reference value :  1.51447e-06
 Reference value :  1.51501e-06
 Reference value :  1.51553e-06
 Reference value :  1.51605e-06
 Reference value :  1.51657e-06
 Reference value :  1.51709e-06
 Reference value :  1.51759e-06
 Reference value :  1.51809e-06
 Reference value :  1.51863e-06
 Reference value :  1.51915e-06
 Reference value :  1.51965e-06
 Reference value :  1.52017e-06
 Reference value :  1.52069e-06
 Reference value :  1.52121e-06
 Reference value :  1.52173e-06
 Reference value :  1.52225e-06
 Reference value :  1.52277e-06
 Reference value :  1.52327e-06
 Reference value :  1.52379e-06
 Reference value :  1.52431e-06
 Reference value :  1.52481e-06
 Reference value :  1.52531e-06
 Reference value :  1.52583e-06
 Reference value :  1.52635e-06
 Reference value :  1.52687e-06
 Reference value :  1.52739e-06
 Reference value :  1.52789e-06
 Reference value :  1.52839e-06
 Reference value :  1.52891e-06
 Reference value :  1.52943e-06
 Reference value :  1.52995e-06
 Reference value :  1.53045e-06
 Reference value :  1.53097e-06
 Reference value :  1.53149e-06
 Reference value :  1.53201e-06
 Reference value :  1.53253e-06
 Reference value :  1.53305e-06
 Reference value :  1.53359e-06
 Reference value :  1.53411e-06
 Reference value :  1.53463e-06
 Reference value :  1.53517e-06
 Reference value :  1.53571e-06
 Reference value :  1.53623e-06
 Reference value :  1.53675e-06
 Reference value :  1.53729e-06
 Reference value :  1.53781e-06
 Reference value :  1.53831e-06
 Reference value :  1.53885e-06
 Reference value :  1.53937e-06
 Reference value :  1.53987e-06
 Reference value :  1.54039e-06
 Reference value :  1.54091e-06
 Reference value :  1.54145e-06
 Reference value :  1.54197e-06
 Reference value :  1.54251e-06
 Reference value :  1.54303e-06
 Reference value :  1.54353e-06
 Reference value :  1.54405e-06
 Reference value :  1.54457e-06
 Reference value :  1.54509e-06
 Reference value :  1.54559e-06
 Reference value :  1.54611e-06
 Reference value :  1.54663e-06
 Reference value :  1.54713e-06
 Reference value :  1.54765e-06
 Reference value :  1.54817e-06
 Reference value :  1.54869e-06
 Reference value :  1.54921e-06
 Reference value :  1.54975e-06
 Reference value :  1.55025e-06
 Reference value :  1.55075e-06
 Reference value :  1.55127e-06
 Reference value :  1.55181e-06
 Reference value :  1.55235e-06
 Reference value :  1.55285e-06
 Reference value :  1.55339e-06
 Reference value :  1.55393e-06
 Reference value :  1.55445e-06
 Reference value :  1.55497e-06
 Reference value :  1.55547e-06
 Reference value :  1.55601e-06
 Reference value :  1.55653e-06
 Reference value :  1.55705e-06
 Reference value :  1.55757e-06
 Reference value :  1.55809e-06
 Reference value :  1.55861e-06
 Reference value :  1.55911e-06
 Reference value :  1.55965e-06
 Reference value :  1.56017e-06
 Reference value :  1.56069e-06
 Reference value :  1.56123e-06
 Reference value :  1.56175e-06
 Reference value :  1.56227e-06
 Reference value :  1.56279e-06
 Reference value :  1.56333e-06
 Reference value :  1.56385e-06
 Reference value :  1.56437e-06
 Reference value :  1.56491e-06
 Reference value :  1.56543e-06
 Reference value :  1.56597e-06
 Reference value :  1.56649e-06
 Reference value :  1.56701e-06
 Reference value :  1.56753e-06
 Reference value :  1.56805e-06
 Reference value :  1.56859e-06
 Reference value :  1.56909e-06
 Reference value :  1.56961e-06
 Reference value :  1.57011e-06
 Reference value :  1.57063e-06
 Reference value :  1.57117e-06
 Reference value :  1.57171e-06
 Reference value :  1.57223e-06
 Reference value :  1.57277e-06
 Reference value :  1.57329e-06
 Reference value :  1.57379e-06
 Reference value :  1.57429e-06
 Reference value :  1.57483e-06
 Reference value :  1.57539e-06
 Reference value :  1.57591e-06
 Reference value :  1.57645e-06
 Reference value :  1.57697e-06
 Reference value :  1.57749e-06
 Reference value :  1.57801e-06
 Reference value :  1.57851e-06
 Reference value :  1.57901e-06
 Reference value :  1.57951e-06
 Reference value :  1.58003e-06
 Reference value :  1.58055e-06
 Reference value :  1.58109e-06
 Reference value :  1.58163e-06
 Reference value :  1.58215e-06
 Reference value :  1.58269e-06
 Reference value :  1.58321e-06
 Reference value :  1.58373e-06
 Reference value :  1.58423e-06
 Reference value :  1.58475e-06
 Reference value :  1.58529e-06
 Reference value :  1.58581e-06
 Reference value :  1.58635e-06
 Reference value :  1.58685e-06
 Reference value :  1.58737e-06
 Reference value :  1.58791e-06
 Reference value :  1.58843e-06
 Reference value :  1.58897e-06
 Reference value :  1.58949e-06
 Reference value :  1.59001e-06
 Reference value :  1.59053e-06
 Reference value :  1.59101e-06
 Reference value :  1.59155e-06
 Reference value :  1.59207e-06
 Reference value :  1.59259e-06
 Reference value :  1.59309e-06
 Reference value :  1.59359e-06
 Reference value :  1.59409e-06
 Reference value :  1.59461e-06
 Reference value :  1.59515e-06
 Reference value :  1.59569e-06
 Reference value :  1.59623e-06
 Reference value :  1.59675e-06
 Reference value :  1.59725e-06
 Reference value :  1.59777e-06
 Reference value :  1.59831e-06
 Reference value :  1.59883e-06
 Reference value :  1.59935e-06
 Reference value :  1.59987e-06
 Reference value :  1.60039e-06
 Reference value :  1.60091e-06
 Reference value :  1.60145e-06
 Reference value :  1.60197e-06
 Reference value :  1.60247e-06
 Reference value :  1.60299e-06
 Reference value :  1.60351e-06
 Reference value :  1.60403e-06
 Reference value :  1.60453e-06
 Reference value :  1.60509e-06
 Reference value :  1.60561e-06
 Reference value :  1.60613e-06
 Reference value :  1.60665e-06
 Reference value :  1.60719e-06
 Reference value :  1.60771e-06
 Reference value :  1.60825e-06
 Reference value :  1.60875e-06
 Reference value :  1.60925e-06
 Reference value :  1.60979e-06
 Reference value :  1.61031e-06
 Reference value :  1.61083e-06
 Reference value :  1.61135e-06
 Reference value :  1.61187e-06
 Reference value :  1.61239e-06
 Reference value :  1.61293e-06
 Reference value :  1.61343e-06
 Reference value :  1.61395e-06
 Reference value :  1.61447e-06
 Reference value :  1.61497e-06
 Reference value :  1.61549e-06
 Reference value :  1.61603e-06
 Reference value :  1.61657e-06
 Reference value :  1.61709e-06
 Reference value :  1.61757e-06
 Reference value :  1.61809e-06
 Reference value :  1.61859e-06
 Reference value :  1.61911e-06
 Reference value :  1.61965e-06
 Reference value :  1.62019e-06
 Reference value :  1.62073e-06
 Reference value :  1.62125e-06
 Reference value :  1.62177e-06
 Reference value :  1.62231e-06
 Reference value :  1.62285e-06
 Reference value :  1.62341e-06
 Reference value :  1.62393e-06
 Reference value :  1.62445e-06
 Reference value :  1.62495e-06
 Reference value :  1.62547e-06
 Reference value :  1.62599e-06
 Reference value :  1.62649e-06
 Reference value :  1.62705e-06
 Reference value :  1.62757e-06
 Reference value :  1.62809e-06
 Reference value :  1.62861e-06
 Reference value :  1.62915e-06
 Reference value :  1.62967e-06
 Reference value :  1.63017e-06
 Reference value :  1.63069e-06
 Reference value :  1.63123e-06
 Reference value :  1.63175e-06
 Reference value :  1.63227e-06
 Reference value :  1.63279e-06
 Reference value :  1.63329e-06
 Reference value :  1.63379e-06
 Reference value :  1.63435e-06
 Reference value :  1.63487e-06
 Reference value :  1.63539e-06
 Reference value :  1.63589e-06
 Reference value :  1.63639e-06
 Reference value :  1.63691e-06
 Reference value :  1.63741e-06
 Reference value :  1.63797e-06
 Reference value :  1.63849e-06
 Reference value :  1.63901e-06
 Reference value :  1.63953e-06
 Reference value :  1.64005e-06
 Reference value :  1.64057e-06
 Reference value :  1.64111e-06
 Reference value :  1.64163e-06
 Reference value :  1.64215e-06
 Reference value :  1.64269e-06
 Reference value :  1.64321e-06
 Reference value :  1.64373e-06
 Reference value :  1.64425e-06
 Reference value :  1.64477e-06
 Reference value :  1.64531e-06
 Reference value :  1.64585e-06
 Reference value :  1.64637e-06
 Reference value :  1.64685e-06
 Reference value :  1.64739e-06
 Reference value :  1.64791e-06
 Reference value :  1.64843e-06
 Reference value :  1.64893e-06
 Reference value :  1.64945e-06
 Reference value :  1.64997e-06
 Reference value :  1.65049e-06
 Reference value :  1.65101e-06
 Reference value :  1.65155e-06
 Reference value :  1.65207e-06
 Reference value :  1.65259e-06
 Reference value :  1.65311e-06
 Reference value :  1.65363e-06
 Reference value :  1.65413e-06
 Reference value :  1.65465e-06
 Reference value :  1.65519e-06
 Reference value :  1.65571e-06
 Reference value :  1.65625e-06
 Reference value :  1.65675e-06
 Reference value :  1.65729e-06
 Reference value :  1.65783e-06
 Reference value :  1.65837e-06
 Reference value :  1.65889e-06
 Reference value :  1.65939e-06
 Reference value :  1.65991e-06
 Reference value :  1.66045e-06
 Reference value :  1.66097e-06
 Reference value :  1.66149e-06
 Reference value :  1.66201e-06
 Reference value :  1.66255e-06
 Reference value :  1.66309e-06
 Reference value :  1.66361e-06
 Reference value :  1.66415e-06
 Reference value :  1.66469e-06
 Reference value :  1.66521e-06
 Reference value :  1.66573e-06
 Reference value :  1.66625e-06
 Reference value :  1.66681e-06
 Reference value :  1.66731e-06
 Reference value :  1.66783e-06
 Reference value :  1.66833e-06
 Reference value :  1.66887e-06
 Reference value :  1.66937e-06
 Reference value :  1.66989e-06
 Reference value :  1.67039e-06
 Reference value :  1.67091e-06
 Reference value :  1.67145e-06
 Reference value :  1.67195e-06
 Reference value :  1.67247e-06
 Reference value :  1.67301e-06
 Reference value :  1.67353e-06
 Reference value :  1.67403e-06
 Reference value :  1.67455e-06
 Reference value :  1.67507e-06
 Reference value :  1.67559e-06
 Reference value :  1.67611e-06
 Reference value :  1.67663e-06
 Reference value :  1.67713e-06
 Reference value :  1.67765e-06
 Reference value :  1.67817e-06
 Reference value :  1.67869e-06
 Reference value :  1.67923e-06
 Reference value :  1.67975e-06
 Reference value :  1.68029e-06
 Reference value :  1.68079e-06
 Reference value :  1.68127e-06
 Reference value :  1.68179e-06
 Reference value :  1.68231e-06
 Reference value :  1.68285e-06
 Reference value :  1.68335e-06
 Reference value :  1.68387e-06
 Reference value :  1.68437e-06
 Reference value :  1.68489e-06
 Reference value :  1.68541e-06
 Reference value :  1.68589e-06
 Reference value :  1.68643e-06
 Reference value :  1.68695e-06
 Reference value :  1.68745e-06
 Reference value :  1.68799e-06
 Reference value :  1.68851e-06
 Reference value :  1.68901e-06
 Reference value :  1.68951e-06
 Reference value :  1.69005e-06
 Reference value :  1.69055e-06
 Reference value :  1.69109e-06
 Reference value :  1.69161e-06
 Reference value :  1.69211e-06
 Reference value :  1.69263e-06
 Reference value :  1.69313e-06
 Reference value :  1.69367e-06
 Reference value :  1.69419e-06
 Reference value :  1.69471e-06
 Reference value :  1.69523e-06
 Reference value :  1.69575e-06
 Reference value :  1.69627e-06
 Reference value :  1.69679e-06
 Reference value :  1.69727e-06
 Reference value :  1.69775e-06
 Reference value :  1.69829e-06
 Reference value :  1.69881e-06
 Reference value :  1.69933e-06
 Reference value :  1.69985e-06
 Reference value :  1.70039e-06
 Reference value :  1.70091e-06
 Reference value :  1.70145e-06
 Reference value :  1.70197e-06
 Reference value :  1.70249e-06
 Reference value :  1.70303e-06
 Reference value :  1.70355e-06
 Reference value :  1.70405e-06
 Reference value :  1.70455e-06
 Reference value :  1.70507e-06
 Reference value :  1.70559e-06
 Reference value :  1.70615e-06
 Reference value :  1.70669e-06
 Reference value :  1.70721e-06
 Reference value :  1.70773e-06
 Reference value :  1.70827e-06
 Reference value :  1.70881e-06
 Reference value :  1.70935e-06
 Reference value :  1.70989e-06
 Reference value :  1.71041e-06
 Reference value :  1.71095e-06
 Reference value :  1.71149e-06
 Reference value :  1.71203e-06
 Reference value :  1.71255e-06
 Reference value :  1.71307e-06
 Reference value :  1.71359e-06
 Reference value :  1.71409e-06
 Reference value :  1.71461e-06
 Reference value :  1.71515e-06
 Reference value :  1.71569e-06
 Reference value :  1.71621e-06
 Reference value :  1.71671e-06
 Reference value :  1.71721e-06
 Reference value :  1.71775e-06
 Reference value :  1.71827e-06
 Reference value :  1.71877e-06
 Reference value :  1.71929e-06
 Reference value :  1.71983e-06
 Reference value :  1.72035e-06
 Reference value :  1.72087e-06
 Reference value :  1.72139e-06
 Reference value :  1.72189e-06
 Reference value :  1.72241e-06
 Reference value :  1.72295e-06
 Reference value :  1.72347e-06
 Reference value :  1.72397e-06
 Reference value :  1.72447e-06
 Reference value :  1.72499e-06
 Reference value :  1.72549e-06
 Reference value :  1.72601e-06
 Reference value :  1.72655e-06
 Reference value :  1.72707e-06
 Reference value :  1.72759e-06
 Reference value :  1.72811e-06
 Reference value :  1.72863e-06
 Reference value :  1.72917e-06
 Reference value :  1.72969e-06
 Reference value :  1.73023e-06
 Reference value :  1.73075e-06
 Reference value :  1.73129e-06
 Reference value :  1.73183e-06
 Reference value :  1.73235e-06
 Reference value :  1.73287e-06
 Reference value :  1.73341e-06
 Reference value :  1.73393e-06
 Reference value :  1.73443e-06
 Reference value :  1.73495e-06
 Reference value :  1.73549e-06
 Reference value :  1.73601e-06
 Reference value :  1.73651e-06
 Reference value :  1.73705e-06
 Reference value :  1.73757e-06
 Reference value :  1.73811e-06
 Reference value :  1.73863e-06
 Reference value :  1.73917e-06
 Reference value :  1.73969e-06
 Reference value :  1.74019e-06
 Reference value :  1.74071e-06
 Reference value :  1.74125e-06
 Reference value :  1.74177e-06
 Reference value :  1.74229e-06
 Reference value :  1.74283e-06
 Reference value :  1.74333e-06
 Reference value :  1.74387e-06
 Reference value :  1.74439e-06
 Reference value :  1.74493e-06
 Reference value :  1.74545e-06
 Reference value :  1.74595e-06
 Reference value :  1.74647e-06
 Reference value :  1.74699e-06
 Reference value :  1.74751e-06
 Reference value :  1.74803e-06
 Reference value :  1.74855e-06
 Reference value :  1.74909e-06
 Reference value :  1.74959e-06
 Reference value :  1.75013e-06
 Reference value :  1.75065e-06
 Reference value :  1.75117e-06
 Reference value :  1.75169e-06
 Reference value :  1.75223e-06
 Reference value :  1.75275e-06
 Reference value :  1.75327e-06
 Reference value :  1.75379e-06
 Reference value :  1.75433e-06
 Reference value :  1.75485e-06
 Reference value :  1.75537e-06
 Reference value :  1.75589e-06
 Reference value :  1.75641e-06
 Reference value :  1.75691e-06
 Reference value :  1.75745e-06
 Reference value :  1.75797e-06
 Reference value :  1.75849e-06
 Reference value :  1.75899e-06
 Reference value :  1.75951e-06
 Reference value :  1.76005e-06
 Reference value :  1.76057e-06
 Reference value :  1.76109e-06
 Reference value :  1.76159e-06
 Reference value :  1.76213e-06
 Reference value :  1.76265e-06
 Reference value :  1.76317e-06
 Reference value :  1.76369e-06
 Reference value :  1.76421e-06
 Reference value :  1.76473e-06
 Reference value :  1.76525e-06
 Reference value :  1.76579e-06
 Reference value :  1.76631e-06
 Reference value :  1.76685e-06
 Reference value :  1.76737e-06
 Reference value :  1.76791e-06
 Reference value :  1.76845e-06
 Reference value :  1.76899e-06
 Reference value :  1.76949e-06
 Reference value :  1.77001e-06
 Reference value :  1.77055e-06
 Reference value :  1.77103e-06
 Reference value :  1.77153e-06
 Reference value :  1.77207e-06
 Reference value :  1.77259e-06
 Reference value :  1.77309e-06
 Reference value :  1.77361e-06
 Reference value :  1.77415e-06
 Reference value :  1.77467e-06
 Reference value :  1.77519e-06
 Reference value :  1.77571e-06
 Reference value :  1.77623e-06
 Reference value :  1.77673e-06
 Reference value :  1.77725e-06
 Reference value :  1.77777e-06
 Reference value :  1.77829e-06
 Reference value :  1.77883e-06
 Reference value :  1.77935e-06
 Reference value :  1.77989e-06
 Reference value :  1.78043e-06
 Reference value :  1.78095e-06
 Reference value :  1.78147e-06
 Reference value :  1.78199e-06
 Reference value :  1.78251e-06
 Reference value :  1.78305e-06
 Reference value :  1.78355e-06
 Reference value :  1.78409e-06
 Reference value :  1.78461e-06
 Reference value :  1.78515e-06
 Reference value :  1.78567e-06
 Reference value :  1.78619e-06
 Reference value :  1.78671e-06
 Reference value :  1.78723e-06
 Reference value :  1.78777e-06
 Reference value :  1.78829e-06
 Reference value :  1.78881e-06
 Reference value :  1.78933e-06
 Reference value :  1.78985e-06
 Reference value :  1.79039e-06
 Reference value :  1.79091e-06
 Reference value :  1.79143e-06
 Reference value :  1.79193e-06
 Reference value :  1.79245e-06
 Reference value :  1.79295e-06
 Reference value :  1.79347e-06
 Reference value :  1.79401e-06
 Reference value :  1.79453e-06
 Reference value :  1.79505e-06
 Reference value :  1.79559e-06
 Reference value :  1.79613e-06
 Reference value :  1.79667e-06
 Reference value :  1.79717e-06
 Reference value :  1.79769e-06
 Reference value :  1.79821e-06
 Reference value :  1.79871e-06
 Reference value :  1.79925e-06
 Reference value :  1.79977e-06
 Reference value :  1.80031e-06
 Reference value :  1.80085e-06
 Reference value :  1.80137e-06
 Reference value :  1.80189e-06
 Reference value :  1.80243e-06
 Reference value :  1.80295e-06
 Reference value :  1.80349e-06
 Reference value :  1.80401e-06
 Reference value :  1.80455e-06
 Reference value :  1.80509e-06
 Reference value :  1.80563e-06
 Reference value :  1.80615e-06
 Reference value :  1.80665e-06
 Reference value :  1.80717e-06
 Reference value :  1.80769e-06
 Reference value :  1.80821e-06
 Reference value :  1.80875e-06
 Reference value :  1.80927e-06
 Reference value :  1.80979e-06
 Reference value :  1.81033e-06
 Reference value :  1.81085e-06
 Reference value :  1.81141e-06
 Reference value :  1.81193e-06
 Reference value :  1.81245e-06
 Reference value :  1.81299e-06
 Reference value :  1.81351e-06
 Reference value :  1.81401e-06
 Reference value :  1.81453e-06
 Reference value :  1.81505e-06
 Reference value :  1.81559e-06
 Reference value :  1.81609e-06
 Reference value :  1.81665e-06
 Reference value :  1.81717e-06
 Reference value :  1.81769e-06
 Reference value :  1.81819e-06
 Reference value :  1.81869e-06
 Reference value :  1.81919e-06
 Reference value :  1.81971e-06
 Reference value :  1.82025e-06
 Reference value :  1.82079e-06
 Reference value :  1.82131e-06
 Reference value :  1.82183e-06
 Reference value :  1.82235e-06
 Reference value :  1.82285e-06
 Reference value :  1.82337e-06
 Reference value :  1.82387e-06
 Reference value :  1.82439e-06
 Reference value :  1.82491e-06
 Reference value :  1.82543e-06
 Reference value :  1.82597e-06
 Reference value :  1.82651e-06
 Reference value :  1.82703e-06
 Reference value :  1.82757e-06
 Reference value :  1.82811e-06
 Reference value :  1.82863e-06
 Reference value :  1.82917e-06
 Reference value :  1.82969e-06
 Reference value :  1.83021e-06
 Reference value :  1.83073e-06
 Reference value :  1.83125e-06
 Reference value :  1.83183e-06
 Reference value :  1.83237e-06
 Reference value :  1.83289e-06
 Reference value :  1.83341e-06
 Reference value :  1.83393e-06
 Reference value :  1.83443e-06
 Reference value :  1.83495e-06
 Reference value :  1.83547e-06
 Reference value :  1.83599e-06
 Reference value :  1.83651e-06
 Reference value :  1.83703e-06
 Reference value :  1.83755e-06
 Reference value :  1.83807e-06
 Reference value :  1.83859e-06
 Reference value :  1.83909e-06
 Reference value :  1.83961e-06
 Reference value :  1.84013e-06
 Reference value :  1.84065e-06
 Reference value :  1.84115e-06
 Reference value :  1.84167e-06
 Reference value :  1.84221e-06
 Reference value :  1.84275e-06
 Reference value :  1.84327e-06
 Reference value :  1.84379e-06
 Reference value :  1.84431e-06
 Reference value :  1.84481e-06
 Reference value :  1.84535e-06
 Reference value :  1.84589e-06
 Reference value :  1.84643e-06
 Reference value :  1.84693e-06
 Reference value :  1.84745e-06
 Reference value :  1.84799e-06
 Reference value :  1.84851e-06
 Reference value :  1.84905e-06
 Reference value :  1.84957e-06
 Reference value :  1.85009e-06
 Reference value :  1.85063e-06
 Reference value :  1.85115e-06
 Reference value :  1.85169e-06
 Reference value :  1.85221e-06
 Reference value :  1.85277e-06
 Reference value :  1.85331e-06
 Reference value :  1.85381e-06
 Reference value :  1.85433e-06
 Reference value :  1.85485e-06
 Reference value :  1.85537e-06
 Reference value :  1.85589e-06
 Reference value :  1.85641e-06
 Reference value :  1.85695e-06
 Reference value :  1.85747e-06
 Reference value :  1.85801e-06
 Reference value :  1.85853e-06
 Reference value :  1.85905e-06
 Reference value :  1.85959e-06
 Reference value :  1.86009e-06
 Reference value :  1.86063e-06
 Reference value :  1.86115e-06
 Reference value :  1.86167e-06
 Reference value :  1.86219e-06
 Reference value :  1.86271e-06
 Reference value :  1.86323e-06
 Reference value :  1.86373e-06
 Reference value :  1.86425e-06
 Reference value :  1.86477e-06
 Reference value :  1.86527e-06
 Reference value :  1.86581e-06
 Reference value :  1.86633e-06
 Reference value :  1.86685e-06
 Reference value :  1.86737e-06
 Reference value :  1.86791e-06
 Reference value :  1.86843e-06
 Reference value :  1.86897e-06
 Reference value :  1.86949e-06
 Reference value :  1.87001e-06
 Reference value :  1.87053e-06
 Reference value :  1.87103e-06
 Reference value :  1.87157e-06
 Reference value :  1.87209e-06
 Reference value :  1.87261e-06
 Reference value :  1.87313e-06
 Reference value :  1.87365e-06
 Reference value :  1.87417e-06
 Reference value :  1.87469e-06
 Reference value :  1.87521e-06
 Reference value :  1.87575e-06
 Reference value :  1.87627e-06
 Reference value :  1.87679e-06
 Reference value :  1.87731e-06
 Reference value :  1.87785e-06
 Reference value :  1.87837e-06
 Reference value :  1.87889e-06
 Reference value :  1.87943e-06
 Reference value :  1.87995e-06
 Reference value :  1.88047e-06
 Reference value :  1.88099e-06
 Reference value :  1.88153e-06
 Reference value :  1.88207e-06
 Reference value :  1.88261e-06
 Reference value :  1.88311e-06
 Reference value :  1.88365e-06
 Reference value :  1.88415e-06
 Reference value :  1.88465e-06
 Reference value :  1.88517e-06
 Reference value :  1.88569e-06
 Reference value :  1.88621e-06
 Reference value :  1.88671e-06
 Reference value :  1.88723e-06
 Reference value :  1.88773e-06
 Reference value :  1.88825e-06
 Reference value :  1.88877e-06
 Reference value :  1.88931e-06
 Reference value :  1.88985e-06
 Reference value :  1.89037e-06
 Reference value :  1.89089e-06
 Reference value :  1.89143e-06
 Reference value :  1.89193e-06
 Reference value :  1.89243e-06
 Reference value :  1.89295e-06
 Reference value :  1.89349e-06
 Reference value :  1.89401e-06
 Reference value :  1.89453e-06
 Reference value :  1.89507e-06
 Reference value :  1.89559e-06
 Reference value :  1.89611e-06
 Reference value :  1.89663e-06
 Reference value :  1.89715e-06
 Reference value :  1.89769e-06
 Reference value :  1.89821e-06
 Reference value :  1.89875e-06
 Reference value :  1.89927e-06
 Reference value :  1.89977e-06
 Reference value :  1.90027e-06
 Reference value :  1.90079e-06
 Reference value :  1.90129e-06
 Reference value :  1.90179e-06
 Reference value :  1.90231e-06
 Reference value :  1.90285e-06
 Reference value :  1.90337e-06
 Reference value :  1.90389e-06
 Reference value :  1.90439e-06
 Reference value :  1.90491e-06
 Reference value :  1.90543e-06
 Reference value :  1.90597e-06
 Reference value :  1.90649e-06
 Reference value :  1.90701e-06
 Reference value :  1.90753e-06
 Reference value :  1.90803e-06
 Reference value :  1.90855e-06
 Reference value :  1.90907e-06
 Reference value :  1.90959e-06
 Reference value :  1.91015e-06
 Reference value :  1.91067e-06
 Reference value :  1.91121e-06
 Reference value :  1.91173e-06
 Reference value :  1.91225e-06
 Reference value :  1.91279e-06
 Reference value :  1.91331e-06
 Reference value :  1.91387e-06
 Reference value :  1.91437e-06
 Reference value :  1.91491e-06
 Reference value :  1.91543e-06
 Reference value :  1.91597e-06
 Reference value :  1.91647e-06
 Reference value :  1.91699e-06
 Reference value :  1.91751e-06
 Reference value :  1.91803e-06
 Reference value :  1.91859e-06
 Reference value :  1.91911e-06
 Reference value :  1.91965e-06
 Reference value :  1.92017e-06
 Reference value :  1.92069e-06
 Reference value :  1.92121e-06
 Reference value :  1.92175e-06
 Reference value :  1.92229e-06
 Reference value :  1.92279e-06
 Reference value :  1.92331e-06
 Reference value :  1.92385e-06
 Reference value :  1.92437e-06
 Reference value :  1.92489e-06
 Reference value :  1.92541e-06
 Reference value :  1.92595e-06
 Reference value :  1.92647e-06
 Reference value :  1.92699e-06
 Reference value :  1.92751e-06
 Reference value :  1.92801e-06
 Reference value :  1.92853e-06
 Reference value :  1.92903e-06
 Reference value :  1.92953e-06
 Reference value :  1.93005e-06
 Reference value :  1.93057e-06
 Reference value :  1.93109e-06
 Reference value :  1.93163e-06
 Reference value :  1.93215e-06
 Reference value :  1.93267e-06
 Reference value :  1.93319e-06
 Reference value :  1.93373e-06
 Reference value :  1.93425e-06
 Reference value :  1.93477e-06
 Reference value :  1.93529e-06
 Reference value :  1.93581e-06
 Reference value :  1.93631e-06
 Reference value :  1.93683e-06
 Reference value :  1.93737e-06
 Reference value :  1.93789e-06
 Reference value :  1.93843e-06
 Reference value :  1.93893e-06
 Reference value :  1.93945e-06
 Reference value :  1.93997e-06
 Reference value :  1.94049e-06
 Reference value :  1.94099e-06
 Reference value :  1.94153e-06
 Reference value :  1.94205e-06
 Reference value :  1.94257e-06
 Reference value :  1.94309e-06
 Reference value :  1.94359e-06
 Reference value :  1.94413e-06
 Reference value :  1.94467e-06
 Reference value :  1.94519e-06
 Reference value :  1.94569e-06
 Reference value :  1.94621e-06
 Reference value :  1.94675e-06
 Reference value :  1.94727e-06
 Reference value :  1.94779e-06
 Reference value :  1.94831e-06
 Reference value :  1.94883e-06
 Reference value :  1.94935e-06
 Reference value :  1.94987e-06
 Reference value :  1.95037e-06
 Reference value :  1.95087e-06
 Reference value :  1.95137e-06
 Reference value :  1.95189e-06
 Reference value :  1.95241e-06
 Reference value :  1.95295e-06
 Reference value :  1.95347e-06
 Reference value :  1.95399e-06
 Reference value :  1.95451e-06
 Reference value :  1.95507e-06
 Reference value :  1.95559e-06
 Reference value :  1.95611e-06
 Reference value :  1.95661e-06
 Reference value :  1.95713e-06
 Reference value :  1.95765e-06
 Reference value :  1.95817e-06
 Reference value :  1.95867e-06
 Reference value :  1.95919e-06
 Reference value :  1.95969e-06
 Reference value :  1.96021e-06
 Reference value :  1.96073e-06
 Reference value :  1.96125e-06
 Reference value :  1.96177e-06
 Reference value :  1.96231e-06
 Reference value :  1.96283e-06
 Reference value :  1.96333e-06
 Reference value :  1.96385e-06
 Reference value :  1.96437e-06
 Reference value :  1.96489e-06
 Reference value :  1.96541e-06
 Reference value :  1.96595e-06
 Reference value :  1.96647e-06
 Reference value :  1.96699e-06
 Reference value :  1.96753e-06
 Reference value :  1.96805e-06
 Reference value :  1.96859e-06
 Reference value :  1.96911e-06
 Reference value :  1.96963e-06
 Reference value :  1.97015e-06
 Reference value :  1.97067e-06
 Reference value :  1.97117e-06
 Reference value :  1.97169e-06
 Reference value :  1.97221e-06
 Reference value :  1.97273e-06
 Reference value :  1.97325e-06
 Reference value :  1.97377e-06
 Reference value :  1.97429e-06
 Reference value :  1.97485e-06
 Reference value :  1.97537e-06
 Reference value :  1.97589e-06
 Reference value :  1.97639e-06
 Reference value :  1.97693e-06
 Reference value :  1.97745e-06
 Reference value :  1.97797e-06
 Reference value :  1.97851e-06
 Reference value :  1.97905e-06
 Reference value :  1.97959e-06
 Reference value :  1.98011e-06
 Reference value :  1.98063e-06
 Reference value :  1.98113e-06
 Reference value :  1.98165e-06
 Reference value :  1.98215e-06
 Reference value :  1.98265e-06
 Reference value :  1.98317e-06
 Reference value :  1.98369e-06
 Reference value :  1.98419e-06
 Reference value :  1.98471e-06
 Reference value :  1.98525e-06
 Reference value :  1.98575e-06
 Reference value :  1.98625e-06
 Reference value :  1.98677e-06
 Reference value :  1.98729e-06
 Reference value :  1.98783e-06
 Reference value :  1.98833e-06
 Reference value :  1.98885e-06
 Reference value :  1.98937e-06
 Reference value :  1.98989e-06
 Reference value :  1.99039e-06
 Reference value :  1.99091e-06
 Reference value :  1.99143e-06
 Reference value :  1.99195e-06
 Reference value :  1.99247e-06
 Reference value :  1.99297e-06
 Reference value :  1.99349e-06
 Reference value :  1.99399e-06
 Reference value :  1.99451e-06
 Reference value :  1.99503e-06
 Reference value :  1.99557e-06
 Reference value :  1.99609e-06
 Reference value :  1.99661e-06
 Reference value :  1.99713e-06
 Reference value :  1.99765e-06
 Reference value :  1.99817e-06
 Reference value :  1.99871e-06
 Reference value :  1.99923e-06
 Reference value :  1.99975e-06
 Reference value :  2.00029e-06
 Reference value :  2.00079e-06
 Reference value :  2.00131e-06
 Reference value :  2.00183e-06
 Reference value :  2.00233e-06
 Reference value :  2.00287e-06
 Reference value :  2.00337e-06
 Reference value :  2.00391e-06
 Reference value :  2.00445e-06
 Reference value :  2.00497e-06
 Reference value :  2.00549e-06
 Reference value :  2.00599e-06
 Reference value :  2.00653e-06
 Reference value :  2.00703e-06
 Reference value :  2.00755e-06
 Reference value :  2.00807e-06
 Reference value :  2.00859e-06
 Reference value :  2.00911e-06
 Reference value :  2.00963e-06
 Reference value :  2.01015e-06
 Reference value :  2.01067e-06
 Reference value :  2.01119e-06
 Reference value :  2.01171e-06
 Reference value :  2.01223e-06
 Reference value :  2.01277e-06
 Reference value :  2.01329e-06
 Reference value :  2.01383e-06
 Reference value :  2.01435e-06
 Reference value :  2.01485e-06
 Reference value :  2.01537e-06
 Reference value :  2.01589e-06
 Reference value :  2.01641e-06
 Reference value :  2.01693e-06
 Reference value :  2.01747e-06
 Reference value :  2.01801e-06
 Reference value :  2.01853e-06
 Reference value :  2.01905e-06
 Reference value :  2.01957e-06
 Reference value :  2.02011e-06
 Reference value :  2.02063e-06
 Reference value :  2.02117e-06
 Reference value :  2.02169e-06
 Reference value :  2.02221e-06
 Reference value :  2.02273e-06
 Reference value :  2.02325e-06
 Reference value :  2.02377e-06
 Reference value :  2.02431e-06
 Reference value :  2.02483e-06
 Reference value :  2.02537e-06
 Reference value :  2.02589e-06
 Reference value :  2.02639e-06
 Reference value :  2.02691e-06
 Reference value :  2.02743e-06
 Reference value :  2.02797e-06
 Reference value :  2.02847e-06
 Reference value :  2.02899e-06
 Reference value :  2.02949e-06
 Reference value :  2.03001e-06
 Reference value :  2.03053e-06
 Reference value :  2.03105e-06
 Reference value :  2.03157e-06
 Reference value :  2.03211e-06
 Reference value :  2.03263e-06
 Reference value :  2.03315e-06
 Reference value :  2.03367e-06
 Reference value :  2.03419e-06
 Reference value :  2.03471e-06
 Reference value :  2.03523e-06
 Reference value :  2.03575e-06
 Reference value :  2.03627e-06
 Reference value :  2.03679e-06
 Reference value :  2.03731e-06
 Reference value :  2.03783e-06
 Reference value :  2.03835e-06
 Reference value :  2.03887e-06
 Reference value :  2.03937e-06
 Reference value :  2.03989e-06
 Reference value :  2.04041e-06
 Reference value :  2.04093e-06
 Reference value :  2.04147e-06
 Reference value :  2.04199e-06
 Reference value :  2.04251e-06
 Reference value :  2.04305e-06
 Reference value :  2.04357e-06
 Reference value :  2.04411e-06
 Reference value :  2.04463e-06
 Reference value :  2.04515e-06
 Reference value :  2.04567e-06
 Reference value :  2.04617e-06
 Reference value :  2.04671e-06
 Reference value :  2.04723e-06
 Reference value :  2.04775e-06
 Reference value :  2.04829e-06
 Reference value :  2.04881e-06
 Reference value :  2.04935e-06
 Reference value :  2.04987e-06
 Reference value :  2.05039e-06
 Reference value :  2.05089e-06
 Reference value :  2.05143e-06
 Reference value :  2.05195e-06
 Reference value :  2.05247e-06
 Reference value :  2.05299e-06
 Reference value :  2.05351e-06
 Reference value :  2.05405e-06
 Reference value :  2.05457e-06
 Reference value :  2.05509e-06
 Reference value :  2.05561e-06
 Reference value :  2.05613e-06
 Reference value :  2.05667e-06
 Reference value :  2.05719e-06
 Reference value :  2.05773e-06
 Reference value :  2.05825e-06
 Reference value :  2.05877e-06
 Reference value :  2.05929e-06
 Reference value :  2.05983e-06
 Reference value :  2.06037e-06
 Reference value :  2.06089e-06
 Reference value :  2.06141e-06
 Reference value :  2.06191e-06
 Reference value :  2.06241e-06
 Reference value :  2.06291e-06
 Reference value :  2.06343e-06
 Reference value :  2.06393e-06
 Reference value :  2.06445e-06
 Reference value :  2.06499e-06
 Reference value :  2.06551e-06
 Reference value :  2.06601e-06
 Reference value :  2.06655e-06
 Reference value :  2.06707e-06
 Reference value :  2.06759e-06
 Reference value :  2.06811e-06
 Reference value :  2.06863e-06
 Reference value :  2.06913e-06
 Reference value :  2.06967e-06
 Reference value :  2.07019e-06
 Reference value :  2.07071e-06
 Reference value :  2.07127e-06
 Reference value :  2.07179e-06
 Reference value :  2.07229e-06
 Reference value :  2.07283e-06
 Reference value :  2.07335e-06
 Reference value :  2.07389e-06
 Reference value :  2.07441e-06
 Reference value :  2.07493e-06
 Reference value :  2.07547e-06
 Reference value :  2.07599e-06
 Reference value :  2.07653e-06
 Reference value :  2.07705e-06
 Reference value :  2.07759e-06
 Reference value :  2.07813e-06
 Reference value :  2.07867e-06
 Reference value :  2.07919e-06
 Reference value :  2.07969e-06
 Reference value :  2.08023e-06
 Reference value :  2.08075e-06
 Reference value :  2.08127e-06
 Reference value :  2.08179e-06
 Reference value :  2.08229e-06
 Reference value :  2.08281e-06
 Reference value :  2.08333e-06
 Reference value :  2.08387e-06
 Reference value :  2.08439e-06
 Reference value :  2.08489e-06
 Reference value :  2.08539e-06
 Reference value :  2.08589e-06
 Reference value :  2.08643e-06
 Reference value :  2.08695e-06
 Reference value :  2.08747e-06
 Reference value :  2.08799e-06
 Reference value :  2.08851e-06
 Reference value :  2.08905e-06
 Reference value :  2.08955e-06
 Reference value :  2.09007e-06
 Reference value :  2.09063e-06
 Reference value :  2.09117e-06
 Reference value :  2.09167e-06
 Reference value :  2.09221e-06
 Reference value :  2.09273e-06
 Reference value :  2.09325e-06
 Reference value :  2.09377e-06
 Reference value :  2.09429e-06
 Reference value :  2.09479e-06
 Reference value :  2.09529e-06
 Reference value :  2.09583e-06
 Reference value :  2.09635e-06
 Reference value :  2.09687e-06
 Reference value :  2.09739e-06
 Reference value :  2.09793e-06
 Reference value :  2.09845e-06
 Reference value :  2.09895e-06
 Reference value :  2.09945e-06
 Reference value :  2.09997e-06
 Reference value :  2.10049e-06
 Reference value :  2.10103e-06
 Reference value :  2.10153e-06
 Reference value :  2.10203e-06
 Reference value :  2.10255e-06
 Reference value :  2.10309e-06
 Reference value :  2.10361e-06
 Reference value :  2.10415e-06
 Reference value :  2.10463e-06
 Reference value :  2.10515e-06
 Reference value :  2.10565e-06
 Reference value :  2.10617e-06
 Reference value :  2.10671e-06
 Reference value :  2.10725e-06
 Reference value :  2.10777e-06
 Reference value :  2.10829e-06
 Reference value :  2.10883e-06
 Reference value :  2.10935e-06
 Reference value :  2.10987e-06
 Reference value :  2.11039e-06
 Reference value :  2.11091e-06
 Reference value :  2.11143e-06
 Reference value :  2.11195e-06
 Reference value :  2.11247e-06
 Reference value :  2.11299e-06
 Reference value :  2.11351e-06
 Reference value :  2.11403e-06
 Reference value :  2.11457e-06
 Reference value :  2.11511e-06
 Reference value :  2.11561e-06
 Reference value :  2.11613e-06
 Reference value :  2.11665e-06
 Reference value :  2.11717e-06
 Reference value :  2.11769e-06
 Reference value :  2.11823e-06
 Reference value :  2.11875e-06
 Reference value :  2.11927e-06
 Reference value :  2.11981e-06
 Reference value :  2.12033e-06
 Reference value :  2.12087e-06
 Reference value :  2.12139e-06
 Reference value :  2.12193e-06
 Reference value :  2.12245e-06
 Reference value :  2.12297e-06
 Reference value :  2.12351e-06
 Reference value :  2.12401e-06
 Reference value :  2.12453e-06
 Reference value :  2.12507e-06
 Reference value :  2.12559e-06
 Reference value :  2.12609e-06
 Reference value :  2.12661e-06
 Reference value :  2.12715e-06
 Reference value :  2.12767e-06
 Reference value :  2.12817e-06
 Reference value :  2.12867e-06
 Reference value :  2.12919e-06
 Reference value :  2.12971e-06
 Reference value :  2.13017e-06
 Reference value :  2.13071e-06
 Reference value :  2.13123e-06
 Reference value :  2.13177e-06
 Reference value :  2.13229e-06
 Reference value :  2.13281e-06
 Reference value :  2.13333e-06
 Reference value :  2.13385e-06
 Reference value :  2.13437e-06
 Reference value :  2.13489e-06
 Reference value :  2.13541e-06
 Reference value :  2.13595e-06
 Reference value :  2.13647e-06
 Reference value :  2.13697e-06
 Reference value :  2.13751e-06
 Reference value :  2.13803e-06
 Reference value :  2.13857e-06
 Reference value :  2.13907e-06
 Reference value :  2.13959e-06
 Reference value :  2.14011e-06
 Reference value :  2.14063e-06
 Reference value :  2.14115e-06
 Reference value :  2.14169e-06
 Reference value :  2.14225e-06
 Reference value :  2.14277e-06
 Reference value :  2.14329e-06
 Reference value :  2.14379e-06
 Reference value :  2.14429e-06
 Reference value :  2.14481e-06
 Reference value :  2.14531e-06
 Reference value :  2.14581e-06
 Reference value :  2.14631e-06
 Reference value :  2.14685e-06
 Reference value :  2.14739e-06
 Reference value :  2.14791e-06
 Reference value :  2.14845e-06
 Reference value :  2.14897e-06
 Reference value :  2.14949e-06
 Reference value :  2.15003e-06
 Reference value :  2.15055e-06
 Reference value :  2.15105e-06
 Reference value :  2.15155e-06
 Reference value :  2.15209e-06
 Reference value :  2.15263e-06
 Reference value :  2.15315e-06
 Reference value :  2.15367e-06
 Reference value :  2.15421e-06
 Reference value :  2.15475e-06
 Reference value :  2.15525e-06
 Reference value :  2.15577e-06
 Reference value :  2.15629e-06
 Reference value :  2.15683e-06
 Reference value :  2.15735e-06
 Reference value :  2.15785e-06
 Reference value :  2.15839e-06
 Reference value :  2.15891e-06
 Reference value :  2.15945e-06
 Reference value :  2.15997e-06
 Reference value :  2.16049e-06
 Reference value :  2.16099e-06
 Reference value :  2.16151e-06
 Reference value :  2.16203e-06
 Reference value :  2.16255e-06
 Reference value :  2.16307e-06
 Reference value :  2.16361e-06
 Reference value :  2.16413e-06
 Reference value :  2.16465e-06
 Reference value :  2.16517e-06
 Reference value :  2.16569e-06
 Reference value :  2.16623e-06
 Reference value :  2.16675e-06
 Reference value :  2.16729e-06
 Reference value :  2.16781e-06
 Reference value :  2.16833e-06
 Reference value :  2.16885e-06
 Reference value :  2.16941e-06
 Reference value :  2.16995e-06
 Reference value :  2.17045e-06
 Reference value :  2.17099e-06
 Reference value :  2.17153e-06
 Reference value :  2.17207e-06
 Reference value :  2.17259e-06
 Reference value :  2.17309e-06
 Reference value :  2.17361e-06
 Reference value :  2.17413e-06
 Reference value :  2.17465e-06
 Reference value :  2.17517e-06
 Reference value :  2.17569e-06
 Reference value :  2.17623e-06
 Reference value :  2.17673e-06
 Reference value :  2.17725e-06
 Reference value :  2.17777e-06
 Reference value :  2.17827e-06
 Reference value :  2.17879e-06
 Reference value :  2.17929e-06
 Reference value :  2.17985e-06
 Reference value :  2.18037e-06
 Reference value :  2.18091e-06
 Reference value :  2.18143e-06
 Reference value :  2.18193e-06
 Reference value :  2.18245e-06
 Reference value :  2.18297e-06
 Reference value :  2.18351e-06
 Reference value :  2.18403e-06
 Reference value :  2.18455e-06
 Reference value :  2.18507e-06
 Reference value :  2.18557e-06
 Reference value :  2.18607e-06
 Reference value :  2.18659e-06
 Reference value :  2.18711e-06
 Reference value :  2.18765e-06
 Reference value :  2.18819e-06
 Reference value :  2.18871e-06
 Reference value :  2.18923e-06
 Reference value :  2.18975e-06
 Reference value :  2.19027e-06
 Reference value :  2.19081e-06
 Reference value :  2.19131e-06
 Reference value :  2.19183e-06
 Reference value :  2.19237e-06
 Reference value :  2.19289e-06
 Reference value :  2.19341e-06
 Reference value :  2.19393e-06
 Reference value :  2.19447e-06
 Reference value :  2.19497e-06
 Reference value :  2.19551e-06
 Reference value :  2.19605e-06
 Reference value :  2.19657e-06
 Reference value :  2.19709e-06
 Reference value :  2.19761e-06
 Reference value :  2.19815e-06
 Reference value :  2.19867e-06
 Reference value :  2.19921e-06
 Reference value :  2.19975e-06
 Reference value :  2.20029e-06
 Reference value :  2.20083e-06
 Reference value :  2.20133e-06
 Reference value :  2.20183e-06
 Reference value :  2.20235e-06
 Reference value :  2.20287e-06
 Reference value :  2.20339e-06
 Reference value :  2.20393e-06
 Reference value :  2.20447e-06
 Reference value :  2.20499e-06
 Reference value :  2.20553e-06
 Reference value :  2.20607e-06
 Reference value :  2.20659e-06
 Reference value :  2.20713e-06
 Reference value :  2.20765e-06
 Reference value :  2.20817e-06
 Reference value :  2.20867e-06
 Reference value :  2.20917e-06
 Reference value :  2.20969e-06
 Reference value :  2.21021e-06
 Reference value :  2.21073e-06
 Reference value :  2.21125e-06
 Reference value :  2.21177e-06
 Reference value :  2.21227e-06
 Reference value :  2.21279e-06
 Reference value :  2.21331e-06
 Reference value :  2.21381e-06
 Reference value :  2.21435e-06
 Reference value :  2.21487e-06
 Reference value :  2.21539e-06
 Reference value :  2.21591e-06
 Reference value :  2.21643e-06
 Reference value :  2.21695e-06
 Reference value :  2.21749e-06
 Reference value :  2.21799e-06
 Reference value :  2.21849e-06
 Reference value :  2.21903e-06
 Reference value :  2.21955e-06
 Reference value :  2.22007e-06
 Reference value :  2.22059e-06
 Reference value :  2.22113e-06
 Reference value :  2.22165e-06
 Reference value :  2.22217e-06
 Reference value :  2.22269e-06
 Reference value :  2.22321e-06
 Reference value :  2.22371e-06
 Reference value :  2.22425e-06
 Reference value :  2.22477e-06
 Reference value :  2.22529e-06
 Reference value :  2.22581e-06
 Reference value :  2.22633e-06
 Reference value :  2.22685e-06
 Reference value :  2.22735e-06
 Reference value :  2.22789e-06
 Reference value :  2.22841e-06
 Reference value :  2.22895e-06
 Reference value :  2.22947e-06
 Reference value :  2.22999e-06
 Reference value :  2.23053e-06
 Reference value :  2.23105e-06
 Reference value :  2.23157e-06
 Reference value :  2.23209e-06
 Reference value :  2.23259e-06
 Reference value :  2.23311e-06
 Reference value :  2.23363e-06
 Reference value :  2.23415e-06
 Reference value :  2.23467e-06
 Reference value :  2.23517e-06
 Reference value :  2.23569e-06
 Reference value :  2.23621e-06
 Reference value :  2.23675e-06
 Reference value :  2.23729e-06
 Reference value :  2.23781e-06
 Reference value :  2.23835e-06
 Reference value :  2.23887e-06
 Reference value :  2.23939e-06
 Reference value :  2.23991e-06
 Reference value :  2.24043e-06
 Reference value :  2.24095e-06
 Reference value :  2.24143e-06
 Reference value :  2.24199e-06
 Reference value :  2.24251e-06
 Reference value :  2.24303e-06
 Reference value :  2.24357e-06
 Reference value :  2.24409e-06
 Reference value :  2.24461e-06
 Reference value :  2.24513e-06
 Reference value :  2.24567e-06
 Reference value :  2.24619e-06
 Reference value :  2.24669e-06
 Reference value :  2.24721e-06
 Reference value :  2.24773e-06
 Reference value :  2.24827e-06
 Reference value :  2.24879e-06
 Reference value :  2.24931e-06
 Reference value :  2.24981e-06
 Reference value :  2.25033e-06
 Reference value :  2.25083e-06
 Reference value :  2.25135e-06
 Reference value :  2.25189e-06
 Reference value :  2.25241e-06
 Reference value :  2.25293e-06
 Reference value :  2.25345e-06
 Reference value :  2.25397e-06
 Reference value :  2.25447e-06
 Reference value :  2.25501e-06
 Reference value :  2.25553e-06
 Reference value :  2.25607e-06
 Reference value :  2.25659e-06
 Reference value :  2.25709e-06
 Reference value :  2.25761e-06
 Reference value :  2.25815e-06
 Reference value :  2.25869e-06
 Reference value :  2.25921e-06
 Reference value :  2.25973e-06
 Reference value :  2.26025e-06
 Reference value :  2.26079e-06
 Reference value :  2.26129e-06
 Reference value :  2.26183e-06
 Reference value :  2.26239e-06
 Reference value :  2.26291e-06
 Reference value :  2.26343e-06
 Reference value :  2.26397e-06
 Reference value :  2.26449e-06
 Reference value :  2.26501e-06
 Reference value :  2.26553e-06
 Reference value :  2.26607e-06
 Reference value :  2.26659e-06
 Reference value :  2.26711e-06
 Reference value :  2.26761e-06
 Reference value :  2.26811e-06
 Reference value :  2.26861e-06
 Reference value :  2.26911e-06
 Reference value :  2.26965e-06
 Reference value :  2.27017e-06
 Reference value :  2.27067e-06
 Reference value :  2.27119e-06
 Reference value :  2.27171e-06
 Reference value :  2.27223e-06
 Reference value :  2.27277e-06
 Reference value :  2.27327e-06
 Reference value :  2.27379e-06
 Reference value :  2.27433e-06
 Reference value :  2.27485e-06
 Reference value :  2.27537e-06
 Reference value :  2.27591e-06
 Reference value :  2.27643e-06
 Reference value :  2.27695e-06
 Reference value :  2.27747e-06
 Reference value :  2.27799e-06
 Reference value :  2.27851e-06
 Reference value :  2.27905e-06
 Reference value :  2.27955e-06
 Reference value :  2.28007e-06
 Reference value :  2.28059e-06
 Reference value :  2.28111e-06
 Reference value :  2.28161e-06
 Reference value :  2.28213e-06
 Reference value :  2.28265e-06
 Reference value :  2.28321e-06
 Reference value :  2.28373e-06
 Reference value :  2.28425e-06
 Reference value :  2.28479e-06
 Reference value :  2.28531e-06
 Reference value :  2.28585e-06
 Reference value :  2.28635e-06
 Reference value :  2.28687e-06
 Reference value :  2.28737e-06
 Reference value :  2.28789e-06
 Reference value :  2.28841e-06
 Reference value :  2.28891e-06
 Reference value :  2.28943e-06
 Reference value :  2.28997e-06
 Reference value :  2.29051e-06
 Reference value :  2.29103e-06
 Reference value :  2.29157e-06
 Reference value :  2.29211e-06
 Reference value :  2.29263e-06
 Reference value :  2.29317e-06
 Reference value :  2.29369e-06
 Reference value :  2.29421e-06
 Reference value :  2.29473e-06
 Reference value :  2.29525e-06
 Reference value :  2.29577e-06
 Reference value :  2.29631e-06
 Reference value :  2.29685e-06
 Reference value :  2.29737e-06
 Reference value :  2.29789e-06
 Reference value :  2.29841e-06
 Reference value :  2.29895e-06
 Reference value :  2.29947e-06
 Reference value :  2.29999e-06
 Reference value :  2.30051e-06
 Reference value :  2.30101e-06
 Reference value :  2.30153e-06
 Reference value :  2.30205e-06
 Reference value :  2.30255e-06
 Reference value :  2.30309e-06
 Reference value :  2.30365e-06
 Reference value :  2.30417e-06
 Reference value :  2.30471e-06
 Reference value :  2.30523e-06
 Reference value :  2.30575e-06
 Reference value :  2.30629e-06
 Reference value :  2.30679e-06
 Reference value :  2.30731e-06
 Reference value :  2.30781e-06
 Reference value :  2.30835e-06
 Reference value :  2.30887e-06
 Reference value :  2.30941e-06
 Reference value :  2.30989e-06
 Reference value :  2.31041e-06
 Reference value :  2.31093e-06
 Reference value :  2.31145e-06
 Reference value :  2.31199e-06
 Reference value :  2.31251e-06
 Reference value :  2.31301e-06
 Reference value :  2.31355e-06
 Reference value :  2.31407e-06
 Reference value :  2.31457e-06
 Reference value :  2.31509e-06
 Reference value :  2.31561e-06
 Reference value :  2.31611e-06
 Reference value :  2.31663e-06
 Reference value :  2.31717e-06
 Reference value :  2.31769e-06
 Reference value :  2.31821e-06
 Reference value :  2.31873e-06
 Reference value :  2.31925e-06
 Reference value :  2.31975e-06
 Reference value :  2.32027e-06
 Reference value :  2.32081e-06
 Reference value :  2.32133e-06
 Reference value :  2.32187e-06
 Reference value :  2.32239e-06
 Reference value :  2.32291e-06
 Reference value :  2.32343e-06
 Reference value :  2.32399e-06
 Reference value :  2.32451e-06
 Reference value :  2.32503e-06
 Reference value :  2.32555e-06
 Reference value :  2.32607e-06
 Reference value :  2.32661e-06
 Reference value :  2.32715e-06
 Reference value :  2.32767e-06
 Reference value :  2.32819e-06
 Reference value :  2.32871e-06
 Reference value :  2.32923e-06
 Reference value :  2.32977e-06
 Reference value :  2.33027e-06
 Reference value :  2.33079e-06
 Reference value :  2.33129e-06
 Reference value :  2.33183e-06
 Reference value :  2.33235e-06
 Reference value :  2.33287e-06
 Reference value :  2.33339e-06
 Reference value :  2.33393e-06
 Reference value :  2.33447e-06
 Reference value :  2.33497e-06
 Reference value :  2.33551e-06
 Reference value :  2.33605e-06
 Reference value :  2.33659e-06
 Reference value :  2.33713e-06
 Reference value :  2.33765e-06
 Reference value :  2.33817e-06
 Reference value :  2.33869e-06
 Reference value :  2.33921e-06
 Reference value :  2.33975e-06
 Reference value :  2.34027e-06
 Reference value :  2.34079e-06
 Reference value :  2.34131e-06
 Reference value :  2.34185e-06
 Reference value :  2.34237e-06
 Reference value :  2.34289e-06
 Reference value :  2.34341e-06
 Reference value :  2.34393e-06
 Reference value :  2.34445e-06
 Reference value :  2.34499e-06
 Reference value :  2.34551e-06
 Reference value :  2.34603e-06
 Reference value :  2.34657e-06
 Reference value :  2.34711e-06
 Reference value :  2.34761e-06
 Reference value :  2.34813e-06
 Reference value :  2.34867e-06
 Reference value :  2.34919e-06
 Reference value :  2.34971e-06
 Reference value :  2.35023e-06
 Reference value :  2.35075e-06
 Reference value :  2.35127e-06
 Reference value :  2.35177e-06
 Reference value :  2.35229e-06
 Reference value :  2.35279e-06
 Reference value :  2.35333e-06
 Reference value :  2.35385e-06
 Reference value :  2.35437e-06
 Reference value :  2.35491e-06
 Reference value :  2.35545e-06
 Reference value :  2.35597e-06
 Reference value :  2.35649e-06
 Reference value :  2.35699e-06
 Reference value :  2.35751e-06
 Reference value :  2.35805e-06
 Reference value :  2.35855e-06
 Reference value :  2.35907e-06
 Reference value :  2.35961e-06
 Reference value :  2.36013e-06
 Reference value :  2.36065e-06
 Reference value :  2.36117e-06
 Reference value :  2.36167e-06
 Reference value :  2.36221e-06
 Reference value :  2.36273e-06
 Reference value :  2.36325e-06
 Reference value :  2.36377e-06
 Reference value :  2.36431e-06
 Reference value :  2.36483e-06
 Reference value :  2.36535e-06
 Reference value :  2.36587e-06
 Reference value :  2.36637e-06
 Reference value :  2.36689e-06
 Reference value :  2.36741e-06
 Reference value :  2.36795e-06
 Reference value :  2.36845e-06
 Reference value :  2.36897e-06
 Reference value :  2.36949e-06
 Reference value :  2.37001e-06
 Reference value :  2.37053e-06
 Reference value :  2.37107e-06
 Reference value :  2.37157e-06
 Reference value :  2.37209e-06
 Reference value :  2.37261e-06
 Reference value :  2.37313e-06
 Reference value :  2.37363e-06
 Reference value :  2.37415e-06
 Reference value :  2.37469e-06
 Reference value :  2.37519e-06
 Reference value :  2.37571e-06
 Reference value :  2.37623e-06
 Reference value :  2.37675e-06
 Reference value :  2.37729e-06
 Reference value :  2.37781e-06
 Reference value :  2.37835e-06
 Reference value :  2.37887e-06
 Reference value :  2.37939e-06
 Reference value :  2.37991e-06
 Reference value :  2.38043e-06
 Reference value :  2.38097e-06
 Reference value :  2.38147e-06
 Reference value :  2.38199e-06
 Reference value :  2.38251e-06
 Reference value :  2.38301e-06
 Reference value :  2.38355e-06
 Reference value :  2.38407e-06
 Reference value :  2.38459e-06
 Reference value :  2.38513e-06
 Reference value :  2.38565e-06
 Reference value :  2.38617e-06
 Reference value :  2.38669e-06
 Reference value :  2.38721e-06
 Reference value :  2.38771e-06
 Reference value :  2.38823e-06
 Reference value :  2.38873e-06
 Reference value :  2.38925e-06
 Reference value :  2.38977e-06
 Reference value :  2.39027e-06
 Reference value :  2.39077e-06
 Reference value :  2.39127e-06
 Reference value :  2.39181e-06
 Reference value :  2.39233e-06
 Reference value :  2.39285e-06
 Reference value :  2.39337e-06
 Reference value :  2.39391e-06
 Reference value :  2.39441e-06
 Reference value :  2.39493e-06
 Reference value :  2.39545e-06
 Reference value :  2.39595e-06
 Reference value :  2.39649e-06
 Reference value :  2.39701e-06
 Reference value :  2.39753e-06
 Reference value :  2.39805e-06
 Reference value :  2.39857e-06
 Reference value :  2.39909e-06
 Reference value :  2.39959e-06
 Reference value :  2.40009e-06
 Reference value :  2.40059e-06
 Reference value :  2.40111e-06
 Reference value :  2.40163e-06
 Reference value :  2.40213e-06
 Reference value :  2.40263e-06
 Reference value :  2.40317e-06
 Reference value :  2.40369e-06
 Reference value :  2.40423e-06
 Reference value :  2.40477e-06
 Reference value :  2.40529e-06
 Reference value :  2.40581e-06
 Reference value :  2.40631e-06
 Reference value :  2.40683e-06
 Reference value :  2.40735e-06
 Reference value :  2.40787e-06
 Reference value :  2.40839e-06
 Reference value :  2.40893e-06
 Reference value :  2.40943e-06
 Reference value :  2.40993e-06
 Reference value :  2.41045e-06
 Reference value :  2.41099e-06
 Reference value :  2.41149e-06
 Reference value :  2.41205e-06
 Reference value :  2.41259e-06
 Reference value :  2.41311e-06
 Reference value :  2.41365e-06
 Reference value :  2.41415e-06
 Reference value :  2.41465e-06
 Reference value :  2.41517e-06
 Reference value :  2.41569e-06
 Reference value :  2.41623e-06
 Reference value :  2.41675e-06
 Reference value :  2.41727e-06
 Reference value :  2.41779e-06
 Reference value :  2.41831e-06
 Reference value :  2.41883e-06
 Reference value :  2.41935e-06
 Reference value :  2.41985e-06
 Reference value :  2.42037e-06
 Reference value :  2.42089e-06
 Reference value :  2.42143e-06
 Reference value :  2.42193e-06
 Reference value :  2.42243e-06
 Reference value :  2.42293e-06
 Reference value :  2.42345e-06
 Reference value :  2.42397e-06
 Reference value :  2.42449e-06
 Reference value :  2.42501e-06
 Reference value :  2.42555e-06
 Reference value :  2.42607e-06
 Reference value :  2.42661e-06
 Reference value :  2.42713e-06
 Reference value :  2.42765e-06
 Reference value :  2.42815e-06
 Reference value :  2.42867e-06
 Reference value :  2.42921e-06
 Reference value :  2.42973e-06
 Reference value :  2.43025e-06
 Reference value :  2.43079e-06
 Reference value :  2.43131e-06
 Reference value :  2.43185e-06
 Reference value :  2.43235e-06
 Reference value :  2.43287e-06
 Reference value :  2.43339e-06
 Reference value :  2.43389e-06
 Reference value :  2.43441e-06
 Reference value :  2.43495e-06
 Reference value :  2.43547e-06
 Reference value :  2.43599e-06
 Reference value :  2.43651e-06
 Reference value :  2.43701e-06
 Reference value :  2.43755e-06
 Reference value :  2.43807e-06
 Reference value :  2.43859e-06
 Reference value :  2.43913e-06
 Reference value :  2.43965e-06
 Reference value :  2.44017e-06
 Reference value :  2.44069e-06
 Reference value :  2.44121e-06
 Reference value :  2.44173e-06
 Reference value :  2.44225e-06
 Reference value :  2.44279e-06
 Reference value :  2.44331e-06
 Reference value :  2.44385e-06
 Reference value :  2.44437e-06
 Reference value :  2.44491e-06
 Reference value :  2.44545e-06
 Reference value :  2.44597e-06
 Reference value :  2.44645e-06
 Reference value :  2.44695e-06
 Reference value :  2.44747e-06
 Reference value :  2.44799e-06
 Reference value :  2.44851e-06
 Reference value :  2.44903e-06
 Reference value :  2.44957e-06
 Reference value :  2.45009e-06
 Reference value :  2.45061e-06
 Reference value :  2.45111e-06
 Reference value :  2.45163e-06
 Reference value :  2.45215e-06
 Reference value :  2.45267e-06
 Reference value :  2.45317e-06
 Reference value :  2.45369e-06
 Reference value :  2.45421e-06
 Reference value :  2.45473e-06
 Reference value :  2.45525e-06
 Reference value :  2.45577e-06
 Reference value :  2.45629e-06
 Reference value :  2.45681e-06
 Reference value :  2.45731e-06
 Reference value :  2.45783e-06
 Reference value :  2.45835e-06
 Reference value :  2.45887e-06
 Reference value :  2.45939e-06
 Reference value :  2.45991e-06
 Reference value :  2.46043e-06
 Reference value :  2.46097e-06
 Reference value :  2.46149e-06
 Reference value :  2.46201e-06
 Reference value :  2.46253e-06
 Reference value :  2.46305e-06
 Reference value :  2.46357e-06
 Reference value :  2.46407e-06
 Reference value :  2.46459e-06
 Reference value :  2.46511e-06
 Reference value :  2.46563e-06
 Reference value :  2.46613e-06
 Reference value :  2.46665e-06
 Reference value :  2.46719e-06
 Reference value :  2.46773e-06
 Reference value :  2.46827e-06
 Reference value :  2.46879e-06
 Reference value :  2.46931e-06
 Reference value :  2.46985e-06
 Reference value :  2.47037e-06
 Reference value :  2.47087e-06
 Reference value :  2.47139e-06
 Reference value :  2.47189e-06
 Reference value :  2.47241e-06
 Reference value :  2.47295e-06
 Reference value :  2.47345e-06
 Reference value :  2.47397e-06
 Reference value :  2.47449e-06
 Reference value :  2.47499e-06
 Reference value :  2.47553e-06
 Reference value :  2.47605e-06
 Reference value :  2.47657e-06
 Reference value :  2.47709e-06
 Reference value :  2.47761e-06
 Reference value :  2.47811e-06
 Reference value :  2.47861e-06
 Reference value :  2.47911e-06
 Reference value :  2.47965e-06
 Reference value :  2.48017e-06
 Reference value :  2.48067e-06
 Reference value :  2.48119e-06
 Reference value :  2.48173e-06
 Reference value :  2.48227e-06
 Reference value :  2.48277e-06
 Reference value :  2.48331e-06
 Reference value :  2.48383e-06
 Reference value :  2.48435e-06
 Reference value :  2.48485e-06
 Reference value :  2.48535e-06
 Reference value :  2.48581e-06
 Reference value :  2.48635e-06
 Reference value :  2.48689e-06
 Reference value :  2.48739e-06
 Reference value :  2.48789e-06
 Reference value :  2.48841e-06
 Reference value :  2.48893e-06
 Reference value :  2.48945e-06
 Reference value :  2.48997e-06
 Reference value :  2.49049e-06
 Reference value :  2.49101e-06
 Reference value :  2.49153e-06
 Reference value :  2.49205e-06
 Reference value :  2.49259e-06
 Reference value :  2.49311e-06
 Reference value :  2.49363e-06
 Reference value :  2.49415e-06
 Reference value :  2.49467e-06
 Reference value :  2.49517e-06
 Reference value :  2.49569e-06
 Reference value :  2.49621e-06
 Reference value :  2.49671e-06
 Reference value :  2.49723e-06
 Reference value :  2.49775e-06
 Reference value :  2.49827e-06
 Reference value :  2.49877e-06
 Reference value :  2.49931e-06
 Reference value :  2.49983e-06
 Reference value :  2.50037e-06
 Reference value :  2.50089e-06
 Reference value :  2.50139e-06
 Reference value :  2.50191e-06
 Reference value :  2.50243e-06
 Reference value :  2.50295e-06
 Reference value :  2.50347e-06
 Reference value :  2.50399e-06
 Reference value :  2.50451e-06
 Reference value :  2.50501e-06
 Reference value :  2.50553e-06
 Reference value :  2.50605e-06
 Reference value :  2.50659e-06
 Reference value :  2.50711e-06
 Reference value :  2.50763e-06
 Reference value :  2.50813e-06
 Reference value :  2.50863e-06
 Reference value :  2.50915e-06
 Reference value :  2.50969e-06
 Reference value :  2.51019e-06
 Reference value :  2.51071e-06
 Reference value :  2.51121e-06
 Reference value :  2.51173e-06
 Reference value :  2.51225e-06
 Reference value :  2.51277e-06
 Reference value :  2.51329e-06
 Reference value :  2.51379e-06
 Reference value :  2.51431e-06
 Reference value :  2.51483e-06
 Reference value :  2.51537e-06
 Reference value :  2.51589e-06
 Reference value :  2.51641e-06
 Reference value :  2.51697e-06
 Reference value :  2.51751e-06
 Reference value :  2.51805e-06
 Reference value :  2.51857e-06
 Reference value :  2.51909e-06
 Reference value :  2.51963e-06
 Reference value :  2.52013e-06
 Reference value :  2.52067e-06
 Reference value :  2.52121e-06
 Reference value :  2.52171e-06
 Reference value :  2.52223e-06
 Reference value :  2.52277e-06
 Reference value :  2.52331e-06
 Reference value :  2.52381e-06
 Reference value :  2.52433e-06
 Reference value :  2.52489e-06
 Reference value :  2.52539e-06
 Reference value :  2.52591e-06
 Reference value :  2.52643e-06
 Reference value :  2.52695e-06
 Reference value :  2.52749e-06
 Reference value :  2.52803e-06
 Reference value :  2.52855e-06
 Reference value :  2.52907e-06
 Reference value :  2.52959e-06
 Reference value :  2.53011e-06
 Reference value :  2.53061e-06
 Reference value :  2.53115e-06
 Reference value :  2.53165e-06
 Reference value :  2.53217e-06
 Reference value :  2.53265e-06
 Reference value :  2.53317e-06
 Reference value :  2.53369e-06
 Reference value :  2.53423e-06
 Reference value :  2.53473e-06
 Reference value :  2.53525e-06
 Reference value :  2.53577e-06
 Reference value :  2.53631e-06
 Reference value :  2.53681e-06
 Reference value :  2.53735e-06
 Reference value :  2.53787e-06
 Reference value :  2.53839e-06
 Reference value :  2.53893e-06
 Reference value :  2.53945e-06
 Reference value :  2.53997e-06
 Reference value :  2.54049e-06
 Reference value :  2.54099e-06
 Reference value :  2.54149e-06
 Reference value :  2.54199e-06
 Reference value :  2.54251e-06
 Reference value :  2.54303e-06
 Reference value :  2.54357e-06
 Reference value :  2.54409e-06
 Reference value :  2.54459e-06
 Reference value :  2.54509e-06
 Reference value :  2.54561e-06
 Reference value :  2.54611e-06
 Reference value :  2.54665e-06
 Reference value :  2.54717e-06
 Reference value :  2.54767e-06
 Reference value :  2.54819e-06
 Reference value :  2.54871e-06
 Reference value :  2.54921e-06
 Reference value :  2.54973e-06
 Reference value :  2.55023e-06
 Reference value :  2.55077e-06
 Reference value :  2.55129e-06
 Reference value :  2.55181e-06
 Reference value :  2.55233e-06
 Reference value :  2.55283e-06
 Reference value :  2.55335e-06
 Reference value :  2.55387e-06
 Reference value :  2.55437e-06
 Reference value :  2.55489e-06
 Reference value :  2.55539e-06
 Reference value :  2.55589e-06
 Reference value :  2.55641e-06
 Reference value :  2.55695e-06
 Reference value :  2.55749e-06
 Reference value :  2.55799e-06
 Reference value :  2.55851e-06
 Reference value :  2.55903e-06
 Reference value :  2.55955e-06
 Reference value :  2.56009e-06
 Reference value :  2.56063e-06
 Reference value :  2.56115e-06
 Reference value :  2.56165e-06
 Reference value :  2.56217e-06
 Reference value :  2.56269e-06
 Reference value :  2.56321e-06
 Reference value :  2.56373e-06
 Reference value :  2.56425e-06
 Reference value :  2.56479e-06
 Reference value :  2.56533e-06
 Reference value :  2.56585e-06
 Reference value :  2.56637e-06
 Reference value :  2.56689e-06
 Reference value :  2.56743e-06
 Reference value :  2.56793e-06
 Reference value :  2.56845e-06
 Reference value :  2.56897e-06
 Reference value :  2.56949e-06
 Reference value :  2.56999e-06
 Reference value :  2.57049e-06
 Reference value :  2.57101e-06
 Reference value :  2.57153e-06
 Reference value :  2.57205e-06
 Reference value :  2.57257e-06
 Reference value :  2.57309e-06
 Reference value :  2.57361e-06
 Reference value :  2.57413e-06
 Reference value :  2.57463e-06
 Reference value :  2.57515e-06
 Reference value :  2.57567e-06
 Reference value :  2.57619e-06
 Reference value :  2.57671e-06
 Reference value :  2.57721e-06
 Reference value :  2.57773e-06
 Reference value :  2.57823e-06
 Reference value :  2.57877e-06
 Reference value :  2.57929e-06
 Reference value :  2.57981e-06
 Reference value :  2.58035e-06
 Reference value :  2.58085e-06
 Reference value :  2.58141e-06
 Reference value :  2.58193e-06
 Reference value :  2.58245e-06
 Reference value :  2.58297e-06
 Reference value :  2.58349e-06
 Reference value :  2.58401e-06
 Reference value :  2.58453e-06
 Reference value :  2.58505e-06
 Reference value :  2.58559e-06
 Reference value :  2.58611e-06
 Reference value :  2.58665e-06
 Reference value :  2.58717e-06
 Reference value :  2.58767e-06
 Reference value :  2.58819e-06
 Reference value :  2.58871e-06
 Reference value :  2.58923e-06
 Reference value :  2.58975e-06
 Reference value :  2.59027e-06
 Reference value :  2.59081e-06
 Reference value :  2.59133e-06
 Reference value :  2.59185e-06
 Reference value :  2.59237e-06
 Reference value :  2.59289e-06
 Reference value :  2.59341e-06
 Reference value :  2.59391e-06
 Reference value :  2.59441e-06
 Reference value :  2.59495e-06
 Reference value :  2.59547e-06
 Reference value :  2.59597e-06
 Reference value :  2.59651e-06
 Reference value :  2.59701e-06
 Reference value :  2.59751e-06
 Reference value :  2.59803e-06
 Reference value :  2.59855e-06
 Reference value :  2.59909e-06
 Reference value :  2.59961e-06
 Reference value :  2.60013e-06
 Reference value :  2.60067e-06
 Reference value :  2.60119e-06
 Reference value :  2.60171e-06
 Reference value :  2.60223e-06
 Reference value :  2.60275e-06
 Reference value :  2.60327e-06
 Reference value :  2.60379e-06
 Reference value :  2.60431e-06
 Reference value :  2.60481e-06
 Reference value :  2.60533e-06
 Reference value :  2.60585e-06
 Reference value :  2.60639e-06
 Reference value :  2.60691e-06
 Reference value :  2.60741e-06
 Reference value :  2.60793e-06
 Reference value :  2.60845e-06
 Reference value :  2.60899e-06
 Reference value :  2.60953e-06
 Reference value :  2.61005e-06
 Reference value :  2.61057e-06
 Reference value :  2.61109e-06
 Reference value :  2.61161e-06
 Reference value :  2.61213e-06
 Reference value :  2.61265e-06
 Reference value :  2.61319e-06
 Reference value :  2.61373e-06
 Reference value :  2.61425e-06
 Reference value :  2.61479e-06
 Reference value :  2.61531e-06
 Reference value :  2.61585e-06
 Reference value :  2.61637e-06
 Reference value :  2.61689e-06
 Reference value :  2.61739e-06
 Reference value :  2.61791e-06
 Reference value :  2.61843e-06
 Reference value :  2.61893e-06
 Reference value :  2.61943e-06
 Reference value :  2.61993e-06
 Reference value :  2.62045e-06
 Reference value :  2.62095e-06
 Reference value :  2.62145e-06
 Reference value :  2.62197e-06
 Reference value :  2.62249e-06
 Reference value :  2.62299e-06
 Reference value :  2.62351e-06
 Reference value :  2.62403e-06
 Reference value :  2.62453e-06
 Reference value :  2.62505e-06
 Reference value :  2.62557e-06
 Reference value :  2.62609e-06
 Reference value :  2.62665e-06
 Reference value :  2.62717e-06
 Reference value :  2.62769e-06
 Reference value :  2.62821e-06
 Reference value :  2.62873e-06
 Reference value :  2.62923e-06
 Reference value :  2.62971e-06
 Reference value :  2.63023e-06
 Reference value :  2.63075e-06
 Reference value :  2.63125e-06
 Reference value :  2.63177e-06
 Reference value :  2.63229e-06
 Reference value :  2.63281e-06
 Reference value :  2.63333e-06
 Reference value :  2.63383e-06
 Reference value :  2.63437e-06
 Reference value :  2.63489e-06
 Reference value :  2.63541e-06
 Reference value :  2.63591e-06
 Reference value :  2.63645e-06
 Reference value :  2.63697e-06
 Reference value :  2.63751e-06
 Reference value :  2.63801e-06
 Reference value :  2.63853e-06
 Reference value :  2.63905e-06
 Reference value :  2.63957e-06
 Reference value :  2.64009e-06
 Reference value :  2.64061e-06
 Reference value :  2.64111e-06
 Reference value :  2.64165e-06
 Reference value :  2.64215e-06
 Reference value :  2.64265e-06
 Reference value :  2.64317e-06
 Reference value :  2.64367e-06
 Reference value :  2.64419e-06
 Reference value :  2.64469e-06
 Reference value :  2.64523e-06
 Reference value :  2.64575e-06
 Reference value :  2.64627e-06
 Reference value :  2.64679e-06
 Reference value :  2.64729e-06
 Reference value :  2.64781e-06
 Reference value :  2.64833e-06
 Reference value :  2.64885e-06
 Reference value :  2.64939e-06
 Reference value :  2.64991e-06
 Reference value :  2.65043e-06
 Reference value :  2.65095e-06
 Reference value :  2.65147e-06
 Reference value :  2.65199e-06
 Reference value :  2.65251e-06
 Reference value :  2.65301e-06
 Reference value :  2.65355e-06
 Reference value :  2.65407e-06
 Reference value :  2.65459e-06
 Reference value :  2.65511e-06
 Reference value :  2.65563e-06
 Reference value :  2.65615e-06
 Reference value :  2.65667e-06
 Reference value :  2.65721e-06
 Reference value :  2.65773e-06
 Reference value :  2.65825e-06
 Reference value :  2.65879e-06
 Reference value :  2.65931e-06
 Reference value :  2.65981e-06
 Reference value :  2.66033e-06
 Reference value :  2.66085e-06
 Reference value :  2.66137e-06
 Reference value :  2.66189e-06
 Reference value :  2.66241e-06
 Reference value :  2.66293e-06
 Reference value :  2.66343e-06
 Reference value :  2.66397e-06
 Reference value :  2.66447e-06
 Reference value :  2.66501e-06
 Reference value :  2.66553e-06
 Reference value :  2.66605e-06
 Reference value :  2.66657e-06
 Reference value :  2.66707e-06
 Reference value :  2.66759e-06
 Reference value :  2.66813e-06
 Reference value :  2.66865e-06
 Reference value :  2.66917e-06
 Reference value :  2.66967e-06
 Reference value :  2.67017e-06
 Reference value :  2.67069e-06
 Reference value :  2.67119e-06
 Reference value :  2.67171e-06
 Reference value :  2.67223e-06
 Reference value :  2.67273e-06
 Reference value :  2.67327e-06
 Reference value :  2.67379e-06
 Reference value :  2.67429e-06
 Reference value :  2.67483e-06
 Reference value :  2.67535e-06
 Reference value :  2.67585e-06
 Reference value :  2.67637e-06
 Reference value :  2.67689e-06
 Reference value :  2.67741e-06
 Reference value :  2.67795e-06
 Reference value :  2.67847e-06
 Reference value :  2.67899e-06
 Reference value :  2.67951e-06
 Reference value :  2.68005e-06
 Reference value :  2.68055e-06
 Reference value :  2.68107e-06
 Reference value :  2.68159e-06
 Reference value :  2.68211e-06
 Reference value :  2.68261e-06
 Reference value :  2.68313e-06
 Reference value :  2.68365e-06
 Reference value :  2.68417e-06
 Reference value :  2.68469e-06
 Reference value :  2.68521e-06
 Reference value :  2.68571e-06
 Reference value :  2.68625e-06
 Reference value :  2.68677e-06
 Reference value :  2.68731e-06
 Reference value :  2.68783e-06
 Reference value :  2.68837e-06
 Reference value :  2.68889e-06
 Reference value :  2.68941e-06
 Reference value :  2.68991e-06
 Reference value :  2.69043e-06
 Reference value :  2.69095e-06
 Reference value :  2.69147e-06
 Reference value :  2.69199e-06
 Reference value :  2.69251e-06
 Reference value :  2.69303e-06
 Reference value :  2.69355e-06
 Reference value :  2.69405e-06
 Reference value :  2.69457e-06
 Reference value :  2.69509e-06
 Reference value :  2.69563e-06
 Reference value :  2.69615e-06
 Reference value :  2.69669e-06
 Reference value :  2.69721e-06
 Reference value :  2.69773e-06
 Reference value :  2.69825e-06
 Reference value :  2.69877e-06
 Reference value :  2.69929e-06
 Reference value :  2.69979e-06
 Reference value :  2.70031e-06
 Reference value :  2.70083e-06
 Reference value :  2.70135e-06
 Reference value :  2.70187e-06
 Reference value :  2.70239e-06
 Reference value :  2.70291e-06
 Reference value :  2.70343e-06
 Reference value :  2.70395e-06
 Reference value :  2.70447e-06
 Reference value :  2.70499e-06
 Reference value :  2.70549e-06
 Reference value :  2.70599e-06
 Reference value :  2.70651e-06
 Reference value :  2.70703e-06
 Reference value :  2.70753e-06
 Reference value :  2.70803e-06
 Reference value :  2.70853e-06
 Reference value :  2.70903e-06
 Reference value :  2.70955e-06
 Reference value :  2.71005e-06
 Reference value :  2.71059e-06
 Reference value :  2.71111e-06
 Reference value :  2.71163e-06
 Reference value :  2.71217e-06
 Reference value :  2.71269e-06
 Reference value :  2.71319e-06
 Reference value :  2.71369e-06
 Reference value :  2.71421e-06
 Reference value :  2.71471e-06
 Reference value :  2.71525e-06
 Reference value :  2.71577e-06
 Reference value :  2.71625e-06
 Reference value :  2.71677e-06
 Reference value :  2.71729e-06
 Reference value :  2.71781e-06
 Reference value :  2.71835e-06
 Reference value :  2.71887e-06
 Reference value :  2.71937e-06
 Reference value :  2.71987e-06
 Reference value :  2.72037e-06
 Reference value :  2.72089e-06
 Reference value :  2.72141e-06
 Reference value :  2.72193e-06
 Reference value :  2.72245e-06
 Reference value :  2.72297e-06
 Reference value :  2.72351e-06
 Reference value :  2.72401e-06
 Reference value :  2.72453e-06
 Reference value :  2.72503e-06
 Reference value :  2.72553e-06
 Reference value :  2.72605e-06
 Reference value :  2.72659e-06
 Reference value :  2.72711e-06
 Reference value :  2.72761e-06
 Reference value :  2.72813e-06
 Reference value :  2.72863e-06
 Reference value :  2.72915e-06
 Reference value :  2.72969e-06
 Reference value :  2.73019e-06
 Reference value :  2.73071e-06
 Reference value :  2.73123e-06
 Reference value :  2.73175e-06
 Reference value :  2.73223e-06
 Reference value :  2.73275e-06
 Reference value :  2.73327e-06
 Reference value :  2.73381e-06
 Reference value :  2.73431e-06
 Reference value :  2.73483e-06
 Reference value :  2.73537e-06
 Reference value :  2.73589e-06
 Reference value :  2.73639e-06
 Reference value :  2.73689e-06
 Reference value :  2.73741e-06
 Reference value :  2.73793e-06
 Reference value :  2.73843e-06
 Reference value :  2.73893e-06
 Reference value :  2.73945e-06
 Reference value :  2.73997e-06
 Reference value :  2.74047e-06
 Reference value :  2.74101e-06
 Reference value :  2.74153e-06
 Reference value :  2.74205e-06
 Reference value :  2.74257e-06
 Reference value :  2.74311e-06
 Reference value :  2.74363e-06
 Reference value :  2.74415e-06
 Reference value :  2.74465e-06
 Reference value :  2.74517e-06
 Reference value :  2.74569e-06
 Reference value :  2.74621e-06
 Reference value :  2.74673e-06
 Reference value :  2.74723e-06
 Reference value :  2.74773e-06
 Reference value :  2.74825e-06
 Reference value :  2.74875e-06
 Reference value :  2.74927e-06
 Reference value :  2.74979e-06
 Reference value :  2.75031e-06
 Reference value :  2.75081e-06
 Reference value :  2.75133e-06
 Reference value :  2.75185e-06
 Reference value :  2.75237e-06
 Reference value :  2.75289e-06
 Reference value :  2.75339e-06
 Reference value :  2.75391e-06
 Reference value :  2.75441e-06
 Reference value :  2.75493e-06
 Reference value :  2.75541e-06
 Reference value :  2.75591e-06
 Reference value :  2.75645e-06
 Reference value :  2.75699e-06
 Reference value :  2.75751e-06
 Reference value :  2.75803e-06
 Reference value :  2.75855e-06
 Reference value :  2.75905e-06
 Reference value :  2.75957e-06
 Reference value :  2.76009e-06
 Reference value :  2.76059e-06
 Reference value :  2.76111e-06
 Reference value :  2.76161e-06
 Reference value :  2.76213e-06
 Reference value :  2.76265e-06
 Reference value :  2.76317e-06
 Reference value :  2.76369e-06
 Reference value :  2.76423e-06
 Reference value :  2.76475e-06
 Reference value :  2.76527e-06
 Reference value :  2.76577e-06
 Reference value :  2.76629e-06
 Reference value :  2.76681e-06
 Reference value :  2.76733e-06
 Reference value :  2.76783e-06
 Reference value :  2.76837e-06
 Reference value :  2.76889e-06
 Reference value :  2.76941e-06
 Reference value :  2.76993e-06
 Reference value :  2.77047e-06
 Reference value :  2.77099e-06
 Reference value :  2.77153e-06
 Reference value :  2.77205e-06
 Reference value :  2.77259e-06
 Reference value :  2.77311e-06
 Reference value :  2.77363e-06
 Reference value :  2.77415e-06
 Reference value :  2.77467e-06
 Reference value :  2.77519e-06
 Reference value :  2.77571e-06
 Reference value :  2.77623e-06
 Reference value :  2.77675e-06
 Reference value :  2.77729e-06
 Reference value :  2.77779e-06
 Reference value :  2.77831e-06
 Reference value :  2.77885e-06
 Reference value :  2.77937e-06
 Reference value :  2.77989e-06
 Reference value :  2.78039e-06
 Reference value :  2.78089e-06
 Reference value :  2.78141e-06
 Reference value :  2.78193e-06
 Reference value :  2.78245e-06
 Reference value :  2.78297e-06
 Reference value :  2.78349e-06
 Reference value :  2.78401e-06
 Reference value :  2.78453e-06
 Reference value :  2.78505e-06
 Reference value :  2.78557e-06
 Reference value :  2.78609e-06
 Reference value :  2.78661e-06
 Reference value :  2.78713e-06
 Reference value :  2.78765e-06
 Reference value :  2.78817e-06
 Reference value :  2.78869e-06
 Reference value :  2.78921e-06
 Reference value :  2.78973e-06
 Reference value :  2.79025e-06
 Reference value :  2.79077e-06
 Reference value :  2.79129e-06
 Reference value :  2.79181e-06
 Reference value :  2.79233e-06
 Reference value :  2.79285e-06
 Reference value :  2.79339e-06
 Reference value :  2.79391e-06
 Reference value :  2.79443e-06
 Reference value :  2.79493e-06
 Reference value :  2.79545e-06
 Reference value :  2.79597e-06
 Reference value :  2.79649e-06
 Reference value :  2.79701e-06
 Reference value :  2.79753e-06
 Reference value :  2.79805e-06
 Reference value :  2.79855e-06
 Reference value :  2.79905e-06
 Reference value :  2.79957e-06
 Reference value :  2.80007e-06
 Reference value :  2.80057e-06
 Reference value :  2.80109e-06
 Reference value :  2.80163e-06
 Reference value :  2.80213e-06
 Reference value :  2.80265e-06
 Reference value :  2.80317e-06
 Reference value :  2.80369e-06
 Reference value :  2.80421e-06
 Reference value :  2.80473e-06
 Reference value :  2.80523e-06
 Reference value :  2.80575e-06
 Reference value :  2.80627e-06
 Reference value :  2.80677e-06
 Reference value :  2.80729e-06
 Reference value :  2.80779e-06
 Reference value :  2.80831e-06
 Reference value :  2.80883e-06
 Reference value :  2.80935e-06
 Reference value :  2.80987e-06
 Reference value :  2.81039e-06
 Reference value :  2.81091e-06
 Reference value :  2.81147e-06
 Reference value :  2.81199e-06
 Reference value :  2.81251e-06
 Reference value :  2.81303e-06
 Reference value :  2.81357e-06
 Reference value :  2.81409e-06
 Reference value :  2.81461e-06
 Reference value :  2.81513e-06
 Reference value :  2.81565e-06
 Reference value :  2.81619e-06
 Reference value :  2.81671e-06
 Reference value :  2.81723e-06
 Reference value :  2.81775e-06
 Reference value :  2.81825e-06
 Reference value :  2.81877e-06
 Reference value :  2.81929e-06
 Reference value :  2.81981e-06
 Reference value :  2.82033e-06
 Reference value :  2.82085e-06
 Reference value :  2.82137e-06
 Reference value :  2.82191e-06
 Reference value :  2.82241e-06
 Reference value :  2.82293e-06
 Reference value :  2.82347e-06
 Reference value :  2.82397e-06
 Reference value :  2.82449e-06
 Reference value :  2.82503e-06
 Reference value :  2.82555e-06
 Reference value :  2.82603e-06
 Reference value :  2.82653e-06
 Reference value :  2.82705e-06
 Reference value :  2.82755e-06
 Reference value :  2.82807e-06
 Reference value :  2.82859e-06
 Reference value :  2.82909e-06
 Reference value :  2.82961e-06
 Reference value :  2.83013e-06
 Reference value :  2.83065e-06
 Reference value :  2.83117e-06
 Reference value :  2.83169e-06
 Reference value :  2.83223e-06
 Reference value :  2.83275e-06
 Reference value :  2.83329e-06
 Reference value :  2.83381e-06
 Reference value :  2.83433e-06
 Reference value :  2.83485e-06
 Reference value :  2.83537e-06
 Reference value :  2.83589e-06
 Reference value :  2.83641e-06
 Reference value :  2.83693e-06
 Reference value :  2.83745e-06
 Reference value :  2.83797e-06
 Reference value :  2.83849e-06
 Reference value :  2.83901e-06
 Reference value :  2.83951e-06
 Reference value :  2.84001e-06
 Reference value :  2.84053e-06
 Reference value :  2.84105e-06
 Reference value :  2.84155e-06
 Reference value :  2.84205e-06
 Reference value :  2.84257e-06
 Reference value :  2.84309e-06
 Reference value :  2.84363e-06
 Reference value :  2.84415e-06
 Reference value :  2.84469e-06
 Reference value :  2.84521e-06
 Reference value :  2.84573e-06
 Reference value :  2.84623e-06
 Reference value :  2.84675e-06
 Reference value :  2.84729e-06
 Reference value :  2.84781e-06
 Reference value :  2.84835e-06
 Reference value :  2.84887e-06
 Reference value :  2.84939e-06
 Reference value :  2.84991e-06
 Reference value :  2.85041e-06
 Reference value :  2.85095e-06
 Reference value :  2.85149e-06
 Reference value :  2.85201e-06
 Reference value :  2.85255e-06
 Reference value :  2.85307e-06
 Reference value :  2.85357e-06
 Reference value :  2.85409e-06
 Reference value :  2.85461e-06
 Reference value :  2.85513e-06
 Reference value :  2.85565e-06
 Reference value :  2.85617e-06
 Reference value :  2.85669e-06
 Reference value :  2.85721e-06
 Reference value :  2.85773e-06
 Reference value :  2.85825e-06
 Reference value :  2.85877e-06
 Reference value :  2.85929e-06
 Reference value :  2.85981e-06
 Reference value :  2.86033e-06
 Reference value :  2.86085e-06
 Reference value :  2.86135e-06
 Reference value :  2.86187e-06
 Reference value :  2.86237e-06
 Reference value :  2.86287e-06
 Reference value :  2.86339e-06
 Reference value :  2.86391e-06
 Reference value :  2.86443e-06
 Reference value :  2.86495e-06
 Reference value :  2.86547e-06
 Reference value :  2.86601e-06
 Reference value :  2.86651e-06
 Reference value :  2.86701e-06
 Reference value :  2.86753e-06
 Reference value :  2.86805e-06
 Reference value :  2.86859e-06
 Reference value :  2.86913e-06
 Reference value :  2.86965e-06
 Reference value :  2.87017e-06
 Reference value :  2.87071e-06
 Reference value :  2.87123e-06
 Reference value :  2.87175e-06
 Reference value :  2.87225e-06
 Reference value :  2.87277e-06
 Reference value :  2.87327e-06
 Reference value :  2.87379e-06
 Reference value :  2.87431e-06
 Reference value :  2.87483e-06
 Reference value :  2.87533e-06
 Reference value :  2.87585e-06
 Reference value :  2.87637e-06
 Reference value :  2.87689e-06
 Reference value :  2.87741e-06
 Reference value :  2.87791e-06
 Reference value :  2.87843e-06
 Reference value :  2.87897e-06
 Reference value :  2.87947e-06
 Reference value :  2.87999e-06
 Reference value :  2.88051e-06
 Reference value :  2.88103e-06
 Reference value :  2.88155e-06
 Reference value :  2.88207e-06
 Reference value :  2.88259e-06
 Reference value :  2.88313e-06
 Reference value :  2.88363e-06
 Reference value :  2.88415e-06
 Reference value :  2.88467e-06
 Reference value :  2.88519e-06
 Reference value :  2.88569e-06
 Reference value :  2.88621e-06
 Reference value :  2.88675e-06
 Reference value :  2.88727e-06
 Reference value :  2.88781e-06
 Reference value :  2.88833e-06
 Reference value :  2.88885e-06
 Reference value :  2.88935e-06
 Reference value :  2.88987e-06
 Reference value :  2.89041e-06
 Reference value :  2.89093e-06
 Reference value :  2.89145e-06
 Reference value :  2.89199e-06
 Reference value :  2.89251e-06
 Reference value :  2.89303e-06
 Reference value :  2.89355e-06
 Reference value :  2.89405e-06
 Reference value :  2.89457e-06
 Reference value :  2.89509e-06
 Reference value :  2.89561e-06
 Reference value :  2.89611e-06
 Reference value :  2.89661e-06
 Reference value :  2.89715e-06
 Reference value :  2.89767e-06
 Reference value :  2.89817e-06
 Reference value :  2.89869e-06
 Reference value :  2.89921e-06
 Reference value :  2.89973e-06
 Reference value :  2.90025e-06
 Reference value :  2.90077e-06
 Reference value :  2.90129e-06
 Reference value :  2.90183e-06
 Reference value :  2.90235e-06
 Reference value :  2.90287e-06
 Reference value :  2.90337e-06
 Reference value :  2.90389e-06
 Reference value :  2.90441e-06
 Reference value :  2.90493e-06
 Reference value :  2.90541e-06
 Reference value :  2.90593e-06
 Reference value :  2.90643e-06
 Reference value :  2.90693e-06
 Reference value :  2.90745e-06
 Reference value :  2.90797e-06
 Reference value :  2.90849e-06
 Reference value :  2.90901e-06
 Reference value :  2.90953e-06
 Reference value :  2.91005e-06
 Reference value :  2.91057e-06
 Reference value :  2.91107e-06
 Reference value :  2.91159e-06
 Reference value :  2.91211e-06
 Reference value :  2.91263e-06
 Reference value :  2.91313e-06
 Reference value :  2.91365e-06
 Reference value :  2.91417e-06
 Reference value :  2.91469e-06
 Reference value :  2.91521e-06
 Reference value :  2.91573e-06
 Reference value :  2.91625e-06
 Reference value :  2.91677e-06
 Reference value :  2.91729e-06
 Reference value :  2.91781e-06
 Reference value :  2.91831e-06
 Reference value :  2.91881e-06
 Reference value :  2.91933e-06
 Reference value :  2.91983e-06
 Reference value :  2.92035e-06
 Reference value :  2.92085e-06
 Reference value :  2.92137e-06
 Reference value :  2.92189e-06
 Reference value :  2.92241e-06
 Reference value :  2.92293e-06
 Reference value :  2.92343e-06
 Reference value :  2.92395e-06
 Reference value :  2.92447e-06
 Reference value :  2.92499e-06
 Reference value :  2.92551e-06
 Reference value :  2.92603e-06
 Reference value :  2.92655e-06
 Reference value :  2.92705e-06
 Reference value :  2.92755e-06
 Reference value :  2.92807e-06
 Reference value :  2.92857e-06
 Reference value :  2.92909e-06
 Reference value :  2.92959e-06
 Reference value :  2.93009e-06
 Reference value :  2.93059e-06
 Reference value :  2.93111e-06
 Reference value :  2.93163e-06
 Reference value :  2.93215e-06
 Reference value :  2.93265e-06
 Reference value :  2.93317e-06
 Reference value :  2.93369e-06
 Reference value :  2.93421e-06
 Reference value :  2.93473e-06
 Reference value :  2.93525e-06
 Reference value :  2.93577e-06
 Reference value :  2.93629e-06
 Reference value :  2.93681e-06
 Reference value :  2.93733e-06
 Reference value :  2.93787e-06
 Reference value :  2.93839e-06
 Reference value :  2.93889e-06
 Reference value :  2.93941e-06
 Reference value :  2.93991e-06
 Reference value :  2.94043e-06
 Reference value :  2.94095e-06
 Reference value :  2.94149e-06
 Reference value :  2.94203e-06
 Reference value :  2.94255e-06
 Reference value :  2.94307e-06
 Reference value :  2.94357e-06
 Reference value :  2.94409e-06
 Reference value :  2.94461e-06
 Reference value :  2.94513e-06
 Reference value :  2.94565e-06
 Reference value :  2.94617e-06
 Reference value :  2.94669e-06
 Reference value :  2.94721e-06
 Reference value :  2.94773e-06
 Reference value :  2.94825e-06
 Reference value :  2.94879e-06
 Reference value :  2.94931e-06
 Reference value :  2.94983e-06
 Reference value :  2.95033e-06
 Reference value :  2.95085e-06
 Reference value :  2.95137e-06
 Reference value :  2.95189e-06
 Reference value :  2.95241e-06
 Reference value :  2.95291e-06
 Reference value :  2.95343e-06
 Reference value :  2.95395e-06
 Reference value :  2.95447e-06
 Reference value :  2.95499e-06
 Reference value :  2.95551e-06
 Reference value :  2.95603e-06
 Reference value :  2.95655e-06
 Reference value :  2.95705e-06
 Reference value :  2.95757e-06
 Reference value :  2.95809e-06
 Reference value :  2.95861e-06
 Reference value :  2.95913e-06
 Reference value :  2.95963e-06
 Reference value :  2.96015e-06
 Reference value :  2.96067e-06
 Reference value :  2.96119e-06
 Reference value :  2.96173e-06
 Reference value :  2.96225e-06
 Reference value :  2.96277e-06
 Reference value :  2.96327e-06
 Reference value :  2.96379e-06
 Reference value :  2.96431e-06
 Reference value :  2.96483e-06
 Reference value :  2.96535e-06
 Reference value :  2.96587e-06
 Reference value :  2.96637e-06
 Reference value :  2.96689e-06
 Reference value :  2.96743e-06
 Reference value :  2.96795e-06
 Reference value :  2.96849e-06
 Reference value :  2.96903e-06
 Reference value :  2.96953e-06
 Reference value :  2.97007e-06
 Reference value :  2.97061e-06
 Reference value :  2.97113e-06
 Reference value :  2.97165e-06
 Reference value :  2.97215e-06
 Reference value :  2.97269e-06
 Reference value :  2.97319e-06
 Reference value :  2.97369e-06
 Reference value :  2.97421e-06
 Reference value :  2.97475e-06
 Reference value :  2.97525e-06
 Reference value :  2.97577e-06
 Reference value :  2.97629e-06
 Reference value :  2.97681e-06
 Reference value :  2.97731e-06
 Reference value :  2.97783e-06
 Reference value :  2.97835e-06
 Reference value :  2.97887e-06
 Reference value :  2.97939e-06
 Reference value :  2.97991e-06
 Reference value :  2.98043e-06
 Reference value :  2.98093e-06
 Reference value :  2.98145e-06
 Reference value :  2.98197e-06
 Reference value :  2.98249e-06
 Reference value :  2.98299e-06
 Reference value :  2.98353e-06
 Reference value :  2.98405e-06
 Reference value :  2.98457e-06
 Reference value :  2.98509e-06
 Reference value :  2.98563e-06
 Reference value :  2.98617e-06
 Reference value :  2.98669e-06
 Reference value :  2.98721e-06
 Reference value :  2.98773e-06
 Reference value :  2.98825e-06
 Reference value :  2.98877e-06
 Reference value :  2.98931e-06
 Reference value :  2.98983e-06
 Reference value :  2.99035e-06
 Reference value :  2.99087e-06
 Reference value :  2.99139e-06
 Reference value :  2.99191e-06
 Reference value :  2.99243e-06
 Reference value :  2.99297e-06
 Reference value :  2.99349e-06
 Reference value :  2.99401e-06
 Reference value :  2.99455e-06
 Reference value :  2.99509e-06
 Reference value :  2.99561e-06
 Reference value :  2.99613e-06
 Reference value :  2.99665e-06
 Reference value :  2.99717e-06
 Reference value :  2.99769e-06
 Reference value :  2.99821e-06
 Reference value :  2.99871e-06
 Reference value :  2.99925e-06
 Reference value :  2.99979e-06
No. of Data Rows : 150008
t1                  =  1.50890e-06
t2                  =  1.53622e-06
t9                  =  1.72745e-06
vout_avg            =  5.91849e-01 from=  1.50000e-06 to=  3.00000e-06
Note: Simulation executed from .control section 
Note: Starting dynamic gmin stepping
Note: Dynamic gmin stepping completed
Note: Starting dynamic gmin stepping
Note: Dynamic gmin stepping completed
